replicate,inference_route,calibration,route_valid,route_reason,beta_hat,se,ucb,lcb,beta_min,p_infer_less,p_infer_greater,p_rand_less,p_rand_greater,p_seq_less,p_seq_greater,log_e_seq_less,log_e_seq_greater,sigma_tau_design,sigma_tau_eff,N,nbar_ret,sigma_blind,leak_excursion,leak_fired,delivery_p99_ms,delivery_fired,retention_imbalance,retention_fired,balance_fired,gate_required,gate_audited,gate_passed,collider_inter_z,collider_smd,collider_rank_z,collider_fired,decision
0,assignment_isolation,plus_one_randomisation,True,ok,15.170886622385026,4.579516762822814,22.874019153057468,7.5550592074083935,29.473163027138224,1.0,0.001,1.0,0.001,,,,,0.007071067811865475,0.007071067811865475,24,95.91666666666667,1.020537086429418,0.01106793976896486,False,0.49726507670561737,False,0.028472222222222232,False,False,0.13201407231933857,0.028472222222222232,True,0.23599526122486386,0.10654056269409762,1.6728853754247368,False,forward_only_adequate
1,assignment_isolation,plus_one_randomisation,True,ok,25.14585994582526,3.2348378592935902,31.177052662029855,19.887304505865508,28.818510854456562,1.0,0.001,1.0,0.001,,,,,0.007071067811865475,0.007071067811865475,24,96.91666666666667,1.003057377487587,0.003137112333126799,False,0.4989673297170602,False,0.030902777777777724,False,False,0.24256674499594794,0.030902777777777724,True,0.6753890891428797,0.08209464084154883,3.9769989631149962,False,forward_only_adequate
2,assignment_isolation,plus_one_randomisation,True,ok,15.637223686791605,3.3595467389994074,21.029699928737564,9.836888125694347,29.172952025291345,1.0,0.001,1.0,0.001,,,,,0.007071067811865475,0.007071067811865475,24,96.08333333333333,1.0110192272425989,0.030151881674740283,False,0.525818035206004,False,0.023958333333333304,False,False,0.13835041840978166,0.023958333333333304,True,-0.4892035502476766,0.16170040602913285,1.028555791009559,False,forward_only_adequate
3,assignment_isolation,plus_one_randomisation,True,ok,18.591502620293685,2.3817080772532484,22.381269081750187,14.38410207847091,28.882110183301904,1.0,0.001,1.0,0.001,,,,,0.007071067811865475,0.007071067811865475,24,95.79166666666667,0.9994194376153933,0.018877973359677495,False,0.47247468892288863,False,0.019444444444444486,False,False,0.17190765381338916,0.019444444444444486,True,0.3029480622091844,0.2358948805043372,3.2737601550062885,False,forward_only_adequate
4,assignment_isolation,plus_one_randomisation,True,ok,17.108004613058213,3.4490874456357554,23.10168972713339,11.009577248362529,30.109890865412464,1.0,0.001,1.0,0.001,,,,,0.007071067811865475,0.007071067811865475,24,94.79166666666667,1.0364521757021534,0.006663311649173576,False,0.5173118647554336,False,0.03472222222222221,False,False,0.14938859642377622,0.03472222222222221,True,1.2375878793492627,0.1816031863646007,2.424803735119857,False,forward_only_adequate
5,assignment_isolation,plus_one_randomisation,True,ok,18.67056040670159,3.937944079477893,25.16806981813796,11.376091061977686,30.137943236776003,1.0,0.001,1.0,0.001,,,,,0.007071067811865475,0.007071067811865475,24,95.08333333333333,1.0390126048530173,0.0035356457142505827,False,0.495475193860948,False,0.018402777777777768,False,False,0.1650769991240405,0.018402777777777768,True,-2.5753936290639245,0.23383538134528908,2.077135560056072,False,forward_only_adequate
6,assignment_isolation,plus_one_randomisation,True,ok,21.566053477709264,3.5334560522815806,28.562687336575777,15.877365789832176,29.229048573739945,1.0,0.001,1.0,0.001,,,,,0.007071067811865475,0.007071067811865475,24,95.04166666666667,1.007457437293651,0.005724528238581778,False,0.5224852733105494,False,0.038541666666666696,False,False,0.20241899148132944,0.038541666666666696,True,0.5781408642760538,0.18919343127394422,2.9444577643862764,False,forward_only_adequate
7,assignment_isolation,plus_one_randomisation,True,ok,20.442515543699074,3.6879613553300423,27.20412703287453,14.304483416924535,28.99652673352174,1.0,0.001,1.0,0.001,,,,,0.007071067811865475,0.007071067811865475,24,97.08333333333333,1.0101208289101147,0.010382537752899783,False,0.5314082114820315,False,0.02604166666666663,False,False,0.18966241062725891,0.02604166666666663,True,0.29954659630493313,0.19302322099909278,2.379205055304187,False,forward_only_adequate
8,assignment_isolation,plus_one_randomisation,True,ok,16.4132014579828,4.839767421758689,25.681059515733203,8.328747312733004,29.06077710792372,1.0,0.001,1.0,0.001,,,,,0.007071067811865475,0.007071067811865475,24,96.54166666666667,1.0095309221912363,0.015603887165769437,False,0.5304536328722591,False,0.03368055555555549,False,False,0.1467456411832358,0.03368055555555549,True,-0.22848345188847444,0.16944833605456375,2.8383585704664727,False,forward_only_adequate
9,assignment_isolation,plus_one_randomisation,True,ok,15.306030290562129,4.389028398155635,23.029354220682087,9.029401072168255,29.184334162216995,1.0,0.001,1.0,0.001,,,,,0.007071067811865475,0.007071067811865475,24,94.08333333333333,1.000831910210309,0.03194062059857029,False,0.5282121123493982,False,0.023611111111111138,False,False,0.13651820718392801,0.023611111111111138,True,-1.1960187033474166,0.2233357977998657,2.154881820860407,False,forward_only_adequate
10,assignment_isolation,plus_one_randomisation,True,ok,17.315534186860564,4.417841969385307,25.367397437872448,9.884966907963744,29.217438906931253,1.0,0.001,1.0,0.001,,,,,0.007071067811865475,0.007071067811865475,24,97.41666666666667,1.0195623360007346,0.023394363217221003,False,0.5121861755994299,False,0.023263888888888862,False,False,0.15448491328064576,0.023263888888888862,True,0.43184718892223645,0.1791542873100234,2.196799686446909,False,forward_only_adequate
11,assignment_isolation,plus_one_randomisation,True,ok,22.469923187524625,4.194045837630554,30.020244339887867,15.401997334503484,28.541825049006583,1.0,0.001,1.0,0.001,,,,,0.007071067811865475,0.007071067811865475,24,95.58333333333333,0.9865698342647504,0.009213267869047217,False,0.5315643836258637,False,0.03680555555555565,False,False,0.2174122656800357,0.03680555555555565,True,0.7779232430467307,0.2562786050824374,3.0240628230699125,False,forward_only_adequate
12,assignment_isolation,plus_one_randomisation,True,ok,17.563855958868555,4.6246482093046914,24.94394209634539,8.691149274520738,28.70826501345944,1.0,0.001,1.0,0.001,,,,,0.007071067811865475,0.007071067811865475,24,95.25,0.990591153856547,0.03339827667439942,False,0.5356250759779914,False,0.037847222222222254,False,False,0.16250548932531778,0.037847222222222254,True,-0.1300030131291332,0.1296480585585661,3.526548281368961,False,forward_only_adequate
13,assignment_isolation,plus_one_randomisation,True,ok,24.869468990893903,4.493891935928812,32.37750116751577,17.78447917688421,29.766699707047632,1.0,0.001,1.0,0.001,,,,,0.007071067811865475,0.007071067811865475,24,94.08333333333333,1.0208032420020101,0.029145232359400405,False,0.4925066752468627,False,0.04062500000000002,False,False,0.23481642027463076,0.04062500000000002,True,0.9407046332637098,0.15006864371493492,4.433889937475564,False,forward_only_adequate
14,assignment_isolation,plus_one_randomisation,True,ok,18.575557819202718,3.2209675344108364,24.24252356792252,12.983464949901132,28.64447962356644,1.0,0.001,1.0,0.001,,,,,0.007071067811865475,0.007071067811865475,24,96.66666666666667,0.9957133157993335,0.017947815181434075,False,0.5250725595953911,False,0.02604166666666663,False,False,0.17248331734377997,0.02604166666666663,True,-1.4891371569990028,0.18438245600143713,2.2802741087855556,False,forward_only_adequate
15,assignment_isolation,plus_one_randomisation,True,ok,23.750203211730938,3.6994058655153403,30.005764834761955,17.352231177893476,30.241165433455258,1.0,0.001,1.0,0.001,,,,,0.007071067811865475,0.007071067811865475,24,96.75,1.0516688665838851,0.0008160447354140187,False,0.5032932567438129,False,0.018055555555555602,False,False,0.2153029449849574,0.018055555555555602,True,-0.13934639725090095,0.13170609368068492,4.170190810608224,False,forward_only_adequate
16,assignment_isolation,plus_one_randomisation,True,ok,26.7662549269225,4.349957424646339,34.781583834757285,19.030779575821654,29.383465469116402,1.0,0.001,1.0,0.001,,,,,0.007071067811865475,0.007071067811865475,24,94.75,1.0112246107558036,0.03901509819241658,False,0.48357389586005195,False,0.025694444444444464,False,False,0.25790750088898157,0.025694444444444464,True,0.1036975082928756,0.22320874237700877,5.194053869871924,False,forward_only_adequate
17,assignment_isolation,plus_one_randomisation,True,ok,17.93340120295859,3.291577459019167,23.08456953308262,11.545062703144717,28.705400962255798,1.0,0.001,1.0,0.001,,,,,0.007071067811865475,0.007071067811865475,24,97.125,1.0001937581834237,0.010884116666134643,False,0.5057462353401584,False,0.014236111111111116,False,False,0.16465042645100747,0.014236111111111116,True,1.3084018207262258,0.1528124793695961,3.111521584094853,False,forward_only_adequate
18,assignment_isolation,plus_one_randomisation,True,ok,15.737502638469737,2.8593214692146365,20.297258218776925,10.805128057661555,29.076517687765264,1.0,0.001,1.0,0.001,,,,,0.007071067811865475,0.007071067811865475,24,96.25,1.0085507766810544,0.012994389235194331,False,0.5123788727929637,False,0.03819444444444442,False,False,0.13980241325218845,0.03819444444444442,True,-0.8655240105327879,0.09913038704847675,3.036671027471523,False,forward_only_adequate
19,assignment_isolation,plus_one_randomisation,True,ok,17.344953156328998,3.383145861587951,23.28840470871849,11.371317270699247,29.20089311578764,1.0,0.001,1.0,0.001,,,,,0.007071067811865475,0.007071067811865475,24,96.04166666666667,1.0117681063420307,0.05181226852237724,False,0.5134456890239074,False,0.02256944444444442,False,False,0.15619749385646733,0.02256944444444442,True,-0.8818897389625555,0.16518830592429704,2.281612048610336,False,forward_only_adequate
20,assignment_isolation,plus_one_randomisation,True,ok,17.36985360984586,3.5413209935757433,22.941596825819346,10.518896134424907,28.509072721659766,1.0,0.001,1.0,0.001,,,,,0.007071067811865475,0.007071067811865475,24,97.5,0.9952688372763052,0.0037109227723777635,False,0.516161116441399,False,0.015625,False,False,0.15951457196954238,0.015625,True,-0.901502441651272,0.18123403146483605,2.5297588481437794,False,forward_only_adequate
21,assignment_isolation,plus_one_randomisation,True,ok,15.71756401834096,3.659715520341153,22.065559142876573,9.432051011321352,28.719045669287944,1.0,0.001,1.0,0.001,,,,,0.007071067811865475,0.007071067811865475,24,95.875,0.9942090205964411,0.0019984097126386664,False,0.49490118554141455,False,0.020486111111111094,False,False,0.14197439154773459,0.020486111111111094,True,1.5198522351271044,0.24409374458258198,3.687106339161944,False,forward_only_adequate
22,assignment_isolation,plus_one_randomisation,True,ok,16.09227382386378,4.255385425085492,22.779979067801197,8.000619542532789,29.581813481991098,1.0,0.001,1.0,0.001,,,,,0.007071067811865475,0.007071067811865475,24,96.58333333333333,1.0278527351837647,0.004740262139364974,False,0.5125660678596751,False,0.007986111111111138,False,False,0.14035424785990466,0.007986111111111138,True,1.2657300280660044,0.11200096273728796,3.3466032307892113,False,forward_only_adequate
23,assignment_isolation,plus_one_randomisation,True,ok,18.26437227378602,3.969968355914799,24.369132100871987,11.437085199301269,29.201345206757605,1.0,0.001,1.0,0.001,,,,,0.007071067811865475,0.007071067811865475,24,96.08333333333333,1.012003222703877,0.037289183858694445,False,0.5055538725635063,False,0.023958333333333304,False,False,0.1659199751921225,0.023958333333333304,True,-0.7215654049465308,0.08114525543748882,2.5138336062049937,False,forward_only_adequate
24,assignment_isolation,plus_one_randomisation,True,ok,21.229698843553436,3.8459515934187247,27.240229171487332,14.031357590738109,29.34529822797603,1.0,0.001,1.0,0.001,,,,,0.007071067811865475,0.007071067811865475,24,95.25,1.0125722616217527,0.003044382283518419,False,0.5083372815347221,False,0.029861111111111116,False,False,0.19760773411499227,0.029861111111111116,True,0.16893395724325472,0.15875281969511193,3.233943459238464,False,forward_only_adequate
25,assignment_isolation,plus_one_randomisation,True,ok,16.901624621319705,3.2266847064956754,23.097771325399368,11.26858753020382,28.615059211998883,1.0,0.001,1.0,0.001,,,,,0.007071067811865475,0.007071067811865475,24,96.79166666666667,0.9953335414153441,0.04043544926483126,False,0.49728923461868335,False,0.023263888888888973,False,False,0.1544588395287657,0.023263888888888973,True,0.15889804431434107,0.12011042936417139,2.341825487753279,False,forward_only_adequate
26,assignment_isolation,plus_one_randomisation,True,ok,17.97285710909605,4.756850892339714,25.924352716178632,9.391853381394832,28.572018130320586,1.0,0.001,1.0,0.001,,,,,0.007071067811865475,0.007071067811865475,24,96.91666666666667,0.9944779492620871,0.008560891116003092,False,0.5086813282370293,False,0.042013888888888906,False,False,0.16618856155289416,0.042013888888888906,True,0.8291154785782285,0.20267744019284056,3.8508990657800353,False,forward_only_adequate
27,assignment_isolation,plus_one_randomisation,True,ok,20.042614524034843,3.0057821463350214,25.184949742800082,14.581199808248282,29.145201963476985,1.0,0.001,1.0,0.001,,,,,0.007071067811865475,0.007071067811865475,24,94.375,1.0010379863752334,0.0063202821434035945,False,0.5117802159025486,False,0.02951388888888895,False,False,0.1873117343142827,0.02951388888888895,True,-0.3213991755038108,0.07458471265013032,2.4695520017136863,False,forward_only_adequate
28,assignment_isolation,plus_one_randomisation,True,ok,16.32949170008708,5.127734388464352,25.596358437858747,8.385648470281648,28.900316709996222,1.0,0.001,1.0,0.001,,,,,0.007071067811865475,0.007071067811865475,24,95.79166666666667,1.000049445483734,0.016156935307694627,False,0.5190340739841247,False,0.022916666666666696,False,False,0.1474955685563457,0.022916666666666696,True,-1.514585232306253,0.19989012767880807,1.6120221758924225,False,forward_only_adequate
29,assignment_isolation,plus_one_randomisation,True,ok,16.409007048311242,3.508279798500296,22.274284427650652,10.108781430984026,29.51353981308808,1.0,0.001,1.0,0.001,,,,,0.007071067811865475,0.007071067811865475,24,95.625,1.0203802214956843,0.028481442321233407,False,0.4975197589955181,False,0.02256944444444442,False,False,0.14486337426033533,0.02256944444444442,True,0.879967750372319,0.2163878306335503,2.0555151919529044,False,forward_only_adequate
30,assignment_isolation,plus_one_randomisation,True,ok,20.294139504079173,4.270803238846329,27.542623706894048,13.510937095723122,29.191984142011343,1.0,0.001,1.0,0.001,,,,,0.007071067811865475,0.007071067811865475,24,96.08333333333333,1.0116788051942014,0.013989485501592003,False,0.5008866128565928,False,0.028125000000000067,False,False,0.18772575531997282,0.028125000000000067,True,1.084076654755769,0.11654525295631249,2.9915770429194906,False,forward_only_adequate
31,assignment_isolation,plus_one_randomisation,True,ok,19.46992161980532,3.1916500310200004,25.805896837943386,14.684821535663701,29.547733507384642,1.0,0.001,1.0,0.001,,,,,0.007071067811865475,0.007071067811865475,24,95.54166666666667,1.0211171878108107,0.032464619178346026,False,0.5214674427141269,False,0.028472222222222232,False,False,0.17694196107377566,0.028472222222222232,True,0.39814826887143095,0.1953970833309087,3.1237531869829445,False,forward_only_adequate
32,assignment_isolation,plus_one_randomisation,True,ok,16.813483900865474,3.999692341415742,23.967349079985365,9.676151180546114,28.718654181785787,1.0,0.001,1.0,0.001,,,,,0.007071067811865475,0.007071067811865475,24,95.58333333333333,0.9926820673794732,0.06706221421198598,False,0.5185494720189503,False,0.023958333333333304,False,False,0.153994022253395,0.023958333333333304,True,-1.1722073945040759,0.17387382539841398,2.1757064208523724,False,forward_only_adequate
33,assignment_isolation,plus_one_randomisation,True,ok,21.317969996398933,3.603808732044185,27.678667034630028,15.527616734264214,29.280163637717582,1.0,0.001,1.0,0.001,,,,,0.007071067811865475,0.007071067811865475,24,95.75,1.0129730644178239,0.0048770166354492215,False,0.49539558467926964,False,0.013194444444444509,False,False,0.19846884394927145,0.013194444444444509,True,-1.6686517961762533,0.13376477792213645,2.3951013319337804,False,forward_only_adequate
34,assignment_isolation,plus_one_randomisation,True,ok,23.373154288564322,3.0529062479733566,28.655438138079305,17.83698490272999,28.946492251744086,1.0,0.001,1.0,0.001,,,,,0.007071067811865475,0.007071067811865475,24,94.58333333333333,0.995309747917241,0.010493195113209189,False,0.5126097993435978,False,0.02777777777777779,False,False,0.2251700093057407,0.02777777777777779,True,1.0477380886503167,0.23636032685791297,5.695222361048261,False,forward_only_adequate
35,assignment_isolation,plus_one_randomisation,True,ok,22.92436537713604,3.9255827347135583,29.382005708095043,15.418424022547823,29.865425063971525,1.0,0.001,1.0,0.001,,,,,0.007071067811865475,0.007071067811865475,24,94.29166666666667,1.0253222052145554,0.002349418735183364,False,0.5167470216152327,False,0.02187500000000009,False,False,0.21283615928184008,0.02187500000000009,True,1.5187237948505699,0.16440262097079344,4.213409220752594,False,forward_only_adequate
36,assignment_isolation,plus_one_randomisation,True,ok,17.62266990119416,3.357399189790221,23.448720196797126,12.093315820274901,28.09706086412641,1.0,0.001,1.0,0.001,,,,,0.007071067811865475,0.007071067811865475,24,97.125,0.9789971210139322,0.03261028244928185,False,0.5077179969590426,False,0.012499999999999956,False,False,0.16541335693428785,0.012499999999999956,True,-0.38556654028783227,0.1982632989237108,2.154718601537882,False,forward_only_adequate
37,assignment_isolation,plus_one_randomisation,True,ok,22.382228503040427,3.526499823110746,28.629283830745646,16.766206514005805,28.49474833144585,1.0,0.001,1.0,0.001,,,,,0.007071067811865475,0.007071067811865475,24,95.54166666666667,0.9847278904255352,0.020238313488589475,False,0.5065105860006792,False,0.013194444444444398,False,False,0.2169031062511297,0.013194444444444398,True,-0.019722247856260124,0.11727206251204053,4.110342309158824,False,forward_only_adequate
38,assignment_isolation,plus_one_randomisation,True,ok,14.912493740049662,3.8261396781013355,20.72427867498607,7.725832876595259,28.703809100158548,1.0,0.001,1.0,0.001,,,,,0.007071067811865475,0.007071067811865475,24,96.375,0.9962692708595587,0.03044157928804692,False,0.513977518840746,False,0.028819444444444398,False,False,0.13309431244448194,0.028819444444444398,True,-1.5725570675300913,0.09335429258289878,3.2752463423242926,False,forward_only_adequate
39,assignment_isolation,plus_one_randomisation,True,ok,16.680835663822098,4.146754016163577,24.249103712276256,10.118064718518612,28.865055535277953,1.0,0.001,1.0,0.001,,,,,0.007071067811865475,0.007071067811865475,24,95.58333333333333,0.9977425412210339,0.018813150313253865,False,0.5390611882543417,False,0.031597222222222276,False,False,0.15165421432549336,0.031597222222222276,True,-0.3442131558773795,0.13192423456166844,1.8328870251153067,False,forward_only_adequate
40,assignment_isolation,plus_one_randomisation,True,ok,17.782723224040947,3.7000361319723076,23.573708908135558,11.399265917682257,29.75298661389483,1.0,0.001,1.0,0.001,,,,,0.007071067811865475,0.007071067811865475,24,95.79166666666667,1.0295547299112757,0.0024364868421764417,False,0.5344721312065912,False,0.029861111111111116,False,False,0.15758086385163336,0.029861111111111116,True,0.008826129760204962,0.16193570331603974,3.0207488077508224,False,forward_only_adequate
41,assignment_isolation,plus_one_randomisation,True,ok,18.895547302556775,4.14159945363208,26.676643894253257,12.200882402239614,29.877707034514764,1.0,0.001,1.0,0.001,,,,,0.007071067811865475,0.007071067811865475,24,94.91666666666667,1.0291377525285292,0.02337555657463854,False,0.512356735168662,False,0.0336805555555556,False,False,0.16929521642222367,0.0336805555555556,True,0.5169322550838876,0.17684021284987053,3.55873669636779,False,forward_only_adequate
42,assignment_isolation,plus_one_randomisation,True,ok,16.3970573808141,2.9483503018832273,21.19494120939883,11.59220040703257,28.912547929205292,1.0,0.001,1.0,0.001,,,,,0.007071067811865475,0.007071067811865475,24,96.0,1.001560039793078,0.011505159580693288,False,0.5275879513004146,False,0.029166666666666674,False,False,0.1479517985848176,0.029166666666666674,True,-0.6290090469539698,0.15473666588370258,3.259994860822418,False,forward_only_adequate
43,assignment_isolation,plus_one_randomisation,True,ok,24.32401838502749,4.29062813629139,31.837801296103247,16.680503595918093,29.205406973109188,1.0,0.001,1.0,0.001,,,,,0.007071067811865475,0.007071067811865475,24,96.41666666666667,1.0138981378148941,0.003409496810250534,False,0.5021120574097725,False,0.021180555555555536,False,False,0.23073481826076297,0.021180555555555536,True,1.1457371121170008,0.19764564061258472,5.452107497270966,False,forward_only_adequate
44,assignment_isolation,plus_one_randomisation,True,ok,16.3697317321756,5.34231006441596,25.127740974508974,6.68445207409702,29.62962658485847,1.0,0.001,1.0,0.001,,,,,0.007071067811865475,0.007071067811865475,24,95.54166666666667,1.023947267111152,0.0184746690833034,False,0.5071327299504514,False,0.012847222222222232,False,False,0.14386075766670656,0.012847222222222232,True,-1.2180536277158867,0.10950441885713491,3.483072861164507,False,forward_only_adequate
45,assignment_isolation,plus_one_randomisation,True,ok,16.510627199082094,3.8516264905146524,23.71543562225265,10.260761498040198,29.113415043936012,1.0,0.001,1.0,0.001,,,,,0.007071067811865475,0.007071067811865475,24,95.33333333333333,1.005010380458118,0.007519129366702879,False,0.5133605170105727,False,0.030555555555555558,False,False,0.14855701997348217,0.030555555555555558,True,0.6842543831233733,0.21441807752674133,2.269753666469638,False,forward_only_adequate
46,assignment_isolation,plus_one_randomisation,True,ok,23.16856176936392,3.306480466065778,28.471060895748316,17.802322978546368,28.777935476484572,1.0,0.001,1.0,0.001,,,,,0.007071067811865475,0.007071067811865475,24,95.875,0.996247694799278,0.05137218940724814,False,0.512176567412443,False,0.017708333333333326,False,False,0.22267522029535503,0.017708333333333326,True,0.644210899069453,0.12385961888430652,5.656951584308499,False,forward_only_adequate
47,assignment_isolation,plus_one_randomisation,True,ok,22.936687015957194,3.2188953548795527,28.130963260687437,16.800064593578394,28.816619151338738,1.0,0.001,1.0,0.001,,,,,0.007071067811865475,0.007071067811865475,24,96.91666666666667,1.002991534849918,0.0024705400529202704,False,0.4994072487190535,False,0.030902777777777724,False,False,0.21842590223651204,0.030902777777777724,True,-0.6147393653848043,0.08775378194140468,3.2362669398655624,False,forward_only_adequate
48,assignment_isolation,plus_one_randomisation,True,ok,19.098056117870936,5.420860356370844,28.27250438183365,9.949810609093216,29.040320478597497,1.0,0.001,1.0,0.001,,,,,0.007071067811865475,0.007071067811865475,24,98.0,1.0164112167509125,0.037006095620973414,False,0.5041073234023767,False,0.03749999999999998,False,False,0.1739351153455421,0.03749999999999998,True,-1.5341618122486598,0.16893174551687035,2.7818768262286433,False,forward_only_adequate
49,assignment_isolation,plus_one_randomisation,True,ok,18.41575261607963,3.226200938491422,24.34446028331211,12.993655355940366,28.66841009071946,1.0,0.001,1.0,0.001,,,,,0.007071067811865475,0.007071067811865475,24,95.66666666666667,0.9913772208318209,0.03150344842837881,False,0.48688626047019656,False,0.023958333333333304,False,False,0.17162247045096388,0.023958333333333304,True,-1.1780041967848773,0.26721354651219803,0.703632407250143,False,forward_only_adequate
50,assignment_isolation,plus_one_randomisation,True,ok,17.572411315058186,2.909768118742057,23.201555132760433,12.63680204855598,28.518535420284337,1.0,0.001,1.0,0.001,,,,,0.007071067811865475,0.007071067811865475,24,94.91666666666667,0.9823210801930716,0.002611236799010914,False,0.5234675632347723,False,0.019791666666666652,False,False,0.16420599293128113,0.019791666666666652,True,-1.0990837030242353,0.1381670585715469,2.3015910176227314,False,forward_only_adequate
51,assignment_isolation,plus_one_randomisation,True,ok,23.354706169946784,3.2365749789989824,29.567215896959148,18.16632120624375,29.589679702001206,1.0,0.001,1.0,0.001,,,,,0.007071067811865475,0.007071067811865475,24,93.625,1.0122579259270765,0.0012128999395112719,False,0.5296443717960554,False,0.011458333333333348,False,False,0.2206582803206125,0.011458333333333348,True,0.31401776066552745,0.07399416901037752,4.905408180510008,False,forward_only_adequate
52,assignment_isolation,plus_one_randomisation,True,ok,13.71931037407173,3.5305067003587594,19.584586434531932,7.514875846184025,29.213225239958575,1.0,0.001,1.0,0.001,,,,,0.007071067811865475,0.007071067811865475,24,95.58333333333333,1.0097772911801899,0.006246929834669147,False,0.5119558960018745,False,0.023958333333333304,False,False,0.11866513581356664,0.023958333333333304,True,1.6033806797410932,0.2068337646997187,3.343617996429692,False,forward_only_adequate
53,assignment_isolation,plus_one_randomisation,True,ok,18.480299595838094,4.042283126566836,27.099301958493022,12.67647504637023,29.88253221996263,1.0,0.001,1.0,0.001,,,,,0.007071067811865475,0.007071067811865475,24,93.70833333333333,1.0227312113770637,0.004179657388617895,False,0.49560372173579204,False,0.019444444444444486,False,False,0.1661551553910993,0.019444444444444486,True,-0.49393893680723916,0.18262966489468938,3.28155257367104,False,forward_only_adequate
54,assignment_isolation,plus_one_randomisation,True,ok,24.459468644503158,3.7177764126193713,30.61760383733386,17.568084272557602,29.51573934438191,1.0,0.001,1.0,0.001,,,,,0.007071067811865475,0.007071067811865475,24,96.41666666666667,1.0246716707304533,0.011999823149579177,False,0.49842564562508457,False,0.027430555555555625,False,False,0.22941782536835584,0.027430555555555625,True,0.45270491166662186,0.12604066347589252,5.290005666996181,False,forward_only_adequate
55,assignment_isolation,plus_one_randomisation,True,ok,20.47202932913811,4.25512542576773,27.698723045104707,13.365272099700498,29.020726222940546,1.0,0.001,1.0,0.001,,,,,0.007071067811865475,0.007071067811865475,24,95.45833333333333,1.0024672800175838,0.004020128971785508,False,0.5382987614360124,False,0.020486111111111094,False,False,0.19166705300966155,0.020486111111111094,True,-0.5103076869125321,0.10963544962114533,2.486203118693413,False,forward_only_adequate
56,assignment_isolation,plus_one_randomisation,True,ok,26.344228954151117,4.57444262375864,34.291456682165546,18.37120940316124,29.627123917895705,1.0,0.001,1.0,0.001,,,,,0.007071067811865475,0.007071067811865475,24,96.125,1.0269816337635085,0.004646863136337309,False,0.5175110886933564,False,0.03576388888888893,False,False,0.24895740481130071,0.03576388888888893,True,-0.7619037308592745,0.08279657908659936,1.8740289764035385,False,forward_only_adequate
57,assignment_isolation,plus_one_randomisation,True,ok,22.018755211754137,3.8617694580545354,29.101416982557808,15.65490178101657,29.61575603454421,1.0,0.001,1.0,0.001,,,,,0.007071067811865475,0.007071067811865475,24,95.79166666666667,1.0248060842074889,0.03377388980713169,False,0.5221748784920852,False,0.034375000000000044,False,False,0.20328675655865105,0.034375000000000044,True,-0.6319095083460777,0.15513576835468623,3.693124891392073,False,forward_only_adequate
58,assignment_isolation,plus_one_randomisation,True,ok,22.148374200329915,3.2208006063155485,27.847383865732724,17.119804360552845,29.640596313329667,1.0,0.001,1.0,0.001,,,,,0.007071067811865475,0.007071067811865475,24,96.125,1.0274486349719896,0.012273308855219198,False,0.4875770017870349,False,0.014930555555555558,False,False,0.20406210303483593,0.014930555555555558,True,0.7899177419636464,0.14141233200263328,3.2114759142411415,False,forward_only_adequate
59,assignment_isolation,plus_one_randomisation,True,ok,18.166781038078323,3.9203127874079535,24.79353416003902,11.811111966623542,29.688514294611316,1.0,0.001,1.0,0.001,,,,,0.007071067811865475,0.007071067811865475,24,96.33333333333333,1.0302242426108976,0.004698405323465758,False,0.5075092277730117,False,0.023611111111111027,False,False,0.16146365238824834,0.023611111111111027,True,0.45430621252285236,0.055424991189129795,2.7155378285805543,False,forward_only_adequate
60,assignment_isolation,plus_one_randomisation,True,ok,23.487372887207993,4.4161559981428296,29.949817131687702,14.884033650447739,28.742361883626177,1.0,0.001,1.0,0.001,,,,,0.007071067811865475,0.007071067811865475,24,95.79166666666667,0.9945836702083992,2.2386601553815526e-06,False,0.5215083088707132,False,0.022916666666666696,False,False,0.22661770162263883,0.022916666666666696,True,0.35616791705133444,0.10716240943222559,3.3013952510586355,False,forward_only_adequate
61,assignment_isolation,plus_one_randomisation,True,ok,25.620907686775315,2.3454362645419766,28.945521521381874,21.20291001803574,29.59120087783969,1.0,0.001,1.0,0.001,,,,,0.007071067811865475,0.007071067811865475,24,95.79166666666667,1.023956392105754,0.020042888819519603,False,0.5005490078551336,False,0.026388888888888906,False,False,0.24204328095923788,0.026388888888888906,True,1.233411418042109,0.1022646068700717,3.6029394407270083,False,forward_only_adequate
62,assignment_isolation,plus_one_randomisation,True,ok,18.95313043364447,4.4162048915818595,25.765429778680872,10.17352651982163,28.51390819474207,1.0,0.001,1.0,0.001,,,,,0.007071067811865475,0.007071067811865475,24,95.54166666666667,0.9853900212696144,0.02534907581729589,False,0.5307651196865849,False,0.03576388888888893,False,False,0.17875149924817813,0.03576388888888893,True,1.0146684716882992,0.13995703074485175,3.0549605641027555,False,forward_only_adequate
63,assignment_isolation,plus_one_randomisation,True,ok,23.228373937391037,4.402745814558075,30.721115408880912,15.615630048485077,29.478538760339376,1.0,0.001,1.0,0.001,,,,,0.007071067811865475,0.007071067811865475,24,95.58333333333333,1.018948054275432,0.008093125475342005,False,0.514871726007333,False,0.030902777777777724,False,False,0.2176382885239935,0.030902777777777724,True,1.8095380416346445,0.20591306060005315,4.109381913663154,False,forward_only_adequate
64,assignment_isolation,plus_one_randomisation,True,ok,21.304192136107883,4.058680948727241,27.73232172851097,14.835955262341997,29.397216525460028,1.0,0.001,1.0,0.001,,,,,0.007071067811865475,0.007071067811865475,24,95.33333333333333,1.0148073566799247,0.031199996294208984,False,0.49246932055005677,False,0.016319444444444442,False,False,0.19790509328728068,0.016319444444444442,True,1.4735493325274112,0.12204654106428217,4.945166024858588,False,forward_only_adequate
65,assignment_isolation,plus_one_randomisation,True,ok,15.27777628975881,3.2261880566979664,20.245121768553012,9.29903929742779,28.970193584660397,1.0,0.001,1.0,0.001,,,,,0.007071067811865475,0.007071067811865475,24,96.125,1.0042100887170016,0.0023491168683733264,False,0.5200009510286631,False,0.02013888888888893,False,False,0.13567872472064035,0.02013888888888893,True,-0.35218543138447717,0.10884979033241028,3.7417179773614193,False,forward_only_adequate
66,assignment_isolation,plus_one_randomisation,True,ok,18.249567346308048,3.512677347997775,24.395359302528004,12.081804196293522,29.417245441429923,1.0,0.001,1.0,0.001,,,,,0.007071067811865475,0.007071067811865475,24,94.66666666666667,1.0119418410878365,0.012729458453071848,False,0.4865485535971339,False,0.009722222222222299,False,False,0.16577407229769037,0.009722222222222299,True,-1.7271017017869463,0.21351134491947163,1.8274150020177882,False,forward_only_adequate
67,assignment_isolation,plus_one_randomisation,True,ok,20.82233280236869,3.7719450709947577,27.010603423779145,14.527406722308871,29.136464688467616,1.0,0.001,1.0,0.001,,,,,0.007071067811865475,0.007071067811865475,24,98.125,1.0204264243562908,0.00826748597253438,False,0.5142795521962368,False,0.01215277777777779,False,False,0.19149130243929263,0.01215277777777779,True,-0.7112270383293259,0.22020908858270552,3.2339556314574134,False,forward_only_adequate
68,assignment_isolation,plus_one_randomisation,True,ok,19.38434032352541,3.9605157304750627,26.572743139202807,13.448689887359736,29.357289898754097,1.0,0.001,1.0,0.001,,,,,0.007071067811865475,0.007071067811865475,24,95.08333333333333,1.0120993994012404,0.01667794107244508,False,0.5171482049299357,False,0.04062499999999991,False,False,0.1778671280789187,0.04062499999999991,True,-0.04153414739608988,0.21675633487943471,3.3419218537550366,False,forward_only_adequate
69,assignment_isolation,plus_one_randomisation,True,ok,23.023590628528723,4.831684051429367,31.969310243768508,14.977269420760923,29.79855476572981,1.0,0.001,1.0,0.001,,,,,0.007071067811865475,0.007071067811865475,24,95.5,1.0295605507633585,0.01661274431892352,False,0.5007744711289794,False,0.019791666666666652,False,False,0.21288365141867047,0.019791666666666652,True,-1.4247742574112658,0.22515392262689624,3.8391997416086614,False,forward_only_adequate
70,assignment_isolation,plus_one_randomisation,True,ok,21.40807915619381,3.610953867884218,27.927648327709086,15.161516204775577,29.995057767467113,1.0,0.001,1.0,0.001,,,,,0.007071067811865475,0.007071067811865475,24,96.04166666666667,1.0392847464176418,0.005221970100276249,False,0.513214214166498,False,0.01388888888888895,False,False,0.19359950794744174,0.01388888888888895,True,-0.350285043242689,0.19609445394429117,3.6041406930321824,False,forward_only_adequate
71,assignment_isolation,plus_one_randomisation,True,ok,22.461544717405957,3.3037992450733755,28.36972705187578,17.072926197098255,29.539080043819016,1.0,0.001,1.0,0.001,,,,,0.007071067811865475,0.007071067811865475,24,96.25,1.024595257264014,0.021929765031895365,False,0.5178573505336723,False,0.02430555555555547,False,False,0.20806337781258133,0.02430555555555547,True,-0.7029466644914302,0.10564386080069615,3.2543414862766142,False,forward_only_adequate
72,assignment_isolation,plus_one_randomisation,True,ok,22.216155455842195,4.131169657135003,28.766298957424063,15.392844518729593,29.383333972741873,1.0,0.001,1.0,0.001,,,,,0.007071067811865475,0.007071067811865475,24,95.54166666666667,1.0154358318973402,0.01396217782609122,False,0.5391101529633391,False,0.019791666666666652,False,False,0.20758269934083426,0.019791666666666652,True,-0.22522861811920836,0.15031289260429123,3.467940763703363,False,forward_only_adequate
73,assignment_isolation,plus_one_randomisation,True,ok,11.864803501578537,4.120922137286021,18.850631492288755,4.904509610592266,29.61912206610389,1.0,0.001,1.0,0.001,,,,,0.007071067811865475,0.007071067811865475,24,94.79166666666667,1.0195587770484105,0.020919055221374924,False,0.5338490252792338,False,0.03125,False,False,0.09872952177889172,0.03125,True,-0.49388152188803897,0.12571129923831137,1.5733888902908577,False,forward_only_adequate
74,assignment_isolation,plus_one_randomisation,True,ok,13.774041646972845,4.372226508235768,21.71975112147955,6.6888887073004115,29.937409554730415,1.0,0.001,1.0,0.001,,,,,0.007071067811865475,0.007071067811865475,24,94.79166666666667,1.0305149695354674,0.0061066243024232615,False,0.5182346552330304,False,0.01215277777777779,False,False,0.11638597166080418,0.01215277777777779,True,0.7043568458909153,0.08759426781344014,2.1232199341114466,False,forward_only_adequate
75,assignment_isolation,plus_one_randomisation,True,ok,16.908376412318216,3.7123707031939426,22.827604424401343,10.131985565348767,28.44924567605933,1.0,0.001,1.0,0.001,,,,,0.007071067811865475,0.007071067811865475,24,94.16666666666667,0.9760551581475397,0.04544087236139684,False,0.4983872419108866,False,0.03472222222222221,False,False,0.1581272207895503,0.03472222222222221,True,0.7492583550546522,0.08729131402115146,2.219096801073685,False,forward_only_adequate
76,assignment_isolation,plus_one_randomisation,True,ok,18.118539052782246,4.601234754830143,26.719937140848877,10.53936866617456,29.57542692869323,1.0,0.001,1.0,0.001,,,,,0.007071067811865475,0.007071067811865475,24,95.54166666666667,1.0220742232626303,0.004260615438708212,False,0.5155514217742779,False,0.021527777777777812,False,False,0.16246829907891086,0.021527777777777812,True,-0.7360804104355656,0.11549852998636165,2.7692226505996334,False,forward_only_adequate
77,assignment_isolation,plus_one_randomisation,True,ok,19.19188328755143,2.935620019334373,24.59719269237535,14.786849846394515,28.843068045465028,1.0,0.001,1.0,0.001,,,,,0.007071067811865475,0.007071067811865475,24,95.33333333333333,0.9956778600588795,0.0430990323283613,False,0.5293213345195299,False,0.03749999999999998,False,False,0.17919690274806702,0.03749999999999998,True,2.0115832985138793,0.26646361672902963,2.0121597857332816,False,forward_only_adequate
78,assignment_isolation,plus_one_randomisation,True,ok,23.20789076064588,3.6224995794062993,29.85761608030887,17.397021845975242,29.204400327200386,1.0,0.001,1.0,0.001,,,,,0.007071067811865475,0.007071067811865475,24,94.79166666666667,1.005283094332759,0.027441412485519054,False,0.529810340290822,False,0.03298611111111116,False,False,0.22081215006716529,0.03298611111111116,True,-0.5931339132809769,0.0959398453223495,3.0189278690198154,False,forward_only_adequate
79,assignment_isolation,plus_one_randomisation,True,ok,15.309635831728892,4.035651428578202,24.317474021375286,9.411048553979649,28.61410432506204,1.0,0.001,1.0,0.001,,,,,0.007071067811865475,0.007071067811865475,24,95.625,0.989283775989473,0.0026593668702691725,False,0.5219224739646304,False,0.04513888888888884,False,False,0.13844219908144526,0.04513888888888884,True,-0.3453772967414624,0.18654135610462835,3.5314560031175555,False,forward_only_adequate
80,assignment_isolation,plus_one_randomisation,True,ok,23.736262248937958,3.880777381789872,30.180694699254413,17.177705733043574,29.164464911342844,1.0,0.001,1.0,0.001,,,,,0.007071067811865475,0.007071067811865475,24,96.08333333333333,1.0107250974137665,0.014553393975919138,False,0.5238081190122462,False,0.029861111111111116,False,False,0.22518199773669023,0.029861111111111116,True,1.1793544876608093,0.23257632783385282,3.645294058779151,False,forward_only_adequate
81,assignment_isolation,plus_one_randomisation,True,ok,18.467451895683478,4.952822685788501,26.32352539824973,9.427818068129906,28.96479631123436,1.0,0.001,1.0,0.001,,,,,0.007071067811865475,0.007071067811865475,24,96.16666666666667,1.0042405800194012,0.012955909635642832,False,0.5385415625145873,False,0.01805555555555549,False,False,0.1696074343819209,0.01805555555555549,True,0.32683794509801034,0.07582754029377665,2.002840010055397,False,forward_only_adequate
82,assignment_isolation,plus_one_randomisation,True,ok,18.852846678959136,4.365822886987025,25.62405947875513,11.025858410546935,30.053009119392406,1.0,0.001,1.0,0.001,,,,,0.007071067811865475,0.007071067811865475,24,95.58333333333333,1.0388050580216126,0.02797637604268775,False,0.5085598703763337,False,0.017013888888888884,False,False,0.16700742186013856,0.017013888888888884,True,-1.676988784516003,0.15202184362387713,1.7990390837104366,False,forward_only_adequate
83,assignment_isolation,plus_one_randomisation,True,ok,20.486151002104513,3.1633006187034707,26.15783902753871,14.884966832458872,28.888407413517353,1.0,0.001,1.0,0.001,,,,,0.007071067811865475,0.007071067811865475,24,95.125,0.9961527580198906,0.006282674885292149,False,0.521091056430324,False,0.02881944444444451,False,False,0.19323315979582445,0.02881944444444451,True,1.098047491312844,0.16098910886481946,2.8201871007358164,False,forward_only_adequate
84,assignment_isolation,plus_one_randomisation,True,ok,24.193732040014368,3.9607272537129865,30.693620956453096,16.764745291507985,29.143338892833288,1.0,0.001,1.0,0.001,,,,,0.007071067811865475,0.007071067811865475,24,96.25,1.0108685431685618,0.0044779440239561315,False,0.5117996905982959,False,0.01388888888888884,False,False,0.23010967207134458,0.01388888888888884,True,0.0016586548028829976,0.19212888460702976,3.566042810550944,False,forward_only_adequate
85,assignment_isolation,plus_one_randomisation,True,ok,20.319865141947474,3.3486225980511115,26.35214660870227,14.21764762167211,28.88742442705036,1.0,0.001,1.0,0.001,,,,,0.007071067811865475,0.007071067811865475,24,96.125,1.0013410149269453,0.026044614074912927,False,0.5198290769288,False,0.03402777777777777,False,False,0.19026120279313208,0.03402777777777777,True,-1.012486931861227,0.10865516543024768,2.2602140960064765,False,forward_only_adequate
86,assignment_isolation,plus_one_randomisation,True,ok,24.25971935953389,3.081586153368215,29.221314241490564,19.25342466691305,28.703502193897037,1.0,0.001,1.0,0.001,,,,,0.007071067811865475,0.007071067811865475,24,97.25,1.0007709744521271,0.024626236919587194,False,0.5187042156038051,False,0.020486111111111094,False,False,0.23348222862135898,0.020486111111111094,True,-0.3132690473507288,0.20332118160004053,4.436083310830223,False,forward_only_adequate
87,assignment_isolation,plus_one_randomisation,True,ok,20.135159398272524,3.8110336993775387,26.28234762010407,13.206711739896363,29.155868529823678,1.0,0.001,1.0,0.001,,,,,0.007071067811865475,0.007071067811865475,24,95.79166666666667,1.008892409326494,0.013400615660080172,False,0.49970820583206477,False,0.017013888888888884,False,False,0.18661358862385696,0.017013888888888884,True,1.0949663740239104,0.16796580711304498,3.121639111138971,False,forward_only_adequate
88,assignment_isolation,plus_one_randomisation,True,ok,16.014159396466013,5.339880862021791,25.230727581789488,6.694173435468281,27.944141037716943,1.0,0.001,1.0,0.001,,,,,0.007071067811865475,0.007071067811865475,24,97.04166666666667,0.9732510803851666,0.0033158767122117927,False,0.5081524234515445,False,0.027430555555555514,False,False,0.14883393510002005,0.027430555555555514,True,0.753945518994231,0.21427190345556169,3.0215898156796643,False,forward_only_adequate
89,assignment_isolation,plus_one_randomisation,True,ok,18.733328073937262,3.2798218951616382,24.24069258690816,13.05724532269198,28.524973072307883,1.0,0.001,1.0,0.001,,,,,0.007071067811865475,0.007071067811865475,24,94.91666666666667,0.9825428251458359,0.008164879027736143,False,0.5302446424984893,False,0.026736111111111183,False,False,0.17692998440290086,0.026736111111111183,True,1.7071311918829486,0.23950972716316393,3.3645569540788824,False,forward_only_adequate
90,assignment_isolation,plus_one_randomisation,True,ok,22.394285698031826,3.473726374094082,27.955265114654374,16.68943478770327,28.670829261256074,1.0,0.001,1.0,0.001,,,,,0.007071067811865475,0.007071067811865475,24,96.5,0.9957697241076963,0.017422641944357414,False,0.5067564387339429,False,0.031597222222222276,False,False,0.2142737415149946,0.031597222222222276,True,0.03730502954377029,0.060776845834244766,3.7552985044127523,False,forward_only_adequate
91,assignment_isolation,plus_one_randomisation,True,ok,19.803845320138937,3.4356772541835063,25.370279490180476,13.497859045425606,29.22024150687862,1.0,0.001,1.0,0.001,,,,,0.007071067811865475,0.007071067811865475,24,96.70833333333333,1.0159463092627514,0.004196813676262717,False,0.5444245665049837,False,0.014236111111111116,False,False,0.18156146646573498,0.014236111111111116,True,0.1575218948087144,0.19359103338019812,2.3224549870938396,False,forward_only_adequate
92,assignment_isolation,plus_one_randomisation,True,ok,15.711578334718752,4.42291678292222,23.515695435472544,8.691444254165788,28.95860518181909,1.0,0.001,1.0,0.001,,,,,0.007071067811865475,0.007071067811865475,24,96.75,1.0070664623170322,0.010921981681013222,False,0.5087061395333464,False,0.023611111111111138,False,False,0.13977337785188082,0.023611111111111138,True,0.29221932893981306,0.15502433782958275,3.5322188742003644,False,forward_only_adequate
93,assignment_isolation,plus_one_randomisation,True,ok,19.168783414591076,3.8424949061016336,25.604807030823746,12.176921944573927,29.037582918515124,1.0,0.001,1.0,0.001,,,,,0.007071067811865475,0.007071067811865475,24,95.20833333333333,1.0017352371057628,0.007556405198774127,False,0.5259331892182764,False,0.02951388888888884,False,False,0.17768249273302833,0.02951388888888884,True,-0.5318224478383619,0.2316468354797383,2.1325624410286377,False,forward_only_adequate
94,assignment_isolation,plus_one_randomisation,True,ok,18.058410388830026,3.7311171834255887,24.73976806117524,11.735370310511678,29.016993915234405,1.0,0.001,1.0,0.001,,,,,0.007071067811865475,0.007071067811865475,24,95.08333333333333,1.0003676161975887,0.00016101707735640647,False,0.5204844874093097,False,0.023263888888888862,False,False,0.16596345086628184,0.023263888888888862,True,-0.2636575871903415,0.15554095586953623,0.8491409110599237,False,forward_only_adequate
95,assignment_isolation,plus_one_randomisation,True,ok,18.99423799993929,4.597174490728869,27.19573362656948,11.403220932941721,28.994185089607758,1.0,0.001,1.0,0.001,,,,,0.007071067811865475,0.007071067811865475,24,95.95833333333333,1.0041700441759485,0.006260024339574602,False,0.5114310737604025,False,0.03229166666666661,False,False,0.17529584953039132,0.03229166666666661,True,-0.03997506739064405,0.16554487482488028,2.0650095984921757,False,forward_only_adequate
96,assignment_isolation,plus_one_randomisation,True,ok,17.390166412495898,4.312304237286761,23.83650717766954,8.985460124368114,29.00830209890788,1.0,0.001,1.0,0.001,,,,,0.007071067811865475,0.007071067811865475,24,94.75,0.9983134572566463,0.017888961160356046,False,0.5148836231372037,False,0.010069444444444464,False,False,0.15916153259856225,0.010069444444444464,True,0.48086413393065397,0.21687118834174932,2.7721574070950563,False,forward_only_adequate
97,assignment_isolation,plus_one_randomisation,True,ok,17.97998583203552,3.9724825436388684,25.388038821206305,11.56408958876327,29.61512817482245,1.0,0.001,1.0,0.001,,,,,0.007071067811865475,0.007071067811865475,24,95.75,1.0245614577690594,0.03393894360316778,False,0.4920702864973813,False,0.014930555555555558,False,False,0.16055157016838298,0.014930555555555558,True,0.4520448519114734,0.07471654974405005,3.6106235998732434,False,forward_only_adequate
98,assignment_isolation,plus_one_randomisation,True,ok,20.434901257891706,3.7237647629993123,26.51995889359609,13.808715734918401,28.617725331810178,1.0,0.001,1.0,0.001,,,,,0.007071067811865475,0.007071067811865475,24,95.95833333333333,0.9911319259998471,0.02880033309112781,False,0.4967914179147679,False,0.0336805555555556,False,False,0.19380548336295045,0.0336805555555556,True,-0.49098257286159114,0.12325686572054706,2.6870818817332363,False,forward_only_adequate
99,assignment_isolation,plus_one_randomisation,True,ok,18.851001507883556,3.6145908650948324,25.112157668482915,12.965740972264815,29.254162835345667,1.0,0.001,1.0,0.001,,,,,0.007071067811865475,0.007071067811865475,24,95.5,1.0107514353520963,0.029103653581362587,False,0.5020544685614658,False,0.01666666666666672,False,False,0.17242873393292008,0.01666666666666672,True,0.34796763760726984,0.14786937594731683,1.2604452801217816,False,forward_only_adequate
100,assignment_isolation,plus_one_randomisation,True,ok,16.647417466786333,4.423334945273174,24.02216407409015,8.324512562359992,30.10723243579983,1.0,0.001,1.0,0.001,,,,,0.007071067811865475,0.007071067811865475,24,96.54166666666667,1.0458833228259274,0.004956002692967651,False,0.506121448722953,False,0.021874999999999978,False,False,0.143119755027562,0.021874999999999978,True,-1.923060070813231,0.1732854450632227,2.6886658991618537,False,forward_only_adequate
101,assignment_isolation,plus_one_randomisation,True,ok,20.146948235700993,3.878860127394784,26.326491330730537,13.548611263423362,29.916972621847403,1.0,0.001,1.0,0.001,,,,,0.007071067811865475,0.007071067811865475,24,95.16666666666667,1.03184646209173,0.011435501469486894,False,0.5009889619903671,False,0.025694444444444353,False,False,0.18191055152113106,0.025694444444444353,True,0.22603689449262027,0.08154690097381374,3.676370437926878,False,forward_only_adequate
102,assignment_isolation,plus_one_randomisation,True,ok,23.193370859424135,4.107201825132455,30.112755475462073,16.20370195546721,29.669225130815857,1.0,0.001,1.0,0.001,,,,,0.007071067811865475,0.007071067811865475,24,95.875,1.0271027665347594,0.012612039803652192,False,0.5029455318919674,False,0.017013888888888884,False,False,0.2152810987795448,0.017013888888888884,True,-1.2315357886819016,0.17495269637502942,3.5955375592417225,False,forward_only_adequate
103,assignment_isolation,plus_one_randomisation,True,ok,19.17607145206387,4.0960570330734125,25.94909151262346,11.317651769566124,30.329605288885077,1.0,0.001,1.0,0.001,,,,,0.007071067811865475,0.007071067811865475,24,95.08333333333333,1.045620198690752,0.008981270941461828,False,0.5130309773080244,False,0.014583333333333282,False,False,0.16906694542612932,0.014583333333333282,True,-0.20063272728070056,0.15581110133494278,2.85407681187886,False,forward_only_adequate
104,assignment_isolation,plus_one_randomisation,True,ok,19.912852598798036,3.129511375163304,25.17612132822078,14.991536101572102,28.561168015026453,1.0,0.001,1.0,0.001,,,,,0.007071067811865475,0.007071067811865475,24,96.58333333333333,0.9923892827652314,0.024238342654770366,False,0.541208378108731,False,0.014583333333333282,False,False,0.18778782964570917,0.014583333333333282,True,0.14891419211200055,0.09061463818578709,3.067893242088124,False,forward_only_adequate
105,assignment_isolation,plus_one_randomisation,True,ok,19.66700745324533,2.810986992791196,24.943148703710335,14.947638187899823,29.038581063811453,1.0,0.001,1.0,0.001,,,,,0.007071067811865475,0.007071067811865475,24,96.66666666666667,1.009412711179685,0.013908758004752613,False,0.52504781675138,False,0.02777777777777779,False,False,0.18145947979009147,0.02777777777777779,True,0.8944500396218402,0.15200442955623628,2.280426201614198,False,forward_only_adequate
106,assignment_isolation,plus_one_randomisation,True,ok,25.459858596661736,3.4895649542190283,31.489374759057153,19.581154743253705,29.53180542980469,1.0,0.001,1.0,0.001,,,,,0.007071067811865475,0.007071067811865475,24,95.95833333333333,1.0227897170205889,0.027417490817025904,False,0.5251971069509237,False,0.030555555555555558,False,False,0.2406293344581899,0.030555555555555558,True,0.09137440262889157,0.17692951910725685,3.6699417089143482,False,forward_only_adequate
107,assignment_isolation,plus_one_randomisation,True,ok,28.113467424812672,3.7099008119478256,34.83407773429878,22.076547406685968,29.02880789608394,1.0,0.001,1.0,0.001,,,,,0.007071067811865475,0.007071067811865475,24,96.04166666666667,1.0058056059425162,0.023446115381609088,False,0.5352583779742736,False,0.02430555555555558,False,False,0.2741038719153401,0.02430555555555558,True,-0.5685295951643691,0.09932268547355552,2.527203502743881,False,forward_only_adequate
108,assignment_isolation,plus_one_randomisation,True,ok,20.244521349840372,3.398916158963596,25.619845182307586,14.249039807159125,28.73266583737431,1.0,0.001,1.0,0.001,,,,,0.007071067811865475,0.007071067811865475,24,96.875,0.999854455615227,0.0018997862651187925,False,0.4859422606997587,False,0.02430555555555547,False,False,0.18976890219185344,0.02430555555555547,True,0.17428516432088872,0.22331748519523975,2.44924919688401,False,forward_only_adequate
109,assignment_isolation,plus_one_randomisation,True,ok,23.575091141854898,3.900584164446456,30.20782633838509,17.001745767997797,29.350820569470436,1.0,0.001,1.0,0.001,,,,,0.007071067811865475,0.007071067811865475,24,95.04166666666667,1.0116546352436038,0.011069254606723885,False,0.5156633801241652,False,0.009027777777777746,False,False,0.22319803400420346,0.009027777777777746,True,-0.08743155248694813,0.15534783873213365,3.224429421174598,False,forward_only_adequate
110,assignment_isolation,plus_one_randomisation,True,ok,21.826553012692575,2.6180619091046125,26.899748812448873,17.52779563645726,29.13798657747355,1.0,0.001,1.0,0.001,,,,,0.007071067811865475,0.007071067811865475,24,95.16666666666667,1.00497897105024,0.029209783112384986,False,0.4924263787534994,False,0.027430555555555514,False,False,0.2058314922076072,0.027430555555555514,True,0.029754607096292865,0.12015972270919527,4.337094955048446,False,forward_only_adequate
111,assignment_isolation,plus_one_randomisation,True,ok,16.195319882024815,4.538296061271833,24.076547959468616,8.556788183583715,29.84952061958403,1.0,0.001,1.0,0.001,,,,,0.007071067811865475,0.007071067811865475,24,95.41666666666667,1.0308713921139137,0.024712676749225334,False,0.5105553543483992,False,0.03125,False,False,0.1409273675609855,0.03125,True,0.9770024634301512,0.12991765429009788,2.560706328692404,False,forward_only_adequate
112,assignment_isolation,plus_one_randomisation,True,ok,20.9325043612395,3.288060810842733,26.86352951198113,15.722980960943321,28.759139285290676,1.0,0.001,1.0,0.001,,,,,0.007071067811865475,0.007071067811865475,24,96.54166666666667,0.9990524443405024,0.025558545670369037,False,0.4967587666205416,False,0.027083333333333348,False,False,0.1974575877229232,0.027083333333333348,True,0.24796550754900024,0.10756149486256321,2.542203679342107,False,forward_only_adequate
113,assignment_isolation,plus_one_randomisation,True,ok,23.520409455903813,3.38046288792017,29.194938259752682,17.575247586750685,29.510012194922655,1.0,0.001,1.0,0.001,,,,,0.007071067811865475,0.007071067811865475,24,96.5,1.0249154788648591,0.0015073363766865936,False,0.5123889799578821,False,0.043055555555555514,False,False,0.21930685395128915,0.043055555555555514,True,0.28938457726955286,0.15303011278168754,3.9269114937656564,False,forward_only_adequate
114,assignment_isolation,plus_one_randomisation,True,ok,19.488075160012656,3.925759641982578,26.576254536380713,13.087986344711474,28.912421766010613,1.0,0.001,1.0,0.001,,,,,0.007071067811865475,0.007071067811865475,24,96.20833333333333,1.0026418378608,0.0020378185220931836,False,0.5102825170834796,False,0.032638888888888884,False,False,0.18095029234659493,0.032638888888888884,True,0.9454953405699389,0.18724904549305535,3.4622564984204227,False,forward_only_adequate
115,assignment_isolation,plus_one_randomisation,True,ok,15.668113804259306,3.7663172368759077,21.59201463643989,8.794015766964431,29.318920315266734,1.0,0.001,1.0,0.001,,,,,0.007071067811865475,0.007071067811865475,24,94.91666666666667,1.0098903414830502,0.034381908037025226,False,0.5131860264521562,False,0.020138888888888817,False,False,0.1388565826585275,0.020138888888888817,True,0.5918389217627739,0.1375124893658748,1.4877638984384132,False,forward_only_adequate
116,assignment_isolation,plus_one_randomisation,True,ok,14.147400914350973,4.053409106428802,22.10886145651793,7.317151513826562,29.42991373691248,1.0,0.001,1.0,0.001,,,,,0.007071067811865475,0.007071067811865475,24,95.625,1.017488992769097,0.00765091721784993,False,0.5145947986632251,False,0.015625,False,False,0.12196330683654466,0.015625,True,-0.9463046958490093,0.13373690341020403,2.5448131057603236,False,forward_only_adequate
117,assignment_isolation,plus_one_randomisation,True,ok,24.330083156233837,4.6672737491144165,32.38279137645223,16.42943778105283,29.79829229516863,1.0,0.001,1.0,0.001,,,,,0.007071067811865475,0.007071067811865475,24,96.29166666666667,1.033810013118418,0.02273860795340106,False,0.5211157906971658,False,0.018750000000000044,False,False,0.2257303694812455,0.018750000000000044,True,1.7320180933633456,0.2333416707449516,4.282364246309309,False,forward_only_adequate
118,assignment_isolation,plus_one_randomisation,True,ok,18.658200769763372,3.867500956847802,25.26883925726925,12.058885380895273,29.04447839459606,1.0,0.001,1.0,0.001,,,,,0.007071067811865475,0.007071067811865475,24,95.375,1.0028497335237982,0.005691720900789931,False,0.5071720791226715,False,0.030902777777777835,False,False,0.1719387825108788,0.030902777777777835,True,-0.8074326665440835,0.10707127789600411,2.752400996373776,False,forward_only_adequate
119,assignment_isolation,plus_one_randomisation,True,ok,14.610810148791453,3.5456213049604277,21.200439793543907,8.950964877080805,28.431208394157057,1.0,0.001,1.0,0.001,,,,,0.007071067811865475,0.007071067811865475,24,96.45833333333333,0.9872342229079433,0.034679868377532445,False,0.5101731539269351,False,0.02430555555555558,False,False,0.13132233205324859,0.02430555555555558,True,-0.17815537930315922,0.20403486561530387,3.6968036230221024,False,forward_only_adequate
120,assignment_isolation,plus_one_randomisation,True,ok,21.309583757799555,3.708542873976363,29.44240782294944,16.12734483294133,29.64054372269062,1.0,0.001,1.0,0.001,,,,,0.007071067811865475,0.007071067811865475,24,96.33333333333333,1.0285596107726658,0.025599264866746168,False,0.5141861857575655,False,0.025000000000000022,False,False,0.1948981258769715,0.025000000000000022,True,-0.6356866372235332,0.13079193515938572,2.1873041777096565,False,forward_only_adequate
121,assignment_isolation,plus_one_randomisation,True,ok,9.288459919168538,4.0930474488175435,15.867222299552083,1.1297455272054986,28.325491809420278,0.999,0.001,0.999,0.001,,,,,0.007071067811865475,0.007071067811865475,24,95.875,0.9805847935912446,0.0719878051557859,True,0.5137419085855851,False,0.029166666666666674,False,False,0.07730087745995587,0.029166666666666674,False,-0.6859657994863033,0.20071527946183088,0.7977877445532828,False,diagnostic_failure
122,assignment_isolation,plus_one_randomisation,True,ok,9.000400733038395,4.836455734314006,17.821414546756724,0.47513702469574604,28.605069110195117,0.999,0.002,0.999,0.002,,,,,0.007071067811865475,0.007071067811865475,24,95.25,0.9870303343907957,0.010402567694249524,False,0.5134301360842071,False,0.008333333333333415,False,False,0.07388352668743377,0.008333333333333415,True,-2.149233476548449,0.15445138385580445,-0.20020453031190324,False,forward_only_adequate
123,assignment_isolation,plus_one_randomisation,True,ok,22.20943023423304,3.604581303555283,27.557009611630686,15.505914195044866,29.703673905956425,1.0,0.001,1.0,0.001,,,,,0.007071067811865475,0.007071067811865475,24,95.54166666666667,1.026506211006648,0.015303317232469884,False,0.5069896350121506,False,0.018055555555555602,False,False,0.20492919175416688,0.018055555555555602,True,0.5611644514437801,0.20461074905302096,3.6530638547965193,False,forward_only_adequate
124,assignment_isolation,plus_one_randomisation,True,ok,25.455110114814243,4.703197642987316,33.808277168923105,18.43498199856283,29.798368588710897,1.0,0.001,1.0,0.001,,,,,0.007071067811865475,0.007071067811865475,24,96.33333333333333,1.0340363079710304,0.016142801107812434,False,0.5286009980869344,False,0.025000000000000022,False,False,0.23760921414162972,0.025000000000000022,True,-0.6615991363068726,0.19493663742893694,4.481664398109866,False,forward_only_adequate
125,assignment_isolation,plus_one_randomisation,True,ok,17.598901293488723,3.992249442216274,25.42610636317967,11.60326298399542,29.187060851294362,1.0,0.001,1.0,0.001,,,,,0.007071067811865475,0.007071067811865475,24,96.41666666666667,1.0132612318213805,0.014062153073866941,False,0.5018435177919213,False,0.044791666666666674,False,False,0.15861436240251436,0.044791666666666674,True,0.6752284908524738,0.16633094215887484,2.938890126604568,False,forward_only_adequate
126,assignment_isolation,plus_one_randomisation,True,ok,12.804663330480977,3.289458494499527,18.32315187226687,7.55961954438201,29.481246613183465,1.0,0.001,1.0,0.001,,,,,0.007071067811865475,0.007071067811865475,24,96.41666666666667,1.0234742172601952,0.03929436299682309,False,0.5267971730755404,False,0.023958333333333415,False,False,0.10759920010463216,0.023958333333333415,True,0.30571252721966086,0.14386810144247245,2.3988273472841257,False,forward_only_adequate
127,assignment_isolation,plus_one_randomisation,True,ok,25.32173998345372,4.061535705455988,31.741646269359478,17.900716158751422,28.70564331033168,1.0,0.001,1.0,0.001,,,,,0.007071067811865475,0.007071067811865475,24,97.29166666666667,1.0010600089205122,0.02324037469293449,False,0.5215535023777126,False,0.02256944444444453,False,False,0.2450418805722442,0.02256944444444453,True,0.5948354813013271,0.2360917303547009,3.9824633277210904,False,forward_only_adequate
128,assignment_isolation,plus_one_randomisation,True,ok,25.854264443334372,4.549166586259331,33.08172229178554,18.094388691047513,29.398406434361902,1.0,0.001,1.0,0.001,,,,,0.007071067811865475,0.007071067811865475,24,95.875,1.0177274413912563,0.007666459798934971,False,0.5364672968500572,False,0.031597222222222165,False,False,0.24623687648874332,0.031597222222222165,True,0.5376661649111909,0.24448292151075965,5.229899053377129,False,forward_only_adequate
129,assignment_isolation,plus_one_randomisation,True,ok,20.71208682798055,4.834778914754979,29.087274600267477,13.245770703753015,29.486206282730308,1.0,0.001,1.0,0.001,,,,,0.007071067811865475,0.007071067811865475,24,96.5,1.0240886731104843,0.002531550411257255,False,0.504732002463695,False,0.013541666666666674,False,False,0.18952299724409746,0.013541666666666674,True,0.7298423638804256,0.13985725351414652,2.61133500040255,False,forward_only_adequate
130,assignment_isolation,plus_one_randomisation,True,ok,20.51313768731971,3.9257218295810925,26.889918574177436,13.989049131940899,29.351636051643307,1.0,0.001,1.0,0.001,,,,,0.007071067811865475,0.007071067811865475,24,96.08333333333333,1.017211709446194,0.02309368551910258,False,0.5079053649797712,False,0.029861111111111116,False,False,0.18888197259530237,0.029861111111111116,True,0.2573581548827338,0.21556927682356217,2.133411609830328,False,forward_only_adequate
131,assignment_isolation,plus_one_randomisation,True,ok,18.005528484223102,5.0350860289923345,27.268299457633347,9.91289040882626,28.44961225437605,1.0,0.001,1.0,0.001,,,,,0.007071067811865475,0.007071067811865475,24,96.625,0.9887263572781856,0.013834175403735317,False,0.5113516142161861,False,0.023958333333333304,False,False,0.16767889340062184,0.023958333333333304,True,-0.17501186092098897,0.08141345595155956,3.723239329803019,False,forward_only_adequate
132,assignment_isolation,plus_one_randomisation,True,ok,16.107140857511123,3.918179164156719,22.7024910734818,9.644872851751007,28.956446349823846,1.0,0.001,1.0,0.001,,,,,0.007071067811865475,0.007071067811865475,24,96.41666666666667,1.0052551932885379,0.017140231165758232,False,0.5098969144249753,False,0.017013888888888884,False,False,0.14424361377205913,0.017013888888888884,True,-1.3394612770450696,0.13968238908624186,2.872715963625813,False,forward_only_adequate
133,assignment_isolation,plus_one_randomisation,True,ok,18.89960442945357,4.026969522363778,26.009585896681678,11.97670156037987,29.42901291921315,1.0,0.001,1.0,0.001,,,,,0.007071067811865475,0.007071067811865475,24,95.25,1.0154608734047512,0.019716344234874682,False,0.5399170031578243,False,0.010763888888888795,False,False,0.17201089267958986,0.010763888888888795,True,-0.6575648778140983,0.19931256858679877,3.5119797607035057,False,forward_only_adequate
134,assignment_isolation,plus_one_randomisation,True,ok,23.43103736905151,3.534337574307344,29.008950964746067,16.838329893847074,28.874773093444684,1.0,0.001,1.0,0.001,,,,,0.007071067811865475,0.007071067811865475,24,97.04166666666667,1.0056635511229715,0.02079529683118982,False,0.5242417767453831,False,0.012500000000000067,False,False,0.22314960898057665,0.012500000000000067,True,-0.5838473584710291,0.13292785847832245,3.6372009860506993,False,forward_only_adequate
135,assignment_isolation,plus_one_randomisation,True,ok,16.946934639253744,3.529486382756704,22.522519518685193,9.837950219240952,29.356877866566602,1.0,0.001,1.0,0.001,,,,,0.007071067811865475,0.007071067811865475,24,95.91666666666667,1.0165105990498495,0.008572500846435658,False,0.507828835486629,False,0.03541666666666676,False,False,0.15115328138674278,0.03541666666666676,True,0.17537470258452248,0.08926712299924434,3.2429789762479664,False,forward_only_adequate
136,assignment_isolation,plus_one_randomisation,True,ok,18.115220150385635,4.199100293008909,25.06166841545105,10.814382513401537,28.55473448502277,1.0,0.001,1.0,0.001,,,,,0.007071067811865475,0.007071067811865475,24,96.91666666666667,0.9938763745307136,0.0003511488116113364,False,0.4992341664380905,False,0.014236111111111116,False,False,0.16785158280279078,0.014236111111111116,True,0.6548885566022695,0.19136424580615058,2.5471663361997963,False,forward_only_adequate
137,assignment_isolation,plus_one_randomisation,True,ok,14.761115865722877,3.3563751543897173,20.689271935482665,9.13549239342985,28.6222635082398,1.0,0.001,1.0,0.001,,,,,0.007071067811865475,0.007071067811865475,24,96.04166666666667,0.9917194393378839,0.000593866138153263,False,0.5062307527862233,False,0.02083333333333337,False,False,0.13221139477545477,0.02083333333333337,True,-0.683525545625389,0.13061435535251809,3.1767631930274094,False,forward_only_adequate
138,assignment_isolation,plus_one_randomisation,True,ok,18.764702298705775,4.03626018800998,25.19526909720594,11.035182985806228,29.43906176869923,1.0,0.001,1.0,0.001,,,,,0.007071067811865475,0.007071067811865475,24,97.16666666666667,1.0259769963813874,0.012802170057905326,False,0.49082978885996426,False,0.021874999999999978,False,False,0.16852895139637047,0.021874999999999978,True,0.5196376939196514,0.08343616894041501,3.525334133006742,False,forward_only_adequate
139,assignment_isolation,plus_one_randomisation,True,ok,25.065832143683377,4.409176404231505,33.33621352744541,17.631188701525165,29.296461543461074,1.0,0.001,1.0,0.001,,,,,0.007071067811865475,0.007071067811865475,24,96.54166666666667,1.0177182712311652,0.022213658135738574,False,0.5175774638290254,False,0.02013888888888893,False,False,0.23774315902507948,0.02013888888888893,True,0.04078776900492959,0.14377444493890895,2.7869043609744653,False,forward_only_adequate
140,assignment_isolation,plus_one_randomisation,True,ok,19.654134961988245,4.630372617896256,29.140138428684015,12.640627376347577,29.353839571564755,1.0,0.001,1.0,0.001,,,,,0.007071067811865475,0.007071067811865475,24,95.625,1.0148588584585667,0.003533316432244885,False,0.5163742169301638,False,0.00868055555555558,False,False,0.18018646630112534,0.00868055555555558,True,-2.1489539666078237,0.2150408236636046,2.9117532731269224,False,forward_only_adequate
141,assignment_isolation,plus_one_randomisation,True,ok,21.1707525792762,4.251373043815328,27.945814794132637,13.226354798024737,29.20898866550765,1.0,0.001,1.0,0.001,,,,,0.007071067811865475,0.007071067811865475,24,95.79166666666667,1.0107305470454624,0.0066712076631625225,False,0.5011391818398947,False,0.021180555555555536,False,False,0.19738805895223327,0.021180555555555536,True,-0.8889357629358724,0.2618628121934059,3.1246460772032734,False,forward_only_adequate
142,assignment_isolation,plus_one_randomisation,True,ok,20.348046790228125,3.6756508426705006,26.565692263692473,14.332002177859696,29.080906424774234,1.0,0.001,1.0,0.001,,,,,0.007071067811865475,0.007071067811865475,24,95.75,1.0060795855390865,0.00977244810832563,False,0.5246560668369542,False,0.007638888888888862,False,False,0.18952507492796455,0.007638888888888862,True,-1.565291711640048,0.25346051002330594,2.937015090043224,False,forward_only_adequate
143,assignment_isolation,plus_one_randomisation,True,ok,22.098677855029223,4.0352340214676214,28.928566098533604,15.350590704118666,28.57388405814533,1.0,0.001,1.0,0.001,,,,,0.007071067811865475,0.007071067811865475,24,96.04166666666667,0.9900431623687563,0.019477797893761913,False,0.5104785125381643,False,0.02604166666666663,False,False,0.21242775055011442,0.02604166666666663,True,-0.20584984758916322,0.09182256901778275,4.138308288686567,False,forward_only_adequate
144,assignment_isolation,plus_one_randomisation,True,ok,23.965363509386012,4.868635768034949,32.01137149747341,14.700927691916043,30.0955614099657,1.0,0.001,1.0,0.001,,,,,0.007071067811865475,0.007071067811865475,24,94.83333333333333,1.0361865809248578,0.00468104646364348,False,0.5081091543209278,False,0.029166666666666674,False,False,0.22127815978859264,0.029166666666666674,True,0.1903120847078139,0.1325046350733176,2.8983787527773877,False,forward_only_adequate
145,assignment_isolation,plus_one_randomisation,True,ok,18.931672160641202,3.809070360127957,25.115882965628344,11.925095939538075,29.13333192478462,1.0,0.001,1.0,0.001,,,,,0.007071067811865475,0.007071067811865475,24,98.25,1.020966384137769,0.009335182221293724,False,0.5272153494226072,False,0.016319444444444442,False,False,0.17126532494022761,0.016319444444444442,True,-1.206450371220771,0.19369579952806404,0.6716197562340286,False,forward_only_adequate
146,assignment_isolation,plus_one_randomisation,True,ok,14.635319650476761,4.451914906529951,22.682580482003498,6.876221246583192,29.28008193577981,1.0,0.001,1.0,0.001,,,,,0.007071067811865475,0.007071067811865475,24,94.70833333333333,1.0074451053674274,0.019498734330291395,False,0.5392093969882891,False,0.021874999999999978,False,False,0.12846399639517977,0.021874999999999978,True,-1.9957838625765252,0.2096618658860288,1.907842646918877,False,forward_only_adequate
147,assignment_isolation,plus_one_randomisation,True,ok,18.63239887881583,3.5962310205301646,25.247232435358566,12.295247560529248,29.58923297799093,1.0,0.001,1.0,0.001,,,,,0.007071067811865475,0.007071067811865475,24,94.625,1.0176341205577573,0.01110701026103227,False,0.5326378209688658,False,0.04027777777777786,False,False,0.1687441413670687,0.04027777777777786,True,-0.04952254482199391,0.18119062701515543,2.7310175242672643,False,forward_only_adequate
148,assignment_isolation,plus_one_randomisation,True,ok,16.18001968433588,4.18615016175796,23.82486705410107,9.607723655705875,28.80628185547669,1.0,0.001,1.0,0.001,,,,,0.007071067811865475,0.007071067811865475,24,96.29166666666667,0.9993936004088276,0.01970713293848645,False,0.49959048371424436,False,0.023958333333333304,False,False,0.14601775022117708,0.023958333333333304,True,-1.3436401312311974,0.14566599081143455,2.935451602928938,False,forward_only_adequate
149,assignment_isolation,plus_one_randomisation,True,ok,17.892116035962875,2.73577689914649,22.8142966435798,13.293760539246039,28.812527915442935,1.0,0.001,1.0,0.001,,,,,0.007071067811865475,0.007071067811865475,24,95.875,0.9974452316273772,0.006558101504550269,False,0.5442960756291979,False,0.017013888888888884,False,False,0.16473677884376878,0.017013888888888884,True,0.2694381145068281,0.11418563393408755,2.5313128377525964,False,forward_only_adequate
150,assignment_isolation,plus_one_randomisation,True,ok,25.6667713439989,4.526991796539596,34.28053837638156,17.825489969130956,29.53009295867303,1.0,0.001,1.0,0.001,,,,,0.007071067811865475,0.007071067811865475,24,95.125,1.01827986307066,0.03168480891901821,False,0.5070828644494548,False,0.012847222222222232,False,False,0.24406687442264624,0.012847222222222232,True,0.4012384663054335,0.12420826205238775,4.217838567071831,False,forward_only_adequate
151,assignment_isolation,plus_one_randomisation,True,ok,13.589975409353842,3.3544758934075807,19.138647635294944,7.435678411319591,28.84463685862842,1.0,0.001,1.0,0.001,,,,,0.007071067811865475,0.007071067811865475,24,97.625,1.0076288782104217,0.012657589443562784,False,0.517288369714474,False,0.019791666666666652,False,False,0.11763612728279949,0.019791666666666652,True,-0.45389360961135305,0.21799993352269614,0.8150378629687909,False,forward_only_adequate
152,assignment_isolation,plus_one_randomisation,True,ok,25.525264958957138,4.083501321339272,32.197106704413855,18.248222701943618,29.465727419746646,1.0,0.001,1.0,0.001,,,,,0.007071067811865475,0.007071067811865475,24,95.83333333333333,1.0198363105129455,0.012079527134878797,False,0.5057433893760451,False,0.01041666666666663,False,False,0.24212337397223163,0.01041666666666663,True,-0.2895675683754912,0.14315678428708087,4.230352013302847,False,forward_only_adequate
153,assignment_isolation,plus_one_randomisation,True,ok,24.75223823860992,3.2077127642698238,30.368595420145162,19.072388827469048,29.36816140927724,1.0,0.001,1.0,0.001,,,,,0.007071067811865475,0.007071067811865475,24,94.79166666666667,1.0109201300354977,0.013149702532223218,False,0.5346811092242851,False,0.03125,False,False,0.23615713113794012,0.03125,True,0.020461326431060342,0.11634856291510387,3.8350886743589303,False,forward_only_adequate
154,assignment_isolation,plus_one_randomisation,True,ok,18.163917509107623,3.853024953762608,25.185609207608405,12.008387173505778,28.78430849016739,1.0,0.001,1.0,0.001,,,,,0.007071067811865475,0.007071067811865475,24,97.125,1.002943164714781,0.005554698246368126,False,0.5027652286454026,False,0.031597222222222165,False,False,0.1665978652339053,0.031597222222222165,True,-0.4678296533983382,0.12867704013470935,2.167793405522812,False,forward_only_adequate
155,assignment_isolation,plus_one_randomisation,True,ok,15.613465674816787,3.6489444755891487,22.45094919430467,9.320273615108398,28.422147781726533,1.0,0.001,1.0,0.001,,,,,0.007071067811865475,0.007071067811865475,24,96.45833333333333,0.986919605725729,0.03966806771016436,False,0.5181000509426246,False,0.01388888888888895,False,False,0.14209408633617057,0.01388888888888895,True,0.0307797042757689,0.11638364446552854,2.5286151702077904,False,forward_only_adequate
156,assignment_isolation,plus_one_randomisation,True,ok,19.177611691852455,4.085835802455909,26.419898119816036,12.619365819386434,29.351022722904585,1.0,0.001,1.0,0.001,,,,,0.007071067811865475,0.007071067811865475,24,95.875,1.0160870904581965,0.027343932829535934,False,0.534328805720993,False,0.030902777777777835,False,False,0.17484772610776445,0.030902777777777835,True,1.5775884482741698,0.2368224302383889,4.677632660805623,False,forward_only_adequate
157,assignment_isolation,plus_one_randomisation,True,ok,17.78923064286126,2.8188273223620857,21.75195213832994,12.00803765119197,28.716600001629065,1.0,0.001,1.0,0.001,,,,,0.007071067811865475,0.007071067811865475,24,95.20833333333333,0.9906620048998985,0.030580095405856465,False,0.5225831672902723,False,0.01041666666666663,False,False,0.16494113317207326,0.01041666666666663,True,0.279404523714482,0.14234557803280803,3.3031232159412056,False,forward_only_adequate
158,assignment_isolation,plus_one_randomisation,True,ok,14.020088394814977,4.29414005110104,22.042611063060647,7.112575734774364,29.21248624575923,1.0,0.001,1.0,0.001,,,,,0.007071067811865475,0.007071067811865475,24,96.08333333333333,1.0123893270868802,0.010271400747157378,False,0.5161595787754235,False,0.025694444444444353,False,False,0.12138411434723731,0.025694444444444353,True,0.6662621268479272,0.09965003809489614,3.4582802605601217,False,forward_only_adequate
159,assignment_isolation,plus_one_randomisation,True,ok,20.959927112534157,4.630533415827241,29.35221758718309,13.01113538084408,29.038854558218333,1.0,0.001,1.0,0.001,,,,,0.007071067811865475,0.007071067811865475,24,95.5,1.0033123863738531,0.00718019382766508,False,0.48529832467216205,False,0.0253472222222223,False,False,0.19678466981669873,0.0253472222222223,True,-2.2952152238356662,0.29302619937446606,2.8781421607782436,False,forward_only_adequate
160,assignment_isolation,plus_one_randomisation,True,ok,23.266281852957338,4.181476368549718,30.71086085678654,15.575365052499485,30.470869884470886,1.0,0.001,1.0,0.001,,,,,0.007071067811865475,0.007071067811865475,24,96.91666666666667,1.060569402438654,0.03989687858408788,False,0.525955303949392,False,0.021180555555555536,False,False,0.2082295377378004,0.021180555555555536,True,-0.7894320699685115,0.1529195295723082,2.7906761416509394,False,forward_only_adequate
161,assignment_isolation,plus_one_randomisation,True,ok,16.69332003959452,3.9050671557534233,22.54154893077791,9.689194659489143,29.172098075680346,1.0,0.001,1.0,0.001,,,,,0.007071067811865475,0.007071067811865475,24,95.83333333333333,1.00967352502847,0.0005358360297437273,False,0.514474706423717,False,0.03298611111111116,False,False,0.1496773259294298,0.03298611111111116,True,0.5544148709014735,0.17974525085215054,1.7656090493419945,False,forward_only_adequate
162,assignment_isolation,plus_one_randomisation,True,ok,20.822518752054247,4.768689860196716,28.59022227968224,12.365413759960852,28.47104340931684,1.0,0.001,1.0,0.001,,,,,0.007071067811865475,0.007071067811865475,24,97.58333333333333,0.9943658816398414,0.013720631652117041,False,0.5109810248395608,False,0.014930555555555558,False,False,0.19732810361532352,0.014930555555555558,True,0.7760456659267521,0.17260966892191748,4.461787891269829,False,forward_only_adequate
163,assignment_isolation,plus_one_randomisation,True,ok,18.07789949904047,2.667671300062484,22.53882553085797,13.548278264961585,29.46376946817996,1.0,0.001,1.0,0.001,,,,,0.007071067811865475,0.007071067811865475,24,95.58333333333333,1.0184375424881547,0.026460715347438907,False,0.5394230321606996,False,0.010069444444444353,False,False,0.16272003213765418,0.010069444444444353,True,0.5924025283575189,0.14813895666739985,3.5546616626205054,False,forward_only_adequate
164,assignment_isolation,plus_one_randomisation,True,ok,22.040253925220608,3.0671989000712476,26.965745665454826,15.846850672300818,28.356759026987266,1.0,0.001,1.0,0.001,,,,,0.007071067811865475,0.007071067811865475,24,97.08333333333333,0.9878339291040276,0.013177321660615192,False,0.517057711174793,False,0.00868055555555558,False,False,0.2123267107551528,0.00868055555555558,True,-0.6539089709707803,0.21392066429469664,2.4327057561915497,False,forward_only_adequate
165,assignment_isolation,plus_one_randomisation,True,ok,20.060037533496246,3.635265366717217,26.682799881231283,14.492980911476245,29.4304172281571,1.0,0.001,1.0,0.001,,,,,0.007071067811865475,0.007071067811865475,24,95.29166666666667,1.0157314203108687,0.010933052208105512,False,0.5136166120438378,False,0.014583333333333393,False,False,0.18434731698088547,0.014583333333333393,True,1.7175152921251817,0.2099563521504694,3.282119345669584,False,forward_only_adequate
166,assignment_isolation,plus_one_randomisation,True,ok,20.425256274647047,3.599692357556461,26.029051275200693,14.321362329286824,28.68658345354383,1.0,0.001,1.0,0.001,,,,,0.007071067811865475,0.007071067811865475,24,95.29166666666667,0.9900594996409746,0.004600150249749459,False,0.5017397908311918,False,0.025347222222222188,False,False,0.19394283725189912,0.025347222222222188,True,-2.1665696491952757,0.18260816068596467,3.5536182282015085,False,forward_only_adequate
167,assignment_isolation,plus_one_randomisation,True,ok,22.586600729995,4.483852651899871,30.463787380751818,15.206210095811237,30.230307299355708,1.0,0.001,1.0,0.001,,,,,0.007071067811865475,0.007071067811865475,24,95.58333333333333,1.0449335041080665,0.05548953160840726,False,0.5381290460978199,False,0.039583333333333304,False,False,0.20470389065816869,0.039583333333333304,True,-0.601648746905051,0.18956681423840593,3.9700241966732337,False,forward_only_adequate
168,assignment_isolation,plus_one_randomisation,True,ok,23.413668998644482,4.063030296714387,29.863182872290388,16.392149751824576,29.310233684294275,1.0,0.001,1.0,0.001,,,,,0.007071067811865475,0.007071067811865475,24,96.16666666666667,1.0162172645489422,0.009467831888680896,False,0.4944879430961704,False,0.014583333333333282,False,False,0.22030884131099626,0.014583333333333282,True,-0.5179931220257201,0.14903977667348356,2.2811568950323324,False,forward_only_adequate
169,assignment_isolation,plus_one_randomisation,True,ok,16.0865410395391,4.309029133031304,23.64853731932808,8.819100561919075,29.288437341177833,1.0,0.001,1.0,0.001,,,,,0.007071067811865475,0.007071067811865475,24,96.29166666666667,1.0161213096366022,0.00015651347404973075,False,0.5023877368466306,False,0.028124999999999956,False,False,0.14220984962660488,0.028124999999999956,True,0.3937279450399364,0.16607630078167507,1.4992665654094013,False,forward_only_adequate
170,assignment_isolation,plus_one_randomisation,True,ok,20.193369815195357,3.540984922784712,25.838109047509175,14.467213350859002,28.544665102717815,1.0,0.001,1.0,0.001,,,,,0.007071067811865475,0.007071067811865475,24,95.04166666666667,0.9838683281201986,0.03420587059361421,False,0.5382367588501233,False,0.026388888888888906,False,False,0.19278812549383348,0.026388888888888906,True,-0.7365865456262262,0.13268058027765772,2.557952987093431,False,forward_only_adequate
171,assignment_isolation,plus_one_randomisation,True,ok,16.484164277557582,4.207323120472119,24.028151146726564,9.291072280099096,28.927594612065278,1.0,0.001,1.0,0.001,,,,,0.007071067811865475,0.007071067811865475,24,95.70833333333333,1.0005578553106669,0.0347255366419889,False,0.5201150285168663,False,0.014583333333333282,False,False,0.14905440531257846,0.014583333333333282,True,-0.9205262916892408,0.1107788942782192,2.801562869988251,False,forward_only_adequate
172,assignment_isolation,plus_one_randomisation,True,ok,20.62496061133216,3.0845087102753572,25.822392571989177,15.906294443629847,28.92416498770687,1.0,0.001,1.0,0.001,,,,,0.007071067811865475,0.007071067811865475,24,96.0,1.0019624665042626,0.014870962026710588,False,0.5175099603728954,False,0.012499999999999956,False,False,0.19344359357004928,0.012499999999999956,True,-2.9208795082270416,0.322700441221512,3.7722957259124916,False,forward_only_adequate
173,assignment_isolation,plus_one_randomisation,True,ok,15.499083056640288,4.020745708033004,21.46179446244011,8.145607964947182,28.937573729812218,1.0,0.001,1.0,0.001,,,,,0.007071067811865475,0.007071067811865475,24,94.5,0.9945646653392256,0.0012635457501251007,False,0.5157690661022096,False,0.016319444444444442,False,False,0.13958770438234183,0.016319444444444442,True,-0.5614357983898641,0.08217391284716347,0.7612403540323271,False,forward_only_adequate
174,assignment_isolation,plus_one_randomisation,True,ok,27.43650422634941,2.8870035001068652,32.92391619913983,23.107348462204218,29.008797633096513,1.0,0.001,1.0,0.001,,,,,0.007071067811865475,0.007071067811865475,24,96.25,1.00620183261332,0.055269571946551264,False,0.5070189961146587,False,0.02256944444444442,False,False,0.2666384002792011,0.02256944444444442,True,0.5618496855682773,0.18778280163020297,3.4089622459041564,False,forward_only_adequate
175,assignment_isolation,plus_one_randomisation,True,ok,17.317978006601642,4.021528994911829,24.587327407934005,10.318919741801109,28.838847714346407,1.0,0.001,1.0,0.001,,,,,0.007071067811865475,0.007071067811865475,24,96.04166666666667,0.9992237643325738,0.013537666526134159,False,0.4904338838972899,False,0.03993055555555558,False,False,0.1582157850823558,0.03993055555555558,True,-0.8991557864939616,0.14041624508029565,1.7566401380732601,False,forward_only_adequate
176,assignment_isolation,plus_one_randomisation,True,ok,12.13000911529857,3.464780788541316,18.83184452492414,6.263189221309995,29.446404552844836,1.0,0.001,1.0,0.001,,,,,0.007071067811865475,0.007071067811865475,24,96.91666666666667,1.0249118518435696,0.022504247603221686,False,0.5088273797311023,False,0.021180555555555536,False,False,0.10072903448020175,0.021180555555555536,True,0.33690204011081537,0.2652037855083349,1.549881099807723,False,forward_only_adequate
177,assignment_isolation,plus_one_randomisation,True,ok,12.82037664067965,3.94464783196939,19.623959588425855,6.126942323320747,29.53056153255992,1.0,0.001,1.0,0.001,,,,,0.007071067811865475,0.007071067811865475,24,95.08333333333333,1.0180729792893344,0.026377891847969657,False,0.5306716004696562,False,0.027083333333333348,False,False,0.10843539972215321,0.027083333333333348,True,-0.43346213179289855,0.1323970657828413,0.19144353202630865,False,forward_only_adequate
178,assignment_isolation,plus_one_randomisation,True,ok,20.169541932062817,3.3677685912877475,25.863341782683587,14.469991326250218,29.74305656139852,1.0,0.001,1.0,0.001,,,,,0.007071067811865475,0.007071067811865475,24,95.125,1.0256234413155993,0.06722048658417933,False,0.511420333980037,False,0.023263888888888862,False,False,0.18343724943958437,0.023263888888888862,True,0.014227853504960218,0.13064183088864256,1.487508521950382,False,forward_only_adequate
179,assignment_isolation,plus_one_randomisation,True,ok,15.73370525744375,2.8915076636576282,20.641159205931125,10.744356641722348,28.908602280364317,1.0,0.001,1.0,0.001,,,,,0.007071067811865475,0.007071067811865475,24,96.16666666666667,1.0022922726483368,0.045509687624728484,False,0.5294612292049367,False,0.02187500000000009,False,False,0.1407939128820784,0.02187500000000009,True,-1.668235054875754,0.17230433276346357,1.7795434283712663,False,forward_only_adequate
180,assignment_isolation,plus_one_randomisation,True,ok,17.295848043253685,4.481734238345618,24.778563697538388,8.966009635319107,27.80731858920404,1.0,0.001,1.0,0.001,,,,,0.007071067811865475,0.007071067811865475,24,97.54166666666667,0.9709775867519781,0.019651110837258838,False,0.5289776904355252,False,0.014236111111111116,False,False,0.16338939973351804,0.014236111111111116,True,0.24768125910474761,0.11569300365948161,3.594904722806957,False,forward_only_adequate
181,assignment_isolation,plus_one_randomisation,True,ok,21.506325749081412,4.905501658925329,29.92609392725719,13.137673181338682,28.557417349141943,1.0,0.001,1.0,0.001,,,,,0.007071067811865475,0.007071067811865475,24,95.0,0.9840920824358992,0.0768072897593999,True,0.524425899350697,False,0.01909722222222221,False,False,0.2073149177031235,0.01909722222222221,True,0.6837777191046102,0.20802892295280231,4.390311802682968,False,diagnostic_failure
182,assignment_isolation,plus_one_randomisation,True,ok,17.699027084111474,4.077204756657105,25.19121879020463,10.769984664432044,29.890149137925587,1.0,0.001,1.0,0.001,,,,,0.007071067811865475,0.007071067811865475,24,96.54166666666667,1.0383421514015905,0.0558454682455074,False,0.5092775884302337,False,0.021874999999999978,False,False,0.15515045991772844,0.021874999999999978,True,-0.861161450290053,0.13767537031224067,2.4439587138411496,False,forward_only_adequate
183,assignment_isolation,plus_one_randomisation,True,ok,24.29013692729735,3.2639052590523985,29.540850177584105,18.550458448475023,29.48001308950459,1.0,0.001,1.0,0.001,,,,,0.007071067811865475,0.007071067811865475,24,96.66666666666667,1.0247573692701504,0.012958691448874324,False,0.5303474916303408,False,0.02083333333333326,False,False,0.22758326589718358,0.02083333333333326,True,0.4701464476253847,0.13028613638060543,2.251373257167414,False,forward_only_adequate
184,assignment_isolation,plus_one_randomisation,True,ok,23.171557029424473,3.7942944586113923,29.45633609063037,16.943093876077363,28.780996887007117,1.0,0.001,1.0,0.001,,,,,0.007071067811865475,0.007071067811865475,24,95.16666666666667,0.992666276388013,0.013055202131769587,False,0.5219062394035924,False,0.0038194444444444864,False,False,0.22362848070808986,0.0038194444444444864,True,0.7521892264817714,0.1114196133991951,3.7309128748347873,False,forward_only_adequate
185,assignment_isolation,plus_one_randomisation,True,ok,18.529879961541415,3.2553578082274788,24.560960380424753,13.141128665537714,29.587862917857567,1.0,0.001,1.0,0.001,,,,,0.007071067811865475,0.007071067811865475,24,95.66666666666667,1.023172656489734,0.0019682557295417594,False,0.5251782042781352,False,0.026388888888888906,False,False,0.1665935852866598,0.026388888888888906,True,-0.03385720796319601,0.16647892947404513,3.2014123928027662,False,forward_only_adequate
186,assignment_isolation,plus_one_randomisation,True,ok,14.711571896436743,3.3282304866495878,20.33907783588279,8.972646211638516,29.13775952583394,1.0,0.001,1.0,0.001,,,,,0.007071067811865475,0.007071067811865475,24,91.375,0.9847474303925868,0.0064210682845435695,False,0.4934572501139553,False,0.014583333333333282,False,False,0.13279035474630146,0.014583333333333282,True,-0.29223052714874204,0.08149539688267642,3.463534560405271,False,forward_only_adequate
187,assignment_isolation,plus_one_randomisation,True,ok,14.306447724255635,3.432868902786196,20.540659630853842,8.137802471620539,28.72231313934438,1.0,0.001,1.0,0.001,,,,,0.007071067811865475,0.007071067811865475,24,96.125,0.9956176696413551,0.021660424992840915,False,0.5042335098178261,False,0.012847222222222232,False,False,0.12681360594430835,0.012847222222222232,True,0.2460100850025189,0.23692350197979556,2.085050747028316,False,forward_only_adequate
188,assignment_isolation,plus_one_randomisation,True,ok,26.86602933456008,3.288281525642296,32.28930490202306,21.311649530320558,28.983374539155545,1.0,0.001,1.0,0.001,,,,,0.007071067811865475,0.007071067811865475,24,95.70833333333333,1.0024871911219322,0.019611436326793564,False,0.5177016689069771,False,0.013194444444444398,False,False,0.2615211971762011,0.013194444444444398,True,1.9970551301453718,0.17914674242553558,5.330554457307198,False,forward_only_adequate
189,assignment_isolation,plus_one_randomisation,True,ok,22.23796663777452,4.215269031102163,28.886272918311153,15.292650620400032,30.064638231722988,1.0,0.001,1.0,0.001,,,,,0.007071067811865475,0.007071067811865475,24,93.5,1.0278193611501578,0.013355557611304228,False,0.5289292940061797,False,0.023958333333333304,False,False,0.204930523882154,0.023958333333333304,True,-0.9065053814586356,0.16351380006091795,0.624472682941838,False,forward_only_adequate
190,assignment_isolation,plus_one_randomisation,True,ok,21.80747454967531,2.986975036136758,26.42179521037427,16.25611145304001,28.875459869544315,1.0,0.001,1.0,0.001,,,,,0.007071067811865475,0.007071067811865475,24,96.41666666666667,1.0024436576842162,0.004840833762432961,False,0.5035786258402193,False,0.012499999999999956,False,False,0.20622426873818223,0.012499999999999956,True,-0.4065468655944515,0.09172465778168587,3.6416072164013102,False,forward_only_adequate
191,assignment_isolation,plus_one_randomisation,True,ok,22.36593310933647,3.337848301648642,28.23578659718696,16.52218220765984,29.704238018299115,1.0,0.001,1.0,0.001,,,,,0.007071067811865475,0.007071067811865475,24,95.79166666666667,1.0278678623768192,0.0377332218987051,False,0.5482296918187105,False,0.027430555555555514,False,False,0.2062814615527085,0.027430555555555514,True,-0.3368476334197693,0.21235327532620288,2.724330393324614,False,forward_only_adequate
192,assignment_isolation,plus_one_randomisation,True,ok,28.495913175607086,3.808251120978931,36.347535746873,22.89186320562224,29.843325469365798,1.0,0.001,1.0,0.001,,,,,0.007071067811865475,0.007071067811865475,24,95.0,1.028404632985585,0.017668079086069616,False,0.512663682117675,False,0.015625,False,False,0.27145970027069594,0.015625,True,0.9429404959209695,0.1549606335964094,4.123655984342931,False,forward_only_adequate
193,assignment_isolation,plus_one_randomisation,True,ok,16.224184787333684,4.698615011860478,24.475218928164292,8.60366816204942,29.654800577286288,1.0,0.001,1.0,0.001,,,,,0.007071067811865475,0.007071067811865475,24,96.20833333333333,1.0283864835964749,0.010620543323870343,False,0.5083678820779756,False,0.022222222222222254,False,False,0.1416270483981128,0.022222222222222254,True,-0.5516339355722374,0.2002769995219411,3.0719166707941925,False,forward_only_adequate
194,assignment_isolation,plus_one_randomisation,True,ok,16.646903691955867,3.7114093480426824,23.01370053991522,10.297714281096116,29.320002393540083,1.0,0.001,1.0,0.001,,,,,0.007071067811865475,0.007071067811865475,24,95.08333333333333,1.0108139039838355,0.02205688546021362,False,0.5190974154961102,False,0.04236111111111107,False,False,0.14898870621694335,0.04236111111111107,True,0.03462590836014456,0.1665004896597141,1.1144969655579733,False,forward_only_adequate
195,assignment_isolation,plus_one_randomisation,True,ok,24.10236183853596,4.809661335674639,33.052271193164884,16.797090908786906,29.157980351854324,1.0,0.001,1.0,0.001,,,,,0.007071067811865475,0.007071067811865475,24,97.41666666666667,1.0174874894167283,0.019383673007314018,False,0.5233924662021445,False,0.025347222222222188,False,False,0.22741664775828482,0.025347222222222188,True,-1.1356695503503997,0.11922484246368785,4.597856382297033,False,forward_only_adequate
196,assignment_isolation,plus_one_randomisation,True,ok,17.98839419629827,3.7462454667164864,24.38746533744964,11.553762743179325,29.821476336277684,1.0,0.001,1.0,0.001,,,,,0.007071067811865475,0.007071067811865475,24,94.29166666666667,1.023813383347835,0.012449411678405771,False,0.5155670275510241,False,0.01805555555555549,False,False,0.16077762702836162,0.01805555555555549,True,1.885245175324981,0.22904169083668094,3.384880760274964,False,forward_only_adequate
197,assignment_isolation,plus_one_randomisation,True,ok,17.684630459133626,3.4397998087673614,23.634795771546116,11.76375089597276,29.034737391584272,1.0,0.001,1.0,0.001,,,,,0.007071067811865475,0.007071067811865475,24,95.66666666666667,1.0040451204571212,0.01631556690039722,False,0.5186830713380444,False,0.03680555555555565,False,False,0.1612440063801316,0.03680555555555565,True,-0.28921900977430576,0.10080180464806417,1.4015443773558829,False,forward_only_adequate
198,assignment_isolation,plus_one_randomisation,True,ok,22.091141055859044,5.058891090345902,30.3084804851396,13.838016363635665,29.36541373485643,1.0,0.001,1.0,0.001,,,,,0.007071067811865475,0.007071067811865475,24,96.33333333333333,1.0190122962616304,0.0037339727704333338,False,0.51177566441132,False,0.016319444444444442,False,False,0.20539994254956576,0.016319444444444442,True,0.4346796058442369,0.21214845273247226,3.8696062677752985,False,forward_only_adequate
199,assignment_isolation,plus_one_randomisation,True,ok,13.713103146643826,3.92420657407169,21.71538135888568,7.364797238532279,29.229147440255375,1.0,0.001,1.0,0.001,,,,,0.007071067811865475,0.007071067811865475,24,96.16666666666667,1.0134059174270695,0.003624637478251944,False,0.5258719018153641,False,0.023263888888888862,False,False,0.11809788666698316,0.023263888888888862,True,0.2544036971050965,0.2126382353231785,3.648598560144832,False,forward_only_adequate
200,assignment_isolation,plus_one_randomisation,True,ok,21.28526056825962,4.410805808463305,28.874535199434785,14.258497385246567,29.66536647140632,1.0,0.001,1.0,0.001,,,,,0.007071067811865475,0.007071067811865475,24,94.875,1.0215993753845258,0.009326612132972568,False,0.5190778706755371,False,0.021527777777777812,False,False,0.19617881892085087,0.021527777777777812,True,0.6587738019317658,0.20576715542314644,2.637585215942408,False,forward_only_adequate
201,assignment_isolation,plus_one_randomisation,True,ok,24.944966272848536,4.583617486897862,32.471958879641186,16.148109401295244,28.820862702843662,1.0,0.001,1.0,0.001,,,,,0.007071067811865475,0.007071067811865475,24,96.5,1.0009805520671962,0.012256563722842208,False,0.5089848036951505,False,0.015277777777777724,False,False,0.24093607040389362,0.015277777777777724,True,-0.8000777277830197,0.26172788498244254,4.206819808207971,False,forward_only_adequate
202,assignment_isolation,plus_one_randomisation,True,ok,16.27529895918744,3.5999697044240158,21.696313420230798,9.795623074643025,29.063737934839864,1.0,0.001,1.0,0.001,,,,,0.007071067811865475,0.007071067811865475,24,97.0,1.0120275668569372,0.00025856682911517734,False,0.5090895296617862,False,0.02013888888888893,False,False,0.1448698135460882,0.02013888888888893,True,0.27188646777159176,0.1676511977105691,2.9559477213737915,False,forward_only_adequate
203,assignment_isolation,plus_one_randomisation,True,ok,19.31939092554499,4.057703872914559,26.701309477137865,12.794987372176442,29.424064655308065,1.0,0.001,1.0,0.001,,,,,0.007071067811865475,0.007071067811865475,24,95.54166666666667,1.016843411941651,0.024169986281770462,False,0.508814074040328,False,0.03541666666666665,False,False,0.1762060809986153,0.03541666666666665,True,0.2918085873111306,0.14563589276493913,0.6089523372312482,False,forward_only_adequate
204,assignment_isolation,plus_one_randomisation,True,ok,23.387099408644172,3.7735217396477463,30.485041731217578,17.126086134069208,29.00794110807892,1.0,0.001,1.0,0.001,,,,,0.007071067811865475,0.007071067811865475,24,95.91666666666667,1.0044283226234187,0.06258936426238519,False,0.5528867020673325,False,0.018055555555555602,False,False,0.2229841035265027,0.018055555555555602,True,0.1711595339397089,0.1847466525933537,4.520355239346474,False,forward_only_adequate
205,assignment_isolation,plus_one_randomisation,True,ok,26.44130192001064,4.20442912555453,33.20098657056761,19.03475532719513,29.370511078057454,1.0,0.001,1.0,0.001,,,,,0.007071067811865475,0.007071067811865475,24,95.375,1.0141070122838858,0.006799926791798824,False,0.500876492475177,False,0.036111111111111094,False,False,0.2535747593603067,0.036111111111111094,True,0.40232859234842966,0.1655497537434193,3.7850578294276467,False,forward_only_adequate
206,assignment_isolation,plus_one_randomisation,True,ok,10.141674949553982,3.5642268843174394,16.452792645149344,4.12617870936959,29.159356178001836,0.999,0.001,0.999,0.001,,,,,0.007071067811865475,0.007071067811865475,24,96.5,1.0127368061782691,0.00966344319913888,False,0.48966876100167334,False,0.006597222222222143,False,False,0.08258352042358999,0.006597222222222143,True,-1.1870896171724192,0.16891938852172916,1.0734503391574675,False,forward_only_adequate
207,assignment_isolation,plus_one_randomisation,True,ok,23.751467708883855,4.130623921698451,30.249678961801543,16.429513831235735,29.234201856283093,1.0,0.001,1.0,0.001,,,,,0.007071067811865475,0.007071067811865475,24,94.91666666666667,1.0069722137841814,0.010566586879805087,False,0.5068675827043306,False,0.030555555555555558,False,False,0.22630764103114853,0.030555555555555558,True,-0.4780952952063648,0.15858193318531358,2.5878005329523943,False,forward_only_adequate
208,assignment_isolation,plus_one_randomisation,True,ok,15.91045993427538,3.540846210579111,22.424463536274235,10.02602059457789,29.338536283344332,1.0,0.001,1.0,0.001,,,,,0.007071067811865475,0.007071067811865475,24,95.41666666666667,1.0132242365444464,0.004178452423167319,False,0.5134653356073968,False,0.02083333333333326,False,False,0.14084772844981402,0.02083333333333326,True,-0.7265042324458554,0.1377442727161984,2.5557831053341973,False,forward_only_adequate
209,assignment_isolation,plus_one_randomisation,True,ok,20.733481749050615,3.638752397689815,27.40984124324565,14.434426598692554,29.112209178576343,1.0,0.001,1.0,0.001,,,,,0.007071067811865475,0.007071067811865475,24,97.41666666666667,1.0158902732987296,0.02190079449382853,False,0.5210859134986087,False,0.021527777777777812,False,False,0.19153112744387465,0.021527777777777812,True,-0.5409512791577363,0.10081184627075598,2.0847806733878826,False,forward_only_adequate
210,assignment_isolation,plus_one_randomisation,True,ok,20.605597617602474,4.856082389852425,27.421801106459643,11.781313220736013,28.912319603658453,1.0,0.001,1.0,0.001,,,,,0.007071067811865475,0.007071067811865475,24,96.125,1.0022039704138384,0.01627634104534137,False,0.5198169104838455,False,0.03923611111111114,False,False,0.1931787666235283,0.03923611111111114,True,-1.1917156285257997,0.21192810052709868,2.889021306153532,False,forward_only_adequate
211,assignment_isolation,plus_one_randomisation,True,ok,20.97595260313805,3.9458334782898317,28.365710263825406,14.525160216185043,29.262969671858016,1.0,0.001,1.0,0.001,,,,,0.007071067811865475,0.007071067811865475,24,95.95833333333333,1.0134789944015852,0.0021750652145078194,False,0.5050430839419169,False,0.03888888888888886,False,False,0.19466995457945427,0.03888888888888886,True,-0.9865670897433223,0.3097022937388728,2.2963020382364094,False,forward_only_adequate
212,assignment_isolation,plus_one_randomisation,True,ok,19.567338961658404,2.987740130970603,24.53627475727723,14.621946742184974,28.98249072714908,1.0,0.001,1.0,0.001,,,,,0.007071067811865475,0.007071067811865475,24,96.41666666666667,1.0061593527715718,0.014047892830016721,False,0.514105893192036,False,0.023958333333333415,False,False,0.1810678742763374,0.023958333333333415,True,1.5614226775508047,0.29064730581274,2.8289942857833643,False,forward_only_adequate
213,assignment_isolation,plus_one_randomisation,True,ok,32.45611529781641,3.4408362472277974,38.32885704436514,26.45744425616672,29.262424480677453,1.0,0.001,1.0,0.001,,,,,0.007071067811865475,0.007071067811865475,24,96.66666666666667,1.0171937521954946,0.013629388956867211,False,0.5280931321301389,False,0.00868055555555558,False,False,0.31691910977845794,0.00868055555555558,True,0.968089978509761,0.21914649562334737,4.386057193415446,False,forward_only_adequate
214,assignment_isolation,plus_one_randomisation,True,ok,17.86956500541847,2.962892848866173,23.083545535424243,12.999044423578948,28.712587051488473,1.0,0.001,1.0,0.001,,,,,0.007071067811865475,0.007071067811865475,24,97.125,1.000444145962564,0.012854484725995045,False,0.5011941258208751,False,0.010069444444444464,False,False,0.16391490667271028,0.010069444444444464,True,-1.239187390907801,0.1359401467785379,1.8646273593493006,False,forward_only_adequate
215,assignment_isolation,plus_one_randomisation,True,ok,20.176655727119666,2.7325402886829644,24.734662483706717,15.228935160007623,29.59748228044975,1.0,0.001,1.0,0.001,,,,,0.007071067811865475,0.007071067811865475,24,96.04166666666667,1.0255093390685397,0.0175166686384072,False,0.5073835382015853,False,0.01909722222222221,False,False,0.1835364350096323,0.01909722222222221,True,1.0680463930341437,0.18990486713500218,3.5125763836451736,False,forward_only_adequate
216,assignment_isolation,plus_one_randomisation,True,ok,20.362445370483535,3.5103850241222285,26.434470616299635,14.60225051623258,29.22238387039937,1.0,0.001,1.0,0.001,,,,,0.007071067811865475,0.007071067811865475,24,97.33333333333333,1.0192986436110152,0.03968202734154774,False,0.5169908673869754,False,0.021180555555555536,False,False,0.1868228732928425,0.021180555555555536,True,0.8763738712366422,0.13787964948509523,2.850663916831129,False,forward_only_adequate
217,assignment_isolation,plus_one_randomisation,True,ok,17.118077787506095,3.9520265213601338,24.35244668334368,10.07458359436523,29.745334647099117,1.0,0.001,1.0,0.001,,,,,0.007071067811865475,0.007071067811865475,24,97.08333333333333,1.0362062451845682,0.0013668277667187709,False,0.5047264529612875,False,0.01736111111111105,False,False,0.14953405833417807,0.01736111111111105,True,-1.924139646180085,0.17277156259717688,2.1858637320817755,False,forward_only_adequate
218,assignment_isolation,plus_one_randomisation,True,ok,15.529608908413055,3.1007369230806714,22.38671387242877,10.61367603046488,29.700919312390635,1.0,0.001,1.0,0.001,,,,,0.007071067811865475,0.007071067811865475,24,95.83333333333333,1.0279765212954515,0.007060451666848395,False,0.4956834568073761,False,0.01388888888888895,False,False,0.13455360681016373,0.01388888888888895,True,0.7029592193825034,0.1284628877538599,3.4533300578954864,False,forward_only_adequate
219,assignment_isolation,plus_one_randomisation,True,ok,16.147351067872243,4.286919959434712,22.247382311520198,7.830000805935198,28.950951254538015,1.0,0.001,1.0,0.001,,,,,0.007071067811865475,0.007071067811865475,24,96.04166666666667,1.0031079875350681,0.01678969343558132,False,0.494688617416402,False,0.02256944444444442,False,False,0.1450339979786894,0.02256944444444442,True,-1.2347189818906321,0.19293097007645651,2.678975494058899,False,forward_only_adequate
220,assignment_isolation,plus_one_randomisation,True,ok,24.589420085613472,3.3064888648590087,30.195976700766614,18.84451392236894,28.476013008314172,1.0,0.001,1.0,0.001,,,,,0.007071067811865475,0.007071067811865475,24,95.83333333333333,0.9855813715651167,0.009298661250822148,False,0.5110988277708219,False,0.01736111111111116,False,False,0.24124999541633071,0.01736111111111116,True,0.04357470704975287,0.09743171562769436,4.402335542288066,False,forward_only_adequate
221,assignment_isolation,plus_one_randomisation,True,ok,18.63746523089169,3.6050504726185055,24.108436750247364,11.427099444122106,29.325996243901535,1.0,0.001,1.0,0.001,,,,,0.007071067811865475,0.007071067811865475,24,95.91666666666667,1.0154412926713723,0.014809992640651679,False,0.5321380128084185,False,0.025347222222222188,False,False,0.16922494655773512,0.025347222222222188,True,1.3779497643285132,0.22230013443528798,2.477354784880349,False,forward_only_adequate
222,assignment_isolation,plus_one_randomisation,True,ok,20.295009727508933,4.230673858970379,27.32618366800567,12.897119948657743,28.263824518492797,1.0,0.001,1.0,0.001,,,,,0.007071067811865475,0.007071067811865475,24,97.0,0.9841738052294102,0.021602839687712233,False,0.5172054621308384,False,0.03402777777777777,False,False,0.19384504434535083,0.03402777777777777,True,-0.36394597008421287,0.10163745641540599,2.777355871032939,False,forward_only_adequate
223,assignment_isolation,plus_one_randomisation,True,ok,16.482400460095047,4.179437874019291,23.406793742119124,9.041020930255925,29.95284101533857,1.0,0.001,1.0,0.001,,,,,0.007071067811865475,0.007071067811865475,24,96.66666666666667,1.0411933830508766,0.010174599763594886,False,0.5058783511012789,False,0.02083333333333326,False,False,0.14219900666003477,0.02083333333333326,True,0.5687694409237282,0.1984463126658358,2.0902226532923343,False,forward_only_adequate
224,assignment_isolation,plus_one_randomisation,True,ok,22.616179245085164,2.8823682559529957,27.335400995150486,17.516796687228847,29.29402117297793,1.0,0.001,1.0,0.001,,,,,0.007071067811865475,0.007071067811865475,24,96.79166666666667,1.0189502534445196,0.0005517335534033223,False,0.49313627481740246,False,0.030208333333333393,False,False,0.2110547365696995,0.030208333333333393,True,1.5847147419397138,0.13652805110634314,4.102773568775855,False,forward_only_adequate
225,assignment_isolation,plus_one_randomisation,True,ok,22.202804019284788,4.581395571849225,29.252049084683012,13.98680551590383,28.92106612345655,1.0,0.001,1.0,0.001,,,,,0.007071067811865475,0.007071067811865475,24,96.54166666666667,1.004677557173997,0.033184200022151354,False,0.5076116248895286,False,0.023263888888888862,False,False,0.2100019826289099,0.023263888888888862,True,0.6603128753027188,0.1457361832163168,4.463500238019189,False,forward_only_adequate
226,assignment_isolation,plus_one_randomisation,True,ok,20.33447205713551,3.5166893412113285,26.80119998890597,14.461075551758956,28.556274712765692,1.0,0.001,1.0,0.001,,,,,0.007071067811865475,0.007071067811865475,24,96.91666666666667,0.9939299837129628,0.002337332387880573,False,0.5132139844404203,False,0.029166666666666674,False,False,0.19207056861218455,0.029166666666666674,True,-1.7257881507758754,0.19249938376662382,3.7651088447706655,False,forward_only_adequate
227,assignment_isolation,plus_one_randomisation,True,ok,27.249811326448597,3.3724930332466765,32.71465809876829,20.919562322243596,28.957485521640294,1.0,0.001,1.0,0.001,,,,,0.007071067811865475,0.007071067811865475,24,95.58333333333333,1.0009374538157967,0.017617152765865726,False,0.5348224437278143,False,0.010763888888888906,False,False,0.2661673231166266,0.010763888888888906,True,-0.4086421188878278,0.17255690194782755,5.26448457704706,False,forward_only_adequate
228,assignment_isolation,plus_one_randomisation,True,ok,15.723113122262816,4.0864695205072925,22.900146540657495,9.197051701686924,29.102287719292278,1.0,0.001,1.0,0.001,,,,,0.007071067811865475,0.007071067811865475,24,95.0,1.0028683818002033,0.015243148755742236,False,0.49629879823384226,False,0.01041666666666674,False,False,0.14058654033332535,0.01041666666666674,True,0.7030406040362799,0.08254779479975573,1.82277645971464,False,forward_only_adequate
229,assignment_isolation,plus_one_randomisation,True,ok,17.50112592765379,5.263898855032214,26.65031530590045,8.925257367710389,29.838242464488633,1.0,0.001,1.0,0.001,,,,,0.007071067811865475,0.007071067811865475,24,96.66666666666667,1.0372098125845202,0.03248678219036997,False,0.5092132895230769,False,0.03472222222222221,False,False,0.15330771718340178,0.03472222222222221,True,-0.35589531712036054,0.12955323875947075,2.7350905287186915,False,forward_only_adequate
230,assignment_isolation,plus_one_randomisation,True,ok,22.66459537867095,3.7070949299875537,28.62739266116239,15.37343640561028,29.486778398639412,1.0,0.001,1.0,0.001,,,,,0.007071067811865475,0.007071067811865475,24,97.25,1.0280805370758777,0.00028837101460485486,False,0.48824593697269647,False,0.028124999999999956,False,False,0.20941194731677806,0.028124999999999956,True,0.5450518862177184,0.19830854337142106,2.724854600958763,False,forward_only_adequate
231,assignment_isolation,plus_one_randomisation,True,ok,18.832486828997435,4.034595573274706,26.092960690897755,11.986888875649807,28.695879103452615,1.0,0.001,1.0,0.001,,,,,0.007071067811865475,0.007071067811865475,24,94.91666666666667,0.9884296841535462,0.01973296802151152,False,0.5090947913048584,False,0.016319444444444442,False,False,0.17678653269252376,0.016319444444444442,True,2.126372637642893,0.1642451711370016,3.103052500454556,False,forward_only_adequate
232,assignment_isolation,plus_one_randomisation,True,ok,17.453674442314355,3.4406163309852356,24.159914588561396,12.352737173107233,28.808859576775045,1.0,0.001,1.0,0.001,,,,,0.007071067811865475,0.007071067811865475,24,95.25,0.9940622129574639,0.014719443983041577,False,0.5051845181710847,False,0.019444444444444375,False,False,0.1606479823747895,0.019444444444444375,True,-2.1135416526416466,0.27761994407049734,1.9668551783234596,False,forward_only_adequate
233,assignment_isolation,plus_one_randomisation,True,ok,25.445231235367572,4.008557422873441,31.86841210663843,18.514615918147193,29.293722116325778,1.0,0.001,1.0,0.001,,,,,0.007071067811865475,0.007071067811865475,24,95.83333333333333,1.0138830465215112,0.009016764232682275,False,0.5093114149127937,False,0.01388888888888884,False,False,0.2428693954255149,0.01388888888888884,True,2.4896177267602813,0.2369381682061983,4.404687997517568,False,forward_only_adequate
234,assignment_isolation,plus_one_randomisation,True,ok,16.176589398937498,3.3731651269279705,21.633417842686008,9.695023981690149,28.640771533170295,1.0,0.001,1.0,0.001,,,,,0.007071067811865475,0.007071067811865475,24,95.58333333333333,0.9899899945493456,0.018283506597588744,False,0.5102902485612207,False,0.029861111111111116,False,False,0.14761772584959196,0.029861111111111116,True,-1.263303487424002,0.20205372210992278,2.6923279902002166,False,forward_only_adequate
235,assignment_isolation,plus_one_randomisation,True,ok,23.847343488430198,5.025452546229472,32.08500990754251,14.68331526345351,29.377940298717515,1.0,0.001,1.0,0.001,,,,,0.007071067811865475,0.007071067811865475,24,96.0,1.0176817043820787,0.026123973784050656,False,0.5107544515471636,False,0.019444444444444375,False,False,0.22461843519930202,0.019444444444444375,True,-1.2637392000595804,0.16989283671742156,3.1853874324468596,False,forward_only_adequate
236,assignment_isolation,plus_one_randomisation,True,ok,19.29258193731835,2.818828316633653,24.785448837447788,14.500671875303146,28.755564536856806,1.0,0.001,1.0,0.001,,,,,0.007071067811865475,0.007071067811865475,24,94.41666666666667,0.9878732750455071,0.01003211929216087,False,0.5346680009199541,False,0.020486111111111094,False,False,0.18195691672661873,0.020486111111111094,True,0.9504284179676321,0.12466506880685733,2.645250984005969,False,forward_only_adequate
237,assignment_isolation,plus_one_randomisation,True,ok,17.734909040190463,3.733388880664146,23.533281640494845,11.07593355763445,28.836819470539133,1.0,0.001,1.0,0.001,,,,,0.007071067811865475,0.007071067811865475,24,96.375,1.0008858757238621,0.01156514027682636,False,0.5132053407083483,False,0.018402777777777768,False,False,0.16238210268172973,0.018402777777777768,True,-1.1457709151357618,0.14198515393915737,1.985471199268426,False,forward_only_adequate
238,assignment_isolation,plus_one_randomisation,True,ok,17.052568586173624,3.395946697980012,22.917855791220465,11.346774912928197,29.220596274309266,1.0,0.001,1.0,0.001,,,,,0.007071067811865475,0.007071067811865475,24,97.58333333333333,1.0205444022061076,0.0031739311933565487,False,0.5008478077342987,False,0.02013888888888893,False,False,0.15155496932725754,0.02013888888888893,True,-2.2678288055312246,0.3082429307563756,1.8652394349497345,False,forward_only_adequate
239,assignment_isolation,plus_one_randomisation,True,ok,24.967750960127855,4.399475538388949,33.116150281167464,17.923669727118064,29.373603501944164,1.0,0.001,1.0,0.001,,,,,0.007071067811865475,0.007071067811865475,24,96.125,1.0181937132185428,0.0007515987675670182,False,0.5267777092429256,False,0.021527777777777812,False,False,0.23656029534170886,0.021527777777777812,True,0.32856258874650046,0.12461851446025402,3.1792780171640787,False,forward_only_adequate
240,assignment_isolation,plus_one_randomisation,True,ok,24.613090992500148,4.028948914728244,31.012891045833925,16.58698694949623,29.15600094036212,1.0,0.001,1.0,0.001,,,,,0.007071067811865475,0.007071067811865475,24,95.58333333333333,1.0077992898550518,0.00025414395539937655,False,0.5106471348177408,False,0.021180555555555647,False,False,0.23547425526319482,0.021180555555555647,True,-0.30878117863275695,0.2371483794118005,4.12077943189625,False,forward_only_adequate
241,assignment_isolation,plus_one_randomisation,True,ok,19.273920455760862,4.05483185203962,25.920266146204035,11.654222118510802,29.16366477814588,1.0,0.001,1.0,0.001,,,,,0.007071067811865475,0.007071067811865475,24,96.375,1.0122302215267835,0.00715584382459883,False,0.5197689596404702,False,0.009722222222222188,False,False,0.17665764824920638,0.009722222222222188,True,-0.16793199728944092,0.20206761811396878,3.0780616865148245,False,forward_only_adequate
242,assignment_isolation,plus_one_randomisation,True,ok,21.310024600431827,3.5247540944863234,27.415986022367985,15.733489495458667,28.731779406653068,1.0,0.001,1.0,0.001,,,,,0.007071067811865475,0.007071067811865475,24,96.125,0.99594580418095,0.013669461259207833,False,0.5191059484802512,False,0.025347222222222188,False,False,0.20231353863370263,0.025347222222222188,True,-0.09228229511576114,0.16477211106122824,3.4632913661968097,False,forward_only_adequate
243,assignment_isolation,plus_one_randomisation,True,ok,13.11118159575404,3.499118484817163,18.55473430999009,7.179850034532847,28.42456834537354,1.0,0.001,1.0,0.001,,,,,0.007071067811865475,0.007071067811865475,24,96.91666666666667,0.9893458105701525,0.015878545001492238,False,0.5107462990228008,False,0.010763888888888906,False,False,0.11521107868495398,0.010763888888888906,True,0.21873155076992298,0.16639201128150233,2.4905133483751096,False,forward_only_adequate
244,assignment_isolation,plus_one_randomisation,True,ok,19.52203908646897,3.146828520955153,25.219534403611142,14.266997551599605,29.141323238134838,1.0,0.001,1.0,0.001,,,,,0.007071067811865475,0.007071067811865475,24,97.04166666666667,1.0149470791421855,0.00404257853268505,False,0.5390606832860529,False,0.019444444444444486,False,False,0.17875581794176496,0.019444444444444486,True,1.2736859224027868,0.1439039761290427,2.695206754299537,False,forward_only_adequate
245,assignment_isolation,plus_one_randomisation,True,ok,22.767916062139236,4.001000732241419,29.01416499984012,15.900567426813817,29.151398671855627,1.0,0.001,1.0,0.001,,,,,0.007071067811865475,0.007071067811865475,24,95.625,1.0078598101779066,0.04428739492240892,False,0.5166283514102601,False,0.03472222222222221,False,False,0.2153797954185727,0.03472222222222221,True,-0.7451464462681798,0.08390839132219165,3.318933734991701,False,forward_only_adequate
246,assignment_isolation,plus_one_randomisation,True,ok,20.92277723566803,3.5153973972146124,26.96563514267107,15.260163273201584,28.698762175685133,1.0,0.001,1.0,0.001,,,,,0.007071067811865475,0.007071067811865475,24,95.66666666666667,0.9924268209158333,0.019687801636731006,False,0.4932171778524424,False,0.017708333333333437,False,False,0.1988783157425374,0.017708333333333437,True,0.01750195483401613,0.11318299975275843,3.413412195354809,False,forward_only_adequate
247,assignment_isolation,plus_one_randomisation,True,ok,19.046328754841284,4.408448855324623,26.645365678420106,11.862866658946992,29.440326560358653,1.0,0.001,1.0,0.001,,,,,0.007071067811865475,0.007071067811865475,24,96.33333333333333,1.0216118540619639,0.024559511405390182,False,0.5247533870953976,False,0.03576388888888882,False,False,0.17235223970811797,0.03576388888888882,True,-2.438073129633361,0.2424656539354514,2.6370965822051673,False,forward_only_adequate
248,assignment_isolation,plus_one_randomisation,True,ok,28.379354437455373,4.053390964901274,34.6960151378021,20.82622690455191,29.785800913703536,1.0,0.001,1.0,0.001,,,,,0.007071067811865475,0.007071067811865475,24,95.5,1.0291198964088182,0.001119520153333044,False,0.5166518114855679,False,0.0215277777777777,False,False,0.27001301567050673,0.0215277777777777,True,-1.1594762762681325,0.18067455363302862,4.638565255164769,False,forward_only_adequate
249,assignment_isolation,plus_one_randomisation,True,ok,18.874827381252242,3.114356681597899,24.099210700995297,12.791515873371324,29.109375227769544,1.0,0.001,1.0,0.001,,,,,0.007071067811865475,0.007071067811865475,24,96.54166666666667,1.0112191531894135,0.020314487588739782,False,0.5194055167436936,False,0.01805555555555549,False,False,0.1725902902924653,0.01805555555555549,True,0.529324306961567,0.09155631409948976,2.1836655128798816,False,forward_only_adequate
250,assignment_isolation,plus_one_randomisation,True,ok,15.157853425972405,3.3390349074845216,21.50254630901944,9.736798938996692,29.194707778160343,1.0,0.001,1.0,0.001,,,,,0.007071067811865475,0.007071067811865475,24,96.625,1.0146211067907105,0.012678895125138147,False,0.5225439218406429,False,0.035069444444444486,False,False,0.13279020582999027,0.035069444444444486,True,0.9048725147466615,0.21136353666808932,3.1148926189478776,False,forward_only_adequate
251,assignment_isolation,plus_one_randomisation,True,ok,24.797971629425877,3.442639126135,29.702976886941162,17.282780987419407,28.862519182563375,1.0,0.001,1.0,0.001,,,,,0.007071067811865475,0.007071067811865475,24,96.95833333333333,1.0048050563840347,0.027549193304930223,False,0.5116893195017654,False,0.02673611111111107,False,False,0.2382910264991213,0.02673611111111107,True,1.972621622410863,0.19881430879446235,3.981167213113843,False,forward_only_adequate
252,assignment_isolation,plus_one_randomisation,True,ok,14.840484961305313,3.496759085627132,21.545531536794787,9.32832627490667,29.544278050860363,1.0,0.001,1.0,0.001,,,,,0.007071067811865475,0.007071067811865475,24,95.66666666666667,1.0216654559098177,0.03288628865768061,False,0.505216448396454,False,0.024652777777777857,False,False,0.12844948308969625,0.024652777777777857,True,-0.8843158010427141,0.10877737729055457,1.5383893390555463,False,forward_only_adequate
253,assignment_isolation,plus_one_randomisation,True,ok,21.471152805604195,4.033416626623856,28.08942463796695,13.969980227120525,29.425220109777086,1.0,0.001,1.0,0.001,,,,,0.007071067811865475,0.007071067811865475,24,95.54166666666667,1.0168833423958008,0.00496993646005272,False,0.5130563215335036,False,0.023611111111111138,False,False,0.19923039246523297,0.023611111111111138,True,-0.901206237450762,0.2720535942331875,3.704061661790324,False,forward_only_adequate
254,assignment_isolation,plus_one_randomisation,True,ok,22.390375124506118,4.572761929903551,29.711482365131708,14.256550485482354,29.48684351212404,1.0,0.001,1.0,0.001,,,,,0.007071067811865475,0.007071067811865475,24,96.125,1.0221190152824289,0.02397236602294646,False,0.5134550222651617,False,0.009375000000000022,False,False,0.2078825607190109,0.009375000000000022,True,0.527656443858617,0.11378284804050914,3.349796529450458,False,forward_only_adequate
255,assignment_isolation,plus_one_randomisation,True,ok,18.669804596101738,3.871738012653957,25.587120254010447,11.997991462611022,28.277718110771684,1.0,0.001,1.0,0.001,,,,,0.007071067811865475,0.007071067811865475,24,98.125,0.9903511317950316,0.012949080992073944,False,0.493152225562459,False,0.02777777777777779,False,False,0.17460643901493855,0.02777777777777779,True,-0.24319147180035863,0.10370346538369367,2.1710324944138444,False,forward_only_adequate
256,assignment_isolation,plus_one_randomisation,True,ok,20.184656550474912,4.992678173682697,28.260660782945894,11.705448949115603,29.757785393723562,1.0,0.001,1.0,0.001,,,,,0.007071067811865475,0.007071067811865475,24,97.04166666666667,1.0364174996547895,0.02426257677148782,False,0.5350967592097825,False,0.024652777777777857,False,False,0.18137038869384742,0.024652777777777857,True,0.4977731927805646,0.13995217527482287,1.8096601571236193,False,forward_only_adequate
257,assignment_isolation,plus_one_randomisation,True,ok,19.291476665883632,3.7574747844171292,26.095527114323055,13.420721752178366,28.65923357459858,1.0,0.001,1.0,0.001,,,,,0.007071067811865475,0.007071067811865475,24,96.16666666666667,0.9936463919376294,0.033162404885525035,False,0.5172035476987882,False,0.01666666666666672,False,False,0.18071254718000507,0.01666666666666672,True,-0.34112433108145335,0.1927189479387797,4.298313175082729,False,forward_only_adequate
258,assignment_isolation,plus_one_randomisation,True,ok,18.098013718316057,3.7230293466783877,23.95595539760211,11.405362225912462,30.015742464949888,1.0,0.001,1.0,0.001,,,,,0.007071067811865475,0.007071067811865475,24,95.375,1.0363856056748644,0.007698646576558235,False,0.5205269071785343,False,0.006597222222222254,False,False,0.15962412957323338,0.006597222222222254,True,-1.062287025145716,0.23138220222942363,2.9123091319458765,False,forward_only_adequate
259,assignment_isolation,plus_one_randomisation,True,ok,16.784424036974478,3.554736226132278,22.671015779235233,10.97715806192705,29.078033700217407,1.0,0.001,1.0,0.001,,,,,0.007071067811865475,0.007071067811865475,24,96.91666666666667,1.0120903322568906,0.03878874682998557,False,0.4835197655912518,False,0.022916666666666696,False,False,0.15021649128932274,0.022916666666666696,True,-1.9868267522290435,0.24471798212880824,0.7132618381729656,False,forward_only_adequate
260,assignment_isolation,plus_one_randomisation,True,ok,26.62650703531202,3.6803428659742305,33.13622626976328,20.873059908541954,29.136920916094443,1.0,0.001,1.0,0.001,,,,,0.007071067811865475,0.007071067811865475,24,96.45833333333333,1.0117391100563362,0.008129581636402984,False,0.5006124316288352,False,0.015625,False,False,0.25624790028636196,0.015625,True,0.9349226552286176,0.18482743814411506,4.58402734870433,False,forward_only_adequate
261,assignment_isolation,plus_one_randomisation,True,ok,17.88471629065957,3.5449131030088803,25.001720549015623,12.166028667877137,28.73743599360328,1.0,0.001,1.0,0.001,,,,,0.007071067811865475,0.007071067811865475,24,96.29166666666667,0.9970050896625914,0.006988428418114489,False,0.5237621053060374,False,0.012499999999999956,False,False,0.16474213262524665,0.012499999999999956,True,-0.1480512421089564,0.09840630204123106,2.276310430037017,False,forward_only_adequate
262,assignment_isolation,plus_one_randomisation,True,ok,12.220227933567308,3.7885574488730516,18.91136409977198,5.767886958581134,28.9241718399367,1.0,0.001,1.0,0.001,,,,,0.007071067811865475,0.007071067811865475,24,95.29166666666667,0.9982593830231685,0.01072584747059812,False,0.5108241410953929,False,0.016319444444444442,False,False,0.10485196340427444,0.016319444444444442,True,0.6285477851614653,0.16253797922216295,1.5867926159323538,False,forward_only_adequate
263,assignment_isolation,plus_one_randomisation,True,ok,13.524938964680482,4.074661998099229,20.599031022857755,6.359463935230742,29.356956426922135,1.0,0.001,1.0,0.001,,,,,0.007071067811865475,0.007071067811865475,24,95.45833333333333,1.0140817301679987,0.01966685015964747,False,0.5081768811832919,False,0.015972222222222276,False,False,0.11608595002148965,0.015972222222222276,True,0.1460563053160645,0.09489536395548437,1.5391309443119858,False,forward_only_adequate
264,assignment_isolation,plus_one_randomisation,True,ok,18.13568778319757,4.120538643656334,25.55032134985732,11.067097676719685,28.949835251454996,1.0,0.001,1.0,0.001,,,,,0.007071067811865475,0.007071067811865475,24,95.20833333333333,0.9987081280548953,0.022809654285928314,False,0.5030017258006352,False,0.015625,False,False,0.16712130064744166,0.015625,True,-0.22189448055072294,0.10737616089678037,3.3872441947019474,False,forward_only_adequate
265,assignment_isolation,plus_one_randomisation,True,ok,22.057714459867896,2.8535288878130984,26.959586995654096,17.29058841123957,29.131572100175596,1.0,0.001,1.0,0.001,,,,,0.007071067811865475,0.007071067811865475,24,96.91666666666667,1.0139537903421525,0.0232350234601619,False,0.5077780955137758,False,0.017708333333333326,False,False,0.2062225945730213,0.017708333333333326,True,0.3551258683817301,0.09796909067209034,2.2381382295936536,False,forward_only_adequate
266,assignment_isolation,plus_one_randomisation,True,ok,17.90276909419767,3.8656006378236256,23.630139109410482,10.189159671362008,28.87025117942392,1.0,0.001,1.0,0.001,,,,,0.007071067811865475,0.007071067811865475,24,96.91666666666667,1.004858251756706,0.024703313580969336,False,0.4994314928530386,False,0.017708333333333326,False,False,0.16342593787700432,0.017708333333333326,True,-1.4148513173479698,0.18690151545799827,3.1205617271368356,False,forward_only_adequate
267,assignment_isolation,plus_one_randomisation,True,ok,11.08417807822313,4.48602115038696,19.435245622219036,4.24601229296512,28.390726922839608,1.0,0.001,1.0,0.001,,,,,0.007071067811865475,0.007071067811865475,24,95.375,0.9802769580607784,0.06997295381380157,True,0.5067648040869349,False,0.043749999999999956,False,False,0.09541043288995343,0.043749999999999956,False,-0.11642808276697901,0.24048043683902956,1.0537356450142839,False,diagnostic_failure
268,assignment_isolation,plus_one_randomisation,True,ok,19.401011122253436,4.147911184954534,26.829469329386406,12.22724244905635,28.82383497687934,1.0,0.001,1.0,0.001,,,,,0.007071067811865475,0.007071067811865475,24,96.25,0.9997862008451693,0.009260968541393709,False,0.5015271205167422,False,0.01388888888888895,False,False,0.18060754607468132,0.01388888888888895,True,1.5969268590784707,0.16150252415933328,2.9402348092480923,False,forward_only_adequate
269,assignment_isolation,plus_one_randomisation,True,ok,20.744644722507996,2.6345227722667977,25.199823333735655,15.684986656162607,29.308093279195695,1.0,0.001,1.0,0.001,,,,,0.007071067811865475,0.007071067811865475,24,95.66666666666667,1.0134979920778588,0.010026536711141119,False,0.502342622720866,False,0.019444444444444486,False,False,0.19217639716150092,0.019444444444444486,True,-0.11940049749896749,0.10803481227525784,3.462442736595322,False,forward_only_adequate
270,assignment_isolation,plus_one_randomisation,True,ok,17.42537708119374,3.688335955255186,23.493404337058028,10.848309482527103,29.289613218731883,1.0,0.001,1.0,0.001,,,,,0.007071067811865475,0.007071067811865475,24,96.58333333333333,1.0176999147694503,0.013338301898098232,False,0.5255298245564946,False,0.01666666666666672,False,False,0.1559735868093741,0.01666666666666672,True,1.5620328717932748,0.3536147047590167,3.4234254349668984,True,selection_limited
271,assignment_isolation,plus_one_randomisation,True,ok,20.938166356525418,4.080925669962219,27.369359793025495,13.84986401055389,29.195800508282392,1.0,0.001,1.0,0.001,,,,,0.007071067811865475,0.007071067811865475,24,95.5,1.0087349768336382,0.012432354129177252,False,0.537469240136985,False,0.023611111111111138,False,False,0.1953233588501936,0.023611111111111138,True,-1.682144122373457,0.20854019085912046,2.1932405418136605,False,forward_only_adequate
272,assignment_isolation,plus_one_randomisation,True,ok,22.063641275922055,3.226719619363274,28.241390768687573,16.72816018300591,28.353517418176974,1.0,0.001,1.0,0.001,,,,,0.007071067811865475,0.007071067811865475,24,95.75,0.9809149218386586,0.023945608318960608,False,0.5201194932904665,False,0.02673611111111107,False,False,0.21431207190876106,0.02673611111111107,True,-0.7913836862812498,0.1108966568854088,1.8960607011960502,False,forward_only_adequate
273,assignment_isolation,plus_one_randomisation,True,ok,20.214463873040575,2.7514313977269054,24.68106805260593,15.493185798088627,28.891585374520712,1.0,0.001,1.0,0.001,,,,,0.007071067811865475,0.007071067811865475,24,95.875,1.0001820788007014,0.024036683516709262,False,0.5084457165718606,False,0.015277777777777835,False,False,0.18936927020533478,0.015277777777777835,True,1.9899720928925084,0.15627283071405607,2.1670236411208603,False,forward_only_adequate
274,assignment_isolation,plus_one_randomisation,True,ok,18.14485078167633,4.148816756469278,25.542866379632553,11.103665461430229,29.593988794780593,1.0,0.001,1.0,0.001,,,,,0.007071067811865475,0.007071067811865475,24,95.66666666666667,1.0233844943565669,0.013854417200710695,False,0.5259274644776979,False,0.011805555555555514,False,False,0.16250072243648797,0.011805555555555514,True,0.7396654554263213,0.1152992700225761,3.323955000987296,False,forward_only_adequate
275,assignment_isolation,plus_one_randomisation,True,ok,24.44610611846345,4.2798566845318,31.46799584700115,16.986376599099856,29.306076420177803,1.0,0.001,1.0,0.001,,,,,0.007071067811865475,0.007071067811865475,24,95.20833333333333,1.0109976954275925,0.0424983025445249,False,0.48541215899763,False,0.02777777777777779,False,False,0.23281466893591907,0.02777777777777779,True,-0.053757045614280935,0.12726476695926894,4.040859699133381,False,forward_only_adequate
276,assignment_isolation,plus_one_randomisation,True,ok,21.131790040432488,3.7893321355129723,27.348030785608326,13.566489387892027,29.38381687952492,1.0,0.001,1.0,0.001,,,,,0.007071067811865475,0.007071067811865475,24,96.25,1.0192097848143795,0.03838340365502224,False,0.5103591161649808,False,0.02256944444444453,False,False,0.19506852120510862,0.02256944444444453,True,-0.3311300675147203,0.1760911595368475,3.053504049799197,False,forward_only_adequate
277,assignment_isolation,plus_one_randomisation,True,ok,16.347915317846233,5.349892052253751,26.030571938210393,7.6295350304502385,29.894198016059892,1.0,0.001,1.0,0.001,,,,,0.007071067811865475,0.007071067811865475,24,97.04166666666667,1.041168539663062,0.014579260705063064,False,0.5397550169517844,False,0.026388888888888906,False,False,0.14083400925116216,0.026388888888888906,True,0.556987590195075,0.19863211161048935,2.2634380476028566,False,forward_only_adequate
278,assignment_isolation,plus_one_randomisation,True,ok,19.393454730829024,3.003294592600256,24.593059015099374,14.525561697060201,28.344615496226226,1.0,0.001,1.0,0.001,,,,,0.007071067811865475,0.007071067811865475,24,96.95833333333333,0.9867750209786055,0.015074967210794665,False,0.5132219993607016,False,0.019791666666666652,False,False,0.1833038792625498,0.019791666666666652,True,2.3191266493612575,0.2796532118156083,2.6243400142216973,False,forward_only_adequate
279,assignment_isolation,plus_one_randomisation,True,ok,13.255490311870517,4.202777196292391,20.363409386753226,5.863108480939633,28.66537521826997,1.0,0.001,1.0,0.001,,,,,0.007071067811865475,0.007071067811865475,24,95.625,0.9910563795368316,0.003743118972470504,False,0.5080100884633328,False,0.015625,False,False,0.11647833166876859,0.015625,True,1.510224642497998,0.15981321554268532,4.409915344139116,False,forward_only_adequate
280,assignment_isolation,plus_one_randomisation,True,ok,23.949806126403768,4.100162974101364,30.235724454705853,16.522403630168935,28.171068003770817,1.0,0.001,1.0,0.001,,,,,0.007071067811865475,0.007071067811865475,24,95.08333333333333,0.9712041235903717,0.0026727274458231815,False,0.5213170168705151,False,0.02013888888888893,False,False,0.23807738704372633,0.02013888888888893,True,-0.4684553048488139,0.16793769816959148,4.732130845903415,False,forward_only_adequate
281,assignment_isolation,plus_one_randomisation,True,ok,22.96556244001992,3.516703611827213,28.94782877420768,16.486154996269413,29.041175124551543,1.0,0.001,1.0,0.001,,,,,0.007071067811865475,0.007071067811865475,24,95.125,1.0014206142400257,0.039688796559205604,False,0.5136997066590011,False,0.014930555555555558,False,False,0.21913528108215524,0.014930555555555558,True,0.5723437928326587,0.14481736921550856,3.129549340637456,False,forward_only_adequate
282,assignment_isolation,plus_one_randomisation,True,ok,18.665366012646427,4.022473807379627,25.8150280478871,11.910649007813577,29.742426514265162,1.0,0.001,1.0,0.001,,,,,0.007071067811865475,0.007071067811865475,24,95.70833333333333,1.0287415488198322,0.013055665981665975,False,0.5084559840107611,False,0.027083333333333348,False,False,0.16695665305495064,0.027083333333333348,True,-2.251970721538091,0.2100629944914753,2.04765777145272,False,forward_only_adequate
283,assignment_isolation,plus_one_randomisation,True,ok,26.04444170854066,4.057850251923876,32.911418988241685,19.3210286680543,29.5743031917539,1.0,0.001,1.0,0.001,,,,,0.007071067811865475,0.007071067811865475,24,95.95833333333333,1.0242615631636007,0.0014022509119468204,False,0.5298008669428725,False,0.016319444444444442,False,False,0.24649574686156603,0.016319444444444442,True,-0.6372438279023285,0.05781584189841085,1.582478731232577,False,forward_only_adequate
284,assignment_isolation,plus_one_randomisation,True,ok,16.463954259391496,3.2547743335547676,21.57495214176026,10.729297882083085,29.239366875727583,1.0,0.001,1.0,0.001,,,,,0.007071067811865475,0.007071067811865475,24,96.58333333333333,1.0159540501651254,0.026745388449149064,False,0.49203272703612017,False,0.0253472222222223,False,False,0.14618343938064343,0.0253472222222223,True,0.7913138376920572,0.13620265828814293,2.2128522048142214,False,forward_only_adequate
285,assignment_isolation,plus_one_randomisation,True,ok,16.36573036332528,3.1586355232249717,21.633722407761443,10.830683451005958,28.504935090090154,1.0,0.001,1.0,0.001,,,,,0.007071067811865475,0.007071067811865475,24,96.70833333333333,0.9910761207683431,0.0022707630345986615,False,0.5003108209723731,False,0.011805555555555625,False,False,0.14946088001732624,0.011805555555555625,True,-0.5042528867676107,0.1284029057741069,3.2554922539429283,False,forward_only_adequate
286,assignment_isolation,plus_one_randomisation,True,ok,18.307026176258557,3.144165133126607,23.949909387955714,12.70933537429546,29.38649822417765,1.0,0.001,1.0,0.001,,,,,0.007071067811865475,0.007071067811865475,24,95.375,1.0146590175569234,0.02113361740156242,False,0.5197484325451864,False,0.020486111111111094,False,False,0.1658639112067066,0.020486111111111094,True,0.4489157497818727,0.1998272118451527,4.632728003317994,False,forward_only_adequate
287,assignment_isolation,plus_one_randomisation,True,ok,19.964625631794675,3.0337845088634112,25.24525329298731,14.6042507956162,29.21820368430429,1.0,0.001,1.0,0.001,,,,,0.007071067811865475,0.007071067811865475,24,95.125,1.0075250521040344,0.017272781426175096,False,0.513802622718913,False,0.030555555555555558,False,False,0.1850668049787185,0.030555555555555558,True,1.650896222050324,0.1862582854264438,2.5612185982302926,False,forward_only_adequate
288,assignment_isolation,plus_one_randomisation,True,ok,21.226054198669747,4.155115220207672,28.621740912743853,14.050221585325264,29.74327628201974,1.0,0.001,1.0,0.001,,,,,0.007071067811865475,0.007071067811865475,24,95.95833333333333,1.0301136923057856,0.0006877545533229715,False,0.4778897688695936,False,0.013194444444444398,False,False,0.19367244851784982,0.013194444444444398,True,-0.36325698728385686,0.24056662171891074,2.2010319966626746,False,forward_only_adequate
289,assignment_isolation,plus_one_randomisation,True,ok,20.260422398038248,3.7007301517944917,26.880259391366025,13.747494115979531,28.893733294590582,1.0,0.001,1.0,0.001,,,,,0.007071067811865475,0.007071067811865475,24,95.16666666666667,0.9965545930564241,0.053397135991075775,False,0.4986074116230695,False,0.014236111111111116,False,False,0.19067329414392722,0.014236111111111116,True,0.36817515491891173,0.21015907575346904,3.68127538879037,False,forward_only_adequate
290,assignment_isolation,plus_one_randomisation,True,ok,26.119684484793833,2.9922549878985913,31.387335696438505,20.45123605364074,29.517357637043983,1.0,0.001,1.0,0.001,,,,,0.007071067811865475,0.007071067811865475,24,95.625,1.0205122162370277,0.035683825099711526,False,0.511642061096105,False,0.02256944444444442,False,False,0.24832810887324533,0.02256944444444442,True,1.0020677662186763,0.16294868935688095,4.545714524005357,False,forward_only_adequate
291,assignment_isolation,plus_one_randomisation,True,ok,22.670306008343008,3.894695081467685,28.995060074412187,15.775158678608017,28.947747225089408,1.0,0.001,1.0,0.001,,,,,0.007071067811865475,0.007071067811865475,24,96.0,1.0027793791703168,0.02632649295484985,False,0.5184162232909291,False,0.032638888888888884,False,False,0.21556731104700955,0.032638888888888884,True,-1.117518119898034,0.17553972629555287,3.2932493721808087,False,forward_only_adequate
292,assignment_isolation,plus_one_randomisation,True,ok,25.763824278538575,3.537758808142975,31.087310376993123,19.234378990245197,29.3366005107828,1.0,0.001,1.0,0.001,,,,,0.007071067811865475,0.007071067811865475,24,96.875,1.0208704928157344,0.0032411900914165372,False,0.5205310304632403,False,0.02430555555555558,False,False,0.2444079486599957,0.02430555555555558,True,-0.8352758181976817,0.14508415076376036,4.088600761635057,False,forward_only_adequate
293,assignment_isolation,plus_one_randomisation,True,ok,26.635159446555445,2.6421538881796267,30.919363852653998,21.861192797964627,29.56214696232045,1.0,0.001,1.0,0.001,,,,,0.007071067811865475,0.007071067811865475,24,95.29166666666667,1.0202778060770514,0.0258560064844675,False,0.5270431243902609,False,0.002777777777777768,False,False,0.2539286589929173,0.002777777777777768,True,2.240114171292777,0.16079414637650585,4.248357513380617,False,forward_only_adequate
294,assignment_isolation,plus_one_randomisation,True,ok,18.126378336523448,3.1935087590194264,23.779701265229505,12.85302298017626,29.2183306706066,1.0,0.001,1.0,0.001,,,,,0.007071067811865475,0.007071067811865475,24,97.625,1.0206831135056431,0.00559007346692357,False,0.5298981415882921,False,0.0253472222222223,False,False,0.16281088989248663,0.0253472222222223,True,0.3997500924877813,0.1989918851523818,1.9164866494554067,False,forward_only_adequate
295,assignment_isolation,plus_one_randomisation,True,ok,21.7846621755596,3.8162211297979525,28.767418817431327,15.037589394659516,29.68774057944566,1.0,0.001,1.0,0.001,,,,,0.007071067811865475,0.007071067811865475,24,95.70833333333333,1.0268500523994613,0.0034823090682059715,False,0.5321113188342754,False,0.0336805555555556,False,False,0.2003270868802387,0.0336805555555556,True,0.42157828308057443,0.12785047458976026,3.2872462913558747,False,forward_only_adequate
296,assignment_isolation,plus_one_randomisation,True,ok,17.75449385336493,4.140356148290302,24.74182772643617,10.67290179119191,28.391136931532586,1.0,0.001,1.0,0.001,,,,,0.007071067811865475,0.007071067811865475,24,96.79166666666667,0.9875447280228189,0.02952265654577043,False,0.5156007827213602,False,0.028472222222222232,False,False,0.16517286808203846,0.028472222222222232,True,-0.4409979404286855,0.15841005927374965,2.0162363278759994,False,forward_only_adequate
297,assignment_isolation,plus_one_randomisation,True,ok,18.243465284124742,3.8960216263554273,26.757512311689112,12.572810088077883,29.03461327236866,1.0,0.001,1.0,0.001,,,,,0.007071067811865475,0.007071067811865475,24,96.25,1.0070972762602528,0.003185795517878576,False,0.5365002558123291,False,0.01909722222222221,False,False,0.16664406203835125,0.01909722222222221,True,-0.12158415538134607,0.1003757002087134,3.322208172010509,False,forward_only_adequate
298,assignment_isolation,plus_one_randomisation,True,ok,13.8157615963931,3.2729400543641107,18.809307771773327,7.69402367245906,28.590479200511545,1.0,0.001,1.0,0.001,,,,,0.007071067811865475,0.007071067811865475,24,96.5,0.9929790773115906,0.008292274394691521,False,0.49255648908907207,False,0.020486111111111094,False,False,0.12205915791940791,0.020486111111111094,True,0.6573241239101635,0.07594492888865811,1.5583454126216667,False,forward_only_adequate
299,assignment_isolation,plus_one_randomisation,True,ok,21.779126170887334,4.009263908660062,28.77221105854532,14.68069414861866,28.657261007960088,1.0,0.001,1.0,0.001,,,,,0.007071067811865475,0.007071067811865475,24,97.08333333333333,0.9983021935585591,0.05035464260272615,False,0.506100981639953,False,0.03472222222222221,False,False,0.20690110667859596,0.03472222222222221,True,0.6666317484103068,0.11908365445336318,3.5687300910368354,False,forward_only_adequate
300,assignment_isolation,plus_one_randomisation,True,ok,19.438298904248786,3.6602798288589593,25.535154422188747,12.274735167092878,30.148916453980437,1.0,0.001,1.0,0.001,,,,,0.007071067811865475,0.007071067811865475,24,94.25,1.0348261487180586,0.00439299311815925,False,0.5031821459618915,False,0.023263888888888862,False,False,0.17387477896094314,0.023263888888888862,True,-0.3265090949249174,0.09134415189257798,3.023762235247568,False,forward_only_adequate
301,assignment_isolation,plus_one_randomisation,True,ok,17.842948686888814,3.9756049882716566,23.82875353160531,10.013094762526386,28.8071505179438,1.0,0.001,1.0,0.001,,,,,0.007071067811865475,0.007071067811865475,24,96.66666666666667,1.0013679332946803,0.014215807942987406,False,0.5198625903029703,False,0.00868055555555558,False,False,0.1634513486065033,0.00868055555555558,True,0.662472635941556,0.2657231453187721,3.9786118660400684,False,forward_only_adequate
302,assignment_isolation,plus_one_randomisation,True,ok,20.015052596305676,3.7800294667473664,26.277261405379726,13.765016946909864,29.028276526754713,1.0,0.001,1.0,0.001,,,,,0.007071067811865475,0.007071067811865475,24,96.375,1.0075310837215616,0.01631437466158013,False,0.4884169547246974,False,0.023611111111111138,False,False,0.18560993107417512,0.023611111111111138,True,1.473325084059405,0.2578138616263564,2.772946632412046,False,forward_only_adequate
303,assignment_isolation,plus_one_randomisation,True,ok,16.3814281851415,4.680005830900996,23.517817445500473,8.191235260386266,28.773088671448818,1.0,0.001,1.0,0.001,,,,,0.007071067811865475,0.007071067811865475,24,97.83333333333333,1.006201397175078,0.019711332924502875,False,0.5020155246284239,False,0.016319444444444442,False,False,0.1469821717983751,0.016319444444444442,True,-0.058427766753665664,0.0827276840948126,2.6394080209165023,False,forward_only_adequate
304,assignment_isolation,plus_one_randomisation,True,ok,24.95957040384137,3.22415691242949,31.151504123137215,19.474335099496148,28.651798466698615,1.0,0.001,1.0,0.001,,,,,0.007071067811865475,0.007071067811865475,24,96.16666666666667,0.9933886087656113,0.01716883039451489,False,0.5151928416336844,False,0.03541666666666665,False,False,0.2431860540010372,0.03541666666666665,True,-0.13798890121290408,0.1191611811743068,3.417970329960914,False,forward_only_adequate
305,assignment_isolation,plus_one_randomisation,True,ok,22.669711285873024,3.3486380473356383,28.13791730654952,16.67243174860527,29.195874301494552,1.0,0.001,1.0,0.001,,,,,0.007071067811865475,0.007071067811865475,24,95.41666666666667,1.0082973180285515,0.02687601731964068,False,0.5166501116401587,False,0.02951388888888884,False,False,0.21420514239896038,0.02951388888888884,True,-0.28367866678430054,0.20944413872952106,2.9957902187572145,False,forward_only_adequate
306,assignment_isolation,plus_one_randomisation,True,ok,19.57579681426232,3.7851082713189523,26.359108217293173,13.371334410476155,29.00239165763593,1.0,0.001,1.0,0.001,,,,,0.007071067811865475,0.007071067811865475,24,96.58333333333333,1.007720084852804,0.03144577219542101,False,0.542755424135586,False,0.009722222222222299,False,False,0.18083194985195858,0.009722222222222299,True,-0.3866850487530698,0.14182164092353225,2.501352900127772,False,forward_only_adequate
307,assignment_isolation,plus_one_randomisation,True,ok,17.26128959731786,3.639006742178675,23.45982482051324,10.922828054646338,28.659603273388562,1.0,0.001,1.0,0.001,,,,,0.007071067811865475,0.007071067811865475,24,95.875,0.9921512166258785,0.006676624681800651,False,0.5137703559392629,False,0.034375000000000044,False,False,0.15892852858785675,0.034375000000000044,True,-1.034120991723496,0.15157548602118168,3.140212066804105,False,forward_only_adequate
308,assignment_isolation,plus_one_randomisation,True,ok,16.928955904462544,3.1458337865687223,21.77686882040529,10.09371023997809,28.755556867109473,1.0,0.001,1.0,0.001,,,,,0.007071067811865475,0.007071067811865475,24,95.45833333333333,0.9933074953574101,0.026818034910617187,False,0.5055795413929978,False,0.015277777777777724,False,False,0.15512421577578356,0.015277777777777724,True,-0.6859333337585857,0.13629993487118694,2.2829168180577932,False,forward_only_adequate
309,assignment_isolation,plus_one_randomisation,True,ok,27.81463480626324,2.853069228399326,33.06569531673781,23.456816225682232,29.296339939226367,1.0,0.001,1.0,0.001,,,,,0.007071067811865475,0.007071067811865475,24,97.16666666666667,1.021003016059898,0.016556229625655106,False,0.5215977352688349,False,0.028819444444444398,False,False,0.26636590709373353,0.028819444444444398,True,0.33927079262278553,0.15053919735070906,3.5761561158277173,False,forward_only_adequate
310,assignment_isolation,plus_one_randomisation,True,ok,14.318818162716289,4.181550775822604,22.038658615764216,7.202749125819193,29.421390100805528,1.0,0.001,1.0,0.001,,,,,0.007071067811865475,0.007071067811865475,24,95.5,1.0165292523262106,0.04334776633101141,False,0.5077129514969475,False,0.01840277777777788,False,False,0.12385537229965689,0.01840277777777788,True,1.031860335632316,0.18105835345388666,1.7780156176804247,False,forward_only_adequate
311,assignment_isolation,plus_one_randomisation,True,ok,17.839697645529867,4.217175851501181,25.43330006442794,10.668821020842756,29.536044384585377,1.0,0.001,1.0,0.001,,,,,0.007071067811865475,0.007071067811865475,24,96.33333333333333,1.0249333683010997,0.01161647537340165,False,0.49684386285387194,False,0.03541666666666665,False,False,0.1590130472346517,0.03541666666666665,True,-0.49937082283240525,0.13289203275540595,2.3783392348644075,False,forward_only_adequate
312,assignment_isolation,plus_one_randomisation,True,ok,22.524655158030725,4.546643071905706,29.345319639850075,14.881426783599814,29.307835793224353,1.0,0.001,1.0,0.001,,,,,0.007071067811865475,0.007071067811865475,24,95.79166666666667,1.0141509945185019,0.026808037054429266,False,0.5091088836234671,False,0.017013888888888884,False,False,0.21121670287952643,0.017013888888888884,True,-0.2657277818843791,0.18618400243807043,4.221282094932563,False,forward_only_adequate
313,assignment_isolation,plus_one_randomisation,True,ok,19.21058000251773,2.8407616784644345,24.492536817222593,14.205677580635548,28.927110366103726,1.0,0.001,1.0,0.001,,,,,0.007071067811865475,0.007071067811865475,24,96.375,1.004019747063917,0.028996459184027677,False,0.522321185111912,False,0.025000000000000022,False,False,0.17766176935925326,0.025000000000000022,True,-0.06991833570139554,0.09913187603609706,2.4131548595780297,False,forward_only_adequate
314,assignment_isolation,plus_one_randomisation,True,ok,25.28620418969686,4.72747643040794,33.10691488272614,17.03923867473796,29.905778697794236,1.0,0.001,1.0,0.001,,,,,0.007071067811865475,0.007071067811865475,24,95.16666666666667,1.0314603798809001,0.04847673769128752,False,0.5094940113071074,False,0.022222222222222143,False,False,0.23648726400332098,0.022222222222222143,True,0.18874827310348363,0.22432703465669573,5.446918533650372,False,forward_only_adequate
315,assignment_isolation,plus_one_randomisation,True,ok,20.015241989793314,3.801949915969688,26.43935140336113,13.431413716365403,28.700132471164007,1.0,0.001,1.0,0.001,,,,,0.007071067811865475,0.007071067811865475,24,97.66666666666667,1.0027948401253208,0.01778813204557675,False,0.49633807012088643,False,0.023958333333333304,False,False,0.1866328619384616,0.023958333333333304,True,0.7593073048259257,0.12225834212544096,3.6004762865020874,False,forward_only_adequate
316,assignment_isolation,plus_one_randomisation,True,ok,19.319867148555005,5.09181513783501,26.82120791208765,10.660981695748617,29.66299727830283,1.0,0.001,1.0,0.001,,,,,0.007071067811865475,0.007071067811865475,24,96.375,1.0295613577572393,0.0035691134199780077,False,0.5161714654084819,False,0.027083333333333348,False,False,0.17366938205350044,0.027083333333333348,True,0.22852283284697533,0.17144768058123844,3.871635469620127,False,forward_only_adequate
317,assignment_isolation,plus_one_randomisation,True,ok,19.965232703266313,3.8821616395930083,26.328321777880408,13.587022101053176,29.714605038578764,1.0,0.001,1.0,0.001,,,,,0.007071067811865475,0.007071067811865475,24,96.25,1.0306835334356261,0.0022091323388701875,False,0.5320205898578529,False,0.015625,False,False,0.18023524266922994,0.015625,True,-1.491322325339838,0.14042528754146794,3.726420008693682,False,forward_only_adequate
318,assignment_isolation,plus_one_randomisation,True,ok,28.127701869666485,3.9387981692014353,35.26276915595352,21.565494954627265,28.874022671742196,1.0,0.001,1.0,0.001,,,,,0.007071067811865475,0.007071067811865475,24,97.20833333333333,1.0065006233398268,0.008982361740722184,False,0.5100693309678977,False,0.012847222222222232,False,False,0.2740476063326578,0.012847222222222232,True,-0.16886678654774515,0.08728059009396986,3.893402383208205,False,forward_only_adequate
319,assignment_isolation,plus_one_randomisation,True,ok,22.248266185170717,4.135459295827951,29.95183619758924,14.938792886667276,30.006603053934985,1.0,0.001,1.0,0.001,,,,,0.007071067811865475,0.007071067811865475,24,97.08333333333333,1.0453077717952008,0.024559702535933335,False,0.5147816187919761,False,0.02777777777777779,False,False,0.20108010227785772,0.02777777777777779,True,1.3984986333995677,0.16962498475627588,3.826100223788117,False,forward_only_adequate
320,assignment_isolation,plus_one_randomisation,True,ok,25.36652491028998,2.9746217847139644,30.254613241921163,20.286700984890736,28.963283598449777,1.0,0.001,1.0,0.001,,,,,0.007071067811865475,0.007071067811865475,24,96.20833333333333,1.0044056541736113,0.012782274274463148,False,0.5127184045250912,False,0.014236111111111116,False,False,0.24460692065192957,0.014236111111111116,True,0.17222288867729513,0.14842599735270287,4.540513011464789,False,forward_only_adequate
321,assignment_isolation,plus_one_randomisation,True,ok,21.172874198984882,4.52487027657717,28.653056969023588,12.909046371262603,29.134332643258002,1.0,0.001,1.0,0.001,,,,,0.007071067811865475,0.007071067811865475,24,95.16666666666667,1.0048529456284605,0.023495945465483822,False,0.5199429995807038,False,0.025694444444444353,False,False,0.19874921112316618,0.025694444444444353,True,-0.8469289623262115,0.18947746693316703,2.8150986369898265,False,forward_only_adequate
322,assignment_isolation,plus_one_randomisation,True,ok,21.08330719571791,5.342828538970155,31.770838703403896,12.05598268965905,29.25772593255161,1.0,0.001,1.0,0.001,,,,,0.007071067811865475,0.007071067811865475,24,95.70833333333333,1.0119765539762973,0.014719524219672476,False,0.5068210906968627,False,0.014583333333333282,False,False,0.19616307394825816,0.014583333333333282,True,1.3917976292501226,0.2461091565102998,3.5050532465793798,False,forward_only_adequate
323,assignment_isolation,plus_one_randomisation,True,ok,20.237658290428897,3.921270668053397,26.813123477999213,13.139173568780414,29.04655815254343,1.0,0.001,1.0,0.001,,,,,0.007071067811865475,0.007071067811865475,24,95.625,1.0042351283201898,0.014938492115349967,False,0.536092366794427,False,0.02430555555555558,False,False,0.18873238601186035,0.02430555555555558,True,1.504316992031153,0.32379629940001525,4.570024725863661,False,forward_only_adequate
324,assignment_isolation,plus_one_randomisation,True,ok,16.202710528176315,4.196797911691829,23.161563313210358,8.68451183901676,29.005311117490955,1.0,0.001,1.0,0.001,,,,,0.007071067811865475,0.007071067811865475,24,95.16666666666667,1.0004029497488913,0.023412515184758335,False,0.5237407947424658,False,0.010069444444444353,False,False,0.14608526841112754,0.010069444444444353,True,0.46271687684014473,0.14494732806371874,3.0942848617011576,False,forward_only_adequate
325,assignment_isolation,plus_one_randomisation,True,ok,23.301774639610457,3.6211416497662445,29.694849474315003,17.63052822349582,30.340363278443768,1.0,0.001,1.0,0.001,,,,,0.007071067811865475,0.007071067811865475,24,95.45833333333333,1.0480516999069454,0.024246077633252275,False,0.5308758675493666,False,0.012499999999999956,False,False,0.21146931010396453,0.012499999999999956,True,1.7049813702250265,0.17125328775973006,4.669961457401631,False,forward_only_adequate
326,assignment_isolation,plus_one_randomisation,True,ok,21.7859528550739,3.4166708902247414,27.692869713875563,15.883100804973479,29.38503037738877,1.0,0.001,1.0,0.001,,,,,0.007071067811865475,0.007071067811865475,24,95.91666666666667,1.0174854072624486,0.007367845434137833,False,0.5080300046086935,False,0.016666666666666607,False,False,0.202475260257855,0.016666666666666607,True,-1.485500747540114,0.19320961446905077,0.9603122275946856,False,forward_only_adequate
327,assignment_isolation,plus_one_randomisation,True,ok,22.15234271592107,3.101825336060517,27.2933087285019,16.8577569038296,30.032992421894015,1.0,0.001,1.0,0.001,,,,,0.007071067811865475,0.007071067811865475,24,96.04166666666667,1.0405991265402654,0.010488466816541944,False,0.5260102004167726,False,0.01041666666666663,False,False,0.201125215543423,0.01041666666666663,True,0.18800931315352834,0.17050592797903746,3.9555412948367614,False,forward_only_adequate
328,assignment_isolation,plus_one_randomisation,True,ok,12.582665368934386,3.2525283670360072,19.090620562882226,7.53193124897074,28.567226283331635,1.0,0.001,1.0,0.001,,,,,0.007071067811865475,0.007071067811865475,24,97.04166666666667,0.994952172848451,0.03556649553736007,False,0.4936742955959437,False,0.009027777777777857,False,False,0.10898495529734174,0.009027777777777857,True,-0.36350866031171697,0.16780880141674973,2.476658610127318,False,forward_only_adequate
329,assignment_isolation,plus_one_randomisation,True,ok,22.676385652404658,3.502128784795286,28.967029077373855,16.88397838496991,29.641617314612372,1.0,0.001,1.0,0.001,,,,,0.007071067811865475,0.007071067811865475,24,94.70833333333333,1.0198845189121328,0.0040445441773851514,False,0.497534245528214,False,0.018402777777777768,False,False,0.21147858644382478,0.018402777777777768,True,-0.19044027524789073,0.17792789591509808,2.1163343643443846,False,forward_only_adequate
330,assignment_isolation,plus_one_randomisation,True,ok,14.721432511258989,4.855841534909709,23.195261909100605,7.235399027490402,29.565402558020292,1.0,0.001,1.0,0.001,,,,,0.007071067811865475,0.007071067811865475,24,97.125,1.0301591374945314,0.014067879005999352,False,0.5065738866656175,False,0.036805555555555536,False,False,0.125988402589941,0.036805555555555536,True,-1.00983597120195,0.14368146475835636,2.80150557741648,False,forward_only_adequate
331,assignment_isolation,plus_one_randomisation,True,ok,24.01383990795021,4.134225844773178,31.180024132023938,17.15684713391132,30.135906395088764,1.0,0.001,1.0,0.001,,,,,0.007071067811865475,0.007071067811865475,24,96.04166666666667,1.0441649447281718,0.013944389785386434,False,0.5483091393600734,False,0.01736111111111116,False,False,0.21984950711718998,0.01736111111111116,True,1.1696426086427336,0.20160367754567252,4.053524536582582,False,forward_only_adequate
332,assignment_isolation,plus_one_randomisation,True,ok,18.87106574868021,4.505377425269168,26.2519345636989,11.38467774192963,28.59713868823911,1.0,0.001,1.0,0.001,,,,,0.007071067811865475,0.007071067811865475,24,97.875,1.0002613214210896,0.029543307169617495,False,0.5070390146834303,False,0.029166666666666674,False,False,0.1747627324335067,0.029166666666666674,True,-2.2900778381175173,0.1732304653616027,1.0620418153621192,False,forward_only_adequate
333,assignment_isolation,plus_one_randomisation,True,ok,22.519170401100684,3.8754258307796703,28.465819734572705,15.090796989942856,29.39936675853783,1.0,0.001,1.0,0.001,,,,,0.007071067811865475,0.007071067811865475,24,96.33333333333333,1.0201905036909213,0.03166919412981453,False,0.49187873279756855,False,0.009722222222222188,False,False,0.2097179808307919,0.009722222222222188,True,-1.1194861600712855,0.19540073028744248,2.7146061466911076,False,forward_only_adequate
334,assignment_isolation,plus_one_randomisation,True,ok,20.482472520296696,3.387513398940715,25.69186927189304,13.438297419569128,30.089626482570694,1.0,0.001,1.0,0.001,,,,,0.007071067811865475,0.007071067811865475,24,95.45833333333333,1.0393904613208307,0.0017924222604871797,False,0.49833071706713455,False,0.023958333333333304,False,False,0.18387852861229118,0.023958333333333304,True,1.2982949746486598,0.22291397056924084,3.8466338060513157,False,forward_only_adequate
335,assignment_isolation,plus_one_randomisation,True,ok,18.11143498594605,3.7926024878105298,22.931977540482553,9.356515303122464,28.485825566778548,1.0,0.001,1.0,0.001,,,,,0.007071067811865475,0.007071067811865475,24,96.33333333333333,0.9884896151575773,0.01627163930655921,False,0.5155618853610859,False,0.030208333333333393,False,False,0.16888240004919056,0.030208333333333393,True,1.9804632993547295,0.15248815400072316,4.128716665138049,False,forward_only_adequate
336,assignment_isolation,plus_one_randomisation,True,ok,18.085344309931738,3.250665803370272,23.50220273201355,12.98496920697626,29.70608977281742,1.0,0.001,1.0,0.001,,,,,0.007071067811865475,0.007071067811865475,24,95.54166666666667,1.0265896990743406,0.0134758659315802,False,0.5143574730174127,False,0.05486111111111114,False,False,0.1612819943059557,0.05486111111111114,True,0.08899431666769834,0.20794143945712817,2.4869858643211633,False,forward_only_adequate
337,assignment_isolation,plus_one_randomisation,True,ok,19.54320822728244,4.316183164340663,26.291403690730135,10.96316232063741,28.413248506196506,1.0,0.001,1.0,0.001,,,,,0.007071067811865475,0.007071067811865475,24,97.58333333333333,0.9923473648271862,0.003066719409546811,False,0.5144035494084627,False,0.025000000000000022,False,False,0.18374463728212628,0.025000000000000022,True,0.17082040249790392,0.13418563358425428,4.071180897762387,False,forward_only_adequate
338,assignment_isolation,plus_one_randomisation,True,ok,21.591523072106707,4.621004316840121,30.26601177356698,14.547855360573475,29.767601713933992,1.0,0.001,1.0,0.001,,,,,0.007071067811865475,0.007071067811865475,24,96.0,1.0311799717601613,0.013844491101353027,False,0.5112308386489899,False,0.015277777777777835,False,False,0.1973079719814173,0.015277777777777835,True,-0.5293287571966522,0.10180727073988326,1.667293377282095,False,forward_only_adequate
339,assignment_isolation,plus_one_randomisation,True,ok,21.142976972076884,3.7214597080353187,27.502610810618723,13.992716948733335,29.19080818465119,1.0,0.001,1.0,0.001,,,,,0.007071067811865475,0.007071067811865475,24,94.54166666666667,1.0034893154460105,0.0021176114317688855,False,0.5182195554206904,False,0.018750000000000044,False,False,0.1987365327476308,0.018750000000000044,True,-0.03672356323252105,0.08368754670620968,3.539870335499646,False,forward_only_adequate
340,assignment_isolation,plus_one_randomisation,True,ok,21.806994051193726,2.984489613250566,26.60247615108072,16.58254805808369,29.4440802704323,1.0,0.001,1.0,0.001,,,,,0.007071067811865475,0.007071067811865475,24,96.08333333333333,1.0204154607347873,0.0035930626467707877,False,0.5145422984894129,False,0.021180555555555647,False,False,0.20202852250983075,0.021180555555555647,True,-1.8286063811372684,0.15132206870343168,3.155118839780176,False,forward_only_adequate
341,assignment_isolation,plus_one_randomisation,True,ok,18.292466632847066,4.326630200246818,25.48341428290586,10.8742770311779,29.781993962473514,1.0,0.001,1.0,0.001,,,,,0.007071067811865475,0.007071067811865475,24,95.33333333333333,1.0280900759274274,0.01703133900017923,False,0.5230551334190892,False,0.018055555555555602,False,False,0.16317251850570288,0.018055555555555602,True,-1.6017879742265548,0.1714844547332372,2.540392929858645,False,forward_only_adequate
342,assignment_isolation,plus_one_randomisation,True,ok,19.414177359297312,3.6492340572808284,25.822180618464138,13.357069021482427,28.699888519764094,1.0,0.001,1.0,0.001,,,,,0.007071067811865475,0.007071067811865475,24,96.54166666666667,0.9969941552678996,0.030214402924709803,False,0.5272475997784536,False,0.009375000000000022,False,False,0.18134104927116895,0.009375000000000022,True,-0.5595279391760208,0.1603651755284404,4.009177712375442,False,forward_only_adequate
343,assignment_isolation,plus_one_randomisation,True,ok,20.163432296697685,4.028342599623719,27.168921174166954,13.73903772486376,28.909546868956397,1.0,0.001,1.0,0.001,,,,,0.007071067811865475,0.007071067811865475,24,96.125,1.0021078575538052,0.0251723904688393,False,0.5080593679365416,False,0.011458333333333348,False,False,0.1883916292140258,0.011458333333333348,True,-0.06965794895974753,0.2201223213875633,3.996642127489734,False,forward_only_adequate
344,assignment_isolation,plus_one_randomisation,True,ok,24.42032804644637,3.698977205152571,30.057178996563614,17.85076536367116,28.41225828259614,1.0,0.001,1.0,0.001,,,,,0.007071067811865475,0.007071067811865475,24,95.79166666666667,0.9831609606763585,0.005601778049065761,False,0.5325318382352251,False,0.029861111111111116,False,False,0.24003728463054586,0.029861111111111116,True,2.4733777380970654,0.27852031131920724,5.8831924389608785,False,forward_only_adequate
345,assignment_isolation,plus_one_randomisation,True,ok,13.570114860861516,4.652671755119046,21.382561708078764,6.279056661715621,29.544350213598868,1.0,0.001,1.0,0.001,,,,,0.007071067811865475,0.007071067811865475,24,95.54166666666667,1.0210002671869258,0.037823453633246615,False,0.5254287717335411,False,0.03749999999999998,False,False,0.11560967150616541,0.03749999999999998,True,-0.7083243802858806,0.21380463843848413,2.2374909012214954,False,forward_only_adequate
346,assignment_isolation,plus_one_randomisation,True,ok,19.86861783990664,4.603125835668551,27.60216820391044,12.67672567284467,28.795232389850856,1.0,0.001,1.0,0.001,,,,,0.007071067811865475,0.007071067811865475,24,96.79166666666667,1.001600605406051,0.012856266582317512,False,0.5263348464587589,False,0.03194444444444444,False,False,0.18529906818357028,0.03194444444444444,True,0.37993343912637456,0.18873037036186613,3.5779771823439823,False,forward_only_adequate
347,assignment_isolation,plus_one_randomisation,True,ok,13.03847052426915,2.910058576272937,18.390100204559825,8.156100589186337,28.936070879978406,1.0,0.001,1.0,0.001,,,,,0.007071067811865475,0.007071067811865475,24,95.08333333333333,0.9975777757299303,0.017496007702547185,False,0.5445353658394245,False,0.028472222222222232,False,False,0.11333305399357513,0.028472222222222232,True,-0.460464735100373,0.17219277530911736,0.16214828286094346,False,forward_only_adequate
348,assignment_isolation,plus_one_randomisation,True,ok,25.537223073235523,4.366549581891773,33.25097575903118,17.957516657434024,29.407042503877243,1.0,0.001,1.0,0.001,,,,,0.007071067811865475,0.007071067811865475,24,97.20833333333333,1.0250808121619908,0.006444202243494293,False,0.5213526884763869,False,0.014583333333333393,False,False,0.2408468946645428,0.014583333333333393,True,0.04812094241709429,0.12360982985486295,3.7996533127223637,False,forward_only_adequate
349,assignment_isolation,plus_one_randomisation,True,ok,24.85919963667986,3.5525604496167165,30.89638782973662,18.68559403330142,28.94292391028383,1.0,0.001,1.0,0.001,,,,,0.007071067811865475,0.007071067811865475,24,97.25,1.0091186075317016,0.0064154902610573435,False,0.5129193720341786,False,0.024652777777777746,False,False,0.23779938533574185,0.024652777777777746,True,0.23951443048614268,0.11248742450128371,3.4030667719871746,False,forward_only_adequate
350,assignment_isolation,plus_one_randomisation,True,ok,24.35349196230025,3.369263637330159,29.838003331845947,18.432166925635332,29.4083376810632,1.0,0.001,1.0,0.001,,,,,0.007071067811865475,0.007071067811865475,24,96.29166666666667,1.0202810839861507,0.000683096456336073,False,0.5212320821534604,False,0.040277777777777746,False,False,0.22940523479145317,0.040277777777777746,True,0.9580203221931414,0.2022317011428513,2.3949972677411915,False,forward_only_adequate
351,assignment_isolation,plus_one_randomisation,True,ok,15.340043071255655,3.8956822599953003,21.714134959368604,8.615222282738667,29.183177042996768,1.0,0.001,1.0,0.001,,,,,0.007071067811865475,0.007071067811865475,24,96.125,1.0115928539362327,0.023000389256132386,False,0.5309925932496993,False,0.019791666666666652,False,False,0.1351571161664463,0.019791666666666652,True,-0.2536514558834633,0.15942812937880443,2.8584541456879786,False,forward_only_adequate
352,assignment_isolation,plus_one_randomisation,True,ok,17.64598612627859,4.578414440804379,25.618644098285486,9.410456013482682,29.177637518520076,1.0,0.001,1.0,0.001,,,,,0.007071067811865475,0.007071067811865475,24,96.95833333333333,1.0157754257868519,0.0006719069084020429,False,0.5295956907974153,False,0.02499999999999991,False,False,0.15865046565067387,0.02499999999999991,True,-0.31331175778872433,0.21195474889553909,2.779224819304718,False,forward_only_adequate
353,assignment_isolation,plus_one_randomisation,True,ok,17.471885609052737,3.6375531526827993,23.04184482498235,10.767988519530752,29.210495943509247,1.0,0.001,1.0,0.001,,,,,0.007071067811865475,0.007071067811865475,24,96.0,1.0118812617688522,0.004232570144443026,False,0.5281746561721768,False,0.027430555555555625,False,False,0.15752174943418923,0.027430555555555625,True,0.5826274126919476,0.1383330577715544,2.4854345577806236,False,forward_only_adequate
354,assignment_isolation,plus_one_randomisation,True,ok,16.793353456717828,3.4807606698265983,22.8782687925711,11.316018775023498,30.10010725432029,1.0,0.001,1.0,0.001,,,,,0.007071067811865475,0.007071067811865475,24,94.29166666666667,1.0333791761238111,0.013183209552217953,False,0.4901315299538523,False,0.023263888888888862,False,False,0.14666758512427905,0.023263888888888862,True,-1.0185993218662073,0.12958411997773478,1.7095694498424805,False,forward_only_adequate
355,assignment_isolation,plus_one_randomisation,True,ok,27.07019240760864,4.653264284767481,34.50243330776607,17.400126452768987,29.15884318073354,1.0,0.001,1.0,0.001,,,,,0.007071067811865475,0.007071067811865475,24,96.125,1.010749355603687,0.03427380257337729,False,0.48930617936918996,False,0.03194444444444444,False,False,0.26133441138489505,0.03194444444444444,True,1.5802896937966449,0.1787713719347566,6.416978904117711,False,forward_only_adequate
356,assignment_isolation,plus_one_randomisation,True,ok,20.41938375052273,3.981483891648728,27.062421798493087,13.502752813837372,28.866940896955654,1.0,0.001,1.0,0.001,,,,,0.007071067811865475,0.007071067811865475,24,94.75,0.9934485468678307,0.009586429201462751,False,0.530058301615865,False,0.015972222222222276,False,False,0.19311070283630621,0.015972222222222276,True,0.1756430950202929,0.15020142493251556,3.087410519360632,False,forward_only_adequate
357,assignment_isolation,plus_one_randomisation,True,ok,15.416462307545318,3.1854942074587704,21.070728857876006,10.181500219403915,29.124661692532893,1.0,0.001,1.0,0.001,,,,,0.007071067811865475,0.007071067811865475,24,96.54166666666667,1.0117501836849945,0.0021307804673766717,False,0.5137327019557327,False,0.03402777777777777,False,False,0.13592860284449,0.03402777777777777,True,-0.4225158421667559,0.12856494718938397,2.265178021772876,False,forward_only_adequate
358,assignment_isolation,plus_one_randomisation,True,ok,14.12379219753789,3.970157070609795,21.147804637987605,7.873523184274932,29.633913107608162,1.0,0.001,1.0,0.001,,,,,0.007071067811865475,0.007071067811865475,24,93.29166666666667,1.0119648680468054,0.017972520715029753,False,0.5036644889321471,False,0.022222222222222143,False,False,0.12251015606466248,0.022222222222222143,True,-2.6765032619125737,0.18120052495622876,3.0748091043014223,False,forward_only_adequate
359,assignment_isolation,plus_one_randomisation,True,ok,21.444225965128833,4.0728715645154425,28.745303280273944,13.919757363475732,28.919344071354885,1.0,0.001,1.0,0.001,,,,,0.007071067811865475,0.007071067811865475,24,96.29166666666667,1.0033161356240146,0.030898352979515542,False,0.5278678345036644,False,0.017708333333333326,False,False,0.20205746830893673,0.017708333333333326,True,0.853713876376724,0.15959049749002596,2.367220084145086,False,forward_only_adequate
360,assignment_isolation,plus_one_randomisation,True,ok,18.796324366842626,3.8890913015408404,24.816943441150336,11.558051994868237,28.272884947315248,1.0,0.001,1.0,0.001,,,,,0.007071067811865475,0.007071067811865475,24,96.0,0.9794014641059866,0.0029840962891702753,False,0.49751196077237575,False,0.012499999999999956,False,False,0.1782905181841854,0.012499999999999956,True,0.13347966064974598,0.20810921606666163,3.824562772901127,False,forward_only_adequate
361,assignment_isolation,plus_one_randomisation,True,ok,22.02028326556035,4.165164471821508,28.483308774756104,14.250713828376862,29.172284496692665,1.0,0.001,1.0,0.001,,,,,0.007071067811865475,0.007071067811865475,24,96.0,1.0105575784225114,0.014756607873204044,False,0.5129428548285769,False,0.019444444444444375,False,False,0.20661729393222075,0.019444444444444375,True,0.12377240949115165,0.08544157239221463,5.384927233089242,False,forward_only_adequate
362,assignment_isolation,plus_one_randomisation,True,ok,15.837219146298724,4.398700557814108,24.046823947529344,8.755609388807502,29.489802917818803,1.0,0.001,1.0,0.001,,,,,0.007071067811865475,0.007071067811865475,24,94.91666666666667,1.0157763934927813,0.014351762810765493,False,0.498983402943431,False,0.020138888888888817,False,False,0.1396666367296225,0.020138888888888817,True,-0.8272011415844109,0.12605718330950474,0.6675484852746429,False,forward_only_adequate
363,assignment_isolation,plus_one_randomisation,True,ok,21.764160044855497,2.7681039421812548,26.24190952027939,16.84029219263305,28.511648078963034,1.0,0.001,1.0,0.001,,,,,0.007071067811865475,0.007071067811865475,24,96.70833333333333,0.9913095218601143,0.012819722875438973,False,0.5226910723572132,False,0.012499999999999956,False,False,0.20842023735167522,0.012499999999999956,True,-1.20582161542273,0.12571131244302086,2.220522802627248,False,forward_only_adequate
364,assignment_isolation,plus_one_randomisation,True,ok,24.987177386322347,3.8128878396926553,31.644040884157835,18.194485066458,29.776983134218597,1.0,0.001,1.0,0.001,,,,,0.007071067811865475,0.007071067811865475,24,95.75,1.0301609727253056,0.010377198536184025,False,0.5125001696668762,False,0.03368055555555549,False,False,0.23364211950926883,0.03368055555555549,True,-0.4159282891350359,0.15651685797915837,2.1706307041557364,False,forward_only_adequate
365,assignment_isolation,plus_one_randomisation,True,ok,17.478007824223454,4.27534305006015,25.472936588625792,10.675168692747107,29.46961028575847,1.0,0.001,1.0,0.001,,,,,0.007071067811865475,0.007071067811865475,24,96.33333333333333,1.0226280316827594,0.04527349480154779,False,0.4990866620308149,False,0.014930555555555558,False,False,0.15564097240343167,0.014930555555555558,True,-1.2059721926980504,0.14052489646665692,1.8780765742208403,False,forward_only_adequate
366,assignment_isolation,plus_one_randomisation,True,ok,20.190251085127684,3.850113813531559,26.37106519030916,13.760299200927111,29.123743912977066,1.0,0.001,1.0,0.001,,,,,0.007071067811865475,0.007071067811865475,24,96.625,1.0121548572231,0.02817566879165289,False,0.49870959958945793,False,0.042013888888888906,False,False,0.18650586530875055,0.042013888888888906,True,-1.5155416128250072,0.24145734080726072,4.312074113889611,False,forward_only_adequate
367,assignment_isolation,plus_one_randomisation,True,ok,19.40693915524076,4.078084949930003,27.343741717453707,13.312730388822386,29.151767544341535,1.0,0.001,1.0,0.001,,,,,0.007071067811865475,0.007071067811865475,24,95.83333333333333,1.0089698663752835,0.0045087108566330865,False,0.5225817779569932,False,0.02430555555555558,False,False,0.1787544094173672,0.02430555555555558,True,-0.2975819377792323,0.08173972411131566,2.7548745943440283,False,forward_only_adequate
368,assignment_isolation,plus_one_randomisation,True,ok,18.132885470642805,3.828480932968084,24.389231609498488,11.143921705365125,28.97935340208064,1.0,0.001,1.0,0.001,,,,,0.007071067811865475,0.007071067811865475,24,96.45833333333333,1.006267796980353,0.005447238444230012,False,0.5296512941215212,False,0.01909722222222221,False,False,0.16562031244562325,0.01909722222222221,True,1.4318762502282145,0.198505056863779,4.47388832107164,False,forward_only_adequate
369,assignment_isolation,plus_one_randomisation,True,ok,22.26602693522928,4.080096051891978,28.80078183007982,14.58390147049063,29.437478501914665,1.0,0.001,1.0,0.001,,,,,0.007071067811865475,0.007071067811865475,24,97.375,1.0270210596740657,0.008063309388263398,False,0.5230851733125829,False,0.02187500000000009,False,False,0.20541340856566617,0.02187500000000009,True,-0.2141500265493515,0.19144179966160046,3.6056514389275294,False,forward_only_adequate
370,assignment_isolation,plus_one_randomisation,True,ok,20.06178063858158,3.5014821851769624,25.56821623074666,14.09530278742989,29.13054990995117,1.0,0.001,1.0,0.001,,,,,0.007071067811865475,0.007071067811865475,24,95.70833333333333,1.0075777448071808,0.016535515239153895,False,0.4874617600854454,False,0.014930555555555558,False,False,0.18610447850358094,0.014930555555555558,True,0.745137245138314,0.12648374539451335,2.641632738663425,False,forward_only_adequate
371,assignment_isolation,plus_one_randomisation,True,ok,17.401368014191352,3.714496458190868,23.994721589282197,10.819985324186835,28.27387444378335,1.0,0.001,1.0,0.001,,,,,0.007071067811865475,0.007071067811865475,24,96.16666666666667,0.9802855772131853,0.02131227788352592,False,0.5221503779635984,False,0.03541666666666665,False,False,0.16272760155731236,0.03541666666666665,True,-2.6283031380208777,0.22856787453807523,2.169197945058179,False,forward_only_adequate
372,assignment_isolation,plus_one_randomisation,True,ok,13.08009672276055,3.933076692836367,19.954672620841336,6.092781053994548,28.99293400745719,1.0,0.001,1.0,0.001,,,,,0.007071067811865475,0.007071067811865475,24,96.75,1.0082602839384052,0.0016062700174874283,False,0.5219867761162023,False,0.03229166666666661,False,False,0.11233330224003996,0.03229166666666661,True,-1.4002567814114248,0.21412857004125463,1.4280552083564675,False,forward_only_adequate
373,assignment_isolation,plus_one_randomisation,True,ok,21.634137057413792,4.322032997298113,29.643945512624903,14.445088565076732,29.74426373331452,1.0,0.001,1.0,0.001,,,,,0.007071067811865475,0.007071067811865475,24,95.625,1.0283571068952664,0.03157975855536893,False,0.5003252931748071,False,0.01041666666666663,False,False,0.198388233480879,0.01041666666666663,True,0.13015323411310517,0.2995847506785948,3.638225725717424,False,forward_only_adequate
374,assignment_isolation,plus_one_randomisation,True,ok,17.384678642249586,3.6452891707578825,23.828159331344335,11.10327438971327,29.34137330638398,1.0,0.001,1.0,0.001,,,,,0.007071067811865475,0.007071067811865475,24,97.125,1.0223531967438073,0.02738580189633334,False,0.5184805499636359,False,0.027430555555555625,False,False,0.15471260514685856,0.027430555555555625,True,-0.42912230927679407,0.17342116072025537,1.3459290838499536,False,forward_only_adequate
375,assignment_isolation,plus_one_randomisation,True,ok,17.231457463617875,3.7215750557735943,23.043191750081924,10.490652859183772,29.149976979249455,1.0,0.001,1.0,0.001,,,,,0.007071067811865475,0.007071067811865475,24,96.41666666666667,1.0119738240189857,0.009586555697857544,False,0.5122481966633946,False,0.014236111111111116,False,False,0.15495884731569226,0.014236111111111116,True,-2.451008425465062,0.2681696944575361,0.15237714873147262,False,forward_only_adequate
376,assignment_isolation,plus_one_randomisation,True,ok,22.3242690516369,3.129311483998714,27.838647436245296,17.43654729087027,28.98882055030057,1.0,0.001,1.0,0.001,,,,,0.007071067811865475,0.007071067811865475,24,97.54166666666667,1.0122333417521612,0.0009660278879616978,False,0.5119143237023502,False,0.022916666666666696,False,False,0.20950966062498688,0.022916666666666696,True,0.8905543899842361,0.1829356340115472,2.808859147914609,False,forward_only_adequate
377,assignment_isolation,plus_one_randomisation,True,ok,17.97915457259503,4.295124006150829,25.808675210734556,10.51935286210885,29.261345995314663,1.0,0.001,1.0,0.001,,,,,0.007071067811865475,0.007071067811865475,24,95.875,1.0129826206044918,0.0001497511077382372,False,0.5224073639008842,False,0.029861111111111116,False,False,0.16269967344465838,0.029861111111111116,True,-1.2209510866152344,0.2956559307377953,3.1464392096180522,False,forward_only_adequate
378,assignment_isolation,plus_one_randomisation,True,ok,18.71489703878629,4.07202754967137,24.786212276758107,9.926200791119534,28.62538603245083,1.0,0.001,1.0,0.001,,,,,0.007071067811865475,0.007071067811865475,24,97.33333333333333,0.9984749117362159,0.004993584958013607,False,0.5231146107635479,False,0.026388888888888906,False,False,0.1734349459712881,0.026388888888888906,True,0.8623541436327194,0.18480065058733489,4.123661706309911,False,forward_only_adequate
379,assignment_isolation,plus_one_randomisation,True,ok,24.59602724756914,4.035876135030694,32.03059342372435,17.790396307797728,28.399921487441368,1.0,0.001,1.0,0.001,,,,,0.007071067811865475,0.007071067811865475,24,96.25,0.9850822984174676,0.017317403579879438,False,0.49544827990104695,False,0.02604166666666663,False,False,0.24146218994393165,0.02604166666666663,True,-1.0480189624529546,0.1182754562641241,4.972302329420176,False,forward_only_adequate
380,assignment_isolation,plus_one_randomisation,True,ok,19.45588698068391,4.257032028203572,25.75969638967712,11.331635048772666,29.50527725944887,1.0,0.001,1.0,0.001,,,,,0.007071067811865475,0.007071067811865475,24,97.20833333333333,1.0285051130929879,0.0023717950218286057,False,0.5194644700282176,False,0.019791666666666763,False,False,0.17530998691052063,0.019791666666666763,True,-1.5026326335773905,0.14431482031628837,2.1367199252625464,False,forward_only_adequate
381,assignment_isolation,plus_one_randomisation,True,ok,18.529831880019863,3.2084816875401,23.719979301266132,12.951317265985633,28.718119872750943,1.0,0.001,1.0,0.001,,,,,0.007071067811865475,0.007071067811865475,24,97.25,1.0012806317271186,0.021693953953698657,False,0.4843375280156624,False,0.005555555555555536,False,False,0.17086794673348715,0.005555555555555536,True,0.9083340431738738,0.17053525123350102,3.473362147787407,False,forward_only_adequate
382,assignment_isolation,plus_one_randomisation,True,ok,20.89659136138999,3.3236136103453737,25.948810849938162,14.168424979229645,29.687562237969555,1.0,0.001,1.0,0.001,,,,,0.007071067811865475,0.007071067811865475,24,95.29166666666667,1.024606261058718,0.010281659594588313,False,0.5076708983827728,False,0.021874999999999978,False,False,0.1913739236990457,0.021874999999999978,True,0.14475678867518468,0.08807383403346541,3.44250059183219,False,forward_only_adequate
383,assignment_isolation,plus_one_randomisation,True,ok,17.098121483949573,4.632622262821499,25.655272422584055,9.764496683136496,28.900127228684145,1.0,0.001,1.0,0.001,,,,,0.007071067811865475,0.007071067811865475,24,94.66666666666667,0.9941531750039266,0.0072317478857117515,False,0.5105980919200733,False,0.03020833333333328,False,False,0.15679201079534488,0.03020833333333328,True,0.7129075660777616,0.16656353070958066,3.3063687076435726,False,forward_only_adequate
384,assignment_isolation,plus_one_randomisation,True,ok,19.62148950550724,3.5752927479352623,25.984847789819995,13.791214096253519,29.572160698437376,1.0,0.001,1.0,0.001,,,,,0.007071067811865475,0.007071067811865475,24,95.79166666666667,1.0232975370127713,0.027036136788306388,False,0.5226053339705433,False,0.015972222222222276,False,False,0.1781074451317216,0.015972222222222276,True,-0.7189358777329284,0.10637852955825565,2.290575270278354,False,forward_only_adequate
385,assignment_isolation,plus_one_randomisation,True,ok,28.27881698283667,3.680356886787265,34.4818018728417,22.12515485431014,29.616494622851622,1.0,0.001,1.0,0.001,,,,,0.007071067811865475,0.007071067811865475,24,96.45833333333333,1.0283916409355656,0.007571158389162811,False,0.5133321844699299,False,0.02951388888888895,False,False,0.2691587068305265,0.02951388888888895,True,1.6769081880866132,0.18394694962717545,4.173931096867194,False,forward_only_adequate
386,assignment_isolation,plus_one_randomisation,True,ok,17.223252886521983,4.655578723625664,25.91643976566366,9.452232155795215,29.97378164738203,1.0,0.001,1.0,0.001,,,,,0.007071067811865475,0.007071067811865475,24,95.83333333333333,1.0374205412251642,0.023197848840634406,False,0.5177193380716231,False,0.02083333333333326,False,False,0.15040942223797346,0.02083333333333326,True,0.36584306175981923,0.12004531687371345,2.953181585793674,False,forward_only_adequate
387,assignment_isolation,plus_one_randomisation,True,ok,22.344653576444603,4.379749549272707,30.84401840068219,15.711164871490126,29.581028622974475,1.0,0.001,1.0,0.001,,,,,0.007071067811865475,0.007071067811865475,24,95.91666666666667,1.0242720381480153,0.03534531059416228,False,0.4948777506269691,False,0.021874999999999978,False,False,0.20689004805136124,0.021874999999999978,True,0.3199419947640788,0.13515439323029832,3.4532675291384884,False,forward_only_adequate
388,assignment_isolation,plus_one_randomisation,True,ok,15.321602554802487,3.76461183728009,21.41015646974144,8.029778245319566,29.053769491539697,1.0,0.001,1.0,0.001,,,,,0.007071067811865475,0.007071067811865475,24,95.58333333333333,1.0042655822750983,0.0023952267641044376,False,0.5129721785559606,False,0.029861111111111116,False,False,0.13613011850875517,0.029861111111111116,True,-0.08771965042622343,0.20410114853792524,1.188910786061636,False,forward_only_adequate
389,assignment_isolation,plus_one_randomisation,True,ok,20.907955878570945,3.707784248656373,27.073421862798806,14.412118438800679,29.455733566021433,1.0,0.001,1.0,0.001,,,,,0.007071067811865475,0.007071067811865475,24,96.41666666666667,1.0225885034938578,0.015944423956386504,False,0.5124337291089884,False,0.015277777777777835,False,False,0.19193376946848473,0.015277777777777835,True,-0.2260534510556769,0.09732654166172416,2.501322295585862,False,forward_only_adequate
390,assignment_isolation,plus_one_randomisation,True,ok,24.023347667888142,4.453702103733639,32.25931733430703,16.84059936407924,29.857078922072144,1.0,0.001,1.0,0.001,,,,,0.007071067811865475,0.007071067811865475,24,94.29166666666667,1.0250356703804127,0.0313659049223836,False,0.4893044718626323,False,0.027083333333333348,False,False,0.22465779683715442,0.027083333333333348,True,1.260936077294315,0.2450628462379734,2.7575862472863726,False,forward_only_adequate
391,assignment_isolation,plus_one_randomisation,True,ok,16.233524758264263,4.226420396438249,24.294174999513444,9.750841401919853,28.50944820700793,1.0,0.001,1.0,0.001,,,,,0.007071067811865475,0.007071067811865475,24,98.0,0.9978306872452777,0.02654099084488406,False,0.48755908783823365,False,0.009375000000000022,False,False,0.1468581631855473,0.009375000000000022,True,-1.0387095918266775,0.2099885246391067,1.64637968739594,False,forward_only_adequate
392,assignment_isolation,plus_one_randomisation,True,ok,24.878312617361672,3.8761332390093424,32.424240870804624,18.7992687092298,29.27215907081719,1.0,0.001,1.0,0.001,,,,,0.007071067811865475,0.007071067811865475,24,96.5,1.016654575853982,0.015315953492515319,False,0.5104749129568562,False,0.015972222222222276,False,False,0.23600247529323176,0.015972222222222276,True,-0.02944882165946547,0.12742568410458963,3.4084892764901946,False,forward_only_adequate
393,assignment_isolation,plus_one_randomisation,True,ok,22.254780829502213,3.728055532458381,29.147307762747623,16.35757843270438,29.574832416487858,1.0,0.001,1.0,0.001,,,,,0.007071067811865475,0.007071067811865475,24,96.5,1.027166757108555,0.0017484139477538074,False,0.5087105948676678,False,0.028125000000000067,False,False,0.2052599833291093,0.028125000000000067,True,-0.7222815222806341,0.13746763502547665,2.50405436477372,False,forward_only_adequate
394,assignment_isolation,plus_one_randomisation,True,ok,26.398923840922,3.452869855206438,32.214786875986405,20.98361007129059,29.889426736513315,1.0,0.001,1.0,0.001,,,,,0.007071067811865475,0.007071067811865475,24,95.83333333333333,1.0345009390769293,0.01464721077164365,False,0.5079812480705982,False,0.015625,False,False,0.24749315458703622,0.015625,True,2.188906525174588,0.19719191469310177,3.6957265965346413,False,forward_only_adequate
395,assignment_isolation,plus_one_randomisation,True,ok,16.993889226417647,3.762701780609975,23.071461766266065,10.51894076729781,29.33237563329479,1.0,0.001,1.0,0.001,,,,,0.007071067811865475,0.007071067811865475,24,96.70833333333333,1.0198450536262467,0.024179689444235382,False,0.49084031295259306,False,0.015277777777777835,False,False,0.1510628553658159,0.015277777777777835,True,0.10442427191616213,0.07632766761453788,2.5588248934246183,False,forward_only_adequate
396,assignment_isolation,plus_one_randomisation,True,ok,18.11990934810468,3.6951517509897256,24.810853382917582,11.987754441721474,29.36650287009646,1.0,0.001,1.0,0.001,,,,,0.007071067811865475,0.007071067811865475,24,96.54166666666667,1.0201514093680817,0.020499837465631703,False,0.4938354275742544,False,0.0253472222222223,False,False,0.16284225517268985,0.0253472222222223,True,-2.9923700069656034,0.2913427987306325,2.1354708144990995,False,forward_only_adequate
397,assignment_isolation,plus_one_randomisation,True,ok,18.724074861709415,3.093407834406433,24.0082018444587,13.293240222051026,29.00437133261319,1.0,0.001,1.0,0.001,,,,,0.007071067811865475,0.007071067811865475,24,95.5,1.0021209672253326,0.027348312770952315,False,0.5135509322246505,False,0.03402777777777788,False,False,0.1727961444594441,0.03402777777777788,True,0.6065144751878803,0.18576846911934436,3.4670568425516968,False,forward_only_adequate
398,assignment_isolation,plus_one_randomisation,True,ok,20.063212696908266,3.3402467349775753,26.646988011857836,14.597764638113961,29.37723237156569,1.0,0.001,1.0,0.001,,,,,0.007071067811865475,0.007071067811865475,24,95.70833333333333,1.016110084880587,0.0007375306181711524,False,0.5008022122347136,False,0.021527777777777812,False,False,0.18430126878195896,0.021527777777777812,True,-1.8897877551284812,0.16221798156966347,2.6867496527570114,False,forward_only_adequate
399,assignment_isolation,plus_one_randomisation,True,ok,18.05202475476429,4.058598582493751,25.543443613912636,11.039659868215786,29.106905811117013,1.0,0.001,1.0,0.001,,,,,0.007071067811865475,0.007071067811865475,24,95.75,1.0069790572217756,0.00502140409640718,False,0.5099858316581419,False,0.01805555555555549,False,False,0.16461794577754177,0.01805555555555549,True,-0.7589047182435806,0.21906382345681413,1.960586028851451,False,forward_only_adequate
400,assignment_isolation,plus_one_randomisation,True,ok,20.879557605597245,3.1490480282483744,27.03861924556302,15.887602323864225,29.146179827695235,1.0,0.001,1.0,0.001,,,,,0.007071067811865475,0.007071067811865475,24,96.0,1.009653286162145,0.018147009834627754,False,0.5288629500355543,False,0.029166666666666674,False,False,0.19448392399492917,0.029166666666666674,True,-0.9689709588678893,0.08198951019174484,2.9723853599296235,False,forward_only_adequate
401,assignment_isolation,plus_one_randomisation,True,ok,14.024251418069278,4.324475080790523,21.178338595432216,6.427893429678598,28.427590366534268,1.0,0.001,1.0,0.001,,,,,0.007071067811865475,0.007071067811865475,24,96.75,0.9885998542705038,0.02450093805027628,False,0.49893723806065265,False,0.020138888888888817,False,False,0.12489788249790675,0.020138888888888817,True,-0.6642132980157538,0.22828534148359741,2.4728212732406223,False,forward_only_adequate
402,assignment_isolation,plus_one_randomisation,True,ok,28.356417350831133,3.7130591785864153,34.71605434561492,22.129991983926,28.762521539932727,1.0,0.001,1.0,0.001,,,,,0.007071067811865475,0.007071067811865475,24,96.625,0.9996010804659994,0.023122110357212105,False,0.5173105270506191,False,0.028125000000000067,False,False,0.2786441670283555,0.028125000000000067,True,-1.5353657723002467,0.28726294563592014,2.2833634341817675,False,forward_only_adequate
403,assignment_isolation,plus_one_randomisation,True,ok,16.305977720781417,5.012823874553295,26.26541566581523,7.5335161706024625,29.622830812176797,1.0,0.001,1.0,0.001,,,,,0.007071067811865475,0.007071067811865475,24,94.66666666666667,1.0190138981568277,0.00928958182021387,False,0.534617242898613,False,0.0215277777777777,False,False,0.14401828337235126,0.0215277777777777,True,0.19442104625736042,0.10331465306199587,3.2009136447678106,False,forward_only_adequate
404,assignment_isolation,plus_one_randomisation,True,ok,25.453345708738954,3.7802660627243174,31.804239760394267,18.88846284930196,29.51022913192765,1.0,0.001,1.0,0.001,,,,,0.007071067811865475,0.007071067811865475,24,95.70833333333333,1.0207102237824068,0.007121946860310288,False,0.5163048974440984,False,0.01666666666666672,False,False,0.24111557773372364,0.01666666666666672,True,0.33526449615294385,0.18465676883804652,2.6927689019513235,False,forward_only_adequate
405,assignment_isolation,plus_one_randomisation,True,ok,21.166403681695204,4.185574039239615,28.289190283604576,13.492159260580936,29.641024871625802,1.0,0.001,1.0,0.001,,,,,0.007071067811865475,0.007071067811865475,24,95.66666666666667,1.0250110406140704,0.028916849393527358,False,0.4891967425545192,False,0.015277777777777724,False,False,0.19415660950504368,0.015277777777777724,True,-0.2772700020789739,0.10682956397632547,3.7673722334735764,False,forward_only_adequate
406,assignment_isolation,plus_one_randomisation,True,ok,23.98795601404011,4.3320703208669435,31.710473050850403,17.34014318591953,29.496394747507974,1.0,0.001,1.0,0.001,,,,,0.007071067811865475,0.007071067811865475,24,96.08333333333333,1.0222284737662006,0.003637573588205832,False,0.5035776157560125,False,0.029861111111111116,False,False,0.22498396993157038,0.029861111111111116,True,-0.09397186241453641,0.07796416120944698,1.4847609325033548,False,forward_only_adequate
407,assignment_isolation,plus_one_randomisation,True,ok,10.38022450957845,4.243148970641386,18.06406398698755,3.6351912516796236,29.367821963107577,1.0,0.001,1.0,0.001,,,,,0.007071067811865475,0.007071067811865475,24,96.83333333333333,1.0217371540500189,0.00042645301367324773,False,0.5022536705903665,False,0.012499999999999956,False,False,0.0840095228348571,0.012499999999999956,True,-0.4897807333783016,0.1221167507480225,1.4065275917039044,False,forward_only_adequate
408,assignment_isolation,plus_one_randomisation,True,ok,21.24350393591686,3.254600163549282,26.483933516954895,14.638819696207465,28.257813256248838,1.0,0.001,1.0,0.001,,,,,0.007071067811865475,0.007071067811865475,24,95.08333333333333,0.9741946863513313,0.000780219887575262,False,0.5092550827319358,False,0.016319444444444442,False,False,0.2067922671734045,0.016319444444444442,True,-0.5541405812166941,0.11331365544823989,3.8760470879643036,False,forward_only_adequate
409,assignment_isolation,plus_one_randomisation,True,ok,17.610786513892297,3.6547815685968867,23.646429774208272,11.277230604627373,28.790170492247075,1.0,0.001,1.0,0.001,,,,,0.007071067811865475,0.007071067811865475,24,96.75,1.0012089658701642,0.010178169546067796,False,0.5329430115453058,False,0.030208333333333393,False,False,0.16098751485171522,0.030208333333333393,True,0.6562969671500823,0.14610340553771253,2.2185371192400805,False,forward_only_adequate
410,assignment_isolation,plus_one_randomisation,True,ok,22.219861003851307,4.134574796664364,29.318969222764675,14.909995480557777,29.511301476072553,1.0,0.001,1.0,0.001,,,,,0.007071067811865475,0.007071067811865475,24,94.54166666666667,1.0145068793167693,0.031187489092688283,False,0.48906989240118165,False,0.013541666666666674,False,False,0.20784195144125955,0.013541666666666674,True,2.0703708980100615,0.14565442272964785,5.293002879252778,False,forward_only_adequate
411,assignment_isolation,plus_one_randomisation,True,ok,23.131388313511824,4.129375032732812,29.947292550670817,16.27467986530863,29.240341413430148,1.0,0.001,1.0,0.001,,,,,0.007071067811865475,0.007071067811865475,24,96.33333333333333,1.014672148542067,0.048565041645573806,False,0.5069288548843384,False,0.021527777777777812,False,False,0.21764357923129207,0.021527777777777812,True,0.8298129567961419,0.27526496236791914,3.9485035856108346,False,forward_only_adequate
412,assignment_isolation,plus_one_randomisation,True,ok,19.209320348244734,3.614415518687458,25.076691856916145,13.200660560130867,28.855034374695965,1.0,0.001,1.0,0.001,,,,,0.007071067811865475,0.007071067811865475,24,96.66666666666667,1.0030324283180332,0.020374037650968,False,0.5250914650432157,False,0.02256944444444442,False,False,0.17785238270832143,0.02256944444444442,True,-2.7932048331504125,0.29118978891613395,0.3512871270536944,False,forward_only_adequate
413,assignment_isolation,plus_one_randomisation,True,ok,21.66169825961741,4.834192138479479,29.447788262999545,12.872411036072343,29.403599326284088,1.0,0.001,1.0,0.001,,,,,0.007071067811865475,0.007071067811865475,24,96.875,1.0232019529238587,0.010105563567044977,False,0.5132299966652278,False,0.00347222222222221,False,False,0.19984042930054022,0.00347222222222221,True,-0.9831539868055262,0.1505278020754607,2.592942375138869,False,forward_only_adequate
414,assignment_isolation,plus_one_randomisation,True,ok,28.882332487050757,4.0185746226431585,35.84099235299019,22.192323408716746,29.51775999093193,1.0,0.001,1.0,0.001,,,,,0.007071067811865475,0.007071067811865475,24,95.875,1.0218592772450181,0.02046170632362996,False,0.48463710796799697,False,0.015277777777777835,False,False,0.27751938172363355,0.015277777777777835,True,0.49398385461071337,0.15737371658406368,3.914008296457824,False,forward_only_adequate
415,assignment_isolation,plus_one_randomisation,True,ok,18.50287487944577,3.7310708956616985,25.930254117374005,13.216700698904916,28.595428890577942,1.0,0.001,1.0,0.001,,,,,0.007071067811865475,0.007071067811865475,24,95.25,0.9866976944256313,0.022872928354438368,False,0.5145380253531078,False,0.022222222222222254,False,False,0.17353063190519383,0.022222222222222254,True,1.0373564326758102,0.13590433270068872,2.7154243842642263,False,forward_only_adequate
416,assignment_isolation,plus_one_randomisation,True,ok,20.655339058538903,4.117150173095153,27.62888914607137,13.171276166393273,29.406194704998892,1.0,0.001,1.0,0.001,,,,,0.007071067811865475,0.007071067811865475,24,96.45833333333333,1.0210892683771902,0.0030401348147363065,False,0.5279350576857723,False,0.015625,False,False,0.18956476398095426,0.015625,True,0.21697983612153615,0.21354995798680787,2.2939310921318046,False,forward_only_adequate
417,assignment_isolation,plus_one_randomisation,True,ok,20.188548604428195,4.304437213893109,27.26518375882617,12.600321046855996,29.611480739121227,1.0,0.001,1.0,0.001,,,,,0.007071067811865475,0.007071067811865475,24,96.16666666666667,1.026661823309786,0.009630486145843787,False,0.5015507392124411,False,0.023263888888888862,False,False,0.18342228147962106,0.023263888888888862,True,-0.7515033137910503,0.12112023257063,1.8210517217411504,False,forward_only_adequate
418,assignment_isolation,plus_one_randomisation,True,ok,20.96312197288886,4.886759483099977,29.3834424234704,12.451022428727487,29.659131456142507,1.0,0.001,1.0,0.001,,,,,0.007071067811865475,0.007071067811865475,24,95.45833333333333,1.024519807330669,0.003999296202494038,False,0.5133878022866716,False,0.021180555555555536,False,False,0.19210061280618174,0.021180555555555536,True,-1.6945775157872376,0.26197558210112826,2.1151115801763556,False,forward_only_adequate
419,assignment_isolation,plus_one_randomisation,True,ok,16.985641479896792,3.1857144057798217,22.61144419756473,11.894085115314077,28.40669698643389,1.0,0.001,1.0,0.001,,,,,0.007071067811865475,0.007071067811865475,24,96.04166666666667,0.9842503756111862,0.010675099181347644,False,0.5211327105498667,False,0.02256944444444442,False,False,0.15742205837319256,0.02256944444444442,True,-0.43982117089782835,0.10899242788091604,2.4069885412804077,False,forward_only_adequate
420,assignment_isolation,plus_one_randomisation,True,ok,16.385057046644594,4.316121747304743,24.2687027328944,9.51650402413266,28.66286073406391,1.0,0.001,1.0,0.001,,,,,0.007071067811865475,0.007071067811865475,24,96.875,0.9974253408242563,0.018328943787571553,False,0.5129697104829204,False,0.03298611111111105,False,False,0.14854675398460682,0.03298611111111105,True,0.8346770844132209,0.20151549575339198,2.697213871710872,False,forward_only_adequate
421,assignment_isolation,plus_one_randomisation,True,ok,25.786848516039782,3.645260042652199,31.669255321855957,18.503181086072466,29.170421011482,1.0,0.001,1.0,0.001,,,,,0.007071067811865475,0.007071067811865475,24,96.95833333333333,1.015524193982884,0.00792831494787616,False,0.5204089444980259,False,0.01666666666666672,False,False,0.24611331766735278,0.01666666666666672,True,-0.586785543270939,0.13122874248678779,3.773072908823925,False,forward_only_adequate
422,assignment_isolation,plus_one_randomisation,True,ok,21.389059226618986,4.6939165152624405,29.281536725392016,12.572003788500027,28.86676053640552,1.0,0.001,1.0,0.001,,,,,0.007071067811865475,0.007071067811865475,24,95.91666666666667,0.9995398072936136,0.02136311435086459,False,0.4914039815452076,False,0.0336805555555556,False,False,0.20233688683426926,0.0336805555555556,True,0.29533896182231384,0.09924520374538477,4.7300309166556955,False,forward_only_adequate
423,assignment_isolation,plus_one_randomisation,True,ok,25.538172186669822,4.104098575919608,32.956812769671984,19.62304317621863,29.969339577922913,1.0,0.001,1.0,0.001,,,,,0.007071067811865475,0.007071067811865475,24,95.29166666666667,1.03433123694008,0.011936874922778508,False,0.4939278714517303,False,0.025347222222222188,False,False,0.23841311990400424,0.025347222222222188,True,-0.017648825762139407,0.15982119582065987,3.2080112574608455,False,forward_only_adequate
424,assignment_isolation,plus_one_randomisation,True,ok,17.83061830701334,3.6322460740687426,24.034258825337886,11.121569164508372,29.05271551737471,1.0,0.001,1.0,0.001,,,,,0.007071067811865475,0.007071067811865475,24,97.0,1.0116437555814175,0.03245455094003937,False,0.4906718790771227,False,0.01805555555555549,False,False,0.16137312647169955,0.01805555555555549,True,-0.1722795159021614,0.15055331106796072,2.3860597556060386,False,forward_only_adequate
425,assignment_isolation,plus_one_randomisation,True,ok,19.169884308133746,5.086261436619431,27.460683386963915,10.698281692448155,28.110233932980723,1.0,0.001,1.0,0.001,,,,,0.007071067811865475,0.007071067811865475,24,98.04166666666667,0.9840673189538824,0.005435051792919446,False,0.5436266709029077,False,0.018402777777777768,False,False,0.1814230221250666,0.018402777777777768,True,-0.5029629437672751,0.16441860046849757,1.4557927224204457,False,forward_only_adequate
426,assignment_isolation,plus_one_randomisation,True,ok,22.208833829449876,4.591090228643402,29.726774229147303,14.933058843998168,29.20238612071405,1.0,0.001,1.0,0.001,,,,,0.007071067811865475,0.007071067811865475,24,94.875,1.0056555158155425,0.016570124697313927,False,0.5395898178247494,False,0.018402777777777768,False,False,0.20983231856094503,0.018402777777777768,True,0.4378989598222093,0.14297408062710149,2.2713937755887863,False,forward_only_adequate
427,assignment_isolation,plus_one_randomisation,True,ok,16.120465154734024,4.095491937021618,22.9736634192952,8.418429207298674,29.683087874585247,1.0,0.001,1.0,0.001,,,,,0.007071067811865475,0.007071067811865475,24,96.58333333333333,1.031371625649873,0.029347879187386093,False,0.5184243192648469,False,0.03229166666666672,False,False,0.14007810866233292,0.03229166666666672,True,-0.1166524790403337,0.1055138157794907,3.6790777454401478,False,forward_only_adequate
428,assignment_isolation,plus_one_randomisation,True,ok,25.507672753704536,3.4802199456929825,31.29153259579689,19.43778665757094,29.612137332606274,1.0,0.001,1.0,0.001,,,,,0.007071067811865475,0.007071067811865475,24,95.70833333333333,1.0242350606061033,0.025053343614247638,False,0.5173003701998407,False,0.028472222222222232,False,False,0.24075607973379765,0.028472222222222232,True,0.9130956295687823,0.12385143326069321,4.41967128338388,False,forward_only_adequate
429,assignment_isolation,plus_one_randomisation,True,ok,18.353856749297083,3.7814343570118543,25.744374372806558,12.360866449374374,28.36680137959731,1.0,0.001,1.0,0.001,,,,,0.007071067811865475,0.007071067811865475,24,96.04166666666667,0.9828680513644463,0.004572483479915904,False,0.5137438372704873,False,0.02604166666666663,False,False,0.17268070268982225,0.02604166666666663,True,0.9039609891092883,0.15372406930421728,1.4487563152199856,False,forward_only_adequate
430,assignment_isolation,plus_one_randomisation,True,ok,17.84298756242351,3.5474066879693726,23.852656417665337,11.717149317981447,28.69164666814547,1.0,0.001,1.0,0.001,,,,,0.007071067811865475,0.007071067811865475,24,95.79166666666667,0.992828750924019,0.03986593157992584,False,0.5025503720635816,False,0.032638888888888884,False,False,0.16510227416269752,0.032638888888888884,True,-1.094577290529416,0.11839666635682168,0.7523905497060236,False,forward_only_adequate
431,assignment_isolation,plus_one_randomisation,True,ok,17.64208071167018,4.066596503092335,24.300752862544606,11.025117124013397,29.285175634835262,1.0,0.001,1.0,0.001,,,,,0.007071067811865475,0.007071067811865475,24,94.58333333333333,1.0069551959983614,0.031764400921775404,False,0.5137213351695373,False,0.01215277777777779,False,False,0.16024283368744216,0.01215277777777779,True,-0.9577526012069247,0.2052541934813385,2.4233843777148816,False,forward_only_adequate
432,assignment_isolation,plus_one_randomisation,True,ok,17.168462047415176,3.569948155037421,23.56291779230571,10.832574334129134,29.221292451387004,1.0,0.001,1.0,0.001,,,,,0.007071067811865475,0.007071067811865475,24,96.375,1.0142303978727498,5.691981443385184e-05,False,0.5274957432582801,False,0.020138888888888817,False,False,0.15388857864462616,0.020138888888888817,True,-0.3281169032616231,0.0891856663295683,2.1928253055313425,False,forward_only_adequate
433,assignment_isolation,plus_one_randomisation,True,ok,16.71557134237166,4.019125881465064,23.113162301264804,9.357610508291721,28.497307283955355,1.0,0.001,1.0,0.001,,,,,0.007071067811865475,0.007071067811865475,24,97.54166666666667,0.9950706525960141,0.02702499190210079,False,0.4952320330959582,False,0.032638888888888884,False,False,0.15250691753989865,0.032638888888888884,True,-0.6886121672424821,0.23001832230387184,2.8547863225480885,False,forward_only_adequate
434,assignment_isolation,plus_one_randomisation,True,ok,15.640298163990522,4.32712937413974,23.52923015897385,8.57069707510724,28.84812908055779,1.0,0.001,1.0,0.001,,,,,0.007071067811865475,0.007071067811865475,24,95.70833333333333,0.9978092734516315,0.00033376105809231944,False,0.5021278302349205,False,0.009375000000000022,False,False,0.14054941949272273,0.009375000000000022,True,1.8404370238805583,0.13631987825432118,3.7290173693655633,False,forward_only_adequate
435,assignment_isolation,plus_one_randomisation,True,ok,22.918333111417223,4.22179162995796,29.789735727571365,16.015372724224306,28.89410947871577,1.0,0.001,1.0,0.001,,,,,0.007071067811865475,0.007071067811865475,24,96.91666666666667,1.0056886639608569,0.007159442583132942,False,0.5115483093078234,False,0.026388888888888906,False,False,0.21755355507438862,0.026388888888888906,True,0.08316724821157918,0.21347362219515112,3.947622195402181,False,forward_only_adequate
436,assignment_isolation,plus_one_randomisation,True,ok,30.24447513768658,3.822183029808259,37.064980017571,23.830339042364532,30.106215239192,1.0,0.001,1.0,0.001,,,,,0.007071067811865475,0.007071067811865475,24,95.79166666666667,1.041777644089072,0.01512128018230261,False,0.5185741035268768,False,0.008333333333333304,False,False,0.2858671718735673,0.008333333333333304,True,2.2784490764847343,0.1602337136529835,5.852646612804056,False,forward_only_adequate
437,assignment_isolation,plus_one_randomisation,True,ok,13.197063350599587,3.8778627229683895,19.442702568832914,6.2161257430411965,29.614269089052062,1.0,0.001,1.0,0.001,,,,,0.007071067811865475,0.007071067811865475,24,95.70833333333333,1.0243087945506655,0.050570270145390506,False,0.5211019424646595,False,0.007638888888888862,False,False,0.11141828062816428,0.007638888888888862,True,2.115018395926458,0.14453269499137342,3.5085503036471506,False,forward_only_adequate
438,assignment_isolation,plus_one_randomisation,True,ok,16.4336784878358,4.091903532745788,23.338968555634047,8.711223425828688,28.60675447246316,1.0,0.001,1.0,0.001,,,,,0.007071067811865475,0.007071067811865475,24,95.95833333333333,0.9907519667672943,0.00978277618402832,False,0.5152508719876716,False,0.028819444444444398,False,False,0.15025018485575092,0.028819444444444398,True,-0.47785027164129595,0.2326208666812202,3.4496465388887514,False,forward_only_adequate
439,assignment_isolation,plus_one_randomisation,True,ok,22.118172047715507,3.8947373287760922,28.37961981859348,15.500941808182485,28.629259658014114,1.0,0.001,1.0,0.001,,,,,0.007071067811865475,0.007071067811865475,24,97.16666666666667,0.9977546860471836,0.014675146494760196,False,0.5073833050703296,False,0.011458333333333348,False,False,0.21075223991005743,0.011458333333333348,True,0.6504962170823368,0.12024777252662698,3.719232391847651,False,forward_only_adequate
440,assignment_isolation,plus_one_randomisation,True,ok,19.434650711997406,4.113530509805203,25.7735023009719,11.748571318410486,29.09644383149684,1.0,0.001,1.0,0.001,,,,,0.007071067811865475,0.007071067811865475,24,97.08333333333333,1.013601533435744,0.022666466755023974,False,0.5425971278016998,False,0.02083333333333337,False,False,0.17809759898426192,0.02083333333333337,True,-1.1515541849228366,0.19283145959329678,1.9339342571089309,False,forward_only_adequate
441,assignment_isolation,plus_one_randomisation,True,ok,16.31390313816199,4.244453679619886,23.670494881236003,9.01968270475039,29.669302301960247,1.0,0.001,1.0,0.001,,,,,0.007071067811865475,0.007071067811865475,24,96.375,1.029780196354584,0.018773454088121953,False,0.531384532013714,False,0.03229166666666661,False,False,0.14232441022405135,0.03229166666666661,True,0.9826139915849278,0.09373420558970745,2.295752154616567,False,forward_only_adequate
442,assignment_isolation,plus_one_randomisation,True,ok,15.028161085820239,4.215934926731236,21.74302922316486,6.892737211769283,28.730278013977657,1.0,0.001,1.0,0.001,,,,,0.007071067811865475,0.007071067811865475,24,95.54166666666667,0.9928673779098373,0.0030070435640392234,False,0.524339505092892,False,0.02673611111111107,False,False,0.13486073495922427,0.02673611111111107,True,-0.04441308848988375,0.12149139312141322,1.9421929225054892,False,forward_only_adequate
443,assignment_isolation,plus_one_randomisation,True,ok,19.119401780298176,4.026905045171023,26.13200455228256,12.178760352915535,29.647654260792294,1.0,0.001,1.0,0.001,,,,,0.007071067811865475,0.007071067811865475,24,95.625,1.0250169994193379,0.016242058103113764,False,0.5036714018262366,False,0.02256944444444442,False,False,0.17245343414535413,0.02256944444444442,True,1.5625863432631333,0.13389550045533324,4.656531086181664,False,forward_only_adequate
444,assignment_isolation,plus_one_randomisation,True,ok,23.074640778933983,3.831529349745426,30.302334994123335,17.043252767135602,28.579982309928535,1.0,0.001,1.0,0.001,,,,,0.007071067811865475,0.007071067811865475,24,95.16666666666667,0.9857332159206603,0.013502761028403561,False,0.5340062478435641,False,0.022916666666666696,False,False,0.22435080151919112,0.022916666666666696,True,1.0958635442017022,0.1137880962422768,4.24612409063459,False,forward_only_adequate
445,assignment_isolation,plus_one_randomisation,True,ok,22.1793119232516,3.5223845666151266,28.370504710187102,16.394789253722596,28.800911130800966,1.0,0.001,1.0,0.001,,,,,0.007071067811865475,0.007071067811865475,24,97.5,1.0054570912744036,0.025571309591530537,False,0.5049498790919424,False,0.02083333333333337,False,False,0.20955854897621118,0.02083333333333337,True,-0.5765370218794945,0.07316223118979474,1.2191196901155827,False,forward_only_adequate
446,assignment_isolation,plus_one_randomisation,True,ok,19.33200750216174,4.274634219781381,25.74501374938987,11.094361208877803,29.29948411437124,1.0,0.001,1.0,0.001,,,,,0.007071067811865475,0.007071067811865475,24,95.0,1.0096637936089654,0.009574954293143572,False,0.5479153284058558,False,0.02083333333333337,False,False,0.17780607290622108,0.02083333333333337,True,0.2722249739714978,0.06279200136482536,4.4199155849465335,False,forward_only_adequate
447,assignment_isolation,plus_one_randomisation,True,ok,22.36763932530597,3.770410108539791,29.6041123107806,16.63384779346426,29.258301725501383,1.0,0.001,1.0,0.001,,,,,0.007071067811865475,0.007071067811865475,24,96.33333333333333,1.015295391211506,0.0038988945265977667,False,0.5265747511708246,False,0.025347222222222188,False,False,0.20924910847166675,0.025347222222222188,True,-0.57059192230502,0.17497599937366676,2.326909680218178,False,forward_only_adequate
448,assignment_isolation,plus_one_randomisation,True,ok,16.643217244803832,3.351555908844412,23.344201158315503,11.546811085544817,29.505991390000013,1.0,0.001,1.0,0.001,,,,,0.007071067811865475,0.007071067811865475,24,95.875,1.0214518664507652,0.02369900851447059,False,0.5170124347421492,False,0.028124999999999956,False,False,0.14712291847143008,0.028124999999999956,True,0.8309347901646588,0.1512819886970485,2.1655155732134794,False,forward_only_adequate
449,assignment_isolation,plus_one_randomisation,True,ok,19.793497864781923,3.620486160779067,25.85880848982346,13.296809296683875,29.549879899673428,1.0,0.001,1.0,0.001,,,,,0.007071067811865475,0.007071067811865475,24,95.5,1.0209686632013328,0.010433253826931839,False,0.4830271176336177,False,0.02847222222222212,False,False,0.18041015988314282,0.02847222222222212,True,0.6726893138386542,0.1896246028729493,3.9870602973076914,False,forward_only_adequate
450,assignment_isolation,plus_one_randomisation,True,ok,16.4533334800911,2.7219218651907657,20.97877525546886,11.994398464331269,28.969849443062973,1.0,0.001,1.0,0.001,,,,,0.007071067811865475,0.007071067811865475,24,96.625,1.006806470845004,0.04320287425689409,False,0.5134262112210766,False,0.019444444444444486,False,False,0.1476384627277165,0.019444444444444486,True,-1.4107203416626115,0.18295980948008583,0.5915001442563054,False,forward_only_adequate
451,assignment_isolation,plus_one_randomisation,True,ok,18.117962260748747,5.357400919849524,27.796561426452264,9.488754735968408,30.087092028504667,1.0,0.001,1.0,0.001,,,,,0.007071067811865475,0.007071067811865475,24,95.70833333333333,1.040662961310285,0.015966237091858994,False,0.5086065018554555,False,0.018402777777777768,False,False,0.1590592614879669,0.018402777777777768,True,0.4082655352204118,0.20826364974188633,2.357755381495724,False,forward_only_adequate
452,assignment_isolation,plus_one_randomisation,True,ok,15.82255710343347,2.8211418154141468,20.188425863457393,11.08633245636685,28.91087238227335,1.0,0.001,1.0,0.001,,,,,0.007071067811865475,0.007071067811865475,24,96.83333333333333,1.0058394015761576,0.037683055304960585,False,0.4927547232955379,False,0.013541666666666674,False,False,0.141143268165599,0.013541666666666674,True,-0.42582242865300635,0.09752990937998798,1.8321606500798369,False,forward_only_adequate
453,assignment_isolation,plus_one_randomisation,True,ok,18.531385025106097,3.1309189834980478,22.902413176721385,12.08101610651168,29.458295581166546,1.0,0.001,1.0,0.001,,,,,0.007071067811865475,0.007071067811865475,24,94.58333333333333,1.0129078333211807,0.0023120175726232413,False,0.5198339540112474,False,0.01736111111111105,False,False,0.1685898325921823,0.01736111111111105,True,1.3505697381502741,0.2213596806211666,4.068907167049267,False,forward_only_adequate
454,assignment_isolation,plus_one_randomisation,True,ok,16.751367394759466,3.8886650430458247,23.505207793027367,9.82104777770483,29.053028080457008,1.0,0.001,1.0,0.001,,,,,0.007071067811865475,0.007071067811865475,24,94.41666666666667,0.9980923853205402,0.005672996466409501,False,0.5052678546664057,False,0.036111111111111094,False,False,0.15234667149840392,0.036111111111111094,True,0.7602149650144367,0.13593356260725573,3.87999376693054,False,forward_only_adequate
455,assignment_isolation,plus_one_randomisation,True,ok,10.712267126988616,4.4080603172062665,18.295666178379477,3.5374374162556297,28.68186082758397,1.0,0.001,1.0,0.001,,,,,0.007071067811865475,0.007071067811865475,24,95.95833333333333,0.9933531625486716,0.005758331350807326,False,0.5202169606966474,False,0.019791666666666652,False,False,0.0901846459143993,0.019791666666666652,True,-1.8392005162350054,0.17339466943194248,1.813379017301124,False,forward_only_adequate
456,assignment_isolation,plus_one_randomisation,True,ok,23.00771252890269,3.2803016416658584,28.384085519167932,17.328499527608823,29.407549017266398,1.0,0.001,1.0,0.001,,,,,0.007071067811865475,0.007071067811865475,24,95.375,1.0153858607782995,0.031905322994665065,False,0.5329329262976347,False,0.009027777777777746,False,False,0.216132934303376,0.009027777777777746,True,-0.037858277743461226,0.16008112816765552,3.4931080196878606,False,forward_only_adequate
457,assignment_isolation,plus_one_randomisation,True,ok,22.74116031327938,4.800834021132113,30.857543063718154,15.090204280094738,28.890115444967567,1.0,0.001,1.0,0.001,,,,,0.007071067811865475,0.007071067811865475,24,97.66666666666667,1.009432926065631,0.01320979765075185,False,0.5140721703206279,False,0.021180555555555536,False,False,0.21470356318282519,0.021180555555555536,True,-0.8471564114717366,0.20244499096608465,5.376593591089628,False,forward_only_adequate
458,assignment_isolation,plus_one_randomisation,True,ok,22.356765038471995,3.8854310372094836,29.460530747349214,15.734854717694873,28.90247450162017,1.0,0.001,1.0,0.001,,,,,0.007071067811865475,0.007071067811865475,24,96.875,1.0057635470482762,0.0032426739247015915,False,0.4931886285831104,False,0.02604166666666674,False,False,0.2114170474591271,0.02604166666666674,True,-0.09326002618992574,0.0898424606215933,4.302325548166457,False,forward_only_adequate
459,assignment_isolation,plus_one_randomisation,True,ok,15.547165152622172,4.666874996752945,22.760986431250995,7.392333529775808,28.901906285286188,1.0,0.001,1.0,0.001,,,,,0.007071067811865475,0.007071067811865475,24,97.16666666666667,1.0072566589673784,0.0049224907298111645,False,0.5334671980512117,False,0.05138888888888893,True,False,0.13801609925244804,0.05138888888888893,True,-0.5246254359976104,0.07724678861318507,1.1478164217230626,False,selection_limited
460,assignment_isolation,plus_one_randomisation,True,ok,20.33249345312889,4.40416429578466,27.930647175813924,12.307570743514228,29.34064208822027,1.0,0.001,1.0,0.001,,,,,0.007071067811865475,0.007071067811865475,24,96.25,1.0177122200175583,0.02445405765659784,False,0.5065427908814062,False,0.03819444444444442,False,False,0.18684148017651767,0.03819444444444442,True,-0.002988357776499318,0.15230371473062407,3.6739404703055327,False,forward_only_adequate
461,assignment_isolation,plus_one_randomisation,True,ok,15.826813121244916,3.3540507791123653,21.984881649504615,10.120726847733579,29.603157763821766,1.0,0.001,1.0,0.001,,,,,0.007071067811865475,0.007071067811865475,24,94.54166666666667,1.0176646131735982,0.0072112826340046616,False,0.4913046145113145,False,0.015972222222222165,False,False,0.13925238264925605,0.015972222222222165,True,-1.5256452027436722,0.2426918790804536,2.6221968945945497,False,forward_only_adequate
462,assignment_isolation,plus_one_randomisation,True,ok,20.5158380265528,2.914005499364139,25.05898340775271,15.655430496110807,29.04411088779388,1.0,0.001,1.0,0.001,,,,,0.007071067811865475,0.007071067811865475,24,96.20833333333333,1.0072086300914762,0.023908227721886253,False,0.5145422150826393,False,0.017708333333333326,False,False,0.19109328326846775,0.017708333333333326,True,0.2920141451325212,0.15780730533596013,2.177837692080843,False,forward_only_adequate
463,assignment_isolation,plus_one_randomisation,True,ok,20.574090653171776,4.682158886124432,27.894064264634178,11.17132352556436,29.246327787930884,1.0,0.001,1.0,0.001,,,,,0.007071067811865475,0.007071067811865475,24,94.91666666666667,1.007389891554062,0.009658393897624197,False,0.518332392563916,False,0.020138888888888817,False,False,0.19168364762612697,0.020138888888888817,True,-0.3702250868266378,0.0384507049699664,3.281692913744833,False,forward_only_adequate
464,assignment_isolation,plus_one_randomisation,True,ok,19.942285264450078,4.26926963856344,28.845355805221757,14.015461513173978,29.06807052377732,1.0,0.001,1.0,0.001,,,,,0.007071067811865475,0.007071067811865475,24,96.45833333333333,1.0093483758105815,0.022035158729919634,False,0.5116699412931355,False,0.02951388888888895,False,False,0.18443682557974866,0.02951388888888895,True,0.8849880116409521,0.1636133686671266,3.6663274828665897,False,forward_only_adequate
465,assignment_isolation,plus_one_randomisation,True,ok,13.368817831909512,3.849983444753381,20.017870006038848,6.283382826663237,27.952692170803306,1.0,0.001,1.0,0.001,,,,,0.007071067811865475,0.007071067811865475,24,97.70833333333333,0.9768872717431076,0.0004617933146336175,False,0.5052423472037236,False,0.01736111111111116,False,False,0.11968770381245264,0.01736111111111116,True,-0.9668458964840887,0.22453045979237377,1.6636791346276643,False,forward_only_adequate
466,assignment_isolation,plus_one_randomisation,True,ok,19.27076284280679,4.402420306540299,26.739633558975992,10.61983593218071,28.872696500959115,1.0,0.001,1.0,0.001,,,,,0.007071067811865475,0.007071067811865475,24,96.0,1.0001795458235467,0.015350605408487945,False,0.5052370116459163,False,0.021180555555555536,False,False,0.17911129397541892,0.021180555555555536,True,0.558236731773705,0.16619200211921553,4.604253972277717,False,forward_only_adequate
467,assignment_isolation,plus_one_randomisation,True,ok,17.558426159091553,3.103289468657465,23.131719449014845,12.45301412274994,28.534120462123784,1.0,0.001,1.0,0.001,,,,,0.007071067811865475,0.007071067811865475,24,96.25,0.9897371364417163,0.01879553337463275,False,0.5530639756386431,False,0.03993055555555558,False,False,0.16261106810870132,0.03993055555555558,True,0.2787759077113517,0.2482969680649036,3.43745851624024,False,forward_only_adequate
468,assignment_isolation,plus_one_randomisation,True,ok,15.538046651192998,4.642154423335295,23.234296128356995,7.721936349813224,29.20027177133092,1.0,0.001,1.0,0.001,,,,,0.007071067811865475,0.007071067811865475,24,94.33333333333333,1.00270802421917,0.010429409776001064,False,0.5379852261508749,False,0.010763888888888906,False,False,0.13866006554554175,0.010763888888888906,True,-1.1143764516829038,0.15871116854146008,0.8267774053314466,False,forward_only_adequate
469,assignment_isolation,plus_one_randomisation,True,ok,19.757099449852777,5.232700023679183,28.271322463791478,10.358952131327264,28.76791509667789,1.0,0.001,1.0,0.001,,,,,0.007071067811865475,0.007071067811865475,24,96.5,0.9991416229346126,0.01173214219042581,False,0.5291679689770353,False,0.022916666666666696,False,False,0.18461613005786523,0.022916666666666696,True,0.06303839941433838,0.09269291043946516,1.6861016911465987,False,forward_only_adequate
470,assignment_isolation,plus_one_randomisation,True,ok,22.152359277400308,3.629885414185793,28.751265501955285,16.416090337221682,29.045907061378756,1.0,0.001,1.0,0.001,,,,,0.007071067811865475,0.007071067811865475,24,96.375,1.0081430150444557,0.009374153268221705,False,0.50810845456189,False,0.027083333333333348,False,False,0.20862243051136373,0.027083333333333348,True,0.8980071121501805,0.17030826875978552,3.584056506057891,False,forward_only_adequate
471,assignment_isolation,plus_one_randomisation,True,ok,23.804415696926412,2.8681583029237485,28.54897991418175,19.128603242221512,29.460738123629415,1.0,0.001,1.0,0.001,,,,,0.007071067811865475,0.007071067811865475,24,96.125,1.0212141095413068,0.008581282185567071,False,0.515644893077776,False,0.016319444444444442,False,False,0.22326843309862365,0.016319444444444442,True,0.9773057788944612,0.20764839044234767,3.06489766567367,False,forward_only_adequate
472,assignment_isolation,plus_one_randomisation,True,ok,23.88096519268034,3.393985184083432,29.78700691450698,18.73784311918041,28.51888397495561,1.0,0.001,1.0,0.001,,,,,0.007071067811865475,0.007071067811865475,24,96.58333333333333,0.9909200771579452,0.018655458593165704,False,0.5142369796327513,False,0.014930555555555558,False,False,0.2319327434240128,0.014930555555555558,True,0.1195936697972403,0.15306281987314893,4.183391910026197,False,forward_only_adequate
473,assignment_isolation,plus_one_randomisation,True,ok,13.032651737551916,3.095598581291699,18.533981812179046,8.315193470778112,28.816850126092785,1.0,0.001,1.0,0.001,,,,,0.007071067811865475,0.007071067811865475,24,94.70833333333333,0.9915066042271894,0.025624266365868714,False,0.54347767189974,False,0.02881944444444451,False,False,0.11409675707950306,0.02881944444444451,True,-1.4374987460215058,0.22640148427350876,0.3307020513597829,False,forward_only_adequate
474,assignment_isolation,plus_one_randomisation,True,ok,21.857610852975885,4.043508139033557,28.41431368276033,13.91846576362806,29.49425587212938,1.0,0.001,1.0,0.001,,,,,0.007071067811865475,0.007071067811865475,24,94.83333333333333,1.0154837031531383,0.001202768766416663,False,0.508510361800719,False,0.029861111111111116,False,False,0.20370841885249727,0.029861111111111116,True,0.3456418218785739,0.14593479022313724,4.076598689748146,False,forward_only_adequate
475,assignment_isolation,plus_one_randomisation,True,ok,16.71210734226786,3.8294875687967744,23.199312307573837,10.236865828918361,28.098315391473296,1.0,0.001,1.0,0.001,,,,,0.007071067811865475,0.007071067811865475,24,95.5,0.970816111633637,0.01733242157884574,False,0.5282832790015547,False,0.013194444444444509,False,False,0.1569615480278885,0.013194444444444509,True,2.303120470196322,0.35857984352005157,3.9557106720042468,False,forward_only_adequate
476,assignment_isolation,plus_one_randomisation,True,ok,17.264503124492617,3.779905504845324,24.51104626553576,11.183528297479508,29.90350851559918,1.0,0.001,1.0,0.001,,,,,0.007071067811865475,0.007071067811865475,24,96.75,1.039926486189277,0.05013913537636485,False,0.5412689401924952,False,0.016319444444444442,False,False,0.15040579475346327,0.016319444444444442,True,-0.5356058990702862,0.13078580721663985,2.5831231888203994,False,forward_only_adequate
477,assignment_isolation,plus_one_randomisation,True,ok,24.273139437946977,4.338977756809125,31.497642956802817,16.728244208374484,28.83665935328733,1.0,0.001,1.0,0.001,,,,,0.007071067811865475,0.007071067811865475,24,95.83333333333333,0.998063677961901,0.01893380807158657,False,0.5120845987260717,False,0.00868055555555558,False,False,0.23435110269729398,0.00868055555555558,True,0.9167056143502361,0.14806335316218958,4.507644786532096,False,forward_only_adequate
478,assignment_isolation,plus_one_randomisation,True,ok,12.916918670152738,3.9473539247234477,20.28312189371664,6.289237189365656,28.90977547948784,1.0,0.001,1.0,0.001,,,,,0.007071067811865475,0.007071067811865475,24,96.75,1.0053683572020249,0.009135146534254538,False,0.5300786073801605,False,0.020138888888888817,False,False,0.11104949841344461,0.020138888888888817,True,-0.21738061031062328,0.19519429404991212,1.918152009370681,False,forward_only_adequate
479,assignment_isolation,plus_one_randomisation,True,ok,19.452775428605545,4.581269652071987,26.662956001891892,11.039338284933129,28.380952906464966,1.0,0.001,1.0,0.001,,,,,0.007071067811865475,0.007071067811865475,24,96.45833333333333,0.9854891708985198,0.04782971593411319,False,0.5417383498936703,False,0.02083333333333326,False,False,0.18423701470877038,0.02083333333333326,True,-0.43859280094171643,0.12757585209452602,3.1774442372222267,False,forward_only_adequate
480,assignment_isolation,plus_one_randomisation,True,ok,15.01574721778187,5.080090817631191,24.264297764480382,6.90655009021193,28.482232398834867,1.0,0.001,1.0,0.001,,,,,0.007071067811865475,0.007071067811865475,24,95.83333333333333,0.9857966304722501,0.03521179204046502,False,0.5179950648943494,False,0.03472222222222232,False,False,0.13587243600065033,0.03472222222222232,True,0.44273567589435947,0.07863627215401008,4.083136458806666,False,forward_only_adequate
481,assignment_isolation,plus_one_randomisation,True,ok,20.65963268284226,4.204425623371852,28.940353111056133,13.859579943813578,29.17227551244296,1.0,0.001,1.0,0.001,,,,,0.007071067811865475,0.007071067811865475,24,97.16666666666667,1.0166792625058918,0.03555066457167846,False,0.5063974549539769,False,0.03749999999999998,False,False,0.1905668166964336,0.03749999999999998,True,-0.7506147205548113,0.12391203629910243,3.7594703419710953,False,forward_only_adequate
482,assignment_isolation,plus_one_randomisation,True,ok,21.946960168252684,2.68738604926584,26.56870246982799,17.283368882314424,28.446660202111783,1.0,0.001,1.0,0.001,,,,,0.007071067811865475,0.007071067811865475,24,96.33333333333333,0.9871305337380762,0.025119570112852936,False,0.5222651797069798,False,0.025347222222222188,False,False,0.21146566489445134,0.025347222222222188,True,-0.4089501581908874,0.11559297392868047,3.2375444560756987,False,forward_only_adequate
483,assignment_isolation,plus_one_randomisation,True,ok,15.686225036294994,3.5638589410569463,21.037393743310915,9.027646102270714,29.25551658326215,1.0,0.001,1.0,0.001,,,,,0.007071067811865475,0.007071067811865475,24,97.0,1.0187054855531852,0.0298349606189416,False,0.49115347502881324,False,0.014583333333333282,False,False,0.1376255864869471,0.014583333333333282,True,1.5071211242444371,0.18437084799228023,4.103616062772519,False,forward_only_adequate
484,assignment_isolation,plus_one_randomisation,True,ok,25.11574037192041,3.863934256786153,31.536800409353205,18.119712245408664,29.813202580659414,1.0,0.001,1.0,0.001,,,,,0.007071067811865475,0.007071067811865475,24,95.75,1.0314140163935934,0.00010287186229322829,False,0.5188115116310816,False,0.0371527777777777,False,False,0.23468628390421406,0.0371527777777777,True,-0.6181778799319846,0.20713579964592238,3.8884756894931662,False,forward_only_adequate
485,assignment_isolation,plus_one_randomisation,True,ok,17.847081404970623,4.523470169229471,25.203709090764324,9.949412988396777,28.913708041019905,1.0,0.001,1.0,0.001,,,,,0.007071067811865475,0.007071067811865475,24,95.95833333333333,1.0013828424944438,0.011878801334993163,False,0.5135678620768663,False,0.03402777777777777,False,False,0.16349291856851933,0.03402777777777777,True,-0.7919555374873322,0.15065814597532695,4.014930776518346,False,forward_only_adequate
486,assignment_isolation,plus_one_randomisation,True,ok,19.229428805153578,3.9290132919300036,26.016121208551485,12.247858887487556,29.735088012527715,1.0,0.001,1.0,0.001,,,,,0.007071067811865475,0.007071067811865475,24,95.625,1.0280398720238102,0.034549233581602876,False,0.5142844044602941,False,0.04340277777777779,False,False,0.17301792711079625,0.04340277777777779,True,2.003334142886336,0.1810758078797627,4.078422948922939,False,forward_only_adequate
487,assignment_isolation,plus_one_randomisation,True,ok,19.55568717766388,4.9040202745805,27.024607006408914,10.398185028127287,29.860647039236976,1.0,0.001,1.0,0.001,,,,,0.007071067811865475,0.007071067811865475,24,95.375,1.0310304602240206,0.041682343475609535,False,0.4957788863710718,False,0.034375000000000044,False,False,0.17585666050736962,0.034375000000000044,True,0.006773491558218809,0.22109551480056877,0.552715619246212,False,forward_only_adequate
488,assignment_isolation,plus_one_randomisation,True,ok,17.00334719886115,3.3883939325372725,22.633343041233612,10.855914451328935,28.54172844907177,1.0,0.001,1.0,0.001,,,,,0.007071067811865475,0.007071067811865475,24,96.29166666666667,0.9902152905299646,0.01241155949634973,False,0.5101687353888915,False,0.026388888888888906,False,False,0.15649921841165426,0.026388888888888906,True,-0.6314058205906492,0.19007788910535373,2.2911452403360455,False,forward_only_adequate
489,assignment_isolation,plus_one_randomisation,True,ok,17.223334008601366,4.74216362923956,24.75088187406862,7.948242459565696,28.505329884836666,1.0,0.001,1.0,0.001,,,,,0.007071067811865475,0.007071067811865475,24,96.875,0.99194349927192,0.012052062683210341,False,0.5267253346946754,False,0.01041666666666663,False,False,0.15855692385556514,0.01041666666666663,True,1.468024829138346,0.22303150220451623,3.6814510578879016,False,forward_only_adequate
490,assignment_isolation,plus_one_randomisation,True,ok,16.854911979378212,3.351502260014249,22.70903148249844,11.27152187496984,29.382806667762196,1.0,0.001,1.0,0.001,,,,,0.007071067811865475,0.007071067811865475,24,96.54166666666667,1.0207177805917962,0.03587772961857518,False,0.5062150009431111,False,0.012847222222222232,False,False,0.14945780998589608,0.012847222222222232,True,-0.8921766392334107,0.19167282169945646,2.147412369626856,False,forward_only_adequate
491,assignment_isolation,plus_one_randomisation,True,ok,19.570001089900938,3.0630420517304637,24.880981911353096,14.276874144119414,28.42225486780473,1.0,0.001,1.0,0.001,,,,,0.007071067811865475,0.007071067811865475,24,97.29166666666667,0.9911773237029371,0.020677897133872115,False,0.5172207851889984,False,0.01909722222222221,False,False,0.18429127170313528,0.01909722222222221,True,0.614682672771758,0.06429655034436649,2.5306017704228987,False,forward_only_adequate
492,assignment_isolation,plus_one_randomisation,True,ok,20.13921975180305,2.8665509541659335,24.608865867988126,15.301874159328683,29.246929440378494,1.0,0.001,1.0,0.001,,,,,0.007071067811865475,0.007071067811865475,24,96.54166666666667,1.0159975949561528,0.008506912531460343,False,0.5068612746066015,False,0.013194444444444509,False,False,0.18513859784515097,0.013194444444444509,True,-0.7259783288312123,0.2811534563572575,2.9077854513923427,False,forward_only_adequate
493,assignment_isolation,plus_one_randomisation,True,ok,20.17603091683194,3.4223994235411426,25.732361093807317,14.698659661232071,28.999018403252865,1.0,0.001,1.0,0.001,,,,,0.007071067811865475,0.007071067811865475,24,95.29166666666667,1.0008425610146032,0.011439323857604463,False,0.5044045402734005,False,0.03541666666666665,False,False,0.18880573606496942,0.03541666666666665,True,-1.7356672493167014,0.2016242068168198,1.943245939814133,False,forward_only_adequate
494,assignment_isolation,plus_one_randomisation,True,ok,30.960352785251647,4.18518751454893,38.172906547675666,24.11856320026917,29.940815384879677,1.0,0.001,1.0,0.001,,,,,0.007071067811865475,0.007071067811865475,24,97.08333333333333,1.0430159974937847,0.009845751592442251,False,0.5048214764171438,False,0.01388888888888884,False,False,0.2929420831674673,0.01388888888888884,True,1.2473232389727689,0.18209267868324616,4.005132673830766,False,forward_only_adequate
495,assignment_isolation,plus_one_randomisation,True,ok,19.11067822111789,3.4881774440863764,23.963559405695104,12.325336969268594,28.990268824193954,1.0,0.001,1.0,0.001,,,,,0.007071067811865475,0.007071067811865475,24,94.79166666666667,0.9979121920877321,0.03615647231334811,False,0.506655989389061,False,0.02256944444444442,False,False,0.17784604482576843,0.02256944444444442,True,-0.1950883873846829,0.13987896196631058,2.729171150986948,False,forward_only_adequate
496,assignment_isolation,plus_one_randomisation,True,ok,20.549136486369225,3.6488129041747164,26.69308952694731,14.248315759896368,29.79022321294037,1.0,0.001,1.0,0.001,,,,,0.007071067811865475,0.007071067811865475,24,94.04166666666667,1.0213836993562242,0.0029002610128853207,False,0.5104636777978329,False,0.018402777777777768,False,False,0.18836875614593343,0.018402777777777768,True,-0.749042431013941,0.17497860074984847,3.3901125857515693,False,forward_only_adequate
497,assignment_isolation,plus_one_randomisation,True,ok,12.728942193216172,3.2979286554417557,17.95722301969093,6.842644780232898,29.518137172180907,1.0,0.001,1.0,0.001,,,,,0.007071067811865475,0.007071067811865475,24,97.0,1.0278501893832932,0.015923780587199732,False,0.5139873313296075,False,0.025000000000000022,False,False,0.106303669519325,0.025000000000000022,True,-0.26831275649666164,0.05490152757482982,1.3969216011525185,False,forward_only_adequate
498,assignment_isolation,plus_one_randomisation,True,ok,20.44295478754337,2.976263304538732,25.078644591465114,15.30004411418702,29.21864516682325,1.0,0.001,1.0,0.001,,,,,0.007071067811865475,0.007071067811865475,24,96.70833333333333,1.0158908067855663,0.012772099795325337,False,0.5216396743604066,False,0.017708333333333326,False,False,0.18841516298966676,0.017708333333333326,True,-0.6878489348195721,0.11137221268564568,1.689963198748885,False,forward_only_adequate
499,assignment_isolation,plus_one_randomisation,True,ok,24.31080859809174,4.193392996089421,31.827885964049297,17.161759734603137,29.067163942561084,1.0,0.001,1.0,0.001,,,,,0.007071067811865475,0.007071067811865475,24,97.125,1.0127988102890866,0.009001613254931921,False,0.5257066130520305,False,0.015972222222222165,False,False,0.23087740456351968,0.015972222222222165,True,-0.587361304570808,0.19525126629018136,3.121340429163309,False,forward_only_adequate
500,assignment_isolation,plus_one_randomisation,True,ok,19.019055639493725,2.95007979341508,24.40103472731156,14.2637225416162,29.034978236355467,1.0,0.001,1.0,0.001,,,,,0.007071067811865475,0.007071067811865475,24,97.04166666666667,1.0112432477116313,0.0057503160133304055,False,0.5118872673000225,False,0.023958333333333304,False,False,0.1741289167367077,0.023958333333333304,True,1.0434225865701985,0.09841568663490138,3.595290217040493,False,forward_only_adequate
501,assignment_isolation,plus_one_randomisation,True,ok,24.418929782719392,4.755266248274079,31.27973116481244,15.113850486155794,29.70793856540231,1.0,0.001,1.0,0.001,,,,,0.007071067811865475,0.007071067811865475,24,96.45833333333333,1.0315669048326224,0.004567683655109599,False,0.5184787438573999,False,0.015625,False,False,0.22723643955606576,0.015625,True,0.23554098652874417,0.12172524851956049,4.529682226912355,False,forward_only_adequate
502,assignment_isolation,plus_one_randomisation,True,ok,12.357366782411711,5.662634056220679,21.065671307016927,2.391311375998674,29.82596588914205,1.0,0.001,1.0,0.001,,,,,0.007071067811865475,0.007071067811865475,24,97.16666666666667,1.0394609426599188,0.00986600077915978,False,0.5122796430828434,False,0.023263888888888862,False,False,0.10126608031566527,0.023263888888888862,True,0.5031578174402025,0.18358793107645388,1.6273881372173549,False,forward_only_adequate
503,assignment_isolation,plus_one_randomisation,True,ok,24.51937129379252,3.8902000275492936,31.458282148740093,18.012192828844647,28.820089393434934,1.0,0.001,1.0,0.001,,,,,0.007071067811865475,0.007071067811865475,24,96.54166666666667,1.0011697662088757,0.0041994961976629195,False,0.5271415404183618,False,0.03194444444444444,False,False,0.23622144317375257,0.03194444444444444,True,0.24023441472682677,0.09773298510497448,3.319820546483503,False,forward_only_adequate
504,assignment_isolation,plus_one_randomisation,True,ok,31.59431682495101,3.063542226590992,37.232223643999546,26.915523827776106,29.76730395000465,1.0,0.001,1.0,0.001,,,,,0.007071067811865475,0.007071067811865475,24,96.20833333333333,1.0322879412225698,0.0013483609859153368,False,0.5454083160362606,False,0.009027777777777746,False,False,0.30292120238596454,0.009027777777777746,True,0.7817659062153842,0.20082053633712998,4.032886042738344,False,forward_only_adequate
505,assignment_isolation,plus_one_randomisation,True,ok,20.78406435936098,3.4004474018599424,26.484320523550604,14.634164699952365,29.660163227147745,1.0,0.001,1.0,0.001,,,,,0.007071067811865475,0.007071067811865475,24,96.83333333333333,1.031908011511189,0.019415690600773965,False,0.48726041075652304,False,0.015972222222222165,False,False,0.18861348270412118,0.015972222222222165,True,0.597095083508799,0.12921315921605692,3.987132463640123,False,forward_only_adequate
506,assignment_isolation,plus_one_randomisation,True,ok,21.07737133332405,4.3777488236359465,28.50767750684591,14.117662964713167,29.97881518229741,1.0,0.001,1.0,0.001,,,,,0.007071067811865475,0.007071067811865475,24,95.33333333333333,1.0348844478250192,0.01387861064577236,False,0.526224288830334,False,0.011111111111111183,False,False,0.19107015981660053,0.011111111111111183,True,0.6433213558975629,0.09470907691281677,4.1125925643819,False,forward_only_adequate
507,assignment_isolation,plus_one_randomisation,True,ok,24.025763905238705,4.248449036424141,30.90400755072992,16.512394668154325,28.298783596816655,1.0,0.001,1.0,0.001,,,,,0.007071067811865475,0.007071067811865475,24,97.45833333333333,0.9877163995503286,0.04021277009661346,False,0.507595125308042,False,0.015972222222222276,False,False,0.23439855868286613,0.015972222222222276,True,1.5420296745525637,0.19391320510591484,4.1198905333583,False,forward_only_adequate
508,assignment_isolation,plus_one_randomisation,True,ok,21.68858603714574,3.4719403939971754,27.001427195794665,15.148516367084046,29.13891915367723,1.0,0.001,1.0,0.001,,,,,0.007071067811865475,0.007071067811865475,24,95.41666666666667,1.0063303372764394,0.015737806853336738,False,0.515690986126187,False,0.02256944444444453,False,False,0.20401267391536226,0.02256944444444453,True,0.6380839698609106,0.23441772375985062,2.9500802423064756,False,forward_only_adequate
509,assignment_isolation,plus_one_randomisation,True,ok,24.035160263081924,4.512501896238569,31.436594758537993,16.132249417988387,29.819998301604105,1.0,0.001,1.0,0.001,,,,,0.007071067811865475,0.007071067811865475,24,94.25,1.0235364194375185,0.009967009685673451,False,0.5267508630659379,False,0.027083333333333348,False,False,0.2251609078110236,0.027083333333333348,True,-0.6503738147143043,0.0871180764507631,3.5918260889424047,False,forward_only_adequate
510,assignment_isolation,plus_one_randomisation,True,ok,23.005242253921768,5.061482089398046,32.860883269012,15.730125597623132,29.15590495252703,1.0,0.001,1.0,0.001,,,,,0.007071067811865475,0.007071067811865475,24,96.41666666666667,1.0121796201947653,0.021542376683395516,False,0.5010206359852803,False,0.017708333333333326,False,False,0.2168928588077259,0.017708333333333326,True,-0.8255469612566501,0.17785870330716433,2.5551417902651834,False,forward_only_adequate
511,assignment_isolation,plus_one_randomisation,True,ok,15.787264519048236,4.4843170189786035,22.861838389957278,7.0023017499210365,29.166526375561993,1.0,0.001,1.0,0.001,,,,,0.007071067811865475,0.007071067811865475,24,95.66666666666667,1.0086024920120362,0.010028087656922677,False,0.5274137778181843,False,0.004861111111111094,False,False,0.14031620881832998,0.004861111111111094,True,-0.29852359054885824,0.1879627568108329,2.9259510398248114,False,forward_only_adequate
512,assignment_isolation,plus_one_randomisation,True,ok,27.103051550827576,4.079852493305626,33.1775305224652,19.06997501493113,29.298389469889383,1.0,0.001,1.0,0.001,,,,,0.007071067811865475,0.007071067811865475,24,94.66666666666667,1.0078532417353074,0.018048553195117962,False,0.5012582969952135,False,0.0371527777777777,False,False,0.26253287466382613,0.0371527777777777,True,-1.0768668795973741,0.19211177802301135,4.252760712119062,False,forward_only_adequate
513,assignment_isolation,plus_one_randomisation,True,ok,21.300511656986355,2.8518667960136823,26.503205676740293,16.662357282300665,29.19212974665329,1.0,0.001,1.0,0.001,,,,,0.007071067811865475,0.007071067811865475,24,96.5,1.0138750685953308,0.008112953401847008,False,0.5108338808248852,False,0.010069444444444464,False,False,0.1980762742648886,0.010069444444444464,True,0.6101506051697593,0.2763945706350031,3.351324352318075,False,forward_only_adequate
514,assignment_isolation,plus_one_randomisation,True,ok,10.42999934077534,3.8437391121895668,16.951115026656527,4.597699667934773,29.10516035360123,1.0,0.003,1.0,0.003,,,,,0.007071067811865475,0.007071067811865475,24,95.41666666666667,1.005164456535038,0.015266599584613546,False,0.5389614874466635,False,0.01736111111111116,False,False,0.08614728597974448,0.01736111111111116,True,-0.7385045103387088,0.17337303928144307,1.1659848873500158,False,forward_only_adequate
515,assignment_isolation,plus_one_randomisation,True,ok,15.770342376558474,3.398891411060557,22.33078198591424,10.045500743555468,29.05791134074742,1.0,0.001,1.0,0.001,,,,,0.007071067811865475,0.007071067811865475,24,95.91666666666667,1.0061585907866544,0.03032765646993832,False,0.47829184864578456,False,0.028819444444444398,False,False,0.1405407014550021,0.028819444444444398,True,-0.26754138716826326,0.08255760427476978,1.8668439238677745,False,forward_only_adequate
516,assignment_isolation,plus_one_randomisation,True,ok,19.695062700393738,4.083940875747684,26.63188986887349,12.5124497989782,29.193796541498877,1.0,0.001,1.0,0.001,,,,,0.007071067811865475,0.007071067811865475,24,97.75,1.020478752219416,0.009951239526985265,False,0.4992535831755763,False,0.032638888888888884,False,False,0.17946420146997044,0.032638888888888884,True,-0.2192447934730928,0.13344266117135112,3.3752100820034183,False,forward_only_adequate
517,assignment_isolation,plus_one_randomisation,True,ok,15.883304422510369,4.94318484316193,26.017098294864233,7.935002733399411,29.053681859497484,1.0,0.001,1.0,0.001,,,,,0.007071067811865475,0.007071067811865475,24,95.125,1.0018518812992265,0.009513269297069566,False,0.5106315442274415,False,0.02673611111111107,False,False,0.14244981071461157,0.02673611111111107,True,-1.3758534927473662,0.20832619797172602,1.373177677153764,False,forward_only_adequate
518,assignment_isolation,plus_one_randomisation,True,ok,22.227228766641115,3.775770531179186,28.291366245251048,14.83422398785789,29.216380755816505,1.0,0.001,1.0,0.001,,,,,0.007071067811865475,0.007071067811865475,24,96.875,1.016687022394425,0.021095216791723635,False,0.5239577525248885,False,0.01909722222222221,False,False,0.20740721648418603,0.01909722222222221,True,-0.9430251716255659,0.11508488347276082,2.874006249879339,False,forward_only_adequate
519,assignment_isolation,plus_one_randomisation,True,ok,17.08990833174218,3.872640700648352,23.842061188451126,10.71398656838074,29.11766658017362,1.0,0.001,1.0,0.001,,,,,0.007071067811865475,0.007071067811865475,24,96.70833333333333,1.0123799247007241,0.006611345756653642,False,0.5186362433752209,False,0.021180555555555536,False,False,0.15338952672195882,0.021180555555555536,True,0.8755460075588573,0.11373108366836097,3.1280899176560797,False,forward_only_adequate
520,assignment_isolation,plus_one_randomisation,True,ok,16.907129006269084,3.572485897891383,22.66679302415292,10.41201179677184,28.90088632946035,1.0,0.001,1.0,0.001,,,,,0.007071067811865475,0.007071067811865475,24,97.45833333333333,1.00873167539113,0.0008272266063728088,False,0.5096733430136258,False,0.024652777777777857,False,False,0.15210510577087613,0.024652777777777857,True,-0.0056433739670231214,0.1431841981357556,2.3297629107672346,False,forward_only_adequate
521,assignment_isolation,plus_one_randomisation,True,ok,24.639290665127163,4.0641140360565995,30.43888893458534,15.386910399285377,29.41435182775439,1.0,0.001,1.0,0.001,,,,,0.007071067811865475,0.007071067811865475,24,95.66666666666667,1.0171725001592764,0.009266283434993075,False,0.5106691045273292,False,0.018749999999999933,False,False,0.23328789273629358,0.018749999999999933,True,1.7003432191395842,0.16353268007965904,1.9189199225772355,False,forward_only_adequate
522,assignment_isolation,plus_one_randomisation,True,ok,14.476642604430085,3.7677021027892863,20.97406060171049,7.880607211148786,29.1147720034487,1.0,0.001,1.0,0.001,,,,,0.007071067811865475,0.007071067811865475,24,96.75,1.012497330537459,0.019018225533459276,False,0.5260176351675585,False,0.018402777777777768,False,False,0.1260668575631188,0.018402777777777768,True,0.586601588469221,0.060967490273023846,2.621254438162754,False,forward_only_adequate
523,assignment_isolation,plus_one_randomisation,True,ok,21.522616017241017,3.5064667764164037,27.286123170661696,15.286781713615873,29.17256282331578,1.0,0.001,1.0,0.001,,,,,0.007071067811865475,0.007071067811865475,24,94.08333333333333,1.0004282302245757,0.01257249278402826,False,0.5465936945098627,False,0.028819444444444398,False,False,0.20358887204634196,0.028819444444444398,True,-0.4851185320901119,0.13718791315938406,1.7275408980685036,False,forward_only_adequate
524,assignment_isolation,plus_one_randomisation,True,ok,19.54379566171475,3.8616127929921804,26.06883935939601,12.472712550990499,29.748166549312376,1.0,0.001,1.0,0.001,,,,,0.007071067811865475,0.007071067811865475,24,95.91666666666667,1.0300593522622037,0.011129906308438416,False,0.5053913141303018,False,0.021527777777777812,False,False,0.17592532113113357,0.021527777777777812,True,1.6165854802396085,0.1752464078399881,3.0750994033097183,False,forward_only_adequate
525,assignment_isolation,plus_one_randomisation,True,ok,18.31908102969184,4.331094017646136,25.552162247778906,10.439038864760231,29.479006041480883,1.0,0.001,1.0,0.001,,,,,0.007071067811865475,0.007071067811865475,24,95.33333333333333,1.0176307737366168,0.006534782199547632,False,0.5533138715643304,False,0.021527777777777812,False,False,0.16542370226666245,0.021527777777777812,True,0.38926565093799004,0.1031502306601457,3.5060399101035418,False,forward_only_adequate
526,assignment_isolation,plus_one_randomisation,True,ok,23.69168790213159,3.326830445265022,28.434841976044073,16.39416816645784,29.040738310461155,1.0,0.001,1.0,0.001,,,,,0.007071067811865475,0.007071067811865475,24,95.20833333333333,1.001844091458692,0.00574350858537032,False,0.48409907012852965,False,0.03819444444444442,False,False,0.22697746370432992,0.03819444444444442,True,-0.4275631561716441,0.24836955670915925,2.5174647773425822,False,forward_only_adequate
527,assignment_isolation,plus_one_randomisation,True,ok,17.826659619426405,3.3707286746917067,23.39869857081996,11.834827822586956,28.75932013248574,1.0,0.001,1.0,0.001,,,,,0.007071067811865475,0.007071067811865475,24,97.29166666666667,1.002931895903969,0.012439365420165065,False,0.513541782834809,False,0.01909722222222232,False,False,0.16297747976928312,0.01909722222222232,True,-1.5418519659751015,0.18802381807361015,1.6140871222143796,False,forward_only_adequate
528,assignment_isolation,plus_one_randomisation,True,ok,18.140205264565996,3.8779987817388064,25.01646288607702,11.55693811123765,29.30280235085217,1.0,0.001,1.0,0.001,,,,,0.007071067811865475,0.007071067811865475,24,96.16666666666667,1.0159596122414298,0.010965422152770875,False,0.5300662050633802,False,0.027083333333333348,False,False,0.1638461116620066,0.027083333333333348,True,-0.7994993689617391,0.14985977460307642,2.6929823622377556,False,forward_only_adequate
529,assignment_isolation,plus_one_randomisation,True,ok,25.324191858807723,3.369358886915693,31.421623696093068,19.84144786299477,29.3059563728049,1.0,0.001,1.0,0.001,,,,,0.007071067811865475,0.007071067811865475,24,95.33333333333333,1.0116570082717362,0.011096680202271976,False,0.540928886110942,False,0.018402777777777768,False,False,0.24216288761779384,0.018402777777777768,True,0.06127999755757321,0.12593648297275725,3.0057486281811423,False,forward_only_adequate
530,assignment_isolation,plus_one_randomisation,True,ok,24.76084837830426,3.849478561791355,31.58495131177275,18.944961041956393,29.32561697801518,1.0,0.001,1.0,0.001,,,,,0.007071067811865475,0.007071067811865475,24,93.66666666666667,1.003447596478203,0.03818779051109603,False,0.5074871891824937,False,0.018055555555555602,False,False,0.23825143224892786,0.018055555555555602,True,2.3075865966673748,0.1810376372340717,2.7122101262480154,False,forward_only_adequate
531,assignment_isolation,plus_one_randomisation,True,ok,19.75033963828771,4.327739883274597,27.50870689280469,12.942076470044745,29.024111190228222,1.0,0.001,1.0,0.001,,,,,0.007071067811865475,0.007071067811865475,24,95.95833333333333,1.0052064897145692,0.0028945569275909827,False,0.519851353161067,False,0.027083333333333348,False,False,0.1832459718878477,0.027083333333333348,True,0.5109561805210736,0.18819684051921853,2.6755776144300025,False,forward_only_adequate
532,assignment_isolation,plus_one_randomisation,True,ok,18.82671290316289,3.605057634627271,25.413982840756567,12.474067372195648,28.95128958906615,1.0,0.001,1.0,0.001,,,,,0.007071067811865475,0.007071067811865475,24,94.58333333333333,0.9954747018107619,0.04314432392754662,False,0.5377206564920936,False,0.03298611111111116,False,False,0.17526266773476484,0.03298611111111116,True,-0.7205220197057208,0.1584150211563054,2.647181472439465,False,forward_only_adequate
533,assignment_isolation,plus_one_randomisation,True,ok,18.05020138661735,4.541262996220183,25.113218767605126,9.8764575553769,29.129981222863726,1.0,0.001,1.0,0.001,,,,,0.007071067811865475,0.007071067811865475,24,96.125,1.0097488973503346,0.03376890828917905,False,0.49748741574742866,False,0.027083333333333348,False,False,0.16406887607746753,0.027083333333333348,True,-0.8395828014076725,0.07170751310613481,2.3563548144364344,False,forward_only_adequate
534,assignment_isolation,plus_one_randomisation,True,ok,18.983833279871806,4.5442065776887235,26.17965151261832,10.666434405711042,29.60349777042302,1.0,0.001,1.0,0.001,,,,,0.007071067811865475,0.007071067811865475,24,94.70833333333333,1.0185729328210613,0.019577815490767005,False,0.519288430998447,False,0.023611111111111138,False,False,0.17229022903212174,0.023611111111111138,True,0.9196972193231865,0.1800632890001185,3.2083797004428365,False,forward_only_adequate
535,assignment_isolation,plus_one_randomisation,True,ok,21.554279703980693,3.7623974644113742,28.17156979701413,15.518226061560014,28.65151918676041,1.0,0.001,1.0,0.001,,,,,0.007071067811865475,0.007071067811865475,24,97.04166666666667,0.9978879639046201,0.0007237936688715653,False,0.5063900434604177,False,0.026388888888888906,False,False,0.20453491078102648,0.026388888888888906,True,0.5066378587285182,0.12559096751741317,2.5173842700793085,False,forward_only_adequate
536,assignment_isolation,plus_one_randomisation,True,ok,17.790081635892083,3.8642444522164667,23.918027142396884,10.86162306313838,29.18986273610106,1.0,0.001,1.0,0.001,,,,,0.007071067811865475,0.007071067811865475,24,94.625,1.0038989627324484,0.008850039499695423,False,0.4987017524683204,False,0.025694444444444464,False,False,0.16240121000471,0.025694444444444464,True,1.0454576712288535,0.13543768837325088,2.6719099726175934,False,forward_only_adequate
537,assignment_isolation,plus_one_randomisation,True,ok,17.750316102892068,4.09915056044207,25.02489683971414,10.534692904403638,29.73220081199878,1.0,0.001,1.0,0.001,,,,,0.007071067811865475,0.007071067811865475,24,95.0,1.0245752637488192,0.00975718373746094,False,0.5314425480565524,False,0.02604166666666663,False,False,0.15814206293553523,0.02604166666666663,True,0.08986710064633537,0.12219530424852834,2.1177718784123485,False,forward_only_adequate
538,assignment_isolation,plus_one_randomisation,True,ok,13.93332406179068,3.1642067513916263,19.653479542002774,8.289813847454841,29.08700712102525,1.0,0.001,1.0,0.001,,,,,0.007071067811865475,0.007071067811865475,24,94.375,0.9990391926122562,0.004526874581907014,False,0.5274563012256983,False,0.01736111111111116,False,False,0.12240531092881941,0.01736111111111116,True,1.2897078478967052,0.14165999560224757,2.1341720068278307,False,forward_only_adequate
539,assignment_isolation,plus_one_randomisation,True,ok,22.134851914092817,3.1287522330440836,27.407108329227363,16.56154147460025,29.47559215509978,1.0,0.001,1.0,0.001,,,,,0.007071067811865475,0.007071067811865475,24,95.375,1.0177352588882351,0.01731630011827365,False,0.5371674727844248,False,0.021180555555555536,False,False,0.20616749070499962,0.021180555555555536,True,0.40316855045667316,0.1391672681795991,3.5495301914594677,False,forward_only_adequate
540,assignment_isolation,plus_one_randomisation,True,ok,22.249259270757644,4.0681637456152835,29.48449858970488,15.01387017791183,29.357021224602107,1.0,0.001,1.0,0.001,,,,,0.007071067811865475,0.007071067811865475,24,96.45833333333333,1.0193817875682782,0.011805163991000915,False,0.5209263761454123,False,0.02430555555555558,False,False,0.2070112250974881,0.02430555555555558,True,0.2530055131864043,0.22271314957087712,3.3568197188513054,False,forward_only_adequate
541,assignment_isolation,plus_one_randomisation,True,ok,19.787728646172884,3.614149134676446,26.95062206402376,14.094245576961374,28.300294666648945,1.0,0.001,1.0,0.001,,,,,0.007071067811865475,0.007071067811865475,24,96.33333333333333,0.9820514879690561,0.029591735794880208,False,0.5044333124664446,False,0.006249999999999978,False,False,0.18870046953591296,0.006249999999999978,True,-0.28830830642475536,0.10234039946203465,4.330641009347855,False,forward_only_adequate
542,assignment_isolation,plus_one_randomisation,True,ok,17.787994761657327,2.7185393202147847,22.48522381797429,13.454150930777718,29.14594738962946,1.0,0.001,1.0,0.001,,,,,0.007071067811865475,0.007071067811865475,24,95.83333333333333,1.0087684253918785,0.002019546644940622,False,0.5135880536557974,False,0.01736111111111105,False,False,0.16145897957779243,0.01736111111111105,True,-1.188011231004097,0.09690685693529756,3.6589576915269153,False,forward_only_adequate
543,assignment_isolation,plus_one_randomisation,True,ok,12.187733686313143,4.358787432840264,20.48982317730555,5.779171157106034,29.099783301528205,1.0,0.001,1.0,0.001,,,,,0.007071067811865475,0.007071067811865475,24,95.16666666666667,1.003661327195603,0.008518711308472636,False,0.5167796840993601,False,0.012500000000000067,False,False,0.10385272267598591,0.012500000000000067,True,-2.2712634526165325,0.1588267517601039,0.7434597152618283,False,forward_only_adequate
544,assignment_isolation,plus_one_randomisation,True,ok,20.132564027876583,4.074165230586038,27.491083608120725,13.167955282814562,30.321320239388896,1.0,0.001,1.0,0.001,,,,,0.007071067811865475,0.007071067811865475,24,96.08333333333333,1.050817131253147,0.0014414864917526335,False,0.5102575631654924,False,0.028125000000000067,False,False,0.1779360482925686,0.028125000000000067,True,-0.6956208044600313,0.09798814229339478,3.286011388595179,False,forward_only_adequate
545,assignment_isolation,plus_one_randomisation,True,ok,23.01445499121289,4.227532625940136,30.420377676772752,15.909130725892172,29.990948821240355,1.0,0.001,1.0,0.001,,,,,0.007071067811865475,0.007071067811865475,24,95.0,1.0334917516835496,0.019606543715479575,False,0.5190604817321309,False,0.01909722222222221,False,False,0.21185504842530367,0.01909722222222221,True,-0.7893228311994867,0.2946535257899239,2.6276236895744356,False,forward_only_adequate
546,assignment_isolation,plus_one_randomisation,True,ok,15.196857843555506,3.557838585144377,22.146137209710762,9.32079578075734,28.588620745076437,1.0,0.001,1.0,0.001,,,,,0.007071067811865475,0.007071067811865475,24,95.95833333333333,0.990123932360577,0.007435610374124379,False,0.49426077406486657,False,0.014930555555555558,False,False,0.13710015080767066,0.014930555555555558,True,-2.5625150398890253,0.22389906954082556,0.6933078056274242,False,forward_only_adequate
547,assignment_isolation,plus_one_randomisation,True,ok,14.871330129391959,3.7210169052007687,21.105911140166146,8.554860170001827,29.775989880625218,1.0,0.001,1.0,0.001,,,,,0.007071067811865475,0.007071067811865475,24,96.25,1.0328127337335162,0.01710877110319188,False,0.5204656368192451,False,0.01215277777777779,False,False,0.1271214570672413,0.01215277777777779,True,-1.0001989258992012,0.15345216917325083,2.7687133808661346,False,forward_only_adequate
548,assignment_isolation,plus_one_randomisation,True,ok,25.603099785723018,4.719063830449345,33.48414814171854,17.60596568811927,28.992007020100605,1.0,0.001,1.0,0.001,,,,,0.007071067811865475,0.007071067811865475,24,97.75,1.013425133183785,0.025351490311389117,False,0.5098654409771952,False,0.029166666666666674,False,False,0.24470197958545797,0.029166666666666674,True,0.39630080530231687,0.06340232336408999,3.420334239251611,False,forward_only_adequate
549,assignment_isolation,plus_one_randomisation,True,ok,21.997899461652253,2.9636085299917028,26.751571980142476,16.64199333506154,29.207254700681272,1.0,0.001,1.0,0.001,,,,,0.007071067811865475,0.007071067811865475,24,96.29166666666667,1.0133047916359936,0.002528798909560766,False,0.5135952655470967,False,0.015277777777777835,False,False,0.20572916102122285,0.015277777777777835,True,0.3996174024933912,0.08769848508878164,2.253578276575251,False,forward_only_adequate
550,assignment_isolation,plus_one_randomisation,True,ok,23.549908991398052,3.585507823148638,30.16858544807357,18.13853996256184,29.005761856877523,1.0,0.001,1.0,0.001,,,,,0.007071067811865475,0.007071067811865475,24,96.66666666666667,1.008271879794806,0.011876025394268795,False,0.4958222124688895,False,0.01215277777777779,False,False,0.2237815718729932,0.01215277777777779,True,1.193206002093375,0.13646246519801428,4.38887086819775,False,forward_only_adequate
551,assignment_isolation,plus_one_randomisation,True,ok,19.619918109951982,3.108912009009867,25.230809673942492,14.504585351844478,29.142753679575197,1.0,0.001,1.0,0.001,,,,,0.007071067811865475,0.007071067811865475,24,95.79166666666667,1.0084385908147384,0.00022599532846850247,False,0.5136601716194249,False,0.028124999999999956,False,False,0.18115675272174753,0.028124999999999956,True,0.12404895654770216,0.24140600204709758,3.4255354244111746,False,forward_only_adequate
552,assignment_isolation,plus_one_randomisation,True,ok,19.547227351982443,4.51022731749922,26.77470908968608,12.297422015300576,29.4734413554027,1.0,0.001,1.0,0.001,,,,,0.007071067811865475,0.007071067811865475,24,95.66666666666667,1.0192158646679768,0.018704915594077262,False,0.509062541714096,False,0.015277777777777724,False,False,0.1781500410299847,0.015277777777777724,True,0.16441357328986997,0.14964729123514348,2.797393744467028,False,forward_only_adequate
553,assignment_isolation,plus_one_randomisation,True,ok,13.517914272804946,4.589509222447594,21.129821293287346,6.015958336467009,28.932874188013376,1.0,0.001,1.0,0.001,,,,,0.007071067811865475,0.007071067811865475,24,94.45833333333333,0.9941838964444352,0.0017181192275577439,False,0.5315216826050728,False,0.023611111111111027,False,False,0.11877417245335567,0.023611111111111027,True,-0.12970144524855762,0.2282500018615677,1.773451813461637,False,forward_only_adequate
554,assignment_isolation,plus_one_randomisation,True,ok,18.84804903412681,4.12698286061504,26.09387053317147,11.792976466001672,28.36560802813285,1.0,0.001,1.0,0.001,,,,,0.007071067811865475,0.007071067811865475,24,95.95833333333333,0.982400221929229,0.008780971002113698,False,0.490207321569341,False,0.018402777777777768,False,False,0.17822619138767576,0.018402777777777768,True,0.27383786920655256,0.07105000116046237,3.271208842133455,False,forward_only_adequate
555,assignment_isolation,plus_one_randomisation,True,ok,22.505957606405474,4.326929925748211,29.873902674619167,15.581497371477333,29.910687458244347,1.0,0.001,1.0,0.001,,,,,0.007071067811865475,0.007071067811865475,24,96.45833333333333,1.038607078535246,0.026424746110351595,False,0.5084922109217362,False,0.02256944444444442,False,False,0.20529483551435732,0.02256944444444442,True,0.7124586277651258,0.11439976173337336,3.8284702344085653,False,forward_only_adequate
556,assignment_isolation,plus_one_randomisation,True,ok,19.40610800884042,3.330559503034591,24.918441393397785,13.567965849833005,29.718893852517738,1.0,0.001,1.0,0.001,,,,,0.007071067811865475,0.007071067811865475,24,96.08333333333333,1.029939413441216,0.015835303355137914,False,0.501279574473146,False,0.033333333333333326,False,False,0.17450127522297862,0.033333333333333326,True,-1.1899899584584306,0.2950576651986463,0.8865105471812285,False,forward_only_adequate
557,assignment_isolation,plus_one_randomisation,True,ok,17.548090288297256,3.3338865945061706,23.252667525329677,11.705292164615216,28.399722529297954,1.0,0.001,1.0,0.001,,,,,0.007071067811865475,0.007071067811865475,24,97.0,0.9889059058808882,0.000732398907700511,False,0.510445244003909,False,0.03402777777777777,False,False,0.16265905522036894,0.03402777777777777,True,0.5291448883514234,0.10959698135478177,3.3887563835684684,False,forward_only_adequate
558,assignment_isolation,plus_one_randomisation,True,ok,24.543010877302127,4.949026823138024,33.57779327386493,16.773089663871765,29.963430369257345,1.0,0.001,1.0,0.001,,,,,0.007071067811865475,0.007071067811865475,24,97.08333333333333,1.0438038113921628,0.011405717079823227,False,0.5111807525100739,False,0.02430555555555558,False,False,0.22549634925780007,0.02430555555555558,True,-0.7746697059320703,0.12105615998387383,2.0662605252489934,False,forward_only_adequate
559,assignment_isolation,plus_one_randomisation,True,ok,14.725665821552937,4.595235196213513,22.204923387632956,7.378119904877767,29.748493271347286,1.0,0.001,1.0,0.001,,,,,0.007071067811865475,0.007071067811865475,24,95.5,1.0278308917200352,0.052555068533923555,False,0.5302540557163978,False,0.03368055555555549,False,False,0.12636959270079692,0.03368055555555549,True,2.377597790234368,0.2751599321502599,3.5794680207856686,False,forward_only_adequate
560,assignment_isolation,plus_one_randomisation,True,ok,22.533462333836795,3.4997505213184734,27.673989155389123,15.537914501231949,29.045113159023053,1.0,0.001,1.0,0.001,,,,,0.007071067811865475,0.007071067811865475,24,95.625,1.0041851701376838,0.0016172777491638565,False,0.5094074842811214,False,0.03645833333333337,False,False,0.21372730411201193,0.03645833333333337,True,0.4900234157550977,0.1272391493788805,3.0606999215393884,False,forward_only_adequate
561,assignment_isolation,plus_one_randomisation,True,ok,21.111821965045756,3.714195548718102,27.804665671803907,15.185542817240764,29.47939890534582,1.0,0.001,1.0,0.001,,,,,0.007071067811865475,0.007071067811865475,24,95.95833333333333,1.020974695773455,0.03315687716100193,False,0.49032917204522486,False,0.02673611111111107,False,False,0.19446403016664038,0.02673611111111107,True,-0.7119936083856401,0.17029190077985798,2.9048786999109346,False,forward_only_adequate
562,assignment_isolation,plus_one_randomisation,True,ok,19.095003260577844,4.762311466593726,27.301961766549212,10.915081156186814,29.494798316291426,1.0,0.001,1.0,0.001,,,,,0.007071067811865475,0.007071067811865475,24,94.95833333333333,1.0161714268699673,0.03296941173192136,False,0.5200717691431351,False,0.010069444444444464,False,False,0.17395059042249716,0.010069444444444464,True,0.6871421681612775,0.1905632695985077,2.9683403169255755,False,forward_only_adequate
563,assignment_isolation,plus_one_randomisation,True,ok,27.24731939836199,3.8850994926411277,33.63544538788305,20.407904281745097,29.158809376127266,1.0,0.001,1.0,0.001,,,,,0.007071067811865475,0.007071067811865475,24,96.5,1.0127178151422296,0.0018968709770903116,False,0.509691080303753,False,0.022222222222222143,False,False,0.2626781354634728,0.022222222222222143,True,0.09489100519420707,0.22092243838761266,3.140412198530201,False,forward_only_adequate
564,assignment_isolation,plus_one_randomisation,True,ok,16.838423508373545,4.064399705903635,23.90087116305668,10.032317509407559,29.314577453282368,1.0,0.001,1.0,0.001,,,,,0.007071067811865475,0.007071067811865475,24,95.83333333333333,1.0146048691866478,0.0025904967099771,False,0.5342598461837162,False,0.01909722222222232,False,False,0.15034584970436368,0.01909722222222232,True,0.15594196095516086,0.1897742453442409,1.2344703088013036,False,forward_only_adequate
565,assignment_isolation,plus_one_randomisation,True,ok,19.491419416130423,4.536771781994347,27.37561826775309,11.610646233978994,29.160343048171423,1.0,0.001,1.0,0.001,,,,,0.007071067811865475,0.007071067811865475,24,95.08333333333333,1.0053096109065895,0.01232636225496857,False,0.5340873564418572,False,0.009722222222222299,False,False,0.18042639354633946,0.009722222222222299,True,-0.2137947954002748,0.1956173374707888,3.7342733317484362,False,forward_only_adequate
566,assignment_isolation,plus_one_randomisation,True,ok,18.510227163831146,2.97405395042871,23.58594407929607,13.004041889586933,30.100034126256816,1.0,0.001,1.0,0.001,,,,,0.007071067811865475,0.007071067811865475,24,95.54166666666667,1.040203716211643,0.004142847956158106,False,0.5128700195065778,False,0.01666666666666672,False,False,0.16319555610281597,0.01666666666666672,True,-1.395786320655311,0.25259000433154327,1.8310715756417213,False,forward_only_adequate
567,assignment_isolation,plus_one_randomisation,True,ok,21.219074439343483,3.7335019701741765,27.655415054424715,14.833579650591798,29.50696559201187,1.0,0.001,1.0,0.001,,,,,0.007071067811865475,0.007071067811865475,24,95.70833333333333,1.0205973433116091,0.05001245832010872,False,0.4996464064150266,False,0.023611111111111138,False,False,0.19569424439835964,0.023611111111111138,True,-1.7544099436707432,0.15521979821140103,3.0624805708092975,False,forward_only_adequate
568,assignment_isolation,plus_one_randomisation,True,ok,23.31674484875025,3.515703425220783,29.18405655468825,17.17186835354747,29.115035955094992,1.0,0.001,1.0,0.001,,,,,0.007071067811865475,0.007071067811865475,24,96.79166666666667,1.012724510927037,0.011325273204187648,False,0.5349005978704198,False,0.021527777777777812,False,False,0.22013073311778097,0.021527777777777812,True,-0.6172077211887842,0.2007229935802862,2.105167898057575,False,forward_only_adequate
569,assignment_isolation,plus_one_randomisation,True,ok,32.297772578698066,4.2603807058341445,40.62097450534517,25.551656312433195,29.856432739054195,1.0,0.001,1.0,0.001,,,,,0.007071067811865475,0.007071067811865475,24,96.16666666666667,1.035154572088212,0.026752623702124688,False,0.5241195544732751,False,0.01666666666666672,False,False,0.3093311046375806,0.01666666666666672,True,1.031241370015385,0.2403051560480547,4.153661093033126,False,forward_only_adequate
570,assignment_isolation,plus_one_randomisation,True,ok,11.898137958092898,3.3092359400671802,17.83914381325321,6.304676948425171,28.729944436081965,1.0,0.001,1.0,0.001,,,,,0.007071067811865475,0.007071067811865475,24,95.75,0.9939377462523067,0.01056490604510476,False,0.48634644205664435,False,0.009374999999999911,False,False,0.10210138039892894,0.009374999999999911,True,-0.5260024053611883,0.14999864156734824,0.9235708596011545,False,forward_only_adequate
571,assignment_isolation,plus_one_randomisation,True,ok,25.51831765898788,3.4738527060046644,31.415440036975323,19.62195738769552,29.028378658387602,1.0,0.001,1.0,0.001,,,,,0.007071067811865475,0.007071067811865475,24,96.25,1.006881021864165,0.011645061936311134,False,0.5000810752983751,False,0.04166666666666663,False,False,0.24557912410698357,0.04166666666666663,True,-1.3666228785436185,0.12927702449162284,3.1685956668728976,False,forward_only_adequate
572,assignment_isolation,plus_one_randomisation,True,ok,19.32353460432992,2.6550684251827206,23.618224868558123,14.573980124434119,28.812508874186896,1.0,0.001,1.0,0.001,,,,,0.007071067811865475,0.007071067811865475,24,96.58333333333333,1.0011223981203388,0.05429604325023432,False,0.5213256828800746,False,0.018402777777777768,False,False,0.1794863815441354,0.018402777777777768,True,0.2575811326517627,0.07615183059260348,2.2972459531754654,False,forward_only_adequate
573,assignment_isolation,plus_one_randomisation,True,ok,14.434946691752259,4.213846677317062,22.088122865427373,7.394214390601665,28.27271927957473,1.0,0.001,1.0,0.001,,,,,0.007071067811865475,0.007071067811865475,24,95.95833333333333,0.9791831596646825,0.004903909806791571,False,0.5472994237536519,False,0.018055555555555602,False,False,0.13071433188380085,0.018055555555555602,True,-1.016122495621544,0.1484361929255631,2.701196258784224,False,forward_only_adequate
574,assignment_isolation,plus_one_randomisation,True,ok,12.27168515798189,3.6287325770433374,19.325665954883565,6.538746437115823,28.527096643141263,1.0,0.001,1.0,0.001,,,,,0.007071067811865475,0.007071067811865475,24,94.875,0.9824002727307468,0.005951148023524804,False,0.5101273428826091,False,0.016666666666666607,False,False,0.1074005853774791,0.016666666666666607,True,-0.6885542953082783,0.11351498793214698,1.9900649564651656,False,forward_only_adequate
575,assignment_isolation,plus_one_randomisation,True,ok,25.107692049587516,3.100799668449969,31.79959836186461,20.767655016170867,29.257203006234995,1.0,0.001,1.0,0.001,,,,,0.007071067811865475,0.007071067811865475,24,96.54166666666667,1.016354484325449,0.02681359174370512,False,0.5210924377270781,False,0.013194444444444509,False,False,0.23855747486710072,0.013194444444444509,True,0.12698584489367554,0.15766310283022458,2.992952067679676,False,forward_only_adequate
576,assignment_isolation,plus_one_randomisation,True,ok,20.241237348722077,3.637943043224453,25.85031079053838,13.385487078612606,28.97752132417394,1.0,0.001,1.0,0.001,,,,,0.007071067811865475,0.007071067811865475,24,97.41666666666667,1.0111902493198015,0.02218363610659527,False,0.4963140371585287,False,0.004513888888888928,False,False,0.1872617420497239,0.004513888888888928,True,0.14581975967166627,0.10414328838616209,3.675086066388351,False,forward_only_adequate
577,assignment_isolation,plus_one_randomisation,True,ok,14.282908843312532,4.527038876886564,22.511154099080613,7.099988646599495,28.795725540424698,1.0,0.001,1.0,0.001,,,,,0.007071067811865475,0.007071067811865475,24,96.04166666666667,0.9977296442699743,0.012116669592524916,False,0.5142759887300927,False,0.02604166666666663,False,False,0.12624918405963312,0.02604166666666663,True,-1.4647992974441517,0.21733351554120728,0.6954631212045045,False,forward_only_adequate
578,assignment_isolation,plus_one_randomisation,True,ok,23.625112604206407,4.395203270963626,30.827485704202893,15.645080489632136,28.306084064833662,1.0,0.001,1.0,0.001,,,,,0.007071067811865475,0.007071067811865475,24,95.33333333333333,0.9771408909722985,0.004904871525901774,False,0.5076064426416595,False,0.03749999999999998,False,False,0.23278851081317492,0.03749999999999998,True,-0.6779501297727569,0.24276427307004855,3.6084149584508403,False,forward_only_adequate
579,assignment_isolation,plus_one_randomisation,True,ok,15.794547708695154,3.7507985105675914,21.91873212936987,8.91892796837243,28.35852162653801,1.0,0.001,1.0,0.001,,,,,0.007071067811865475,0.007071067811865475,24,96.54166666666667,0.9851355448376189,0.0212037416646343,False,0.49802536350532634,False,0.025000000000000022,False,False,0.14434910238934737,0.025000000000000022,True,0.7733784173243816,0.1525359198815524,3.366738479846125,False,forward_only_adequate
580,assignment_isolation,plus_one_randomisation,True,ok,19.312301997200564,3.074252392535365,24.374067481614208,14.511896469941242,29.61551882366978,1.0,0.001,1.0,0.001,,,,,0.007071067811865475,0.007071067811865475,24,95.75,1.0245749726101951,0.0041965139954528545,False,0.51791776775813,False,0.011111111111111072,False,False,0.1745781130899987,0.011111111111111072,True,0.5239944167239043,0.14638889621834564,2.9528555835682417,False,forward_only_adequate
581,assignment_isolation,plus_one_randomisation,True,ok,24.61771860377243,4.139624508115137,31.617410380023017,17.982192309362393,30.24878345037283,1.0,0.001,1.0,0.001,,,,,0.007071067811865475,0.007071067811865475,24,94.75,1.0410043125304542,0.033244320355308915,False,0.5091519008962402,False,0.014236111111111116,False,False,0.22697711294891737,0.014236111111111116,True,-0.5011512445973917,0.10293670416157476,2.675224151914449,False,forward_only_adequate
582,assignment_isolation,plus_one_randomisation,True,ok,14.911959270088069,3.6402169321716786,20.88297986442731,7.81446783940207,29.37985455346593,1.0,0.001,1.0,0.001,,,,,0.007071067811865475,0.007071067811865475,24,96.25,1.01907234720692,0.015377666236610616,False,0.5100640217927916,False,0.02256944444444442,False,False,0.12957156687701454,0.02256944444444442,True,0.17280599959296908,0.12710787767408485,2.5126013676929535,False,forward_only_adequate
583,assignment_isolation,plus_one_randomisation,True,ok,25.461362158779064,4.835143515273242,32.98678544807558,15.989472132431459,30.076847094264277,1.0,0.001,1.0,0.001,,,,,0.007071067811865475,0.007071067811865475,24,95.79166666666667,1.0407614061929766,0.023323273424964795,False,0.5181524440056225,False,0.029166666666666674,False,False,0.23593013613445582,0.029166666666666674,True,0.5728670438287371,0.11055438856607805,4.299184515420056,False,forward_only_adequate
584,assignment_isolation,plus_one_randomisation,True,ok,19.130572169949108,3.5184659489276773,25.709019841120963,13.901486224060942,28.742832649988923,1.0,0.001,1.0,0.001,,,,,0.007071067811865475,0.007071067811865475,24,97.29166666666667,1.0023569232689054,0.009554155456269402,False,0.5215266463381292,False,0.01388888888888895,False,False,0.17714049657266281,0.01388888888888895,True,-0.7309052029430833,0.23564604057050312,1.8893940030904237,False,forward_only_adequate
585,assignment_isolation,plus_one_randomisation,True,ok,17.844940377893916,3.6437239659024856,24.347773296195903,11.991597241100878,28.780291262793256,1.0,0.001,1.0,0.001,,,,,0.007071067811865475,0.007071067811865475,24,96.375,0.9989238602952663,0.029459357505788934,False,0.5354659474611585,False,0.023263888888888862,False,False,0.1639421794566375,0.023263888888888862,True,2.3887519719914487,0.23441522775042564,3.7211106541663175,False,forward_only_adequate
586,assignment_isolation,plus_one_randomisation,True,ok,16.111292178323044,4.258372060555893,22.845456424339336,8.739990924903186,29.109613147303868,1.0,0.001,1.0,0.001,,,,,0.007071067811865475,0.007071067811865475,24,95.95833333333333,1.0081677215528992,0.025521018734972346,False,0.48660507554943705,False,0.016666666666666607,False,False,0.1437957310424629,0.016666666666666607,True,-2.0873533632472525,0.2315915748375225,2.162430068166266,False,forward_only_adequate
587,assignment_isolation,plus_one_randomisation,True,ok,17.83090565219741,4.117142666728713,25.317989401801455,11.317523847319995,28.805028265960296,1.0,0.001,1.0,0.001,,,,,0.007071067811865475,0.007071067811865475,24,96.41666666666667,0.9999985463463429,0.03448979580447001,False,0.5118687590732813,False,0.037847222222222254,False,False,0.1635843761586614,0.037847222222222254,True,0.5127939287421648,0.15436541373239643,3.793268423796961,False,forward_only_adequate
588,assignment_isolation,plus_one_randomisation,True,ok,13.10122215992756,4.4656683415212015,20.299023734062636,4.662483875832542,29.610816556902446,1.0,0.001,1.0,0.001,,,,,0.007071067811865475,0.007071067811865475,24,96.875,1.0304128073738663,0.005823641360883052,False,0.5017171169794485,False,0.01388888888888884,False,False,0.10968159323307276,0.01388888888888884,True,-1.8447566035513165,0.1988650733343585,3.1167498271438316,False,forward_only_adequate
589,assignment_isolation,plus_one_randomisation,True,ok,15.901328409844536,4.252957744984946,23.00086080205199,8.455949703047525,29.599002055353107,1.0,0.001,1.0,0.001,,,,,0.007071067811865475,0.007071067811865475,24,96.75,1.0293369484077672,0.022133556786720163,False,0.5316203677143436,False,0.03541666666666665,False,False,0.13815315843575818,0.03541666666666665,True,0.22123445465424435,0.16599971423158047,3.2812008752636617,False,forward_only_adequate
590,assignment_isolation,plus_one_randomisation,True,ok,25.5340547033413,4.7506605702352145,33.15047122878632,17.972195887212973,29.955478177011507,1.0,0.001,1.0,0.001,,,,,0.007071067811865475,0.007071067811865475,24,96.33333333333333,1.039488184242363,0.02192478726275318,False,0.517194666058483,False,0.04062500000000002,False,False,0.23702599654295425,0.04062500000000002,True,0.1960890559367648,0.15296490120080578,3.0481997737006963,False,forward_only_adequate
591,assignment_isolation,plus_one_randomisation,True,ok,18.77740187796466,4.106305708771497,25.189459551036645,11.20153625806585,29.29772765794388,1.0,0.001,1.0,0.001,,,,,0.007071067811865475,0.007071067811865475,24,95.375,1.0115939413836548,0.003920827644418359,False,0.524522260509395,False,0.029861111111111116,False,False,0.17147395838005952,0.029861111111111116,True,0.08768719963881491,0.15314932740508316,2.219497650259759,False,forward_only_adequate
592,assignment_isolation,plus_one_randomisation,True,ok,21.476991465484627,3.5764143819359306,27.52224360161821,15.528550051455927,29.30806721688802,1.0,0.001,1.0,0.001,,,,,0.007071067811865475,0.007071067811865475,24,96.29166666666667,1.0168023406790674,0.012443536707343114,False,0.5286720499449484,False,0.023958333333333304,False,False,0.19931150264509656,0.023958333333333304,True,-1.1205824309134997,0.19003171205100508,3.2052001562323005,False,forward_only_adequate
593,assignment_isolation,plus_one_randomisation,True,ok,19.11062261919484,3.567021629245586,26.269124770774173,14.054241419021317,29.872478353252998,1.0,0.001,1.0,0.001,,,,,0.007071067811865475,0.007071067811865475,24,96.16666666666667,1.0357108907564543,0.03681526647776136,False,0.5331446600989235,False,0.023611111111111138,False,False,0.1702796732151872,0.023611111111111138,True,0.6810787834605557,0.19081495296064294,2.7656611766179453,False,forward_only_adequate
594,assignment_isolation,plus_one_randomisation,True,ok,21.92047128663353,4.384511191145408,31.371820905532733,15.856780031739294,30.251375491322726,1.0,0.001,1.0,0.001,,,,,0.007071067811865475,0.007071067811865475,24,96.875,1.0527033149198515,0.03763665500872098,False,0.5066066990438669,False,0.01909722222222221,False,False,0.19604560327336654,0.01909722222222221,True,-0.21331871613553083,0.0850852127277663,2.3988302332845426,False,forward_only_adequate
595,assignment_isolation,plus_one_randomisation,True,ok,17.33333744114147,4.126384830578871,23.665502926970657,10.261430912434934,28.894719551955305,1.0,0.001,1.0,0.001,,,,,0.007071067811865475,0.007071067811865475,24,95.91666666666667,1.0005079155432215,0.03209741202854096,False,0.5073400375051366,False,0.016666666666666607,False,False,0.15814182236693003,0.016666666666666607,True,0.15336920950358343,0.19433543150560548,3.599220644686461,False,forward_only_adequate
596,assignment_isolation,plus_one_randomisation,True,ok,19.64840101473919,4.8301173002611035,28.389718174919317,11.890616417688008,28.89004519335815,1.0,0.001,1.0,0.001,,,,,0.007071067811865475,0.007071067811865475,24,96.375,1.0027332664962452,0.0353619221748148,False,0.5078664771971473,False,0.013194444444444398,False,False,0.1826678302072983,0.013194444444444398,True,-0.20249609006904834,0.14295813595798554,2.675665725903569,False,forward_only_adequate
597,assignment_isolation,plus_one_randomisation,True,ok,17.776030830206373,4.6468565397651105,25.422591224326624,9.966032187860423,29.12035039766482,1.0,0.001,1.0,0.001,,,,,0.007071067811865475,0.007071067811865475,24,94.25,0.9995218268402257,0.0360433944000466,False,0.5167190243185442,False,0.025347222222222188,False,False,0.1630849735589342,0.025347222222222188,True,-0.7301688759663892,0.0949616739168094,2.3143711963894122,False,forward_only_adequate
598,assignment_isolation,plus_one_randomisation,True,ok,19.0309181144228,4.469337885561899,26.39476295908885,11.139331391032869,29.161256526668087,1.0,0.001,1.0,0.001,,,,,0.007071067811865475,0.007071067811865475,24,94.54166666666667,1.002473421235334,0.009691131400191288,False,0.5463355470366363,False,0.015972222222222165,False,False,0.176039059590149,0.015972222222222165,True,0.2037364201528077,0.11202861326525178,2.552069648136854,False,forward_only_adequate
599,assignment_isolation,plus_one_randomisation,True,ok,16.449425729317507,4.336778472990027,24.051438218509286,9.407336912748388,29.007399000429505,1.0,0.001,1.0,0.001,,,,,0.007071067811865475,0.007071067811865475,24,95.83333333333333,1.0039731364089735,0.0005432423939766723,False,0.4920595729172688,False,0.03993055555555558,False,False,0.14808828870972937,0.03993055555555558,True,-0.7069719376345603,0.284849826388325,2.6471288673125635,False,forward_only_adequate
600,assignment_isolation,plus_one_randomisation,True,ok,23.740210901278115,4.155935615790572,30.599157831651752,15.903236262499881,30.07508008221659,1.0,0.001,1.0,0.001,,,,,0.007071067811865475,0.007071067811865475,24,96.29166666666667,1.043412777697161,0.010979062258375933,False,0.5136500961098682,False,0.027430555555555625,False,False,0.21715640435674255,0.027430555555555625,True,-0.4271701202953392,0.24749193825927565,3.177932421697335,False,forward_only_adequate
601,assignment_isolation,plus_one_randomisation,True,ok,21.255976769326708,4.345214576658195,29.45253121886305,14.079674557955926,28.652944264191017,1.0,0.001,1.0,0.001,,,,,0.007071067811865475,0.007071067811865475,24,96.75,0.9964367770455351,0.004239018587706106,False,0.5319559518592609,False,0.012847222222222232,False,False,0.20160530790964126,0.012847222222222232,True,0.3785316338329196,0.06279443907303886,3.673498650729277,False,forward_only_adequate
602,assignment_isolation,plus_one_randomisation,True,ok,17.0229786285734,3.8823672163278244,24.77758235626265,11.12723851460915,29.56481458208747,1.0,0.001,1.0,0.001,,,,,0.007071067811865475,0.007071067811865475,24,93.58333333333333,1.0111822120923077,0.0008680383468500766,False,0.4873675984804032,False,0.015277777777777724,False,False,0.15289553929748154,0.015277777777777724,True,-0.932460740813773,0.1824554997991222,2.4220820291777354,False,forward_only_adequate
603,assignment_isolation,plus_one_randomisation,True,ok,17.81232549712238,3.2109860776344883,23.620637413578528,12.864882475828203,29.37882768029937,1.0,0.001,1.0,0.001,,,,,0.007071067811865475,0.007071067811865475,24,95.91666666666667,1.0172706328112033,0.004023683657691121,False,0.4892469564297404,False,0.025000000000000022,False,False,0.16013211286621232,0.025000000000000022,True,1.3414877739211328,0.15480661106095764,3.035057348400832,False,forward_only_adequate
604,assignment_isolation,plus_one_randomisation,True,ok,18.59122098940352,3.1017130343697747,23.97700206684223,13.440566133556816,28.58813951152922,1.0,0.001,1.0,0.001,,,,,0.007071067811865475,0.007071067811865475,24,96.45833333333333,0.9926834379944475,0.0138573395147785,False,0.4938210698706352,False,0.03993055555555558,False,False,0.17327007661715266,0.03993055555555558,True,0.07041565109573696,0.24367017150629422,2.0606891511959344,False,forward_only_adequate
605,assignment_isolation,plus_one_randomisation,True,ok,21.243228400428517,3.4421471489058573,26.771371122597824,15.241682087224737,29.062465851228218,1.0,0.001,1.0,0.001,,,,,0.007071067811865475,0.007071067811865475,24,94.54166666666667,0.9990773046686906,0.021742639179684664,False,0.5131271525729838,False,0.026388888888888906,False,False,0.20084958725619703,0.026388888888888906,True,-1.4770977373523448,0.12894407215384923,2.7781829422766373,False,forward_only_adequate
606,assignment_isolation,plus_one_randomisation,True,ok,24.86151650770913,3.263595348626737,30.246290067450946,19.341281860307983,29.20263781181575,1.0,0.001,1.0,0.001,,,,,0.007071067811865475,0.007071067811865475,24,96.08333333333333,1.0120480192868861,0.011133322039666667,False,0.5302889805636367,False,0.028125000000000067,False,False,0.23704229641126756,0.028125000000000067,True,-0.805507034114261,0.20873063546541856,4.086316943275801,False,forward_only_adequate
607,assignment_isolation,plus_one_randomisation,True,ok,21.07312282933285,3.473145990730136,27.575613568317078,15.511192333403471,30.17788727783452,1.0,0.001,1.0,0.001,,,,,0.007071067811865475,0.007071067811865475,24,94.875,1.039249281588223,0.0023789642717273168,False,0.5147895836035535,False,0.030208333333333393,False,False,0.1900934339789993,0.030208333333333393,True,1.1371867378357758,0.194951067771421,2.929758326950273,False,forward_only_adequate
608,assignment_isolation,plus_one_randomisation,True,ok,23.226435832700492,3.994033721815486,30.34397993532355,16.50454367566975,28.383406660756375,1.0,0.001,1.0,0.001,,,,,0.007071067811865475,0.007071067811865475,24,96.875,0.9877007506341976,0.01420863008303237,False,0.5212694844233794,False,0.03125,False,False,0.22552498932258375,0.03125,True,-0.11738222819387144,0.12394128731963949,3.188301905716132,False,forward_only_adequate
609,assignment_isolation,plus_one_randomisation,True,ok,25.054888586297796,4.293218745564332,31.67955704187363,16.72477366325173,29.742535724714187,1.0,0.001,1.0,0.001,,,,,0.007071067811865475,0.007071067811865475,24,95.20833333333333,1.0260546189375033,0.012519909940510193,False,0.5244805748934753,False,0.02256944444444442,False,False,0.2354310049881054,0.02256944444444442,True,0.6337036565732357,0.1454626691665,4.717983884852819,False,forward_only_adequate
610,assignment_isolation,plus_one_randomisation,True,ok,25.294728213370707,4.546074036974974,33.045791089355326,17.9515014442424,28.861731975919998,1.0,0.001,1.0,0.001,,,,,0.007071067811865475,0.007071067811865475,24,96.66666666666667,1.003265244232664,0.004581315809784679,False,0.5356235863551424,False,0.02430555555555558,False,False,0.24413699516029672,0.02430555555555558,True,1.2287390272936125,0.2328848130746543,5.0706703923417304,False,forward_only_adequate
611,assignment_isolation,plus_one_randomisation,True,ok,20.230022459057636,3.4256912490980738,26.610773701468332,15.316799902329006,29.364363996118776,1.0,0.001,1.0,0.001,,,,,0.007071067811865475,0.007071067811865475,24,96.0,1.0172114074644798,0.02191072800860817,False,0.5260499537087492,False,0.007291666666666585,False,False,0.1858523423023547,0.007291666666666585,True,-0.7583665855106786,0.2115282657324079,2.5144560429064615,False,forward_only_adequate
612,assignment_isolation,plus_one_randomisation,True,ok,18.72468992710617,3.642055600842519,25.041279379170877,12.804351135598758,29.13037856299774,1.0,0.001,1.0,0.001,,,,,0.007071067811865475,0.007071067811865475,24,95.54166666666667,1.0066941422318738,0.0053329574855331624,False,0.512599081537148,False,0.03541666666666665,False,False,0.17188467725871048,0.03541666666666665,True,0.24570835328885504,0.08588656799502989,2.828051102505628,False,forward_only_adequate
613,assignment_isolation,plus_one_randomisation,True,ok,14.680620072685125,4.093238251419648,22.789397605942167,7.449530158206031,28.1104815729194,1.0,0.001,1.0,0.001,,,,,0.007071067811865475,0.007071067811865475,24,97.08333333333333,0.979254626198852,0.04918044047110176,False,0.5139445632917535,False,0.03125,False,False,0.13333933631938563,0.03125,True,-0.9394241066495066,0.10629583332751022,1.488509849015666,False,forward_only_adequate
614,assignment_isolation,plus_one_randomisation,True,ok,16.810237959064818,2.9723568323259655,21.902289939963886,11.85427842470048,28.03529551692751,1.0,0.001,1.0,0.001,,,,,0.007071067811865475,0.007071067811865475,24,97.54166666666667,0.978938098528975,0.042120568146427034,False,0.4957228429277898,False,0.025694444444444353,False,False,0.15650508172343872,0.025694444444444353,True,1.1702090603867645,0.15446597909276083,3.3013286723287663,False,forward_only_adequate
615,assignment_isolation,plus_one_randomisation,True,ok,19.21007560812723,4.1186051432252295,26.1368096037639,11.66965205520388,29.06113341505242,1.0,0.001,1.0,0.001,,,,,0.007071067811865475,0.007071067811865475,24,95.58333333333333,1.0045201218774893,0.03985799943300135,False,0.507687502090532,False,0.026388888888888906,False,False,0.17755298005918016,0.026388888888888906,True,0.015369663224875896,0.1182327440512441,1.9367864979728104,False,forward_only_adequate
616,assignment_isolation,plus_one_randomisation,True,ok,22.840975128661057,4.217194559344959,29.371567241697672,15.486028675715097,28.222773018358094,1.0,0.001,1.0,0.001,,,,,0.007071067811865475,0.007071067811865475,24,96.125,0.9783018299060294,0.010983163267371717,False,0.5125046293566408,False,0.03923611111111114,False,False,0.22368143620012448,0.03923611111111114,True,-0.5055237162651238,0.1281542842499677,3.21852087291786,False,forward_only_adequate
617,assignment_isolation,plus_one_randomisation,True,ok,16.556605316001413,3.6283758900966947,22.4293915359412,11.016117303942627,29.76459538012424,1.0,0.001,1.0,0.001,,,,,0.007071067811865475,0.007071067811865475,24,94.91666666666667,1.02524162108679,0.012243444998816548,False,0.5046889588868753,False,0.018055555555555602,False,False,0.14558319881241175,0.018055555555555602,True,0.5095781153418936,0.25011291982505246,1.8105309702633656,False,forward_only_adequate
618,assignment_isolation,plus_one_randomisation,True,ok,22.613381225094134,3.5679040692650563,28.85465331082196,16.296652049717657,28.93552712792661,1.0,0.001,1.0,0.001,,,,,0.007071067811865475,0.007071067811865475,24,97.58333333333333,1.0105882151779095,0.009544509800887713,False,0.5158417291803018,False,0.014583333333333282,False,False,0.2130360665344463,0.014583333333333282,True,0.019775258294536486,0.09807460442298682,3.312973052112291,False,forward_only_adequate
619,assignment_isolation,plus_one_randomisation,True,ok,17.657661439044617,4.618927266914948,26.6067207889794,10.328220230497333,29.564910459609102,1.0,0.001,1.0,0.001,,,,,0.007071067811865475,0.007071067811865475,24,96.20833333333333,1.0252692216278032,0.029839114418201085,False,0.49956698630534424,False,0.022916666666666696,False,False,0.1570469990847891,0.022916666666666696,True,2.586420956173665,0.23854232478864573,3.8470701337149253,False,forward_only_adequate
620,assignment_isolation,plus_one_randomisation,True,ok,19.667386935958472,3.7943642844810084,26.257091018508117,12.758187431393658,29.04888679949335,1.0,0.001,1.0,0.001,,,,,0.007071067811865475,0.007071067811865475,24,96.04166666666667,1.0065013104882439,0.026702985395969697,False,0.5211910886855688,False,0.00868055555555558,False,False,0.18207575517954544,0.00868055555555558,True,0.05448158458498703,0.09190220566252173,3.1606350859172103,False,forward_only_adequate
621,assignment_isolation,plus_one_randomisation,True,ok,14.510994186857426,3.475089569203879,20.127533410198406,8.60096495692914,28.424380456548548,1.0,0.001,1.0,0.001,,,,,0.007071067811865475,0.007071067811865475,24,94.75,0.9782179400642537,0.010865618729968196,False,0.5266089008052856,False,0.027430555555555514,False,False,0.13168333591852727,0.027430555555555514,True,0.10269155602781783,0.09785267360538427,1.4938077126609848,False,forward_only_adequate
622,assignment_isolation,plus_one_randomisation,True,ok,23.496963826626445,3.8616428255112125,29.8907228152818,16.696452994684826,28.795229494616745,1.0,0.001,1.0,0.001,,,,,0.007071067811865475,0.007071067811865475,24,95.41666666666667,0.9944608053731905,0.046157159646232404,False,0.5253293747597301,False,0.01388888888888895,False,False,0.22675549546732282,0.01388888888888895,True,-1.9320584115209694,0.2238337329305668,3.0557626512929796,False,forward_only_adequate
623,assignment_isolation,plus_one_randomisation,True,ok,13.703995677036582,3.8130875920455494,20.452498068637524,6.9318822444519395,28.331440101521782,1.0,0.001,1.0,0.001,,,,,0.007071067811865475,0.007071067811865475,24,96.41666666666667,0.9835574072635183,0.04795261234682545,False,0.49992492756843154,False,0.018750000000000044,False,False,0.12226349030256234,0.018750000000000044,True,0.18143985920374794,0.05762683644058227,1.887436193356494,False,forward_only_adequate
624,assignment_isolation,plus_one_randomisation,True,ok,20.099057815834225,3.819065942601902,26.32981875516646,13.220121946648069,28.48780735709611,1.0,0.001,1.0,0.001,,,,,0.007071067811865475,0.007071067811865475,24,95.75,0.9855608006196148,0.03448378166485562,False,0.5109636016938092,False,0.019791666666666652,False,False,0.19136052973138665,0.019791666666666652,True,-0.4764730390934655,0.13895124660414096,1.5522237192703876,False,forward_only_adequate
625,assignment_isolation,plus_one_randomisation,True,ok,21.09898685257024,2.9112230403600297,26.07844842888277,16.403795240220713,29.18468720196094,1.0,0.001,1.0,0.001,,,,,0.007071067811865475,0.007071067811865475,24,95.75,1.0096699729834744,0.0264494266465216,False,0.5224202628057084,False,0.016319444444444442,False,False,0.19685220077859888,0.016319444444444442,True,0.17022123789774044,0.11459905207352664,3.25803431942244,False,forward_only_adequate
626,assignment_isolation,plus_one_randomisation,True,ok,19.038458503574677,2.9885021829916054,23.404242075006444,13.419652046672809,29.65216176976501,1.0,0.001,1.0,0.001,,,,,0.007071067811865475,0.007071067811865475,24,95.79166666666667,1.0260658467106243,0.05999883096527219,False,0.5578355175060677,False,0.015277777777777724,False,False,0.17139415658325047,0.015277777777777724,True,-1.8372424284835318,0.21666860174863004,0.6143587466730093,False,forward_only_adequate
627,assignment_isolation,plus_one_randomisation,True,ok,17.043215818949406,4.0151771777342224,23.26880173167472,9.231992859626912,29.297209777526675,1.0,0.001,1.0,0.001,,,,,0.007071067811865475,0.007071067811865475,24,95.83333333333333,1.0140037577288326,0.015124706062998828,False,0.5113528154545196,False,0.02951388888888884,False,False,0.15260810687527898,0.02951388888888884,True,-1.8679076265345447,0.22528626282404365,0.3696533234590715,False,forward_only_adequate
628,assignment_isolation,plus_one_randomisation,True,ok,15.31077272754194,4.794495673036726,23.59244766815764,7.7238097969865755,29.121623185800523,1.0,0.001,1.0,0.001,,,,,0.007071067811865475,0.007071067811865475,24,94.45833333333333,1.0006696404064972,0.01072486541880296,False,0.521798012579027,False,0.030555555555555558,False,False,0.13659439165350024,0.030555555555555558,True,0.37437770937782394,0.22719273122586864,3.410041885415631,False,forward_only_adequate
629,assignment_isolation,plus_one_randomisation,True,ok,15.184348711838382,3.6651449019205247,22.258064150063525,9.399207982865573,28.723920486369586,1.0,0.001,1.0,0.001,,,,,0.007071067811865475,0.007071067811865475,24,96.25,0.9963205576038637,0.003570060099285778,False,0.5301104260079346,False,0.03125,False,False,0.13596029850963307,0.03125,True,-0.21647756912458618,0.07919696668864572,2.3838035020770505,False,forward_only_adequate
630,assignment_isolation,plus_one_randomisation,True,ok,25.84118417638446,4.644441027794021,34.72007749681107,18.529254158771312,29.74001856773755,1.0,0.001,1.0,0.001,,,,,0.007071067811865475,0.007071067811865475,24,94.45833333333333,1.0219187816553852,0.007521110002444061,False,0.5128097777463354,False,0.025000000000000022,False,False,0.24495414505311264,0.025000000000000022,True,1.6339371469817345,0.16205142188206353,5.764629281730275,False,forward_only_adequate
631,assignment_isolation,plus_one_randomisation,True,ok,19.78506767260843,4.2549664007838945,27.272131149400032,12.56546399056341,29.41230501381253,1.0,0.001,1.0,0.001,,,,,0.007071067811865475,0.007071067811865475,24,95.79166666666667,1.0177659855640218,0.03349102446200587,False,0.5259342577783133,False,0.021180555555555536,False,False,0.18098260495358487,0.021180555555555536,True,-0.6969377700317059,0.1387721747990745,2.5537314405758527,False,forward_only_adequate
632,assignment_isolation,plus_one_randomisation,True,ok,18.713467523718545,4.247790926440891,25.577800852769727,10.22026379872137,29.780544786640608,1.0,0.001,1.0,0.001,,,,,0.007071067811865475,0.007071067811865475,24,94.25,1.0221822238727993,0.012200759294290998,False,0.5077534131498592,False,0.04062500000000002,False,False,0.1687208524699007,0.04062500000000002,True,-0.4844267464532421,0.06968793188971005,2.3887807822757985,False,forward_only_adequate
633,assignment_isolation,plus_one_randomisation,True,ok,23.293266240446812,3.8866126243719226,29.641734431701046,15.720297287208194,29.461177157972315,1.0,0.001,1.0,0.001,,,,,0.007071067811865475,0.007071067811865475,24,96.5,1.0232193838259709,0.0011845347727073591,False,0.5098587365295651,False,0.021180555555555536,False,False,0.21729035877181008,0.021180555555555536,True,-0.772630616866768,0.16085919185836545,3.490382277131104,False,forward_only_adequate
634,assignment_isolation,plus_one_randomisation,True,ok,19.568054134483393,5.188946027042993,27.93087377128021,10.46048744281797,29.849481245497255,1.0,0.001,1.0,0.001,,,,,0.007071067811865475,0.007071067811865475,24,96.66666666666667,1.0376004848554323,0.02606060380776426,False,0.5325529658905536,False,0.02604166666666674,False,False,0.1746849050383247,0.02604166666666674,True,1.5778228276512618,0.15641581123381226,3.4928013790046784,False,forward_only_adequate
635,assignment_isolation,plus_one_randomisation,True,ok,21.882247548904328,3.5586985223149554,27.693855871243706,15.608209285488407,29.168997578421237,1.0,0.001,1.0,0.001,,,,,0.007071067811865475,0.007071067811865475,24,96.08333333333333,1.0108821817418445,0.00368040234454735,False,0.49645648930119957,False,0.015277777777777724,False,False,0.20504669338286813,0.015277777777777724,True,0.9603240947098192,0.16889222455008432,2.739562348739428,False,forward_only_adequate
636,assignment_isolation,plus_one_randomisation,True,ok,18.643859560755047,4.674120217476971,26.443994890591323,10.600350172077988,29.41231263103718,1.0,0.001,1.0,0.001,,,,,0.007071067811865475,0.007071067811865475,24,95.29166666666667,1.0151065767007965,0.015999748678939645,False,0.5020840707400588,False,0.023611111111111138,False,False,0.16935833228133435,0.023611111111111138,True,-0.5068622592547101,0.11499535864087541,2.1849964392597587,False,forward_only_adequate
637,assignment_isolation,plus_one_randomisation,True,ok,15.642497258348618,4.363290117948216,22.928814928126805,7.670037023639915,28.833356196805838,1.0,0.001,1.0,0.001,,,,,0.007071067811865475,0.007071067811865475,24,96.08333333333333,0.999250177891934,0.014326264431854096,False,0.5034031631662607,False,0.029166666666666674,False,False,0.14033338367177164,0.029166666666666674,True,0.5913583056146202,0.14481012132942578,2.52406831992537,False,forward_only_adequate
638,assignment_isolation,plus_one_randomisation,True,ok,18.72155567373831,4.80236515180457,27.53823578975665,10.904244981719721,29.322096339880108,1.0,0.001,1.0,0.001,,,,,0.007071067811865475,0.007071067811865475,24,95.66666666666667,1.0139822294436744,0.013127479650696237,False,0.5229422749107325,False,0.027430555555555514,False,False,0.17040609735129364,0.027430555555555514,True,0.5519509889494637,0.17808228636650372,3.400057506674141,False,forward_only_adequate
639,assignment_isolation,plus_one_randomisation,True,ok,28.55844024539002,3.758866208092052,34.826697063899736,22.061173407912094,29.944727049615587,1.0,0.001,1.0,0.001,,,,,0.007071067811865475,0.007071067811865475,24,95.875,1.0366402176052605,0.008085078284233589,False,0.5233126710928824,False,0.017708333333333326,False,False,0.26971495473377394,0.017708333333333326,True,0.7134840369071613,0.09213749083318724,3.9420538057458474,False,forward_only_adequate
640,assignment_isolation,plus_one_randomisation,True,ok,16.077494984609938,3.3191350549428162,21.749745933918714,10.22916028482751,29.482953278537984,1.0,0.001,1.0,0.001,,,,,0.007071067811865475,0.007071067811865475,24,95.125,1.0166543555891805,0.03124860388277729,False,0.5353212466342223,False,0.018402777777777768,False,False,0.14202747751277797,0.018402777777777768,True,1.0745756345443014,0.1169900806825003,3.277022439045052,False,forward_only_adequate
641,assignment_isolation,plus_one_randomisation,True,ok,18.856749219718026,2.99051060501255,23.7006152748653,13.629631462568678,28.40410598341135,1.0,0.001,1.0,0.001,,,,,0.007071067811865475,0.007071067811865475,24,95.79166666666667,0.9828788633429286,0.04777269782312811,False,0.4904954530763757,False,0.022222222222222254,False,False,0.17822086269144802,0.022222222222222254,True,-0.5934014066689793,0.12248215459850595,2.127745661041402,False,forward_only_adequate
642,assignment_isolation,plus_one_randomisation,True,ok,11.477387309753361,3.799145405705897,18.745751388678208,5.454080274267807,28.927073952089287,1.0,0.003,1.0,0.003,,,,,0.007071067811865475,0.007071067811865475,24,94.95833333333333,0.9966118668738754,0.011438060170565744,False,0.5272085184517473,False,0.033333333333333326,False,False,0.09751264175270685,0.033333333333333326,True,-0.899271728368643,0.13968992229354105,2.46727782847094,False,forward_only_adequate
643,assignment_isolation,plus_one_randomisation,True,ok,12.359878973162557,4.244824279242818,19.864757610123664,5.2369324509320965,29.49080954274296,1.0,0.001,1.0,0.001,,,,,0.007071067811865475,0.007071067811865475,24,95.08333333333333,1.0167025201918665,0.005375939554041915,False,0.5253141409015161,False,0.009722222222222299,False,False,0.10399049057584984,0.009722222222222299,True,-0.4222524955628081,0.13174456111801705,2.0284068236728894,False,forward_only_adequate
644,assignment_isolation,plus_one_randomisation,True,ok,19.262725796920495,3.2659072748183515,25.81891457468646,14.274428140847675,29.01811659419359,1.0,0.001,1.0,0.001,,,,,0.007071067811865475,0.007071067811865475,24,95.04166666666667,1.0001871017224833,0.008202572724219715,False,0.519676707866116,False,0.017013888888888884,False,False,0.17902252883303849,0.017013888888888884,True,1.0903669630410813,0.1790508550107872,3.78375849061614,False,forward_only_adequate
645,assignment_isolation,plus_one_randomisation,True,ok,19.354758493493406,3.4051251188415854,25.615255183920805,13.812425254400143,29.208122382388915,1.0,0.001,1.0,0.001,,,,,0.007071067811865475,0.007071067811865475,24,94.79166666666667,1.0054112160923323,0.046905844159523265,False,0.5226248849010517,False,0.04513888888888884,False,False,0.17892994929098294,0.04513888888888884,True,-0.6475057380265321,0.11661391087404598,1.5616997365362135,False,forward_only_adequate
646,assignment_isolation,plus_one_randomisation,True,ok,21.392774979416902,3.063359798753225,27.547511727504528,16.37672022047873,29.846499547267104,1.0,0.001,1.0,0.001,,,,,0.007071067811865475,0.007071067811865475,24,96.54166666666667,1.0368258254152936,0.0072021657588630566,False,0.49815793013083237,False,0.0253472222222223,False,False,0.19397139136962702,0.0253472222222223,True,-0.5940422271095146,0.17712313015935652,1.557548211676225,False,forward_only_adequate
647,assignment_isolation,plus_one_randomisation,True,ok,27.570869205086197,4.70353274215169,36.84777771467467,19.855705719427853,29.333738703573434,1.0,0.001,1.0,0.001,,,,,0.007071067811865475,0.007071067811865475,24,96.41666666666667,1.018353316359746,0.018911035185269192,False,0.5136261067150744,False,0.017013888888888884,False,False,0.26452423503903905,0.017013888888888884,True,1.3433275570527536,0.13942057689317386,4.788255643053415,False,forward_only_adequate
648,assignment_isolation,plus_one_randomisation,True,ok,23.140041518908074,3.6264130166986868,28.740141536329897,16.177041384072876,28.9923352399732,1.0,0.001,1.0,0.001,,,,,0.007071067811865475,0.007071067811865475,24,95.95833333333333,1.0041059774127852,0.03091694106763533,False,0.5332434456076867,False,0.03888888888888886,False,False,0.22036799125664006,0.03888888888888886,True,0.11464871079746254,0.14980372696317287,2.728867329163908,False,forward_only_adequate
649,assignment_isolation,plus_one_randomisation,True,ok,19.679034953943948,3.6757928241390636,26.263328905679273,13.380024142868042,29.50470291095668,1.0,0.001,1.0,0.001,,,,,0.007071067811865475,0.007071067811865475,24,95.33333333333333,1.0185178431693673,0.0038711935046939336,False,0.5009945147366468,False,0.012847222222222232,False,False,0.17969666886237176,0.012847222222222232,True,0.3963660180534078,0.10007157934695889,2.375192469192277,False,forward_only_adequate
650,assignment_isolation,plus_one_randomisation,True,ok,13.965529689072804,3.372638956682249,20.21513704513513,8.375043761171503,29.692704024830665,1.0,0.001,1.0,0.001,,,,,0.007071067811865475,0.007071067811865475,24,94.95833333333333,1.0229897859607955,0.034008208390500214,False,0.5118542257482137,False,0.028124999999999956,False,False,0.11934095322460286,0.028124999999999956,True,1.2121267760849506,0.14745520841553827,2.70289707497161,False,forward_only_adequate
651,assignment_isolation,plus_one_randomisation,True,ok,15.118843713182466,3.601879769672039,20.496491640526706,7.487216847338366,29.421039964768624,1.0,0.001,1.0,0.001,,,,,0.007071067811865475,0.007071067811865475,24,95.66666666666667,1.0174037814429169,0.02588787917200677,False,0.5276827483469481,False,0.010763888888888906,False,False,0.13195763398920476,0.010763888888888906,True,0.11025615258183835,0.11859039249534502,2.0394872300419373,False,forward_only_adequate
652,assignment_isolation,plus_one_randomisation,True,ok,20.722886059906333,4.005551500509536,27.787698335741645,14.307918713948888,28.816585621545613,1.0,0.001,1.0,0.001,,,,,0.007071067811865475,0.007071067811865475,24,95.5,0.9956328418235405,0.02638421394664063,False,0.4971126160308254,False,0.014930555555555558,False,False,0.19594468432528078,0.014930555555555558,True,-1.7609471282353335,0.15660644568030385,1.8487901914770806,False,forward_only_adequate
653,assignment_isolation,plus_one_randomisation,True,ok,25.05771549126325,3.224580399227248,29.701459460227156,17.694740692579593,29.100146130009453,1.0,0.001,1.0,0.001,,,,,0.007071067811865475,0.007071067811865475,24,96.25,1.009370355009967,0.0005716729472636843,False,0.5067288427572402,False,0.01388888888888895,False,False,0.2398893142339767,0.01388888888888895,True,-0.430883204423893,0.10702501051738698,3.521616273690695,False,forward_only_adequate
654,assignment_isolation,plus_one_randomisation,True,ok,22.501307489972515,3.7850817886272305,28.728282045125034,15.630489647210311,29.407361936137804,1.0,0.001,1.0,0.001,,,,,0.007071067811865475,0.007071067811865475,24,96.29166666666667,1.0202472318826767,0.026946438963246083,False,0.5078979457591886,False,0.022222222222222254,False,False,0.20951284089466632,0.022222222222222254,True,0.12812190147266483,0.10969528684552143,4.488468438433492,False,forward_only_adequate
655,assignment_isolation,plus_one_randomisation,True,ok,20.520010094030557,3.980059479528282,26.986955843697967,12.811264469494962,29.192221737221658,1.0,0.001,1.0,0.001,,,,,0.007071067811865475,0.007071067811865475,24,95.75,1.0099306368706864,0.03020472132463712,False,0.49926976831096165,False,0.02673611111111107,False,False,0.19053999435132374,0.02673611111111107,True,-0.7994669610676328,0.16159853767357643,3.3322250203523165,False,forward_only_adequate
656,assignment_isolation,plus_one_randomisation,True,ok,16.29094537509753,4.530078875134865,23.831933402636796,7.548666048712338,29.069383451070603,1.0,0.001,1.0,0.001,,,,,0.007071067811865475,0.007071067811865475,24,97.0,1.0122241492121544,0.02043288245234541,False,0.49589451506421794,False,0.023611111111111138,False,False,0.14500090550959596,0.023611111111111138,True,-0.017673942272223377,0.09803735281967234,1.7704672033051745,False,forward_only_adequate
657,assignment_isolation,plus_one_randomisation,True,ok,26.813194991728057,3.7317914075283203,33.037774783101675,19.56783728662874,29.809748745736027,1.0,0.001,1.0,0.001,,,,,0.007071067811865475,0.007071067811865475,24,95.58333333333333,1.0303965786721216,0.009488605090793746,False,0.5009607423016689,False,0.027430555555555514,False,False,0.25301307499753645,0.027430555555555514,True,0.5360037911598969,0.10965018606900398,4.676154200149471,False,forward_only_adequate
658,assignment_isolation,plus_one_randomisation,True,ok,19.85381365305612,4.350518992922915,27.746002407429078,12.306430298978999,29.188776173950156,1.0,0.001,1.0,0.001,,,,,0.007071067811865475,0.007071067811865475,24,95.95833333333333,1.0109094140584423,0.01834292123991204,False,0.5128756693482428,False,0.025347222222222188,False,False,0.18315375547657836,0.025347222222222188,True,-0.21309757383583114,0.15141419589107508,3.690720925281416,False,forward_only_adequate
659,assignment_isolation,plus_one_randomisation,True,ok,20.436799292202394,3.4353845192982715,26.334119488360958,14.823967018413494,28.030588127694447,1.0,0.001,1.0,0.001,,,,,0.007071067811865475,0.007071067811865475,24,95.91666666666667,0.9705865200962766,0.008298977261819445,False,0.49607182887159407,False,0.007986111111111027,False,False,0.19859097336618747,0.007986111111111027,True,0.8932848042921209,0.17146702521592866,3.852145012598642,False,forward_only_adequate
660,assignment_isolation,plus_one_randomisation,True,ok,22.232679870408464,4.407424161177632,30.249105009305147,15.191792622837855,29.15025296128956,1.0,0.001,1.0,0.001,,,,,0.007071067811865475,0.007071067811865475,24,94.875,1.0038601830945995,0.008085195820424714,False,0.5264433631972997,False,0.018402777777777768,False,False,0.21052491505754292,0.018402777777777768,True,-2.3198803698817243,0.16365131343550784,1.99002751047656,False,forward_only_adequate
661,assignment_isolation,plus_one_randomisation,True,ok,26.178977118021873,3.6242902286223044,32.70948676323851,19.803940737638335,29.880414079947634,1.0,0.001,1.0,0.001,,,,,0.007071067811865475,0.007071067811865475,24,95.33333333333333,1.0314875900822638,0.03137678179370532,False,0.5120356427028999,False,0.011458333333333237,False,False,0.24597275521356102,0.011458333333333237,True,-2.238667425119003,0.1875188266189304,3.2966907604879845,False,forward_only_adequate
662,assignment_isolation,plus_one_randomisation,True,ok,23.360368295482697,3.7212469208137233,29.884083134017356,16.95185591333707,28.726060725456144,1.0,0.001,1.0,0.001,,,,,0.007071067811865475,0.007071067811865475,24,94.875,0.9892520870311956,0.026355898289162766,False,0.5266092925277008,False,0.018055555555555602,False,False,0.22660552944350423,0.018055555555555602,True,-0.3812773335041298,0.1366030530238382,4.8016810071459135,False,forward_only_adequate
663,assignment_isolation,plus_one_randomisation,True,ok,18.717410073756803,3.0824643517436585,24.388206732613742,13.440935007718892,28.494556675088873,1.0,0.001,1.0,0.001,,,,,0.007071067811865475,0.007071067811865475,24,96.04166666666667,0.9872945849256676,0.004039043803624415,False,0.5106034355504753,False,0.03472222222222221,False,False,0.175760825826975,0.03472222222222221,True,0.039838482140031835,0.12217071005944173,2.928519744832519,False,forward_only_adequate
664,assignment_isolation,plus_one_randomisation,True,ok,24.944230338151602,3.521974059363482,31.66329572704491,19.555969747814146,28.989234722293393,1.0,0.001,1.0,0.001,,,,,0.007071067811865475,0.007071067811865475,24,96.41666666666667,1.006393478052707,0.005719758391686227,False,0.49369567827072863,False,0.010069444444444464,False,False,0.23945788886608171,0.010069444444444464,True,-1.694401198561993,0.20369855038860166,3.1760241389310715,False,forward_only_adequate
665,assignment_isolation,plus_one_randomisation,True,ok,20.791830719064922,3.1527201767984723,26.31209268766575,15.035294274497863,28.662570832089827,1.0,0.001,1.0,0.001,,,,,0.007071067811865475,0.007071067811865475,24,96.5,0.9954828996961139,0.004069386513983232,False,0.5013493860067257,False,0.022222222222222143,False,False,0.19673495812207664,0.022222222222222143,True,0.6678780943415423,0.14849916425391735,3.8733504569432493,False,forward_only_adequate
666,assignment_isolation,plus_one_randomisation,True,ok,21.048062220205612,3.581099852540087,26.689173785836985,14.933119831716084,28.920732009566038,1.0,0.001,1.0,0.001,,,,,0.007071067811865475,0.007071067811865475,24,97.91666666666667,1.0117951607702318,0.014742929822048903,False,0.5088634331383364,False,0.01215277777777779,False,False,0.19582361374982346,0.01215277777777779,True,1.154823524401147,0.1623047178783941,4.4143545841187795,False,forward_only_adequate
667,assignment_isolation,plus_one_randomisation,True,ok,20.592455374552845,3.773333674048266,26.014092888672664,12.677234903487456,29.407811853305837,1.0,0.001,1.0,0.001,,,,,0.007071067811865475,0.007071067811865475,24,95.875,1.0180530424736958,0.002400779452354823,False,0.5390028074221225,False,0.017013888888888884,False,False,0.18954909094388528,0.017013888888888884,True,-1.4579915939145456,0.20341616559073114,3.0186543761853883,False,forward_only_adequate
668,assignment_isolation,plus_one_randomisation,True,ok,18.10860289094622,4.406243906958223,26.64670567746486,11.864518051090013,29.305985419702715,1.0,0.001,1.0,0.001,,,,,0.007071067811865475,0.007071067811865475,24,95.875,1.0145279685562274,0.014662887164983845,False,0.5085534407061592,False,0.020486111111111094,False,False,0.16378201126153674,0.020486111111111094,True,0.7651331853119411,0.25558871561335206,3.3784923009777246,False,forward_only_adequate
669,assignment_isolation,plus_one_randomisation,True,ok,17.33943165377963,3.7085544249044062,24.12779674689468,11.666398088048462,29.22247135461308,1.0,0.001,1.0,0.001,,,,,0.007071067811865475,0.007071067811865475,24,96.0,1.0122961021783194,0.010100700505748891,False,0.4916565621853006,False,0.025694444444444464,False,False,0.1560432357011715,0.025694444444444464,True,-1.8652567326411449,0.22775885000480495,3.020163241179232,False,forward_only_adequate
670,assignment_isolation,plus_one_randomisation,True,ok,20.428086474675716,3.922005239722636,27.445547571657624,14.829984270080077,29.4954652093099,1.0,0.001,1.0,0.001,,,,,0.007071067811865475,0.007071067811865475,24,95.875,1.0210874663270615,0.006496104337403314,False,0.5246280175082388,False,0.015972222222222165,False,False,0.1871416474908074,0.015972222222222165,True,-0.7172348005695889,0.11608308409717698,3.224233906119548,False,forward_only_adequate
671,assignment_isolation,plus_one_randomisation,True,ok,15.73696561455787,3.9296979813488613,22.597413903100904,9.909102353204668,29.122657493809147,1.0,0.001,1.0,0.001,,,,,0.007071067811865475,0.007071067811865475,24,98.125,1.0199428644451494,0.025396280446476616,False,0.5069098107451587,False,0.01215277777777779,False,False,0.13795380423112266,0.01215277777777779,True,0.6805893536526889,0.1534291081108511,3.37339767447975,False,forward_only_adequate
672,assignment_isolation,plus_one_randomisation,True,ok,21.049160980923045,2.8870368577489445,25.882405632840946,16.224286043821056,29.763577255314313,1.0,0.001,1.0,0.001,,,,,0.007071067811865475,0.007071067811865475,24,96.125,1.0317115924251388,0.0027258910013139644,False,0.5049579414468945,False,0.014583333333333282,False,False,0.1914548348019296,0.014583333333333282,True,1.1560421710034796,0.13948049488599457,3.282906616276599,False,forward_only_adequate
673,assignment_isolation,plus_one_randomisation,True,ok,22.57397446412673,4.3396819766582375,29.177949422717077,14.364246677032938,29.811041435951232,1.0,0.001,1.0,0.001,,,,,0.007071067811865475,0.007071067811865475,24,95.41666666666667,1.0295424900486347,0.006159040267642397,False,0.48912825925525527,False,0.02430555555555547,False,False,0.20810563736328147,0.02430555555555547,True,0.636649676082771,0.3072531204171736,3.5058479436292878,False,forward_only_adequate
674,assignment_isolation,plus_one_randomisation,True,ok,23.176790559885944,4.082075808485384,31.039412634045007,16.539449282881286,29.142697377146447,1.0,0.001,1.0,0.001,,,,,0.007071067811865475,0.007071067811865475,24,95.79166666666667,1.0084366425588347,0.008271814768565523,False,0.5395387034958802,False,0.017708333333333326,False,False,0.21968245382507165,0.017708333333333326,True,0.8154051424465995,0.19591099737923764,3.2481429842469476,False,forward_only_adequate
675,assignment_isolation,plus_one_randomisation,True,ok,15.538304796159855,4.138975646306932,23.0886326037624,8.467119602159315,29.526044587995035,1.0,0.001,1.0,0.001,,,,,0.007071067811865475,0.007071067811865475,24,95.5,1.0201451367983865,0.002266707424572484,False,0.5107575339736108,False,0.02013888888888893,False,False,0.13586579780608768,0.02013888888888893,True,0.3218127697855105,0.15352354905826304,1.8240703908805085,False,forward_only_adequate
676,assignment_isolation,plus_one_randomisation,True,ok,18.372681774150454,2.681482269582107,22.80658195758691,14.150338210856987,28.959542000408433,1.0,0.001,1.0,0.001,,,,,0.007071067811865475,0.007071067811865475,24,95.625,1.001226693508523,0.005716527379468339,False,0.48895269859841634,False,0.015625,False,False,0.16918301244124045,0.015625,True,1.1505925562618475,0.21713468318184073,3.0746870556336345,False,forward_only_adequate
677,assignment_isolation,plus_one_randomisation,True,ok,16.160315300303402,4.575829361373653,24.768514423761637,8.486452518013227,29.49379509532608,1.0,0.001,1.0,0.001,,,,,0.007071067811865475,0.007071067811865475,24,96.33333333333333,1.023467271291459,0.008392583385059077,False,0.5278051798042074,False,0.020138888888888817,False,False,0.14176933299178315,0.020138888888888817,True,0.9317727186261959,0.1826325880963431,2.267808453787506,False,forward_only_adequate
678,assignment_isolation,plus_one_randomisation,True,ok,17.65545622149234,3.4280637132135876,24.072603643602303,12.096815510109835,30.205283525939123,1.0,0.001,1.0,0.001,,,,,0.007071067811865475,0.007071067811865475,24,95.54166666666667,1.0438409485223892,0.013926910821991153,False,0.5243790658657173,False,0.028819444444444398,False,False,0.1537426221882619,0.028819444444444398,True,0.7038932976020439,0.1468996513503331,3.62611720202501,False,forward_only_adequate
679,assignment_isolation,plus_one_randomisation,True,ok,22.06592137049476,3.9228548232530063,29.728271777710177,15.885143030663354,29.792613207666108,1.0,0.001,1.0,0.001,,,,,0.007071067811865475,0.007071067811865475,24,96.45833333333333,1.034507114179211,0.009783570493372034,False,0.5235188214859804,False,0.015625,False,False,0.20158236401930418,0.015625,True,0.1725609185368467,0.09870112475192605,2.8234099062070572,False,forward_only_adequate
680,assignment_isolation,plus_one_randomisation,True,ok,19.858685540509395,2.773518217239261,24.51159917445858,14.836438804799986,29.34097452359357,1.0,0.001,1.0,0.001,,,,,0.007071067811865475,0.007071067811865475,24,94.91666666666667,1.0106499987875768,0.009234160342785071,False,0.5079211255941009,False,0.019791666666666652,False,False,0.18326093752524156,0.019791666666666652,True,-0.6489359907682337,0.20400349941081214,2.555098861815131,False,forward_only_adequate
681,assignment_isolation,plus_one_randomisation,True,ok,24.86301684935451,3.5167859172117364,31.065238138348164,19.04240194637586,29.198321404068057,1.0,0.001,1.0,0.001,,,,,0.007071067811865475,0.007071067811865475,24,96.5,1.0140901117299221,0.0025399738846304232,False,0.5024316645794225,False,0.022222222222222143,False,False,0.23651586557536897,0.022222222222222143,True,-0.14585766029036082,0.12562022785937005,4.227936243855311,False,forward_only_adequate
682,assignment_isolation,plus_one_randomisation,True,ok,26.847256874544943,5.260904724399403,35.98811847324913,17.00860321890088,30.030055378022897,1.0,0.001,1.0,0.001,,,,,0.007071067811865475,0.007071067811865475,24,95.58333333333333,1.038011644538775,0.021463061167103774,False,0.525833807481019,False,0.019444444444444486,False,False,0.2512810041469066,0.019444444444444486,True,-0.7418316143616388,0.1269793131155699,3.830742229695294,False,forward_only_adequate
683,assignment_isolation,plus_one_randomisation,True,ok,20.991295383556253,2.3680818874187697,25.01775577143024,17.15356260231065,29.04681636348408,1.0,0.001,1.0,0.001,,,,,0.007071067811865475,0.007071067811865475,24,97.08333333333333,1.0118727146849174,0.04033861520017386,False,0.5253832188494968,False,0.02777777777777779,False,False,0.1951939315310229,0.02777777777777779,True,0.7005122486967903,0.18320520485404562,3.927196014439844,False,forward_only_adequate
684,assignment_isolation,plus_one_randomisation,True,ok,12.647978477584246,3.989913903686885,19.109133759827486,5.512175904500464,29.16087171241026,1.0,0.001,1.0,0.001,,,,,0.007071067811865475,0.007071067811865475,24,96.125,1.0108196717363387,0.01754987244075957,False,0.4883248867062912,False,0.01805555555555549,False,False,0.10761573276841095,0.01805555555555549,True,-0.6350962927500429,0.1365471685151704,2.676227006375956,False,forward_only_adequate
685,assignment_isolation,plus_one_randomisation,True,ok,21.939108259740426,3.8162171971464645,27.84800865758424,15.4120984079717,29.41256735828405,1.0,0.001,1.0,0.001,,,,,0.007071067811865475,0.007071067811865475,24,95.75,1.017553687812625,0.008544662159222536,False,0.506864848143875,False,0.014930555555555558,False,False,0.20410548703717366,0.014930555555555558,True,1.465017683374553,0.14477636110445727,3.6825005235608996,False,forward_only_adequate
686,assignment_isolation,plus_one_randomisation,True,ok,17.394762305968964,3.285995201500238,22.508453265657383,11.664893127693354,29.491697977151844,1.0,0.001,1.0,0.001,,,,,0.007071067811865475,0.007071067811865475,24,95.04166666666667,1.0165103523825734,0.00618632775199026,False,0.5413420464787126,False,0.044791666666666674,False,False,0.15586558770138767,0.044791666666666674,True,-1.2792466044007202,0.26874223098682964,1.5265142560410332,False,forward_only_adequate
687,assignment_isolation,plus_one_randomisation,True,ok,26.34515841489976,4.0274596686464825,33.03033046863419,19.22147611322958,29.627589999416788,1.0,0.001,1.0,0.001,,,,,0.007071067811865475,0.007071067811865475,24,96.20833333333333,1.0274428592946045,0.022436004131904195,False,0.5094367581885051,False,0.008333333333333304,False,False,0.24884110452647346,0.008333333333333304,True,-0.6487240576409834,0.2454285361232585,2.3612309123770605,False,forward_only_adequate
688,assignment_isolation,plus_one_randomisation,True,ok,20.057256191858578,3.5126033636067273,26.29649339060468,14.078847334224747,29.200292562228693,1.0,0.001,1.0,0.001,,,,,0.007071067811865475,0.007071067811865475,24,95.66666666666667,1.0097701545433657,0.0176161672321326,False,0.5228386876440968,False,0.029861111111111116,False,False,0.1855854053490875,0.029861111111111116,True,-0.30253234004413937,0.15686041880734522,3.480077907520037,False,forward_only_adequate
689,assignment_isolation,plus_one_randomisation,True,ok,19.28461597763398,4.398616133793228,25.751199057247042,10.86067076401389,29.113767499592747,1.0,0.001,1.0,0.001,,,,,0.007071067811865475,0.007071067811865475,24,95.83333333333333,1.0076546493815242,0.007269188982353246,False,0.5088811789795649,False,0.02430555555555558,False,False,0.1777100540176309,0.02430555555555558,True,-0.3093338310702292,0.11109665943233536,3.2467207540754375,False,forward_only_adequate
690,assignment_isolation,plus_one_randomisation,True,ok,22.99571888060123,3.8778275699089226,29.477881212230805,16.75465674979537,29.91108462869286,1.0,0.001,1.0,0.001,,,,,0.007071067811865475,0.007071067811865475,24,95.66666666666667,1.0343499293272023,0.011259858882236297,False,0.5269440144616417,False,0.038541666666666696,False,False,0.2114542897325521,0.038541666666666696,True,-0.012677730474785784,0.08668241602207509,4.383256607348862,False,forward_only_adequate
691,assignment_isolation,plus_one_randomisation,True,ok,27.99913718533145,3.5969733111830497,34.00798436602068,22.200951398721116,28.937299632684837,1.0,0.001,1.0,0.001,,,,,0.007071067811865475,0.007071067811865475,24,95.20833333333333,0.9982756757024998,0.02295637869628473,False,0.5047842301330832,False,0.04166666666666663,False,False,0.2751541402914427,0.04166666666666663,True,0.4901354993882508,0.16123104589467804,3.4859068885889584,False,forward_only_adequate
692,assignment_isolation,plus_one_randomisation,True,ok,16.495082613336283,4.219677954410372,23.36386328006526,9.275322740083878,28.1913830134027,1.0,0.001,1.0,0.001,,,,,0.007071067811865475,0.007071067811865475,24,97.29166666666667,0.9831260642997377,0.04161905630288106,False,0.5128782316899183,False,0.015625,False,False,0.1522912380342012,0.015625,True,-0.08144446043786956,0.11957657971275551,3.1314695323165362,False,forward_only_adequate
693,assignment_isolation,plus_one_randomisation,True,ok,25.400354698243813,4.382817364967664,33.53871147456893,18.393281039500188,29.01523346306605,1.0,0.001,1.0,0.001,,,,,0.007071067811865475,0.007071067811865475,24,96.375,1.007078377131104,0.03388023740336345,False,0.5179172065985815,False,0.012847222222222232,False,False,0.24424030746582412,0.012847222222222232,True,-0.1370655297337922,0.17150291837409962,3.115179643657863,False,forward_only_adequate
694,assignment_isolation,plus_one_randomisation,True,ok,16.748110664886877,3.2130908826890425,21.95348978856807,11.088717704632057,28.898835984865396,1.0,0.001,1.0,0.001,,,,,0.007071067811865475,0.007071067811865475,24,96.33333333333333,1.0028215329134336,0.004965679643136611,False,0.5346651170984871,False,0.025000000000000022,False,False,0.1514663360458556,0.025000000000000022,True,-0.26427108919257425,0.14684483319884303,2.1368383550782206,False,forward_only_adequate
695,assignment_isolation,plus_one_randomisation,True,ok,24.918236507623487,3.1767821844547157,30.867155562390817,19.801786659149496,29.571634685000426,1.0,0.001,1.0,0.001,,,,,0.007071067811865475,0.007071067811865475,24,95.08333333333333,1.019488985775625,0.029508952199487112,False,0.5308348185569616,False,0.03923611111111114,False,False,0.23568572746060434,0.03923611111111114,True,0.3560309973427375,0.14951664259703404,2.9673873740221874,False,forward_only_adequate
696,assignment_isolation,plus_one_randomisation,True,ok,18.072549246614567,3.671589441015363,24.211295133328555,11.707833764026631,29.63084496221527,1.0,0.001,1.0,0.001,,,,,0.007071067811865475,0.007071067811865475,24,96.20833333333333,1.027555736794416,0.002350626541408665,False,0.5391646686445887,False,0.015972222222222276,False,False,0.16097010509943133,0.015972222222222276,True,0.9347431163534697,0.14173739713884967,3.7845553447255784,False,forward_only_adequate
697,assignment_isolation,plus_one_randomisation,True,ok,17.478419097859287,3.024289646573289,22.441116422050847,12.144111806098874,29.372802055138294,1.0,0.001,1.0,0.001,,,,,0.007071067811865475,0.007071067811865475,24,96.08333333333333,1.017945239480411,0.0035501062267779943,False,0.5100014972269479,False,0.027430555555555514,False,False,0.15648775073791105,0.027430555555555514,True,-1.2231803430586856,0.25297071209992555,3.602901468863588,False,forward_only_adequate
698,assignment_isolation,plus_one_randomisation,True,ok,25.67131749143752,4.645796313213473,33.09508237386217,16.6251444229783,29.346654885141408,1.0,0.001,1.0,0.001,,,,,0.007071067811865475,0.007071067811865475,24,97.95833333333333,1.0269145446787717,0.03439536294096616,False,0.5108680844099914,False,0.025694444444444353,False,False,0.24179115526931094,0.025694444444444353,True,-0.4899072460128306,0.19791442603578738,3.4647848901625062,False,forward_only_adequate
699,assignment_isolation,plus_one_randomisation,True,ok,21.33232816226699,3.7407918166994243,27.587712371960183,14.786207197054125,28.95511818377161,1.0,0.001,1.0,0.001,,,,,0.007071067811865475,0.007071067811865475,24,95.16666666666667,0.998671778559381,0.03321933511173068,False,0.5232224804662831,False,0.010069444444444353,False,False,0.2019191844150302,0.010069444444444353,True,0.533531857498107,0.05859691070464345,3.1205021789758565,False,forward_only_adequate
700,assignment_isolation,plus_one_randomisation,True,ok,22.220739933262934,3.696885223309371,29.06557356205936,16.590917680344248,29.125962641427535,1.0,0.001,1.0,0.001,,,,,0.007071067811865475,0.007071067811865475,24,96.125,1.0096095990053386,0.004248656022732386,False,0.48876533450392684,False,0.007986111111111138,False,False,0.2090144708541649,0.007986111111111138,True,0.7679719329700994,0.09234401757890016,3.6017197285281326,False,forward_only_adequate
701,assignment_isolation,plus_one_randomisation,True,ok,23.582033932694443,3.5123788172335932,29.620790333633742,17.892331241951933,29.25853773287296,1.0,0.001,1.0,0.001,,,,,0.007071067811865475,0.007071067811865475,24,95.54166666666667,1.011123095508525,0.021471621495014956,False,0.5059459033487455,False,0.011458333333333348,False,False,0.2234076893040225,0.011458333333333348,True,2.6234078285693685,0.24185589088842857,5.30191100149296,False,forward_only_adequate
702,assignment_isolation,plus_one_randomisation,True,ok,20.240099027131915,4.672963000731337,27.803670299492172,12.061617548592132,29.349336597253206,1.0,0.001,1.0,0.001,,,,,0.007071067811865475,0.007071067811865475,24,94.41666666666667,1.0082718156195405,0.01203092088124919,False,0.513302345866694,False,0.020486111111111094,False,False,0.1878802000921831,0.020486111111111094,True,1.8741183054687742,0.1637349120347868,4.102116978953249,False,forward_only_adequate
703,assignment_isolation,plus_one_randomisation,True,ok,13.014103859650467,3.5123237211376024,19.013166041965306,6.427925455228488,29.011231771736245,1.0,0.001,1.0,0.001,,,,,0.007071067811865475,0.007071067811865475,24,94.41666666666667,0.9966565082287214,0.030232884512782058,False,0.5150673146851945,False,0.029166666666666674,False,False,0.11320577380967799,0.029166666666666674,True,-0.9455141255137997,0.14665960103031,1.1520415296598316,False,forward_only_adequate
704,assignment_isolation,plus_one_randomisation,True,ok,21.697830978535887,4.239614244475097,29.19138280734186,14.345520753190753,29.76645900691491,1.0,0.001,1.0,0.001,,,,,0.007071067811865475,0.007071067811865475,24,95.875,1.0304688532020687,0.013222979979705162,False,0.5285730054844741,False,0.010763888888888906,False,False,0.1985924710543775,0.010763888888888906,True,-0.9576296430879198,0.12010990933408892,4.035443777547775,False,forward_only_adequate
705,assignment_isolation,plus_one_randomisation,True,ok,21.039692505094457,3.5879646038941106,26.739017851347583,13.865929823198371,29.343277825919728,1.0,0.001,1.0,0.001,,,,,0.007071067811865475,0.007071067811865475,24,95.33333333333333,1.0129453644380457,0.024051144423500367,False,0.5063181410509694,False,0.011458333333333237,False,False,0.1954756161380491,0.011458333333333237,True,1.4697209592695792,0.19112450955652835,2.795119004665892,False,forward_only_adequate
706,assignment_isolation,plus_one_randomisation,True,ok,17.87179920296335,3.4289735634003358,23.55656295856069,11.350768173741798,29.3124488609505,1.0,0.001,1.0,0.001,,,,,0.007071067811865475,0.007071067811865475,24,95.875,1.0147517229130623,0.02084096750341365,False,0.5227591394932775,False,0.017708333333333326,False,False,0.1612290610351278,0.017708333333333326,True,0.692344837681333,0.12951797583315347,3.3024258296689877,False,forward_only_adequate
707,assignment_isolation,plus_one_randomisation,True,ok,22.160930089004477,2.935366778892479,26.867679078649726,16.917391689602233,28.34988140436407,1.0,0.001,1.0,0.001,,,,,0.007071067811865475,0.007071067811865475,24,97.375,0.9890767390165678,0.007353475582132768,False,0.4843338277049083,False,0.02187500000000009,False,False,0.21335616508082345,0.02187500000000009,True,1.0849332547621084,0.1393455122271846,2.2341211987176512,False,forward_only_adequate
708,assignment_isolation,plus_one_randomisation,True,ok,20.8539818256475,5.176456520383008,29.451756839210585,12.191229561411971,29.701306033717383,1.0,0.001,1.0,0.001,,,,,0.007071067811865475,0.007071067811865475,24,95.20833333333333,1.0246322817408302,0.027682574680146923,False,0.5180624913369534,False,0.02256944444444442,False,False,0.1909150221427406,0.02256944444444442,True,-0.6461309907076519,0.0927032008241044,3.6227742607924256,False,forward_only_adequate
709,assignment_isolation,plus_one_randomisation,True,ok,24.57284129524003,3.278380561573742,31.220097306013944,19.360498382203616,28.81996706749206,1.0,0.001,1.0,0.001,,,,,0.007071067811865475,0.007071067811865475,24,95.58333333333333,0.9961840241285073,0.008166557090674988,False,0.5411103187087284,False,0.029166666666666563,False,False,0.23815483136947668,0.029166666666666563,True,-1.5071714579643058,0.14884522455635177,5.4889689947170455,False,forward_only_adequate
710,assignment_isolation,plus_one_randomisation,True,ok,20.527336192386713,4.096715141872309,27.25970216534071,13.321308067915243,29.172985219078004,1.0,0.001,1.0,0.001,,,,,0.007071067811865475,0.007071067811865475,24,95.79166666666667,1.009484705105432,0.024442159185232477,False,0.4922898626508739,False,0.015972222222222276,False,False,0.19071689224570162,0.015972222222222276,True,-0.9825770766220184,0.23396619212352593,3.1321507702557465,False,forward_only_adequate
711,assignment_isolation,plus_one_randomisation,True,ok,21.247358976657164,4.429406427901181,29.70583612733763,14.119118849513205,29.428400974302647,1.0,0.001,1.0,0.001,,,,,0.007071067811865475,0.007071067811865475,24,95.58333333333333,1.01721500366722,0.005097602355114873,False,0.5392399361162075,False,0.03437499999999993,False,False,0.1967524283486057,0.03437499999999993,True,-0.41401658790076384,0.11364000530675829,2.8171837120923353,False,forward_only_adequate
712,assignment_isolation,plus_one_randomisation,True,ok,23.89932019698635,3.616612494807494,31.030388832861576,17.915547414125115,28.91806828750907,1.0,0.001,1.0,0.001,,,,,0.007071067811865475,0.007071067811865475,24,97.08333333333333,1.0073876563736364,0.02032569622635274,False,0.5382025107663774,False,0.00868055555555558,False,False,0.22781087920098164,0.00868055555555558,True,0.6281974943127957,0.12468939357404818,1.1430660391475147,False,forward_only_adequate
713,assignment_isolation,plus_one_randomisation,True,ok,17.420710744841028,3.564889281061639,24.000596280904496,11.496684423662522,28.893447928585914,1.0,0.001,1.0,0.001,,,,,0.007071067811865475,0.007071067811865475,24,95.41666666666667,0.9978528388683823,0.013135891374216465,False,0.5228181751023024,False,0.02777777777777768,False,False,0.15957656246842067,0.02777777777777768,True,-1.0349867581071035,0.14220316373723696,2.6822194668441455,False,forward_only_adequate
714,assignment_isolation,plus_one_randomisation,True,ok,22.49425958035127,4.241579173018109,30.199421966902488,14.703147367222765,29.76280285922953,1.0,0.001,1.0,0.001,,,,,0.007071067811865475,0.007071067811865475,24,95.16666666666667,1.0265290950529742,0.03173584465954489,False,0.5140706814816268,False,0.017013888888888884,False,False,0.20796016506772466,0.017013888888888884,True,-0.6003973278677217,0.17692568517250643,3.628236889655373,False,forward_only_adequate
715,assignment_isolation,plus_one_randomisation,True,ok,18.152157953032212,4.118733761488996,23.95463322745283,8.360552989225281,29.374866128157898,1.0,0.001,1.0,0.001,,,,,0.007071067811865475,0.007071067811865475,24,96.16666666666667,1.0184581407566062,0.02575732242223909,False,0.5128022045620317,False,0.01666666666666672,False,False,0.16350087903885405,0.01666666666666672,True,-0.4385337968922028,0.18725683625280143,1.7342008623556202,False,forward_only_adequate
716,assignment_isolation,plus_one_randomisation,True,ok,16.428566322258103,2.8189913140971905,21.218817460226802,11.658425218147883,29.820669821847545,1.0,0.001,1.0,0.001,,,,,0.007071067811865475,0.007071067811865475,24,95.79166666666667,1.0318967995591928,0.00922413865083747,False,0.48311345657029015,False,0.014236111111111116,False,False,0.14315856582057515,0.014236111111111116,True,0.0696614236272745,0.10773925324858862,3.741170471428621,False,forward_only_adequate
717,assignment_isolation,plus_one_randomisation,True,ok,20.692755445676656,4.528894149643315,27.976023959897557,12.397922439429076,29.063484025936376,1.0,0.001,1.0,0.001,,,,,0.007071067811865475,0.007071067811865475,24,95.375,1.0035059612606556,0.004094426288413562,False,0.5268524459492865,False,0.018750000000000044,False,False,0.19383515461733564,0.018750000000000044,True,-0.38541725308664393,0.12366266275703496,2.4251705178301446,False,forward_only_adequate
718,assignment_isolation,plus_one_randomisation,True,ok,16.133208161995608,4.108917601479515,22.943161467098104,9.454975481914381,29.45306955841632,1.0,0.001,1.0,0.001,,,,,0.007071067811865475,0.007071067811865475,24,96.08333333333333,1.0207269939311256,0.01031210519044739,False,0.5202322878012192,False,0.030902777777777724,False,False,0.14193718931531904,0.030902777777777724,True,-3.000051254303284,0.2522154513322567,1.6284658706417345,True,selection_limited
719,assignment_isolation,plus_one_randomisation,True,ok,21.915607763998946,4.4047147800286295,28.708777458429175,12.911763315823231,28.353169289218457,1.0,0.001,1.0,0.001,,,,,0.007071067811865475,0.007071067811865475,24,96.29166666666667,0.9836734945911029,0.011021139249463087,False,0.4959066348382459,False,0.020486111111111094,False,False,0.21197238432630547,0.020486111111111094,True,2.3655897675381983,0.2654837909898952,4.77046083275649,False,forward_only_adequate
720,assignment_isolation,plus_one_randomisation,True,ok,19.65175752878653,4.127078102676947,26.616711119776905,12.81232811717717,29.272732814715805,1.0,0.001,1.0,0.001,,,,,0.007071067811865475,0.007071067811865475,24,94.66666666666667,1.0069706627418324,0.021246751531057744,False,0.5071759367942948,False,0.021874999999999978,False,False,0.18180820818157015,0.021874999999999978,True,-0.6920448005974639,0.11435903731090274,2.767497457116115,False,forward_only_adequate
721,assignment_isolation,plus_one_randomisation,True,ok,18.39832287751288,4.015213103414608,24.49880912514532,10.808970038687477,29.481897556608743,1.0,0.001,1.0,0.001,,,,,0.007071067811865475,0.007071067811865475,24,96.20833333333333,1.0223904517238485,0.016671759422050285,False,0.5274657540370208,False,0.017013888888888884,False,False,0.1653558168453568,0.017013888888888884,True,0.7642476115319774,0.13370638417846384,2.4450967447438026,False,forward_only_adequate
722,assignment_isolation,plus_one_randomisation,True,ok,23.003709205731145,4.107637017640893,29.326874779535448,15.601523593184544,29.142912973504554,1.0,0.001,1.0,0.001,,,,,0.007071067811865475,0.007071067811865475,24,96.08333333333333,1.0099781924204028,0.004380175775157907,False,0.5298347362992935,False,0.007291666666666696,False,False,0.21741923101266716,0.007291666666666696,True,0.7507680754178123,0.061395105501876615,4.212422615010356,False,forward_only_adequate
723,assignment_isolation,plus_one_randomisation,True,ok,17.638483870393532,2.81704684170443,23.302682762914234,13.192344858006356,28.876218614293638,1.0,0.001,1.0,0.001,,,,,0.007071067811865475,0.007071067811865475,24,95.83333333333333,0.999432860884711,0.02464315928459663,False,0.5304606616953338,False,0.02083333333333326,False,False,0.1616215022841969,0.02083333333333326,True,-1.595791762262269,0.23402715052872938,2.6420166335232067,False,forward_only_adequate
724,assignment_isolation,plus_one_randomisation,True,ok,18.818071722588257,4.629897490145579,27.114582723119575,11.141628987855068,29.7271681150097,1.0,0.001,1.0,0.001,,,,,0.007071067811865475,0.007071067811865475,24,94.5,1.0217024856278225,0.00822666236904565,False,0.5373693608429961,False,0.018402777777777768,False,False,0.16991937742269522,0.018402777777777768,True,-0.9593310961704618,0.1612492861838199,3.0755451923898187,False,forward_only_adequate
725,assignment_isolation,plus_one_randomisation,True,ok,18.54915745029447,3.950980548607218,25.849815821962466,11.752242100142954,29.185813823803535,1.0,0.001,1.0,0.001,,,,,0.007071067811865475,0.007071067811865475,24,96.875,1.0156233381772821,0.00837420879754866,False,0.4926327450410993,False,0.02951388888888895,False,False,0.1682506968149957,0.02951388888888895,True,-0.2571603192494007,0.1294724766627328,2.0123819809856562,False,forward_only_adequate
726,assignment_isolation,plus_one_randomisation,True,ok,18.629969350147064,3.490630317440471,25.063818926089517,12.708238524318803,28.46790744885294,1.0,0.001,1.0,0.001,,,,,0.007071067811865475,0.007071067811865475,24,97.45833333333333,0.9936193529984817,0.010697203295964219,False,0.5168612447546785,False,0.022916666666666696,False,False,0.17350119391672714,0.022916666666666696,True,-0.7840121739038185,0.20857549318593008,3.11465770590087,False,forward_only_adequate
727,assignment_isolation,plus_one_randomisation,True,ok,16.357573725282126,3.3697769548917815,22.23765116001757,10.483744640451516,29.63163852349405,1.0,0.001,1.0,0.001,,,,,0.007071067811865475,0.007071067811865475,24,95.29166666666667,1.02267616698316,0.007328812609220719,False,0.527389556034617,False,0.030555555555555558,False,False,0.14394552186682183,0.030555555555555558,True,-1.824172801727126,0.3837336805614101,2.2073264590973176,False,forward_only_adequate
728,assignment_isolation,plus_one_randomisation,True,ok,17.762886750202846,3.678166319878626,23.613153976100797,11.683911432677789,29.38378164590793,1.0,0.001,1.0,0.001,,,,,0.007071067811865475,0.007071067811865475,24,96.16666666666667,1.018767251327254,0.021199757309464558,False,0.5150155851773123,False,0.0215277777777777,False,False,0.15933463497968692,0.0215277777777777,True,1.0677539830479092,0.17811464604233637,3.1910550499236976,False,forward_only_adequate
729,assignment_isolation,plus_one_randomisation,True,ok,25.12081841255983,4.3332586928665675,34.42584897974601,18.21659537205253,29.0151048770087,1.0,0.001,1.0,0.001,,,,,0.007071067811865475,0.007071067811865475,24,96.5,1.007726798379638,0.03485606030300886,False,0.5105426878350929,False,0.020486111111111094,False,False,0.24102022539067677,0.020486111111111094,True,0.3856406783784498,0.1623563815419596,3.4187520957540585,False,forward_only_adequate
730,assignment_isolation,plus_one_randomisation,True,ok,18.254768609235715,3.241933323508891,23.671692224939434,12.669640766041184,29.77029436899883,1.0,0.001,1.0,0.001,,,,,0.007071067811865475,0.007071067811865475,24,94.91666666666667,1.0254379227840824,0.0013029160536130182,False,0.522491692665764,False,0.030208333333333393,False,False,0.1632721351061872,0.030208333333333393,True,0.43907081520375824,0.1943190992483916,2.038858934497034,False,forward_only_adequate
731,assignment_isolation,plus_one_randomisation,True,ok,19.12418587013288,3.3363376995176552,24.982536362677585,14.066636848610894,29.206863459053665,1.0,0.001,1.0,0.001,,,,,0.007071067811865475,0.007071067811865475,24,96.41666666666667,1.013948701341991,0.020511178319996465,False,0.5044844779117479,False,0.021180555555555536,False,False,0.17470818139268227,0.021180555555555536,True,0.9196256191592755,0.1776543739734337,2.303209614207191,False,forward_only_adequate
732,assignment_isolation,plus_one_randomisation,True,ok,23.16725137145356,3.6016098023626917,29.80694329012774,17.35473862152538,29.271477588466652,1.0,0.001,1.0,0.001,,,,,0.007071067811865475,0.007071067811865475,24,97.70833333333333,1.022976023438423,0.0033685801437690534,False,0.5124372500172272,False,0.01736111111111116,False,False,0.21599958237427633,0.01736111111111116,True,0.8615960149845748,0.09640111317688255,4.830022228302761,False,forward_only_adequate
733,assignment_isolation,plus_one_randomisation,True,ok,21.11098737457411,3.19133817757179,27.51361236183052,16.769096209934915,28.528120865450564,1.0,0.001,1.0,0.001,,,,,0.007071067811865475,0.007071067811865475,24,96.16666666666667,0.9891005735701219,0.005172667975746943,False,0.5228343146902148,False,0.02013888888888893,False,False,0.20173247579131479,0.02013888888888893,True,-0.9129665099135827,0.07219747781682925,3.5918998393114134,False,forward_only_adequate
734,assignment_isolation,plus_one_randomisation,True,ok,20.69952145678298,4.23728450505547,27.576904514202717,13.649408322897735,29.25296805622239,1.0,0.001,1.0,0.001,,,,,0.007071067811865475,0.007071067811865475,24,94.29166666666667,1.0042956914971262,0.004001018026796251,False,0.5094502252875522,False,0.002777777777777768,False,False,0.19373176582479446,0.002777777777777768,True,-0.7153247982968648,0.1478032276495989,2.0033679247451155,False,forward_only_adequate
735,assignment_isolation,plus_one_randomisation,True,ok,22.02890338491517,3.6362284626728685,27.541072206121278,15.293333859256073,28.754042806419267,1.0,0.001,1.0,0.001,,,,,0.007071067811865475,0.007071067811865475,24,97.29166666666667,1.002747858221132,0.01466360672168603,False,0.5401432668300051,False,0.012152777777777679,False,False,0.20856887317632547,0.012152777777777679,True,2.2469598139130547,0.21867284667202833,3.4850852686758924,False,forward_only_adequate
736,assignment_isolation,plus_one_randomisation,True,ok,25.968493527874823,4.507946111507462,33.2898554194161,18.585373463370388,28.877654506648877,1.0,0.001,1.0,0.001,,,,,0.007071067811865475,0.007071067811865475,24,95.95833333333333,1.000134182492786,0.02054494205302834,False,0.49376232216066634,False,0.009375000000000022,False,False,0.25238643017419005,0.009375000000000022,True,-0.9060274374489963,0.1627647283438628,3.4467008430462993,False,forward_only_adequate
737,assignment_isolation,plus_one_randomisation,True,ok,17.06500786212487,3.825664271899901,23.584374727726093,10.944649620840114,29.48090219495912,1.0,0.001,1.0,0.001,,,,,0.007071067811865475,0.007071067811865475,24,96.875,1.0258919789073173,0.01364451694865607,False,0.5218746347273715,False,0.02083333333333337,False,False,0.150754360411782,0.02083333333333337,True,0.26705532436349955,0.10873899357510759,3.5376700202614146,False,forward_only_adequate
738,assignment_isolation,plus_one_randomisation,True,ok,18.458282382952785,3.2606064895352485,24.370453330589406,13.430877246215875,28.552441150566942,1.0,0.001,1.0,0.001,,,,,0.007071067811865475,0.007071067811865475,24,96.125,0.9897293015011074,0.005124116574141353,False,0.5175734607768426,False,0.01666666666666672,False,False,0.17242167167824754,0.01666666666666672,True,0.6350100074830061,0.0931827999948589,1.7720518880585365,False,forward_only_adequate
739,assignment_isolation,plus_one_randomisation,True,ok,24.85856345811975,3.0868381247193457,30.042123331826435,19.58870412023735,29.121942667215734,1.0,0.001,1.0,0.001,,,,,0.007071067811865475,0.007071067811865475,24,95.70833333333333,1.007280034456666,0.005939173856229755,False,0.5230591555504319,False,0.012847222222222232,False,False,0.23828570005404093,0.012847222222222232,True,-0.5025221331079134,0.12020720669103314,2.234457850232645,False,forward_only_adequate
740,assignment_isolation,plus_one_randomisation,True,ok,21.319661816270674,4.603123887312903,29.297745907057653,13.95918511893202,28.938009995368265,1.0,0.001,1.0,0.001,,,,,0.007071067811865475,0.007071067811865475,24,94.25,0.9932632066821095,0.052949967639695845,False,0.48446006321942975,False,0.021527777777777812,False,False,0.20305148433117648,0.021527777777777812,True,-0.18143490750842442,0.05691601409713087,2.7165685740412937,False,forward_only_adequate
741,assignment_isolation,plus_one_randomisation,True,ok,19.613175579026095,3.866856553041731,26.143963846610703,12.955198312656126,28.47703722982729,1.0,0.001,1.0,0.001,,,,,0.007071067811865475,0.007071067811865475,24,96.54166666666667,0.9892526118327081,0.007041332509594802,False,0.5347408494784454,False,0.02673611111111107,False,False,0.1851836540338785,0.02673611111111107,True,0.2573074294179549,0.18030096124428385,4.928838558048713,False,forward_only_adequate
742,assignment_isolation,plus_one_randomisation,True,ok,27.672476698851767,3.525529969712912,33.37467462905816,21.476185077942155,29.465503182622363,1.0,0.001,1.0,0.001,,,,,0.007071067811865475,0.007071067811865475,24,95.41666666666667,1.0176091158153469,0.005246834052097538,False,0.5113914274861227,False,0.03472222222222221,False,False,0.2658321387765953,0.03472222222222221,True,-0.9259126041597688,0.214205604452102,2.8316577356888977,False,forward_only_adequate
743,assignment_isolation,plus_one_randomisation,True,ok,22.10679540297183,3.4527487982835043,28.139061351091627,16.642898038854785,29.009479701628006,1.0,0.001,1.0,0.001,,,,,0.007071067811865475,0.007071067811865475,24,96.75,1.0088356781464676,0.004191548662919099,False,0.5159408898396219,False,0.014930555555555558,False,False,0.20796288210918235,0.014930555555555558,True,0.9176346913403878,0.17270356938234763,3.973597180293934,False,forward_only_adequate
744,assignment_isolation,plus_one_randomisation,True,ok,7.520708874472938,4.089963183116743,15.199201117824217,0.8756681390864474,29.009266985177415,0.989,0.008,0.989,0.008,,,,,0.007071067811865475,0.007071067811865475,24,97.33333333333333,1.011864966981458,0.011749162908733566,False,0.5231232965190435,False,0.029166666666666674,False,False,0.05796959808899489,0.029166666666666674,False,0.9801078149959102,0.13032225782836743,1.924608216776929,False,forward_only_adequate
745,assignment_isolation,plus_one_randomisation,True,ok,14.631631456618981,4.018713976191054,21.14018947899786,7.232282604513287,29.019159138615425,1.0,0.001,1.0,0.001,,,,,0.007071067811865475,0.007071067811865475,24,96.20833333333333,1.0063433387694072,0.0028217575433478717,False,0.5179690481144469,False,0.018749999999999933,False,False,0.12859217059484546,0.018749999999999933,True,-1.4455837149050106,0.1724846487984052,2.0079197135006814,False,forward_only_adequate
746,assignment_isolation,plus_one_randomisation,True,ok,26.454797368511922,3.199771890120622,32.67416356779805,21.62755792173872,29.473882159084734,1.0,0.001,1.0,0.001,,,,,0.007071067811865475,0.007071067811865475,24,96.20833333333333,1.0221124890900124,0.009480267421911989,False,0.5104905887434424,False,0.007291666666666696,False,False,0.2514820971620445,0.007291666666666696,True,-0.10003897938705623,0.07730436618840655,3.4873421845007226,False,forward_only_adequate
747,assignment_isolation,plus_one_randomisation,True,ok,24.61765043406797,3.4180284023101195,30.437921123071117,18.85098095497707,29.76827644173486,1.0,0.001,1.0,0.001,,,,,0.007071067811865475,0.007071067811865475,24,95.79166666666667,1.030083810059649,0.019537363345418078,False,0.5168594060651529,False,0.026388888888888906,False,False,0.2297265732998607,0.026388888888888906,True,0.3805556814828643,0.1836721052687332,3.037629191153098,False,forward_only_adequate
748,assignment_isolation,plus_one_randomisation,True,ok,23.138985807113936,4.133606909692312,30.57290833265032,16.679139643995285,28.79431865777741,1.0,0.001,1.0,0.001,,,,,0.007071067811865475,0.007071067811865475,24,96.54166666666667,1.0002745267444502,0.015650351890159724,False,0.5107799905841418,False,0.018402777777777768,False,False,0.22132432824194279,0.018402777777777768,True,0.2257909032238214,0.1483902592266366,4.513906498339531,False,forward_only_adequate
749,assignment_isolation,plus_one_randomisation,True,ok,23.91556893967892,4.008184983795766,30.608529087964435,16.242746002738862,29.108608855067356,1.0,0.001,1.0,0.001,,,,,0.007071067811865475,0.007071067811865475,24,95.20833333333333,1.0041854817970124,0.01434553500393025,False,0.5054342864700286,False,0.01736111111111116,False,False,0.22881826454368792,0.01736111111111116,True,-2.055370800831709,0.22675143599400788,3.466565458214772,False,forward_only_adequate
750,assignment_isolation,plus_one_randomisation,True,ok,25.17970119117263,4.891143633303512,34.19086356129866,17.680844400111823,29.259204298324324,1.0,0.001,1.0,0.001,,,,,0.007071067811865475,0.007071067811865475,24,97.41666666666667,1.0210197676444988,0.03335636007172793,False,0.5301648221820822,False,0.01666666666666672,False,False,0.23809291987648146,0.01666666666666672,True,1.4108687960030188,0.22622108897756904,3.679549566417325,False,forward_only_adequate
751,assignment_isolation,plus_one_randomisation,True,ok,24.251792598721845,4.545352651620008,32.43720900476129,16.638004496900574,29.589910264902134,1.0,0.001,1.0,0.001,,,,,0.007071067811865475,0.007071067811865475,24,94.75,1.0183293567388942,0.01772596440824705,False,0.4991115636340931,False,0.032638888888888884,False,False,0.2288115287079724,0.032638888888888884,True,0.41270579418112124,0.07804599376058187,3.6003058267864745,False,forward_only_adequate
752,assignment_isolation,plus_one_randomisation,True,ok,16.15327662005175,3.650408025348315,22.3917787801488,10.268748397100655,28.760028081880854,1.0,0.001,1.0,0.001,,,,,0.007071067811865475,0.007071067811865475,24,97.5,1.0040298395022997,0.02568229346756368,False,0.5053807628565508,False,0.02430555555555558,False,False,0.1449396358172008,0.02430555555555558,True,-0.28279366087190183,0.17255905721205672,2.2211351628674874,False,forward_only_adequate
753,assignment_isolation,plus_one_randomisation,True,ok,18.03939467399236,3.5651549721992497,23.87817681857401,11.68530177261346,28.72957737084536,1.0,0.001,1.0,0.001,,,,,0.007071067811865475,0.007071067811865475,24,95.83333333333333,0.9943574706675633,0.03546371744963786,False,0.5021230725494457,False,0.01909722222222232,False,False,0.16693375862892781,0.01909722222222232,True,2.326230507805098,0.2264822172012393,4.221066432112847,False,forward_only_adequate
754,assignment_isolation,plus_one_randomisation,True,ok,19.5164482624,3.4193445141174963,26.61215971963669,14.300260921761055,29.262370156004778,1.0,0.001,1.0,0.001,,,,,0.007071067811865475,0.007071067811865475,24,95.16666666666667,1.0092690025675342,0.0027473883093496,False,0.5045537400617265,False,0.018749999999999933,False,False,0.17986993691954806,0.018749999999999933,True,1.0568535849850722,0.12513417313954567,4.667907186472005,False,forward_only_adequate
755,assignment_isolation,plus_one_randomisation,True,ok,21.01871419213718,4.258049794571322,28.058482586373685,12.428023222152717,28.887544577574545,1.0,0.001,1.0,0.001,,,,,0.007071067811865475,0.007071067811865475,24,95.5,0.998084522531719,0.009834304479823832,False,0.5309611202365716,False,0.030555555555555558,False,False,0.19862285684866388,0.030555555555555558,True,-1.4758000918601306,0.18938566206370705,1.9137056945163784,False,forward_only_adequate
756,assignment_isolation,plus_one_randomisation,True,ok,20.820370911769547,3.673845181498126,27.379096899502134,14.36010832546143,30.017611951849734,1.0,0.001,1.0,0.001,,,,,0.007071067811865475,0.007071067811865475,24,95.70833333333333,1.038259759889048,0.009098027321049725,False,0.5144168041679795,False,0.011111111111111072,False,False,0.187652577210646,0.011111111111111072,True,1.3215551873974225,0.1424263148161322,2.600885084315289,False,forward_only_adequate
757,assignment_isolation,plus_one_randomisation,True,ok,27.837051779919147,3.6823781390268984,33.70466767370357,21.800228534813566,29.361872584878824,1.0,0.001,1.0,0.001,,,,,0.007071067811865475,0.007071067811865475,24,96.33333333333333,1.0188894144455365,0.009655344272657969,False,0.503847221908098,False,0.026736111111111183,False,False,0.2672238423919745,0.026736111111111183,True,-0.018346192453792584,0.10137670091427955,3.474165682180935,False,forward_only_adequate
758,assignment_isolation,plus_one_randomisation,True,ok,25.522512201483476,3.9479528375398334,32.46793966894749,19.225390015732955,29.213202668064582,1.0,0.001,1.0,0.001,,,,,0.007071067811865475,0.007071067811865475,24,96.08333333333333,1.0124141554527208,0.033657261243947044,False,0.520818094690214,False,0.027430555555555514,False,False,0.244105779260374,0.027430555555555514,True,-0.5081009687404542,0.13872053343420884,4.1032704900766666,False,forward_only_adequate
759,assignment_isolation,plus_one_randomisation,True,ok,21.450503233751267,3.630147651065159,27.241493768594406,14.299951641911797,29.230082019636153,1.0,0.001,1.0,0.001,,,,,0.007071067811865475,0.007071067811865475,24,97.20833333333333,1.0189122626765226,0.03657634297865989,False,0.525976467213624,False,0.012847222222222232,False,False,0.1985497071239312,0.012847222222222232,True,-0.9662872390623751,0.32801891240063336,3.268867006495951,False,forward_only_adequate
760,assignment_isolation,plus_one_randomisation,True,ok,20.57558908490159,4.451065785533543,29.508002678839127,13.603842195908951,29.11676793737771,1.0,0.001,1.0,0.001,,,,,0.007071067811865475,0.007071067811865475,24,95.625,1.006662511692502,0.0026013956856139166,False,0.51047753599031,False,0.02083333333333337,False,False,0.19186075153826732,0.02083333333333337,True,1.3135851856148557,0.20477029906469216,4.396281386804297,False,forward_only_adequate
761,assignment_isolation,plus_one_randomisation,True,ok,19.463968468094034,3.9223681879914105,25.4476489582128,11.916446183102952,29.37642357801644,1.0,0.001,1.0,0.001,,,,,0.007071067811865475,0.007071067811865475,24,95.95833333333333,1.0174083000056897,0.0567339502815627,False,0.504410820156767,False,0.023611111111111138,False,False,0.1776321018577022,0.023611111111111138,True,0.8002094814665792,0.07229188448076956,2.955550335711804,False,forward_only_adequate
762,assignment_isolation,plus_one_randomisation,True,ok,19.140585162832323,3.804107614119176,25.55611089171302,12.474141580195607,29.306084560943233,1.0,0.001,1.0,0.001,,,,,0.007071067811865475,0.007071067811865475,24,93.33333333333333,1.0009933521301135,0.00806153354475067,False,0.5558140777180236,False,0.01215277777777779,False,False,0.17753082002552462,0.01215277777777779,True,0.45564192572149864,0.06831836113806992,5.93625159730086,False,forward_only_adequate
763,assignment_isolation,plus_one_randomisation,True,ok,17.695566545038638,3.2361559921403447,23.360628555233003,12.249447857121051,29.235658653257303,1.0,0.001,1.0,0.001,,,,,0.007071067811865475,0.007071067811865475,24,95.70833333333333,1.011213283129227,0.0019971598426120865,False,0.5273719370409856,False,0.009722222222222188,False,False,0.16001849207935603,0.009722222222222188,True,0.5696696776968445,0.19042881372231604,3.5883867875050424,False,forward_only_adequate
764,assignment_isolation,plus_one_randomisation,True,ok,19.12017319080742,3.6853527310509886,25.88946130656774,13.00676311784703,29.796677645090522,1.0,0.001,1.0,0.001,,,,,0.007071067811865475,0.007071067811865475,24,96.16666666666667,1.0330827988371114,0.018362530044669874,False,0.5172320748111702,False,0.023611111111111138,False,False,0.17088684356103984,0.023611111111111138,True,-1.1111578051802158,0.0917032609023117,4.270273016913952,False,forward_only_adequate
765,assignment_isolation,plus_one_randomisation,True,ok,18.54843924884553,3.7335973867069505,24.437973152941037,12.161815684935556,29.71859096716903,1.0,0.001,1.0,0.001,,,,,0.007071067811865475,0.007071067811865475,24,97.33333333333333,1.0366067189183075,0.02007569964482121,False,0.5072939281529444,False,0.020486111111111094,False,False,0.16425721528648085,0.020486111111111094,True,1.2836467080823517,0.1941190429353599,3.6110508757681288,False,forward_only_adequate
766,assignment_isolation,plus_one_randomisation,True,ok,17.584433295723247,3.424850448185827,24.693523330242726,12.681135490834357,29.258385775181804,1.0,0.001,1.0,0.001,,,,,0.007071067811865475,0.007071067811865475,24,96.0,1.013540214201308,0.009521589783081064,False,0.5026570231238734,False,0.017708333333333326,False,False,0.1584098581048574,0.017708333333333326,True,-1.146860692635019,0.2005546887480478,0.845299724461446,False,forward_only_adequate
767,assignment_isolation,plus_one_randomisation,True,ok,27.682611801592213,4.485417544077803,34.9281700131013,19.714100973709158,29.860478585520532,1.0,0.001,1.0,0.001,,,,,0.007071067811865475,0.007071067811865475,24,95.33333333333333,1.0307994063426178,0.010915049190328055,False,0.5220935518723469,False,0.006249999999999978,False,False,0.2621349153125258,0.006249999999999978,True,-0.7970171304282971,0.11007488704395303,4.10629739883382,False,forward_only_adequate
768,assignment_isolation,plus_one_randomisation,True,ok,19.260088094719105,3.908022280260566,26.272016083021395,12.894914116156489,29.380899446609238,1.0,0.001,1.0,0.001,,,,,0.007071067811865475,0.007071067811865475,24,94.83333333333333,1.0115808549761083,0.01521159284765632,False,0.5086264419195522,False,0.010763888888888906,False,False,0.17664192233147624,0.010763888888888906,True,-0.33977171721339194,0.20185767806490462,1.30046044154556,False,forward_only_adequate
769,assignment_isolation,plus_one_randomisation,True,ok,17.19480274757898,3.9446762786851095,23.82096857937664,10.419037873735569,29.17476753849596,1.0,0.001,1.0,0.001,,,,,0.007071067811865475,0.007071067811865475,24,96.20833333333333,1.011739617687357,0.03205343022086047,False,0.5121966434594578,False,0.023958333333333304,False,False,0.15461318416674993,0.023958333333333304,True,0.7275165344790561,0.18237989382596065,2.341947075709899,False,forward_only_adequate
770,assignment_isolation,plus_one_randomisation,True,ok,13.029593007345719,3.17234271242312,18.396535257774463,7.181288121626006,29.16239824492407,1.0,0.001,1.0,0.001,,,,,0.007071067811865475,0.007071067811865475,24,95.95833333333333,1.0099958541127658,0.031594450020516536,False,0.4929041692010064,False,0.02013888888888893,False,False,0.11159046855887961,0.02013888888888893,True,0.3547489277787753,0.20274403121903073,1.4888055722127276,False,forward_only_adequate
771,assignment_isolation,plus_one_randomisation,True,ok,22.815598846533035,4.0910954004793965,30.905923338713983,16.086903131067853,29.152628502985184,1.0,0.001,1.0,0.001,,,,,0.007071067811865475,0.007071067811865475,24,95.70833333333333,1.0083414069778742,0.003969757222484131,False,0.5064768146250676,False,0.025000000000000022,False,False,0.21577978032309542,0.025000000000000022,True,1.0422300218480989,0.16926408148827415,3.840801067847002,False,forward_only_adequate
772,assignment_isolation,plus_one_randomisation,True,ok,25.101708641362052,3.3966793836879505,31.538524979941066,19.44417297970012,29.754307603407582,1.0,0.001,1.0,0.001,,,,,0.007071067811865475,0.007071067811865475,24,96.79166666666667,1.0349606527056494,0.031193767273698936,False,0.512322889576537,False,0.011458333333333348,False,False,0.23362210806388026,0.011458333333333348,True,-0.9126417128375118,0.10471556725472274,3.9227692291517857,False,forward_only_adequate
773,assignment_isolation,plus_one_randomisation,True,ok,19.99550689243586,3.399606255960211,25.83972377762419,13.677599853206932,28.79422498789941,1.0,0.001,1.0,0.001,,,,,0.007071067811865475,0.007071067811865475,24,96.125,0.9981103904306109,0.013758000252985163,False,0.5190420842035364,False,0.03402777777777777,False,False,0.18743724437002457,0.03402777777777777,True,0.16138451103779552,0.0977555148368998,2.9148829047369,False,forward_only_adequate
774,assignment_isolation,plus_one_randomisation,True,ok,21.06312894019013,2.420995724749519,25.306816497476657,17.1554128983714,28.879815841228048,1.0,0.001,1.0,0.001,,,,,0.007071067811865475,0.007071067811865475,24,97.04166666666667,1.005839182205052,0.02292259452795096,False,0.5225330420899691,False,0.027430555555555514,False,False,0.19733194165179813,0.027430555555555514,True,-0.45331903436147836,0.1841108037484179,3.0480836066757204,False,forward_only_adequate
775,assignment_isolation,plus_one_randomisation,True,ok,22.20717830706552,3.999587236456991,28.978089369521467,15.143062320627578,29.645490678083362,1.0,0.001,1.0,0.001,,,,,0.007071067811865475,0.007071067811865475,24,96.375,1.0289537280250662,0.006244196758635204,False,0.5149171076946066,False,0.025000000000000022,False,False,0.2043423000831598,0.025000000000000022,True,0.3565683124316437,0.2193337015573949,2.656402610046806,False,forward_only_adequate
776,assignment_isolation,plus_one_randomisation,True,ok,21.09041878615668,4.148716479505861,28.126219097471097,14.04218839268231,28.81560455216416,1.0,0.001,1.0,0.001,,,,,0.007071067811865475,0.007071067811865475,24,95.29166666666667,0.9945124023210737,0.01888906235010529,False,0.5408795373671577,False,0.030208333333333393,False,False,0.20023699603831313,0.030208333333333393,True,0.19826724982646474,0.2144090513361721,3.1015059140180314,False,forward_only_adequate
777,assignment_isolation,plus_one_randomisation,True,ok,23.01531156036485,3.529506448416974,28.664649083572204,16.000228338970082,28.47637236807267,1.0,0.001,1.0,0.001,,,,,0.007071067811865475,0.007071067811865475,24,95.83333333333333,0.9855938093415556,0.05397837416975313,False,0.5215199294266231,False,0.01388888888888895,False,False,0.22372690807367396,0.01388888888888895,True,-0.16318925156682815,0.2143145588308716,3.6203952090700056,False,forward_only_adequate
778,assignment_isolation,plus_one_randomisation,True,ok,23.452220048039177,3.4704076440985965,29.487765381523573,17.665088826595962,29.12746072021979,1.0,0.001,1.0,0.001,,,,,0.007071067811865475,0.007071067811865475,24,95.54166666666667,1.0065933067680928,0.009215848981236136,False,0.5084075861724955,False,0.028819444444444398,False,False,0.22314438181106644,0.028819444444444398,True,0.3880200548678708,0.08878528554124192,3.07034740365155,False,forward_only_adequate
779,assignment_isolation,plus_one_randomisation,True,ok,9.965152458042898,3.871255659355356,16.97296218799938,3.9531081960578565,29.196678570491372,0.999,0.001,0.999,0.001,,,,,0.007071067811865475,0.007071067811865475,24,94.875,1.0054589623784533,0.0016961884351562966,False,0.5063392128365316,False,0.018055555555555602,False,False,0.08157403461718148,0.018055555555555602,True,-3.1009449141109817,0.1957765478945662,-0.1086532173732271,True,selection_limited
780,assignment_isolation,plus_one_randomisation,True,ok,25.387458983401245,4.6438885390791,33.091352382223164,17.03943833468526,29.269471657164285,1.0,0.001,1.0,0.001,,,,,0.007071067811865475,0.007071067811865475,24,94.75,1.0073015422450111,0.016920147278726587,False,0.5018430417290218,False,0.022916666666666696,False,False,0.24403864978424927,0.022916666666666696,True,2.5662590545166344,0.23843712656849683,5.332697126257125,False,forward_only_adequate
781,assignment_isolation,plus_one_randomisation,True,ok,25.11077754954859,3.472833174658842,31.64416592748109,19.91635271270492,29.772668327660426,1.0,0.001,1.0,0.001,,,,,0.007071067811865475,0.007071067811865475,24,95.16666666666667,1.0268693583819537,0.04222228250322958,False,0.5088426477052096,False,0.017013888888888884,False,False,0.2358155361036398,0.017013888888888884,True,0.6148904478378738,0.16425416764968226,3.338837165114833,False,forward_only_adequate
782,assignment_isolation,plus_one_randomisation,True,ok,14.746637515847937,2.86538537854765,19.753934553404065,10.017552471110907,28.733324371624274,1.0,0.001,1.0,0.001,,,,,0.007071067811865475,0.007071067811865475,24,95.16666666666667,0.9910220352758331,0.010385955555178896,False,0.5092590641776759,False,0.031597222222222276,False,False,0.13216793519024714,0.031597222222222276,True,0.03192658883333822,0.13977551506014863,0.9351056856447346,False,forward_only_adequate
783,assignment_isolation,plus_one_randomisation,True,ok,24.046338511879252,4.245041044738807,31.235700558651416,16.560849304958737,29.868948548866115,1.0,0.001,1.0,0.001,,,,,0.007071067811865475,0.007071067811865475,24,95.0,1.0292876074281125,0.013536055256734757,False,0.49335307591080607,False,0.01041666666666674,False,False,0.2238409365817086,0.01041666666666674,True,1.3154241048507487,0.10126027824789369,3.5478830414330464,False,forward_only_adequate
784,assignment_isolation,plus_one_randomisation,True,ok,21.80840045179718,4.545604067944347,29.350217155531652,13.416324189871492,29.03434414081708,1.0,0.001,1.0,0.001,,,,,0.007071067811865475,0.007071067811865475,24,95.83333333333333,1.0049057328511948,0.02409863688299172,False,0.5013234229607954,False,0.01909722222222232,False,False,0.2056511694199748,0.01909722222222232,True,0.08159768612380242,0.10353386517212897,3.715557438363702,False,forward_only_adequate
785,assignment_isolation,plus_one_randomisation,True,ok,20.513603705759582,2.8290522789257375,25.29106252484261,15.16933134909533,29.013588987857,1.0,0.001,1.0,0.001,,,,,0.007071067811865475,0.007071067811865475,24,96.70833333333333,1.0087612945889184,0.02333005111063667,False,0.5144185456520215,False,0.018750000000000044,False,False,0.19072745446429754,0.018750000000000044,True,-0.7102037820434681,0.18079527296980516,3.6755227378591546,False,forward_only_adequate
786,assignment_isolation,plus_one_randomisation,True,ok,21.964902291495818,4.227869965701012,29.544657333941174,14.738106306966554,30.07205873946265,1.0,0.001,1.0,0.001,,,,,0.007071067811865475,0.007071067811865475,24,95.625,1.0396900592654963,0.02122137898278996,False,0.5216671793150329,False,0.01388888888888884,False,False,0.19935851985706998,0.01388888888888884,True,-1.3651760443199954,0.13915497651172576,2.2921533253569057,False,forward_only_adequate
787,assignment_isolation,plus_one_randomisation,True,ok,25.42987465877843,4.375190809069819,32.813162843001834,18.237379877828214,29.32840959942008,1.0,0.001,1.0,0.001,,,,,0.007071067811865475,0.007071067811865475,24,95.70833333333333,1.0144213856007667,0.00040615612828344405,False,0.49449358536146665,False,0.023263888888888862,False,False,0.24255731745543826,0.023263888888888862,True,0.07969632917375734,0.09818161754596187,4.35237804092481,False,forward_only_adequate
788,assignment_isolation,plus_one_randomisation,True,ok,13.059146484367494,2.98031763070136,19.151063937669402,7.889051974565531,29.107395525920833,1.0,0.001,1.0,0.001,,,,,0.007071067811865475,0.007071067811865475,24,96.41666666666667,1.01049556157686,0.018850722146163512,False,0.5290156211310107,False,0.034375000000000044,False,False,0.11182534536097606,0.034375000000000044,True,-0.8180121646459076,0.07924594565378579,1.7430954681755384,False,forward_only_adequate
789,assignment_isolation,plus_one_randomisation,True,ok,18.24603287503704,3.26761648777922,24.085447077818955,13.031460293340274,29.11078595797248,1.0,0.001,1.0,0.001,,,,,0.007071067811865475,0.007071067811865475,24,95.25,1.0044803138837957,0.01200776396034273,False,0.5177711533750758,False,0.030902777777777835,False,False,0.1671806561648156,0.030902777777777835,True,0.6497832487371981,0.13469220511453942,3.2165346711104315,False,forward_only_adequate
790,assignment_isolation,plus_one_randomisation,True,ok,21.572756811051352,3.3418619041207736,27.771244963512025,15.826877817381638,30.49123261391674,1.0,0.001,1.0,0.001,,,,,0.007071067811865475,0.007071067811865475,24,93.45833333333333,1.0421710468083418,0.025371892407519706,False,0.5008287255720304,False,0.026736111111111183,False,False,0.1947010020854073,0.026736111111111183,True,0.9592855584204661,0.13205533131226044,2.4197167692176977,False,forward_only_adequate
791,assignment_isolation,plus_one_randomisation,True,ok,21.683435916605287,3.539418518765253,27.430277770272223,15.541561135031515,29.274265295803843,1.0,0.001,1.0,0.001,,,,,0.007071067811865475,0.007071067811865475,24,95.66666666666667,1.0123281925649024,0.0032930551282076568,False,0.493656301030661,False,0.010069444444444353,False,False,0.20256066045186014,0.010069444444444353,True,0.041089226104454174,0.11888935626716116,3.2228627675102124,False,forward_only_adequate
792,assignment_isolation,plus_one_randomisation,True,ok,21.46381330306777,4.410790261960945,29.22106253770778,14.423635654095813,29.386528426994133,1.0,0.001,1.0,0.001,,,,,0.007071067811865475,0.007071067811865475,24,95.91666666666667,1.0175372786947132,0.007616774990649342,False,0.5283929968093988,False,0.016666666666666607,False,False,0.19900334962277633,0.016666666666666607,True,0.40711895862394715,0.09214207137559484,1.9783888772340292,False,forward_only_adequate
793,assignment_isolation,plus_one_randomisation,True,ok,18.287508718465254,3.675729479695043,23.928731243307073,11.412962076367371,28.830666305963742,1.0,0.001,1.0,0.001,,,,,0.007071067811865475,0.007071067811865475,24,96.41666666666667,1.0008885993779837,0.02254925982293235,False,0.5182362684669649,False,0.022222222222222254,False,False,0.1683311877840449,0.022222222222222254,True,-0.19427870295703092,0.09960801904486183,2.7287110520226068,False,forward_only_adequate
794,assignment_isolation,plus_one_randomisation,True,ok,20.374715338476605,2.82719592201327,24.840405180462724,15.269999700854388,29.411654515451588,1.0,0.001,1.0,0.001,,,,,0.007071067811865475,0.007071067811865475,24,95.125,1.0141957756309552,0.007757721083161089,False,0.5219501378408276,False,0.02013888888888893,False,False,0.18804872916223767,0.02013888888888893,True,0.6339387079526854,0.13058372739977397,4.490804586673225,False,forward_only_adequate
795,assignment_isolation,plus_one_randomisation,True,ok,17.25867967368701,3.1132165868914115,22.371479970907522,12.107037281547166,28.94916219595207,1.0,0.001,1.0,0.001,,,,,0.007071067811865475,0.007071067811865475,24,95.875,1.0021752994635156,0.014043291106042244,False,0.5252952040748684,False,0.026388888888888906,False,False,0.15703365220077617,0.026388888888888906,True,0.03308142133447094,0.2139964224447607,3.0033473613540274,False,forward_only_adequate
796,assignment_isolation,plus_one_randomisation,True,ok,22.85522719558826,3.719934087393625,29.7720341339996,16.817274448443833,28.76427536104519,1.0,0.001,1.0,0.001,,,,,0.007071067811865475,0.007071067811865475,24,96.45833333333333,0.9987995107308726,0.03523063617899757,False,0.5179975721348884,False,0.02604166666666674,False,False,0.21858400188699711,0.02604166666666674,True,0.4742108376547315,0.24621237247740815,3.7694164186609695,False,forward_only_adequate
797,assignment_isolation,plus_one_randomisation,True,ok,17.13341561559119,3.067500341278875,22.63079234126632,12.605770413309777,29.338192285818167,1.0,0.001,1.0,0.001,,,,,0.007071067811865475,0.007071067811865475,24,94.5,1.0083336517719843,0.006261989113015306,False,0.5005781915873228,False,0.004513888888888817,False,False,0.15457600985497155,0.004513888888888817,True,-0.6171859952552996,0.2331636065580767,2.547740085756508,False,forward_only_adequate
798,assignment_isolation,plus_one_randomisation,True,ok,21.569707833479594,4.111839331207259,28.84854986730332,14.348268887522668,29.673311008966316,1.0,0.001,1.0,0.001,,,,,0.007071067811865475,0.007071067811865475,24,94.79166666666667,1.021424085959021,0.008018041707862475,False,0.4958988135360706,False,0.01388888888888895,False,False,0.19925904381887183,0.01388888888888895,True,-0.5256808596314692,0.05909712384344992,2.8445833137297827,False,forward_only_adequate
799,assignment_isolation,plus_one_randomisation,True,ok,18.403743998379117,4.4481859525824055,27.010330495010315,11.452754082602688,29.5489969624109,1.0,0.001,1.0,0.001,,,,,0.007071067811865475,0.007071067811865475,24,95.41666666666667,1.0204926244016452,0.004642905995497221,False,0.5058412368195648,False,0.01909722222222232,False,False,0.16577375613002288,0.01909722222222232,True,1.5514543348732288,0.17520151935021838,2.918046490083328,False,forward_only_adequate
800,assignment_isolation,plus_one_randomisation,True,ok,23.74614586424808,4.49240075630692,31.118711009134138,15.654010459085004,29.81028927484857,1.0,0.001,1.0,0.001,,,,,0.007071067811865475,0.007071067811865475,24,96.375,1.0346736579920282,0.004469413050477314,False,0.5138675676981092,False,0.011111111111111183,False,False,0.21932592181037364,0.011111111111111183,True,-0.43321133274361795,0.1205002373655708,3.7050261389657035,False,forward_only_adequate
801,assignment_isolation,plus_one_randomisation,True,ok,26.28009165371641,4.417991836102158,34.29404087549433,18.928071605235175,28.415940892106576,1.0,0.001,1.0,0.001,,,,,0.007071067811865475,0.007071067811865475,24,96.5,0.9869171681277673,0.0008438877188442233,False,0.517394116070097,False,0.014236111111111116,False,False,0.25965124053941857,0.014236111111111116,True,0.5316518339367624,0.12025900161869192,3.8314223705881028,False,forward_only_adequate
802,assignment_isolation,plus_one_randomisation,True,ok,25.42566717099626,4.147925455409817,33.24037228377177,18.865132503213694,29.6784436914681,1.0,0.001,1.0,0.001,,,,,0.007071067811865475,0.007071067811865475,24,96.54166666666667,1.030987799045443,0.016118453622287244,False,0.5126762946039612,False,0.018402777777777768,False,False,0.23809442124261732,0.018402777777777768,True,-0.4871743585794074,0.22570962027359778,3.456506967124146,False,forward_only_adequate
803,assignment_isolation,plus_one_randomisation,True,ok,24.454363696997927,4.146760231577878,31.827709796356295,17.586518654876492,29.978895642667997,1.0,0.001,1.0,0.001,,,,,0.007071067811865475,0.007071067811865475,24,96.91666666666667,1.043445742050146,0.002293735558077527,False,0.5321797025057833,False,0.015972222222222276,False,False,0.2246530310520236,0.015972222222222276,True,-0.3981643679727058,0.10534377019409102,4.140768721276291,False,forward_only_adequate
804,assignment_isolation,plus_one_randomisation,True,ok,17.60746746707464,3.156608984563219,23.328762799377824,11.841702561451601,29.062195302744747,1.0,0.001,1.0,0.001,,,,,0.007071067811865475,0.007071067811865475,24,96.16666666666667,1.0076175076068312,0.02068866215825407,False,0.5297831436589093,False,0.030555555555555558,False,False,0.1597501195783221,0.030555555555555558,True,1.2575112278152214,0.18549820910928913,3.1369758121333735,False,forward_only_adequate
805,assignment_isolation,plus_one_randomisation,True,ok,22.27837682888175,3.241766548859933,27.81935458453744,16.57387011116442,29.26121344865479,1.0,0.001,1.0,0.001,,,,,0.007071067811865475,0.007071067811865475,24,96.91666666666667,1.0184660884159922,0.03836397219662163,False,0.5169449871113936,False,0.039583333333333304,False,False,0.20753889692127833,0.039583333333333304,True,0.6198978675680471,0.15530178518085566,3.2832417652191888,False,forward_only_adequate
806,assignment_isolation,plus_one_randomisation,True,ok,14.53718948775628,3.5175282152022977,20.70623013964368,8.749091208200468,29.805939576664013,1.0,0.001,1.0,0.001,,,,,0.007071067811865475,0.007071067811865475,24,93.91666666666667,1.0212431539814446,0.0200096193303857,False,0.5165372589277994,False,0.008333333333333304,False,False,0.12540737118363918,0.008333333333333304,True,0.13598002047423244,0.07343917599628959,3.073751782801669,False,forward_only_adequate
807,assignment_isolation,plus_one_randomisation,True,ok,27.310262713063764,4.266318034724642,34.582779866566895,19.469431019110626,29.874652913083263,1.0,0.001,1.0,0.001,,,,,0.007071067811865475,0.007071067811865475,24,95.375,1.031514055992679,0.004659097480220475,False,0.5144522464028073,False,0.012499999999999956,False,False,0.25798139803970044,0.012499999999999956,True,0.5893242661204128,0.1374079400542162,5.238829808787826,False,forward_only_adequate
808,assignment_isolation,plus_one_randomisation,True,ok,11.763730387904372,3.3874470609190492,17.973670308489357,6.353076724840519,28.53785622345726,1.0,0.001,1.0,0.001,,,,,0.007071067811865475,0.007071067811865475,24,97.75,0.9975501428371454,0.0028120027706399226,False,0.5183823960026843,False,0.009027777777777746,False,False,0.10029875549350198,0.009027777777777746,True,-0.9116611823085956,0.1767380864428288,2.126905699292524,False,forward_only_adequate
809,assignment_isolation,plus_one_randomisation,True,ok,15.907500118379545,3.6345113194518754,21.37758872662695,7.883838300782285,29.027800877096382,1.0,0.001,1.0,0.001,,,,,0.007071067811865475,0.007071067811865475,24,95.29166666666667,1.0018359299774178,0.013391660432706997,False,0.5130365213209211,False,0.023611111111111138,False,False,0.14270868684676544,0.023611111111111138,True,-1.0986768775942253,0.2464058984236251,1.12332114606545,False,forward_only_adequate
810,assignment_isolation,plus_one_randomisation,True,ok,20.65035331611108,3.939998945721911,28.433664372865067,14.543941750168576,28.727560262684893,1.0,0.001,1.0,0.001,,,,,0.007071067811865475,0.007071067811865475,24,97.125,1.0009658635445031,0.0023613476780667097,False,0.5293058065650905,False,0.021180555555555536,False,False,0.1939438740430548,0.021180555555555536,True,-1.1961761271827918,0.2435767472635372,1.6454162112824051,False,forward_only_adequate
811,assignment_isolation,plus_one_randomisation,True,ok,19.36914982389115,4.086443902624024,25.70315491103741,11.463718991074273,29.071891534181486,1.0,0.001,1.0,0.001,,,,,0.007071067811865475,0.007071067811865475,24,97.16666666666667,1.013180793250631,0.010455854984571996,False,0.5025921556392446,False,0.025347222222222188,False,False,0.17748289204903892,0.025347222222222188,True,-0.37829476304218396,0.1609654430632735,3.247783042240592,False,forward_only_adequate
812,assignment_isolation,plus_one_randomisation,True,ok,19.54945351228206,3.5921779008726924,25.15464818365905,12.575137674984862,29.936533566768176,1.0,0.001,1.0,0.001,,,,,0.007071067811865475,0.007071067811865475,24,96.0,1.0370319428026724,0.004529127754004027,False,0.5251903052154276,False,0.017708333333333326,False,False,0.17460264008114976,0.017708333333333326,True,0.6828195165627886,0.1889401970784862,3.1464117750598466,False,forward_only_adequate
813,assignment_isolation,plus_one_randomisation,True,ok,19.609600129122697,3.2405972801498595,25.64653803032185,14.638788710692129,29.446612487631086,1.0,0.001,1.0,0.001,,,,,0.007071067811865475,0.007071067811865475,24,95.5,1.0174007031289707,0.04472649675830308,False,0.5180686696466367,False,0.02847222222222212,False,False,0.17918628934281094,0.02847222222222212,True,0.2378362471915791,0.1265883680394399,2.5937473784725755,False,forward_only_adequate
814,assignment_isolation,plus_one_randomisation,True,ok,23.301866455802084,3.5939860327466158,29.62629725271058,17.64281009063829,29.35229136092203,1.0,0.001,1.0,0.001,,,,,0.007071067811865475,0.007071067811865475,24,96.54166666666667,1.0196577213325102,0.01338697039874186,False,0.506875992541633,False,0.025000000000000022,False,False,0.21825445096591276,0.025000000000000022,True,-0.3318970338234212,0.1837113379999034,4.438620872873789,False,forward_only_adequate
815,assignment_isolation,plus_one_randomisation,True,ok,21.97600559052646,4.644401932348845,28.964813155533626,13.11669720949607,29.73933316395808,1.0,0.001,1.0,0.001,,,,,0.007071067811865475,0.007071067811865475,24,95.70833333333333,1.0286345549273055,0.008733283143317661,False,0.5084242602019939,False,0.03229166666666672,False,False,0.20195799250191204,0.03229166666666672,True,0.8560405256980467,0.1864053796398004,3.436356284111032,False,forward_only_adequate
816,assignment_isolation,plus_one_randomisation,True,ok,21.054283912016288,4.420401946854297,27.831234918370754,12.073871680691658,28.676870416313914,1.0,0.001,1.0,0.001,,,,,0.007071067811865475,0.007071067811865475,24,97.45833333333333,1.0009128166611079,0.01718742080117688,False,0.518496509826179,False,0.03784722222222214,False,False,0.19836104043591388,0.03784722222222214,True,-0.44618360743840246,0.13036534202454544,2.7318315421263333,False,forward_only_adequate
817,assignment_isolation,plus_one_randomisation,True,ok,24.964309815026553,3.830955508005566,31.210534655320444,18.505222895376335,29.953324650616775,1.0,0.001,1.0,0.001,,,,,0.007071067811865475,0.007071067811865475,24,94.66666666666667,1.0303827581000544,0.020725806033928523,False,0.5309833446921661,False,0.023263888888888862,False,False,0.2333413717416482,0.023263888888888862,True,1.9195010429985455,0.2044517335887363,3.3221632821035385,False,forward_only_adequate
818,assignment_isolation,plus_one_randomisation,True,ok,22.350660250005607,3.702634300777389,29.102154964060084,16.49027798229557,28.950500365043403,1.0,0.001,1.0,0.001,,,,,0.007071067811865475,0.007071067811865475,24,96.0,1.0028747507359301,0.00443667770159402,False,0.5014500504417967,False,0.028124999999999956,False,False,0.21205168823541218,0.028124999999999956,True,-0.5024714779191561,0.1327544846062085,2.828573900767998,False,forward_only_adequate
819,assignment_isolation,plus_one_randomisation,True,ok,23.956143459806185,5.305850393813796,32.05635898009353,13.464807169768864,29.551097337654006,1.0,0.001,1.0,0.001,,,,,0.007071067811865475,0.007071067811865475,24,96.125,1.0243462817191302,0.0051792355783058346,False,0.5053146252098442,False,0.025347222222222188,False,False,0.22411122828180627,0.025347222222222188,True,-0.5671707563801227,0.14959313573772048,3.352975532060528,False,forward_only_adequate
820,assignment_isolation,plus_one_randomisation,True,ok,21.965178639002335,4.084723084703383,28.96367824452512,15.35743282110489,29.198888939865224,1.0,0.001,1.0,0.001,,,,,0.007071067811865475,0.007071067811865475,24,94.625,1.0042093923044604,0.021579828336098457,False,0.5112858540848854,False,0.030902777777777724,False,False,0.20752428199388673,0.030902777777777724,True,1.1766332557606893,0.23436094048165093,1.939426933643138,False,forward_only_adequate
821,assignment_isolation,plus_one_randomisation,True,ok,21.79468682561398,4.203463529383259,28.50729406988254,14.133658685641741,28.788582957102555,1.0,0.001,1.0,0.001,,,,,0.007071067811865475,0.007071067811865475,24,95.91666666666667,0.9968328321741637,0.0050216407876970855,False,0.481739518577799,False,0.028819444444444398,False,False,0.20742388904441444,0.028819444444444398,True,0.7357715014418212,0.12983263500809972,2.761606360523192,False,forward_only_adequate
822,assignment_isolation,plus_one_randomisation,True,ok,19.9627041115466,3.8131140093595377,25.842368271928187,12.053929008556949,29.70283886102269,1.0,0.001,1.0,0.001,,,,,0.007071067811865475,0.007071067811865475,24,96.91666666666667,1.0338373069428204,0.0007046366531624021,False,0.5403081021407192,False,0.020486111111111094,False,False,0.17956731938747375,0.020486111111111094,True,-0.27096991258807474,0.09251994333572215,2.7582723352424794,False,forward_only_adequate
823,assignment_isolation,plus_one_randomisation,True,ok,22.288151006421515,3.434869153649518,28.399753376263305,16.492775264512904,29.466062944853494,1.0,0.001,1.0,0.001,,,,,0.007071067811865475,0.007071067811865475,24,96.5,1.0233890726274488,0.00478442166820766,False,0.50786546450027,False,0.03437499999999993,False,False,0.20649182935146007,0.03437499999999993,True,-0.05840772071686796,0.13555118546903774,3.750401136738992,False,forward_only_adequate
824,assignment_isolation,plus_one_randomisation,True,ok,22.885775511207697,3.07464223787066,27.875486498035887,17.390622153587255,28.838790917583623,1.0,0.001,1.0,0.001,,,,,0.007071067811865475,0.007071067811865475,24,97.54166666666667,1.0069945982088213,0.03077576799648597,False,0.5263976972424902,False,0.013541666666666563,False,False,0.21687523266663444,0.013541666666666563,True,-0.12988835984521419,0.12279032100624367,2.017262119851143,False,forward_only_adequate
825,assignment_isolation,plus_one_randomisation,True,ok,20.805301283228662,3.6904298800681135,27.238410825899322,14.344513373810031,28.709717398751128,1.0,0.001,1.0,0.001,,,,,0.007071067811865475,0.007071067811865475,24,96.29166666666667,0.9960434318392545,0.004827189911678823,False,0.5301374105469648,False,0.020486111111111094,False,False,0.1967542846501271,0.020486111111111094,True,0.9410010774109058,0.13799382212519642,3.5826551306568932,False,forward_only_adequate
826,assignment_isolation,plus_one_randomisation,True,ok,23.90928313180214,2.939145031162213,29.506693440060385,19.08413354268129,29.5736372691581,1.0,0.001,1.0,0.001,,,,,0.007071067811865475,0.007071067811865475,24,96.125,1.025127596022373,0.016974808464968016,False,0.518737493396681,False,0.021527777777777812,False,False,0.2234144039254214,0.021527777777777812,True,0.9294231135647332,0.10433864077631824,4.127381710691356,False,forward_only_adequate
827,assignment_isolation,plus_one_randomisation,True,ok,15.373251637195082,3.279034999098536,20.218376508467017,9.52315839071424,28.93395600015432,1.0,0.001,1.0,0.001,,,,,0.007071067811865475,0.007071067811865475,24,95.91666666666667,1.0018665159245241,0.024883001272692117,False,0.5074338801649823,False,0.016666666666666607,False,False,0.13705972022299281,0.016666666666666607,True,-0.30481395091349917,0.13227527811386258,2.301620040248284,False,forward_only_adequate
828,assignment_isolation,plus_one_randomisation,True,ok,19.894767165608283,4.514537150673835,27.06659975679974,12.238910295185772,29.333332955267895,1.0,0.001,1.0,0.001,,,,,0.007071067811865475,0.007071067811865475,24,95.20833333333333,1.011937988279025,0.0033576388057990087,False,0.48325289696151275,False,0.02604166666666663,False,False,0.1833766523524908,0.02604166666666663,True,-0.46874022995086917,0.1795035768978885,1.9469635010593682,False,forward_only_adequate
829,assignment_isolation,plus_one_randomisation,True,ok,23.683808810864406,4.180491459808021,31.063895353473995,16.130168414005315,29.22662221695275,1.0,0.001,1.0,0.001,,,,,0.007071067811865475,0.007071067811865475,24,95.625,1.0104605357463745,0.02246777555458635,False,0.5041040450915192,False,0.01736111111111116,False,False,0.22468007767113196,0.01736111111111116,True,2.1440451298511625,0.1682191746321525,4.127015356996119,False,forward_only_adequate
830,assignment_isolation,plus_one_randomisation,True,ok,19.835277014764973,3.5620930960644164,27.13290498332647,14.589349670833371,29.168453594799406,1.0,0.001,1.0,0.001,,,,,0.007071067811865475,0.007071067811865475,24,95.83333333333333,1.009547386145747,0.01020145424940605,False,0.5250545448397528,False,0.00868055555555547,False,False,0.18324217431132903,0.00868055555555547,True,0.9529288452238202,0.14839086385053524,3.947580568215932,False,forward_only_adequate
831,assignment_isolation,plus_one_randomisation,True,ok,17.05803218037912,3.9712613871697395,23.4814181759606,10.713181766792182,28.53135412394277,1.0,0.001,1.0,0.001,,,,,0.007071067811865475,0.007071067811865475,24,96.5,0.9909255977750815,0.026672910875913117,False,0.5010487514539884,False,0.014236111111111116,False,False,0.15695884561038406,0.014236111111111116,True,-1.545538440385603,0.16591489448070684,1.335847047366636,False,forward_only_adequate
832,assignment_isolation,plus_one_randomisation,True,ok,19.93680666279877,4.060853944376063,28.30142281904177,13.299140894568918,29.310409074533958,1.0,0.001,1.0,0.001,,,,,0.007071067811865475,0.007071067811865475,24,94.375,1.0067122854929607,0.013622288331891344,False,0.5044335319524232,False,0.02083333333333337,False,False,0.18494025658019614,0.02083333333333337,True,0.3257055117416733,0.1674341160337046,2.5281880996500212,False,forward_only_adequate
833,assignment_isolation,plus_one_randomisation,True,ok,16.248298614372263,4.68395525579591,24.083342943772465,8.249791813419954,29.446417995874366,1.0,0.001,1.0,0.001,,,,,0.007071067811865475,0.007071067811865475,24,96.83333333333333,1.0244715919984524,0.03240788347734894,False,0.5061694565164069,False,0.023958333333333304,False,False,0.1425158944214818,0.023958333333333304,True,-0.3654347048156275,0.11932164538401796,2.1253345072618126,False,forward_only_adequate
834,assignment_isolation,plus_one_randomisation,True,ok,13.473748833385585,3.1470112078998436,19.16395641190462,8.40843649013221,29.139085974046,1.0,0.001,1.0,0.001,,,,,0.007071067811865475,0.007071067811865475,24,96.5,1.0120327994954912,0.033193236701484184,False,0.4718097259284739,False,0.004861111111111094,False,False,0.11584245735361805,0.004861111111111094,True,-1.4723326798347034,0.13180965661534777,0.8611172094052827,False,forward_only_adequate
835,assignment_isolation,plus_one_randomisation,True,ok,16.701635171321207,3.1016573578273876,21.916269171383135,11.334207772114254,28.94550862842132,1.0,0.001,1.0,0.001,,,,,0.007071067811865475,0.007071067811865475,24,96.33333333333333,1.0044411252036,0.006142455757556316,False,0.4918219695823256,False,0.028472222222222232,False,False,0.15068472078580017,0.028472222222222232,True,0.5064983514302376,0.13793408951627734,2.4747271134037687,False,forward_only_adequate
836,assignment_isolation,plus_one_randomisation,True,ok,11.710843736637983,4.018247829897886,17.93003927069951,4.321219197295758,29.483813636760072,1.0,0.001,1.0,0.001,,,,,0.007071067811865475,0.007071067811865475,24,95.54166666666667,1.0189082306154618,0.015499800627850594,False,0.5027951959140744,False,0.03194444444444444,False,False,0.09728234993524972,0.03194444444444444,True,-1.9241664637197158,0.2070885586893026,1.615319538731008,False,forward_only_adequate
837,assignment_isolation,plus_one_randomisation,True,ok,18.324223483027076,4.599746337388031,26.038538859251325,10.396685304136483,29.007738722703603,1.0,0.001,1.0,0.001,,,,,0.007071067811865475,0.007071067811865475,24,96.83333333333333,1.0092094825824636,0.040031479817834066,False,0.5121976495504831,False,0.021180555555555536,False,False,0.1670982143401883,0.021180555555555536,True,2.6396518827802438,0.18295869431017878,4.1037054760192015,False,forward_only_adequate
838,assignment_isolation,plus_one_randomisation,True,ok,18.83289481164168,2.3985692527895384,23.292278520783107,15.1063667989493,29.32949666645101,1.0,0.001,1.0,0.001,,,,,0.007071067811865475,0.007071067811865475,24,94.08333333333333,1.0058100353097512,0.01116901925244368,False,0.5108579223299737,False,0.0336805555555556,False,False,0.1732252741672424,0.0336805555555556,True,-0.38114017684224044,0.08454483804852339,4.0379579135905495,False,forward_only_adequate
839,assignment_isolation,plus_one_randomisation,True,ok,23.383243565519603,3.4447838959532673,28.974025198187817,16.8613048654471,29.172478777434073,1.0,0.001,1.0,0.001,,,,,0.007071067811865475,0.007071067811865475,24,95.04166666666667,1.0055076077646206,0.008676104939432043,False,0.5217514689215594,False,0.014236111111111116,False,False,0.22266796622342416,0.014236111111111116,True,1.245469217304773,0.2170458333310719,4.189683153709095,False,forward_only_adequate
840,assignment_isolation,plus_one_randomisation,True,ok,19.827189251607848,3.923734165319468,26.502466153786628,12.71434600608194,29.264481543579258,1.0,0.001,1.0,0.001,,,,,0.007071067811865475,0.007071067811865475,24,95.95833333333333,1.013531355807447,0.011887587003293721,False,0.5099756162876896,False,0.016319444444444442,False,False,0.18231621530298528,0.016319444444444442,True,0.7592004723071508,0.08314939879426841,3.457675896952469,False,forward_only_adequate
841,assignment_isolation,plus_one_randomisation,True,ok,15.32339960398476,3.5185577410490096,20.846779452303576,8.350449969001357,28.449688598772187,1.0,0.001,1.0,0.001,,,,,0.007071067811865475,0.007071067811865475,24,97.16666666666667,0.9914964779070743,0.016646429410647166,False,0.5119691492951196,False,0.014930555555555558,False,False,0.1382238873607233,0.014930555555555558,True,-1.2992331078951251,0.14090566088951792,1.682466835469375,False,forward_only_adequate
842,assignment_isolation,plus_one_randomisation,True,ok,22.426373332421292,3.809031556413535,29.198123670697452,16.263559613175396,28.943936981833247,1.0,0.001,1.0,0.001,,,,,0.007071067811865475,0.007071067811865475,24,95.16666666666667,0.9982861351385756,0.006019021454181733,False,0.5104514433378778,False,0.03680555555555565,False,False,0.21400478537198353,0.03680555555555565,True,0.1926832136469295,0.21076673490904124,4.1970938746073125,False,forward_only_adequate
843,assignment_isolation,plus_one_randomisation,True,ok,19.40903217867055,3.6503941851246124,25.795501240394234,12.962494459578721,29.126450364958163,1.0,0.001,1.0,0.001,,,,,0.007071067811865475,0.007071067811865475,24,95.875,1.0083127421522668,0.02502862886517191,False,0.5086612799376823,False,0.035069444444444486,False,False,0.17891292280245263,0.035069444444444486,True,-0.4791739367423825,0.12618232536720286,0.24929267098565466,False,forward_only_adequate
844,assignment_isolation,plus_one_randomisation,True,ok,16.871459492524735,4.328365154090114,24.737249950143507,10.154226032262,28.67654422039258,1.0,0.001,1.0,0.001,,,,,0.007071067811865475,0.007071067811865475,24,97.16666666666667,0.9994025943149617,0.019478401899225596,False,0.5067473404804028,False,0.028472222222222232,False,False,0.15339616707746206,0.028472222222222232,True,0.02941754957038394,0.14220459400164912,2.145497222939392,False,forward_only_adequate
845,assignment_isolation,plus_one_randomisation,True,ok,19.50108561128994,3.3029274071900283,25.25901156387156,13.675976209396394,28.856706739110102,1.0,0.001,1.0,0.001,,,,,0.007071067811865475,0.007071067811865475,24,95.66666666666667,0.9978886739393615,0.013335719388682497,False,0.4865382606700684,False,0.019444444444444486,False,False,0.18209744800373198,0.019444444444444486,True,0.3453445365123941,0.06542894488781156,3.144869733205405,False,forward_only_adequate
846,assignment_isolation,plus_one_randomisation,True,ok,18.519101016520327,3.073029953720876,24.594157904297,13.921319507153992,29.11188879668191,1.0,0.001,1.0,0.001,,,,,0.007071067811865475,0.007071067811865475,24,95.125,1.0038590186322809,0.049728089601014804,False,0.4957482884018383,False,0.013194444444444509,False,False,0.17023876661496784,0.013194444444444509,True,-0.20107229585404585,0.0933389023036202,2.9412355861120654,False,forward_only_adequate
847,assignment_isolation,plus_one_randomisation,True,ok,20.52510109348822,2.5666254289573245,24.825988944537574,16.004475893128486,29.444403831644426,1.0,0.001,1.0,0.001,,,,,0.007071067811865475,0.007071067811865475,24,95.25,1.015991943523306,0.024382240548015497,False,0.5136532215184092,False,0.028124999999999956,False,False,0.18927392940048604,0.028124999999999956,True,0.3436615536101012,0.07706984563233142,3.1049857514105,False,forward_only_adequate
848,assignment_isolation,plus_one_randomisation,True,ok,26.306138417980808,4.362189349464421,33.88210358738881,18.934825217365926,30.507771887589968,1.0,0.001,1.0,0.001,,,,,0.007071067811865475,0.007071067811865475,24,94.875,1.0506096641272342,0.0044215344076086694,False,0.5141499644314672,False,0.03402777777777777,False,False,0.2422345868101691,0.03402777777777777,True,-1.0962018979629338,0.17286923683018457,2.4873054088460895,False,forward_only_adequate
849,assignment_isolation,plus_one_randomisation,True,ok,24.09182080177493,4.717033849884633,32.114324888876645,15.853100689057639,29.344007037134745,1.0,0.001,1.0,0.001,,,,,0.007071067811865475,0.007071067811865475,24,94.41666666666667,1.0080887230566375,0.019588248215526148,False,0.5157322572128302,False,0.017013888888888884,False,False,0.22972465874640122,0.017013888888888884,True,-0.5876568344771578,0.11818031866387413,5.110503562249779,False,forward_only_adequate
850,assignment_isolation,plus_one_randomisation,True,ok,17.06352820331098,3.475506100561172,23.294590235892564,10.87793970984904,30.18997109866285,1.0,0.001,1.0,0.001,,,,,0.007071067811865475,0.007071067811865475,24,95.125,1.0410342994678812,0.03620604454972662,False,0.5270354350942956,False,0.009375000000000022,False,False,0.1481587053017365,0.009375000000000022,True,0.023627957621293143,0.12617183393614687,3.0643603493293856,False,forward_only_adequate
851,assignment_isolation,plus_one_randomisation,True,ok,15.528941314962788,3.703648941510592,21.549056988374147,8.896160350744687,28.9136138971565,1.0,0.001,1.0,0.001,,,,,0.007071067811865475,0.007071067811865475,24,95.58333333333333,0.9994209978350883,0.030656989474914388,False,0.5117596086019367,False,0.029166666666666563,False,False,0.13910267245544256,0.029166666666666563,True,0.08377153818978382,0.15621223159126202,3.909004037314659,False,forward_only_adequate
852,assignment_isolation,plus_one_randomisation,True,ok,18.259761872741265,3.9975239817171815,24.907484037194823,11.084583856048376,29.520744979289322,1.0,0.001,1.0,0.001,,,,,0.007071067811865475,0.007071067811865475,24,96.29166666666667,1.0241808977507334,0.014495005362223751,False,0.5272567429520323,False,0.030902777777777835,False,False,0.16355980508582357,0.030902777777777835,True,0.9856728912104062,0.25818935066531346,1.6035765971803675,False,forward_only_adequate
853,assignment_isolation,plus_one_randomisation,True,ok,17.93889049494162,3.887676852463275,24.091202167525292,11.168607840313003,28.426755350553933,1.0,0.001,1.0,0.001,,,,,0.007071067811865475,0.007071067811865475,24,97.16666666666667,0.9906972341910517,0.028461798518654633,False,0.5139530526338998,False,0.03402777777777777,False,False,0.16656253616771224,0.03402777777777777,True,1.2454287014023293,0.14765396829101116,2.086192408408796,False,forward_only_adequate
854,assignment_isolation,plus_one_randomisation,True,ok,24.25030361518539,4.510969415665134,32.62919686052289,17.48868749129196,29.21242051642496,1.0,0.001,1.0,0.001,,,,,0.007071067811865475,0.007071067811865475,24,95.625,1.0099695362111802,0.043595773810898755,False,0.5152460937132827,False,0.02430555555555558,False,False,0.23095786843689262,0.02430555555555558,True,-0.050992967029410814,0.12009587073352712,3.619106494918912,False,forward_only_adequate
855,assignment_isolation,plus_one_randomisation,True,ok,18.32934374314649,4.002973889419397,24.565205156426302,10.671612180349673,28.979982071883693,1.0,0.001,1.0,0.001,,,,,0.007071067811865475,0.007071067811865475,24,96.04166666666667,1.004113862765491,0.02076735292705515,False,0.5151538121728161,False,0.01041666666666663,False,False,0.1681474338329772,0.01041666666666663,True,-1.2241851950487652,0.13824431212296678,2.137732439967123,False,forward_only_adequate
856,assignment_isolation,plus_one_randomisation,True,ok,12.852008833632487,3.228555151095651,18.793513048495825,7.819707703434988,29.090191919345582,1.0,0.001,1.0,0.001,,,,,0.007071067811865475,0.007071067811865475,24,96.16666666666667,1.0085881803570103,0.03387813279408637,False,0.503503079565121,False,0.02881944444444451,False,False,0.10996885417514904,0.02881944444444451,True,-2.1213819330198684,0.16770452673091676,2.1556681207902524,False,forward_only_adequate
857,assignment_isolation,plus_one_randomisation,True,ok,24.03228818818766,3.7852843540571803,30.099040896352047,17.195197625039626,30.301395589216472,1.0,0.001,1.0,0.001,,,,,0.007071067811865475,0.007071067811865475,24,94.5,1.0414382921278913,0.02099963430652259,False,0.5406217652002068,False,0.028819444444444398,False,False,0.22070392919231915,0.028819444444444398,True,-0.23452126841835552,0.098184423496441,3.3109756222151683,False,forward_only_adequate
858,assignment_isolation,plus_one_randomisation,True,ok,16.419934659503095,3.106491741198878,21.467217448908446,10.80042536462173,28.781752119024247,1.0,0.001,1.0,0.001,,,,,0.007071067811865475,0.007071067811865475,24,96.83333333333333,1.0013471729570909,0.004102792617504431,False,0.5467519640243851,False,0.028124999999999956,False,False,0.14823229415579942,0.028124999999999956,True,-0.24372208030281176,0.21144028789277935,3.103471675516063,False,forward_only_adequate
859,assignment_isolation,plus_one_randomisation,True,ok,22.984263763084382,4.064030974980185,29.678997078049154,16.474353604920434,29.04302943180988,1.0,0.001,1.0,0.001,,,,,0.007071067811865475,0.007071067811865475,24,95.375,1.002799703637764,0.0020056894521610132,False,0.5035166885169783,False,0.021180555555555536,False,False,0.21899397486862143,0.021180555555555536,True,1.803144148458999,0.11753894584943543,4.137642854254607,False,forward_only_adequate
860,assignment_isolation,plus_one_randomisation,True,ok,16.466013140910558,3.498528405790745,23.014827358872328,10.952200360030087,28.61010905771091,1.0,0.001,1.0,0.001,,,,,0.007071067811865475,0.007071067811865475,24,95.875,0.9904378032952019,0.001071714668530087,False,0.5231591333967455,False,0.028124999999999956,False,False,0.1506547826533451,0.028124999999999956,True,-0.12295921363707607,0.06537254470467782,4.274286949994468,False,forward_only_adequate
861,assignment_isolation,plus_one_randomisation,True,ok,20.033890491894287,3.540555793139564,26.003675252185843,14.053949873236764,29.118083157197127,1.0,0.001,1.0,0.001,,,,,0.007071067811865475,0.007071067811865475,24,95.83333333333333,1.0078040183166939,0.006212445010298279,False,0.5142148544718884,False,0.015625,False,False,0.18575475062523844,0.015625,True,1.164140765021028,0.13521367906874265,3.7219170755894435,False,forward_only_adequate
862,assignment_isolation,plus_one_randomisation,True,ok,18.219889626428103,3.5274907997630374,24.299392796866954,12.40751125487252,29.27992021055975,1.0,0.001,1.0,0.001,,,,,0.007071067811865475,0.007071067811865475,24,96.79166666666667,1.0184597718153512,0.004593029922771307,False,0.49915108425317106,False,0.023263888888888973,False,False,0.1642166242559064,0.023263888888888973,True,-0.8396575388835587,0.2224905895447192,1.5309767138717005,False,forward_only_adequate
863,assignment_isolation,plus_one_randomisation,True,ok,9.729360148570294,3.9459716146146984,16.74449276901134,2.6423386598626655,28.66742733939043,1.0,0.001,1.0,0.001,,,,,0.007071067811865475,0.007071067811865475,24,95.5,0.990479320643271,0.02010026897008329,False,0.5087192509935183,False,0.0253472222222223,False,False,0.08071218649170674,0.0253472222222223,False,-0.37996020920364904,0.18875617215830753,1.5960772076669725,False,forward_only_adequate
864,assignment_isolation,plus_one_randomisation,True,ok,17.10954417468737,3.389387778114453,23.29311114759986,11.618175676157694,28.920297975104603,1.0,0.001,1.0,0.001,,,,,0.007071067811865475,0.007071067811865475,24,97.04166666666667,1.007249112124833,0.014109444513831853,False,0.5173533101796198,False,0.011805555555555514,False,False,0.15451816583438804,0.011805555555555514,True,-0.43301594822992834,0.1587181039409844,3.7504327812883047,False,forward_only_adequate
865,assignment_isolation,plus_one_randomisation,True,ok,16.60400061736021,4.117994488962671,23.465509272645228,8.911772549811564,29.218740268876047,1.0,0.001,1.0,0.001,,,,,0.007071067811865475,0.007071067811865475,24,96.08333333333333,1.0126060668125425,0.012638410151990232,False,0.4939879169627209,False,0.008333333333333304,False,False,0.14822644738621893,0.008333333333333304,True,0.7809777281720364,0.19715288973369957,2.9009683679423612,False,forward_only_adequate
866,assignment_isolation,plus_one_randomisation,True,ok,20.731722810682005,4.889093035076943,28.52714989225041,11.429067860859117,29.976426381244345,1.0,0.001,1.0,0.001,,,,,0.007071067811865475,0.007071067811865475,24,95.41666666666667,1.0352541599599143,0.02305507940531307,False,0.49077257124526813,False,0.01736111111111116,False,False,0.18735419053094626,0.01736111111111116,True,-1.52866577297223,0.09806292808748172,0.41006591928182456,False,forward_only_adequate
867,assignment_isolation,plus_one_randomisation,True,ok,24.536979402981114,3.7737509992466745,30.29821222517683,18.762292664290257,28.99804840754353,1.0,0.001,1.0,0.001,,,,,0.007071067811865475,0.007071067811865475,24,95.5,1.00190250581778,0.010420815718617554,False,0.5134905224008263,False,0.014583333333333282,False,False,0.2362177509415565,0.014583333333333282,True,1.3450205088450828,0.2507526110448533,5.4268721331630925,False,forward_only_adequate
868,assignment_isolation,plus_one_randomisation,True,ok,20.63360789638848,3.5349390365526077,26.330602245021094,14.241454065942328,29.333174094790078,1.0,0.001,1.0,0.001,,,,,0.007071067811865475,0.007071067811865475,24,95.54166666666667,1.0137023956084867,0.058414054901123016,False,0.5083156858900628,False,0.018055555555555602,False,False,0.19093736579907417,0.018055555555555602,True,-0.027969339010750105,0.05061901052121736,2.291983848966551,False,forward_only_adequate
869,assignment_isolation,plus_one_randomisation,True,ok,23.688084992856858,3.9745977997085458,30.37252480572375,17.31216768088167,28.694929838876583,1.0,0.001,1.0,0.001,,,,,0.007071067811865475,0.007071067811865475,24,95.79166666666667,0.9929423598197977,0.005317377445908236,False,0.5024872149615901,False,0.014236111111111116,False,False,0.22926328756250644,0.014236111111111116,True,1.683092056681335,0.24275350914191265,4.1519317712899655,False,forward_only_adequate
870,assignment_isolation,plus_one_randomisation,True,ok,23.251438003165372,4.039400727130126,30.32187655388752,16.901730589232187,28.916166158031643,1.0,0.001,1.0,0.001,,,,,0.007071067811865475,0.007071067811865475,24,97.29166666666667,1.0084016316641016,0.0308113517655297,False,0.5093447341534718,False,0.02951388888888884,False,False,0.2205028334080316,0.02951388888888884,True,1.9851606745689474,0.27770992019204244,4.149433960175095,False,forward_only_adequate
871,assignment_isolation,plus_one_randomisation,True,ok,16.64114100892508,3.487835442275415,21.75122400376167,9.215752345589713,29.195256580034474,1.0,0.001,1.0,0.001,,,,,0.007071067811865475,0.007071067811865475,24,95.16666666666667,1.0069542327277305,0.04022589292373323,False,0.5226089034482432,False,0.029861111111111116,False,False,0.1496008448123253,0.029861111111111116,True,2.3125536636651662,0.2378941517745612,3.381104286536039,False,forward_only_adequate
872,assignment_isolation,plus_one_randomisation,True,ok,17.66132448937736,3.902150451362998,24.56775230527679,11.028184719567154,28.87467273506681,1.0,0.001,1.0,0.001,,,,,0.007071067811865475,0.007071067811865475,24,96.04166666666667,1.000465048742274,0.02759198586577368,False,0.5248347200524647,False,0.02083333333333337,False,False,0.16167120143473346,0.02083333333333337,True,-1.8216906581240864,0.2686399986866643,0.4216521000897871,False,forward_only_adequate
873,assignment_isolation,plus_one_randomisation,True,ok,21.999482111884106,3.7483280406098745,28.02870207658011,15.609236821287542,29.07988280306184,1.0,0.001,1.0,0.001,,,,,0.007071067811865475,0.007071067811865475,24,96.25,1.008667499380878,0.01863957234937319,False,0.5216104201836745,False,0.02777777777777779,False,False,0.20683844713005764,0.02777777777777779,True,-1.3633915221345296,0.11907758835522429,3.142560989215688,False,forward_only_adequate
874,assignment_isolation,plus_one_randomisation,True,ok,21.721002669121855,3.187729013034072,27.264451983407564,16.696873430147274,28.923426488996867,1.0,0.001,1.0,0.001,,,,,0.007071067811865475,0.007071067811865475,24,95.375,0.9986700450603523,0.022216921831061356,False,0.515342212867273,False,0.036111111111111094,False,False,0.20617628328902332,0.036111111111111094,True,0.27605402681221497,0.19631709371461722,2.077485220057358,False,forward_only_adequate
875,assignment_isolation,plus_one_randomisation,True,ok,16.74607295746614,3.798321278882657,23.110315740242505,9.564031514532232,28.73109259459565,1.0,0.001,1.0,0.001,,,,,0.007071067811865475,0.007071067811865475,24,95.70833333333333,0.9937611741555175,0.029827169948064888,False,0.5084701754798455,False,0.007638888888888862,False,False,0.15307170303212417,0.007638888888888862,True,1.2962251071924822,0.23484311128482366,3.6384364665545057,False,forward_only_adequate
876,assignment_isolation,plus_one_randomisation,True,ok,17.105200009402186,4.128845052037991,24.023030649759395,9.865682221030045,29.29793125756315,1.0,0.001,1.0,0.001,,,,,0.007071067811865475,0.007071067811865475,24,96.41666666666667,1.0171102211047076,0.0004573088828391911,False,0.49912958234225907,False,0.013541666666666674,False,False,0.15271080416152838,0.013541666666666674,True,0.726518825265387,0.1860721717353995,2.884602288847575,False,forward_only_adequate
877,assignment_isolation,plus_one_randomisation,True,ok,17.57166649135199,5.6843121853101275,26.72481183914796,7.726880558743037,29.62728196541845,1.0,0.001,1.0,0.001,,,,,0.007071067811865475,0.007071067811865475,24,94.95833333333333,1.0207358282714167,0.01854970730963943,False,0.5182560711192304,False,0.028124999999999956,False,False,0.15696382231575018,0.028124999999999956,True,0.67447473678211,0.11093008581607952,2.767095268404333,False,forward_only_adequate
878,assignment_isolation,plus_one_randomisation,True,ok,18.732216623498825,4.796839919314562,26.98465275511733,10.579545621567787,29.07865619138281,1.0,0.001,1.0,0.001,,,,,0.007071067811865475,0.007071067811865475,24,95.29166666666667,1.0035910984553247,0.01231147162779357,False,0.5161455247376374,False,0.013194444444444398,False,False,0.1725878118589515,0.013194444444444398,True,0.9466028983895327,0.10839960415961347,2.976283269045373,False,forward_only_adequate
879,assignment_isolation,plus_one_randomisation,True,ok,21.082874729452094,3.4956306668246535,26.937362951752643,14.690964671764334,29.321532503912128,1.0,0.001,1.0,0.001,,,,,0.007071067811865475,0.007071067811865475,24,96.79166666666667,1.0199071953905388,0.024468702557295535,False,0.496457641591975,False,0.018402777777777768,False,False,0.1943905020408801,0.018402777777777768,True,-1.4493626521993839,0.20564174152269954,3.8299457289725543,False,forward_only_adequate
880,assignment_isolation,plus_one_randomisation,True,ok,18.857298646252026,3.6398760170219875,25.10949044807775,12.780740735068868,29.378603251069222,1.0,0.001,1.0,0.001,,,,,0.007071067811865475,0.007071067811865475,24,96.70833333333333,1.0214523222606584,0.007171889272884586,False,0.5162181766115169,False,0.031597222222222165,False,False,0.1703830324432093,0.031597222222222165,True,-0.7246353918609758,0.11802248661345102,2.7647779906126915,False,forward_only_adequate
881,assignment_isolation,plus_one_randomisation,True,ok,16.958738225700785,4.001255916695528,24.85368766760492,10.002661900700069,28.978673038182464,1.0,0.001,1.0,0.001,,,,,0.007071067811865475,0.007071067811865475,24,95.33333333333333,1.000359015640157,0.018905418399826835,False,0.5207662639333263,False,0.04618055555555556,False,False,0.15415689575996724,0.04618055555555556,True,0.5203479017725788,0.08238052040958115,2.5492647013115715,False,forward_only_adequate
882,assignment_isolation,plus_one_randomisation,True,ok,23.57689030935283,4.355948874510228,30.16200109331079,15.121772098753649,29.682092564626114,1.0,0.001,1.0,0.001,,,,,0.007071067811865475,0.007071067811865475,24,95.0,1.0228485274371526,0.00871471073078324,False,0.5193012496166245,False,0.02256944444444442,False,False,0.22042071978507372,0.02256944444444442,True,1.0892046741087598,0.2961413900275259,3.7060125192255553,False,forward_only_adequate
883,assignment_isolation,plus_one_randomisation,True,ok,13.46190301311168,3.314195120193267,19.05105819220753,7.925199571076515,28.72210069039492,1.0,0.001,1.0,0.001,,,,,0.007071067811865475,0.007071067811865475,24,96.29166666666667,0.9964730527977278,0.0008838420207823126,False,0.5157935495379026,False,0.015972222222222165,False,False,0.11786862399233114,0.015972222222222165,True,0.6797916096443479,0.12640409838987943,3.254307705505997,False,forward_only_adequate
884,assignment_isolation,plus_one_randomisation,True,ok,21.463632001013583,4.907009718517006,29.809947499981657,13.373177743120976,28.999773817219207,1.0,0.001,1.0,0.001,,,,,0.007071067811865475,0.007071067811865475,24,96.08333333333333,1.0050175549418814,0.013652136424190716,False,0.5052417357341779,False,0.022916666666666696,False,False,0.20187299450086496,0.022916666666666696,True,0.42829202362583413,0.1357473616264512,3.2099956438253145,False,forward_only_adequate
885,assignment_isolation,plus_one_randomisation,True,ok,20.66444450072896,4.527454235662095,29.073592862413733,13.81378217644118,29.028653702073356,1.0,0.001,1.0,0.001,,,,,0.007071067811865475,0.007071067811865475,24,97.58333333333333,1.0138407088316976,0.017574157095024755,False,0.4999262632612505,False,0.028819444444444398,False,False,0.19123860780817914,0.028819444444444398,True,-1.7935671778278608,0.1823184353952451,1.8374248122269792,False,forward_only_adequate
886,assignment_isolation,plus_one_randomisation,True,ok,25.6177276488896,3.778583546442206,31.742686198784703,19.09744074092196,29.49116438452013,1.0,0.001,1.0,0.001,,,,,0.007071067811865475,0.007071067811865475,24,97.29166666666667,1.028453707261748,0.00857933753520093,False,0.5393009608125472,False,0.02083333333333337,False,False,0.2408093304153158,0.02083333333333337,True,2.20144282383697,0.20228985641240527,3.577015084378032,False,forward_only_adequate
887,assignment_isolation,plus_one_randomisation,True,ok,16.245340156907776,2.9218156854766324,21.171436219954977,11.301771967538102,28.928527053127485,1.0,0.001,1.0,0.001,,,,,0.007071067811865475,0.007071067811865475,24,96.25,1.0034175598664337,0.029193104046989,False,0.4925283356356996,False,0.015625,False,False,0.14601958659835468,0.015625,True,0.24515002567253633,0.09711102693483951,2.8007651219115743,False,forward_only_adequate
888,assignment_isolation,plus_one_randomisation,True,ok,15.82649507633436,3.674749799631341,21.479296228216445,9.408846929289254,29.61296563382834,1.0,0.001,1.0,0.001,,,,,0.007071067811865475,0.007071067811865475,24,94.45833333333333,1.017553021791096,0.0339758418466009,False,0.5012739583199647,False,0.030208333333333393,False,False,0.13926711800335614,0.030208333333333393,True,-0.5267886859046738,0.1055129928542215,2.3925907751480655,False,forward_only_adequate
889,assignment_isolation,plus_one_randomisation,True,ok,21.78285117292384,3.6415409879594334,28.237485749037784,15.85451246799672,28.695255810138175,1.0,0.001,1.0,0.001,,,,,0.007071067811865475,0.007071067811865475,24,95.54166666666667,0.9916570727510144,0.02807443803235146,False,0.5022061939245628,False,0.023611111111111138,False,False,0.20854233630733285,0.023611111111111138,True,-0.9345093155953645,0.18469850766989385,1.9878161555618135,False,forward_only_adequate
890,assignment_isolation,plus_one_randomisation,True,ok,17.917331046743804,3.547786933965062,23.216117767460737,11.301712103195992,29.72661053635442,1.0,0.001,1.0,0.001,,,,,0.007071067811865475,0.007071067811865475,24,96.25,1.0310999572397455,0.003995227988518287,False,0.5124642564945251,False,0.015625,False,False,0.15870384659027403,0.015625,True,0.2685982412958554,0.16684605714834597,4.2908664590729035,False,forward_only_adequate
891,assignment_isolation,plus_one_randomisation,True,ok,21.354546944265195,3.891170831743667,27.87403474642459,14.722244393744429,28.934185108823637,1.0,0.001,1.0,0.001,,,,,0.007071067811865475,0.007071067811865475,24,95.91666666666667,1.0018744490362042,0.002131322198331006,False,0.5286482828237479,False,0.013194444444444398,False,False,0.20141517785625923,0.013194444444444398,True,1.0957086499907125,0.1419505496560711,2.8519009080857054,False,forward_only_adequate
892,assignment_isolation,plus_one_randomisation,True,ok,18.42146305652058,3.3801864183612707,24.070500856630943,12.591927781012174,28.77510925919207,1.0,0.001,1.0,0.001,,,,,0.007071067811865475,0.007071067811865475,24,96.66666666666667,1.0002541442360786,0.014202710854139787,False,0.5257434537714365,False,0.01736111111111116,False,False,0.16990246801462272,0.01736111111111116,True,-1.1430452814334604,0.096883706287042,1.6068142611922975,False,forward_only_adequate
893,assignment_isolation,plus_one_randomisation,True,ok,19.09473277896601,3.770847643749025,25.986031911672622,12.782214304109495,29.22053528608158,1.0,0.001,1.0,0.001,,,,,0.007071067811865475,0.007071067811865475,24,95.33333333333333,1.0087082274867478,0.03605367207886678,False,0.5118383994458664,False,0.018055555555555602,False,False,0.17545320600991543,0.018055555555555602,True,-0.2970958613156627,0.13254671241780017,3.9675837401078167,False,forward_only_adequate
894,assignment_isolation,plus_one_randomisation,True,ok,24.213301415191157,4.210111083083104,31.02044597863874,17.00275029046309,29.56127264141234,1.0,0.001,1.0,0.001,,,,,0.007071067811865475,0.007071067811865475,24,93.625,1.0112861252005068,0.03768369511240934,False,0.518632004463696,False,0.027083333333333348,False,False,0.23021354156925158,0.027083333333333348,True,-2.415460786994539,0.17308147593255419,2.7057036887271675,False,forward_only_adequate
895,assignment_isolation,plus_one_randomisation,True,ok,22.537537024635586,3.4655910096257454,28.926111416216752,16.667350797128353,29.678197447549234,1.0,0.001,1.0,0.001,,,,,0.007071067811865475,0.007071067811865475,24,96.70833333333333,1.0318687870978418,0.016383008563499727,False,0.5201073725387773,False,0.020486111111111094,False,False,0.20717809787183672,0.020486111111111094,True,0.3353991413009568,0.1512732484898192,3.944292018629666,False,forward_only_adequate
896,assignment_isolation,plus_one_randomisation,True,ok,16.377187253777194,4.160144243763849,23.61449250182324,9.22298464783897,29.240189138140316,1.0,0.001,1.0,0.001,,,,,0.007071067811865475,0.007071067811865475,24,95.16666666666667,1.008503971790579,0.028625725856393305,False,0.5154359847474725,False,0.03784722222222214,False,False,0.14654178374346447,0.03784722222222214,True,-0.4795108457988867,0.059128278222065976,1.8979845986776895,False,forward_only_adequate
897,assignment_isolation,plus_one_randomisation,True,ok,12.830132376656996,3.1295615902745575,18.29384061549211,7.410797633969679,29.648179917638778,1.0,0.001,1.0,0.001,,,,,0.007071067811865475,0.007071067811865475,24,96.125,1.0277115097068026,0.015970420088380254,False,0.5141619684433681,False,0.02881944444444451,False,False,0.10732546734735725,0.02881944444444451,True,-1.5681641827847352,0.20091615729721923,0.6237360479807669,False,forward_only_adequate
898,assignment_isolation,plus_one_randomisation,True,ok,21.253882260808936,3.562310666205486,28.0936071660574,15.635368619918523,29.5105245216725,1.0,0.001,1.0,0.001,,,,,0.007071067811865475,0.007071067811865475,24,95.25,1.018273466652551,0.003870136938888482,False,0.5257029373010292,False,0.010763888888888795,False,False,0.1965853253740404,0.010763888888888795,True,1.198291893173434,0.18299635305242445,3.921190820207124,False,forward_only_adequate
899,assignment_isolation,plus_one_randomisation,True,ok,23.96281115865032,3.9579401621367527,31.286675740766146,17.712653728418232,29.650680943873507,1.0,0.001,1.0,0.001,,,,,0.007071067811865475,0.007071067811865475,24,94.20833333333333,1.0174998138473423,0.001716984270196507,False,0.5401517439013692,False,0.006597222222222143,False,False,0.2259090858898115,0.006597222222222143,True,-0.7095921844777136,0.275152943913365,3.7207820458722307,False,forward_only_adequate
900,assignment_isolation,plus_one_randomisation,True,ok,17.688297941198684,2.9822193648857884,22.838620881670547,12.479886818144657,29.469937281428756,1.0,0.001,1.0,0.001,,,,,0.007071067811865475,0.007071067811865475,24,95.79166666666667,1.0197602584244172,0.010238883630309385,False,0.5288107876331638,False,0.029861111111111116,False,False,0.15836723773080863,0.029861111111111116,True,-1.1996897232059023,0.13318803197639031,1.4666931333007176,False,forward_only_adequate
901,assignment_isolation,plus_one_randomisation,True,ok,23.072307447803002,4.393507479012802,30.20575838631378,15.451875401660192,29.62450066642341,1.0,0.001,1.0,0.001,,,,,0.007071067811865475,0.007071067811865475,24,96.58333333333333,1.0293359484865177,0.0261981987207258,False,0.5281805708064846,False,0.018402777777777768,False,False,0.21345560285717494,0.018402777777777768,True,1.336395837458832,0.11491691403419389,4.133405000998301,False,forward_only_adequate
902,assignment_isolation,plus_one_randomisation,True,ok,19.43715188780188,3.8300892240066107,26.424883518884865,13.101317595163927,29.02654019369086,1.0,0.001,1.0,0.001,,,,,0.007071067811865475,0.007071067811865475,24,95.83333333333333,1.0046356309619298,0.019628586001521533,False,0.5268052988265501,False,0.01388888888888884,False,False,0.17998121858722788,0.01388888888888884,True,-0.329592114162016,0.13847888470260053,3.1869832666853037,False,forward_only_adequate
903,assignment_isolation,plus_one_randomisation,True,ok,22.866225662927093,4.130030080796882,30.11609354512262,16.22055600123722,29.250447255243973,1.0,0.001,1.0,0.001,,,,,0.007071067811865475,0.007071067811865475,24,96.41666666666667,1.0154617612297352,0.03402901939386073,False,0.5202853545185863,False,0.022916666666666585,False,False,0.21458749709964114,0.022916666666666585,True,0.881585461567107,0.22951977584510316,1.8696207688959285,False,forward_only_adequate
904,assignment_isolation,plus_one_randomisation,True,ok,18.422914718811132,3.788897218649291,25.311491078573273,12.070124392894401,28.691338283289415,1.0,0.001,1.0,0.001,,,,,0.007071067811865475,0.007071067811865475,24,95.83333333333333,0.9930339801792782,0.012645900771431885,False,0.5203126404459769,False,0.02951388888888895,False,False,0.1713653745545507,0.02951388888888895,True,0.9915453202871647,0.11360160620570295,1.990360284222146,False,forward_only_adequate
905,assignment_isolation,plus_one_randomisation,True,ok,22.745544102927642,3.3015354058690725,28.691579806773618,17.359106937976055,29.70728466284836,1.0,0.001,1.0,0.001,,,,,0.007071067811865475,0.007071067811865475,24,96.375,1.031098511246363,0.023596990250697402,False,0.4937118339715329,False,0.013194444444444398,False,False,0.2095650241107766,0.013194444444444398,True,0.23168351963837885,0.14869202911013082,3.916993628459339,False,forward_only_adequate
906,assignment_isolation,plus_one_randomisation,True,ok,19.513039970827418,5.01922495282807,28.449687799205577,11.2691295135763,29.85400865878721,1.0,0.001,1.0,0.001,,,,,0.007071067811865475,0.007071067811865475,24,95.41666666666667,1.031026389283892,0.015321116406326316,False,0.5039535176216521,False,0.01736111111111105,False,False,0.17540936193014858,0.01736111111111105,True,-0.2062722439996483,0.16742710716739684,1.66506263987345,False,forward_only_adequate
907,assignment_isolation,plus_one_randomisation,True,ok,15.43542349069257,3.794843891229378,21.639939473960748,8.287882117289683,29.55945346728485,1.0,0.001,1.0,0.001,,,,,0.007071067811865475,0.007071067811865475,24,96.625,1.02729733145474,0.006483876373283569,False,0.5178897662895553,False,0.008333333333333304,False,False,0.13369341178880687,0.008333333333333304,True,-3.2725814866893828,0.2661322968275624,2.0546159914433155,True,selection_limited
908,assignment_isolation,plus_one_randomisation,True,ok,15.569557682879521,3.374697169283691,21.420078815126274,9.849967054281207,28.98523816156214,1.0,0.001,1.0,0.001,,,,,0.007071067811865475,0.007071067811865475,24,96.29166666666667,1.0056022387868,0.03470393871587118,False,0.5129413891304777,False,0.020486111111111094,False,False,0.13851984102058976,0.020486111111111094,True,-0.12412936512272092,0.08610449974135757,1.230817279253295,False,forward_only_adequate
909,assignment_isolation,plus_one_randomisation,True,ok,20.23020953033179,3.1037327054498256,25.829449907063264,15.466446977031808,29.610920789563178,1.0,0.001,1.0,0.001,,,,,0.007071067811865475,0.007071067811865475,24,95.41666666666667,1.022631201523705,0.003859651046411492,False,0.5022853738228802,False,0.03125,False,False,0.18470785305784734,0.03125,True,-0.19061676090289498,0.277316385711495,3.330551400153682,False,forward_only_adequate
910,assignment_isolation,plus_one_randomisation,True,ok,16.204373517036174,3.8295696772370516,22.393428778619437,9.087481300870083,29.001779429915885,1.0,0.001,1.0,0.001,,,,,0.007071067811865475,0.007071067811865475,24,97.20833333333333,1.010954012401668,0.004277116000800305,False,0.5119412358616868,False,0.023611111111111027,False,False,0.1443058275315364,0.023611111111111027,True,-0.6243505010245681,0.16020139984369677,2.0985480254077653,False,forward_only_adequate
911,assignment_isolation,plus_one_randomisation,True,ok,25.42028497255907,3.161683986889216,30.61986315330508,19.852691299335262,29.610105534355007,1.0,0.001,1.0,0.001,,,,,0.007071067811865475,0.007071067811865475,24,94.08333333333333,1.0154330853928981,0.01945371283334976,False,0.5228823886595364,False,0.021874999999999978,False,False,0.2421798322497497,0.021874999999999978,True,0.9795086987281277,0.09764899460617923,4.928407366007919,False,forward_only_adequate
912,assignment_isolation,plus_one_randomisation,True,ok,22.612613305976726,4.056847916820924,29.838640365427736,16.076661364130402,28.796031860495702,1.0,0.001,1.0,0.001,,,,,0.007071067811865475,0.007071067811865475,24,98.5,1.0104289182984516,0.005212885105470826,False,0.5170864450337297,False,0.013541666666666674,False,False,0.21306638706729883,0.013541666666666674,True,1.792049841292973,0.18743114996133464,3.8877273775539125,False,forward_only_adequate
913,assignment_isolation,plus_one_randomisation,True,ok,22.13382563766837,3.8498574736554967,29.88816309181007,15.983070174003215,29.001516953423817,1.0,0.001,1.0,0.001,,,,,0.007071067811865475,0.007071067811865475,24,96.0,1.0046420171980042,0.020201065223537904,False,0.5203329794114125,False,0.019444444444444375,False,False,0.20925877808998816,0.019444444444444375,True,-1.0136440282229726,0.12403323965888116,3.1478589516227657,False,forward_only_adequate
914,assignment_isolation,plus_one_randomisation,True,ok,24.252851600612406,3.883185091717865,30.907776977887757,17.677625132794816,28.90205700055429,1.0,0.001,1.0,0.001,,,,,0.007071067811865475,0.007071067811865475,24,96.29166666666667,1.0027163849163527,0.012256471722915047,False,0.5255620838015724,False,0.013541666666666674,False,False,0.23289113494834934,0.013541666666666674,True,1.7711137657697362,0.20262406150956033,3.2970804613033358,False,forward_only_adequate
915,assignment_isolation,plus_one_randomisation,True,ok,17.43475314565603,4.435307413809589,25.018741867072404,10.27279474233188,29.068400027622555,1.0,0.001,1.0,0.001,,,,,0.007071067811865475,0.007071067811865475,24,96.41666666666667,1.0091417895460786,0.030704286930354947,False,0.5182815002833351,False,0.029166666666666674,False,False,0.1576298326431644,0.029166666666666674,True,-2.0765241329986743,0.17674704513422282,0.7201493667133587,False,forward_only_adequate
916,assignment_isolation,plus_one_randomisation,True,ok,17.388955754603,3.7417787924501527,24.26958613526901,10.962123340159568,29.04917399779232,1.0,0.001,1.0,0.001,,,,,0.007071067811865475,0.007071067811865475,24,95.29166666666667,1.0025735800784226,0.003917349474336637,False,0.5196838561515068,False,0.03229166666666661,False,False,0.15835407382241407,0.03229166666666661,True,1.3641766936882893,0.21483177061840045,3.1345796959166434,False,forward_only_adequate
917,assignment_isolation,plus_one_randomisation,True,ok,14.134778043305062,3.486934145963466,20.103327467165986,8.23990273519772,29.486799576815404,1.0,0.001,1.0,0.001,,,,,0.007071067811865475,0.007071067811865475,24,96.29166666666667,1.023003209558764,0.00997737892345611,False,0.49552954538321187,False,0.018750000000000044,False,False,0.12105608711292214,0.018750000000000044,True,0.6312496266368781,0.11252120372315381,3.350631754426718,False,forward_only_adequate
918,assignment_isolation,plus_one_randomisation,True,ok,13.961456293601188,4.092406381669095,20.95841447689638,7.344999391734407,28.978250053314266,1.0,0.001,1.0,0.001,,,,,0.007071067811865475,0.007071067811865475,24,96.91666666666667,1.0086172616432043,0.032839030422318796,False,0.5008394790786647,False,0.029861111111111116,False,False,0.12131823068808806,0.029861111111111116,True,1.308014033928998,0.14395128939226706,2.053645515979001,False,forward_only_adequate
919,assignment_isolation,plus_one_randomisation,True,ok,19.030776026671855,4.0585806355368375,26.311006424709394,12.252304202962653,29.322068855405636,1.0,0.001,1.0,0.001,,,,,0.007071067811865475,0.007071067811865475,24,96.08333333333333,1.0161870272725826,0.002223151633498208,False,0.5072659558699067,False,0.023958333333333304,False,False,0.17326341048140279,0.023958333333333304,True,0.5212369917546413,0.13774324609832583,3.075048141231502,False,forward_only_adequate
920,assignment_isolation,plus_one_randomisation,True,ok,18.753550837557516,3.1456798357599154,24.05578445354832,13.403041655827135,29.040985431046735,1.0,0.001,1.0,0.001,,,,,0.007071067811865475,0.007071067811865475,24,96.04166666666667,1.0062275396635283,0.0021866400065658595,False,0.5078809049699042,False,0.01215277777777779,False,False,0.17228815453969804,0.01215277777777779,True,0.3673815771283897,0.15251216377153493,4.89895594799846,False,forward_only_adequate
921,assignment_isolation,plus_one_randomisation,True,ok,16.956125151046844,3.676399328814411,23.716993854954932,11.367624855066062,29.286656466173582,1.0,0.001,1.0,0.001,,,,,0.007071067811865475,0.007071067811865475,24,97.08333333333333,1.0202277665006416,0.02588917677298955,False,0.4998235201839728,False,0.01909722222222221,False,False,0.15060094446087186,0.01909722222222221,True,-1.4774579095852884,0.15795608811730433,2.11963801771444,False,forward_only_adequate
922,assignment_isolation,plus_one_randomisation,True,ok,18.04112213342661,3.9281026638980268,24.289585031976344,11.464402211710873,29.820523964195143,1.0,0.001,1.0,0.001,,,,,0.007071067811865475,0.007071067811865475,24,95.25,1.0289701320664804,0.03573950654561589,False,0.5154512812539269,False,0.027430555555555625,False,False,0.16038207152103778,0.027430555555555625,True,-0.989606185528427,0.21615140295040816,2.2106103904123042,False,forward_only_adequate
923,assignment_isolation,plus_one_randomisation,True,ok,20.150663515235127,3.105558494901732,26.03857690984122,15.56112015602086,29.461367617899345,1.0,0.001,1.0,0.001,,,,,0.007071067811865475,0.007071067811865475,24,93.95833333333333,1.0096609554240155,0.03159753190050792,False,0.514389165972007,False,0.02430555555555547,False,False,0.18661537476190607,0.02430555555555547,True,1.39465894689194,0.1357796848445624,2.843335052425809,False,forward_only_adequate
924,assignment_isolation,plus_one_randomisation,True,ok,20.197717401762848,3.5668895792130817,26.455388727079832,14.599066212953764,28.563415126514315,1.0,0.001,1.0,0.001,,,,,0.007071067811865475,0.007071067811865475,24,96.25,0.9907532538750675,0.02541677050482043,False,0.5450381296929608,False,0.01736111111111105,False,False,0.19128095541990328,0.01736111111111105,True,-0.9746700313071056,0.1121779614217495,1.930367266242819,False,forward_only_adequate
925,assignment_isolation,plus_one_randomisation,True,ok,18.211922099891705,3.459157388331513,23.553593088559644,11.969199322450912,28.608246816056994,1.0,0.001,1.0,0.001,,,,,0.007071067811865475,0.007071067811865475,24,96.08333333333333,0.9914487763754729,0.005840920222887815,False,0.5082734037755193,False,0.015277777777777724,False,False,0.16938634170165667,0.015277777777777724,True,-0.8647471592547807,0.08594407872241033,2.1178985374702446,False,forward_only_adequate
926,assignment_isolation,plus_one_randomisation,True,ok,25.674126014293208,4.242366377714395,33.333218381769264,18.855543475495622,29.060379926498726,1.0,0.001,1.0,0.001,,,,,0.007071067811865475,0.007071067811865475,24,96.20833333333333,1.0077728173117397,0.013232937146838852,False,0.48538787422979857,False,0.023958333333333304,False,False,0.24702827485272838,0.023958333333333304,True,2.40783364970695,0.19870023480160945,6.260200213290364,False,forward_only_adequate
927,assignment_isolation,plus_one_randomisation,True,ok,21.00044167257859,3.8337439870430154,27.09497039966781,14.141648515556666,28.64871076205738,1.0,0.001,1.0,0.001,,,,,0.007071067811865475,0.007071067811865475,24,94.95833333333333,0.987021541252067,0.00592255299744873,False,0.5255039687065786,False,0.018750000000000044,False,False,0.20099966432302532,0.018750000000000044,True,-0.42835681022476363,0.20009644610402547,4.082505192743792,False,forward_only_adequate
928,assignment_isolation,plus_one_randomisation,True,ok,23.52104022398235,4.176598406540612,30.205692992466833,15.894140981037806,29.046999934319825,1.0,0.001,1.0,0.001,,,,,0.007071067811865475,0.007071067811865475,24,96.45833333333333,1.0086167288569627,0.006122378930210853,False,0.48896749816512936,False,0.02083333333333326,False,False,0.22338008516528982,0.02083333333333326,True,0.97771547379252,0.15845501116303823,3.364588003808691,False,forward_only_adequate
929,assignment_isolation,plus_one_randomisation,True,ok,12.851501429658706,3.1473989538992613,18.406059074090624,7.5258280333897245,29.551740317255234,1.0,0.001,1.0,0.001,,,,,0.007071067811865475,0.007071067811865475,24,95.125,1.0190263242945978,0.022816967691159453,False,0.5189087392279762,False,0.02013888888888893,False,False,0.10862731105775972,0.02013888888888893,True,-0.805633418044014,0.11450205129926568,0.7042524490607689,False,forward_only_adequate
930,assignment_isolation,plus_one_randomisation,True,ok,15.5564398844945,3.3008663284613817,20.880709397340503,9.83264428070299,29.29182059375131,1.0,0.001,1.0,0.001,,,,,0.007071067811865475,0.007071067811865475,24,95.70833333333333,1.0131558321549705,0.03487928174250748,False,0.49351585094188555,False,0.03715277777777781,False,False,0.1371634948834462,0.03715277777777781,True,-1.9057317440009882,0.15397330362776046,1.9013275732003483,False,forward_only_adequate
931,assignment_isolation,plus_one_randomisation,True,ok,21.316777798765727,3.761033469082565,27.52881785919465,14.632102217635577,29.030848800948217,1.0,0.001,1.0,0.001,,,,,0.007071067811865475,0.007071067811865475,24,96.54166666666667,1.0084912544897018,0.000965430189234495,False,0.5208432071300919,False,0.02673611111111107,False,False,0.1994776204304068,0.02673611111111107,True,-0.44146117887738917,0.10470933646009901,3.542053311761826,False,forward_only_adequate
932,assignment_isolation,plus_one_randomisation,True,ok,20.58105271941075,3.666230400868789,27.02626486454932,14.565028670439178,29.39894808820929,1.0,0.001,1.0,0.001,,,,,0.007071067811865475,0.007071067811865475,24,95.0,1.0130913342701162,0.03395224063083502,False,0.5369398507347591,False,0.02256944444444453,False,False,0.19050581926093813,0.02256944444444453,True,-0.07779288160678925,0.1554695650723076,1.4354714407570457,False,forward_only_adequate
933,assignment_isolation,plus_one_randomisation,True,ok,15.141795416750051,4.0308991173361655,21.901466425649147,8.508273152180783,29.25691279045948,1.0,0.001,1.0,0.001,,,,,0.007071067811865475,0.007071067811865475,24,95.125,1.0088598499108161,0.05024893204880583,False,0.5119811079083246,False,0.013194444444444509,False,False,0.13352024479441002,0.013194444444444509,True,0.9125513322277071,0.22044008377617313,1.4865545341258315,False,forward_only_adequate
934,assignment_isolation,plus_one_randomisation,True,ok,19.32638704476076,4.071617513311834,25.853922256289202,12.621499876499911,29.220020273956102,1.0,0.001,1.0,0.001,,,,,0.007071067811865475,0.007071067811865475,24,96.66666666666667,1.0157197357765118,0.006961596392316185,False,0.5177117356449401,False,0.03298611111111105,False,False,0.17650850421762937,0.03298611111111105,True,-3.266983324441852,0.35583157452437536,1.1301449074202485,True,selection_limited
935,assignment_isolation,plus_one_randomisation,True,ok,16.742029978799955,4.924147664824978,24.85784193723902,9.24366210134031,29.194571847035032,1.0,0.001,1.0,0.001,,,,,0.007071067811865475,0.007071067811865475,24,96.66666666666667,1.0148351207342958,0.012912809663444295,False,0.5338184007222759,False,0.02083333333333337,False,False,0.1492923730020028,0.02083333333333337,True,-1.8500806464709432,0.17298898178556943,1.5848085869310558,False,forward_only_adequate
936,assignment_isolation,plus_one_randomisation,True,ok,21.830669481075734,3.384460644608949,27.493595254133428,15.353997497273216,28.787121794613796,1.0,0.001,1.0,0.001,,,,,0.007071067811865475,0.007071067811865475,24,95.83333333333333,0.9963491368494498,0.019121960509958,False,0.5005382626225504,False,0.015625,False,False,0.20793534988913925,0.015625,True,-1.039722387410019,0.1750905509322071,2.4603856152750376,False,forward_only_adequate
937,assignment_isolation,plus_one_randomisation,True,ok,23.918394647383398,3.1396924552162724,29.431908088150585,18.7278697867271,29.621329585411658,1.0,0.001,1.0,0.001,,,,,0.007071067811865475,0.007071067811865475,24,95.5,1.0234372989582965,0.02184887153766202,False,0.5502575518032822,False,0.02499999999999991,False,False,0.2239345083019484,0.02499999999999991,True,0.2299495628997962,0.19237370779611718,3.7377492305781637,False,forward_only_adequate
938,assignment_isolation,plus_one_randomisation,True,ok,21.568442297898486,4.128037672906658,28.88770031145056,14.746296918641464,29.105303351657493,1.0,0.001,1.0,0.001,,,,,0.007071067811865475,0.007071067811865475,24,98.5,1.0212809988833416,0.024851697010982568,False,0.5116611991967692,False,0.017708333333333326,False,False,0.19927782924557544,0.017708333333333326,True,0.26327859317203345,0.04534747050617685,2.748280831761771,False,forward_only_adequate
939,assignment_isolation,plus_one_randomisation,True,ok,17.23095547598383,4.629220796374154,25.210477279193945,8.79526601922936,29.2353537919931,1.0,0.001,1.0,0.001,,,,,0.007071067811865475,0.007071067811865475,24,95.91666666666667,1.0123027091507546,0.021430351547279822,False,0.4966355978092596,False,0.011111111111111183,False,False,0.15489430768272544,0.011111111111111183,True,-1.558091475276407,0.13954671635781246,1.7082053441390483,False,forward_only_adequate
940,assignment_isolation,plus_one_randomisation,True,ok,21.360178504218652,4.464047020924434,29.45711040207835,13.954544111425518,29.62832959471528,1.0,0.001,1.0,0.001,,,,,0.007071067811865475,0.007071067811865475,24,94.58333333333333,1.0187543624857758,0.00765715479645244,False,0.5151272872525996,False,0.02256944444444442,False,False,0.1976170070392813,0.02256944444444442,True,1.1802910490374217,0.14215491994279533,2.4992293792747513,False,forward_only_adequate
941,assignment_isolation,plus_one_randomisation,True,ok,13.705408876593859,3.7676260506819634,20.52221621991684,7.808165191199848,30.057008581262867,1.0,0.001,1.0,0.001,,,,,0.007071067811865475,0.007071067811865475,24,95.41666666666667,1.0380371153638344,0.021614633549982307,False,0.5035180762901552,False,0.02777777777777779,False,False,0.11470387591096909,0.02777777777777779,True,-1.401231826688604,0.17316297918997262,1.6284427902494587,False,forward_only_adequate
942,assignment_isolation,plus_one_randomisation,True,ok,23.871173396513814,3.193448270758434,29.97174133439302,18.5061578254672,29.318750463497615,1.0,0.001,1.0,0.001,,,,,0.007071067811865475,0.007071067811865475,24,95.20833333333333,1.0114349231343782,0.035458335512855974,False,0.5253657712472702,False,0.02777777777777779,False,False,0.22646428199691837,0.02777777777777779,True,0.9389023889528597,0.20160670887699647,5.054558314015384,False,forward_only_adequate
943,assignment_isolation,plus_one_randomisation,True,ok,12.342996892578926,3.5768987521307936,18.554719162193955,6.63943342195747,29.3373011224783,1.0,0.001,1.0,0.001,,,,,0.007071067811865475,0.007071067811865475,24,94.75,1.0096358763191193,0.022657750329068135,False,0.5121681439538031,False,0.010763888888888906,False,False,0.10468570803999544,0.010763888888888906,True,1.6806804878658326,0.12673043607996864,2.6222313788515064,False,forward_only_adequate
944,assignment_isolation,plus_one_randomisation,True,ok,20.931991168837236,4.396179234369258,27.604785930854295,13.839361769568706,28.774708729738347,1.0,0.001,1.0,0.001,,,,,0.007071067811865475,0.007071067811865475,24,98.08333333333333,1.0075429096220432,5.1469512448370045e-05,False,0.5156545705512713,False,0.009027777777777746,False,False,0.1955244912073691,0.009027777777777746,True,-0.6129574147332386,0.1667164381425978,4.79308489514446,False,forward_only_adequate
945,assignment_isolation,plus_one_randomisation,True,ok,17.99801791191142,4.034976718361182,25.667465845357093,11.488003496615573,28.649520280868167,1.0,0.001,1.0,0.001,,,,,0.007071067811865475,0.007071067811865475,24,96.16666666666667,0.9933096216173787,0.01715621621290127,False,0.49707053178349264,False,0.02187500000000009,False,False,0.16669090493767122,0.02187500000000009,True,-1.2101893218454665,0.11559182358052585,3.3255034750968546,False,forward_only_adequate
946,assignment_isolation,plus_one_randomisation,True,ok,19.948238420568142,3.697468611301617,25.910635557634777,12.974715183511506,28.950011222269683,1.0,0.001,1.0,0.001,,,,,0.007071067811865475,0.007071067811865475,24,96.375,1.0048146039135744,0.016959949330838,False,0.5199419855526665,False,0.023263888888888862,False,False,0.18547081410047417,0.023263888888888862,True,0.2972314246604708,0.2628623492590011,1.6773627590510052,False,forward_only_adequate
947,assignment_isolation,plus_one_randomisation,True,ok,16.815108588561476,3.425312019904252,24.3507436882077,11.427773688750289,29.012393319904728,1.0,0.001,1.0,0.001,,,,,0.007071067811865475,0.007071067811865475,24,96.04166666666667,1.0052368649594443,0.013814946009989375,False,0.5063975492695902,False,0.02430555555555558,False,False,0.15174962949169118,0.02430555555555558,True,-2.942473500045224,0.20841442026328938,3.204416369383791,False,forward_only_adequate
948,assignment_isolation,plus_one_randomisation,True,ok,20.03223042796318,4.753543395850179,28.49264488048694,12.115145476719377,29.735340730191652,1.0,0.001,1.0,0.001,,,,,0.007071067811865475,0.007071067811865475,24,95.79166666666667,1.0289441222010034,0.01940004239571609,False,0.5465316167515668,False,0.021180555555555536,False,False,0.1812977813825345,0.021180555555555536,True,0.6023609373720076,0.26109532385159323,0.8956287650972022,False,forward_only_adequate
949,assignment_isolation,plus_one_randomisation,True,ok,16.3388051966436,2.8398174186934426,20.68891247084887,10.668291467907597,28.68481778888593,1.0,0.001,1.0,0.001,,,,,0.007071067811865475,0.007071067811865475,24,97.125,0.9994765704473868,0.011719403440339903,False,0.5165263903714916,False,0.037847222222222254,False,False,0.14769449144045046,0.037847222222222254,True,0.11924316377101227,0.20040241049005988,3.8848545930316543,False,forward_only_adequate
950,assignment_isolation,plus_one_randomisation,True,ok,15.984731497189353,3.505138730694391,22.098690802749562,9.958415244649089,28.214397916866957,1.0,0.001,1.0,0.001,,,,,0.007071067811865475,0.007071067811865475,24,96.29166666666667,0.9788590162025401,0.006332427573847912,False,0.5021540786114164,False,0.026388888888888906,False,False,0.14750918578136263,0.026388888888888906,True,-0.8889364430026386,0.08517740698296473,2.830254102686481,False,forward_only_adequate
951,assignment_isolation,plus_one_randomisation,True,ok,28.78112344607823,2.968526298818211,33.272234518087735,23.442627322966434,29.164289925024164,1.0,0.001,1.0,0.001,,,,,0.007071067811865475,0.007071067811865475,24,96.70833333333333,1.014000952203705,0.028410898847943795,False,0.509886278337032,False,0.012499999999999956,False,False,0.27881834242154985,0.012499999999999956,True,-0.12352097136898972,0.26346009805638243,4.779893414814059,False,forward_only_adequate
952,assignment_isolation,plus_one_randomisation,True,ok,24.62702146807986,3.8601335227684213,31.043558577379084,17.926466919716333,28.67794360484381,1.0,0.001,1.0,0.001,,,,,0.007071067811865475,0.007071067811865475,24,94.08333333333333,0.9834660239087327,0.044811749793123946,False,0.5300429995768164,False,0.03229166666666661,False,False,0.24225786814398004,0.03229166666666661,True,1.1319201443388147,0.1513400279755663,3.6350757668089484,False,forward_only_adequate
953,assignment_isolation,plus_one_randomisation,True,ok,18.731255317125044,3.3743015911694925,24.182701902632616,12.448160107964167,28.95910326653131,1.0,0.001,1.0,0.001,,,,,0.007071067811865475,0.007071067811865475,24,96.95833333333333,1.0081674855373373,0.003317154165749355,False,0.5044835372510359,False,0.018402777777777768,False,False,0.1716611653242704,0.018402777777777768,True,-0.26175927971035146,0.1455169693276547,2.1125869158533357,False,forward_only_adequate
954,assignment_isolation,plus_one_randomisation,True,ok,8.652489691715594,3.1530476638520417,13.616551330957229,3.106987118985093,29.17830599744219,0.998,0.004,0.998,0.004,,,,,0.007071067811865475,0.007071067811865475,24,95.75,1.0094492095896623,0.025575877835133258,False,0.5184686342170362,False,0.04236111111111107,False,False,0.06864869883136233,0.04236111111111107,False,-0.7885697440423612,0.11943951174803713,0.7945032240989641,False,forward_only_adequate
955,assignment_isolation,plus_one_randomisation,True,ok,25.149425138278946,3.266807540287567,30.439035446215012,19.691679970129343,29.447585535689882,1.0,0.001,1.0,0.001,,,,,0.007071067811865475,0.007071067811865475,24,95.875,1.0194299459496647,0.023668918715274552,False,0.527749684190505,False,0.021180555555555536,False,False,0.23818902114544765,0.021180555555555536,True,0.8405109410615619,0.19401164141625626,3.366422544086645,False,forward_only_adequate
956,assignment_isolation,plus_one_randomisation,True,ok,20.918544032691184,3.5788409127520118,27.44946758063523,15.312803887702781,29.555477893131297,1.0,0.001,1.0,0.001,,,,,0.007071067811865475,0.007071067811865475,24,95.25,1.0198246022604407,0.0037318367966807,False,0.5229279012011478,False,0.018750000000000044,False,False,0.19265115967439128,0.018750000000000044,True,1.4595345574582188,0.17231026413791464,5.024539363497478,False,forward_only_adequate
957,assignment_isolation,plus_one_randomisation,True,ok,18.23018570547881,3.589051204248493,25.387658343429386,12.923338079110358,29.410230582370104,1.0,0.001,1.0,0.001,,,,,0.007071067811865475,0.007071067811865475,24,96.0,1.0188002726196206,0.006808517288823221,False,0.5088110889359551,False,0.015972222222222165,False,False,0.1642610702155909,0.015972222222222165,True,0.6569735607648073,0.17799338254605782,2.032100358413607,False,forward_only_adequate
958,assignment_isolation,plus_one_randomisation,True,ok,24.852949584047906,4.038541001604413,31.1072403861764,17.39661300281316,29.223342035438204,1.0,0.001,1.0,0.001,,,,,0.007071067811865475,0.007071067811865475,24,94.83333333333333,1.0061561721480743,0.03188198783897813,False,0.5212026001586101,False,0.014236111111111116,False,False,0.2385268762480398,0.014236111111111116,True,-0.017162475542763032,0.18059490021888494,3.2467473746795776,False,forward_only_adequate
959,assignment_isolation,plus_one_randomisation,True,ok,23.32852522168926,3.6085600156628064,30.732597944180846,18.024544277604058,28.93711929917736,1.0,0.001,1.0,0.001,,,,,0.007071067811865475,0.007071067811865475,24,94.54166666666667,0.994768279549709,0.02719820073463277,False,0.5486045269019644,False,0.022916666666666585,False,False,0.2248181345539403,0.022916666666666585,True,-0.30738256863103425,0.1873239598736811,3.5367012510842946,False,forward_only_adequate
960,assignment_isolation,plus_one_randomisation,True,ok,22.594307337319126,3.3607282206837046,27.997585336320643,16.467352540210413,29.813369348397835,1.0,0.001,1.0,0.001,,,,,0.007071067811865475,0.007071067811865475,24,96.66666666666667,1.0363451959734837,0.02335846103503093,False,0.5258431579929284,False,0.01909722222222221,False,False,0.20674512580104265,0.01909722222222221,True,-0.675298327367239,0.18552099683373402,2.532117901284988,False,forward_only_adequate
961,assignment_isolation,plus_one_randomisation,True,ok,20.584266721143788,3.4697604942152367,26.381362885788704,14.801746409377095,28.811076043324295,1.0,0.001,1.0,0.001,,,,,0.007071067811865475,0.007071067811865475,24,96.08333333333333,0.9984780358222448,0.0028017890158015105,False,0.5230839439081167,False,0.04131944444444435,False,False,0.193782598281335,0.04131944444444435,True,-1.2831628550607823,0.17633350154260882,1.1683560079783972,False,forward_only_adequate
962,assignment_isolation,plus_one_randomisation,True,ok,17.06660243533423,4.258071248210577,23.798847962555012,9.427024626546514,29.14173849050772,1.0,0.001,1.0,0.001,,,,,0.007071067811865475,0.007071067811865475,24,94.41666666666667,1.0011399569721107,0.029559761351841105,False,0.511361193982839,False,0.020486111111111094,False,False,0.1551686877622701,0.020486111111111094,True,-1.5610257762603614,0.16648327642132582,1.0376510923699405,False,forward_only_adequate
963,assignment_isolation,plus_one_randomisation,True,ok,19.759150540819665,3.615514255571564,25.90106642502255,13.626065245033265,29.589365303303182,1.0,0.001,1.0,0.001,,,,,0.007071067811865475,0.007071067811865475,24,95.16666666666667,1.020547175333405,0.04769419621835863,False,0.545399902289697,False,0.030902777777777724,False,False,0.18013172554713233,0.030902777777777724,True,0.08561854538390608,0.21879595002601826,3.7968554690261493,False,forward_only_adequate
964,assignment_isolation,plus_one_randomisation,True,ok,20.496179090071994,3.977448465424456,27.466584226448845,14.055084155616623,28.976935230112886,1.0,0.001,1.0,0.001,,,,,0.007071067811865475,0.007071067811865475,24,96.04166666666667,1.004008294168101,0.00555402030262197,False,0.5154066370102047,False,0.01388888888888884,False,False,0.19158757207832702,0.01388888888888884,True,1.7827705369215872,0.15457442160258134,3.1587792034076534,False,forward_only_adequate
965,assignment_isolation,plus_one_randomisation,True,ok,28.52466985948025,3.3657258415690796,34.086948620083334,22.230264558489225,29.69765318357577,1.0,0.001,1.0,0.001,,,,,0.007071067811865475,0.007071067811865475,24,96.375,1.0307642160035708,0.03274184561882615,False,0.5011846404167173,False,0.021527777777777812,False,False,0.27107186120831,0.021527777777777812,True,0.22664263655702263,0.15827861291504997,3.292527495655971,False,forward_only_adequate
966,assignment_isolation,plus_one_randomisation,True,ok,19.00709696067924,3.115472964065239,24.490958875124274,13.911723603465486,28.650486291692847,1.0,0.001,1.0,0.001,,,,,0.007071067811865475,0.007071067811865475,24,97.625,1.000846621982894,0.004984767647088977,False,0.5196272306760922,False,0.014930555555555558,False,False,0.17611551521884633,0.014930555555555558,True,-0.5117096196777088,0.2039373270204925,1.6425633384491838,False,forward_only_adequate
967,assignment_isolation,plus_one_randomisation,True,ok,28.675233114265428,3.1546654653448125,34.26341546325944,23.788313650340005,29.12193627294216,1.0,0.001,1.0,0.001,,,,,0.007071067811865475,0.007071067811865475,24,97.41666666666667,1.0162297068502364,0.01824981453864296,False,0.5234389285412251,False,0.03749999999999998,False,False,0.27700485595531327,0.03749999999999998,True,-0.3248475816906332,0.1019300483448497,4.525892559851532,False,forward_only_adequate
968,assignment_isolation,plus_one_randomisation,True,ok,27.757160392259465,4.301773782174045,35.044659106745904,19.17582082264208,28.718629086004505,1.0,0.001,1.0,0.001,,,,,0.007071067811865475,0.007071067811865475,24,96.91666666666667,0.9995808916542863,0.018196529977364057,False,0.5173062658537169,False,0.018749999999999933,False,False,0.2721139337568825,0.018749999999999933,True,2.2303194088113165,0.2406994705809269,3.913879134405262,False,forward_only_adequate
969,assignment_isolation,plus_one_randomisation,True,ok,20.875730621192705,2.843176678491998,25.827360469580125,15.774282290561175,30.0050265339018,1.0,0.001,1.0,0.001,,,,,0.007071067811865475,0.007071067811865475,24,93.875,1.0278364067548131,0.01602176464001215,False,0.49324342263827975,False,0.02499999999999991,False,False,0.19045419041070544,0.02499999999999991,True,0.5518547623875412,0.13501019920021426,3.4144779052667293,False,forward_only_adequate
970,assignment_isolation,plus_one_randomisation,True,ok,14.516656503919558,4.236179058500388,21.349811899324536,6.959585298843867,28.847646350641966,1.0,0.001,1.0,0.001,,,,,0.007071067811865475,0.007071067811865475,24,96.33333333333333,1.0010451960572329,0.0012939375147350755,False,0.5110148570696771,False,0.011111111111111183,False,False,0.12819529951159883,0.011111111111111183,True,0.4673592355595122,0.1964098366787932,3.0987981672219336,False,forward_only_adequate
971,assignment_isolation,plus_one_randomisation,True,ok,16.040844471391164,4.62937142869855,23.477494263403187,7.312386541812277,28.965336247791242,1.0,0.001,1.0,0.001,,,,,0.007071067811865475,0.007071067811865475,24,95.0,0.9981490174006014,9.588632252526651e-05,False,0.5070743673496693,False,0.02951388888888884,False,False,0.14474991378992322,0.02951388888888884,True,-0.8536751733531591,0.19708941915564232,1.2353841002019605,False,forward_only_adequate
972,assignment_isolation,plus_one_randomisation,True,ok,25.05965234861489,3.845347158614989,31.953613806372605,18.486517290874065,28.86209463095739,1.0,0.001,1.0,0.001,,,,,0.007071067811865475,0.007071067811865475,24,95.66666666666667,0.9980749916747644,0.030846021882818733,False,0.508552459344289,False,0.013541666666666563,False,False,0.24299194011452752,0.013541666666666563,True,-2.0236837232479252,0.255468183824592,3.3169665797499395,False,forward_only_adequate
973,assignment_isolation,plus_one_randomisation,True,ok,21.768778165380436,4.109337757615884,28.28001470482142,13.491338146720423,29.71466871377722,1.0,0.001,1.0,0.001,,,,,0.007071067811865475,0.007071067811865475,24,94.33333333333333,1.0203718989208812,0.02360804410250227,False,0.4791309122680491,False,0.015277777777777724,False,False,0.2016290660760025,0.015277777777777724,True,-2.3921455154852436,0.17021952589338749,1.0243202672767184,False,forward_only_adequate
974,assignment_isolation,plus_one_randomisation,True,ok,22.527567063349238,3.643718488512144,28.26468142364475,15.276440411014214,28.890842061793972,1.0,0.001,1.0,0.001,,,,,0.007071067811865475,0.007071067811865475,24,96.91666666666667,1.0055749382147456,0.002561918994659825,False,0.5012771568852232,False,0.022222222222222254,False,False,0.21332330330021634,0.022222222222222254,True,-0.5714670761139058,0.1807375477503516,2.6846750778111512,False,forward_only_adequate
975,assignment_isolation,plus_one_randomisation,True,ok,22.093436378445535,2.6579004470008742,27.583810578223133,17.954700324183282,29.127832701324184,1.0,0.001,1.0,0.001,,,,,0.007071067811865475,0.007071067811865475,24,97.41666666666667,1.0164354667155822,0.007432829601892121,False,0.5295846552735087,False,0.025000000000000022,False,False,0.20602597135842055,0.025000000000000022,True,0.2551981972489155,0.21118255985101977,1.7946093441410291,False,forward_only_adequate
976,assignment_isolation,plus_one_randomisation,True,ok,17.653072977946646,3.2359607933212695,23.468327784269267,12.58922307314364,28.96474972154038,1.0,0.001,1.0,0.001,,,,,0.007071067811865475,0.007071067811865475,24,96.66666666666667,1.0068462532936018,0.030467652474181574,False,0.5004960239552377,False,0.01736111111111105,False,False,0.1603805014183739,0.01736111111111105,True,-0.430401527636099,0.16125165234704583,2.81296879844222,False,forward_only_adequate
977,assignment_isolation,plus_one_randomisation,True,ok,13.445122070110216,3.7440570614455675,19.875071588511847,7.018714517114392,29.15027759899624,1.0,0.001,1.0,0.001,,,,,0.007071067811865475,0.007071067811865475,24,97.0,1.015040961966305,0.0025013678108906237,False,0.49934760419844243,False,0.03229166666666672,False,False,0.11514418872941104,0.03229166666666672,True,0.11942198554428615,0.1749621322056446,2.638163431514337,False,forward_only_adequate
978,assignment_isolation,plus_one_randomisation,True,ok,14.916576708327161,4.368363523993968,21.959923831325916,7.725783969359229,29.51500702486142,1.0,0.001,1.0,0.001,,,,,0.007071067811865475,0.007071067811865475,24,96.0,1.0224298350562462,0.0009410008539031898,False,0.5133510772049514,False,0.015972222222222165,False,False,0.1291152846303458,0.015972222222222165,True,-0.21023937591902678,0.10568086332372491,2.9947868235661086,False,forward_only_adequate
979,assignment_isolation,plus_one_randomisation,True,ok,30.949439690351493,3.847978353475512,37.79111837586299,24.855936430769372,29.284045633849082,1.0,0.001,1.0,0.001,,,,,0.007071067811865475,0.007071067811865475,24,96.08333333333333,1.0148692926791807,0.023694482794911393,False,0.5146637868461196,False,0.042013888888888906,False,False,0.30173237138027775,0.042013888888888906,True,1.1047128051228579,0.16307246176148846,4.759365968280432,False,forward_only_adequate
980,assignment_isolation,plus_one_randomisation,True,ok,23.669548944486433,3.474768538752876,29.85973151522888,17.866281658441014,29.264718450178044,1.0,0.001,1.0,0.001,,,,,0.007071067811865475,0.007071067811865475,24,95.875,1.0130993697849953,0.006296908364423923,False,0.5306182274797104,False,0.019444444444444486,False,False,0.2238561135454985,0.019444444444444486,True,1.5382636929986564,0.17838802080333405,4.272791518094965,False,forward_only_adequate
981,assignment_isolation,plus_one_randomisation,True,ok,19.995691302892748,4.227912439642355,28.187115865169773,12.504715192500145,29.68501394491104,1.0,0.001,1.0,0.001,,,,,0.007071067811865475,0.007071067811865475,24,95.58333333333333,1.0260850256594585,0.014771536488398967,False,0.5077523352390196,False,0.017708333333333437,False,False,0.1815001990682731,0.017708333333333437,True,2.105172712732916,0.19936673652567935,3.646241709658993,False,forward_only_adequate
982,assignment_isolation,plus_one_randomisation,True,ok,18.77446039119765,3.546627306097253,24.42320462717273,11.804714847206053,28.342474223492992,1.0,0.001,1.0,0.001,,,,,0.007071067811865475,0.007071067811865475,24,96.5,0.9843655891807531,0.0011810559679454168,False,0.5227881082701655,False,0.019444444444444486,False,False,0.17700023295238038,0.019444444444444486,True,-0.47232821950012355,0.16131771601876557,3.7823899105707564,False,forward_only_adequate
983,assignment_isolation,plus_one_randomisation,True,ok,13.261269976862835,3.2870139350843637,18.618852857184358,7.612753232377246,29.83319532886527,1.0,0.001,1.0,0.001,,,,,0.007071067811865475,0.007071067811865475,24,94.16666666666667,1.023536599751261,0.003646443302103711,False,0.5138184966822477,False,0.05034722222222221,False,False,0.11216252963426215,0.05034722222222221,False,0.5302425601069466,0.19939152538188046,2.993528439026174,False,forward_only_adequate
984,assignment_isolation,plus_one_randomisation,True,ok,22.89325435465297,3.5158806788210795,28.972068868717876,17.035391170831826,29.129711210319613,1.0,0.001,1.0,0.001,,,,,0.007071067811865475,0.007071067811865475,24,95.54166666666667,1.0066710797086587,0.0518089642716928,False,0.5013329771334223,False,0.009722222222222188,False,False,0.21703671693935736,0.009722222222222188,True,0.9043498174429561,0.12919669641404408,3.4912342613450704,False,forward_only_adequate
985,assignment_isolation,plus_one_randomisation,True,ok,25.122375889062496,4.42497591890389,33.022725893266696,17.181575325513617,29.313167056415427,1.0,0.001,1.0,0.001,,,,,0.007071067811865475,0.007071067811865475,24,95.95833333333333,1.015217505406904,0.04432103772465137,False,0.48351934939084895,False,0.013194444444444398,False,False,0.23901960755252816,0.013194444444444398,True,-0.12273074633344339,0.07565285163550367,3.2436376942359084,False,forward_only_adequate
986,assignment_isolation,plus_one_randomisation,True,ok,16.418884734292266,3.394539252319226,22.12929528602352,10.247319688691196,29.24091429877405,1.0,0.001,1.0,0.001,,,,,0.007071067811865475,0.007071067811865475,24,96.83333333333333,1.0173219040547634,0.011360193128489142,False,0.49224542143206657,False,0.022222222222222254,False,False,0.14548050270472077,0.022222222222222254,True,0.38586130562848026,0.16710993088455797,4.019284154268443,False,forward_only_adequate
987,assignment_isolation,plus_one_randomisation,True,ok,19.306212997050135,3.1010457943671677,24.69906648608874,13.787188147135353,28.8299155532932,1.0,0.001,1.0,0.001,,,,,0.007071067811865475,0.007071067811865475,24,97.08333333333333,1.0043167743409314,0.026612216477104222,False,0.5081398811026461,False,0.02777777777777779,False,False,0.17863314274099942,0.02777777777777779,True,-1.350487029491431,0.181241898007979,3.025856297098499,False,forward_only_adequate
988,assignment_isolation,plus_one_randomisation,True,ok,22.11525230624143,3.9975264963613233,27.96722603667464,13.301668113818636,30.1726603075878,1.0,0.001,1.0,0.001,,,,,0.007071067811865475,0.007071067811865475,24,93.875,1.0335787811333692,0.015117843323338313,False,0.5111324052248502,False,0.0371527777777777,False,False,0.20231357570477632,0.0371527777777777,True,-0.9124349017465998,0.18440463435175186,2.562583584644771,False,forward_only_adequate
989,assignment_isolation,plus_one_randomisation,True,ok,20.2626602966911,3.6325015912236287,26.710255968716506,13.883803052119447,29.642332718508204,1.0,0.001,1.0,0.001,,,,,0.007071067811865475,0.007071067811865475,24,96.75,1.0308438185549818,0.029776519287819735,False,0.5081625373878508,False,0.020138888888888817,False,False,0.1833366197003671,0.020138888888888817,True,0.3140757668087081,0.0915711056180258,4.127167735971239,False,forward_only_adequate
990,assignment_isolation,plus_one_randomisation,True,ok,19.017295580049208,3.433362291310701,24.6747863534407,12.455069532148201,28.36812935857197,1.0,0.001,1.0,0.001,,,,,0.007071067811865475,0.007071067811865475,24,95.875,0.9820608397130721,0.012652983619220386,False,0.5144998449514923,False,0.031597222222222165,False,False,0.18016810955721213,0.031597222222222165,True,3.211653301773504,0.3973131327140775,4.653562529872883,True,selection_limited
991,assignment_isolation,plus_one_randomisation,True,ok,15.193392734138905,3.5139390509139976,21.140790810704168,8.977361434227522,29.19887231168205,1.0,0.001,1.0,0.001,,,,,0.007071067811865475,0.007071067811865475,24,96.58333333333333,1.0145470218759498,0.026137183935500956,False,0.5195265171186136,False,0.0215277777777777,False,False,0.13317012275510526,0.0215277777777777,True,0.5820150299269515,0.14180756015632506,1.7060399828831339,False,forward_only_adequate
992,assignment_isolation,plus_one_randomisation,True,ok,17.982000463372355,3.575213605236761,24.779484315412827,12.043522860868073,28.91268956703146,1.0,0.001,1.0,0.001,,,,,0.007071067811865475,0.007071067811865475,24,96.375,1.0035192211954929,0.0235342530351761,False,0.5118594472762813,False,0.030208333333333393,False,False,0.16453207462974878,0.030208333333333393,True,0.5518730967791993,0.2699936520774915,3.995559532224002,False,forward_only_adequate
993,assignment_isolation,plus_one_randomisation,True,ok,23.20359138823829,4.817573624807027,32.10515887627059,14.598730128407027,28.496972100457697,1.0,0.001,1.0,0.001,,,,,0.007071067811865475,0.007071067811865475,24,97.0,0.9922922303481446,0.04858265886678094,False,0.494620626528768,False,0.028472222222222232,False,False,0.22407904725906277,0.028472222222222232,True,-0.5480792269519976,0.05872191487818701,3.6237429698898738,False,forward_only_adequate
994,assignment_isolation,plus_one_randomisation,True,ok,19.661319262312933,3.333807097987422,26.42393410133048,14.199479839636616,28.817617371490886,1.0,0.001,1.0,0.001,,,,,0.007071067811865475,0.007071067811865475,24,94.125,0.9884747313096743,0.03179391944061635,False,0.5345037371804913,False,0.019444444444444375,False,False,0.18588320396440922,0.019444444444444375,True,-0.6626169785937942,0.1572863016646849,4.20645703952065,False,forward_only_adequate
995,assignment_isolation,plus_one_randomisation,True,ok,14.248081422453268,3.9643629373212232,20.97916137882233,7.872386520693735,29.95067860718301,1.0,0.001,1.0,0.001,,,,,0.007071067811865475,0.007071067811865475,24,96.25,1.0388720030290763,0.014784021633370309,False,0.49937655467555847,False,0.01041666666666674,False,False,0.11999721540946143,0.01041666666666674,True,-0.24400841353776456,0.1947543502455337,3.202318513661756,False,forward_only_adequate
996,assignment_isolation,plus_one_randomisation,True,ok,25.12776486392905,3.2604839651261495,30.67374239828601,19.6906684881534,29.837788939838443,1.0,0.001,1.0,0.001,,,,,0.007071067811865475,0.007071067811865475,24,95.125,1.0288900776069636,0.014064755560072285,False,0.5269185530271242,False,0.03229166666666672,False,False,0.23546979574959012,0.03229166666666672,True,-0.3198392756419362,0.2108732203466596,2.6069949396480854,False,forward_only_adequate
997,assignment_isolation,plus_one_randomisation,True,ok,19.646368517227135,3.811289036159282,26.34808173091048,13.255184543191834,29.44860921775172,1.0,0.001,1.0,0.001,,,,,0.007071067811865475,0.007071067811865475,24,95.33333333333333,1.016581459414176,0.02919098803439069,False,0.5053958226315426,False,0.026736111111111183,False,False,0.17974734712994014,0.026736111111111183,True,-0.7613932013018567,0.25909935565815767,2.726258308956132,False,forward_only_adequate
998,assignment_isolation,plus_one_randomisation,True,ok,26.96134330819551,3.095207966224623,32.03071163156468,22.032603722066355,29.340860658072515,1.0,0.001,1.0,0.001,,,,,0.007071067811865475,0.007071067811865475,24,95.79166666666667,1.0152937673853182,0.02493575739583375,False,0.5192710642553512,False,0.021180555555555536,False,False,0.2588495492119332,0.021180555555555536,True,-0.815660458833189,0.20624161286968054,3.1679012072054036,False,forward_only_adequate
999,assignment_isolation,plus_one_randomisation,True,ok,23.3767543546889,3.572321686322292,30.665321295314836,18.166278872598888,29.22861561327096,1.0,0.001,1.0,0.001,,,,,0.007071067811865475,0.007071067811865475,24,97.83333333333333,1.0221312770203081,0.0401920334029681,False,0.5186540753056554,False,0.016666666666666607,False,False,0.21845136823117253,0.016666666666666607,True,2.23202929736965,0.2640294492597814,5.344572654647956,False,forward_only_adequate
1000,assignment_isolation,plus_one_randomisation,True,ok,18.06652894709124,3.857216227556885,24.340886376572517,10.940433066807671,29.357995083124184,1.0,0.001,1.0,0.001,,,,,0.007071067811865475,0.007071067811865475,24,96.95833333333333,1.022054302267627,0.006479995997072841,False,0.5131623097726983,False,0.0371527777777777,False,False,0.1619246407066841,0.0371527777777777,True,-1.8786167404914693,0.19953285245302396,3.1674529686539064,False,forward_only_adequate
1001,assignment_isolation,plus_one_randomisation,True,ok,18.74797182334569,2.8937773515427043,24.052558060748492,14.209050789039797,28.792693649515975,1.0,0.001,1.0,0.001,,,,,0.007071067811865475,0.007071067811865475,24,96.95833333333333,1.0023741858066277,0.008389429240024412,False,0.4995595889093993,False,0.01805555555555549,False,False,0.173003012252552,0.01805555555555549,True,-2.0982507705663633,0.1857545348465526,1.6016857128416995,False,forward_only_adequate
1002,assignment_isolation,plus_one_randomisation,True,ok,16.562942744386323,3.496934607395952,23.024519111362213,10.40437332056172,28.405494174941378,1.0,0.001,1.0,0.001,,,,,0.007071067811865475,0.007071067811865475,24,96.83333333333333,0.9882567666798096,0.012115238471094853,False,0.5000475891910868,False,0.046527777777777835,False,False,0.15209417587676893,0.046527777777777835,True,-0.03303532678650004,0.11827045563396492,2.9508977619156345,False,forward_only_adequate
1003,assignment_isolation,plus_one_randomisation,True,ok,16.634221866469357,4.385648924101976,24.583599163933233,9.499867670051646,28.365036656441475,1.0,0.001,1.0,0.001,,,,,0.007071067811865475,0.007071067811865475,24,96.70833333333333,0.9862120508631181,0.004416432491087386,False,0.5100327016790582,False,0.015277777777777835,False,False,0.1532382626099519,0.015277777777777835,True,0.6593396258170268,0.11980853455386989,3.2985570197656924,False,forward_only_adequate
1004,assignment_isolation,plus_one_randomisation,True,ok,25.634800779792055,3.2822273945046416,30.91408990393297,19.72425474174996,28.632907742944724,1.0,0.001,1.0,0.001,,,,,0.007071067811865475,0.007071067811865475,24,97.29166666666667,0.9985234809301773,0.006685132224736284,False,0.507251172536562,False,0.02083333333333337,False,False,0.24918333656800035,0.02083333333333337,True,2.7926061430835647,0.2009950717952554,4.620201595964521,False,forward_only_adequate
1005,assignment_isolation,plus_one_randomisation,True,ok,17.363659330912185,3.4855476260239224,24.075326625641267,11.729507799907864,28.892799604951122,1.0,0.001,1.0,0.001,,,,,0.007071067811865475,0.007071067811865475,24,96.95833333333333,1.0058592236011166,0.009925306590071981,False,0.5067876430198036,False,0.018402777777777768,False,False,0.15747648322976052,0.018402777777777768,True,0.3133023433399311,0.33142519274586835,3.7246842710612253,False,forward_only_adequate
1006,assignment_isolation,plus_one_randomisation,True,ok,22.96884361072928,3.911169402006559,29.472524273622806,16.14887879978211,29.259002959259817,1.0,0.001,1.0,0.001,,,,,0.007071067811865475,0.007071067811865475,24,97.25,1.0201389609265865,0.0028115334992769845,False,0.5147972132171516,False,0.017013888888888884,False,False,0.21455845857763248,0.017013888888888884,True,0.003683379101666356,0.16095518105920656,4.091446911343391,False,forward_only_adequate
1007,assignment_isolation,plus_one_randomisation,True,ok,17.987752166575223,3.7209356512474137,23.187767674091674,10.323352421593267,29.512548735844483,1.0,0.001,1.0,0.001,,,,,0.007071067811865475,0.007071067811865475,24,95.20833333333333,1.0181205539200002,0.0014380796357803172,False,0.48909711133838235,False,0.02083333333333337,False,False,0.16182702605241606,0.02083333333333337,True,-0.9029103701171444,0.15572416527734834,2.9970070618754785,False,forward_only_adequate
1008,assignment_isolation,plus_one_randomisation,True,ok,16.664723160443085,3.494602182129566,22.852200679874944,10.393523734755174,28.84983031008355,1.0,0.001,1.0,0.001,,,,,0.007071067811865475,0.007071067811865475,24,95.20833333333333,0.9952581689471558,0.01649532951321827,False,0.5021431089231375,False,0.01736111111111116,False,False,0.15192710904225537,0.01736111111111116,True,0.34695137434784495,0.11193541933755734,2.8503325641798365,False,forward_only_adequate
1009,assignment_isolation,plus_one_randomisation,True,ok,18.98452287647887,4.076087922155488,26.743418684774845,12.217611227208465,29.370703680812095,1.0,0.001,1.0,0.001,,,,,0.007071067811865475,0.007071067811865475,24,96.0,1.0174310205843358,0.02892669311033998,False,0.513853101603913,False,0.029861111111111116,False,False,0.1725238225466586,0.029861111111111116,True,-0.1721782997843919,0.09522799847040482,3.299026954776814,False,forward_only_adequate
1010,assignment_isolation,plus_one_randomisation,True,ok,18.35037250332582,3.42901383688193,23.94982024324633,12.476031338458114,29.20436076029072,1.0,0.001,1.0,0.001,,,,,0.007071067811865475,0.007071067811865475,24,96.125,1.0123271570247139,0.006444786589873454,False,0.515619206432064,False,0.023263888888888862,False,False,0.16677369420116764,0.023263888888888862,True,1.04118541256956,0.12299063522826244,3.9757492781810355,False,forward_only_adequate
1011,assignment_isolation,plus_one_randomisation,True,ok,19.425147356619814,3.44024993096789,25.488241881369042,14.212298925206841,29.33488874707789,1.0,0.001,1.0,0.001,,,,,0.007071067811865475,0.007071067811865475,24,95.66666666666667,1.01442460141531,0.022254342913754922,False,0.5045189373623186,False,0.013541666666666563,False,False,0.17782729007904177,0.013541666666666563,True,1.3423535271747669,0.14357907943553933,2.7463882040791656,False,forward_only_adequate
1012,assignment_isolation,plus_one_randomisation,True,ok,19.107115489918154,3.463041053928888,25.676014573877264,13.892103661914536,28.96142470978757,1.0,0.001,1.0,0.001,,,,,0.007071067811865475,0.007071067811865475,24,95.0,0.9980142253242557,0.0023603537539012578,False,0.5080793463312752,False,0.01909722222222221,False,False,0.17778610176926818,0.01909722222222221,True,-0.15008479088371396,0.1266482335716664,2.74700124088428,False,forward_only_adequate
1013,assignment_isolation,plus_one_randomisation,True,ok,15.394735354534815,3.8941602442162244,21.59076018041515,8.731629215659071,29.210335635496534,1.0,0.001,1.0,0.001,,,,,0.007071067811865475,0.007071067811865475,24,96.5,1.0145073793229131,0.01510058337157718,False,0.5087777714084415,False,0.032638888888888884,False,False,0.1352661591945238,0.032638888888888884,True,0.16306210279518896,0.13458782221880342,2.46730227197658,False,forward_only_adequate
1014,assignment_isolation,plus_one_randomisation,True,ok,18.820183975405754,3.9657464400006166,25.420275536408724,12.470694988487168,28.967850419990146,1.0,0.001,1.0,0.001,,,,,0.007071067811865475,0.007071067811865475,24,95.625,1.001513942922411,0.015154021606252368,False,0.5136229475370998,False,0.01388888888888884,False,False,0.1739571977571739,0.01388888888888884,True,-1.1774198217478655,0.2239009858593901,1.7719686495682254,False,forward_only_adequate
1015,assignment_isolation,plus_one_randomisation,True,ok,23.122149144740394,4.765708459252436,30.351970958811673,14.229365286821741,29.697497359559843,1.0,0.001,1.0,0.001,,,,,0.007071067811865475,0.007071067811865475,24,96.54166666666667,1.0316496969378617,0.0237269944288794,False,0.5139248811283494,False,0.01666666666666672,False,False,0.213434147097877,0.01666666666666672,True,1.832468663324306,0.15136862198308923,5.721399543552261,False,forward_only_adequate
1016,assignment_isolation,plus_one_randomisation,True,ok,20.247743165854867,2.993088212958706,25.81655924098387,15.620875531241103,29.616098365948776,1.0,0.001,1.0,0.001,,,,,0.007071067811865475,0.007071067811865475,24,95.41666666666667,1.0228100122806487,0.0017629909483047627,False,0.5097814109198759,False,0.02777777777777768,False,False,0.1848566707554108,0.02777777777777768,True,-1.602481180835441,0.15208825258754163,3.8423292839732164,False,forward_only_adequate
1017,assignment_isolation,plus_one_randomisation,True,ok,20.35296727149326,3.9497470279120663,27.21111207138919,13.399874242182443,28.630449688642905,1.0,0.001,1.0,0.001,,,,,0.007071067811865475,0.007071067811865475,24,95.66666666666667,0.9900645188789319,0.023575880416779774,False,0.5091691530064721,False,0.022916666666666696,False,False,0.1931452809003635,0.022916666666666696,True,-0.5709998235356539,0.11280872125507697,4.088883539820322,False,forward_only_adequate
1018,assignment_isolation,plus_one_randomisation,True,ok,23.15998594270529,4.0449551189515605,30.16965983909305,17.081011256049237,28.813496627782772,1.0,0.001,1.0,0.001,,,,,0.007071067811865475,0.007071067811865475,24,96.16666666666667,0.9989948575833266,0.033590961736532345,False,0.523586001306075,False,0.0253472222222223,False,False,0.22187977227422914,0.0253472222222223,True,-0.07945814178020526,0.28561435311552286,2.301244476723748,False,forward_only_adequate
1019,assignment_isolation,plus_one_randomisation,True,ok,16.383263597568988,4.538636685048906,24.67128879233377,8.633999821367809,29.419460758382613,1.0,0.001,1.0,0.001,,,,,0.007071067811865475,0.007071067811865475,24,95.45833333333333,1.0162408266243435,0.011437340287597181,False,0.48500448174193117,False,0.028124999999999956,False,False,0.14529037045186205,0.028124999999999956,True,-0.30829628278592236,0.1151635559924695,2.18909827987401,False,forward_only_adequate
1020,assignment_isolation,plus_one_randomisation,True,ok,17.534187158228335,2.828853417046502,22.21742152740645,12.661322939104423,29.056844629805276,1.0,0.001,1.0,0.001,,,,,0.007071067811865475,0.007071067811865475,24,96.125,1.0072137225545896,0.03756808220835941,False,0.531484750910769,False,0.027083333333333348,False,False,0.1590440917525692,0.027083333333333348,True,-0.5717271231669615,0.10957847986607251,3.7700748362584857,False,forward_only_adequate
1021,assignment_isolation,plus_one_randomisation,True,ok,21.194723935652664,3.714338189466669,27.774561090563072,15.02916640159367,29.035297907047312,1.0,0.001,1.0,0.001,,,,,0.007071067811865475,0.007071067811865475,24,95.91666666666667,1.0053755785350944,0.013543024008140761,False,0.5142835643989241,False,0.03715277777777781,False,False,0.19886696470378631,0.03715277777777781,True,-1.0381678976410347,0.11047382012653968,2.557772077381532,False,forward_only_adequate
1022,assignment_isolation,plus_one_randomisation,True,ok,25.99551607243106,3.745485872601771,32.043280029916474,18.775098571629968,29.743000468118023,1.0,0.001,1.0,0.001,,,,,0.007071067811865475,0.007071067811865475,24,96.54166666666667,1.0332304115544981,0.013193959647186749,False,0.5072227368348844,False,0.023263888888888862,False,False,0.2435563921337013,0.023263888888888862,True,-1.3752881824139802,0.28068389263693744,2.39622239333344,False,forward_only_adequate
1023,assignment_isolation,plus_one_randomisation,True,ok,16.15252271046598,4.329574264689546,23.857661359775644,9.663091999433778,28.238351013585163,1.0,0.001,1.0,0.001,,,,,0.007071067811865475,0.007071067811865475,24,97.0,0.9832867930615745,0.011633773174531143,False,0.4920844869278206,False,0.023263888888888862,False,False,0.14854376847022027,0.023263888888888862,True,1.3287770231881384,0.12204484928366008,1.9399547415715448,False,forward_only_adequate
1024,assignment_isolation,plus_one_randomisation,True,ok,22.14220357435786,4.449667215714854,28.54008467462285,12.756759505912697,28.782652867827867,1.0,0.001,1.0,0.001,,,,,0.007071067811865475,0.007071067811865475,24,96.33333333333333,0.9987898504059701,0.021875528045549493,False,0.5162391733505728,False,0.04097222222222219,False,False,0.21076412604997952,0.04097222222222219,True,0.8848024828510751,0.15361481404330904,3.6548260057444883,False,forward_only_adequate
1025,assignment_isolation,plus_one_randomisation,True,ok,23.065240517520806,4.484508828259036,29.968853389517733,14.532800905377117,28.53910127441815,1.0,0.001,1.0,0.001,,,,,0.007071067811865475,0.007071067811865475,24,96.04166666666667,0.9888379899418237,0.013323609170371111,False,0.5073805069159519,False,0.02256944444444442,False,False,0.22344044636589927,0.02256944444444442,True,0.4382096575750408,0.1798718124594338,4.017331702120249,False,forward_only_adequate
1026,assignment_isolation,plus_one_randomisation,True,ok,20.985816446877195,3.43787820759899,27.47140324794779,15.345491226519208,29.451233791322835,1.0,0.001,1.0,0.001,,,,,0.007071067811865475,0.007071067811865475,24,96.0,1.0202206654432104,0.010911504912966401,False,0.5103468265852713,False,0.006597222222222254,False,False,0.1932834311258863,0.006597222222222254,True,0.11365173753842849,0.17937722682465077,3.5783188222180775,False,forward_only_adequate
1027,assignment_isolation,plus_one_randomisation,True,ok,25.36207092639974,4.442089968026973,32.52437502755983,17.298253624719578,29.616826542115767,1.0,0.001,1.0,0.001,,,,,0.007071067811865475,0.007071067811865475,24,95.125,1.0212706786293952,0.015888193039348682,False,0.5121706759156773,False,0.007986111111111138,False,False,0.23998521008389606,0.007986111111111138,True,-0.20533038525589195,0.12159761199176851,5.556217020172206,False,forward_only_adequate
1028,assignment_isolation,plus_one_randomisation,True,ok,14.943162847147354,3.7314129857872405,20.18339082306303,5.7033437836914445,29.066089474082144,1.0,0.001,1.0,0.001,,,,,0.007071067811865475,0.007071067811865475,24,97.25,1.013412875195234,0.0017616630910644155,False,0.5044270307122478,False,0.029861111111111116,False,False,0.1307516938437761,0.029861111111111116,True,0.26650834201642337,0.11533596744508598,1.0123416431308907,False,forward_only_adequate
1029,assignment_isolation,plus_one_randomisation,True,ok,20.130709545706825,4.66826794377194,27.872744623317104,11.896519147198367,29.716398418464898,1.0,0.001,1.0,0.001,,,,,0.007071067811865475,0.007071067811865475,24,95.58333333333333,1.0271698537956884,0.0009898303682509448,False,0.5198388513998683,False,0.026388888888888906,False,False,0.18270461763901277,0.026388888888888906,True,-0.5595572333966546,0.16712341339898412,3.4054736177098763,False,forward_only_adequate
1030,assignment_isolation,plus_one_randomisation,True,ok,18.757817914824766,4.235880740560217,25.800047665767018,10.479696670126609,28.7621710845679,1.0,0.001,1.0,0.001,,,,,0.007071067811865475,0.007071067811865475,24,95.20833333333333,0.9922341109426434,0.00217725286169877,False,0.5038770721828932,False,0.02777777777777779,False,False,0.17517961857369332,0.02777777777777779,True,-2.320799251114178,0.21106762825461664,3.4608532051571013,False,forward_only_adequate
1031,assignment_isolation,plus_one_randomisation,True,ok,22.837498604664557,4.127201635772298,29.88598393063443,15.305602797347266,28.649708766015966,1.0,0.001,1.0,0.001,,,,,0.007071067811865475,0.007071067811865475,24,96.125,0.9931009434769854,0.013993804554441394,False,0.48865686803668246,False,0.03749999999999998,False,False,0.2198278152321277,0.03749999999999998,True,-1.3234421051176744,0.1688105567924816,3.7985867265245825,False,forward_only_adequate
1032,assignment_isolation,plus_one_randomisation,True,ok,25.030044616991614,4.657959286653294,32.72114522503212,16.741535171395114,29.489678987436637,1.0,0.001,1.0,0.001,,,,,0.007071067811865475,0.007071067811865475,24,96.29166666666667,1.0231031066771163,0.012608178255267128,False,0.5375162771721366,False,0.011805555555555625,False,False,0.23593740667525476,0.011805555555555625,True,0.12644174561495167,0.13792055925196803,3.5269996083298993,False,forward_only_adequate
1033,assignment_isolation,plus_one_randomisation,True,ok,14.937087108251822,3.60248726012846,20.837987573318763,7.841546971863554,29.04295572242994,1.0,0.001,1.0,0.001,,,,,0.007071067811865475,0.007071067811865475,24,96.70833333333333,1.0097823342540921,0.011369542909032257,False,0.5237820186305027,False,0.038541666666666585,False,False,0.13124507492333048,0.038541666666666585,True,0.1925795253802958,0.14530485459777845,2.062432883680425,False,forward_only_adequate
1034,assignment_isolation,plus_one_randomisation,True,ok,16.912857655402885,3.616683492212762,23.628562574843333,10.484939437097609,29.41802395527384,1.0,0.001,1.0,0.001,,,,,0.007071067811865475,0.007071067811865475,24,95.33333333333333,1.0155256400871435,0.003165927062576227,False,0.5424422677042923,False,0.012847222222222232,False,False,0.15096763555598294,0.012847222222222232,True,-0.20946321205772986,0.08089903758630676,2.1737694880118914,False,forward_only_adequate
1035,assignment_isolation,plus_one_randomisation,True,ok,24.186041981693634,4.13689069706467,31.515036781660385,17.735715322526545,29.66028511379895,1.0,0.001,1.0,0.001,,,,,0.007071067811865475,0.007071067811865475,24,95.875,1.026793276948481,0.01140699859333474,False,0.5296050824392031,False,0.014236111111111116,False,False,0.22595569850821073,0.014236111111111116,True,1.1534101922797422,0.1384752216476193,4.752624563649186,False,forward_only_adequate
1036,assignment_isolation,plus_one_randomisation,True,ok,23.673132589320165,3.8488919264699044,30.08544300611045,17.128231437228536,29.000429244714237,1.0,0.001,1.0,0.001,,,,,0.007071067811865475,0.007071067811865475,24,96.04166666666667,1.0048223273063794,0.0006741644423449312,False,0.53030448243593,False,0.01909722222222221,False,False,0.22600607355873434,0.01909722222222221,True,0.7892575507949806,0.1449792612885585,3.0523549878518583,False,forward_only_adequate
1037,assignment_isolation,plus_one_randomisation,True,ok,16.75253061104411,3.4325726121585958,22.082946210275715,10.425106203475103,29.138534287287822,1.0,0.001,1.0,0.001,,,,,0.007071067811865475,0.007071067811865475,24,97.875,1.019198078808595,0.009519267588949755,False,0.5226420648308093,False,0.060416666666666674,True,False,0.14864929303910976,0.060416666666666674,True,-1.3608614302693716,0.10205993047752186,1.1246328332015691,False,selection_limited
1038,assignment_isolation,plus_one_randomisation,True,ok,26.61005215174326,3.4887553951681523,32.439553788726506,20.676469849980336,29.01976589627827,1.0,0.001,1.0,0.001,,,,,0.007071067811865475,0.007071067811865475,24,95.83333333333333,1.0044011662096717,0.06626832914218948,False,0.5256044864380823,False,0.015625,False,False,0.2581735102791954,0.015625,True,0.7967182544608833,0.11687497860445596,5.2457199799358,False,forward_only_adequate
1039,assignment_isolation,plus_one_randomisation,True,ok,22.604201137846598,3.514503146622862,28.67424502772661,17.00938177060567,29.520388732113105,1.0,0.001,1.0,0.001,,,,,0.007071067811865475,0.007071067811865475,24,96.08333333333333,1.023060010449664,0.006998832900965474,False,0.4950265414243473,False,0.017708333333333326,False,False,0.20995013023755693,0.017708333333333326,True,-0.1434192944652118,0.07541335265204405,4.167713273640773,False,forward_only_adequate
1040,assignment_isolation,plus_one_randomisation,True,ok,18.879143338567996,3.4700137087445975,24.35548450397701,13.34370873919622,29.387917052614764,1.0,0.001,1.0,0.001,,,,,0.007071067811865475,0.007071067811865475,24,94.79166666666667,1.0116001650316755,0.018377854622774078,False,0.5138593247643608,False,0.03298611111111116,False,False,0.1725603935505,0.03298611111111116,True,-0.9068428316252432,0.15577037199705263,3.041664456642279,False,forward_only_adequate
1041,assignment_isolation,plus_one_randomisation,True,ok,12.444283439550517,3.791581933225782,18.390619321407318,5.698386893979314,28.561848641024405,1.0,0.001,1.0,0.001,,,,,0.007071067811865475,0.007071067811865475,24,96.91666666666667,0.994123989915772,0.00843372734260996,False,0.5054091686035652,False,0.033333333333333326,False,False,0.10766928637030625,0.033333333333333326,True,1.6080546019620818,0.21615622798557066,1.9899897560175113,False,forward_only_adequate
1042,assignment_isolation,plus_one_randomisation,True,ok,18.61896671130718,3.632889275860349,25.228432071190177,12.986296594163571,28.82581967043412,1.0,0.001,1.0,0.001,,,,,0.007071067811865475,0.007071067811865475,24,95.125,0.9939945582964462,0.064958650188353,False,0.5350399019645018,False,0.028472222222222232,False,False,0.17330481318829583,0.028472222222222232,True,-0.1599017320624219,0.19771894945128565,2.073822764801658,False,forward_only_adequate
1043,assignment_isolation,plus_one_randomisation,True,ok,22.416583418049072,3.614105908099909,28.437436780420917,16.388156137989412,29.174465321348734,1.0,0.001,1.0,0.001,,,,,0.007071067811865475,0.007071067811865475,24,96.08333333333333,1.0110716721034825,0.0011217359147005154,False,0.5140929498343092,False,0.027430555555555514,False,False,0.2107869124644359,0.027430555555555514,True,1.3449439874957174,0.11816629680549012,3.833387780179883,False,forward_only_adequate
1044,assignment_isolation,plus_one_randomisation,True,ok,15.580368989091141,3.6078245327894587,21.69831850954376,9.352553921725463,29.004487612509717,1.0,0.001,1.0,0.001,,,,,0.007071067811865475,0.007071067811865475,24,96.91666666666667,1.009530486391394,0.04079092387640481,False,0.5040038135960845,False,0.008333333333333304,False,False,0.13799628490276347,0.008333333333333304,True,-1.0655760407316484,0.2410202482010219,2.0773671169242,False,forward_only_adequate
1045,assignment_isolation,plus_one_randomisation,True,ok,22.26078346753688,4.467477360099854,29.60229215811063,14.892308201328886,28.877467032863127,1.0,0.001,1.0,0.001,,,,,0.007071067811865475,0.007071067811865475,24,96.83333333333333,1.0046771946314503,0.04689520549167101,False,0.5112100421068995,False,0.019444444444444375,False,False,0.21063401320471087,0.019444444444444375,True,0.10004638348957208,0.1427319040492321,3.3640466188680223,False,forward_only_adequate
1046,assignment_isolation,plus_one_randomisation,True,ok,16.548971401351153,4.009644141489236,23.4923549206018,9.391782573523065,29.301449857234896,1.0,0.001,1.0,0.001,,,,,0.007071067811865475,0.007071067811865475,24,96.70833333333333,1.0187698083021537,0.01434857551202643,False,0.5212093736241264,False,0.022916666666666585,False,False,0.1465948101836001,0.022916666666666585,True,0.5506205784575771,0.1265297383993902,2.910656790443309,False,forward_only_adequate
1047,assignment_isolation,plus_one_randomisation,True,ok,20.069751123287592,4.350389335572665,27.195993572032602,12.408973185775068,29.587478680985537,1.0,0.001,1.0,0.001,,,,,0.007071067811865475,0.007071067811865475,24,95.20833333333333,1.0207054786560854,0.0009911410061784315,False,0.5136131534288075,False,0.01909722222222221,False,False,0.1834044940089135,0.01909722222222221,True,-2.513207742360259,0.24329367043940964,1.827939736554192,False,forward_only_adequate
1048,assignment_isolation,plus_one_randomisation,True,ok,20.932246263043748,3.199117828863171,27.531451175259082,16.172870857788496,28.539734863448754,1.0,0.001,1.0,0.001,,,,,0.007071067811865475,0.007071067811865475,24,97.125,0.9944213880922593,0.02777072533953142,False,0.5077480439983683,False,0.035069444444444375,False,False,0.1985204190229921,0.035069444444444375,True,1.5488494158445822,0.2674712432813429,4.069902566780126,False,forward_only_adequate
1049,assignment_isolation,plus_one_randomisation,True,ok,22.986056119760402,4.9536400989727545,32.95607558922746,15.411912744368696,28.990584483674652,1.0,0.001,1.0,0.001,,,,,0.007071067811865475,0.007071067811865475,24,96.20833333333333,1.0053524102066627,0.006433836752763877,False,0.5367711170864284,False,0.013541666666666674,False,False,0.2183755251666044,0.013541666666666674,True,0.3087566352656786,0.17612158093534194,3.7192210611378718,False,forward_only_adequate
1050,assignment_isolation,plus_one_randomisation,True,ok,22.54699970179603,4.379087328289794,29.812191857146598,14.314518127456322,29.32987110699031,1.0,0.001,1.0,0.001,,,,,0.007071067811865475,0.007071067811865475,24,95.66666666666667,1.0142510872905497,0.006313546935003379,False,0.5072106347673646,False,0.03333333333333344,False,False,0.2114339806660387,0.03333333333333344,True,-0.16256316506081242,0.057516659667488715,3.124992259903721,False,forward_only_adequate
1051,assignment_isolation,plus_one_randomisation,True,ok,17.281851256562444,3.73978261231702,23.60577645272302,11.158150962933497,28.343723366977557,1.0,0.001,1.0,0.001,,,,,0.007071067811865475,0.007071067811865475,24,95.79166666666667,0.9807894190407288,0.002662931200326713,False,0.5190922358146496,False,0.038541666666666696,False,False,0.16131889677043212,0.038541666666666696,True,0.20556467373729922,0.048362430295072804,2.544516884814417,False,forward_only_adequate
1052,assignment_isolation,plus_one_randomisation,True,ok,23.16976843596322,3.944914671144912,30.061820054964322,16.551635174220362,29.48108207943915,1.0,0.001,1.0,0.001,,,,,0.007071067811865475,0.007071067811865475,24,96.04166666666667,1.0214762428722233,0.001772095148694114,False,0.4794847407049529,False,0.02430555555555558,False,False,0.21639101129965113,0.02430555555555558,True,-0.4570408193778857,0.08629589598386744,3.934812416119979,False,forward_only_adequate
1053,assignment_isolation,plus_one_randomisation,True,ok,16.040874700658307,3.349268280911186,22.593791621562808,10.9190650188162,28.305924274988197,1.0,0.001,1.0,0.001,,,,,0.007071067811865475,0.007071067811865475,24,97.04166666666667,0.9858514292763436,0.0018272023958223913,False,0.5197305846196281,False,0.028125000000000067,False,False,0.14688233053516184,0.028125000000000067,True,0.8934096912526084,0.13313096877203512,2.515405994681849,False,forward_only_adequate
1054,assignment_isolation,plus_one_randomisation,True,ok,9.252970342293866,3.7466422224729428,16.273773081912456,3.2886002254926074,28.704183690256055,1.0,0.001,1.0,0.001,,,,,0.007071067811865475,0.007071067811865475,24,95.91666666666667,0.9939104250404266,0.01600085508404981,False,0.5124797689450717,False,0.004513888888888817,False,False,0.07572568932693945,0.004513888888888817,True,-0.1067628326133331,0.13589865978124557,1.842865459658348,False,forward_only_adequate
1055,assignment_isolation,plus_one_randomisation,True,ok,22.297879682697857,3.908822837689404,29.376255739548654,15.922768466214595,29.71047515852715,1.0,0.001,1.0,0.001,,,,,0.007071067811865475,0.007071067811865475,24,92.95833333333333,1.0127651961025954,0.018756666905367383,False,0.516740903240361,False,0.018750000000000044,False,False,0.20909757270224605,0.018750000000000044,True,1.047674225946931,0.19126188373363895,2.0991479294284012,False,forward_only_adequate
1056,assignment_isolation,plus_one_randomisation,True,ok,24.915946952742342,3.1316141238334363,30.130395764491396,19.569894569516375,29.060623649874803,1.0,0.001,1.0,0.001,,,,,0.007071067811865475,0.007071067811865475,24,95.04166666666667,1.0016522212345145,0.027990382811089908,False,0.49454010780993457,False,0.024652777777777746,False,False,0.2404350226716921,0.024652777777777746,True,1.2917515969455944,0.14774026092527096,4.590461542560431,False,forward_only_adequate
1057,assignment_isolation,plus_one_randomisation,True,ok,20.97283320164488,4.6374371392423654,28.858657866681195,13.182232886852018,29.55046828290583,1.0,0.001,1.0,0.001,,,,,0.007071067811865475,0.007071067811865475,24,97.0,1.0289759900423165,0.009556850699985768,False,0.5118822213968383,False,0.019791666666666652,False,False,0.1912375090764371,0.019791666666666652,True,0.7404781249413095,0.06433286204171731,5.091922284404328,False,forward_only_adequate
1058,assignment_isolation,plus_one_randomisation,True,ok,20.397647103955617,4.278908966421562,27.482135194557706,12.57215350696655,29.458678153499047,1.0,0.001,1.0,0.001,,,,,0.007071067811865475,0.007071067811865475,24,95.375,1.0171512510858685,0.018370946780500764,False,0.5240574665734865,False,0.012499999999999956,False,False,0.18765865790023534,0.012499999999999956,True,-0.7583600743074222,0.1663209918246937,2.5999377742956895,False,forward_only_adequate
1059,assignment_isolation,plus_one_randomisation,True,ok,15.09980492020235,3.301602477692015,21.38368114395994,9.918448219596346,29.748751739337468,1.0,0.001,1.0,0.001,,,,,0.007071067811865475,0.007071067811865475,24,94.91666666666667,1.0246958868089777,0.03429785063370548,False,0.49856531350897676,False,0.025000000000000022,False,False,0.130652037584931,0.025000000000000022,True,-1.5748207398073848,0.2472655902058345,1.8965420421572996,False,forward_only_adequate
1060,assignment_isolation,plus_one_randomisation,True,ok,18.602875673176737,3.954099912743088,25.616382871706694,12.000284871964467,29.520474049224493,1.0,0.001,1.0,0.001,,,,,0.007071067811865475,0.007071067811865475,24,98.125,1.0338753208887375,0.002444236406645472,False,0.516120903464313,False,0.04340277777777779,True,False,0.16533369899020728,0.04340277777777779,True,0.25403999889353956,0.11576508415103029,2.678794480812467,False,selection_limited
1061,assignment_isolation,plus_one_randomisation,True,ok,21.961322055479553,4.154733781638121,29.023972795887886,14.590625546145354,29.83161250972837,1.0,0.001,1.0,0.001,,,,,0.007071067811865475,0.007071067811865475,24,93.95833333333333,1.0223494977915408,0.006938925845618638,False,0.49678307274894373,False,0.01909722222222232,False,False,0.2032370024692269,0.01909722222222232,True,1.2088209591866057,0.18460997222747697,4.170467727527117,False,forward_only_adequate
1062,assignment_isolation,plus_one_randomisation,True,ok,16.03255717414687,3.8477685179543286,22.7262805866906,9.325469034409117,29.629680754331623,1.0,0.001,1.0,0.001,,,,,0.007071067811865475,0.007071067811865475,24,94.20833333333333,1.016779166352262,0.00645381729841928,False,0.4993322745374212,False,0.015972222222222276,False,False,0.14153837361358992,0.015972222222222276,True,0.34711039857624043,0.12044798001932928,3.679626942565449,False,forward_only_adequate
1063,assignment_isolation,plus_one_randomisation,True,ok,20.477956952102883,4.8670617034006005,29.368798428985357,12.639361579853212,28.52684720290377,1.0,0.001,1.0,0.001,,,,,0.007071067811865475,0.007071067811865475,24,96.29166666666667,0.9896990065381248,0.013164346647649039,False,0.5115564547098195,False,0.015972222222222165,False,False,0.19460577101263363,0.015972222222222165,True,-1.540526536294765,0.11244350505483076,3.202887908504783,False,forward_only_adequate
1064,assignment_isolation,plus_one_randomisation,True,ok,17.4081070542949,3.5334886598651787,22.868940356353107,10.861902258975636,29.474055401066153,1.0,0.001,1.0,0.001,,,,,0.007071067811865475,0.007071067811865475,24,94.5,1.0130031743453074,0.03661942025446579,False,0.5213159168896919,False,0.009375000000000022,False,False,0.156641646313335,0.009375000000000022,True,-0.5589563442463898,0.15253922565410824,1.6544765026975479,False,forward_only_adequate
1065,assignment_isolation,plus_one_randomisation,True,ok,21.008199454061373,3.592490148731384,27.421828641758474,15.314456605453007,28.765926959467976,1.0,0.001,1.0,0.001,,,,,0.007071067811865475,0.007071067811865475,24,96.04166666666667,0.9966971671568013,0.0255948208254594,False,0.4936690887854362,False,0.02951388888888895,False,False,0.19882782164390367,0.02951388888888895,True,-0.13589228212520002,0.10536223988347826,3.459437777743976,False,forward_only_adequate
1066,assignment_isolation,plus_one_randomisation,True,ok,21.17055175666236,4.156480013939933,27.761114686274226,13.661878733561156,29.260232424748704,1.0,0.001,1.0,0.001,,,,,0.007071067811865475,0.007071067811865475,24,96.5,1.016240350197761,0.0037051524266305943,False,0.5282428996939069,False,0.017013888888888884,False,False,0.1961460328248796,0.017013888888888884,True,0.05855301789228982,0.07430812584480412,3.5009578919977447,False,forward_only_adequate
1067,assignment_isolation,plus_one_randomisation,True,ok,24.381750743239547,4.191523946089858,31.748266763821654,17.806887122851357,29.453612653293696,1.0,0.001,1.0,0.001,,,,,0.007071067811865475,0.007071067811865475,24,96.20833333333333,1.0214095713371056,0.00507436599156816,False,0.5064187915591718,False,0.028125000000000067,False,False,0.22941943833464365,0.028125000000000067,True,0.2836942322688672,0.18168305715811336,4.499674359298202,False,forward_only_adequate
1068,assignment_isolation,plus_one_randomisation,True,ok,22.663394374482863,3.658542411999377,28.880201097628298,16.458985005740264,29.074697423436,1.0,0.001,1.0,0.001,,,,,0.007071067811865475,0.007071067811865475,24,94.375,0.9986163966095702,0.0021227050156077823,False,0.5232644129915018,False,0.02256944444444442,False,False,0.21652433119798556,0.02256944444444442,True,0.2276777058293656,0.15776789161516216,3.1744124113626966,False,forward_only_adequate
1069,assignment_isolation,plus_one_randomisation,True,ok,21.554708250489472,3.709815405400519,27.609758511531812,15.026346039954486,29.182931326266,1.0,0.001,1.0,0.001,,,,,0.007071067811865475,0.007071067811865475,24,96.375,1.0128989366015193,0.020253060766988826,False,0.5191306391105319,False,0.011458333333333348,False,False,0.201039418303281,0.011458333333333348,True,0.9391278714174935,0.13938764264961936,3.6667288836269076,False,forward_only_adequate
1070,assignment_isolation,plus_one_randomisation,True,ok,27.840176063470228,3.5671817224177453,33.73132335936605,21.291435106717913,29.171569062855873,1.0,0.001,1.0,0.001,,,,,0.007071067811865475,0.007071067811865475,24,96.25,1.011847737451999,0.022590407057082984,False,0.5335445198831671,False,0.02256944444444442,False,False,0.2693344709893745,0.02256944444444442,True,0.930679968238098,0.2971275974960049,4.365227147397051,False,forward_only_adequate
1071,assignment_isolation,plus_one_randomisation,True,ok,27.800230138794273,3.31955213342632,34.69922826811167,22.887964637081488,29.44288207262878,1.0,0.001,1.0,0.001,,,,,0.007071067811865475,0.007071067811865475,24,94.58333333333333,1.0123778480240393,0.021625346843057166,False,0.4994250597118838,False,0.03819444444444442,False,False,0.26874619094256674,0.03819444444444442,True,0.8625851803583003,0.14012648651248394,2.5426792901750126,False,forward_only_adequate
1072,assignment_isolation,plus_one_randomisation,True,ok,15.846963976204643,4.838551032168004,24.11061102421592,6.997037678000492,29.053941316236678,1.0,0.001,1.0,0.001,,,,,0.007071067811865475,0.007071067811865475,24,96.04166666666667,1.006676442078007,0.022459902785176317,False,0.5210317297659984,False,0.02256944444444442,False,False,0.14126157197234024,0.02256944444444442,True,-2.593675815524364,0.24225835255961758,1.9022380858828243,False,forward_only_adequate
1073,assignment_isolation,plus_one_randomisation,True,ok,13.196164631194813,2.26907920108639,17.15597312719589,9.409079046807378,28.19264555654858,1.0,0.001,1.0,0.001,,,,,0.007071067811865475,0.007071067811865475,24,97.45833333333333,0.9840118486946268,0.03424356147719303,False,0.5307413333058342,False,0.023958333333333304,False,False,0.11684484412715462,0.023958333333333304,True,-0.22357456671309767,0.12745812589512326,1.1984082978570514,False,forward_only_adequate
1074,assignment_isolation,plus_one_randomisation,True,ok,15.095711470815358,3.6466593645550227,20.64032094410017,9.172731278416814,28.209154423184565,1.0,0.001,1.0,0.001,,,,,0.007071067811865475,0.007071067811865475,24,97.625,0.9854295883844805,0.01279507607864338,False,0.5112356318794123,False,0.03020833333333328,False,False,0.13678845786209842,0.03020833333333328,True,-0.6725250276746462,0.2061951980134951,2.2013488994832433,False,forward_only_adequate
1075,assignment_isolation,plus_one_randomisation,True,ok,24.76057043228181,3.570891299456178,31.203492757331254,19.02100048560924,28.870104674597254,1.0,0.001,1.0,0.001,,,,,0.007071067811865475,0.007071067811865475,24,96.41666666666667,1.0022577461442927,0.0064031362899494544,False,0.5044052141047136,False,0.010763888888888906,False,False,0.23856972877189692,0.010763888888888906,True,2.8187004290884956,0.22882527672041225,4.013024348938339,False,forward_only_adequate
1076,assignment_isolation,plus_one_randomisation,True,ok,11.02601480664049,4.356273589414592,19.463342253950277,3.8771403741649024,29.16300995903074,1.0,0.001,1.0,0.001,,,,,0.007071067811865475,0.007071067811865475,24,96.04166666666667,1.0104555105381214,0.023289958518028245,False,0.5142209201483385,False,0.02430555555555558,False,False,0.0914585170286486,0.02430555555555558,True,0.8858421102822125,0.13272224686667838,2.6352401673292847,False,forward_only_adequate
1077,assignment_isolation,plus_one_randomisation,True,ok,22.441125494536163,3.8504514300306707,29.083663147748357,15.347231014855723,29.624342987558148,1.0,0.001,1.0,0.001,,,,,0.007071067811865475,0.007071067811865475,24,95.16666666666667,1.0217535674442262,0.0017066918671579895,False,0.5116496168072369,False,0.022916666666666696,False,False,0.2085120299897688,0.022916666666666696,True,0.6575690266275098,0.10432548094006959,2.823629254052939,False,forward_only_adequate
1078,assignment_isolation,plus_one_randomisation,True,ok,24.84710174571585,3.278609645065224,29.86834738964036,18.467111504681526,29.466735018564165,1.0,0.001,1.0,0.001,,,,,0.007071067811865475,0.007071067811865475,24,95.29166666666667,1.016984855508431,0.004856867375987542,False,0.5268581598634527,False,0.012847222222222232,False,False,0.23557862238229427,0.012847222222222232,True,1.1504479925189053,0.2304812779850222,3.2564738836907736,False,forward_only_adequate
1079,assignment_isolation,plus_one_randomisation,True,ok,23.321354180967802,3.817070165150982,30.570439277401846,16.886105015760638,28.948005107922103,1.0,0.001,1.0,0.001,,,,,0.007071067811865475,0.007071067811865475,24,96.70833333333333,1.0064810362018923,0.03437305342537444,False,0.5180836443545452,False,0.022222222222222254,False,False,0.2217470032899776,0.022222222222222254,True,-0.1082421661861788,0.10128247443234083,3.6507539153837825,False,forward_only_adequate
1080,assignment_isolation,plus_one_randomisation,True,ok,19.713289900387768,3.541528547126171,26.382705714076245,14.098970016076542,29.088407981356667,1.0,0.001,1.0,0.001,,,,,0.007071067811865475,0.007071067811865475,24,96.625,1.0109268064982015,0.008455855732036712,False,0.5031865410576516,False,0.028125000000000067,False,False,0.18163978894651286,0.028125000000000067,True,-0.47012907561668915,0.203180663880289,2.091668566147175,False,forward_only_adequate
1081,assignment_isolation,plus_one_randomisation,True,ok,24.155647699097972,3.7054044664498615,29.70470202677427,17.691064249119425,28.942702203918937,1.0,0.001,1.0,0.001,,,,,0.007071067811865475,0.007071067811865475,24,96.41666666666667,1.0047780499995682,0.05469208889491717,False,0.5022873413952702,False,0.043749999999999956,False,False,0.2312853778062965,0.043749999999999956,True,-0.36334513382856465,0.07745927765328159,3.50417851473956,False,forward_only_adequate
1082,assignment_isolation,plus_one_randomisation,True,ok,19.675710118936415,4.573889242148629,27.42543162255983,11.872301762064573,28.695354601326084,1.0,0.001,1.0,0.001,,,,,0.007071067811865475,0.007071067811865475,24,95.0,0.988845416957988,0.0013545181197691014,False,0.48723401854353454,False,0.02083333333333326,False,False,0.18596041653958892,0.02083333333333326,True,0.06258244046407897,0.10750286413940767,3.861910907483368,False,forward_only_adequate
1083,assignment_isolation,plus_one_randomisation,True,ok,16.01849110734506,3.656653619213172,22.191406404063382,9.836644183996478,29.7351089905166,1.0,0.001,1.0,0.001,,,,,0.007071067811865475,0.007071067811865475,24,96.95833333333333,1.0351829539485087,0.02020936312398634,False,0.515351382325011,False,0.023611111111111138,False,False,0.13842732842931707,0.023611111111111138,True,-0.8845416908919145,0.11668135928319108,3.1514512538988044,False,forward_only_adequate
1084,assignment_isolation,plus_one_randomisation,True,ok,20.933701117420128,3.3853502647348264,27.710764237810057,15.725923176163239,29.484248139409846,1.0,0.001,1.0,0.001,,,,,0.007071067811865475,0.007071067811865475,24,96.08333333333333,1.0218075203322683,0.016783048175733617,False,0.5304915652937191,False,0.024652777777777857,False,False,0.1923788624342489,0.024652777777777857,True,0.42824413341746354,0.11887379227321104,3.3878057333832055,False,forward_only_adequate
1085,assignment_isolation,plus_one_randomisation,True,ok,25.089158576640585,4.007057348958107,31.614126092470652,18.05491873824396,29.19664170819189,1.0,0.001,1.0,0.001,,,,,0.007071067811865475,0.007071067811865475,24,96.08333333333333,1.0118402180315655,0.003676274634798478,False,0.5137565515989839,False,0.020486111111111094,False,False,0.23956549778850791,0.020486111111111094,True,0.8589319532606712,0.139172408277951,2.972981053315357,False,forward_only_adequate
1086,assignment_isolation,plus_one_randomisation,True,ok,19.188839147795168,4.834718343149201,27.187530541337274,10.630586499431422,29.027273284999236,1.0,0.001,1.0,0.001,,,,,0.007071067811865475,0.007071067811865475,24,96.41666666666667,1.0077140290016502,0.0013647173806780773,False,0.5244944047740796,False,0.015972222222222165,False,False,0.17666745420869212,0.015972222222222165,True,-0.31682742345802967,0.18267934331382873,2.3641343785820585,False,forward_only_adequate
1087,assignment_isolation,plus_one_randomisation,True,ok,18.39935337208338,4.82663850202604,26.789991392982582,10.207535645533461,29.709423655083956,1.0,0.001,1.0,0.001,,,,,0.007071067811865475,0.007071067811865475,24,96.16666666666667,1.0300576093418476,0.009860282291178251,False,0.5140559456308954,False,0.02499999999999991,False,False,0.16392372488261595,0.02499999999999991,True,-0.2724986470428536,0.053755327381541415,3.5716894332010027,False,forward_only_adequate
1088,assignment_isolation,plus_one_randomisation,True,ok,24.208433035358855,3.500887813454905,30.294974588754428,17.827614876566766,29.085733671161165,1.0,0.001,1.0,0.001,,,,,0.007071067811865475,0.007071067811865475,24,97.5,1.0154004170830684,0.030309806225282218,False,0.5303815868115893,False,0.00694444444444442,False,False,0.22909667797288533,0.00694444444444442,True,1.3219531283992483,0.26147002111960616,4.754777226524398,False,forward_only_adequate
1089,assignment_isolation,plus_one_randomisation,True,ok,15.99840650512048,4.293679191784116,21.908825468541124,7.519398177360756,29.206911587394064,1.0,0.001,1.0,0.001,,,,,0.007071067811865475,0.007071067811865475,24,94.29166666666667,1.0027145079016373,0.027791049552438572,False,0.5092561464352353,False,0.030555555555555558,False,False,0.14352318771126563,0.030555555555555558,True,1.1271918079445842,0.08800609138001306,3.3550652785860957,False,forward_only_adequate
1090,assignment_isolation,plus_one_randomisation,True,ok,25.054415054014566,3.1230177435482442,30.134632619384618,20.044985985862578,29.243747796438218,1.0,0.001,1.0,0.001,,,,,0.007071067811865475,0.007071067811865475,24,94.54166666666667,1.005309214862844,0.002094357817636826,False,0.49768090005843907,False,0.025694444444444464,False,False,0.2409532668940517,0.025694444444444464,True,0.6184821804993293,0.17255929928620048,4.3408065906449576,False,forward_only_adequate
1091,assignment_isolation,plus_one_randomisation,True,ok,24.317165798165433,4.634732765886701,31.868102233846578,15.637932651730894,29.521201090425166,1.0,0.001,1.0,0.001,,,,,0.007071067811865475,0.007071067811865475,24,96.08333333333333,1.0230881635783633,0.040681356719547535,False,0.5256583015032005,False,0.021180555555555647,False,False,0.22829729765161488,0.021180555555555647,True,0.6447768321110371,0.26737031197782857,2.9037593050006247,False,forward_only_adequate
1092,assignment_isolation,plus_one_randomisation,True,ok,17.31168183963889,3.8512259499027355,24.273123185380282,11.032753402655363,29.381429556874178,1.0,0.001,1.0,0.001,,,,,0.007071067811865475,0.007071067811865475,24,97.16666666666667,1.0239684634992032,0.003639578463785462,False,0.537392711450524,False,0.02673611111111107,False,False,0.15366267378557757,0.02673611111111107,True,-0.2734749394124543,0.11467730074161796,1.8754151243014703,False,forward_only_adequate
1093,assignment_isolation,plus_one_randomisation,True,ok,24.30372867039652,3.276182320596209,30.029643979378143,18.619249000474536,28.84006432298479,1.0,0.001,1.0,0.001,,,,,0.007071067811865475,0.007071067811865475,24,97.375,1.006178345748382,0.003659876677981398,False,0.5204926680568969,False,0.013194444444444509,False,False,0.2325328796880787,0.013194444444444509,True,-0.14766634047370888,0.12391978266297753,3.0537331123704563,False,forward_only_adequate
1094,assignment_isolation,plus_one_randomisation,True,ok,21.858876001455986,4.52336041073758,28.953247800393896,13.416425332146137,29.519523288395483,1.0,0.001,1.0,0.001,,,,,0.007071067811865475,0.007071067811865475,24,96.08333333333333,1.0230300175905989,0.015550524582570285,False,0.5282595562707074,False,0.038541666666666696,False,False,0.2019858528193484,0.038541666666666696,True,-0.29640211533819755,0.16169717618536197,3.3124377291611524,False,forward_only_adequate
1095,assignment_isolation,plus_one_randomisation,True,ok,21.19815857566314,4.69797657465994,28.87867421261887,13.162908417086015,29.17101853602493,1.0,0.001,1.0,0.001,,,,,0.007071067811865475,0.007071067811865475,24,96.20833333333333,1.0116096075914156,0.01518456839221229,False,0.5103711567470294,False,0.014236111111111116,False,False,0.1974851358767703,0.014236111111111116,True,-0.17566821669909174,0.029395085108867642,3.005973874123061,False,forward_only_adequate
1096,assignment_isolation,plus_one_randomisation,True,ok,22.91739680027258,3.8971001988614136,29.867556323109923,16.47264506621995,28.635457553424104,1.0,0.001,1.0,0.001,,,,,0.007071067811865475,0.007071067811865475,24,95.41666666666667,0.9889429839804429,0.009766104242715434,False,0.4962575356518744,False,0.01215277777777779,False,False,0.22177383716519056,0.01215277777777779,True,-1.060326959866011,0.08500460104689372,3.7341221341474773,False,forward_only_adequate
1097,assignment_isolation,plus_one_randomisation,True,ok,23.613117484518103,4.302619329460012,31.319750002538708,16.72448596050387,29.791122654798556,1.0,0.001,1.0,0.001,,,,,0.007071067811865475,0.007071067811865475,24,93.79166666666667,1.0200559717878868,0.003318454266010506,False,0.5041604719259918,False,0.023958333333333304,False,False,0.22150207430471253,0.023958333333333304,True,1.0095203260513004,0.13366935389666357,1.8554278165143447,False,forward_only_adequate
1098,assignment_isolation,plus_one_randomisation,True,ok,23.47134859866202,3.4245694030681113,29.59039553617273,17.19973127232596,29.771354863167495,1.0,0.001,1.0,0.001,,,,,0.007071067811865475,0.007071067811865475,24,95.0,1.0259245171241977,0.0077172206227641375,False,0.5347428024653232,False,0.046875,False,False,0.2185351484559857,0.046875,True,0.22692063584838557,0.17883945796222958,4.102331684573135,False,forward_only_adequate
1099,assignment_isolation,plus_one_randomisation,True,ok,20.366585247783505,4.504689524959874,27.665914662893808,13.363637885571396,29.006717411783388,1.0,0.001,1.0,0.001,,,,,0.007071067811865475,0.007071067811865475,24,95.625,1.0028577027677572,0.009756929861160123,False,0.5101699665338836,False,0.01736111111111116,False,False,0.19043442718175996,0.01736111111111116,True,1.4207876219665472,0.24532096544249946,3.4989275916745664,False,forward_only_adequate
1100,assignment_isolation,plus_one_randomisation,True,ok,18.460556511510145,3.402159898062889,24.728086066294345,12.902725005422635,29.11850348720287,1.0,0.001,1.0,0.001,,,,,0.007071067811865475,0.007071067811865475,24,97.0,1.0139345565507532,0.0082255725643536,False,0.5001310020506102,False,0.018402777777777768,False,False,0.16763596212927256,0.018402777777777768,True,-1.00376599888024,0.20500690101180774,1.855147928575293,False,forward_only_adequate
1101,assignment_isolation,plus_one_randomisation,True,ok,22.744817115390504,4.023546642933934,30.119431824852448,16.292926760483375,29.915319686375458,1.0,0.001,1.0,0.001,,,,,0.007071067811865475,0.007071067811865475,24,95.70833333333333,1.0347216388966056,0.006861943964978553,False,0.49540624381629084,False,0.027083333333333348,False,False,0.20871166518918632,0.027083333333333348,True,2.3867658208091576,0.24062424225682494,4.25581901071351,False,forward_only_adequate
1102,assignment_isolation,plus_one_randomisation,True,ok,24.3159351959526,4.03262640485622,31.041697977755895,17.52203122666505,29.83208602771918,1.0,0.001,1.0,0.001,,,,,0.007071067811865475,0.007071067811865475,24,96.29166666666667,1.0349824393348381,0.03095307536484652,False,0.5180322046709768,False,0.029166666666666674,False,False,0.22528801675020685,0.029166666666666674,True,0.33974341066497943,0.14684527608961673,5.503026436814738,False,forward_only_adequate
1103,assignment_isolation,plus_one_randomisation,True,ok,22.37853156956757,3.1820907915450833,27.753177391874125,17.523800632256986,28.980099013854005,1.0,0.001,1.0,0.001,,,,,0.007071067811865475,0.007071067811865475,24,97.95833333333333,1.014087816823904,0.014523323391287554,False,0.5031462055810647,False,0.014236111111111116,False,False,0.20965394082171473,0.014236111111111116,True,0.33493117393786415,0.16573268057446633,3.0689727365839623,False,forward_only_adequate
1104,assignment_isolation,plus_one_randomisation,True,ok,13.305362010437563,3.212535804255793,18.499722536291607,7.482461112309873,28.489334350743203,1.0,0.001,1.0,0.001,,,,,0.007071067811865475,0.007071067811865475,24,96.95833333333333,0.9918131895408498,0.00878310965432563,False,0.5185354416834145,False,0.02013888888888893,False,False,0.1168925495862041,0.02013888888888893,True,-1.5541778371316355,0.18171705923543233,1.5559975160961939,False,forward_only_adequate
1105,assignment_isolation,plus_one_randomisation,True,ok,20.66163881010448,3.627795921754157,27.32218710185678,14.759654558205709,28.59945592154382,1.0,0.001,1.0,0.001,,,,,0.007071067811865475,0.007071067811865475,24,95.95833333333333,0.990499192420423,0.009550459326344055,False,0.5260941548455308,False,0.019791666666666652,False,False,0.19644726952376584,0.019791666666666652,True,-0.05794311409720198,0.14932607582361612,4.098803026506504,False,forward_only_adequate
1106,assignment_isolation,plus_one_randomisation,True,ok,19.822427561503037,3.9443892946099703,26.885556511352945,12.697593482183013,28.290322483489987,1.0,0.001,1.0,0.001,,,,,0.007071067811865475,0.007071067811865475,24,96.41666666666667,0.9821299634894183,0.013649507656822542,False,0.5064530362709329,False,0.029861111111111116,False,False,0.18906772604899375,0.029861111111111116,True,0.6654952437053533,0.2214576550021894,2.6088301338873454,False,forward_only_adequate
1107,assignment_isolation,plus_one_randomisation,True,ok,20.351039212614236,5.239423583720608,29.420956826931043,11.914716054148018,29.096305751384556,1.0,0.001,1.0,0.001,,,,,0.007071067811865475,0.007071067811865475,24,96.125,1.008581585571666,0.016604953681200792,False,0.5038266528288101,False,0.011458333333333348,False,False,0.18901087821609305,0.011458333333333348,True,1.2320269978804166,0.2000457801956976,3.217375807785316,False,forward_only_adequate
1108,assignment_isolation,plus_one_randomisation,True,ok,17.38127822158735,4.102637979659995,24.07708006215631,10.192200761704221,28.71747116477957,1.0,0.001,1.0,0.001,,,,,0.007071067811865475,0.007071067811865475,24,95.54166666666667,0.992424795948869,0.014980393419044247,False,0.5065518434423466,False,0.03749999999999998,False,False,0.16017542737625937,0.03749999999999998,True,0.7331867857805783,0.12961438125757294,3.692231867573709,False,forward_only_adequate
1109,assignment_isolation,plus_one_randomisation,True,ok,22.064879415774698,3.896382814406401,28.787015005717564,14.808904393662104,28.97098785740355,1.0,0.001,1.0,0.001,,,,,0.007071067811865475,0.007071067811865475,24,95.66666666666667,1.001840609086403,0.012543563404292869,False,0.49510301744222096,False,0.032638888888888884,False,False,0.2091798013129596,0.032638888888888884,True,1.7922318129528003,0.16389702092465802,4.420337150184623,False,forward_only_adequate
1110,assignment_isolation,plus_one_randomisation,True,ok,17.468317072752267,3.2142420154756928,23.17663587672754,11.881798234798023,28.64499799894927,1.0,0.001,1.0,0.001,,,,,0.007071067811865475,0.007071067811865475,24,95.83333333333333,0.991430099713802,0.014359553263006836,False,0.5168618134325,False,0.01388888888888895,False,False,0.16130776370657465,0.01388888888888895,True,-0.031309916139800366,0.08190035187078876,2.5903606378251056,False,forward_only_adequate
1111,assignment_isolation,plus_one_randomisation,True,ok,17.348040676259593,3.7935575762112346,23.40893642493889,10.571457793771044,29.561294006206115,1.0,0.001,1.0,0.001,,,,,0.007071067811865475,0.007071067811865475,24,96.58333333333333,1.0271397633667065,0.025778940502242616,False,0.49773421025546144,False,0.023263888888888862,False,False,0.15348296040800077,0.023263888888888862,True,0.4892947557111268,0.10443346657350108,2.525279153144011,False,forward_only_adequate
1112,assignment_isolation,plus_one_randomisation,True,ok,23.362141692045057,3.9266489854493285,30.50685810247642,17.29325251062682,28.87199241253945,1.0,0.001,1.0,0.001,,,,,0.007071067811865475,0.007071067811865475,24,94.83333333333333,0.9940592466413068,0.004646451625777458,False,0.5118374162501927,False,0.031597222222222165,False,False,0.22537251749218845,0.031597222222222165,True,-1.3220494603832516,0.20845620108568472,2.4666994491597123,False,forward_only_adequate
1113,assignment_isolation,plus_one_randomisation,True,ok,17.636135377807943,3.4259166763152358,23.156296349121927,12.202216719986264,30.371470781284334,1.0,0.001,1.0,0.001,,,,,0.007071067811865475,0.007071067811865475,24,94.16666666666667,1.042004102820418,0.0005943413721045441,False,0.525908129400534,False,0.01909722222222221,False,False,0.15386323607463748,0.01909722222222221,True,-0.7695724952740314,0.15362025038746774,1.9790453086478959,False,forward_only_adequate
1114,assignment_isolation,plus_one_randomisation,True,ok,22.429687841466983,2.4794282855050036,26.631592039223797,18.129236889629404,29.3728283757816,1.0,0.001,1.0,0.001,,,,,0.007071067811865475,0.007071067811865475,24,95.79166666666667,1.0163999593585464,0.031936902745192,False,0.5163712155945912,False,0.021180555555555536,False,False,0.20965537063191855,0.021180555555555536,True,0.2353983158008498,0.06933012190827419,2.4790955123887235,False,forward_only_adequate
1115,assignment_isolation,plus_one_randomisation,True,ok,15.006110205922065,3.272369222089649,20.05577114810262,9.192769149763938,29.638961805875308,1.0,0.001,1.0,0.001,,,,,0.007071067811865475,0.007071067811865475,24,96.125,1.0273919771222257,0.03586880146853347,False,0.5086210573098173,False,0.019791666666666652,False,False,0.12929009946450815,0.019791666666666652,True,1.8187910080616632,0.24358784787282628,2.121086873842427,False,forward_only_adequate
1116,assignment_isolation,plus_one_randomisation,True,ok,16.79106790134779,4.190209098180759,23.56663183732227,8.482009039436953,28.872465849645565,1.0,0.001,1.0,0.001,,,,,0.007071067811865475,0.007071067811865475,24,96.33333333333333,1.0019064600904959,0.036260545887548255,False,0.5075185959097179,False,0.018402777777777768,False,False,0.15208734598910906,0.018402777777777768,True,-1.658842720740593,0.28058532748516524,1.6901925882587139,False,forward_only_adequate
1117,assignment_isolation,plus_one_randomisation,True,ok,20.40666375970548,3.741696581601635,26.796671458586488,14.078397295226171,29.325139097656347,1.0,0.001,1.0,0.001,,,,,0.007071067811865475,0.007071067811865475,24,98.125,1.027034238818153,0.02487417596308852,False,0.5249917262435866,False,0.02430555555555558,False,False,0.18565412549085833,0.02430555555555558,True,-0.5713998787237834,0.17932679578217098,3.1294934618148105,False,forward_only_adequate
1118,assignment_isolation,plus_one_randomisation,True,ok,22.494877888995106,4.457992794711733,29.555474076429455,14.4402256030166,29.125283256046867,1.0,0.001,1.0,0.001,,,,,0.007071067811865475,0.007071067811865475,24,97.0,1.014170634682975,0.004496515094513739,False,0.5103929100252333,False,0.025347222222222188,False,False,0.21089043633697468,0.025347222222222188,True,-0.09609555785693275,0.12961456411656314,4.618027424465025,False,forward_only_adequate
1119,assignment_isolation,plus_one_randomisation,True,ok,16.25619340719297,4.051214773113097,22.82551305463633,8.547225773480749,29.41210325201111,1.0,0.001,1.0,0.001,,,,,0.007071067811865475,0.007071067811865475,24,95.08333333333333,1.0139891025074166,0.021604618560374395,False,0.5006458228172076,False,0.012847222222222232,False,False,0.1443390492389854,0.012847222222222232,True,1.6544114083928543,0.24991955843134406,2.187283636947119,False,forward_only_adequate
1120,assignment_isolation,plus_one_randomisation,True,ok,22.57338937597865,5.05265976187084,31.364850845515594,14.2218611357128,29.117490000522377,1.0,0.001,1.0,0.001,,,,,0.007071067811865475,0.007071067811865475,24,95.04166666666667,1.0036122723031324,0.016861802071799617,False,0.5123652867725175,False,0.010763888888888906,False,False,0.21430353876319153,0.010763888888888906,True,-0.28120738928239486,0.07882308358700922,1.8266742672330614,False,forward_only_adequate
1121,assignment_isolation,plus_one_randomisation,True,ok,23.31908093406753,4.60516554178961,30.646936204213265,14.515286750901119,29.327726609451492,1.0,0.001,1.0,0.001,,,,,0.007071067811865475,0.007071067811865475,24,97.5,1.023848535781026,0.0361873198583281,False,0.5079909935763486,False,0.03298611111111116,False,False,0.21741339270525453,0.03298611111111116,True,-1.4889961319753884,0.1805972507501098,1.988612275801169,False,forward_only_adequate
1122,assignment_isolation,plus_one_randomisation,True,ok,12.397438295293497,3.651118307569224,18.194341805092776,5.729975741272542,28.398031125079946,1.0,0.001,1.0,0.001,,,,,0.007071067811865475,0.007071067811865475,24,95.125,0.9792432176218309,0.010210640925750128,False,0.5302254121724618,False,0.025000000000000022,False,False,0.10912539943203098,0.025000000000000022,True,0.1555039847494039,0.20107958676972337,1.7641399354228413,False,forward_only_adequate
1123,assignment_isolation,plus_one_randomisation,True,ok,17.126342251827694,4.5311948184139075,25.040723166037615,9.930918044282175,28.314930928047445,1.0,0.001,1.0,0.001,,,,,0.007071067811865475,0.007071067811865475,24,95.54166666666667,0.978513720352838,0.004983762337649163,False,0.5012171115999166,False,0.025347222222222188,False,False,0.16005138853092105,0.025347222222222188,True,-0.6171805304471377,0.12215522922433787,2.0440094852161104,False,forward_only_adequate
1124,assignment_isolation,plus_one_randomisation,True,ok,19.210984384577745,4.891310261348766,26.63347848684189,10.73484810420975,29.3887757853004,1.0,0.001,1.0,0.001,,,,,0.007071067811865475,0.007071067811865475,24,97.54166666666667,1.02619900218228,0.0027760315465745057,False,0.5048188939159601,False,0.029166666666666563,False,False,0.17318651606329105,0.029166666666666563,True,-2.6963904961906175,0.2570630085329698,2.043010620823342,False,forward_only_adequate
1125,assignment_isolation,plus_one_randomisation,True,ok,17.81402989210438,2.9846962244663193,22.690235314769403,12.523316320757198,29.763350104601567,1.0,0.001,1.0,0.001,,,,,0.007071067811865475,0.007071067811865475,24,94.45833333333333,1.0227204938557968,0.012699795285576843,False,0.5031637368244448,False,0.025000000000000022,False,False,0.15914792735043798,0.025000000000000022,True,0.3165558137804958,0.10459549768871258,3.436582581975974,False,forward_only_adequate
1126,assignment_isolation,plus_one_randomisation,True,ok,19.832919635145732,3.184439339303073,25.03163106680449,13.637396560457528,29.31354631695513,1.0,0.001,1.0,0.001,,,,,0.007071067811865475,0.007071067811865475,24,95.79166666666667,1.0143485981000713,0.004675710534645519,False,0.526202977441154,False,0.047222222222222276,False,False,0.1822063557785759,0.047222222222222276,True,-1.0275027011106879,0.17978120935443465,2.446263652086547,False,forward_only_adequate
1127,assignment_isolation,plus_one_randomisation,True,ok,22.545555499100107,5.272452194689479,31.622024064480193,13.982000779944682,29.118064047348497,1.0,0.001,1.0,0.001,,,,,0.007071067811865475,0.007071067811865475,24,97.375,1.0158772597191061,0.022668690285265226,False,0.49874084292981896,False,0.0215277777777777,False,False,0.21102868100632766,0.0215277777777777,True,-0.014835168734824591,0.06737362560397922,4.560505348298146,False,forward_only_adequate
1128,assignment_isolation,plus_one_randomisation,True,ok,22.799574222365276,4.40365311213926,30.733871056370976,15.817244602556082,29.100593622634406,1.0,0.001,1.0,0.001,,,,,0.007071067811865475,0.007071067811865475,24,97.33333333333333,1.0150505085203794,0.0009262998134758433,False,0.4992978609004519,False,0.020486111111111094,False,False,0.2139679920227848,0.020486111111111094,True,1.3159615615785032,0.182810695747571,2.9909683843323345,False,forward_only_adequate
1129,assignment_isolation,plus_one_randomisation,True,ok,23.611360694937712,3.0288393037810812,27.82262684698205,16.570489149571706,29.523939529857717,1.0,0.001,1.0,0.001,,,,,0.007071067811865475,0.007071067811865475,24,96.29166666666667,1.0242917282081403,0.009033053886211817,False,0.5204599924178228,False,0.022222222222222254,False,False,0.2204336110176035,0.022222222222222254,True,-0.6780801494433752,0.22305779137558773,2.4928259098733077,False,forward_only_adequate
1130,assignment_isolation,plus_one_randomisation,True,ok,24.519286821629688,4.140926576089153,31.662252925177178,17.7139928158713,29.49346929386167,1.0,0.001,1.0,0.001,,,,,0.007071067811865475,0.007071067811865475,24,95.5,1.019019637993733,0.015562503664570947,False,0.5107998883594014,False,0.019791666666666652,False,False,0.2315142592766417,0.019791666666666652,True,-0.5982923997425028,0.1793024609483754,5.364745651380741,False,forward_only_adequate
1131,assignment_isolation,plus_one_randomisation,True,ok,23.43558149446424,3.988035279334466,30.27879193802717,16.54507431360961,29.075974416706845,1.0,0.001,1.0,0.001,,,,,0.007071067811865475,0.007071067811865475,24,97.0,1.0124536530334123,0.01891222000154016,False,0.5367290827971153,False,0.04236111111111107,False,False,0.22148527495791115,0.04236111111111107,True,-0.09560620507579765,0.2960411747669984,3.2184945951233432,False,forward_only_adequate
1132,assignment_isolation,plus_one_randomisation,True,ok,18.014090287423283,2.893934606675841,23.20260150921574,12.728948727779983,28.567301718120916,1.0,0.001,1.0,0.001,,,,,0.007071067811865475,0.007071067811865475,24,95.91666666666667,0.9891707529224771,0.03230090716617285,False,0.5424054435444049,False,0.023611111111111027,False,False,0.16768400928459962,0.023611111111111027,True,0.6670332869594862,0.10498383572492108,1.6914206445868545,False,forward_only_adequate
1133,assignment_isolation,plus_one_randomisation,True,ok,13.185572657879026,3.493715257907866,19.1542597053272,7.343697488945543,28.917751017143846,1.0,0.001,1.0,0.001,,,,,0.007071067811865475,0.007071067811865475,24,96.54166666666667,1.004562394997824,0.012260355494626,False,0.5150817512375817,False,0.01666666666666672,False,False,0.11390511584836034,0.01666666666666672,True,-1.2293459212836055,0.30676399504600205,2.0342773138469976,False,forward_only_adequate
1134,assignment_isolation,plus_one_randomisation,True,ok,14.1388135143357,4.52366908913756,22.06860403322884,6.453576103629712,29.96027505017681,1.0,0.001,1.0,0.001,,,,,0.007071067811865475,0.007071067811865475,24,96.45833333333333,1.040328938792068,0.023886960535160814,False,0.4880393865018215,False,0.01736111111111116,False,False,0.11870909285621192,0.01736111111111116,True,-0.5061198168295161,0.15006676202117009,2.0388957618579506,False,forward_only_adequate
1135,assignment_isolation,plus_one_randomisation,True,ok,18.35683139320666,3.6362039814685416,24.693110738027016,12.373166944072686,28.87038298908176,1.0,0.001,1.0,0.001,,,,,0.007071067811865475,0.007071067811865475,24,96.125,1.0007502979928558,0.02134611762483298,False,0.5138423347805792,False,0.023611111111111138,False,False,0.16910630856517522,0.023611111111111138,True,0.3014113654158396,0.12530970816563242,1.3348246244856843,False,forward_only_adequate
1136,assignment_isolation,plus_one_randomisation,True,ok,21.62221219806415,3.593318561955969,27.62098699396674,15.728313636384396,28.651125851085187,1.0,0.001,1.0,0.001,,,,,0.007071067811865475,0.007071067811865475,24,95.58333333333333,0.9903478994027205,0.010461244968130334,False,0.5205620419504945,False,0.023958333333333304,False,False,0.2070847472999957,0.023958333333333304,True,1.4718600962107755,0.17322979940046954,3.577221952613693,False,forward_only_adequate
1137,assignment_isolation,plus_one_randomisation,True,ok,19.62339429079452,3.994769562831402,25.943322602801487,12.85700317148427,29.808846398605056,1.0,0.001,1.0,0.001,,,,,0.007071067811865475,0.007071067811865475,24,96.20833333333333,1.033728574503,0.007138901156123172,False,0.5072538556257572,False,0.015972222222222276,False,False,0.1760299352500587,0.015972222222222276,True,0.37748861641424286,0.24389267028592856,2.1041072317840688,False,forward_only_adequate
1138,assignment_isolation,plus_one_randomisation,True,ok,27.71778906264049,3.472415800087141,33.579826960536934,22.017959471332862,28.677327858043103,1.0,0.001,1.0,0.001,,,,,0.007071067811865475,0.007071067811865475,24,95.5,0.9908213903683644,0.02059660321454978,False,0.5103123457490276,False,0.02881944444444451,False,False,0.274358682870625,0.02881944444444451,True,1.2531331162504717,0.19114029940428306,3.4656496367706375,False,forward_only_adequate
1139,assignment_isolation,plus_one_randomisation,True,ok,20.09939253792618,3.8312135350919854,26.136111824137995,13.094954640449366,29.31403580732968,1.0,0.001,1.0,0.001,,,,,0.007071067811865475,0.007071067811865475,24,95.66666666666667,1.0137034895926336,0.0030791832196858876,False,0.5229369031208715,False,0.008333333333333304,False,False,0.18519918646302172,0.008333333333333304,True,-0.12720348530861672,0.18334655622917181,2.10887439597974,False,forward_only_adequate
1140,assignment_isolation,plus_one_randomisation,True,ok,20.408583943805095,3.682624123147172,26.943035607173996,14.367147283274472,29.12534993733518,1.0,0.001,1.0,0.001,,,,,0.007071067811865475,0.007071067811865475,24,95.20833333333333,1.0047630137514463,0.04123584217174747,False,0.5216172012479847,False,0.03298611111111116,False,False,0.19047026665993327,0.03298611111111116,True,-1.3001326961689617,0.1926898126066283,1.4093594829648313,False,forward_only_adequate
1141,assignment_isolation,plus_one_randomisation,True,ok,15.669492761014299,3.5359477946205344,21.19594987413813,10.008582159580438,28.772920260212267,1.0,0.001,1.0,0.001,,,,,0.007071067811865475,0.007071067811865475,24,95.58333333333333,0.994557815545804,0.014567080812783973,False,0.5129662341780388,False,0.024652777777777857,False,False,0.14140326820602409,0.024652777777777857,True,-0.6993521615553211,0.0891914456984079,2.068870717849594,False,forward_only_adequate
1142,assignment_isolation,plus_one_randomisation,True,ok,15.295886048083242,3.4140660908213256,21.053387163487198,9.307550263813628,29.114658716829556,1.0,0.001,1.0,0.001,,,,,0.007071067811865475,0.007071067811865475,24,96.125,1.009217764719171,0.0077002437642352374,False,0.507953070707102,False,0.02881944444444451,False,False,0.13507210549041826,0.02881944444444451,True,-0.17901838861882755,0.16189676162308728,2.271242710464626,False,forward_only_adequate
1143,assignment_isolation,plus_one_randomisation,True,ok,26.880354889131496,4.1827218568939415,34.05602458724076,19.867419369880498,29.468110156061076,1.0,0.001,1.0,0.001,,,,,0.007071067811865475,0.007071067811865475,24,97.04166666666667,1.0263285605231367,0.0013646850950939909,False,0.49496117381653326,False,0.05347222222222214,False,False,0.2548596235608909,0.05347222222222214,True,1.009869810092535,0.15051949729981318,5.117425708961052,False,forward_only_adequate
1144,assignment_isolation,plus_one_randomisation,True,ok,17.04864083214621,3.624913323493204,23.013654998972047,10.471978888710453,28.79906432143826,1.0,0.001,1.0,0.001,,,,,0.007071067811865475,0.007071067811865475,24,96.95833333333333,1.00259597113727,0.009673657585344468,False,0.512639943931899,False,0.005902777777777701,False,False,0.15471180815043317,0.005902777777777701,True,0.8808966081662326,0.2602131614635601,2.7422751102576717,False,forward_only_adequate
1145,assignment_isolation,plus_one_randomisation,True,ok,20.15811307214886,3.793837566440969,26.2269826030879,13.834364077141245,29.623803824367823,1.0,0.001,1.0,0.001,,,,,0.007071067811865475,0.007071067811865475,24,95.45833333333333,1.023299479670273,0.005518281812262622,False,0.5123596411859007,False,0.013541666666666674,False,False,0.18380132835913132,0.013541666666666674,True,-0.7670987359935814,0.10866972236088156,2.1701183626127762,False,forward_only_adequate
1146,assignment_isolation,plus_one_randomisation,True,ok,22.946503926313227,4.755744482263826,31.872828147222982,15.187259595871371,29.21019696093944,1.0,0.001,1.0,0.001,,,,,0.007071067811865475,0.007071067811865475,24,96.04166666666667,1.012090470927032,0.001072233805779551,False,0.5164105103507548,False,0.04166666666666663,False,False,0.21627870991886589,0.04166666666666663,True,0.86498257196166,0.10187660078869262,4.77145431672026,False,forward_only_adequate
1147,assignment_isolation,plus_one_randomisation,True,ok,19.707531815009173,4.0501722762639005,26.110332414712783,12.021864262974901,29.678822737918967,1.0,0.001,1.0,0.001,,,,,0.007071067811865475,0.007071067811865475,24,95.75,1.0267650273107105,0.006952676541509539,False,0.5126148248285617,False,0.027083333333333348,False,False,0.17831399912351548,0.027083333333333348,True,0.14960357489491152,0.13327354381641374,2.05933498639226,False,forward_only_adequate
1148,assignment_isolation,plus_one_randomisation,True,ok,16.246573326555325,2.8076940769116865,21.173445512581957,11.880666324486446,28.398330117883535,1.0,0.001,1.0,0.001,,,,,0.007071067811865475,0.007071067811865475,24,95.91666666666667,0.9833199460566924,0.04052222879383008,False,0.47696266628686734,False,0.018402777777777768,False,False,0.14955764691220796,0.018402777777777768,True,1.3042979917415347,0.16385831355291133,3.9458650974811587,False,forward_only_adequate
1149,assignment_isolation,plus_one_randomisation,True,ok,16.050877163924596,3.6166069979840407,21.992338887117892,9.729850794231675,29.045938622293757,1.0,0.001,1.0,0.001,,,,,0.007071067811865475,0.007071067811865475,24,95.25,1.0022427283994624,0.01957719891617739,False,0.5323162074358828,False,0.012499999999999956,False,False,0.14415887872426128,0.012499999999999956,True,-1.0312250732154418,0.12416879972098888,2.36791619584719,False,forward_only_adequate
1150,assignment_isolation,plus_one_randomisation,True,ok,18.561485203635502,4.762555533698673,26.872146117723148,10.049186260234798,29.818172441459225,1.0,0.001,1.0,0.001,,,,,0.007071067811865475,0.007071067811865475,24,96.04166666666667,1.0331559293768393,0.013783291120563163,False,0.4921959583347809,False,0.03125,False,False,0.16503702025549308,0.03125,True,-0.07632900982749191,0.28061867904951104,2.4893079264410005,False,forward_only_adequate
1151,assignment_isolation,plus_one_randomisation,True,ok,17.020614380310757,3.161872933639758,23.205569226740188,11.819689852195028,29.280223257832496,1.0,0.001,1.0,0.001,,,,,0.007071067811865475,0.007071067811865475,24,97.125,1.0202225211627824,0.052545417411059774,False,0.5306579186433821,False,0.022222222222222254,False,False,0.1512767516336723,0.022222222222222254,True,-0.2921665951544599,0.10354106987708109,2.3498822687698553,False,forward_only_adequate
1152,assignment_isolation,plus_one_randomisation,True,ok,17.386829433602603,3.3535585718139167,23.097967942959862,11.848980957816437,29.266489457320073,1.0,0.001,1.0,0.001,,,,,0.007071067811865475,0.007071067811865475,24,93.75,1.0018697784225832,0.04925524057884299,False,0.5081857295701657,False,0.03993055555555558,False,False,0.1584620504729661,0.03993055555555558,True,1.9256932232765887,0.12623086719619264,3.211965543123959,False,forward_only_adequate
1153,assignment_isolation,plus_one_randomisation,True,ok,17.37336188905675,3.244582940603418,22.839838049386536,11.763692694287759,29.018143333637852,1.0,0.001,1.0,0.001,,,,,0.007071067811865475,0.007071067811865475,24,96.58333333333333,1.0082673942079983,0.019140244519557058,False,0.5441885306827533,False,0.021874999999999978,False,False,0.15713753714064352,0.021874999999999978,True,0.3044094742954619,0.14493045559997406,3.0766591853942096,False,forward_only_adequate
1154,assignment_isolation,plus_one_randomisation,True,ok,16.524821202611914,3.4892798902164937,22.394771618204967,9.794679587120987,29.249217983653853,1.0,0.001,1.0,0.001,,,,,0.007071067811865475,0.007071067811865475,24,95.79166666666667,1.0121226185479308,0.038129294903215316,False,0.5139445847808805,False,0.022916666666666696,False,False,0.1474765288291664,0.022916666666666696,True,-2.2426973577300493,0.20318049462068855,2.418109866487679,False,forward_only_adequate
1155,assignment_isolation,plus_one_randomisation,True,ok,16.330687500396067,4.43321542944671,24.90760499115577,9.136290686633142,29.407370171491046,1.0,0.001,1.0,0.001,,,,,0.007071067811865475,0.007071067811865475,24,96.25,1.02002675647381,0.012571183336126952,False,0.5297250921651515,False,0.02951388888888895,False,False,0.14410681233487274,0.02951388888888895,True,-0.024794702499227834,0.07825874738997599,1.734783941663505,False,forward_only_adequate
1156,assignment_isolation,plus_one_randomisation,True,ok,22.66177236056936,3.55429238988238,28.508313707063113,15.92277872905078,29.687606761924684,1.0,0.001,1.0,0.001,,,,,0.007071067811865475,0.007071067811865475,24,95.41666666666667,1.0252795983301866,0.060447569289941286,False,0.5131621624712841,False,0.02083333333333326,False,False,0.21004123036833047,0.02083333333333326,True,0.4712436918390173,0.11171694470175682,3.971144724725308,False,forward_only_adequate
1157,assignment_isolation,plus_one_randomisation,True,ok,18.790829751251973,3.996731772789938,25.579072931097517,11.274663768425407,29.000590900035775,1.0,0.001,1.0,0.001,,,,,0.007071067811865475,0.007071067811865475,24,96.125,1.0052637679297642,0.020841311432592824,False,0.5051713402802005,False,0.013194444444444509,False,False,0.17288260229149657,0.013194444444444509,True,-0.7801066398606722,0.13781946551367122,4.842162118607063,False,forward_only_adequate
1158,assignment_isolation,plus_one_randomisation,True,ok,17.353108679423393,3.3147068865681497,23.65415147741803,12.565774894238443,28.57740398054294,1.0,0.001,1.0,0.001,,,,,0.007071067811865475,0.007071067811865475,24,97.25,0.9963744575740618,0.02369558542788841,False,0.5129285943121691,False,0.020486111111111094,False,False,0.1591261759135507,0.020486111111111094,True,0.6853733157029299,0.17655602947551194,3.4645780263032537,False,forward_only_adequate
1159,assignment_isolation,plus_one_randomisation,True,ok,18.641047276847136,3.159543617344118,24.241181377778677,12.760099743885615,29.470144359428954,1.0,0.001,1.0,0.001,,,,,0.007071067811865475,0.007071067811865475,24,94.75,1.0142076430740705,0.001310807792531437,False,0.5131188769522456,False,0.041319444444444464,False,False,0.16950420062858776,0.041319444444444464,True,1.3230315376884487,0.18117953375042112,4.5760181290872906,False,forward_only_adequate
1160,assignment_isolation,plus_one_randomisation,True,ok,23.589606931491886,4.334108658826654,30.53523424328996,16.291144348334115,28.978564473849847,1.0,0.001,1.0,0.001,,,,,0.007071067811865475,0.007071067811865475,24,96.83333333333333,1.008194480038767,0.0020238303260810236,False,0.506222522898803,False,0.042013888888888906,False,False,0.22423308730613753,0.042013888888888906,True,-0.41543260533063675,0.09830190155763252,3.8529135574744946,False,forward_only_adequate
1161,assignment_isolation,plus_one_randomisation,True,ok,17.379673666424452,3.091535609996983,22.99571270943127,12.050674984291572,28.726816536733573,1.0,0.001,1.0,0.001,,,,,0.007071067811865475,0.007071067811865475,24,97.54166666666667,1.0030846701894387,0.0035641114170484618,False,0.5094693700978,False,0.030902777777777724,False,False,0.1581599545389244,0.030902777777777724,True,1.3126483810298697,0.14970047462696845,3.176830182610497,False,forward_only_adequate
1162,assignment_isolation,plus_one_randomisation,True,ok,21.915220126295875,4.199337886879498,29.2543197572368,15.009397714500825,29.475401495697245,1.0,0.001,1.0,0.001,,,,,0.007071067811865475,0.007071067811865475,24,94.83333333333333,1.0148345492269313,0.004540472667100076,False,0.49359461500877566,False,0.031597222222222165,False,False,0.20447989604269773,0.031597222222222165,True,-0.9426149798513396,0.13397427161974218,3.08856598059395,False,forward_only_adequate
1163,assignment_isolation,plus_one_randomisation,True,ok,21.86861500042102,4.048594940736448,28.32430903041707,14.758804914141685,29.76815797222757,1.0,0.001,1.0,0.001,,,,,0.007071067811865475,0.007071067811865475,24,97.25,1.0378910650089679,0.021151598219606698,False,0.5060543160306653,False,0.024652777777777746,False,False,0.1987450765115389,0.024652777777777746,True,1.2959998179162822,0.20113948915928084,3.9180408489373266,False,forward_only_adequate
1164,assignment_isolation,plus_one_randomisation,True,ok,19.046616587622463,4.145813423212409,26.188670620658996,11.908754020656044,29.63268504480154,1.0,0.001,1.0,0.001,,,,,0.007071067811865475,0.007071067811865475,24,96.08333333333333,1.0269517568583932,0.005646386003253134,False,0.5008542005269034,False,0.020486111111111094,False,False,0.17130699331741345,0.020486111111111094,True,-0.8492081755671161,0.1226401972983307,2.249987706341674,False,forward_only_adequate
1165,assignment_isolation,plus_one_randomisation,True,ok,15.444128802765945,3.66092001738012,20.990479423633808,7.567322352364526,29.480146213043895,1.0,0.001,1.0,0.001,,,,,0.007071067811865475,0.007071067811865475,24,96.25,1.0225510729693434,0.005380807866082514,False,0.5057480206837996,False,0.02604166666666674,False,False,0.13451736717098176,0.02604166666666674,True,-0.8244470521290475,0.23352276200745073,2.7999051397762313,False,forward_only_adequate
1166,assignment_isolation,plus_one_randomisation,True,ok,27.958935627214988,3.587949390063322,34.383081022239814,22.12543483496988,28.931111329584432,1.0,0.001,1.0,0.001,,,,,0.007071067811865475,0.007071067811865475,24,96.20833333333333,1.0032899654553034,0.00013035971758807287,False,0.5374659536001444,False,0.018749999999999933,False,False,0.27318821122271536,0.018749999999999933,True,0.7110454858768094,0.14045767372330384,5.548362445475256,False,forward_only_adequate
1167,assignment_isolation,plus_one_randomisation,True,ok,26.526437018610125,2.622575885974906,31.20713725725902,22.06115886238945,28.65684294188331,1.0,0.001,1.0,0.001,,,,,0.007071067811865475,0.007071067811865475,24,95.45833333333333,0.9898976054958977,0.01601023266216827,False,0.48777751617845566,False,0.027430555555555514,False,False,0.261496892482846,0.027430555555555514,True,1.2170540741893667,0.14054133733382954,3.4885795680095333,False,forward_only_adequate
1168,assignment_isolation,plus_one_randomisation,True,ok,20.14734402293631,4.357305630754517,26.871164790003206,11.852283533651306,29.06983694689793,1.0,0.001,1.0,0.001,,,,,0.007071067811865475,0.007071067811865475,24,95.95833333333333,1.0067901326054831,0.0052238392402063905,False,0.5741175797859684,False,0.023611111111111138,False,False,0.18719887136600644,0.023611111111111138,True,-0.8831074112512027,0.24079723223485985,3.1584463137926484,False,forward_only_adequate
1169,assignment_isolation,plus_one_randomisation,True,ok,17.76196640267226,3.9597766063720625,24.14190172628416,10.207539412500058,29.495311259642207,1.0,0.001,1.0,0.001,,,,,0.007071067811865475,0.007071067811865475,24,96.54166666666667,1.0246260334223927,0.012809265934224748,False,0.5104523629385862,False,0.028472222222222232,False,False,0.15825485402901088,0.028472222222222232,True,-1.0144572278473243,0.14890156277997738,2.321634066887211,False,forward_only_adequate
1170,assignment_isolation,plus_one_randomisation,True,ok,28.922533613551497,3.5597362480841435,33.932287531205795,20.598892181091287,28.836743980382664,1.0,0.001,1.0,0.001,,,,,0.007071067811865475,0.007071067811865475,24,95.79166666666667,0.9978496123941564,0.022478640450868212,False,0.5123301472813141,False,0.010069444444444464,False,False,0.2853591932448462,0.010069444444444464,True,1.5539592584855257,0.16954212585200132,4.29176153844276,False,forward_only_adequate
1171,assignment_isolation,plus_one_randomisation,True,ok,20.521762850667752,3.6777562158678703,26.302022502894946,13.885930083453468,29.07921999331305,1.0,0.001,1.0,0.001,,,,,0.007071067811865475,0.007071067811865475,24,96.125,1.007989332344961,0.032897103211243686,False,0.4967913377601905,False,0.03749999999999998,False,False,0.1909854015776401,0.03749999999999998,True,0.2569025275611797,0.08415632735338682,3.053724763506054,False,forward_only_adequate
1172,assignment_isolation,plus_one_randomisation,True,ok,17.41346487920532,3.8482724311204133,23.81348474238682,11.267455745230171,28.918985954315914,1.0,0.001,1.0,0.001,,,,,0.007071067811865475,0.007071067811865475,24,96.0,1.001783059524918,0.02704608958142925,False,0.4953701108075064,False,0.022916666666666585,False,False,0.15876353591157877,0.022916666666666585,True,0.5581576775261564,0.17431350831437029,2.474619775897148,False,forward_only_adequate
1173,assignment_isolation,plus_one_randomisation,True,ok,17.00886851704175,3.5125214788537997,22.99856304613642,10.543667275875158,29.350703377538277,1.0,0.001,1.0,0.001,,,,,0.007071067811865475,0.007071067811865475,24,97.625,1.025307285508396,0.016319843300455824,False,0.5075538468984861,False,0.02881944444444451,False,False,0.15027119193161004,0.02881944444444451,True,0.5550378283709625,0.16729273394911245,2.925628472584538,False,forward_only_adequate
1174,assignment_isolation,plus_one_randomisation,True,ok,24.472381805340195,4.229478855655616,30.814407893151934,15.925250099550265,29.46995453009651,1.0,0.001,1.0,0.001,,,,,0.007071067811865475,0.007071067811865475,24,95.45833333333333,1.0179850405216457,0.013507906142160294,False,0.5139458826862005,False,0.029861111111111116,False,False,0.23127705563042636,0.029861111111111116,True,1.1133129103485073,0.1332985087316228,4.342895635478964,False,forward_only_adequate
1175,assignment_isolation,plus_one_randomisation,True,ok,19.646739257644228,3.549609617653699,26.022462073450214,13.064791123837448,28.070284442777417,1.0,0.001,1.0,0.001,,,,,0.007071067811865475,0.007071067811865475,24,98.04166666666667,0.982668789585124,0.019838220656432808,False,0.5186748166484337,False,0.03229166666666672,False,False,0.18700058788186508,0.03229166666666672,True,0.5046206950643304,0.14851205423636782,3.9575952383928374,False,forward_only_adequate
1176,assignment_isolation,plus_one_randomisation,True,ok,22.22969315638254,4.552956012754808,31.016472178006417,15.013529223667224,29.162037938560776,1.0,0.001,1.0,0.001,,,,,0.007071067811865475,0.007071067811865475,24,97.79166666666667,1.0195858534089155,0.010652370030023787,False,0.5262649987568765,False,0.03229166666666661,False,False,0.20675340686436094,0.03229166666666661,True,-0.8280594686937718,0.062094292882408954,2.9346358842474864,False,forward_only_adequate
1177,assignment_isolation,plus_one_randomisation,True,ok,23.197674076227667,4.703242032785302,30.115846724902326,13.94709162262965,28.59616216920955,1.0,0.001,1.0,0.001,,,,,0.007071067811865475,0.007071067811865475,24,96.625,0.9938194939493354,0.058566605091965124,False,0.500892984770339,False,0.013541666666666674,False,False,0.22361962786042275,0.013541666666666674,True,-0.8101327930081191,0.1614133826830299,2.8159171396219214,False,forward_only_adequate
1178,assignment_isolation,plus_one_randomisation,True,ok,21.128617562577446,3.919069640158064,27.541066520978646,14.512455570402931,29.418515167894096,1.0,0.001,1.0,0.001,,,,,0.007071067811865475,0.007071067811865475,24,95.91666666666667,1.0186448508725743,0.012566085242775828,False,0.5316107008909943,False,0.018055555555555602,False,False,0.1951600162285539,0.018055555555555602,True,1.8517788194830185,0.19626144266281023,3.128243595368063,False,forward_only_adequate
1179,assignment_isolation,plus_one_randomisation,True,ok,19.801915349320407,3.522177046217977,26.378123474844113,14.250722885543684,28.987217144346427,1.0,0.001,1.0,0.001,,,,,0.007071067811865475,0.007071067811865475,24,94.20833333333333,0.9947322324285169,0.012809656236314691,False,0.5043712289768336,False,0.019444444444444486,False,False,0.18605963720071214,0.019444444444444486,True,0.5665976728284771,0.127608446348234,4.015237978848439,False,forward_only_adequate
1180,assignment_isolation,plus_one_randomisation,True,ok,24.264828216715348,4.414421688800917,31.34605966474655,16.64116132474272,29.522847441766217,1.0,0.001,1.0,0.001,,,,,0.007071067811865475,0.007071067811865475,24,96.29166666666667,1.0242538397414787,0.016165462395432224,False,0.5026362248671996,False,0.037847222222222254,False,False,0.2274400407442009,0.037847222222222254,True,0.75925112390781,0.15798795455805797,4.860170434616114,False,forward_only_adequate
1181,assignment_isolation,plus_one_randomisation,True,ok,20.582287634435136,4.061347144852609,27.419877496123572,13.798497177954154,29.096988457391962,1.0,0.001,1.0,0.001,,,,,0.007071067811865475,0.007071067811865475,24,95.75,1.0066359576299126,0.012711142408146282,False,0.5190829904352952,False,0.01666666666666672,False,False,0.19193917647430858,0.01666666666666672,True,-0.7693306498991925,0.06788794612070483,3.060600982109645,False,forward_only_adequate
1182,assignment_isolation,plus_one_randomisation,True,ok,20.396113001439137,4.113275994120859,27.545508823021724,13.808738154912511,30.18620666032389,1.0,0.001,1.0,0.001,,,,,0.007071067811865475,0.007071067811865475,24,95.5,1.042954190194548,0.006778551713333306,False,0.5120523199811079,False,0.023611111111111138,False,False,0.18224683814649012,0.023611111111111138,True,-1.2071316117600943,0.157633756496842,0.05804034325916744,False,forward_only_adequate
1183,assignment_isolation,plus_one_randomisation,True,ok,16.683516801942844,3.9775144251538865,23.149080602678325,9.767746945519221,28.849107581967715,1.0,0.001,1.0,0.001,,,,,0.007071067811865475,0.007071067811865475,24,95.83333333333333,0.9984945227677657,0.009319990132820583,False,0.5207603920159194,False,0.02256944444444453,False,False,0.15154840056140406,0.02256944444444453,True,-0.005954452848547045,0.14906546795583608,2.8201487810173114,False,forward_only_adequate
1184,assignment_isolation,plus_one_randomisation,True,ok,18.59332647571283,4.195040778810748,26.183724792583387,11.276285205978942,29.141477732454916,1.0,0.001,1.0,0.001,,,,,0.007071067811865475,0.007071067811865475,24,96.04166666666667,1.0097094504768225,0.022810650635974858,False,0.536888568147541,False,0.015625,False,False,0.1698781503440727,0.015625,True,0.5892217394764047,0.21976914156726404,2.059634028314372,False,forward_only_adequate
1185,assignment_isolation,plus_one_randomisation,True,ok,19.76718545296917,3.9062063361993813,28.19226634149855,13.83765198714011,28.635380995264992,1.0,0.001,1.0,0.001,,,,,0.007071067811865475,0.007071067811865475,24,97.0,0.9971117624178745,0.0014897681306861,False,0.5242256696847638,False,0.023263888888888862,False,False,0.18516393559493372,0.023263888888888862,True,-0.397588290592569,0.16898701885574965,3.464334375247711,False,forward_only_adequate
1186,assignment_isolation,plus_one_randomisation,True,ok,17.124596697356342,4.117179819343626,24.58199639825774,9.97415170390499,28.337628203923195,1.0,0.001,1.0,0.001,,,,,0.007071067811865475,0.007071067811865475,24,96.75,0.9854713238639357,0.03115851912179315,False,0.5093909809395988,False,0.014930555555555558,False,False,0.1587054836099723,0.014930555555555558,True,1.5664058883285312,0.24967402170427128,1.5792953466517303,False,forward_only_adequate
1187,assignment_isolation,plus_one_randomisation,True,ok,20.541404608112128,4.032488668012314,27.700138477303035,14.266584012595459,29.469689710103264,1.0,0.001,1.0,0.001,,,,,0.007071067811865475,0.007071067811865475,24,96.75,1.024839973320499,0.010730564397919909,False,0.5243676588520801,False,0.03194444444444444,False,False,0.18754786647723148,0.03194444444444444,True,0.638318564121292,0.1643432115980004,4.704654238869364,False,forward_only_adequate
1188,assignment_isolation,plus_one_randomisation,True,ok,29.901785439546984,3.773901440070262,36.551971167049956,23.16158883146543,29.98658386802321,1.0,0.001,1.0,0.001,,,,,0.007071067811865475,0.007071067811865475,24,95.41666666666667,1.0356049549582513,0.0077722258507179984,False,0.5250793170181818,False,0.03125,False,False,0.284151131464527,0.03125,True,0.07984213119007093,0.06476454901787553,3.99607338349177,False,forward_only_adequate
1189,assignment_isolation,plus_one_randomisation,True,ok,14.669582873606446,3.7075300964465017,22.202673221703186,8.859685806027974,28.472035361933603,1.0,0.001,1.0,0.001,,,,,0.007071067811865475,0.007071067811865475,24,97.66666666666667,0.9948250300760617,0.011246416626458908,False,0.5085558433025745,False,0.021180555555555536,False,False,0.1307570211027885,0.021180555555555536,True,0.6218943542071169,0.13889135242248593,2.3055641667126032,False,forward_only_adequate
1190,assignment_isolation,plus_one_randomisation,True,ok,25.750438768043377,3.1285891266697243,31.286622831495187,20.611388871306286,29.050541112092525,1.0,0.001,1.0,0.001,,,,,0.007071067811865475,0.007071067811865475,24,95.5,1.0037161648435753,0.01948213133044914,False,0.495956805835447,False,0.013194444444444509,False,False,0.24899035899140332,0.013194444444444509,True,0.6953868534039965,0.18021366258449315,4.429293301523024,False,forward_only_adequate
1191,assignment_isolation,plus_one_randomisation,True,ok,19.289790200247534,3.4342524478995453,26.446227146627713,14.321763671435392,28.64503751091329,1.0,0.001,1.0,0.001,,,,,0.007071067811865475,0.007071067811865475,24,95.625,0.990353238047578,0.00924799976737454,False,0.5209453559563627,False,0.02430555555555558,False,False,0.1813951076729321,0.02430555555555558,True,-0.06490655897812617,0.11237825571802391,3.0405298801361575,False,forward_only_adequate
1192,assignment_isolation,plus_one_randomisation,True,ok,25.79728771693083,3.4444261925492587,32.13313776740535,20.251367006879086,28.891403864315155,1.0,0.001,1.0,0.001,,,,,0.007071067811865475,0.007071067811865475,24,94.66666666666667,0.9938530946508015,0.017674451894430277,False,0.5508812606580512,False,0.014583333333333282,False,False,0.2522969471115894,0.014583333333333282,True,0.291388957634835,0.1092006221127391,3.9410952991726123,False,forward_only_adequate
1193,assignment_isolation,plus_one_randomisation,True,ok,19.086415251234147,3.5759156764512765,24.500885000580165,11.677015216176414,29.34913823790482,1.0,0.001,1.0,0.001,,,,,0.007071067811865475,0.007071067811865475,24,95.54166666666667,1.0142540880392805,0.021305995520821956,False,0.49845041239346105,False,0.019791666666666652,False,False,0.1742434785839505,0.019791666666666652,True,0.9642833240951258,0.13563746474188476,4.843331404829866,False,forward_only_adequate
1194,assignment_isolation,plus_one_randomisation,True,ok,26.427954996359905,2.922683109577279,31.59059815482397,21.512067982555767,29.42352989793603,1.0,0.001,1.0,0.001,,,,,0.007071067811865475,0.007071067811865475,24,95.875,1.0185971769110802,0.01749019568517447,False,0.5337503088102642,False,0.013541666666666674,False,False,0.25217205851488694,0.013541666666666674,True,1.1058425023487704,0.12077505503923681,4.35828748469209,False,forward_only_adequate
1195,assignment_isolation,plus_one_randomisation,True,ok,21.988884455302255,3.4602192375000316,27.99063491291477,15.937880865136904,29.034597434432477,1.0,0.001,1.0,0.001,,,,,0.007071067811865475,0.007071067811865475,24,96.95833333333333,1.0107957010841084,0.026654644410203536,False,0.500854277220962,False,0.03020833333333328,False,False,0.20622120436753263,0.03020833333333328,True,0.2580703669647721,0.24855094266033975,3.032457356013157,False,forward_only_adequate
1196,assignment_isolation,plus_one_randomisation,True,ok,18.988258689376064,3.954497896041466,25.76953569204587,13.016413093597407,29.126073125609114,1.0,0.001,1.0,0.001,,,,,0.007071067811865475,0.007071067811865475,24,96.20833333333333,1.0100509644148796,0.017312817910215106,False,0.49037753099214754,False,0.025694444444444464,False,False,0.17403917738503072,0.025694444444444464,True,0.01785069123928353,0.12726863537924357,2.7084442366842953,False,forward_only_adequate
1197,assignment_isolation,plus_one_randomisation,True,ok,16.82356874137911,4.8622794896102555,25.286020158909068,9.066608866136558,28.666701119503685,1.0,0.001,1.0,0.001,,,,,0.007071067811865475,0.007071067811865475,24,97.41666666666667,1.0003439675851402,0.013935230719609797,False,0.49150991630090224,False,0.028819444444444398,False,False,0.15271437734515275,0.028819444444444398,True,-0.7794913487976741,0.07440994228075527,4.111928550897702,False,forward_only_adequate
1198,assignment_isolation,plus_one_randomisation,True,ok,13.377608214688587,3.7054018632568813,21.141629797647504,8.201043729701754,28.837455092867522,1.0,0.001,1.0,0.001,,,,,0.007071067811865475,0.007071067811865475,24,95.79166666666667,0.9978742193094817,0.005668369299237338,False,0.5243948191515033,False,0.029166666666666674,False,False,0.11679865490305304,0.029166666666666674,True,-0.09497539942580696,0.20543895391840028,2.312880646141391,False,forward_only_adequate
1199,assignment_isolation,plus_one_randomisation,True,ok,18.512805722251837,4.343035537776892,25.43714739982126,10.96891927266363,28.687725173067665,1.0,0.001,1.0,0.001,,,,,0.007071067811865475,0.007071067811865475,24,96.33333333333333,0.9954957545321703,0.0035739702244214355,False,0.5124306747934209,False,0.018402777777777768,False,False,0.17184565638849386,0.018402777777777768,True,-1.7021546241846341,0.26430455330118274,1.1895795717514352,False,forward_only_adequate
