{
  "scenario": "clean_null",
  "generator": "forward_only",
  "M": 1200,
  "P": 24,
  "trials_per_bin": 12,
  "delay_support_ms": "0-20",
  "n_bins": 5,
  "sigma_resid": 1.0,
  "beta_min_med": 40.553477033049106,
  "beta_inj": 0.0,
  "mean_beta_hat": -0.011508477152451225,
  "sd_beta_hat": 4.222186216269337,
  "median_ucb": 7.085737640385047,
  "median_lcb": -7.266840942670623,
  "rand_pass_rate": 0.04666666666666667,
  "materiality_pass_rate": 0.0,
  "leak_fire_rate": 0.0008333333333333334,
  "delivery_fire_rate": 0.0,
  "retention_imbalance_med": 0.030208333333333337,
  "retention_fire_rate": 0.0008333333333333334,
  "gate_pass_rate": 0.0033333333333333335,
  "collider_inter_fire_rate": 0.004166666666666667,
  "collider_fire_rate": 0.006666666666666667,
  "support_n": 0,
  "support_rate": 0.0,
  "null_n": 1190,
  "null_rate": 0.9916666666666667,
  "selection_limited_n": 9,
  "selection_limited_rate": 0.0075,
  "diagnostic_failure_n": 1,
  "diagnostic_failure_rate": 0.0008333333333333334,
  "opposite_direction_n": 0,
  "opposite_direction_rate": 0.0,
  "inconclusive_n": 0,
  "inconclusive_rate": 0.0,
  "base_seed": 101,
  "run_hash": "9d2658d6d147de10"
}