{
  "scenario": "injected_residual",
  "generator": "endpoint_injected",
  "M": 1200,
  "P": 24,
  "trials_per_bin": 12,
  "delay_support_ms": "0-20",
  "n_bins": 5,
  "sigma_resid": 1.0,
  "beta_min_med": 44.16508115316327,
  "beta_inj": -60.0,
  "mean_beta_hat": -59.893915977064076,
  "sd_beta_hat": 4.883787779152018,
  "median_ucb": -51.71317762856944,
  "median_lcb": -68.35655851094681,
  "rand_pass_rate": 1.0,
  "materiality_pass_rate": 0.9341666666666667,
  "leak_fire_rate": 0.0016666666666666668,
  "delivery_fire_rate": 0.0,
  "retention_imbalance_med": 0.030555555555555558,
  "retention_fire_rate": 0.0025,
  "gate_pass_rate": 1.0,
  "collider_inter_fire_rate": 0.0025,
  "collider_fire_rate": 0.005833333333333334,
  "support_n": 1113,
  "support_rate": 0.9275,
  "null_n": 75,
  "null_rate": 0.0625,
  "selection_limited_n": 10,
  "selection_limited_rate": 0.008333333333333333,
  "diagnostic_failure_n": 2,
  "diagnostic_failure_rate": 0.0016666666666666668,
  "opposite_direction_n": 0,
  "opposite_direction_rate": 0.0,
  "inconclusive_n": 0,
  "inconclusive_rate": 0.0,
  "base_seed": 102,
  "run_hash": "9d2658d6d147de10"
}