replicate,inference_route,calibration,route_valid,route_reason,beta_hat,se,ucb,lcb,beta_min,p_infer_less,p_infer_greater,p_rand_less,p_rand_greater,p_seq_less,p_seq_greater,log_e_seq_less,log_e_seq_greater,infer_neg_pass,infer_pos_pass,magnitude_neg_pass,magnitude_pos_pass,component_disagreement,sigma_tau_design,sigma_tau_eff,N,N_eligible,N_estimable,N_nonestimable,nonestimable_fraction,nonestimable_reasons,median_leverage_fraction,min_leverage_fraction_estimable,estimability_summary_max_smd,estimability_summary_fired,estimability_information_sufficient,estimability_support_passed,estimability_opposite_passed,estimability_adequacy_passed,estimability_conclusion_changing,nonestimable_abs_bound_sum,support_ucb_upper,eligible_lcb_lower,eligible_ucb_upper,nbar_ret,sigma_blind,leak_excursion,leak_fired,delivery_p99_ms,delivery_fired,retention_imbalance,retention_fired,balance_fired,gate_required,gate_audited,gate_passed,gate_applicable,collider_inter_z,collider_smd,collider_rank_z,collider_fired,decision
0,assignment_isolation,plus_one_randomisation,True,ok,84.74364083329925,4.549444581330607,92.2089427921542,76.76216599857398,34.13953563647435,1.0,0.001,1.0,0.001,,,,,False,True,False,True,False,0.007071067811865475,0.007054256446010092,24,24,24,0,0.0,{},0.803076192486281,0.7338315217391304,0.0,False,True,False,True,False,False,0.0,92.20894279215422,76.76216599857398,92.20894279215422,95.91666666666667,1.179304338874549,0.01106793976896486,False,0.49726507670561737,False,0.028472222222222232,False,False,0.6504550947623375,0.028472222222222232,True,True,0.15455875962566631,0.10654056269409752,12.11558122335559,False,opposite_direction
1,assignment_isolation,plus_one_randomisation,True,ok,95.22165839926294,3.091246133245097,100.54773472220002,90.00516174595421,34.51289986598241,1.0,0.001,1.0,0.001,,,,,False,True,False,True,False,0.007071067811865475,0.007024166176336017,24,24,24,0,0.0,{},0.810374149659864,0.6600980392156862,0.0,False,True,False,True,False,False,0.0,100.54773472220002,90.00516174595423,100.54773472220002,96.91666666666667,1.1932885338198034,0.003137112333126799,False,0.4989673297170602,False,0.030902777777777724,False,False,0.6893391033463839,0.030902777777777724,True,True,0.38712068911817044,0.0820946408415488,14.372260574810102,False,opposite_direction
2,assignment_isolation,plus_one_randomisation,True,ok,85.9089545988708,3.38974900134038,91.21121096452835,79.94458194566033,34.05139740140759,1.0,0.001,1.0,0.001,,,,,False,True,False,True,False,0.007071067811865475,0.007028394917346657,24,24,24,0,0.0,{},0.774542824074074,0.7371093750000001,0.0,False,True,False,True,False,False,0.0,91.21121096452835,79.94458194566033,91.21121096452835,96.08333333333333,1.172965207237989,0.030151881674740283,False,0.525818035206004,False,0.023958333333333304,False,False,0.657859781215492,0.023958333333333304,True,True,-0.7156180944465325,0.16170040602913285,11.43488006367872,False,opposite_direction
3,assignment_isolation,plus_one_randomisation,True,ok,88.39495736278995,2.382548039233611,92.40216989918908,84.20843706267996,33.915022107291314,1.0,0.001,1.0,0.001,,,,,False,True,False,True,False,0.007071067811865475,0.007063912049679778,24,24,24,0,0.0,{},0.7992234674768783,0.6992753623188405,0.0,False,True,False,True,False,False,0.0,92.40216989918908,84.20843706267996,92.40216989918908,95.79166666666667,1.1723877095357047,0.018877973359677495,False,0.47247468892288863,False,0.019444444444444486,False,False,0.6688702764517308,0.019444444444444486,True,True,0.2831308021594076,0.2358948805043372,13.712686914919272,False,opposite_direction
4,assignment_isolation,plus_one_randomisation,True,ok,86.6014083278448,3.4798697071053586,92.58602478533841,80.88919217990353,34.788131371396396,1.0,0.001,1.0,0.001,,,,,False,True,False,True,False,0.007071067811865475,0.007086283168183046,24,24,24,0,0.0,{},0.795786510942761,0.7037306201550385,0.0,False,True,False,True,False,False,0.0,92.58602478533841,80.88919217990353,92.58602478533841,94.79166666666667,1.2000647747845785,0.006663311649173576,False,0.5173118647554336,False,0.03472222222222221,False,False,0.6521128805702461,0.03472222222222221,True,True,1.3395919522646127,0.18160318636460063,12.784320917290039,False,opposite_direction
5,assignment_isolation,plus_one_randomisation,True,ok,88.47240577044936,3.941345761473921,94.80131012219027,81.17622940310041,34.96190630222673,1.0,0.001,1.0,0.001,,,,,False,True,False,True,False,0.007071067811865475,0.0070894616246941124,24,24,24,0,0.0,{},0.7940647820017184,0.7232558139534883,0.0,False,True,False,True,False,False,0.0,94.80131012219027,81.17622940310041,94.80131012219027,95.08333333333333,1.2084552258235683,0.0035356457142505827,False,0.495475193860948,False,0.018402777777777768,False,False,0.657703627282387,0.018402777777777768,True,True,-2.3286372344781645,0.23383538134528908,12.151903036553085,False,opposite_direction
6,assignment_isolation,plus_one_randomisation,True,ok,92.06252480607235,3.5228215569801016,99.15204443593518,86.19630854870283,34.520296137717,1.0,0.001,1.0,0.001,,,,,False,True,False,True,False,0.007071067811865475,0.007072206056189345,24,24,24,0,0.0,{},0.7978942652329749,0.699808429118774,0.0,False,True,False,True,False,False,0.0,99.15204443593518,86.19630854870282,99.15204443593518,95.04166666666667,1.190025985153895,0.005724528238581778,False,0.5224852733105494,False,0.038541666666666696,False,False,0.6783333421146573,0.038541666666666696,True,True,0.6072517370862993,0.18919343127394428,13.191067166372445,False,opposite_direction
7,assignment_isolation,plus_one_randomisation,True,ok,90.57665682781675,3.7379062121312283,97.18762862758562,84.69743524745995,34.17704402638909,1.0,0.001,1.0,0.001,,,,,False,True,False,True,False,0.007071067811865475,0.007046830128293465,24,24,24,0,0.0,{},0.8156075456498388,0.6916666666666668,0.0,False,True,False,True,False,False,0.0,97.18762862758562,84.69743524745995,97.18762862758562,97.08333333333333,1.1865079277275339,0.010382537752899783,False,0.5314082114820315,False,0.02604166666666663,False,False,0.6734721573333556,0.02604166666666663,True,True,0.18563093712874063,0.19302322099909278,12.995503204152339,False,opposite_direction
8,assignment_isolation,plus_one_randomisation,True,ok,86.27880251871052,4.849314424357834,94.90474955282696,78.36966635506917,33.985718638772944,1.0,0.001,1.0,0.001,,,,,False,True,False,True,False,0.007071067811865475,0.007037480927721278,24,24,24,0,0.0,{},0.7949935105621195,0.7255376344086022,0.0,False,True,False,True,False,False,0.0,94.90474955282696,78.36966635506917,94.90474955282696,96.54166666666667,1.175008718076208,0.015603887165769437,False,0.5304536328722591,False,0.03368055555555549,False,False,0.6588427318820456,0.03368055555555549,True,True,-0.34758935056416096,0.16944833605456372,13.031558762940078,False,opposite_direction
9,assignment_isolation,plus_one_randomisation,True,ok,85.40299286698753,4.3972661425811745,93.8232430161774,78.3572036935103,33.75335620197144,1.0,0.001,1.0,0.001,,,,,False,True,False,True,False,0.007071067811865475,0.007120426579960218,24,24,24,0,0.0,{},0.7931785088791137,0.7081521739130436,0.0,False,True,False,True,False,False,0.0,93.8232430161774,78.3572036935103,93.8232430161774,94.08333333333333,1.1655994331462616,0.03194062059857029,False,0.5282121123493982,False,0.023611111111111138,False,False,0.6580109316948348,0.023611111111111138,True,True,-0.7928302166745741,0.22333579779986568,12.629770975230564,False,opposite_direction
10,assignment_isolation,plus_one_randomisation,True,ok,87.09682705231859,4.390451557809526,95.28945038135572,79.84200073256228,33.958093202690705,1.0,0.001,1.0,0.001,,,,,False,True,False,True,False,0.007071067811865475,0.0070712283529339864,24,24,24,0,0.0,{},0.8041666666666667,0.6748062015503876,0.0,False,True,False,True,False,False,0.0,95.28945038135572,79.84200073256228,95.28945038135572,97.41666666666667,1.1850175851050013,0.023394363217221003,False,0.5121861755994299,False,0.023263888888888862,False,False,0.6592092515172701,0.023263888888888862,True,True,0.44960134688013437,0.17915428731002342,12.473534565063801,False,opposite_direction
11,assignment_isolation,plus_one_randomisation,True,ok,92.3999765567575,4.160295553931153,99.4748088705371,85.04474805409188,34.06514515109634,1.0,0.001,1.0,0.001,,,,,False,True,False,True,False,0.007071067811865475,0.007034007675815063,24,24,24,0,0.0,{},0.7808696472363704,0.696969696969697,0.0,False,True,False,True,False,False,0.0,99.4748088705371,85.04474805409188,99.4748088705371,95.58333333333333,1.1713162595737658,0.009213267869047217,False,0.5315643836258637,False,0.03680555555555565,False,False,0.6853110805948672,0.03680555555555565,True,True,0.5412372205206494,0.25627860508243744,13.700251178914124,False,opposite_direction
12,assignment_isolation,plus_one_randomisation,True,ok,87.30600404291242,4.629675120134103,95.10329592726698,78.88329751314485,33.603001567974424,1.0,0.001,1.0,0.001,,,,,False,True,False,True,False,0.007071067811865475,0.007094073788271727,24,24,24,0,0.0,{},0.798936855670103,0.6914705882352941,0.0,False,True,False,True,False,False,0.0,95.10329592726698,78.88329751314485,95.10329592726698,95.25,1.1632585951462031,0.03339827667439942,False,0.5356250759779914,False,0.037847222222222254,False,False,0.6671559140098945,0.037847222222222254,True,True,0.06091312234471622,0.12964805855856612,13.825933253322045,False,opposite_direction
13,assignment_isolation,plus_one_randomisation,True,ok,95.09571933455656,4.472710216618802,102.90096131329324,87.88739799020051,35.498026542861396,1.0,0.001,1.0,0.001,,,,,False,True,False,True,False,0.007071067811865475,0.0070206984417594325,24,24,24,0,0.0,{},0.762087912087912,0.6852059925093632,0.0,False,True,False,True,False,False,0.0,102.90096131329324,87.88739799020051,102.90096131329324,94.08333333333333,1.2086787350039219,0.029145232359400405,False,0.4925066752468627,False,0.04062500000000002,False,False,0.6843762291850308,0.04062500000000002,True,True,0.6096702098590079,0.15006864371493486,15.049657179544344,False,opposite_direction
14,assignment_isolation,plus_one_randomisation,True,ok,88.79340308425508,3.279595067092889,95.10786810792062,83.46219516359,33.62842636751745,1.0,0.001,1.0,0.001,,,,,False,True,False,True,False,0.007071067811865475,0.007085688487716247,24,24,24,0,0.0,{},0.8051075268817203,0.7537760416666666,0.0,False,True,False,True,False,False,0.0,95.10786810792062,83.46219516359,95.10786810792062,96.66666666666667,1.1713777657497213,0.017947815181434075,False,0.5250725595953911,False,0.02604166666666663,False,False,0.670865768539227,0.02604166666666663,True,True,-1.2841561691891386,0.1843824560014372,12.804018658397373,False,opposite_direction
15,assignment_isolation,plus_one_randomisation,True,ok,94.02384868650033,3.703804189955523,100.05869482354386,87.64951213244377,35.53248932510316,1.0,0.001,1.0,0.001,,,,,False,True,False,True,False,0.007071067811865475,0.007042202429562113,24,24,24,0,0.0,{},0.8062285223367699,0.6285984848484849,0.0,False,True,False,True,False,False,0.0,100.05869482354386,87.64951213244377,100.05869482354386,96.75,1.2306360419045776,0.0008160447354140187,False,0.5032932567438129,False,0.018055555555555602,False,False,0.6737795101675577,0.018055555555555602,True,True,-0.2685798630570854,0.13170609368068498,14.644688360164855,False,opposite_direction
16,assignment_isolation,plus_one_randomisation,True,ok,96.35030246523122,4.390692020823553,104.76054639336924,89.1788717415227,35.01029599062271,1.0,0.001,1.0,0.001,,,,,False,True,False,True,False,0.007071067811865475,0.00707677266401531,24,24,24,0,0.0,{},0.7958042442375887,0.7120833333333334,0.0,False,True,False,True,False,False,0.0,104.76054639336924,89.1788717415227,104.76054639336924,94.75,1.2058426500449906,0.03901509819241658,False,0.48357389586005195,False,0.025694444444444464,False,False,0.6897966292978711,0.025694444444444464,True,True,0.1827033504718659,0.2232087423770088,15.99077552700166,False,opposite_direction
17,assignment_isolation,plus_one_randomisation,True,ok,88.09266519862776,3.3406834963582335,93.39421407703604,81.38382648964836,33.704694789899875,1.0,0.001,1.0,0.001,,,,,False,True,False,True,False,0.007071067811865475,0.007059871046310148,24,24,24,0,0.0,{},0.8179544026900194,0.7037254901960784,0.0,False,True,False,True,False,False,0.0,93.39421407703604,81.38382648964836,93.39421407703604,97.125,1.1725265554736155,0.010884116666134643,False,0.5057462353401584,False,0.014236111111111116,False,False,0.667543992190697,0.014236111111111116,True,True,1.249716006053616,0.15281247936959613,13.716411201916252,False,opposite_direction
18,assignment_isolation,plus_one_randomisation,True,ok,85.54677280792994,2.897432303079314,90.7160505059986,80.14905682802932,34.04306349556778,1.0,0.001,1.0,0.001,,,,,False,True,False,True,False,0.007071067811865475,0.006986053042035096,24,24,24,0,0.0,{},0.7788265306122449,0.65374531835206,0.0,False,True,False,True,False,False,0.0,90.71605050599858,80.14905682802932,90.71605050599858,96.25,1.1666239473553157,0.012994389235194331,False,0.5123788727929637,False,0.03819444444444442,False,False,0.6583201977892557,0.03819444444444442,True,True,-1.3524401366391388,0.09913038704847672,13.534818998243411,False,opposite_direction
19,assignment_isolation,plus_one_randomisation,True,ok,86.53358238230403,3.2997166966021836,92.07928530103533,81.05119621676599,34.05634486327653,1.0,0.001,1.0,0.001,,,,,False,True,False,True,False,0.007071067811865475,0.0070516687280406274,24,24,24,0,0.0,{},0.7996916443345015,0.7150362318840578,0.0,False,True,False,True,False,False,0.0,92.07928530103533,81.05119621676599,92.07928530103533,96.04166666666667,1.1767651146998896,0.05181226852237724,False,0.5134456890239074,False,0.02256944444444442,False,False,0.6594013002525426,0.02256944444444442,True,True,-0.9436380984951831,0.1651883059242969,12.91934160218988,False,opposite_direction
20,assignment_isolation,plus_one_randomisation,True,ok,87.29502180576971,3.4671667903309107,92.57853358787166,80.49686628641518,33.38619983619201,1.0,0.001,1.0,0.001,,,,,False,True,False,True,False,0.007071067811865475,0.007071260598638526,24,24,24,0,0.0,{},0.809529255319149,0.7624565972222223,0.0,False,True,False,True,False,False,0.0,92.57853358787166,80.49686628641518,92.57853358787166,97.5,1.165564048920954,0.0037109227723777635,False,0.516161116441399,False,0.015625,False,False,0.6663645064240787,0.015625,True,True,-0.8479266184186605,0.18123403146483613,12.83379551995046,False,opposite_direction
21,assignment_isolation,plus_one_randomisation,True,ok,86.0673055926444,3.566119200540969,92.10144138483118,79.98334880842768,33.459994699949355,1.0,0.001,1.0,0.001,,,,,False,True,False,True,False,0.007071067811865475,0.00708590096473726,24,24,24,0,0.0,{},0.8011609786504597,0.7164835164835165,0.0,False,True,False,True,False,False,0.0,92.10144138483118,79.98334880842768,92.10144138483118,95.875,1.1607632206709304,0.0019984097126386664,False,0.49490118554141455,False,0.020486111111111094,False,False,0.6625674960845898,0.020486111111111094,True,True,1.6387645543390181,0.24409374458258198,13.894218246039333,False,opposite_direction
22,assignment_isolation,plus_one_randomisation,True,ok,85.54370219351377,4.360065777540236,92.61503240947083,77.51539065070213,34.18732204694442,1.0,0.001,1.0,0.001,,,,,False,True,False,True,False,0.007071067811865475,0.007072917228587889,24,24,24,0,0.0,{},0.8026137459032197,0.7081439393939393,0.0,False,True,False,True,False,False,0.0,92.61503240947083,77.51539065070213,92.61503240947083,96.58333333333333,1.188186895167893,0.004740262139364974,False,0.5125660678596751,False,0.007986111111111138,False,False,0.6511969344230385,0.007986111111111138,True,True,1.2962964045650958,0.11200096273728792,13.982772071700746,False,opposite_direction
23,assignment_isolation,plus_one_randomisation,True,ok,88.23266841661905,4.049332836982568,94.8904778252473,80.05334645594225,34.02062205031936,1.0,0.001,1.0,0.001,,,,,False,True,False,True,False,0.007071067811865475,0.007096269589116814,24,24,24,0,0.0,{},0.8097005208333334,0.7263565891472868,0.0,False,True,False,True,False,False,0.0,94.89047782524729,80.05334645594225,94.89047782524729,96.08333333333333,1.183222422933809,0.037289183858694445,False,0.5055538725635063,False,0.023958333333333304,False,False,0.6647228510335449,0.023958333333333304,True,True,-0.48684246970994277,0.08114525543748882,12.943315375177248,False,opposite_direction
24,assignment_isolation,plus_one_randomisation,True,ok,91.03128517157954,3.8156803305097027,97.29944422994927,84.39165671907391,34.37791205263332,1.0,0.001,1.0,0.001,,,,,False,True,False,True,False,0.007071067811865475,0.007116144333950083,24,24,24,0,0.0,{},0.8036236702127659,0.7196886446886446,0.0,False,True,False,True,False,False,0.0,97.29944422994929,84.39165671907391,97.29944422994929,95.25,1.1937867130573396,0.003044382283518419,False,0.5083372815347221,False,0.029861111111111116,False,False,0.6730635423409056,0.029861111111111116,True,True,0.5197634119489294,0.15875281969511204,13.622945098863287,False,opposite_direction
25,assignment_isolation,plus_one_randomisation,True,ok,87.15596895117055,3.197378520797465,92.90089885666853,81.98063800279732,33.352967198889466,1.0,0.001,1.0,0.001,,,,,False,True,False,True,False,0.007071067811865475,0.007101110719785248,24,24,24,0,0.0,{},0.8162677304964538,0.7454545454545455,0.0,False,True,False,True,False,False,0.0,92.90089885666855,81.98063800279732,92.90089885666855,96.79166666666667,1.1650639087069838,0.04043544926483126,False,0.49728923461868335,False,0.023263888888888973,False,False,0.6659258749953033,0.023263888888888973,True,True,0.4072958690849789,0.12011042936417136,12.819966523742607,False,opposite_direction
26,assignment_isolation,plus_one_randomisation,True,ok,88.17216419789412,4.884274739534129,95.8648489407814,78.99679257745368,33.34551008872505,1.0,0.001,1.0,0.001,,,,,False,True,False,True,False,0.007071067811865475,0.0071355024294166725,24,24,24,0,0.0,{},0.8208079769736845,0.766489361702128,0.0,False,True,False,True,False,False,0.0,95.86484894078141,78.99679257745368,95.86484894078141,96.91666666666667,1.171200265745976,0.008560891116003092,False,0.5086813282370293,False,0.042013888888888906,False,False,0.6683057442514637,0.042013888888888906,True,True,1.308855220767075,0.20267744019284054,14.232979439416306,False,opposite_direction
27,assignment_isolation,plus_one_randomisation,True,ok,90.05871890061543,3.005126160860643,95.18544569694846,84.89365268157984,34.22145575252421,1.0,0.001,1.0,0.001,,,,,False,True,False,True,False,0.007071067811865475,0.0071028057527731964,24,24,24,0,0.0,{},0.8002623895202019,0.7041193181818183,0.0,False,True,False,True,False,False,0.0,95.18544569694846,84.89365268157984,95.18544569694846,94.375,1.1806655857989994,0.0063202821434035945,False,0.5117802159025486,False,0.02951388888888895,False,False,0.6731780496806486,0.02951388888888895,True,True,-0.052404091314941975,0.07458471265013038,12.656234330308761,False,opposite_direction
28,assignment_isolation,plus_one_randomisation,True,ok,86.39336642018753,5.254475537527595,96.5609679310852,78.2766600221324,33.86392735002314,1.0,0.001,1.0,0.001,,,,,False,True,False,True,False,0.007071067811865475,0.0070233141140263215,24,24,24,0,0.0,{},0.7859848863977579,0.6748062015503875,0.0,False,True,False,True,False,False,0.0,96.5609679310852,78.2766600221324,96.5609679310852,95.79166666666667,1.1638936139557419,0.016156935307694627,False,0.5190340739841247,False,0.022916666666666696,False,False,0.662981109911148,0.022916666666666696,True,True,-1.754152394549054,0.19989012767880812,11.887626341142406,False,opposite_direction
29,assignment_isolation,plus_one_randomisation,True,ok,86.79193776048173,3.363449993871205,92.1509343377306,81.10203144132223,34.44213482992198,1.0,0.001,1.0,0.001,,,,,False,True,False,True,False,0.007071067811865475,0.007022936558257289,24,24,24,0,0.0,{},0.778610402494331,0.6791193181818181,0.0,False,True,False,True,False,False,0.0,92.15093433773059,81.10203144132223,92.15093433773059,95.625,1.1826726025248624,0.028481442321233407,False,0.4975197589955181,False,0.02256944444444442,False,False,0.6586231285451183,0.02256944444444442,True,True,0.5987317880038501,0.21638783063355033,12.571286228554149,False,opposite_direction
30,assignment_isolation,plus_one_randomisation,True,ok,89.66626075939361,4.261462351374564,97.0968869624033,82.81957090181216,34.143011058080994,1.0,0.001,1.0,0.001,,,,,False,True,False,True,False,0.007071067811865475,0.007092269079766794,24,24,24,0,0.0,{},0.8246666666666667,0.7325925925925927,0.0,False,True,False,True,False,False,0.0,97.0968869624033,82.81957090181216,97.0968869624033,96.08333333333333,1.1868096201316773,0.013989485501592003,False,0.5008866128565928,False,0.028125000000000067,False,False,0.669636281742473,0.028125000000000067,True,True,1.2554072168312507,0.11654525295631259,13.808707299528182,False,opposite_direction
31,assignment_isolation,plus_one_randomisation,True,ok,89.11768561500212,3.3394742802368387,95.76330896002706,84.05369838016121,34.472570400522244,1.0,0.001,1.0,0.001,,,,,False,True,False,True,False,0.007071067811865475,0.0070830071578552485,24,24,24,0,0.0,{},0.7950776424159232,0.7204427083333333,0.0,False,True,False,True,False,False,0.0,95.76330896002706,84.05369838016121,95.76330896002706,95.54166666666667,1.193322306103663,0.032464619178346026,False,0.5214674427141269,False,0.028472222222222232,False,False,0.66528224360458,0.028472222222222232,True,True,0.5309168169454154,0.19539708333090863,13.743261019102198,False,opposite_direction
32,assignment_isolation,plus_one_randomisation,True,ok,86.5529622292964,3.8836605799535544,92.98319535026224,79.34216076667873,33.69629866002118,1.0,0.001,1.0,0.001,,,,,False,True,False,True,False,0.007071067811865475,0.007049833770098711,24,24,24,0,0.0,{},0.791818576388889,0.7120738636363636,0.0,False,True,False,True,False,False,0.0,92.98319535026224,79.34216076667873,92.98319535026224,95.58333333333333,1.161240477903969,0.06706221421198598,False,0.5185494720189503,False,0.023958333333333304,False,False,0.6645458734081207,0.023958333333333304,True,True,-1.2199043413847999,0.17387382539841387,12.803828542309482,False,opposite_direction
33,assignment_isolation,plus_one_randomisation,True,ok,91.5722587310269,3.6194220769101357,97.50757468552911,85.04395467433221,34.564836919611786,1.0,0.001,1.0,0.001,,,,,False,True,False,True,False,0.007071067811865475,0.0070541832293608,24,24,24,0,0.0,{},0.7936417167812143,0.7053030303030303,0.0,False,True,False,True,False,False,0.0,97.50757468552911,85.04395467433221,97.50757468552911,95.75,1.1929456116528296,0.0048770166354492215,False,0.49539558467926964,False,0.013194444444444509,False,False,0.6754979471499174,0.013194444444444509,True,True,-1.7039449533273763,0.13376477792213645,12.780671677380454,False,opposite_direction
34,assignment_isolation,plus_one_randomisation,True,ok,92.76893235706537,2.994627845998848,97.95106768009941,87.42627471467448,34.2597620469183,1.0,0.001,1.0,0.001,,,,,False,True,False,True,False,0.007071067811865475,0.0070925486023521705,24,24,24,0,0.0,{},0.786408501572672,0.7164874551971323,0.0,False,True,False,True,False,False,0.0,97.95106768009941,87.42627471467448,97.95106768009941,94.58333333333333,1.18158229500156,0.010493195113209189,False,0.5126097993435978,False,0.02777777777777779,False,False,0.6836313508212281,0.02777777777777779,True,True,1.177661671561142,0.23636032685791306,16.094800285807075,False,opposite_direction
35,assignment_isolation,plus_one_randomisation,True,ok,92.79344429018441,3.934920083159594,98.60009689694724,85.25053455634779,35.023277743422554,1.0,0.001,1.0,0.001,,,,,False,True,False,True,False,0.007071067811865475,0.007109503331499535,24,24,24,0,0.0,{},0.796982841719684,0.6537037037037038,0.0,False,True,False,True,False,False,0.0,98.60009689694725,85.25053455634779,98.60009689694725,94.29166666666667,1.2089343309912655,0.002349418735183364,False,0.5167470216152327,False,0.02187500000000009,False,False,0.6754737791909916,0.02187500000000009,True,True,1.7702215556237992,0.16440262097079344,14.814941877211904,False,opposite_direction
36,assignment_isolation,plus_one_randomisation,True,ok,87.81024556126061,3.437900571802296,93.85979814157623,81.74242666203205,33.120738850907976,1.0,0.001,1.0,0.001,,,,,False,True,False,True,False,0.007071067811865475,0.007062737158307853,24,24,24,0,0.0,{},0.8119583333333333,0.7291198501872661,0.0,False,True,False,True,False,False,0.0,93.85979814157623,81.74242666203205,93.85979814157623,97.125,1.1526795300645662,0.03261028244928185,False,0.5077179969590426,False,0.012499999999999956,False,False,0.6727006128341708,0.012499999999999956,True,True,-0.38524133409051986,0.1982632989237108,13.085094448148178,False,opposite_direction
37,assignment_isolation,plus_one_randomisation,True,ok,92.1714729359843,3.579151842778723,98.77992706360553,86.43083786264393,33.92983765646444,1.0,0.001,1.0,0.001,,,,,False,True,False,True,False,0.007071067811865475,0.007056853982521689,24,24,24,0,0.0,{},0.7887796818996415,0.7113026819923374,0.0,False,True,False,True,False,False,0.0,98.77992706360551,86.43083786264394,98.77992706360551,95.54166666666667,1.1701979253717363,0.020238313488589475,False,0.5065105860006792,False,0.013194444444444398,False,False,0.6847734461540096,0.013194444444444398,True,True,-0.06093069260983772,0.11727206251204053,14.774879475141068,False,opposite_direction
38,assignment_isolation,plus_one_randomisation,True,ok,85.5441459695494,3.7088729668154423,91.05734337099479,78.39401832741598,33.62139377986172,1.0,0.001,1.0,0.001,,,,,False,True,False,True,False,0.007071067811865475,0.007014644568753471,24,24,24,0,0.0,{},0.7862453054138322,0.6954119850187265,0.0,False,True,False,True,False,False,0.0,91.05734337099479,78.39401832741598,91.05734337099479,96.375,1.1576401566872236,0.03044157928804692,False,0.513977518840746,False,0.028819444444444398,False,False,0.6612708882997105,0.028819444444444398,True,True,-1.8554740173512747,0.0933542925828988,13.675405713252298,False,opposite_direction
39,assignment_isolation,plus_one_randomisation,True,ok,86.71071478765937,4.058880162325177,93.70549048856654,80.4686389642724,33.82366208417347,1.0,0.001,1.0,0.001,,,,,False,True,False,True,False,0.007071067811865475,0.007027623487745276,24,24,24,0,0.0,{},0.7802716256957328,0.6935393258426965,0.0,False,True,False,True,False,False,0.0,93.70549048856655,80.4686389642724,93.70549048856655,95.58333333333333,1.1619573909830683,0.018813150313253865,False,0.5390611882543417,False,0.031597222222222276,False,False,0.6650009039674518,0.031597222222222276,True,True,-0.5884011533026698,0.1319242345616685,12.378121664904079,False,opposite_direction
40,assignment_isolation,plus_one_randomisation,True,ok,87.61205472768468,3.6752474740585095,94.6058420734841,81.69281178887596,34.54539157650971,1.0,0.001,1.0,0.001,,,,,False,True,False,True,False,0.007071067811865475,0.007078654015196748,24,24,24,0,0.0,{},0.8121127435324178,0.685125968992248,0.0,False,True,False,True,False,False,0.0,94.6058420734841,81.69281178887596,94.6058420734841,95.79166666666667,1.1966707470113387,0.0024364868421764417,False,0.5344721312065912,False,0.029861111111111116,False,False,0.6577142017413996,0.029861111111111116,True,True,0.10798655773398207,0.16193570331603976,13.189937538473263,False,opposite_direction
41,assignment_isolation,plus_one_randomisation,True,ok,89.50674291705496,4.056289016004018,96.92254007251604,82.67348556487295,34.87416978866666,1.0,0.001,1.0,0.001,,,,,False,True,False,True,False,0.007071067811865475,0.007059706445915315,24,24,24,0,0.0,{},0.785641447368421,0.7349250936329587,0.0,False,True,False,True,False,False,0.0,96.92254007251604,82.67348556487295,96.92254007251604,94.91666666666667,1.1993108528617136,0.02337555657463854,False,0.512356735168662,False,0.0336805555555556,False,False,0.6650369356124954,0.0336805555555556,True,True,0.5199986582128273,0.17684021284987053,13.558418864504432,False,opposite_direction
42,assignment_isolation,plus_one_randomisation,True,ok,86.50424551260568,3.0365406588836152,91.5758267668842,81.3665496140815,33.825120788242984,1.0,0.001,1.0,0.001,,,,,False,True,False,True,False,0.007071067811865475,0.0070381363174118515,24,24,24,0,0.0,{},0.7933808479532164,0.6499999999999999,0.0,False,True,False,True,False,False,0.0,91.57582676688419,81.3665496140815,91.57582676688419,96.0,1.1662795246004756,0.011505159580693288,False,0.5275879513004146,False,0.029166666666666674,False,False,0.6626902642831407,0.029166666666666674,True,True,-0.7711761954406697,0.15473666588370258,13.871301459787745,False,opposite_direction
43,assignment_isolation,plus_one_randomisation,True,ok,94.34008907191405,4.255135890279695,101.39572290826818,86.51538903591693,34.57746047955647,1.0,0.001,1.0,0.001,,,,,False,True,False,True,False,0.007071067811865475,0.007082363755859288,24,24,24,0,0.0,{},0.8052555744520031,0.7083333333333333,0.0,False,True,False,True,False,False,0.0,101.39572290826818,86.51538903591693,101.39572290826818,96.41666666666667,1.2023125575275317,0.003409496810250534,False,0.5021120574097725,False,0.021180555555555536,False,False,0.6834187566679018,0.021180555555555536,True,True,1.2236574944263545,0.1976456406125848,15.9808172064819,False,opposite_direction
44,assignment_isolation,plus_one_randomisation,True,ok,86.50188416778046,5.195490930281376,95.40734487664008,77.96295911924314,34.506684187783435,1.0,0.001,1.0,0.001,,,,,False,True,False,True,False,0.007071067811865475,0.007044320126121236,24,24,24,0,0.0,{},0.7896795937476115,0.6581439393939393,0.0,False,True,False,True,False,False,0.0,95.40734487664008,77.96295911924314,95.40734487664008,95.54166666666667,1.1879788916334981,0.0184746690833034,False,0.5071327299504514,False,0.012847222222222232,False,False,0.655603682421551,0.012847222222222232,True,True,-1.2876678402990436,0.10950441885713498,13.593816389339304,False,opposite_direction
45,assignment_isolation,plus_one_randomisation,True,ok,86.80910798938591,3.9322440160406273,93.95826869540834,80.39907710955974,33.98608459138788,1.0,0.001,1.0,0.001,,,,,False,True,False,True,False,0.007071067811865475,0.007062045438860721,24,24,24,0,0.0,{},0.7946127946127948,0.7081501831501832,0.0,False,True,False,True,False,False,0.0,93.95826869540834,80.39907710955974,93.95826869540834,95.33333333333333,1.1717205186614192,0.007519129366702879,False,0.5133605170105727,False,0.030555555555555558,False,False,0.6622579368004557,0.030555555555555558,True,True,0.6864299225194437,0.21441807752674133,12.607054403612151,False,opposite_direction
46,assignment_isolation,plus_one_randomisation,True,ok,93.55120380384274,3.35119483117755,98.77814718472685,87.65394045537313,34.22930775492602,1.0,0.001,1.0,0.001,,,,,False,True,False,True,False,0.007071067811865475,0.007070063343035718,24,24,24,0,0.0,{},0.7935546874999999,0.7067375886524822,0.0,False,True,False,True,False,False,0.0,98.77814718472685,87.65394045537313,98.77814718472685,95.875,1.1847974581361893,0.05137218940724814,False,0.512176567412443,False,0.017708333333333326,False,False,0.6856422987268187,0.017708333333333326,True,True,0.6541059288054477,0.12385961888430644,16.135363388833216,False,opposite_direction
47,assignment_isolation,plus_one_randomisation,True,ok,93.3993091677002,3.237899710636524,98.26748537635687,87.22223271006516,34.45752467101032,1.0,0.001,1.0,0.001,,,,,False,True,False,True,False,0.007071067811865475,0.006987690722717144,24,24,24,0,0.0,{},0.7973985427504335,0.7239149305555554,0.0,False,True,False,True,False,False,0.0,98.26748537635687,87.22223271006516,98.26748537635687,96.91666666666667,1.1851873002090232,0.0024705400529202704,False,0.4994072487190535,False,0.030902777777777724,False,False,0.6849522172946746,0.030902777777777724,True,True,-1.1221890545470294,0.08775378194140468,13.719603297347028,False,opposite_direction
48,assignment_isolation,plus_one_randomisation,True,ok,89.10400318921988,5.499850090115567,98.6203085205855,79.58231460856784,33.79978283559831,1.0,0.001,1.0,0.001,,,,,False,True,False,True,False,0.007071067811865475,0.007118001056047212,24,24,24,0,0.0,{},0.8248314950980392,0.7363425925925925,0.0,False,True,False,True,False,False,0.0,98.62030852058551,79.58231460856784,98.62030852058551,98.0,1.1908443492789726,0.037006095620973414,False,0.5041073234023767,False,0.03749999999999998,False,False,0.6660081298520103,0.03749999999999998,True,True,-1.1406819558880128,0.16893174551687024,13.49422640838357,False,opposite_direction
49,assignment_isolation,plus_one_randomisation,True,ok,88.17276532162312,3.2244481624263877,93.40241473773098,82.2519178419382,33.66294851025168,1.0,0.001,1.0,0.001,,,,,False,True,False,True,False,0.007071067811865475,0.007087704194437096,24,24,24,0,0.0,{},0.8053766835016837,0.6537254901960784,0.0,False,True,False,True,False,False,0.0,93.40241473773098,82.2519178419382,93.40241473773098,95.66666666666667,1.16683127756469,0.03150344842837881,False,0.48688626047019656,False,0.023958333333333304,False,False,0.6697035383718257,0.023958333333333304,True,True,-0.9965940776091337,0.267213546512198,11.487101465408003,False,opposite_direction
50,assignment_isolation,plus_one_randomisation,True,ok,87.61770337689002,3.096625515142718,93.37805226472955,83.0243053809283,33.60671146594097,1.0,0.001,1.0,0.001,,,,,False,True,False,True,False,0.007071067811865475,0.007054253401866689,24,24,24,0,0.0,{},0.797307840662038,0.7137037037037038,0.0,False,True,False,True,False,False,0.0,93.37805226472955,83.0243053809283,93.37805226472955,94.91666666666667,1.1548306901734,0.002611236799010914,False,0.5234675632347723,False,0.019791666666666652,False,False,0.6711987891885751,0.019791666666666652,True,True,-1.096857899035066,0.13816705857154682,12.410573835977457,False,opposite_direction
51,assignment_isolation,plus_one_randomisation,True,ok,93.05299317612844,3.1875653254782454,98.47482039182248,88.20718255647007,34.980367788628314,1.0,0.001,1.0,0.001,,,,,False,True,False,True,False,0.007071067811865475,0.007071922554563474,24,24,24,0,0.0,{},0.7824438859013327,0.6919540229885058,0.0,False,True,False,True,False,False,0.0,98.47482039182246,88.20718255647007,98.47482039182246,93.625,1.1968171038408848,0.0012128999395112719,False,0.5296443717960554,False,0.011458333333333348,False,False,0.6801426285569604,0.011458333333333348,True,True,0.37143782845319323,0.07399416901037753,15.19088969174309,False,opposite_direction
52,assignment_isolation,plus_one_randomisation,True,ok,82.82179267504938,3.4861507094305275,88.57131150306151,76.55646364346396,33.83398340041828,1.0,0.001,1.0,0.001,,,,,False,True,False,True,False,0.007071067811865475,0.0070288972573041165,24,24,24,0,0.0,{},0.782778462508599,0.6536979166666667,0.0,False,True,False,True,False,False,0.0,88.57131150306151,76.55646364346396,88.57131150306151,95.58333333333333,1.1625226343264832,0.006246929834669147,False,0.5119558960018745,False,0.023958333333333304,False,False,0.6470657772611608,0.023958333333333304,True,True,1.3256574824260503,0.20683376469971868,13.972450031138061,False,opposite_direction
53,assignment_isolation,plus_one_randomisation,True,ok,88.46896940234713,3.9469707461866617,96.93129267827713,82.71343228881759,34.803464203066575,1.0,0.001,1.0,0.001,,,,,False,True,False,True,False,0.007071067811865475,0.007074165968662583,24,24,24,0,0.0,{},0.7810942760942761,0.6825842696629214,0.0,False,True,False,True,False,False,0.0,96.93129267827713,82.71343228881759,96.93129267827713,93.70833333333333,1.1916722603266023,0.004179657388617895,False,0.49560372173579204,False,0.019444444444444486,False,False,0.6630397390698031,0.019444444444444486,True,True,-0.39160141261570514,0.1826296648946894,13.535107910837223,False,opposite_direction
54,assignment_isolation,plus_one_randomisation,True,ok,94.99165839772463,3.7003208368028555,101.05565308653344,88.52495194131704,34.924777548246986,1.0,0.001,1.0,0.001,,,,,False,True,False,True,False,0.007071067811865475,0.007082705587250778,24,24,24,0,0.0,{},0.8079364079301076,0.7041232638888888,0.0,False,True,False,True,False,False,0.0,101.05565308653344,88.52495194131704,101.05565308653344,96.41666666666667,1.2144479296825899,0.011999823149579177,False,0.49842564562508457,False,0.027430555555555625,False,False,0.6822924973757514,0.027430555555555625,True,True,0.5509195810605574,0.12604066347589252,15.826841771664302,False,opposite_direction
55,assignment_isolation,plus_one_randomisation,True,ok,89.73873147374547,4.224718855233069,97.51631733676662,82.89697183687771,34.03362434070091,1.0,0.001,1.0,0.001,,,,,False,True,False,True,False,0.007071067811865475,0.007094312172924253,24,24,24,0,0.0,{},0.7995755803650539,0.6954119850187267,0.0,False,True,False,True,False,False,0.0,97.51631733676662,82.89697183687771,97.51631733676662,95.45833333333333,1.1794931522633767,0.004020128971785508,False,0.5382987614360124,False,0.020486111111111094,False,False,0.6722310782846681,0.020486111111111094,True,True,-0.29690847224190914,0.1096354496211453,13.234560213566176,False,opposite_direction
56,assignment_isolation,plus_one_randomisation,True,ok,96.43984097122984,4.653691934006342,104.13575784064707,88.14814025763906,35.34535857372978,1.0,0.001,1.0,0.001,,,,,False,True,False,True,False,0.007071067811865475,0.0070381979846880485,24,24,24,0,0.0,{},0.7928676602219836,0.6787306201550388,0.0,False,True,False,True,False,False,0.0,104.13575784064706,88.14814025763906,104.13575784064706,96.125,1.2195006945691569,0.004646863136337309,False,0.5175110886933564,False,0.03576388888888893,False,False,0.6861851851243694,0.03576388888888893,True,True,-0.9369139889639019,0.08279657908659932,12.342318294432664,False,opposite_direction
57,assignment_isolation,plus_one_randomisation,True,ok,91.88034369728909,3.8965582172775397,99.28580874952931,85.67364824921641,34.67198528488355,1.0,0.001,1.0,0.001,,,,,False,True,False,True,False,0.007071067811865475,0.00710486993844276,24,24,24,0,0.0,{},0.8015793010752689,0.7337078651685394,0.0,False,True,False,True,False,False,0.0,99.2858087495293,85.67364824921641,99.2858087495293,95.79166666666667,1.2055041531412176,0.03377388980713169,False,0.5221748784920852,False,0.034375000000000044,False,False,0.672885211622174,0.034375000000000044,True,True,-0.32528263034062777,0.15513576835468623,14.175642754833927,False,opposite_direction
58,assignment_isolation,plus_one_randomisation,True,ok,92.28932774064008,3.2757792537445884,97.94286581452575,86.6742392837443,34.76638917542657,1.0,0.001,1.0,0.001,,,,,False,True,False,True,False,0.007071067811865475,0.00708769895492617,24,24,24,0,0.0,{},0.7999131944444444,0.7250000000000001,0.0,False,True,False,True,False,False,0.0,97.94286581452575,86.67423928374428,97.94286581452575,96.125,1.207961328353624,0.012273308855219198,False,0.4875770017870349,False,0.014930555555555558,False,False,0.6737710900983566,0.014930555555555558,True,True,0.9217656550764288,0.1414123320026333,13.662542435984745,False,opposite_direction
59,assignment_isolation,plus_one_randomisation,True,ok,87.921122362285,3.8493022862606376,94.9632322174026,80.86819990688754,34.66249906793692,1.0,0.001,1.0,0.001,,,,,False,True,False,True,False,0.007071067811865475,0.007027166956126056,24,24,24,0,0.0,{},0.7952961791024462,0.7159259259259259,0.0,False,True,False,True,False,False,0.0,94.9632322174026,80.86819990688754,94.9632322174026,96.33333333333333,1.195359235145761,0.004698405323465758,False,0.5075092277730117,False,0.023611111111111027,False,False,0.6594895206065294,0.023611111111111027,True,True,0.18116388914221832,0.055424991189129795,12.888704551655328,False,opposite_direction
60,assignment_isolation,plus_one_randomisation,True,ok,93.6626703873721,4.398017451542349,100.7787650031204,84.99339007032992,34.1420873657856,1.0,0.001,1.0,0.001,,,,,False,True,False,True,False,0.007071067811865475,0.007089852911715522,24,24,24,0,0.0,{},0.8038299663299664,0.6998062015503876,0.0,False,True,False,True,False,False,0.0,100.7787650031204,84.99339007032992,100.7787650031204,95.79166666666667,1.1845711838945376,2.2386601553815526e-06,False,0.5215083088707132,False,0.022916666666666696,False,False,0.6861292089532928,0.022916666666666696,True,True,0.5235192197536864,0.10716240943222559,13.848043150120944,False,opposite_direction
61,assignment_isolation,plus_one_randomisation,True,ok,95.23580262758249,2.3723078457203357,99.04535870708705,91.03811336572664,34.918624704032915,1.0,0.001,1.0,0.001,,,,,False,True,False,True,False,0.007071067811865475,0.007109053641098144,24,24,24,0,0.0,{},0.8076460481099657,0.7567028985507246,0.0,False,True,False,True,False,False,0.0,99.04535870708703,91.03811336572664,99.04535870708703,95.79166666666667,1.2147944264117283,0.020042888819519603,False,0.5005490078551336,False,0.026388888888888906,False,False,0.6831061786991252,0.026388888888888906,True,True,1.493168919290869,0.10226460687007165,14.313611932275125,False,opposite_direction
62,assignment_isolation,plus_one_randomisation,True,ok,89.51892867341019,4.365700637242562,96.92260248105562,82.15159860205557,33.900332968462074,1.0,0.001,1.0,0.001,,,,,False,True,False,True,False,0.007071067811865475,0.0070083296719206266,24,24,24,0,0.0,{},0.7857725607725607,0.6649621212121212,0.0,False,True,False,True,False,False,0.0,96.92260248105562,82.15159860205557,96.92260248105562,95.54166666666667,1.1611408322305388,0.02534907581729589,False,0.5307651196865849,False,0.03576388888888893,False,False,0.6770825320932351,0.03576388888888893,True,True,0.6123708283944433,0.13995703074485186,13.405010444358657,False,opposite_direction
63,assignment_isolation,plus_one_randomisation,True,ok,93.2518892292109,4.528273503898192,101.5615549423562,86.04857071195153,35.09553552686721,1.0,0.001,1.0,0.001,,,,,False,True,False,True,False,0.007071067811865475,0.006983090599813276,24,24,24,0,0.0,{},0.7814061426116838,0.6514367816091954,0.0,False,True,False,True,False,False,0.0,101.56155494235618,86.04857071195153,101.56155494235618,95.58333333333333,1.1980105448064895,0.008093125475342005,False,0.514871726007333,False,0.030902777777777724,False,False,0.680552114552307,0.030902777777777724,True,True,1.226810721774584,0.20591306060005315,14.390032446635514,False,opposite_direction
64,assignment_isolation,plus_one_randomisation,True,ok,90.81594778020167,4.031463267313906,97.77319226001353,84.18284416900629,34.57409520847982,1.0,0.001,1.0,0.001,,,,,False,True,False,True,False,0.007071067811865475,0.007056355056142321,24,24,24,0,0.0,{},0.7974400453315786,0.7207875457875459,0.0,False,True,False,True,False,False,0.0,97.77319226001354,84.18284416900629,97.77319226001354,95.33333333333333,1.191032582160378,0.031199996294208984,False,0.49246932055005677,False,0.016319444444444442,False,False,0.6730419342264726,0.016319444444444442,True,True,1.372489917786409,0.12204654106428224,15.102991929350818,False,opposite_direction
65,assignment_isolation,plus_one_randomisation,True,ok,85.57835139804526,3.23435803262085,90.70683060889314,79.59554502916745,33.713908391615234,1.0,0.001,1.0,0.001,,,,,False,True,False,True,False,0.007071067811865475,0.007063868249220371,24,24,24,0,0.0,{},0.8018042875044755,0.7233695652173913,0.0,False,True,False,True,False,False,0.0,90.70683060889314,79.59554502916745,90.70683060889314,96.125,1.1674542583100727,0.0023491168683733264,False,0.5200009510286631,False,0.02013888888888893,False,False,0.6581884492845881,0.02013888888888893,True,True,-0.3474684450721112,0.10884979033241024,13.994149018955154,False,opposite_direction
66,assignment_isolation,plus_one_randomisation,True,ok,87.93506173819998,3.470946699512442,94.0248173813989,82.32606152305962,34.4915292352501,1.0,0.001,1.0,0.001,,,,,False,True,False,True,False,0.007071067811865475,0.007040924329394831,24,24,24,0,0.0,{},0.7872832098367698,0.6826086956521736,0.0,False,True,False,True,False,False,0.0,94.0248173813989,82.32606152305962,94.0248173813989,94.66666666666667,1.1814372880897472,0.012729458453071848,False,0.4865485535971339,False,0.009722222222222299,False,False,0.6640156152619863,0.009722222222222299,True,True,-1.8295335824738246,0.2135113449194716,12.389124414140857,False,opposite_direction
67,assignment_isolation,plus_one_randomisation,True,ok,91.19168880126944,3.763958250182505,97.67816810722744,84.94992359663534,34.169450668736765,1.0,0.001,1.0,0.001,,,,,False,True,False,True,False,0.007071067811865475,0.007084787962265942,24,24,24,0,0.0,{},0.8249190938511327,0.743564814814815,0.0,False,True,False,True,False,False,0.0,97.67816810722745,84.94992359663534,97.67816810722745,98.125,1.1990152118571276,0.00826748597253438,False,0.5142795521962368,False,0.01215277777777779,False,False,0.6721000396786048,0.01215277777777779,True,True,-0.5572397546102125,0.2202090885827056,13.831715647585028,False,opposite_direction
68,assignment_isolation,plus_one_randomisation,True,ok,89.80858823401172,3.8792674156923694,96.76436469905275,83.13140111372036,34.21633934588489,1.0,0.001,1.0,0.001,,,,,False,True,False,True,False,0.007071067811865475,0.007124709021950085,24,24,24,0,0.0,{},0.8136363636363637,0.5949186991869919,0.0,False,True,False,True,False,False,0.0,96.76436469905275,83.13140111372036,96.76436469905275,95.08333333333333,1.1885648434798943,0.01667794107244508,False,0.5171482049299357,False,0.04062499999999991,False,False,0.6696765937338335,0.04062499999999991,True,True,0.3590753775842441,0.21675633487943483,13.880645991903297,False,opposite_direction
69,assignment_isolation,plus_one_randomisation,True,ok,93.65990715885641,4.458928499226657,101.90499916716765,86.46633948543052,35.2442167982186,1.0,0.001,1.0,0.001,,,,,False,True,False,True,False,0.007071067811865475,0.007038299266106338,24,24,24,0,0.0,{},0.7885196238017724,0.7126373626373625,0.0,False,True,False,True,False,False,0.0,101.90499916716765,86.46633948543052,101.90499916716765,95.5,1.2120688306541962,0.01661274431892352,False,0.5007744711289794,False,0.019791666666666652,False,False,0.6779160177696174,0.019791666666666652,True,True,-1.5101417768085243,0.22515392262689624,14.03533058667253,False,opposite_direction
70,assignment_isolation,plus_one_randomisation,True,ok,91.6127937085106,3.5919406841012167,98.11877070537008,86.08760891718889,35.159078118431616,1.0,0.001,1.0,0.001,,,,,False,True,False,True,False,0.007071067811865475,0.007052096272261962,24,24,24,0,0.0,{},0.7934292763157895,0.6992248062015506,0.0,False,True,False,True,False,False,0.0,98.11877070537008,86.08760891718889,98.11877070537008,96.04166666666667,1.2149420401444564,0.005221970100276249,False,0.513214214166498,False,0.01388888888888895,False,False,0.668908399687796,0.01388888888888895,True,True,-0.4026204333270107,0.19609445394429112,14.310546429420176,False,opposite_direction
71,assignment_isolation,plus_one_randomisation,True,ok,92.11750496673483,3.2939191560597374,98.09547176479069,86.61854808040769,34.725587775647476,1.0,0.001,1.0,0.001,,,,,False,True,False,True,False,0.007071067811865475,0.007068268555380425,24,24,24,0,0.0,{},0.8188467940367637,0.6331417624521072,0.0,False,True,False,True,False,False,0.0,98.0954717647907,86.6185480804077,98.0954717647907,96.25,1.2040181142239843,0.021929765031895365,False,0.5178573505336723,False,0.02430555555555547,False,False,0.674287843540928,0.02430555555555547,True,True,-0.6361357919196625,0.10564386080069618,13.594742308911874,False,opposite_direction
72,assignment_isolation,plus_one_randomisation,True,ok,91.81764942859216,4.110864592448515,98.9550977367663,85.36850670141509,34.60165974299665,1.0,0.001,1.0,0.001,,,,,False,True,False,True,False,0.007071067811865475,0.007069189777977998,24,24,24,0,0.0,{},0.8030344202898549,0.7255376344086022,0.0,False,True,False,True,False,False,0.0,98.95509773676629,85.36850670141509,98.95509773676629,95.54166666666667,1.1954543118504761,0.01396217782609122,False,0.5391101529633391,False,0.019791666666666652,False,False,0.6757083191240016,0.019791666666666652,True,True,-0.15491620892750446,0.15031289260429123,13.653600231845234,False,opposite_direction
73,assignment_isolation,plus_one_randomisation,True,ok,82.39705285506263,4.197275325316398,89.60790436728186,74.95442258685043,33.9296110738927,1.0,0.001,1.0,0.001,,,,,False,True,False,True,False,0.007071067811865475,0.007106590768947913,24,24,24,0,0.0,{},0.7956160910087718,0.7419540229885059,0.0,False,True,False,True,False,False,0.0,89.60790436728185,74.95442258685043,89.60790436728185,94.79166666666667,1.1738031560509163,0.020919055221374924,False,0.5338490252792338,False,0.03125,False,False,0.6411788123557542,0.03125,True,True,-0.19765948529986524,0.12571129923831129,11.791694080897575,False,opposite_direction
74,assignment_isolation,plus_one_randomisation,True,ok,84.14397950651545,4.373526907564843,92.63708967374248,77.17872882768275,34.41253645495883,1.0,0.001,1.0,0.001,,,,,False,True,False,True,False,0.007071067811865475,0.007087843485223431,24,24,24,0,0.0,{},0.7885678309785452,0.7148313492063493,0.0,False,True,False,True,False,False,0.0,92.63708967374248,77.17872882768275,92.63708967374248,94.79166666666667,1.1873694953087781,0.0061066243024232615,False,0.5182346552330304,False,0.01215277777777779,False,False,0.6449619554356026,0.01215277777777779,True,True,0.8352390108473985,0.08759426781344014,12.205269211994548,False,opposite_direction
75,assignment_isolation,plus_one_randomisation,True,ok,86.540609622931,3.5671138659506516,92.13562943641729,79.37337389202462,33.346054158898255,1.0,0.001,1.0,0.001,,,,,False,True,False,True,False,0.007071067811865475,0.00709984571898449,24,24,24,0,0.0,{},0.7788939003436426,0.6820588235294117,0.0,False,True,False,True,False,False,0.0,92.13562943641729,79.37337389202462,92.13562943641729,94.16666666666667,1.1487141367074578,0.04544087236139684,False,0.4983872419108866,False,0.03472222222222221,False,False,0.6685706560780051,0.03472222222222221,True,True,0.9902356999328241,0.08729131402115146,12.477848410663576,False,opposite_direction
76,assignment_isolation,plus_one_randomisation,True,ok,88.26312548615688,4.577662506631157,96.94051977423226,80.90774786697538,34.536463546776076,1.0,0.001,1.0,0.001,,,,,False,True,False,True,False,0.007071067811865475,0.007059516784070148,24,24,24,0,0.0,{},0.7893171591553287,0.6831417624521072,0.0,False,True,False,True,False,False,0.0,96.94051977423226,80.90774786697538,96.94051977423226,95.54166666666667,1.1915691500323848,0.004260615438708212,False,0.5155514217742779,False,0.021527777777777812,False,False,0.6621867483720858,0.021527777777777812,True,True,-0.750691131405716,0.11549852998636159,12.869003414301515,False,opposite_direction
77,assignment_isolation,plus_one_randomisation,True,ok,89.65847372858589,2.812797222963647,94.92077900046331,85.06575849628521,33.8783040590777,1.0,0.001,1.0,0.001,,,,,False,True,False,True,False,0.007071067811865475,0.007097569700848138,24,24,24,0,0.0,{},0.8033637152777777,0.7013565891472868,0.0,False,True,False,True,False,False,0.0,94.92077900046331,85.06575849628521,94.92077900046331,95.33333333333333,1.1738800481775324,0.0430990323283613,False,0.5293213345195299,False,0.03749999999999998,False,False,0.6736602713827268,0.03749999999999998,True,True,2.225559719106345,0.26646361672902963,12.857852128901149,False,opposite_direction
78,assignment_isolation,plus_one_randomisation,True,ok,93.40737251810253,3.5693792627025145,99.63097557582833,87.47001534324143,34.81588183033132,1.0,0.001,1.0,0.001,,,,,False,True,False,True,False,0.007071067811865475,0.007022129871012702,24,24,24,0,0.0,{},0.7752652138157896,0.67875,0.0,False,True,False,True,False,False,0.0,99.63097557582834,87.47001534324143,99.63097557582834,94.79166666666667,1.1901490132886106,0.027441412485519054,False,0.529810340290822,False,0.03298611111111116,False,False,0.683501392881129,0.03298611111111116,True,True,-0.8288963212151095,0.09593984532234952,13.20959647273865,False,opposite_direction
79,assignment_isolation,plus_one_randomisation,True,ok,85.26318651979582,4.074099981292096,94.34994577160211,79.33302227750926,33.305484776150166,1.0,0.001,1.0,0.001,,,,,False,True,False,True,False,0.007071067811865475,0.007082165388159188,24,24,24,0,0.0,{},0.79284797705314,0.6533730158730159,0.0,False,True,False,True,False,False,0.0,94.34994577160211,79.33302227750926,94.34994577160211,95.625,1.153287413445024,0.0026593668702691725,False,0.5219224739646304,False,0.04513888888888884,False,False,0.661453037969579,0.04513888888888884,True,True,-0.18033577850960125,0.18654135610462835,14.343896982055348,False,opposite_direction
80,assignment_isolation,plus_one_randomisation,True,ok,94.07152365262523,3.8826281926167936,100.36922727075994,87.5021249832975,34.60001152797482,1.0,0.001,1.0,0.001,,,,,False,True,False,True,False,0.007071067811865475,0.007057531825542668,24,24,24,0,0.0,{},0.7903904923599322,0.7454343971631207,0.0,False,True,False,True,False,False,0.0,100.36922727075994,87.5021249832975,100.36922727075994,96.08333333333333,1.1968042525992288,0.014553393975919138,False,0.5238081190122462,False,0.029861111111111116,False,False,0.6840373238061688,0.029861111111111116,True,True,1.113640429075757,0.23257632783385282,14.34195863840289,False,opposite_direction
81,assignment_isolation,plus_one_randomisation,True,ok,88.62439069447048,4.867814412818071,96.86179435922323,80.03115493254279,33.93148961516066,1.0,0.001,1.0,0.001,,,,,False,True,False,True,False,0.007071067811865475,0.007083155840589553,24,24,24,0,0.0,{},0.799589027530204,0.7482558139534885,0.0,False,True,False,True,False,False,0.0,96.86179435922323,80.03115493254279,96.86179435922323,96.16666666666667,1.1784523008524306,0.012955909635642832,False,0.5385415625145873,False,0.01805555555555549,False,False,0.6679100379760015,0.01805555555555549,True,True,0.49104816221786646,0.07582754029377672,12.45752207656756,False,opposite_direction
82,assignment_isolation,plus_one_randomisation,True,ok,89.03703402848532,4.362617439242338,95.83257743714046,80.54684965249042,34.96769898937436,1.0,0.001,1.0,0.001,,,,,False,True,False,True,False,0.007071067811865475,0.0070555315725987075,24,24,24,0,0.0,{},0.7864148128052088,0.6585755813953488,0.0,False,True,False,True,False,False,0.0,95.83257743714046,80.54684965249042,95.83257743714046,95.58333333333333,1.2060293719703714,0.02797637604268775,False,0.5085598703763337,False,0.017013888888888884,False,False,0.6609157138272537,0.017013888888888884,True,True,-1.6876072060243903,0.15202184362387708,12.188722380725784,False,opposite_direction
83,assignment_isolation,plus_one_randomisation,True,ok,91.0671865272862,3.106699022459518,96.23957466645457,86.00820283999211,34.27582651832191,1.0,0.001,1.0,0.001,,,,,False,True,False,True,False,0.007071067811865475,0.007028589180324084,24,24,24,0,0.0,{},0.7741505930606363,0.7124531835205994,0.0,False,True,False,True,False,False,0.0,96.23957466645457,86.00820283999211,96.23957466645457,95.125,1.1748256905487071,0.006282674885292149,False,0.521091056430324,False,0.02881944444444451,False,False,0.679051441629595,0.02881944444444451,True,True,0.8361141960903639,0.16098910886481932,13.261933614704919,False,opposite_direction
84,assignment_isolation,plus_one_randomisation,True,ok,94.42019621734495,3.9028447708520306,100.62936004035065,87.27521796399526,34.71154473209547,1.0,0.001,1.0,0.001,,,,,False,True,False,True,False,0.007071067811865475,0.0070473810857394304,24,24,24,0,0.0,{},0.7832551535344088,0.6742831541218639,0.0,False,True,False,True,False,False,0.0,100.62936004035065,87.27521796399526,100.62936004035065,96.25,1.1999746486962974,0.0044779440239561315,False,0.5117996905982959,False,0.01388888888888884,False,False,0.6844111059916532,0.01388888888888884,True,True,-0.11291687557794712,0.19212888460702976,14.154477233318554,False,opposite_direction
85,assignment_isolation,plus_one_randomisation,True,ok,90.37780591235897,3.2786927817434814,96.1354510293335,85.43456955503048,34.13014213298898,1.0,0.001,1.0,0.001,,,,,False,True,False,True,False,0.007071067811865475,0.007048214686536854,24,24,24,0,0.0,{},0.7998262191810579,0.7019230769230769,0.0,False,True,False,True,False,False,0.0,96.13545102933351,85.43456955503048,96.13545102933351,96.125,1.17924868791995,0.026044614074912927,False,0.5198290769288,False,0.03402777777777777,False,False,0.6749189604145043,0.03402777777777777,True,True,-1.1094363276503936,0.10865516543024774,12.406992597796304,False,opposite_direction
86,assignment_isolation,plus_one_randomisation,True,ok,94.24537652262173,3.0746037153133687,99.23370082687441,88.9720969149127,34.21151147183357,1.0,0.001,1.0,0.001,,,,,False,True,False,True,False,0.007071067811865475,0.007062485785501281,24,24,24,0,0.0,{},0.8131872852233677,0.7331597222222223,0.0,False,True,False,True,False,False,0.0,99.23370082687443,88.9720969149127,99.23370082687443,97.25,1.191364508091813,0.024626236919587194,False,0.5187042156038051,False,0.020486111111111094,False,False,0.6862994010730463,0.020486111111111094,True,True,-0.345735773486827,0.20332118160004053,15.282748802582317,False,opposite_direction
87,assignment_isolation,plus_one_randomisation,True,ok,90.39298098260342,3.83495929938588,96.6005646497387,83.27886158999824,34.32396053030068,1.0,0.001,1.0,0.001,,,,,False,True,False,True,False,0.007071067811865475,0.007061871181133092,24,24,24,0,0.0,{},0.8081187758608598,0.6909090909090909,0.0,False,True,False,True,False,False,0.0,96.6005646497387,83.27886158999824,96.6005646497387,95.79166666666667,1.1861812480825344,0.013400615660080172,False,0.49970820583206477,False,0.017013888888888884,False,False,0.6728255462435311,0.017013888888888884,True,True,1.056903069501661,0.1679658071130451,13.519807409407463,False,opposite_direction
88,assignment_isolation,plus_one_randomisation,True,ok,85.98075255917787,5.2946715943246945,94.47647070714136,76.24293366159219,32.894815677907445,1.0,0.001,1.0,0.001,,,,,False,True,False,True,False,0.007071067811865475,0.007052845979218586,24,24,24,0,0.0,{},0.8024050461204557,0.7329787234042556,0.0,False,True,False,True,False,False,0.0,94.47647070714136,76.24293366159219,94.47647070714136,97.04166666666667,1.1427230423115002,0.0033158767122117927,False,0.5081524234515445,False,0.027430555555555514,False,False,0.6680988656278904,0.027430555555555514,True,True,0.6465289649195252,0.2142719034555615,13.39376069336337,False,opposite_direction
89,assignment_isolation,plus_one_randomisation,True,ok,88.69707304438104,3.3050167595456625,94.2874270675199,83.02929614212476,33.629802004882684,1.0,0.001,1.0,0.001,,,,,False,True,False,True,False,0.007071067811865475,0.007064720987872413,24,24,24,0,0.0,{},0.7989366319444444,0.7159003831417624,0.0,False,True,False,True,False,False,0.0,94.2874270675199,83.02929614212476,94.2874270675199,94.91666666666667,1.1573389471443731,0.008164879027736143,False,0.5302446424984893,False,0.026736111111111183,False,False,0.6749124874230873,0.026736111111111183,True,True,1.7052878224756771,0.23950972716316393,13.731305505197904,False,opposite_direction
90,assignment_isolation,plus_one_randomisation,True,ok,91.7218464770037,3.519621634521269,98.31062802266734,86.08421598093823,34.000602265494074,1.0,0.001,1.0,0.001,,,,,False,True,False,True,False,0.007071067811865475,0.007050746981579133,24,24,24,0,0.0,{},0.7962796985815603,0.7163120567375889,0.0,False,True,False,True,False,False,0.0,98.31062802266734,86.08421598093823,98.31062802266734,96.5,1.1774850481027983,0.017422641944357414,False,0.5067564387339429,False,0.031597222222222276,False,False,0.6808171373583547,0.031597222222222276,True,True,-0.017702730809780246,0.0607768458342447,14.67948757032739,False,opposite_direction
91,assignment_isolation,plus_one_randomisation,True,ok,89.35892414755956,3.341000907063986,95.05592920367069,83.35970161135718,34.21904117854497,1.0,0.001,1.0,0.001,,,,,False,True,False,True,False,0.007071067811865475,0.007068244489768187,24,24,24,0,0.0,{},0.8094619666048238,0.7291237113402063,0.0,False,True,False,True,False,False,0.0,95.05592920367069,83.35970161135718,95.05592920367069,96.70833333333333,1.1892724363336062,0.004196813676262717,False,0.5444245665049837,False,0.014236111111111116,False,False,0.6675781082756793,0.014236111111111116,True,True,0.16908624615883847,0.19359103338019806,13.023656079447054,False,opposite_direction
92,assignment_isolation,plus_one_randomisation,True,ok,85.63399844990528,4.488233581099364,94.1970130268005,78.36177420760448,33.68046734324739,1.0,0.001,1.0,0.001,,,,,False,True,False,True,False,0.007071067811865475,0.0070516664045593615,24,24,24,0,0.0,{},0.8041243643922216,0.695787037037037,0.0,False,True,False,True,False,False,0.0,94.1970130268005,78.36177420760448,94.1970130268005,96.75,1.1680605572378473,0.010921981681013222,False,0.5087061395333464,False,0.023611111111111138,False,False,0.6582387979959471,0.023611111111111138,True,True,0.20417773378504658,0.1550243378295827,13.951255986126851,False,opposite_direction
93,assignment_isolation,plus_one_randomisation,True,ok,89.34686490036431,3.7848596551371645,96.29067847656232,83.1431407053545,33.946812327087606,1.0,0.001,1.0,0.001,,,,,False,True,False,True,False,0.007071067811865475,0.007111535769314479,24,24,24,0,0.0,{},0.7970168439716312,0.7314257028112449,0.0,False,True,False,True,False,False,0.0,96.29067847656232,83.1431407053545,96.29067847656232,95.20833333333333,1.1777954815587797,0.007556405198774127,False,0.5259331892182764,False,0.02951388888888884,False,False,0.6711440411639145,0.02951388888888884,True,True,-0.17969199394124455,0.2316468354797383,12.677767562759097,False,opposite_direction
94,assignment_isolation,plus_one_randomisation,True,ok,88.46330703998888,3.6320336226925556,94.52282326673848,82.42452544306015,34.153571893997174,1.0,0.001,1.0,0.001,,,,,False,True,False,True,False,0.007071067811865475,0.007033792679905919,24,24,24,0,0.0,{},0.8019752692743762,0.6429411764705883,0.0,False,True,False,True,False,False,0.0,94.52282326673848,82.42452544306015,94.52282326673848,95.08333333333333,1.1712453974096826,0.00016101707735640647,False,0.5204844874093097,False,0.023263888888888862,False,False,0.6695223849193961,0.023263888888888862,True,True,-0.45075986997389084,0.1555409558695362,11.331905980498723,False,opposite_direction
95,assignment_isolation,plus_one_randomisation,True,ok,88.83843482208658,4.611958082387225,96.79981712760141,81.44925910575843,34.27664899960883,1.0,0.001,1.0,0.001,,,,,False,True,False,True,False,0.007071067811865475,0.006994581393533383,24,24,24,0,0.0,{},0.7807152777777778,0.7037500000000002,0.0,False,True,False,True,False,False,0.0,96.79981712760143,81.44925910575843,96.79981712760143,95.95833333333333,1.174279388409907,0.006260024339574602,False,0.5114310737604025,False,0.03229166666666661,False,False,0.6701347774919792,0.03229166666666661,True,True,-0.5162582781169243,0.16554487482488028,12.482746778490677,False,opposite_direction
96,assignment_isolation,plus_one_randomisation,True,ok,87.38149499842292,4.283758683425365,94.29904678492524,79.8534614251351,34.04172757433254,1.0,0.001,1.0,0.001,,,,,False,True,False,True,False,0.007071067811865475,0.007047195053362464,24,24,24,0,0.0,{},0.7738917185436708,0.7075490196078431,0.0,False,True,False,True,False,False,0.0,94.29904678492524,79.8534614251351,94.29904678492524,94.75,1.1675822865270813,0.017888961160356046,False,0.5148836231372037,False,0.010069444444444464,False,False,0.6660859670870253,0.010069444444444464,True,True,0.37316370406422117,0.21687118834174934,13.168187895969714,False,opposite_direction
97,assignment_isolation,plus_one_randomisation,True,ok,88.4196115233289,3.9447550790737362,95.43163286467124,82.12446011949591,34.496577696516184,1.0,0.001,1.0,0.001,,,,,False,True,False,True,False,0.007071067811865475,0.0070739593710084595,24,24,24,0,0.0,{},0.7991371983889443,0.7164893617021277,0.0,False,True,False,True,False,False,0.0,95.43163286467124,82.12446011949591,95.43163286467124,95.75,1.1939275368748299,0.03393894360316778,False,0.4920702864973813,False,0.014930555555555558,False,False,0.6621083458689422,0.014930555555555558,True,True,0.4972180115118285,0.07471654974404998,14.084111211386388,False,opposite_direction
98,assignment_isolation,plus_one_randomisation,True,ok,90.21837296513816,3.7372490661823226,95.850935168554,83.66197318462387,33.64832126638872,1.0,0.001,1.0,0.001,,,,,False,True,False,True,False,0.007071067811865475,0.0071181556665168375,24,24,24,0,0.0,{},0.8124670978942652,0.7244565217391303,0.0,False,True,False,True,False,False,0.0,95.85093516855402,83.66197318462387,95.85093516855402,95.95833333333333,1.1731194509876728,0.02880033309112781,False,0.4967914179147679,False,0.0336805555555556,False,False,0.6761788330956242,0.0336805555555556,True,True,-0.08915320266627694,0.12325686572054703,13.19213351864472,False,opposite_direction
99,assignment_isolation,plus_one_randomisation,True,ok,88.63471246470583,3.6511260129394647,94.78269262811558,81.98179781601347,34.274132578969656,1.0,0.001,1.0,0.001,,,,,False,True,False,True,False,0.007071067811865475,0.0070609996782404595,24,24,24,0,0.0,{},0.8059650405105863,0.6816666666666668,0.0,False,True,False,True,False,False,0.0,94.78269262811558,81.98179781601347,94.78269262811558,95.5,1.1825087259626779,0.029103653581362587,False,0.5020544685614658,False,0.01666666666666672,False,False,0.6666642796881459,0.01666666666666672,True,True,0.3071320150069364,0.14786937594731683,11.943632154581772,False,opposite_direction
100,assignment_isolation,plus_one_randomisation,True,ok,87.0493632987423,4.520935317739289,95.17643260108213,79.70318896983855,34.81126136047596,1.0,0.001,1.0,0.001,,,,,False,True,False,True,False,0.007071067811865475,0.007056369138692497,24,24,24,0,0.0,{},0.7956247895622897,0.7207865168539325,0.0,False,True,False,True,False,False,0.0,95.17643260108213,79.70318896983855,95.17643260108213,96.54166666666667,1.2067809675296373,0.004956002692967651,False,0.506121448722953,False,0.021874999999999978,False,False,0.6519481007496322,0.021874999999999978,True,True,-1.935530692297527,0.1732854450632227,13.144564057842672,False,opposite_direction
101,assignment_isolation,plus_one_randomisation,True,ok,90.03086692592105,3.908808069823983,96.60892732524475,83.43391176534384,34.94296282095779,1.0,0.001,1.0,0.001,,,,,False,True,False,True,False,0.007071067811865475,0.007069938751384333,24,24,24,0,0.0,{},0.7893188822255539,0.7087912087912087,0.0,False,True,False,True,False,False,0.0,96.60892732524475,83.43391176534384,96.60892732524475,95.16666666666667,1.2050021195183485,0.011435501469486894,False,0.5009889619903671,False,0.025694444444444353,False,False,0.6654538348658612,0.025694444444444353,True,True,0.2548221689368319,0.08154690097381373,14.134429124717574,False,opposite_direction
102,assignment_isolation,plus_one_randomisation,True,ok,93.14674368456947,4.0632862338614535,100.6116306337504,86.02411133645411,35.045628208504596,1.0,0.001,1.0,0.001,,,,,False,True,False,True,False,0.007071067811865475,0.007044051375574995,24,24,24,0,0.0,{},0.785363724968988,0.704498106060606,0.0,False,True,False,True,False,False,0.0,100.6116306337504,86.02411133645411,100.6116306337504,95.875,1.2085901681335596,0.012612039803652192,False,0.5029455318919674,False,0.017013888888888884,False,False,0.6769641015201832,0.017013888888888884,True,True,-1.3102840732541112,0.17495269637502958,14.528660812644453,False,opposite_direction
103,assignment_isolation,plus_one_randomisation,True,ok,88.6987357139036,4.036152117123767,95.24192068818618,81.74271837769336,35.32664186241375,1.0,0.001,1.0,0.001,,,,,False,True,False,True,False,0.007071067811865475,0.007032532964219503,24,24,24,0,0.0,{},0.7828783804847635,0.6670833333333334,0.0,False,True,False,True,False,False,0.0,95.2419206881862,81.74271837769336,95.2419206881862,95.08333333333333,1.211257099533588,0.008981270941461828,False,0.5130309773080244,False,0.014583333333333282,False,False,0.6577957326494346,0.014583333333333282,True,True,-0.3904024478314109,0.15581110133494272,13.251228699517045,False,opposite_direction
104,assignment_isolation,plus_one_randomisation,True,ok,89.44517589938891,3.1143061141889987,94.6387711218484,84.06729081290861,33.743193648233685,1.0,0.001,1.0,0.001,,,,,False,True,False,True,False,0.007071067811865475,0.007048173160250918,24,24,24,0,0.0,{},0.8124954878300331,0.6491769547325102,0.0,False,True,False,True,False,False,0.0,94.6387711218484,84.06729081290861,94.6387711218484,96.58333333333333,1.16864834648892,0.024238342654770366,False,0.541208378108731,False,0.014583333333333282,False,False,0.6744264071619459,0.014583333333333282,True,True,0.03531839108391872,0.09061463818578712,13.526393838613796,False,opposite_direction
105,assignment_isolation,plus_one_randomisation,True,ok,89.44194746856175,2.7648325384770294,94.36701334835581,85.39785478578821,34.123290452807176,1.0,0.001,1.0,0.001,,,,,False,True,False,True,False,0.007071067811865475,0.007053808645676043,24,24,24,0,0.0,{},0.801908808479532,0.6914772727272727,0.0,False,True,False,True,False,False,0.0,94.3670133483558,85.3978547857882,94.3670133483558,96.66666666666667,1.183267545146877,0.013908758004752613,False,0.52504781675138,False,0.02777777777777779,False,False,0.6698166575173206,0.02777777777777779,True,True,0.798057838197704,0.15200442955623628,12.880144605869349,False,opposite_direction
106,assignment_isolation,plus_one_randomisation,True,ok,95.29505362618073,3.615030783033718,101.19746978238199,89.28872929958439,34.9015377158016,1.0,0.001,1.0,0.001,,,,,False,True,False,True,False,0.007071067811865475,0.007108961954639458,24,24,24,0,0.0,{},0.8153730285309233,0.6791208791208792,0.0,False,True,False,True,False,False,0.0,101.19746978238199,89.2887292995844,101.19746978238199,95.95833333333333,1.2152401350399886,0.027417490817025904,False,0.5251971069509237,False,0.030555555555555558,False,False,0.6831970114339797,0.030555555555555558,True,True,0.40980792860350923,0.17692951910725693,14.462959136249156,False,opposite_direction
107,assignment_isolation,plus_one_randomisation,True,ok,97.96218302790516,3.7636693930929175,104.6310020871084,91.87739212330499,34.60398162501471,1.0,0.001,1.0,0.001,,,,,False,True,False,True,False,0.007071067811865475,0.007125448772456816,24,24,24,0,0.0,{},0.8248226950354612,0.6884920634920635,0.0,False,True,False,True,False,False,0.0,104.6310020871084,91.877392123305,104.6310020871084,96.04166666666667,1.2081980854472376,0.023446115381609088,False,0.5352583779742736,False,0.02430555555555558,False,False,0.6948226742913008,0.02430555555555558,True,True,-0.12828993115690068,0.09932268547355552,13.27004310864648,False,opposite_direction
108,assignment_isolation,plus_one_randomisation,True,ok,90.23185593144592,3.3518219625592462,95.6813813869181,84.55579319267066,33.79713485368733,1.0,0.001,1.0,0.001,,,,,False,True,False,True,False,0.007071067811865475,0.007086645773872687,24,24,24,0,0.0,{},0.8041232591788752,0.7269474637681158,0.0,False,True,False,True,False,False,0.0,95.68138138691809,84.55579319267066,95.68138138691809,96.875,1.1786815126547538,0.0018997862651187925,False,0.4859422606997587,False,0.02430555555555547,False,False,0.674502746326576,0.02430555555555547,True,True,0.3461128414001171,0.22331748519523978,13.258384988183808,False,opposite_direction
109,assignment_isolation,plus_one_randomisation,True,ok,93.41590318000594,3.8165511405172583,100.01893676905769,86.96586265564319,34.784550382842326,1.0,0.001,1.0,0.001,,,,,False,True,False,True,False,0.007071067811865475,0.007066975842872116,24,24,24,0,0.0,{},0.8011605558840923,0.6909176029962546,0.0,False,True,False,True,False,False,0.0,100.01893676905769,86.96586265564319,100.01893676905769,95.04166666666667,1.198248867005527,0.011069254606723885,False,0.5156633801241652,False,0.009027777777777746,False,False,0.681111654137878,0.009027777777777746,True,True,-0.0831778486873158,0.15534783873213368,14.164481716695928,False,opposite_direction
110,assignment_isolation,plus_one_randomisation,True,ok,92.2963626822601,2.555754293098844,96.58496318978145,87.74733527992997,34.3380818014059,1.0,0.001,1.0,0.001,,,,,False,True,False,True,False,0.007071067811865475,0.007099687065327445,24,24,24,0,0.0,{},0.8009349312641723,0.7000000000000001,0.0,False,True,False,True,False,False,0.0,96.58496318978145,87.74733527992997,96.58496318978145,95.16666666666667,1.189125440916865,0.029209783112384986,False,0.4924263787534994,False,0.027430555555555514,False,False,0.6795239714217929,0.027430555555555514,True,True,0.26689392272533047,0.12015972270919521,14.93437393625302,False,opposite_direction
111,assignment_isolation,plus_one_randomisation,True,ok,86.1480840212384,4.550121660110361,94.02492126221861,78.53269108175688,34.59223438765445,1.0,0.001,1.0,0.001,,,,,False,True,False,True,False,0.007071067811865475,0.007059819207487373,24,24,24,0,0.0,{},0.784589958438191,0.7124531835205992,0.0,False,True,False,True,False,False,0.0,94.0249212622186,78.53269108175688,94.0249212622186,95.41666666666667,1.192763440611079,0.024712676749225334,False,0.5105553543483992,False,0.03125,False,False,0.6524465588366142,0.03125,True,True,0.9205168235114888,0.12991765429009788,12.760549996046223,False,opposite_direction
112,assignment_isolation,plus_one_randomisation,True,ok,91.37901100042222,3.2777611328452623,97.11257278591597,86.01403582451293,34.08217065875681,1.0,0.001,1.0,0.001,,,,,False,True,False,True,False,0.007071067811865475,0.007044352267631954,24,24,24,0,0.0,{},0.8090873317412073,0.6985018726591761,0.0,False,True,False,True,False,False,0.0,97.11257278591597,86.01403582451293,97.11257278591597,96.54166666666667,1.1794939369029984,0.025558545670369037,False,0.4967587666205416,False,0.027083333333333348,False,False,0.6788535761152235,0.027083333333333348,True,True,0.12230537254939661,0.10756149486256321,12.896585841386079,False,opposite_direction
113,assignment_isolation,plus_one_randomisation,True,ok,93.77330243004762,3.3311752786955915,99.37574121503785,87.80400803367618,34.745707629821,1.0,0.001,1.0,0.001,,,,,False,True,False,True,False,0.007071067811865475,0.007085952420784673,24,24,24,0,0.0,{},0.8173208286674134,0.6712546816479401,0.0,False,True,False,True,False,False,0.0,99.37574121503785,87.8040080336762,99.37574121503785,96.5,1.209297218179744,0.0015073363766865936,False,0.5123889799578821,False,0.043055555555555514,False,False,0.6791825912652201,0.043055555555555514,True,True,0.45188093631577614,0.1530301127816875,14.37612766023922,False,opposite_direction
114,assignment_isolation,plus_one_randomisation,True,ok,89.46906898451986,4.033691750638748,96.69205885194901,82.91507194821617,34.17085042830693,1.0,0.001,1.0,0.001,,,,,False,True,False,True,False,0.007071067811865475,0.007010834832936582,24,24,24,0,0.0,{},0.7890292553191489,0.6998245614035088,0.0,False,True,False,True,False,False,0.0,96.69205885194901,82.91507194821617,96.69205885194901,96.20833333333333,1.1749026223990893,0.0020378185220931836,False,0.5102825170834796,False,0.032638888888888884,False,False,0.6725598827516296,0.032638888888888884,True,True,0.5617784264635634,0.18724904549305535,14.34595488277917,False,opposite_direction
115,assignment_isolation,plus_one_randomisation,True,ok,85.5883442444944,3.9050883014749145,92.38726949640267,78.12727929572517,34.06863272256861,1.0,0.001,1.0,0.001,,,,,False,True,False,True,False,0.007071067811865475,0.0070594440919384835,24,24,24,0,0.0,{},0.7944444444444445,0.6787037037037036,0.0,False,True,False,True,False,False,0.0,92.38726949640267,78.12727929572517,92.38726949640267,94.91666666666667,1.1715651672697824,0.034381908037025226,False,0.5131860264521562,False,0.020138888888888817,False,False,0.6568783996302741,0.020138888888888817,True,True,0.5646021777338814,0.13751248936587482,11.843092803384781,False,opposite_direction
116,assignment_isolation,plus_one_randomisation,True,ok,83.83944779311592,4.163164301625328,90.83671766797045,76.84600045402439,34.08613096108121,1.0,0.001,1.0,0.001,,,,,False,True,False,True,False,0.007071067811865475,0.007031882170200567,24,24,24,0,0.0,{},0.7819536790780142,0.6874515503875969,0.0,False,True,False,True,False,False,0.0,90.83671766797045,76.84600045402439,90.83671766797045,95.625,1.1719390391432578,0.00765091721784993,False,0.5145947986632251,False,0.015625,False,False,0.6487012937052432,0.015625,True,True,-1.1175885093490026,0.133736903410204,13.095560560712538,False,opposite_direction
117,assignment_isolation,plus_one_randomisation,True,ok,94.2815822173812,4.582250957629337,102.8238446268958,86.91876836353717,35.10587448634376,1.0,0.001,1.0,0.001,,,,,False,True,False,True,False,0.007071067811865475,0.007066202387551012,24,24,24,0,0.0,{},0.800262714867978,0.7099321705426358,0.0,False,True,False,True,False,False,0.0,102.82384462689579,86.91876836353715,102.82384462689579,96.29166666666667,1.2171111027419785,0.02273860795340106,False,0.5211157906971658,False,0.018750000000000044,False,False,0.6788085294814417,0.018750000000000044,True,True,1.7091549551616632,0.2333416707449515,14.951237799191114,False,opposite_direction
118,assignment_isolation,plus_one_randomisation,True,ok,88.52872979393926,3.819652202078231,95.15536406918926,82.30176845178518,34.05008501602724,1.0,0.001,1.0,0.001,,,,,False,True,False,True,False,0.007071067811865475,0.007071868148100931,24,24,24,0,0.0,{},0.7926157407407408,0.7270618556701031,0.0,False,True,False,True,False,False,0.0,95.15536406918926,82.30176845178518,95.15536406918926,95.375,1.1758167301201656,0.005691720900789931,False,0.5071720791226715,False,0.030902777777777835,False,False,0.6683438685979622,0.030902777777777835,True,True,-0.7220291308965229,0.10707127789600415,13.115622051196555,False,opposite_direction
119,assignment_isolation,plus_one_randomisation,True,ok,84.5785723454873,3.5511061351002513,90.86287598169339,78.3340995107763,33.27348724489782,1.0,0.001,1.0,0.001,,,,,False,True,False,True,False,0.007071067811865475,0.007030084382656504,24,24,24,0,0.0,{},0.8020618556701029,0.7149812734082397,0.0,False,True,False,True,False,False,0.0,90.86287598169339,78.3340995107763,90.86287598169339,96.45833333333333,1.148679151725363,0.034679868377532445,False,0.5101731539269351,False,0.02430555555555558,False,False,0.6599015629178505,0.02430555555555558,True,True,-0.40228126228512245,0.2040348656153039,14.275662544594253,False,opposite_direction
120,assignment_isolation,plus_one_randomisation,True,ok,91.58446527474706,3.7532778127526605,100.49526994404901,86.31440180275642,34.72114787565633,1.0,0.001,1.0,0.001,,,,,False,True,False,True,False,0.007071067811865475,0.00708498733512136,24,24,24,0,0.0,{},0.7998267463585755,0.7120689655172414,0.0,False,True,False,True,False,False,0.0,100.49526994404901,86.31440180275642,100.49526994404901,96.33333333333333,1.2072339801013645,0.025599264866746168,False,0.5141861857575655,False,0.025000000000000022,False,False,0.6711619136026471,0.025000000000000022,True,True,-0.4781802525277136,0.13079193515938564,12.82265804971156,False,opposite_direction
121,assignment_isolation,plus_one_randomisation,True,ok,78.90079710592035,4.051042697493415,84.82144384563507,71.43779776767954,32.679259286523425,1.0,0.001,1.0,0.001,,,,,False,True,False,True,False,0.007071067811865475,0.007030575439406597,24,24,24,0,0.0,{},0.7787522893772894,0.7203703703703702,0.0,False,True,False,True,False,False,0.0,84.82144384563507,71.43779776767954,84.82144384563507,95.875,1.1248270963163425,0.0719878051557859,True,0.5137419085855851,False,0.029166666666666674,False,False,0.6408830582449911,0.029166666666666674,True,True,-0.8870027043780965,0.20071527946183088,11.01589876638882,False,diagnostic_failure
122,assignment_isolation,plus_one_randomisation,True,ok,78.62735264140589,4.904378673232895,86.77445917341558,70.65567838587239,32.81871524009848,1.0,0.001,1.0,0.001,,,,,False,True,False,True,False,0.007071067811865475,0.007077324731535974,24,24,24,0,0.0,{},0.7949793747286151,0.7037405303030302,0.0,False,True,False,True,False,False,0.0,86.77445917341556,70.65567838587239,86.77445917341556,95.25,1.1334260633810878,0.010402567694249524,False,0.5134301360842071,False,0.008333333333333415,False,False,0.6364225218638832,0.008333333333333415,True,True,-2.036661056416136,0.15445138385580445,10.266302279210498,False,opposite_direction
123,assignment_isolation,plus_one_randomisation,True,ok,92.10347019497948,3.653614914842119,98.1399858822932,85.2602419973594,35.08452954476219,1.0,0.001,1.0,0.001,,,,,False,True,False,True,False,0.007071067811865475,0.0070202401055945215,24,24,24,0,0.0,{},0.7916222952305427,0.6748168498168498,0.0,False,True,False,True,False,False,0.0,98.1399858822932,85.2602419973594,98.1399858822932,95.54166666666667,1.2037437197065832,0.015303317232469884,False,0.5069896350121506,False,0.018055555555555602,False,False,0.6743155849534436,0.018055555555555602,True,True,0.23554457362898362,0.20461074905302096,14.048998214240804,False,opposite_direction
124,assignment_isolation,plus_one_randomisation,True,ok,95.46499939457352,4.707854174914646,104.28307378806913,88.67426539615325,35.18384304465804,1.0,0.001,1.0,0.001,,,,,False,True,False,True,False,0.007071067811865475,0.007075151320790598,24,24,24,0,0.0,{},0.8039450354609927,0.6986865942028986,0.0,False,True,False,True,False,False,0.0,104.28307378806913,88.67426539615325,104.28307378806913,96.33333333333333,1.221623295489281,0.016142801107812434,False,0.5286009980869344,False,0.025000000000000022,False,False,0.681963586677226,0.025000000000000022,True,True,-0.5644845483270252,0.19493663742893685,14.939238814991892,False,opposite_direction
125,assignment_isolation,plus_one_randomisation,True,ok,87.75489788360801,3.971827906535905,94.70506367391673,81.44808112348271,33.98447855095648,1.0,0.001,1.0,0.001,,,,,False,True,False,True,False,0.007071067811865475,0.007089850298287503,24,24,24,0,0.0,{},0.8052835051546392,0.6641762452107279,0.0,False,True,False,True,False,False,0.0,94.70506367391674,81.44808112348271,94.70506367391674,96.41666666666667,1.1829427763306475,0.014062153073866941,False,0.5018435177919213,False,0.044791666666666674,False,False,0.6627540448880513,0.044791666666666674,True,True,0.8478944186296643,0.16633094215887484,13.419027820236517,False,opposite_direction
126,assignment_isolation,plus_one_randomisation,True,ok,82.9618754060274,3.254093740646223,88.95475997478364,77.71704171541298,33.89971288251469,1.0,0.001,1.0,0.001,,,,,False,True,False,True,False,0.007071067811865475,0.0070712054185381856,24,24,24,0,0.0,{},0.8053528553486997,0.7119850187265918,0.0,False,True,False,True,False,False,0.0,88.95475997478364,77.71704171541298,88.95475997478364,96.41666666666667,1.176889083260958,0.03929436299682309,False,0.5267971730755404,False,0.023958333333333415,False,False,0.6428594848722382,0.023958333333333415,True,True,0.34596067499685507,0.14386810144247242,12.606864164656205,False,opposite_direction
127,assignment_isolation,plus_one_randomisation,True,ok,94.99922501850881,4.010282179091175,101.89595225103551,88.64777901377697,34.115615685831486,1.0,0.001,1.0,0.001,,,,,False,True,False,True,False,0.007071067811865475,0.007099452289870036,24,24,24,0,0.0,{},0.8290816066142697,0.7073863636363635,0.0,False,True,False,True,False,False,0.0,101.89595225103551,88.64777901377697,101.89595225103551,97.29166666666667,1.194499258001115,0.02324037469293449,False,0.5215535023777126,False,0.02256944444444453,False,False,0.688170931132333,0.02256944444444453,True,True,0.839591389364304,0.2360917303547009,14.80564732901504,False,opposite_direction
128,assignment_isolation,plus_one_randomisation,True,ok,95.43848885024515,4.477294193541798,102.49795971938087,86.3891567426748,35.09364679613522,1.0,0.001,1.0,0.001,,,,,False,True,False,True,False,0.007071067811865475,0.007010980197847921,24,24,24,0,0.0,{},0.769594298245614,0.7285984848484849,0.0,False,True,False,True,False,False,0.0,102.49795971938086,86.3891567426748,102.49795971938086,95.875,1.2045641511365939,0.007666459798934971,False,0.5364672968500572,False,0.031597222222222165,False,False,0.6868482306253881,0.031597222222222165,True,True,0.1754885012342971,0.24448292151075976,15.441345231579765,False,opposite_direction
129,assignment_isolation,plus_one_randomisation,True,ok,90.38650385544736,4.72015163073691,99.86319939383424,83.07557910551026,34.56862650714467,1.0,0.001,1.0,0.001,,,,,False,True,False,True,False,0.007071067811865475,0.007055195324829313,24,24,24,0,0.0,{},0.7915090324821956,0.7120923913043476,0.0,False,True,False,True,False,False,0.0,99.86319939383424,83.07557910551026,99.86319939383424,96.5,1.1979117564652795,0.002531550411257255,False,0.504732002463695,False,0.013541666666666674,False,False,0.6691475248895218,0.013541666666666674,True,True,0.6495450953394625,0.13985725351414655,13.1623877018354,False,opposite_direction
130,assignment_isolation,plus_one_randomisation,True,ok,91.14629114963633,3.8652054745189104,98.63218101323388,85.46044138347385,34.438881064714145,1.0,0.001,1.0,0.001,,,,,False,True,False,True,False,0.007071067811865475,0.0070807563495687694,24,24,24,0,0.0,{},0.8098566308243728,0.7269946808510638,0.0,False,True,False,True,False,False,0.0,98.63218101323388,85.46044138347385,98.63218101323388,96.08333333333333,1.1951508316290484,0.02309368551910258,False,0.5079053649797712,False,0.029861111111111116,False,False,0.6731079748832438,0.029861111111111116,True,True,0.35869778390382806,0.21556927682356217,12.734893710616882,False,opposite_direction
131,assignment_isolation,plus_one_randomisation,True,ok,88.7998368491021,4.88295873313212,96.78273409711971,80.51290840038061,33.65344833704972,1.0,0.001,1.0,0.001,,,,,False,True,False,True,False,0.007071067811865475,0.007031847012691505,24,24,24,0,0.0,{},0.7985172101449276,0.7038530465949822,0.0,False,True,False,True,False,False,0.0,96.78273409711971,80.51290840038061,96.78273409711971,96.625,1.1630911270289312,0.013834175403735317,False,0.5113516142161861,False,0.023958333333333304,False,False,0.6735168981436633,0.023958333333333304,True,True,-0.36055574556142567,0.08141345595155955,13.972291469030418,False,opposite_direction
132,assignment_isolation,plus_one_randomisation,True,ok,86.25756852404425,3.912470372895688,93.04961742392808,79.3541044244765,33.763887127046466,1.0,0.001,1.0,0.001,,,,,False,True,False,True,False,0.007071067811865475,0.007061953615446462,24,24,24,0,0.0,{},0.8033564814814815,0.6920411985018726,0.0,False,True,False,True,False,False,0.0,93.04961742392807,79.3541044244765,93.04961742392807,96.41666666666667,1.1706400044165304,0.017140231165758232,False,0.5098969144249753,False,0.017013888888888884,False,False,0.6601769058655615,0.017013888888888884,True,True,-1.287858176164087,0.1396823890862419,13.385886107967476,False,opposite_direction
133,assignment_isolation,plus_one_randomisation,True,ok,88.75176007422452,4.0278631404463665,95.99165857914615,82.45383061201095,34.4395994235636,1.0,0.001,1.0,0.001,,,,,False,True,False,True,False,0.007071067811865475,0.007056460697610482,24,24,24,0,0.0,{},0.782543859649123,0.6742592592592594,0.0,False,True,False,True,False,False,0.0,95.99165857914615,82.45383061201095,95.99165857914615,95.25,1.1858984868042803,0.019716344234874682,False,0.5399170031578243,False,0.010763888888888795,False,False,0.6660837876386123,0.010763888888888795,True,True,-0.693223100186372,0.19931256858679858,14.065149071299453,False,opposite_direction
134,assignment_isolation,plus_one_randomisation,True,ok,93.67125845847575,3.5499754944443533,99.30674401945515,87.22791107661516,34.271497473837044,1.0,0.001,1.0,0.001,,,,,False,True,False,True,False,0.007071067811865475,0.007062901345248122,24,24,24,0,0.0,{},0.8145189003436428,0.6886363636363636,0.0,False,True,False,True,False,False,0.0,99.30674401945515,87.22791107661516,99.30674401945515,97.04166666666667,1.192244558360706,0.02079529683118982,False,0.5242417767453831,False,0.012500000000000067,False,False,0.6838787203119099,0.012500000000000067,True,True,-0.579427199278337,0.13292785847832247,14.187735794150335,False,opposite_direction
135,assignment_isolation,plus_one_randomisation,True,ok,86.91330643027142,3.5791442801967768,92.38190414306808,80.08362856171196,33.99827990857959,1.0,0.001,1.0,0.001,,,,,False,True,False,True,False,0.007071067811865475,0.0071059451755220195,24,24,24,0,0.0,{},0.8020616319444445,0.7268115942028986,0.0,False,True,False,True,False,False,0.0,92.38190414306808,80.08362856171196,92.38190414306808,95.91666666666667,1.1830302256485832,0.008572500846435658,False,0.507828835486629,False,0.03541666666666676,False,False,0.6590438539715584,0.03541666666666676,True,True,0.4485055039024612,0.08926712299924427,13.498234585093778,False,opposite_direction
136,assignment_isolation,plus_one_randomisation,True,ok,88.45495978326124,4.110422903547244,96.08700705442564,81.52745904682513,33.614964783491054,1.0,0.001,1.0,0.001,,,,,False,True,False,True,False,0.007071067811865475,0.007057092341026113,24,24,24,0,0.0,{},0.8077903368794326,0.7352150537634409,0.0,False,True,False,True,False,False,0.0,96.08700705442565,81.52745904682513,96.08700705442565,96.91666666666667,1.1676903723067515,0.0003511488116113364,False,0.4992341664380905,False,0.014236111111111116,False,False,0.6706184564249777,0.014236111111111116,True,True,0.6285741599477471,0.19136424580615058,13.237418743418766,False,opposite_direction
137,assignment_isolation,plus_one_randomisation,True,ok,84.63384261466997,3.212720188395383,90.20009808492173,78.85692332136612,33.4261046023185,1.0,0.001,1.0,0.001,,,,,False,True,False,True,False,0.007071067811865475,0.007049243436672371,24,24,24,0,0.0,{},0.7882010877267573,0.6624521072796935,0.0,False,True,False,True,False,False,0.0,90.20009808492175,78.85692332136612,90.20009808492175,96.04166666666667,1.1545908857445861,0.000593866138153263,False,0.5062307527862233,False,0.02083333333333337,False,False,0.6581812646683578,0.02083333333333337,True,True,-0.7559242492714192,0.1306143553525181,13.643785616805337,False,opposite_direction
138,assignment_isolation,plus_one_randomisation,True,ok,88.85958424921432,4.071665876917136,95.57763664183594,81.80668232996624,34.3496765617753,1.0,0.001,1.0,0.001,,,,,False,True,False,True,False,0.007071067811865475,0.007050429594035912,24,24,24,0,0.0,{},0.8057097288676237,0.7316287878787879,0.0,False,True,False,True,False,False,0.0,95.57763664183592,81.80668232996624,95.57763664183592,97.16666666666667,1.1936222029661914,0.012802170057905326,False,0.49082978885996426,False,0.021874999999999978,False,False,0.6640906120808838,0.021874999999999978,True,True,0.3929932918464441,0.08343616894041496,14.019662657832814,False,opposite_direction
139,assignment_isolation,plus_one_randomisation,True,ok,95.60926659424655,4.290040290209645,102.66916242332577,89.35362585871326,34.80044004761142,1.0,0.001,1.0,0.001,,,,,False,True,False,True,False,0.007071067811865475,0.007060172758737001,24,24,24,0,0.0,{},0.8135229511426317,0.6863553113553114,0.0,False,True,False,True,False,False,0.0,102.66916242332577,89.35362585871326,102.66916242332577,96.54166666666667,1.2070561248897627,0.022213658135738574,False,0.5175774638290254,False,0.02013888888888893,False,False,0.6867503226762607,0.02013888888888893,True,True,0.030994321510563715,0.14377444493890906,13.323019846259296,False,opposite_direction
140,assignment_isolation,plus_one_randomisation,True,ok,90.05051905276191,4.699683675113475,98.83136470698335,82.53150767812483,34.35870790961503,1.0,0.001,1.0,0.001,,,,,False,True,False,True,False,0.007071067811865475,0.007081597065235137,24,24,24,0,0.0,{},0.8078289546613457,0.6624537037037037,0.0,False,True,False,True,False,False,0.0,98.83136470698336,82.53150767812483,98.83136470698336,95.625,1.1896624779297216,0.003533316432244885,False,0.5163742169301638,False,0.00868055555555558,False,False,0.6703343151077332,0.00868055555555558,True,True,-1.971331768533907,0.2150408236636046,13.2875913495654,False,opposite_direction
141,assignment_isolation,plus_one_randomisation,True,ok,90.65248712211718,4.192077835367054,97.27724244092607,82.22852008706727,34.35022852249586,1.0,0.001,1.0,0.001,,,,,False,True,False,True,False,0.007071067811865475,0.00707202589107556,24,24,24,0,0.0,{},0.7968189964157706,0.6988031914893617,0.0,False,True,False,True,False,False,0.0,97.27724244092606,82.22852008706727,97.27724244092606,95.79166666666667,1.188796018112689,0.0066712076631625225,False,0.5011391818398947,False,0.021180555555555536,False,False,0.6730707137531136,0.021180555555555536,True,True,-0.8065078196403686,0.2618628121934059,13.631633668938617,False,opposite_direction
142,assignment_isolation,plus_one_randomisation,True,ok,89.32541623405461,3.786080971877509,96.16616133859175,82.59883006216376,34.2137949007027,1.0,0.001,1.0,0.001,,,,,False,True,False,True,False,0.007071067811865475,0.007056697053774166,24,24,24,0,0.0,{},0.7909751773049647,0.6920411985018726,0.0,False,True,False,True,False,False,0.0,96.16616133859175,82.59883006216376,96.16616133859175,95.75,1.1812508028940762,0.00977244810832563,False,0.5246560668369542,False,0.007638888888888862,False,False,0.6699663751435939,0.007638888888888862,True,True,-1.5294066879603776,0.25346051002330594,13.511303487086938,False,opposite_direction
143,assignment_isolation,plus_one_randomisation,True,ok,92.24397977994393,4.106756828049568,99.29895798403696,84.94523462453942,34.13784593870087,1.0,0.001,1.0,0.001,,,,,False,True,False,True,False,0.007071067811865475,0.0070125740119602814,24,24,24,0,0.0,{},0.7820748838790076,0.7155263157894737,0.0,False,True,False,True,False,False,0.0,99.29895798403696,84.94523462453942,99.29895798403696,96.04166666666667,1.1730416174242337,0.019477797893761913,False,0.5104785125381643,False,0.02604166666666663,False,False,0.6841921651707832,0.02604166666666663,True,True,-0.5561357038993695,0.0918225690177828,14.872190174805636,False,opposite_direction
144,assignment_isolation,plus_one_randomisation,True,ok,93.50526166119609,4.7655347049880055,100.87461359286955,84.31535009122497,35.3752542203121,1.0,0.001,1.0,0.001,,,,,False,True,False,True,False,0.007071067811865475,0.007058865780289504,24,24,24,0,0.0,{},0.779850372279496,0.6852314814814815,0.0,False,True,False,True,False,False,0.0,100.87461359286955,84.31535009122497,100.87461359286955,94.83333333333333,1.21586401744712,0.00468104646364348,False,0.5081091543209278,False,0.029166666666666674,False,False,0.6761773954694431,0.029166666666666674,True,True,0.1735129411109482,0.1325046350733176,13.063280998248318,False,opposite_direction
145,assignment_isolation,plus_one_randomisation,True,ok,88.64035250654096,3.8320246154806408,95.26049183000737,81.63309472308576,34.04882143030488,1.0,0.001,1.0,0.001,,,,,False,True,False,True,False,0.007071067811865475,0.007059649203499938,24,24,24,0,0.0,{},0.8115329982517483,0.7166666666666667,0.0,False,True,False,True,False,False,0.0,95.26049183000737,81.63309472308576,95.26049183000737,98.25,1.1913009524135487,0.009335182221293724,False,0.5272153494226072,False,0.016319444444444442,False,False,0.663892244765147,0.016319444444444442,True,True,-1.1998047599848078,0.19369579952806404,11.185452337782067,False,opposite_direction
146,assignment_isolation,plus_one_randomisation,True,ok,84.99649786922528,4.369380181832807,92.54154178113883,77.89040573491165,34.00957998455717,1.0,0.001,1.0,0.001,,,,,False,True,False,True,False,0.007071067811865475,0.007067715482843829,24,24,24,0,0.0,{},0.7949264575580366,0.6562757201646091,0.0,False,True,False,True,False,False,0.0,92.54154178113883,77.89040573491165,92.54154178113883,94.70833333333333,1.1696190362805803,0.019498734330291395,False,0.5392093969882891,False,0.021874999999999978,False,False,0.6548355982381009,0.021874999999999978,True,True,-1.9092214264802798,0.2096618658860288,12.569152973320342,False,opposite_direction
147,assignment_isolation,plus_one_randomisation,True,ok,88.63281061829161,3.5860599376479403,94.67683269297407,82.59487570753639,34.65399407204051,1.0,0.001,1.0,0.001,,,,,False,True,False,True,False,0.007071067811865475,0.007041881617414894,24,24,24,0,0.0,{},0.7774641577060933,0.7236263736263734,0.0,False,True,False,True,False,False,0.0,94.67683269297407,82.59487570753639,94.67683269297407,94.625,1.1869022882777338,0.01110701026103227,False,0.5326378209688658,False,0.04027777777777786,False,False,0.665259136154687,0.04027777777777786,True,True,-0.15715873183060972,0.1811906270151554,13.34545096929367,False,opposite_direction
148,assignment_isolation,plus_one_randomisation,True,ok,86.50585685482149,4.1768543968009055,94.12083153018706,79.73471289459587,33.856463053183695,1.0,0.001,1.0,0.001,,,,,False,True,False,True,False,0.007071067811865475,0.007018724956168734,24,24,24,0,0.0,{},0.8033854166666666,0.578968253968254,0.0,False,True,False,True,False,False,0.0,94.12083153018706,79.73471289459587,94.12083153018706,96.29166666666667,1.1659076880980626,0.01970713293848645,False,0.49959048371424436,False,0.023958333333333304,False,False,0.6628185671960947,0.023958333333333304,True,True,-1.5979162698854021,0.14566599081143455,13.325766662994852,False,opposite_direction
149,assignment_isolation,plus_one_randomisation,True,ok,88.09824089838912,2.651257022034736,92.96025465991963,83.56110367572208,33.84667863988762,1.0,0.001,1.0,0.001,,,,,False,True,False,True,False,0.007071067811865475,0.0070535470383639625,24,24,24,0,0.0,{},0.786740577842522,0.7067708333333332,0.0,False,True,False,True,False,False,0.0,92.96025465991961,83.56110367572208,92.96025465991961,95.875,1.1688164565335464,0.006558101504550269,False,0.5442960756291979,False,0.017013888888888884,False,False,0.6687538890460565,0.017013888888888884,True,True,0.18949171703948012,0.1141856339340875,12.815846352410608,False,opposite_direction
150,assignment_isolation,plus_one_randomisation,True,ok,95.51356763509385,4.49431721666989,103.7800971653874,88.38701848432801,35.114664565668505,1.0,0.001,1.0,0.001,,,,,False,True,False,True,False,0.007071067811865475,0.007058510947202698,24,24,24,0,0.0,{},0.7955756013745705,0.7164794007490637,0.0,False,True,False,True,False,False,0.0,103.7800971653874,88.38701848432801,103.7800971653874,95.125,1.2087012075465662,0.03168480891901821,False,0.5070828644494548,False,0.012847222222222232,False,False,0.6859189634699283,0.012847222222222232,True,True,0.3731766888974693,0.12420826205238777,14.343877811411096,False,opposite_direction
151,assignment_isolation,plus_one_randomisation,True,ok,83.90285314676414,3.461146017135984,89.60057175126111,78.10691024783173,33.53562535048408,1.0,0.001,1.0,0.001,,,,,False,True,False,True,False,0.007071067811865475,0.0070306702307653315,24,24,24,0,0.0,{},0.8012312216553288,0.7291203703703704,0.0,False,True,False,True,False,False,0.0,89.60057175126111,78.10691024783173,89.60057175126111,97.625,1.164806177052616,0.012657589443562784,False,0.517288369714474,False,0.019791666666666652,False,False,0.6513950484152972,0.019791666666666652,True,True,-0.6904828965302986,0.21799993352269612,11.495844831116047,False,opposite_direction
152,assignment_isolation,plus_one_randomisation,True,ok,96.03531003919902,3.9701720881888747,102.4490992824943,88.78955502658523,35.06260212408264,1.0,0.001,1.0,0.001,,,,,False,True,False,True,False,0.007071067811865475,0.007054288448290646,24,24,24,0,0.0,{},0.8050886330409357,0.6909090909090909,0.0,False,True,False,True,False,False,0.0,102.44909928249429,88.78955502658523,102.44909928249429,95.83333333333333,1.2106696600537123,0.012079527134878797,False,0.5057433893760451,False,0.01041666666666663,False,False,0.6872614999017534,0.01041666666666663,True,True,-0.3589548556416605,0.1431567842870809,15.104817345478216,False,opposite_direction
153,assignment_isolation,plus_one_randomisation,True,ok,94.74706416493882,3.041235690001539,99.75549317522038,89.23267091964368,34.80111127452016,1.0,0.001,1.0,0.001,,,,,False,True,False,True,False,0.007071067811865475,0.0071033446795834634,24,24,24,0,0.0,{},0.8044243986254297,0.7204166666666667,0.0,False,True,False,True,False,False,0.0,99.75549317522037,89.23267091964368,99.75549317522037,94.79166666666667,1.203402986088484,0.013149702532223218,False,0.5346811092242851,False,0.03125,False,False,0.6846246755315315,0.03125,True,True,0.2903991376304249,0.11634856291510397,14.23851765137544,False,opposite_direction
154,assignment_isolation,plus_one_randomisation,True,ok,88.32176881801693,3.7974033188267367,95.1926423752184,81.63983427389446,33.61671947102274,1.0,0.001,1.0,0.001,,,,,False,True,False,True,False,0.007071067811865475,0.007099301424001563,24,24,24,0,0.0,{},0.822810799319728,0.757616487455197,0.0,False,True,False,True,False,False,0.0,95.1926423752184,81.63983427389446,95.1926423752184,97.125,1.1759976833483607,0.005554698246368126,False,0.5027652286454026,False,0.031597222222222165,False,False,0.6674094741061538,0.031597222222222165,True,True,-0.20735488321380374,0.12867704013470932,12.886992190849641,False,opposite_direction
155,assignment_isolation,plus_one_randomisation,True,ok,85.67517392378765,3.6556975690242455,92.7558301579967,79.28845837467712,33.31268502619568,1.0,0.001,1.0,0.001,,,,,False,True,False,True,False,0.007071067811865475,0.00704108911486925,24,24,24,0,0.0,{},0.8079482216838705,0.6957875457875459,0.0,False,True,False,True,False,False,0.0,92.7558301579967,79.28845837467712,92.7558301579967,96.45833333333333,1.1518325856233105,0.03966806771016436,False,0.5181000509426246,False,0.01388888888888895,False,False,0.6637662669726632,0.01388888888888895,True,True,-0.13295905862929974,0.11638364446552854,13.105811882414459,False,opposite_direction
156,assignment_isolation,plus_one_randomisation,True,ok,88.96908206746396,4.040504851483116,96.39175854842642,82.41411501991185,34.2145007763115,1.0,0.001,1.0,0.001,,,,,False,True,False,True,False,0.007071067811865475,0.007105759283704395,24,24,24,0,0.0,{},0.813772158260234,0.7317028985507246,0.0,False,True,False,True,False,False,0.0,96.39175854842642,82.41411501991185,96.39175854842642,95.875,1.190264255318053,0.027343932829535934,False,0.534328805720993,False,0.030902777777777835,False,False,0.6656206669056606,0.030902777777777835,True,True,1.7970631985790289,0.23682243023838895,15.463669663700943,False,opposite_direction
157,assignment_isolation,plus_one_randomisation,True,ok,87.87300136173458,2.8657745146250777,92.23355644868629,81.69805002175589,33.70780582433574,1.0,0.001,1.0,0.001,,,,,False,True,False,True,False,0.007071067811865475,0.007070017118412132,24,24,24,0,0.0,{},0.7842948717948719,0.6992673992673993,0.0,False,True,False,True,False,False,0.0,92.23355644868629,81.69805002175589,92.23355644868629,95.20833333333333,1.162675268247836,0.030580095405856465,False,0.5225831672902723,False,0.01041666666666663,False,False,0.6697641157854867,0.01041666666666663,True,True,0.2991091364964605,0.14234557803280795,13.835925501255526,False,opposite_direction
158,assignment_isolation,plus_one_randomisation,True,ok,84.47114552209389,4.400150610582221,93.15491159104323,77.41068254906583,33.856851982429724,1.0,0.001,1.0,0.001,,,,,False,True,False,True,False,0.007071067811865475,0.007055443543615081,24,24,24,0,0.0,{},0.7912301888840644,0.7138888888888889,0.0,False,True,False,True,False,False,0.0,93.15491159104323,77.41068254906583,93.15491159104323,96.08333333333333,1.1707520606996509,0.010271400747157378,False,0.5161595787754235,False,0.025694444444444353,False,False,0.6520437679276265,0.025694444444444353,True,True,0.6035058888238255,0.09965003809489617,13.921173084537903,False,opposite_direction
159,assignment_isolation,plus_one_randomisation,True,ok,90.57289344492214,4.781126141664668,98.49711830689277,82.7166226995363,34.356526308759825,1.0,0.001,1.0,0.001,,,,,False,True,False,True,False,0.007071067811865475,0.0070348140006807995,24,24,24,0,0.0,{},0.7978076078655976,0.6899621212121212,0.0,False,True,False,True,False,False,0.0,98.49711830689277,82.7166226995363,98.49711830689277,95.5,1.1809555634925397,0.00718019382766508,False,0.48529832467216205,False,0.0253472222222223,False,False,0.6751789609219794,0.0253472222222223,True,True,-2.366468005713826,0.29302619937446606,13.307716581642367,False,opposite_direction
160,assignment_isolation,plus_one_randomisation,True,ok,93.71412073193187,4.169358657261888,100.95647075596926,85.91571283649981,35.75034395484416,1.0,0.001,1.0,0.001,,,,,False,True,False,True,False,0.007071067811865475,0.007037223697546642,24,24,24,0,0.0,{},0.7998245419621751,0.7186141304347827,0.0,False,True,False,True,False,False,0.0,100.95647075596928,85.91571283649982,100.95647075596928,96.91666666666667,1.238371132518377,0.03989687858408788,False,0.525955303949392,False,0.021180555555555536,False,False,0.6702416326056089,0.021180555555555536,True,True,-0.9405003769637751,0.15291952957230825,13.246716120012668,False,opposite_direction
161,assignment_isolation,plus_one_randomisation,True,ok,86.86491230451524,3.756986517509809,92.48711633240785,79.02705691658406,34.17589434858531,1.0,0.001,1.0,0.001,,,,,False,True,False,True,False,0.007071067811865475,0.007018701532108521,24,24,24,0,0.0,{},0.7931279577048211,0.7016666666666667,0.0,False,True,False,True,False,False,0.0,92.48711633240787,79.02705691658406,92.48711633240787,95.83333333333333,1.1740996659950804,0.0005358360297437273,False,0.514474706423717,False,0.03298611111111116,False,False,0.6617300175154899,0.03298611111111116,True,True,0.22822958307062682,0.17974525085215054,12.273199677101948,False,opposite_direction
162,assignment_isolation,plus_one_randomisation,True,ok,90.90069160975902,4.8299116133100535,99.02948905671596,82.38979292061516,33.69876542284221,1.0,0.001,1.0,0.001,,,,,False,True,False,True,False,0.007071067811865475,0.007051411566736091,24,24,24,0,0.0,{},0.8078947368421052,0.7190860215053759,0.0,False,True,False,True,False,False,0.0,99.02948905671595,82.38979292061516,99.02948905671595,97.58333333333333,1.1736750786271373,0.013720631652117041,False,0.5109810248395608,False,0.014930555555555558,False,False,0.6787441281607413,0.014930555555555558,True,True,0.6745619969371439,0.17260966892191743,15.046629916851302,False,opposite_direction
163,assignment_isolation,plus_one_randomisation,True,ok,87.58629499788265,2.7486102153749608,92.35736901824966,83.22917125679764,34.269348986046076,1.0,0.001,1.0,0.001,,,,,False,True,False,True,False,0.007071067811865475,0.007074842982486996,24,24,24,0,0.0,{},0.7940723841082826,0.7119850187265916,0.0,False,True,False,True,False,False,0.0,92.35736901824966,83.22917125679764,92.35736901824966,95.58333333333333,1.1851784609618705,0.026460715347438907,False,0.5394230321606996,False,0.010069444444444353,False,False,0.6613022587884563,0.010069444444444353,True,True,0.6367340296824735,0.14813895666739998,14.00153771116522,False,opposite_direction
164,assignment_isolation,plus_one_randomisation,True,ok,91.64185930598099,2.8846714624107266,96.00668369984405,85.99004136508643,33.77252272266075,1.0,0.001,1.0,0.001,,,,,False,True,False,True,False,0.007071067811865475,0.007035811582747223,24,24,24,0,0.0,{},0.8189455526434997,0.7037677304964539,0.0,False,True,False,True,False,False,0.0,96.00668369984403,85.99004136508643,96.00668369984403,97.08333333333333,1.1706310714759194,0.013177321660615192,False,0.517057711174793,False,0.00868055555555558,False,False,0.6825943743581625,0.00868055555555558,True,True,-0.8056010587677986,0.21392066429469664,13.029999362804354,False,opposite_direction
165,assignment_isolation,plus_one_randomisation,True,ok,90.1000409307726,3.599154340908354,97.07768240352534,84.36381819511905,34.55068398330626,1.0,0.001,1.0,0.001,,,,,False,True,False,True,False,0.007071067811865475,0.007052332192469469,24,24,24,0,0.0,{},0.7906043729372938,0.7124531835205992,0.0,False,True,False,True,False,False,0.0,97.07768240352534,84.36381819511905,97.07768240352534,95.29166666666667,1.1892875600296808,0.010933052208105512,False,0.5136166120438378,False,0.014583333333333393,False,False,0.6706557679840975,0.014583333333333393,True,True,1.5976423932867645,0.20995635215046943,13.877175436567684,False,opposite_direction
166,assignment_isolation,plus_one_randomisation,True,ok,90.05262107552943,3.4441465217586416,95.72086526231304,82.62304272788269,33.989425167260286,1.0,0.001,1.0,0.001,,,,,False,True,False,True,False,0.007071067811865475,0.007041943802795064,24,24,24,0,0.0,{},0.786840767234729,0.7236263736263734,0.0,False,True,False,True,False,False,0.0,95.72086526231304,82.62304272788269,95.72086526231304,95.29166666666667,1.1682447567343044,0.004600150249749459,False,0.5017397908311918,False,0.025347222222222188,False,False,0.6770260188937023,0.025347222222222188,True,True,-2.2004318897333834,0.1826081606859647,14.071885269014684,False,opposite_direction
167,assignment_isolation,plus_one_randomisation,True,ok,92.31728433714237,4.337536872533104,99.86908170156318,85.32168292592725,35.516669416125595,1.0,0.001,1.0,0.001,,,,,False,True,False,True,False,0.007071067811865475,0.007027975016239236,24,24,24,0,0.0,{},0.7923103017802866,0.7029829545454546,0.0,False,True,False,True,False,False,0.0,99.86908170156318,85.32168292592725,99.86908170156318,95.58333333333333,1.2201789604095916,0.05548953160840726,False,0.5381290460978199,False,0.039583333333333304,False,False,0.670160500262473,0.039583333333333304,True,True,-0.7986970713061889,0.18956681423840585,13.92058801950608,False,opposite_direction
168,assignment_isolation,plus_one_randomisation,True,ok,93.31864907117138,4.046641987639739,100.46911746285029,86.60966712656354,34.71772829078454,1.0,0.001,1.0,0.001,,,,,False,True,False,True,False,0.007071067811865475,0.007049743581773665,24,24,24,0,0.0,{},0.8047385414561863,0.7242673992673995,0.0,False,True,False,True,False,False,0.0,100.46911746285029,86.60966712656354,100.46911746285029,96.16666666666667,1.200070904485587,0.009467831888680896,False,0.4944879430961704,False,0.014583333333333282,False,False,0.6801915031816648,0.014583333333333282,True,True,-0.5998317666113667,0.14903977667348356,12.806500581239312,False,opposite_direction
169,assignment_isolation,plus_one_randomisation,True,ok,86.28840912752851,4.2038400425213425,93.26874233518994,79.05638772697142,33.92674464022702,1.0,0.001,1.0,0.001,,,,,False,True,False,True,False,0.007071067811865475,0.007098791331731219,24,24,24,0,0.0,{},0.8031140442222917,0.7280465949820786,0.0,False,True,False,True,False,False,0.0,93.26874233518994,79.05638772697142,93.26874233518994,96.29166666666667,1.181655706145208,0.00015651347404973075,False,0.5023877368466306,False,0.028124999999999956,False,False,0.6567123897489989,0.028124999999999956,True,True,0.6431137477642612,0.16607630078167504,11.802923582054374,False,opposite_direction
170,assignment_isolation,plus_one_randomisation,True,ok,89.73128693181,3.576575032625138,95.66157125033685,83.97539258765138,33.64390146985507,1.0,0.001,1.0,0.001,,,,,False,True,False,True,False,0.007071067811865475,0.00710001479457079,24,24,24,0,0.0,{},0.8057272727272728,0.6446629213483147,0.0,False,True,False,True,False,False,0.0,95.66157125033685,83.97539258765138,95.66157125033685,95.04166666666667,1.1643743564804863,0.03420587059361421,False,0.5382367588501233,False,0.026388888888888906,False,False,0.6769327967671492,0.026388888888888906,True,True,-0.48724205561042067,0.13268058027765772,13.141618517534454,False,opposite_direction
171,assignment_isolation,plus_one_randomisation,True,ok,86.07275113291716,4.2529591498543855,93.53503605663157,79.14978900392674,33.689679516599575,1.0,0.001,1.0,0.001,,,,,False,True,False,True,False,0.007071067811865475,0.007079760802140945,24,24,24,0,0.0,{},0.8129991319444445,0.6732954545454545,0.0,False,True,False,True,False,False,0.0,93.53503605663157,79.14978900392674,93.53503605663157,95.70833333333333,1.1667030830842438,0.0347255366419889,False,0.5201150285168663,False,0.014583333333333282,False,False,0.6606451236011612,0.014583333333333282,True,True,-0.7957194853363516,0.11077889427821928,13.212749177642717,False,opposite_direction
172,assignment_isolation,plus_one_randomisation,True,ok,90.7594551147054,3.1120276964093057,95.49991031595675,85.37788544363453,34.14743936760437,1.0,0.001,1.0,0.001,,,,,False,True,False,True,False,0.007071067811865475,0.007059308659470553,24,24,24,0,0.0,{},0.7889641514500537,0.6818981481481481,0.0,False,True,False,True,False,False,0.0,95.49991031595675,85.37788544363453,95.49991031595675,96.0,1.1809348382210207,0.014870962026710588,False,0.5175099603728954,False,0.012499999999999956,False,False,0.6759377605674209,0.012499999999999956,True,True,-2.8505898961348533,0.32270044122151187,14.597815469382313,False,opposite_direction
173,assignment_isolation,plus_one_randomisation,True,ok,85.46169568050102,4.0055693464301845,91.49852430032556,77.83795513601137,33.84989842621501,1.0,0.001,1.0,0.001,,,,,False,True,False,True,False,0.007071067811865475,0.0070225261639713455,24,24,24,0,0.0,{},0.7686374904652935,0.6291164658634538,0.0,False,True,False,True,False,False,0.0,91.49852430032554,77.83795513601137,91.49852430032554,94.5,1.1554113896632832,0.0012635457501251007,False,0.5157690661022096,False,0.016319444444444442,False,False,0.661638221921244,0.016319444444444442,True,True,-0.8191839870597105,0.08217391284716344,11.270048694222645,False,opposite_direction
174,assignment_isolation,plus_one_randomisation,True,ok,97.5194151429226,3.0133459920097407,103.08730784463609,92.90898244714666,34.66442650172465,1.0,0.001,1.0,0.001,,,,,False,True,False,True,False,0.007071067811865475,0.0070820221906254715,24,24,24,0,0.0,{},0.8077753479815336,0.6600732600732603,0.0,False,True,False,True,False,False,0.0,103.08730784463609,92.90898244714667,103.08730784463609,96.25,1.2042361943466389,0.055269571946551264,False,0.5070189961146587,False,0.02256944444444442,False,False,0.6943992622808999,0.02256944444444442,True,True,0.6792707948308147,0.18778280163020297,14.078355759895935,False,opposite_direction
175,assignment_isolation,plus_one_randomisation,True,ok,86.96288119755161,3.957721945445931,93.49384074800562,79.84875487173115,33.69132977784889,1.0,0.001,1.0,0.001,,,,,False,True,False,True,False,0.007071067811865475,0.0070797438137384355,24,24,24,0,0.0,{},0.8103954081632654,0.6998207885304659,0.0,False,True,False,True,False,False,0.0,93.49384074800564,79.84875487173115,93.49384074800564,96.04166666666667,1.16878746086647,0.013537666526134159,False,0.4904338838972899,False,0.03993055555555558,False,False,0.6638821149481735,0.03993055555555558,True,True,-0.7613352785794512,0.14041624508029563,12.296085263733163,False,opposite_direction
176,assignment_isolation,plus_one_randomisation,True,ok,82.20156640225254,3.4362399357996365,88.54829374216288,76.91213222534263,33.8483891141836,1.0,0.001,1.0,0.001,,,,,False,True,False,True,False,0.007071067811865475,0.007058211089074566,24,24,24,0,0.0,{},0.8049285585096764,0.7337912087912085,0.0,False,True,False,True,False,False,0.0,88.5482937421629,76.91213222534263,88.5482937421629,96.91666666666667,1.175985281520163,0.022504247603221686,False,0.5088273797311023,False,0.021180555555555536,False,False,0.639481641044581,0.021180555555555536,True,True,0.3193444904735368,0.2652037855083349,12.403322097357886,False,opposite_direction
177,assignment_isolation,plus_one_randomisation,True,ok,82.89693631385076,3.971274931658643,89.46426534863394,76.31271658909623,34.14280390329622,1.0,0.001,1.0,0.001,,,,,False,True,False,True,False,0.007071067811865475,0.007038838341564753,24,24,24,0,0.0,{},0.7918661347517731,0.6482142857142857,0.0,False,True,False,True,False,False,0.0,89.46426534863394,76.31271658909623,89.46426534863394,95.08333333333333,1.1717160484329998,0.026377891847969657,False,0.5306716004696562,False,0.027083333333333348,False,False,0.6443021514547893,0.027083333333333348,True,True,-0.5746331639809887,0.1323970657828413,10.347848487168262,False,opposite_direction
178,assignment_isolation,plus_one_randomisation,True,ok,90.02737353668063,3.370578076022063,95.7239524482306,84.21475651133433,34.73279758342267,1.0,0.001,1.0,0.001,,,,,False,True,False,True,False,0.007071067811865475,0.007088202979983784,24,24,24,0,0.0,{},0.8041230354532165,0.7211647727272728,0.0,False,True,False,True,False,False,0.0,95.7239524482306,84.21475651133433,95.7239524482306,95.125,1.2005859321810284,0.06722048658417933,False,0.511420333980037,False,0.023263888888888862,False,False,0.6668216543315237,0.023263888888888862,True,True,0.17795436589233676,0.13064183088864262,11.760143726963038,False,opposite_direction
179,assignment_isolation,plus_one_randomisation,True,ok,85.5005535095353,2.8288516319239347,90.37987535691006,80.33420555554032,33.67359050776654,1.0,0.001,1.0,0.001,,,,,False,True,False,True,False,0.007071067811865475,0.007064182587058698,24,24,24,0,0.0,{},0.8093851863662131,0.7159420289855073,0.0,False,True,False,True,False,False,0.0,90.37987535691006,80.33420555554032,90.37987535691006,96.16666666666667,1.166362714302621,0.045509687624728484,False,0.5294612292049367,False,0.02187500000000009,False,False,0.6581984236879341,0.02187500000000009,True,True,-1.6139884738554324,0.1723043327634636,12.409933196523792,False,opposite_direction
180,assignment_isolation,plus_one_randomisation,True,ok,87.87470267174041,4.440671048843916,94.8447230600948,80.08627421151716,32.86842480178437,1.0,0.001,1.0,0.001,,,,,False,True,False,True,False,0.007071067811865475,0.00705068575411509,24,24,24,0,0.0,{},0.813578947368421,0.6998188405797102,0.0,False,True,False,True,False,False,0.0,94.8447230600948,80.08627421151716,94.8447230600948,97.54166666666667,1.144393389371048,0.019651110837258838,False,0.5289776904355252,False,0.014236111111111116,False,False,0.6756202338169883,0.014236111111111116,True,True,0.133690276669566,0.11569300365948158,14.14983899685612,False,opposite_direction
181,assignment_isolation,plus_one_randomisation,True,ok,91.76719890258194,4.91912777584762,100.2542050196629,82.9450360821585,34.049273416079245,1.0,0.001,1.0,0.001,,,,,False,True,False,True,False,0.007071067811865475,0.007035415388218254,24,24,24,0,0.0,{},0.7791225737215378,0.7120738636363636,0.0,False,True,False,True,False,False,0.0,100.2542050196629,82.9450360821585,100.2542050196629,95.0,1.1674261043728749,0.0768072897593999,True,0.524425899350697,False,0.01909722222222221,False,False,0.6840561333647488,0.01909722222222221,True,True,0.47747566735183034,0.20802892295280231,14.73082713665319,False,diagnostic_failure
182,assignment_isolation,plus_one_randomisation,True,ok,87.85842523069887,4.021298940478232,94.85881713604539,81.23555573473045,34.657430405185295,1.0,0.001,1.0,0.001,,,,,False,True,False,True,False,0.007071067811865475,0.007072393681252397,24,24,24,0,0.0,{},0.8049609616573901,0.6735648148148149,0.0,False,True,False,True,False,False,0.0,94.85881713604539,81.23555573473045,94.85881713604539,96.54166666666667,1.2041766112798822,0.0558454682455074,False,0.5092775884302337,False,0.021874999999999978,False,False,0.6563846623869246,0.021874999999999978,True,True,-0.708870194873849,0.13767537031224064,12.98059933663162,False,opposite_direction
183,assignment_isolation,plus_one_randomisation,True,ok,94.57645632330804,3.238515781369776,100.17718189570606,88.81306791651784,34.83421925038369,1.0,0.001,1.0,0.001,,,,,False,True,False,True,False,0.007071067811865475,0.007084519470397535,24,24,24,0,0.0,{},0.8153061224489796,0.7120738636363636,0.0,False,True,False,True,False,False,0.0,100.17718189570606,88.81306791651782,100.17718189570606,96.66666666666667,1.2131789190718993,0.012958691448874324,False,0.5303474916303408,False,0.02083333333333326,False,False,0.681098763015966,0.02083333333333326,True,True,0.5879178095375909,0.1302861363806054,12.79493125392813,False,opposite_direction
184,assignment_isolation,plus_one_randomisation,True,ok,93.24308739788982,3.7367468161069706,99.88537126186401,86.87179928251224,34.26901959280029,1.0,0.001,1.0,0.001,,,,,False,True,False,True,False,0.007071067811865475,0.007063108550427195,24,24,24,0,0.0,{},0.7932044800224705,0.7113295880149813,0.0,False,True,False,True,False,False,0.0,99.88537126186401,86.87179928251224,99.88537126186401,95.16666666666667,1.1806196137011884,0.013055202131769587,False,0.5219062394035924,False,0.0038194444444444864,False,False,0.6857246237803111,0.0038194444444444864,True,True,0.729547073682366,0.11141961339919511,14.270762664520534,False,opposite_direction
185,assignment_isolation,plus_one_randomisation,True,ok,88.34968647815128,3.279571919196082,94.40029435486876,82.6785856680604,34.50658751520574,1.0,0.001,1.0,0.001,,,,,False,True,False,True,False,0.007071067811865475,0.007063847297930704,24,24,24,0,0.0,{},0.7982922335600908,0.7102564102564103,0.0,False,True,False,True,False,False,0.0,94.40029435486876,82.6785856680604,94.40029435486876,95.66666666666667,1.1920477164380716,0.0019682557295417594,False,0.5251782042781352,False,0.026388888888888906,False,False,0.6624070185580403,0.026388888888888906,True,True,-0.04161994665534899,0.16647892947404513,13.550356542508263,False,opposite_direction
186,assignment_isolation,plus_one_randomisation,True,ok,85.40902857433662,3.199267667287713,90.84235219120872,79.94939842145236,34.048454798188914,1.0,0.001,1.0,0.001,,,,,False,True,False,True,False,0.007071067811865475,0.007069395767922291,24,24,24,0,0.0,{},0.7702506525635029,0.6453815261044178,0.0,False,True,False,True,False,False,0.0,90.84235219120872,79.94939842145236,90.84235219120872,91.375,1.1504384869628999,0.0064210682845435695,False,0.4934572501139553,False,0.014583333333333282,False,False,0.663045198543208,0.014583333333333282,True,True,-0.23497579474582772,0.08149539688267642,13.839148763452181,False,opposite_direction
187,assignment_isolation,plus_one_randomisation,True,ok,84.24073356776417,3.508818438462969,90.02603540641032,77.36999634101718,33.35768121491446,1.0,0.001,1.0,0.001,,,,,False,True,False,True,False,0.007071067811865475,0.007071070959210712,24,24,24,0,0.0,{},0.8014375777192597,0.6954119850187267,0.0,False,True,False,True,False,False,0.0,90.02603540641032,77.36999634101718,90.02603540641032,96.125,1.1562965509500225,0.021660424992840915,False,0.5042335098178261,False,0.012847222222222232,False,False,0.6558142018923369,0.012847222222222232,True,True,0.28232254098766496,0.23692350197979556,12.668832928044838,False,opposite_direction
188,assignment_isolation,plus_one_randomisation,True,ok,96.42955184959492,3.2138505234150005,101.24044504464692,90.91950960790598,34.60682333041039,1.0,0.001,1.0,0.001,,,,,False,True,False,True,False,0.007071067811865475,0.007090022610533435,24,24,24,0,0.0,{},0.8014511928763441,0.7051971326164872,0.0,False,True,False,True,False,False,0.0,101.24044504464693,90.91950960790598,101.24044504464693,95.70833333333333,1.200201698728681,0.019611436326793564,False,0.5177016689069771,False,0.013194444444444398,False,False,0.6917012620336026,0.013194444444444398,True,True,2.1241512983968582,0.17914674242553572,15.898220392447381,False,opposite_direction
189,assignment_isolation,plus_one_randomisation,True,ok,91.46068828455641,4.205654451130169,98.92052027341576,84.54738525180227,35.31956511881198,1.0,0.001,1.0,0.001,,,,,False,True,False,True,False,0.007071067811865475,0.007054873589033123,24,24,24,0,0.0,{},0.7747790542516635,0.686379928315412,0.0,False,True,False,True,False,False,0.0,98.92052027341576,84.54738525180227,98.92052027341576,93.5,1.204704114766503,0.013355557611304228,False,0.5289292940061797,False,0.023958333333333304,False,False,0.6714382220291734,0.023958333333333304,True,True,-0.9323250211432521,0.16351380006091795,11.028243949108106,False,opposite_direction
190,assignment_isolation,plus_one_randomisation,True,ok,91.63299287028201,2.9223123544005802,96.24927459345649,85.25677921931172,34.06712182212492,1.0,0.001,1.0,0.001,,,,,False,True,False,True,False,0.007071067811865475,0.007092741143670432,24,24,24,0,0.0,{},0.8212876624103944,0.7037545787545788,0.0,False,True,False,True,False,False,0.0,96.24927459345649,85.25677921931172,96.24927459345649,96.41666666666667,1.1863029611879128,0.004840833762432961,False,0.5035786258402193,False,0.012499999999999956,False,False,0.6777738372387927,0.012499999999999956,True,True,-0.20382704151144182,0.09172465778168587,14.039018374588206,False,opposite_direction
191,assignment_isolation,plus_one_randomisation,True,ok,92.47043170276413,3.3597316318678834,98.58956234170978,87.42627403668224,34.76925175537945,1.0,0.001,1.0,0.001,,,,,False,True,False,True,False,0.007071067811865475,0.007108655384679893,24,24,24,0,0.0,{},0.7995972360787791,0.7493589743589743,0.0,False,True,False,True,False,False,0.0,98.58956234170978,87.42627403668224,98.58956234170978,95.79166666666667,1.209530083546395,0.0377332218987051,False,0.5482296918187105,False,0.027430555555555514,False,False,0.6740146924462214,0.027430555555555514,True,True,-0.033785839623631506,0.2123532753262029,13.453695859552122,False,opposite_direction
192,assignment_isolation,plus_one_randomisation,True,ok,98.99056698705981,3.828992373399018,105.6686868781594,93.17464192431294,35.65223732426524,1.0,0.001,1.0,0.001,,,,,False,True,False,True,False,0.007071067811865475,0.007067021712237427,24,24,24,0,0.0,{},0.7832456140350879,0.7066287878787879,0.0,False,True,False,True,False,False,0.0,105.6686868781594,93.17464192431294,105.6686868781594,95.0,1.2278774437509392,0.017668079086069616,False,0.512663682117675,False,0.015625,False,False,0.6928737169835784,0.015625,True,True,0.93123895230039,0.1549606335964094,14.711211000530113,False,opposite_direction
193,assignment_isolation,plus_one_randomisation,True,ok,86.75613436658783,4.787112491100036,94.23427905854949,78.32112911181662,34.350047268431865,1.0,0.001,1.0,0.001,,,,,False,True,False,True,False,0.007071067811865475,0.0070760585433527895,24,24,24,0,0.0,{},0.810546875,0.725,0.0,False,True,False,True,False,False,0.0,94.23427905854949,78.32112911181662,94.23427905854949,96.20833333333333,1.192051740884963,0.010620543323870343,False,0.5083678820779756,False,0.022222222222222254,False,False,0.655414747217101,0.022222222222222254,True,True,-0.4529630745123898,0.20027699952194103,13.440580413245227,False,opposite_direction
194,assignment_isolation,plus_one_randomisation,True,ok,87.18209589752273,3.6792044518923204,93.53126576344019,80.86242883446464,34.43303555581311,1.0,0.001,1.0,0.001,,,,,False,True,False,True,False,0.007071067811865475,0.006997075113652201,24,24,24,0,0.0,{},0.7626315789473683,0.690909090909091,0.0,False,True,False,True,False,False,0.0,93.5312657634402,80.86242883446464,93.5312657634402,95.08333333333333,1.1746650590123862,0.02205688546021362,False,0.5190974154961102,False,0.04236111111111107,False,False,0.662933993226247,0.04236111111111107,True,True,-0.41066860849145315,0.1665004896597142,11.916282025755631,False,opposite_direction
195,assignment_isolation,plus_one_randomisation,True,ok,94.55175259088554,4.874441573065697,104.39682394260697,87.04535776493546,34.60037394374878,1.0,0.001,1.0,0.001,,,,,False,True,False,True,False,0.007071067811865475,0.007054386605592698,24,24,24,0,0.0,{},0.8140727124183007,0.7121863799283152,0.0,False,True,False,True,False,False,0.0,104.39682394260699,87.04535776493545,104.39682394260699,97.41666666666667,1.2045551429639307,0.019383673007314018,False,0.5233924662021445,False,0.025347222222222188,False,False,0.6835530353570691,0.025347222222222188,True,True,-1.1622191535433721,0.11922484246368782,15.055567688637053,False,opposite_direction
196,assignment_isolation,plus_one_randomisation,True,ok,88.02043626547118,3.7865097649322843,94.52225238946151,81.7180627087086,34.666640031649365,1.0,0.001,1.0,0.001,,,,,False,True,False,True,False,0.007071067811865475,0.00707208861506926,24,24,24,0,0.0,{},0.7902015165097863,0.6770833333333334,0.0,False,True,False,True,False,False,0.0,94.52225238946151,81.7180627087086,94.52225238946151,94.29166666666667,1.190326507957628,0.012449411678405771,False,0.5155670275510241,False,0.01805555555555549,False,False,0.6615350825670792,0.01805555555555549,True,True,1.8937827449329248,0.22904169083668088,13.643032866718919,False,opposite_direction
197,assignment_isolation,plus_one_randomisation,True,ok,87.3267732425356,3.4368819885131154,92.7826852362671,81.42609376269485,33.86031681239771,1.0,0.001,1.0,0.001,,,,,False,True,False,True,False,0.007071067811865475,0.007100274398894015,24,24,24,0,0.0,{},0.8017964457417583,0.7102314814814814,0.0,False,True,False,True,False,False,0.0,92.78268523626711,81.42609376269485,92.78268523626711,95.66666666666667,1.1757540285878934,0.01631556690039722,False,0.5186830713380444,False,0.03680555555555565,False,False,0.663211827999991,0.03680555555555565,True,True,-0.02860227801380161,0.10080180464806417,12.225765615033303,False,opposite_direction
198,assignment_isolation,plus_one_randomisation,True,ok,91.84459763035984,4.992509573778793,101.00665851467618,83.60040428468182,34.56085892125156,1.0,0.001,1.0,0.001,,,,,False,True,False,True,False,0.007071067811865475,0.007059709565168499,24,24,24,0,0.0,{},0.8201215822867607,0.6470588235294117,0.0,False,True,False,True,False,False,0.0,101.00665851467618,83.60040428468182,101.00665851467618,96.33333333333333,1.1973735496355045,0.0037339727704333338,False,0.51177566441132,False,0.016319444444444442,False,False,0.6752289210996317,0.016319444444444442,True,True,0.41996798285090664,0.21214845273247226,14.253149094149832,False,opposite_direction
199,assignment_isolation,plus_one_randomisation,True,ok,84.05587502318946,4.027492704502017,91.94564263896312,77.23126492291055,33.90489203687994,1.0,0.001,1.0,0.001,,,,,False,True,False,True,False,0.007071067811865475,0.007028322170568349,24,24,24,0,0.0,{},0.7867506094858157,0.683909574468085,0.0,False,True,False,True,False,False,0.0,91.94564263896312,77.23126492291055,91.94564263896312,96.16666666666667,1.1684128170574517,0.003624637478251944,False,0.5258719018153641,False,0.023263888888888862,False,False,0.65089791915277,0.023263888888888862,True,True,0.01605167070568989,0.21263823532317846,13.872841188303772,False,opposite_direction
200,assignment_isolation,plus_one_randomisation,True,ok,90.68213649690081,4.430103728365136,98.26107668148575,83.41892824644633,34.85455691083964,1.0,0.001,1.0,0.001,,,,,False,True,False,True,False,0.007071067811865475,0.007048457437099308,24,24,24,0,0.0,{},0.785374149659864,0.7113553113553114,0.0,False,True,False,True,False,False,0.0,98.26107668148575,83.41892824644633,98.26107668148575,94.875,1.1964637538812102,0.009326612132972568,False,0.5190778706755371,False,0.021527777777777812,False,False,0.6708131749303636,0.021527777777777812,True,True,0.5282750521888131,0.2057671554231464,13.263903832084926,False,opposite_direction
201,assignment_isolation,plus_one_randomisation,True,ok,95.1454981742746,4.544147427191411,102.52560905716832,86.6102486510626,34.27483749768656,1.0,0.001,1.0,0.001,,,,,False,True,False,True,False,0.007071067811865475,0.007084989557025618,24,24,24,0,0.0,{},0.8061437074829932,0.6742424242424243,0.0,False,True,False,True,False,False,0.0,102.52560905716832,86.6102486510626,102.52560905716832,96.5,1.1927468543730888,0.012256563722842208,False,0.5089848036951505,False,0.015277777777777724,False,False,0.6892187700219269,0.015277777777777724,True,True,-0.6137863219558454,0.2617278849824425,14.904470113070165,False,opposite_direction
202,assignment_isolation,plus_one_randomisation,True,ok,85.92926015315153,3.6554443899970166,91.87092740208593,79.20131374325194,33.85788472786788,1.0,0.001,1.0,0.001,,,,,False,True,False,True,False,0.007071067811865475,0.007050150323067769,24,24,24,0,0.0,{},0.8062049390202818,0.7065891472868217,0.0,False,True,False,True,False,False,0.0,91.87092740208591,79.20131374325194,91.87092740208591,97.0,1.1754768233214126,0.00025856682911517734,False,0.5090895296617862,False,0.02013888888888893,False,False,0.657126238883925,0.02013888888888893,True,True,0.1689871962307384,0.1676511977105691,13.436648669206255,False,opposite_direction
203,assignment_isolation,plus_one_randomisation,True,ok,89.59940513351323,4.072148192149404,97.16035850309474,82.7692062084243,34.624396179828445,1.0,0.001,1.0,0.001,,,,,False,True,False,True,False,0.007071067811865475,0.007033327665362679,24,24,24,0,0.0,{},0.7822480354532163,0.6732758620689655,0.0,False,True,False,True,False,False,0.0,97.16035850309474,82.7692062084243,97.16035850309474,95.54166666666667,1.1901712902597323,0.024169986281770462,False,0.508814074040328,False,0.03541666666666665,False,False,0.668301710968449,0.03541666666666665,True,True,0.06928738467251026,0.14563589276493907,10.966352746599746,False,opposite_direction
204,assignment_isolation,plus_one_randomisation,True,ok,94.28247989935274,3.701552052953191,101.1104413632568,88.18886154833987,34.48098707205931,1.0,0.001,1.0,0.001,,,,,False,True,False,True,False,0.007071067811865475,0.007054870224564562,24,24,24,0,0.0,{},0.7954787234042553,0.7333333333333332,0.0,False,True,False,True,False,False,0.0,101.11044136325681,88.18886154833986,101.11044136325681,95.91666666666667,1.1912029549196637,0.06258936426238519,False,0.5528867020673325,False,0.018055555555555602,False,False,0.6864855217910639,0.018055555555555602,True,True,0.14535086946621215,0.18474665259335385,15.017828806469145,False,opposite_direction
205,assignment_isolation,plus_one_randomisation,True,ok,96.06286960487621,4.123037932147278,102.6793364330302,89.00725901327101,35.07041917226357,1.0,0.001,1.0,0.001,,,,,False,True,False,True,False,0.007071067811865475,0.007033117369293816,24,24,24,0,0.0,{},0.7845873212808696,0.6992509363295881,0.0,False,True,False,True,False,False,0.0,102.6793364330302,89.00725901327102,102.6793364330302,95.375,1.2044148500012692,0.006799926791798824,False,0.500876492475177,False,0.036111111111111094,False,False,0.6891703105426594,0.036111111111111094,True,True,0.18293528059549452,0.16554975374341924,14.225417158676514,False,opposite_direction
206,assignment_isolation,plus_one_randomisation,True,ok,80.08784639636764,3.524455392616796,85.91574163008099,74.24999909174417,33.41682285210337,1.0,0.001,1.0,0.001,,,,,False,True,False,True,False,0.007071067811865475,0.0070578465535598295,24,24,24,0,0.0,{},0.8019752692743763,0.7083333333333333,0.0,False,True,False,True,False,False,0.0,85.91574163008097,74.24999909174417,85.91574163008097,96.5,1.1584332901162075,0.00966344319913888,False,0.48966876100167334,False,0.006597222222222143,False,False,0.6350392000752024,0.006597222222222143,True,True,-1.222072452303255,0.16891938852172925,11.307373007891597,False,opposite_direction
207,assignment_isolation,plus_one_randomisation,True,ok,93.38023418893704,4.280003939403901,100.62688070061932,85.7657681700066,34.52197384795792,1.0,0.001,1.0,0.001,,,,,False,True,False,True,False,0.007071067811865475,0.007106824406043928,24,24,24,0,0.0,{},0.7964758255166628,0.7280092592592593,0.0,False,True,False,True,False,False,0.0,100.62688070061932,85.7657681700066,100.62688070061932,94.91666666666667,1.1951225686840719,0.010566586879805087,False,0.5068675827043306,False,0.030555555555555558,False,False,0.681910590959663,0.030555555555555558,True,True,-0.19638399866460507,0.15858193318531355,12.92896519099399,False,opposite_direction
208,assignment_isolation,plus_one_randomisation,True,ok,85.9443003038383,3.5503242685491196,92.32323267882144,80.41714449821463,33.98990525650041,1.0,0.001,1.0,0.001,,,,,False,True,False,True,False,0.007071067811865475,0.007092370064757709,24,24,24,0,0.0,{},0.7936362617878576,0.7119850187265918,0.0,False,True,False,True,False,False,0.0,92.32323267882144,80.41714449821463,92.32323267882144,95.41666666666667,1.1773984690270214,0.004178452423167319,False,0.5134653356073968,False,0.02083333333333326,False,False,0.6565630180748324,0.02083333333333326,True,True,-0.5332859346400105,0.13774427271619843,13.050855321697382,False,opposite_direction
209,assignment_isolation,plus_one_randomisation,True,ok,90.75015583812255,3.549694188995234,96.7980169648486,84.43707130398835,34.119784810433195,1.0,0.001,1.0,0.001,,,,,False,True,False,True,False,0.007071067811865475,0.0070898764513015865,24,24,24,0,0.0,{},0.8207500000000001,0.743486590038314,0.0,False,True,False,True,False,False,0.0,96.7980169648486,84.43707130398835,96.7980169648486,97.41666666666667,1.193800035729741,0.02190079449382853,False,0.5210859134986087,False,0.021527777777777812,False,False,0.6719171228533622,0.021527777777777812,True,True,-0.346431994957937,0.10081184627075598,12.94176176805651,False,opposite_direction
210,assignment_isolation,plus_one_randomisation,True,ok,90.39982807743513,4.885020193408059,97.9293274071965,82.02568247808102,33.86240264614191,1.0,0.001,1.0,0.001,,,,,False,True,False,True,False,0.007071067811865475,0.007123512888877958,24,24,24,0,0.0,{},0.8296879295532646,0.6581460674157305,0.0,False,True,False,True,False,False,0.0,97.92932740719648,82.02568247808102,97.92932740719648,96.125,1.182497318611211,0.01627634104534137,False,0.5198169104838455,False,0.03923611111111114,False,False,0.6739988080716742,0.03923611111111114,True,True,-0.7357999367600413,0.21192810052709876,13.735637216950613,False,opposite_direction
211,assignment_isolation,plus_one_randomisation,True,ok,91.38641484973401,4.035928779644132,99.30591272456681,85.39436484523031,34.64653301110108,1.0,0.001,1.0,0.001,,,,,False,True,False,True,False,0.007071067811865475,0.007008947801934164,24,24,24,0,0.0,{},0.7956095573095402,0.6849999999999999,0.0,False,True,False,True,False,False,0.0,99.3059127245668,85.39436484523031,99.3059127245668,95.95833333333333,1.1893891174359574,0.0021750652145078194,False,0.5050430839419169,False,0.03888888888888886,False,False,0.675846709355084,0.03888888888888886,True,True,-1.3333080805068889,0.3097022937388728,12.833494584788786,False,opposite_direction
212,assignment_isolation,plus_one_randomisation,True,ok,89.44971172924762,2.947269343666488,94.48602119621653,84.32125494058602,33.95660597788529,1.0,0.001,1.0,0.001,,,,,False,True,False,True,False,0.007071067811865475,0.007086265693750815,24,24,24,0,0.0,{},0.8077693209478808,0.7280219780219779,0.0,False,True,False,True,False,False,0.0,94.48602119621653,84.32125494058602,94.48602119621653,96.41666666666667,1.18137497737463,0.014047892830016721,False,0.514105893192036,False,0.023958333333333415,False,False,0.6704444992001293,0.023958333333333415,True,True,1.6636814916747236,0.29064730581274006,13.461495446062774,False,opposite_direction
213,assignment_isolation,plus_one_randomisation,True,ok,102.79887075496676,3.505009746619669,108.64891444966607,96.76334871915776,35.40036009753549,1.0,0.001,1.0,0.001,,,,,False,True,False,True,False,0.007071067811865475,0.0070651587392323,24,24,24,0,0.0,{},0.8012803819444444,0.7067028985507243,0.0,False,True,False,True,False,False,0.0,108.64891444966607,96.76334871915776,108.64891444966607,96.66666666666667,1.2295267438300803,0.013629388956867211,False,0.5280931321301389,False,0.00868055555555558,False,False,0.7050037830124274,0.00868055555555558,True,True,0.9446822920560197,0.2191464956233474,14.868906585135031,False,opposite_direction
214,assignment_isolation,plus_one_randomisation,True,ok,87.18968113625037,2.886536149651528,92.11432233113939,82.27174790654097,33.591743093025016,1.0,0.001,1.0,0.001,,,,,False,True,False,True,False,0.007071067811865475,0.0070521448693992754,24,24,24,0,0.0,{},0.8045103092783505,0.6319444444444445,0.0,False,True,False,True,False,False,0.0,92.11432233113938,82.27174790654097,92.11432233113938,97.125,1.1673182776843796,0.012854484725995045,False,0.5011941258208751,False,0.010069444444444464,False,False,0.6653427836381456,0.010069444444444464,True,True,-1.2964774571153783,0.13594014677853788,12.423705502125848,False,opposite_direction
215,assignment_isolation,plus_one_randomisation,True,ok,89.8143559461862,2.74001135108542,94.27085715374905,84.91162410204295,34.57719094630677,1.0,0.001,1.0,0.001,,,,,False,True,False,True,False,0.007071067811865475,0.007071574612147214,24,24,24,0,0.0,{},0.8000212585034012,0.6581372549019607,0.0,False,True,False,True,False,False,0.0,94.27085715374905,84.91162410204295,94.27085715374905,96.04166666666667,1.1981348057195298,0.0175166686384072,False,0.5073835382015853,False,0.01909722222222221,False,False,0.6666994135595367,0.01909722222222221,True,True,1.1152457787335661,0.18990486713500215,14.38071093528433,False,opposite_direction
216,assignment_isolation,plus_one_randomisation,True,ok,90.96829293874909,3.5300414670898514,97.14622529986464,85.25801780701056,34.47023088061323,1.0,0.001,1.0,0.001,,,,,False,True,False,True,False,0.007071067811865475,0.007020181284073029,24,24,24,0,0.0,{},0.8060175279789334,0.7207865168539327,0.0,False,True,False,True,False,False,0.0,97.14622529986464,85.25801780701056,97.14622529986464,97.33333333333333,1.1936948555315716,0.03968202734154774,False,0.5169908673869754,False,0.021180555555555536,False,False,0.6728366470212906,0.021180555555555536,True,True,0.5426693576438545,0.13787964948509523,13.459672675980709,False,opposite_direction
217,assignment_isolation,plus_one_randomisation,True,ok,87.07249658595545,3.9607028052651962,93.83751723218786,80.04708266297196,34.53320030779817,1.0,0.001,1.0,0.001,,,,,False,True,False,True,False,0.007071067811865475,0.007040483841383825,24,24,24,0,0.0,{},0.8020616319444446,0.6534883720930232,0.0,False,True,False,True,False,False,0.0,93.83751723218786,80.04708266297196,93.83751723218786,97.08333333333333,1.1977927438121998,0.0013668277667187709,False,0.5047264529612875,False,0.01736111111111105,False,False,0.654963126704585,0.01736111111111105,True,True,-2.0268187409600875,0.17277156259717685,12.664518334384065,False,opposite_direction
218,assignment_isolation,plus_one_randomisation,True,ok,85.41115132571393,3.0946059605376033,91.7543299394577,80.54106192276198,34.21088405090395,1.0,0.001,1.0,0.001,,,,,False,True,False,True,False,0.007071067811865475,0.007091440111874625,24,24,24,0,0.0,{},0.7999142072752232,0.7102059925093632,0.0,False,True,False,True,False,False,0.0,91.7543299394577,80.54106192276198,91.7543299394577,95.83333333333333,1.1874820077495325,0.007060451666848395,False,0.4956834568073761,False,0.01388888888888895,False,False,0.650821921017919,0.01388888888888895,True,True,0.8784514762579275,0.12846288775385994,13.854696670432165,False,opposite_direction
219,assignment_isolation,plus_one_randomisation,True,ok,85.9561633130203,4.297278150045464,92.28504022385862,77.78463051609066,33.694523169822986,1.0,0.001,1.0,0.001,,,,,False,True,False,True,False,0.007071067811865475,0.0070896897553289024,24,24,24,0,0.0,{},0.7998290553334735,0.7291218637992831,0.0,False,True,False,True,False,False,0.0,92.28504022385862,77.78463051609066,92.28504022385862,96.04166666666667,1.1705403636426561,0.01678969343558132,False,0.494688617416402,False,0.02256944444444442,False,False,0.6588671543626479,0.02256944444444442,True,True,-1.0187882049048376,0.19293097007645668,12.925683508250762,False,opposite_direction
220,assignment_isolation,plus_one_randomisation,True,ok,94.38953639802487,3.3032864653228122,100.22344642183492,88.8384868361302,34.19189449936844,1.0,0.001,1.0,0.001,,,,,False,True,False,True,False,0.007071067811865475,0.007021228046254231,24,24,24,0,0.0,{},0.7927794357026586,0.6825757575757577,0.0,False,True,False,True,False,False,0.0,100.22344642183492,88.8384868361302,100.22344642183492,95.83333333333333,1.175072182214524,0.009298661250822148,False,0.5110988277708219,False,0.01736111111111116,False,False,0.6916246798220345,0.01736111111111116,True,True,-0.2633052651934797,0.09743171562769433,15.050971845286858,False,opposite_direction
221,assignment_isolation,plus_one_randomisation,True,ok,88.56957364566995,3.63210242974367,94.11931193013194,81.3113571261953,34.259204353248975,1.0,0.001,1.0,0.001,,,,,False,True,False,True,False,0.007071067811865475,0.007074415959883866,24,24,24,0,0.0,{},0.7978951890034365,0.6983516483516484,0.0,False,True,False,True,False,False,0.0,94.11931193013193,81.3113571261953,94.11931193013193,95.91666666666667,1.1868201397127622,0.014809992640651679,False,0.5321380128084185,False,0.025347222222222188,False,False,0.665015762833363,0.025347222222222188,True,True,1.4043463256746735,0.22230013443528793,13.258320014248376,False,opposite_direction
222,assignment_isolation,plus_one_randomisation,True,ok,90.23271591702348,4.277473834992498,96.1606140027516,82.39687800531493,33.526659727105944,1.0,0.001,1.0,0.001,,,,,False,True,False,True,False,0.007071067811865475,0.007046079283317992,24,24,24,0,0.0,{},0.7936925871029132,0.7083333333333333,0.0,False,True,False,True,False,False,0.0,96.16061400275161,82.39687800531493,96.16061400275161,97.0,1.1633052384204596,0.021602839687712233,False,0.5172054621308384,False,0.03402777777777777,False,False,0.6792858471673879,0.03402777777777777,True,True,-0.47290526436941943,0.10163745641540596,13.42357036062891,False,opposite_direction
223,assignment_isolation,plus_one_randomisation,True,ok,86.84061743779607,4.0997481293162155,93.50460867001185,79.54389592305432,34.6626289434225,1.0,0.001,1.0,0.001,,,,,False,True,False,True,False,0.007071067811865475,0.007048924821761661,24,24,24,0,0.0,{},0.7929279912527336,0.7243589743589745,0.0,False,True,False,True,False,False,0.0,93.50460867001185,79.54389592305432,93.50460867001185,96.66666666666667,1.2011375740968093,0.010174599763594886,False,0.5058783511012789,False,0.02083333333333326,False,False,0.652840873490839,0.02083333333333326,True,True,0.4700392865029343,0.19844631266583582,12.761712296317548,False,opposite_direction
224,assignment_isolation,plus_one_randomisation,True,ok,93.47994983127778,2.875107123416453,98.31427855843793,87.52618907685077,34.637715799649996,1.0,0.001,1.0,0.001,,,,,False,True,False,True,False,0.007071067811865475,0.007062294278770268,24,24,24,0,0.0,{},0.8186631944444445,0.6862887596899224,0.0,False,True,False,True,False,False,0.0,98.31427855843793,87.52618907685077,98.31427855843793,96.79166666666667,1.203328057657757,0.0005517335534033223,False,0.49313627481740246,False,0.030208333333333393,False,False,0.6798373598786154,0.030208333333333393,True,True,1.5420393328239623,0.1365280511063432,14.654482241502318,False,opposite_direction
225,assignment_isolation,plus_one_randomisation,True,ok,92.854883532095,4.500642440758953,100.3076076456126,83.85245386899678,34.42988205582894,1.0,0.001,1.0,0.001,,,,,False,True,False,True,False,0.007071067811865475,0.007007274662842471,24,24,24,0,0.0,{},0.8039454971926714,0.6804659498207888,0.0,False,True,False,True,False,False,0.0,100.3076076456126,83.85245386899678,100.3076076456126,96.54166666666667,1.1852557643507837,0.033184200022151354,False,0.5076116248895286,False,0.023263888888888862,False,False,0.6828561612819822,0.023263888888888862,True,True,0.24623045619173314,0.14573618321631687,14.663986182807694,False,opposite_direction
226,assignment_isolation,plus_one_randomisation,True,ok,90.66289184767793,3.521950168004625,97.03976864241766,84.84331897945734,33.58932934495973,1.0,0.001,1.0,0.001,,,,,False,True,False,True,False,0.007071067811865475,0.007112496545395978,24,24,24,0,0.0,{},0.8261168384879725,0.6909259259259259,0.0,False,True,False,True,False,False,0.0,97.03976864241766,84.84331897945734,97.03976864241766,96.91666666666667,1.1759602443473975,0.002337332387880573,False,0.5132139844404203,False,0.029166666666666674,False,False,0.6770883529032157,0.029166666666666674,True,True,-1.337285793867097,0.19249938376662376,14.409280760216856,False,opposite_direction
227,assignment_isolation,plus_one_randomisation,True,ok,97.46554384986702,3.3860489155086935,103.42993548414458,91.69094678615818,34.799730992553286,1.0,0.001,1.0,0.001,,,,,False,True,False,True,False,0.007071067811865475,0.007052853526490984,24,24,24,0,0.0,{},0.8030927835051546,0.7166666666666668,0.0,False,True,False,True,False,False,0.0,103.42993548414456,91.69094678615818,103.42993548414456,95.58333333333333,1.1997806173955359,0.017617152765865726,False,0.5348224437278143,False,0.010763888888888906,False,False,0.6954700487780617,0.010763888888888906,True,True,-0.46874040471459333,0.1725569019478276,16.13800787351653,False,opposite_direction
228,assignment_isolation,plus_one_randomisation,True,ok,84.74338512625496,4.019437306744986,90.98139630404347,77.38327337805234,33.844368796763035,1.0,0.001,1.0,0.001,,,,,False,True,False,True,False,0.007071067811865475,0.0070483823298995866,24,24,24,0,0.0,{},0.794317563199619,0.6791187739463602,0.0,False,True,False,True,False,False,0.0,90.98139630404347,77.38327337805234,90.98139630404347,95.0,1.162539397195344,0.015243148755742236,False,0.49629879823384226,False,0.01041666666666674,False,False,0.6560327651127718,0.01041666666666674,True,True,0.5864542370914693,0.08254779479975576,12.011071461159123,False,opposite_direction
229,assignment_isolation,plus_one_randomisation,True,ok,87.29699914878142,5.1800557947543275,95.50973003559297,78.11691494740492,34.70649353676996,1.0,0.001,1.0,0.001,,,,,False,True,False,True,False,0.007071067811865475,0.007022111518827999,24,24,24,0,0.0,{},0.7943840579710146,0.7164794007490636,0.0,False,True,False,True,False,False,0.0,95.50973003559297,78.11691494740492,95.50973003559297,96.66666666666667,1.198082808573104,0.03248678219036997,False,0.5092132895230769,False,0.03472222222222221,False,False,0.655867306493242,0.03472222222222221,True,True,-0.6221291743232341,0.12955323875947072,13.417344926395405,False,opposite_direction
230,assignment_isolation,plus_one_randomisation,True,ok,92.77036008960056,3.637306559990603,98.23623446597712,86.09376401443615,34.74149908705395,1.0,0.001,1.0,0.001,,,,,False,True,False,True,False,0.007071067811865475,0.007053150770667748,24,24,24,0,0.0,{},0.8025074838187701,0.7124542124542125,0.0,False,True,False,True,False,False,0.0,98.23623446597712,86.09376401443615,98.23623446597712,97.25,1.2082214207199224,0.00028837101460485486,False,0.48824593697269647,False,0.028124999999999956,False,False,0.6755985013410526,0.028124999999999956,True,True,0.4463497555233726,0.19830854337142106,13.239706126632022,False,opposite_direction
231,assignment_isolation,plus_one_randomisation,True,ok,88.49683807201859,4.10331958745848,95.86975345520695,81.07915603767745,33.88183662775333,1.0,0.001,1.0,0.001,,,,,False,True,False,True,False,0.007071067811865475,0.007036161740203952,24,24,24,0,0.0,{},0.7742268041237114,0.6787405303030303,0.0,False,True,False,True,False,False,0.0,95.86975345520695,81.07915603767745,95.86975345520695,94.91666666666667,1.1612988645481708,0.01973296802151152,False,0.5090947913048584,False,0.016319444444444442,False,False,0.6728256293850278,0.016319444444444442,True,True,1.8985098357149994,0.16424517113700154,13.607341757694744,False,opposite_direction
232,assignment_isolation,plus_one_randomisation,True,ok,87.11689049464968,3.525183387951566,93.76920578498131,81.26233409707889,33.61071851043368,1.0,0.001,1.0,0.001,,,,,False,True,False,True,False,0.007071067811865475,0.007104941484860458,24,24,24,0,0.0,{},0.7976477879481312,0.6815686274509805,0.0,False,True,False,True,False,False,0.0,93.76920578498131,81.26233409707889,93.76920578498131,95.25,1.1653081897518474,0.014719443983041577,False,0.5051845181710847,False,0.019444444444444375,False,False,0.6656778365259058,0.019444444444444375,True,True,-1.7546930658047633,0.2776199440704973,12.578089161779669,False,opposite_direction
233,assignment_isolation,plus_one_randomisation,True,ok,95.18211592855918,3.942843590725637,101.83972211476757,87.84186125740274,34.83692688861401,1.0,0.001,1.0,0.001,,,,,False,True,False,True,False,0.007071067811865475,0.007047761188121351,24,24,24,0,0.0,{},0.8025126556553226,0.6659003831417625,0.0,False,True,False,True,False,False,0.0,101.83972211476755,87.84186125740274,101.83972211476755,95.83333333333333,1.2017643544545162,0.009016764232682275,False,0.5093114149127937,False,0.01388888888888884,False,False,0.6867208163177847,0.01388888888888884,True,True,2.328676250003539,0.23693816820619837,14.825896398999022,False,opposite_direction
234,assignment_isolation,plus_one_randomisation,True,ok,86.34053271473668,3.4113923416474643,91.65845523268523,80.11404136937905,33.71891318770962,1.0,0.001,1.0,0.001,,,,,False,True,False,True,False,0.007071067811865475,0.007015144789974782,24,24,24,0,0.0,{},0.7874574652777777,0.6852807971014493,0.0,False,True,False,True,False,False,0.0,91.65845523268523,80.11404136937905,91.65845523268523,95.58333333333333,1.1563020553134467,0.018283506597588744,False,0.5102902485612207,False,0.029861111111111116,False,False,0.6652277332948204,0.029861111111111116,True,True,-1.564872190666027,0.20205372210992278,13.226179178225392,False,opposite_direction
235,assignment_isolation,plus_one_randomisation,True,ok,94.02817958647655,5.053111193029249,103.0268748511747,84.88153180650684,34.761106819445125,1.0,0.001,1.0,0.001,,,,,False,True,False,True,False,0.007071067811865475,0.00706189734584312,24,24,24,0,0.0,{},0.7961458333333333,0.6877394636015326,0.0,False,True,False,True,False,False,0.0,103.0268748511747,84.88153180650684,103.0268748511747,96.0,1.2025983878971704,0.026123973784050656,False,0.5107544515471636,False,0.019444444444444375,False,False,0.6821533456066355,0.019444444444444375,True,True,-1.2469807357924108,0.1698928367174213,13.798129167917791,False,opposite_direction
236,assignment_isolation,plus_one_randomisation,True,ok,89.7068784543248,2.781705672354666,95.06443132051906,85.05526170770746,33.86285017691654,1.0,0.001,1.0,0.001,,,,,False,True,False,True,False,0.007071067811865475,0.0070904708598087856,24,24,24,0,0.0,{},0.7997921933150762,0.6537306201550389,0.0,False,True,False,True,False,False,0.0,95.06443132051906,85.05526170770746,95.06443132051906,94.41666666666667,1.166521968035528,0.01003211929216087,False,0.5346680009199541,False,0.020486111111111094,False,False,0.6761620858770773,0.020486111111111094,True,True,1.1243814139998904,0.12466506880685733,13.01467728810058,False,opposite_direction
237,assignment_isolation,plus_one_randomisation,True,ok,87.77901465472594,3.795552246333187,93.88357763303807,81.27998094099874,33.70003555596422,1.0,0.001,1.0,0.001,,,,,False,True,False,True,False,0.007071067811865475,0.007092800646725116,24,24,24,0,0.0,{},0.8184747807017545,0.7081541218637992,0.0,False,True,False,True,False,False,0.0,93.88357763303809,81.27998094099874,93.88357763303809,96.375,1.1732763389689151,0.01156514027682636,False,0.5132053407083483,False,0.018402777777777768,False,False,0.6659631776506162,0.018402777777777768,True,True,-0.9273274559542136,0.14198515393915734,12.388553725940186,False,opposite_direction
238,assignment_isolation,plus_one_randomisation,True,ok,87.26620380570778,3.412650682666664,93.33281317913915,81.67104761654562,33.90410967616996,1.0,0.001,1.0,0.001,,,,,False,True,False,True,False,0.007071067811865475,0.0070924106502467475,24,24,24,0,0.0,{},0.8098741319444446,0.7374547101449275,0.0,False,True,False,True,False,False,0.0,93.33281317913914,81.67104761654562,93.33281317913914,97.58333333333333,1.1876925885740388,0.0031739311933565487,False,0.5008478077342987,False,0.02013888888888893,False,False,0.6590894796131264,0.02013888888888893,True,True,-2.0043740879189147,0.30824293075637565,12.676351878506862,False,opposite_direction
239,assignment_isolation,plus_one_randomisation,True,ok,95.12206076981374,4.467475814037737,103.4364494785476,88.22471019525888,35.00445557909766,1.0,0.001,1.0,0.001,,,,,False,True,False,True,False,0.007071067811865475,0.007025822460335386,24,24,24,0,0.0,{},0.7930475673720383,0.7233695652173912,0.0,False,True,False,True,False,False,0.0,103.4364494785476,88.22471019525888,103.4364494785476,96.125,1.2056151017524657,0.0007515987675670182,False,0.5267777092429256,False,0.021527777777777812,False,False,0.6853719650208033,0.021527777777777812,True,True,0.05607200166215324,0.12461851446025402,13.752487284230437,False,opposite_direction
240,assignment_isolation,plus_one_randomisation,True,ok,94.72380969895192,4.0070964026006015,100.2719464263899,86.60927868454809,34.70528517731844,1.0,0.001,1.0,0.001,,,,,False,True,False,True,False,0.007071067811865475,0.007064643854328559,24,24,24,0,0.0,{},0.784559611487803,0.7003314393939394,0.0,False,True,False,True,False,False,0.0,100.2719464263899,86.60927868454809,100.2719464263899,95.58333333333333,1.198524677585937,0.00025414395539937655,False,0.5106471348177408,False,0.021180555555555647,False,False,0.685972554447619,0.021180555555555647,True,True,-0.2991719933778954,0.2371483794118005,14.674511341710998,False,opposite_direction
241,assignment_isolation,plus_one_randomisation,True,ok,89.09686027912603,4.072901407174382,96.00755534960815,81.32625639586345,34.130888909635416,1.0,0.001,1.0,0.001,,,,,False,True,False,True,False,0.007071067811865475,0.0070720181640383534,24,24,24,0,0.0,{},0.8197425529970761,0.723404255319149,0.0,False,True,False,True,False,False,0.0,96.00755534960815,81.32625639586345,96.00755534960815,96.375,1.1847948740946943,0.00715584382459883,False,0.5197689596404702,False,0.009722222222222188,False,False,0.6678910459493878,0.009722222222222188,True,True,-0.10222788787869753,0.20206761811396878,13.512396415283774,False,opposite_direction
242,assignment_isolation,plus_one_randomisation,True,ok,91.56354405238339,3.431584440532186,97.79087065341827,85.64452446428635,34.15655085304221,1.0,0.001,1.0,0.001,,,,,False,True,False,True,False,0.007071067811865475,0.0070164490051008496,24,24,24,0,0.0,{},0.7886286332714905,0.6602059925093633,0.0,False,True,False,True,False,False,0.0,97.79087065341827,85.64452446428635,97.79087065341827,96.125,1.174842267521179,0.013669461259207833,False,0.5191059484802512,False,0.025347222222222188,False,False,0.6810036363406515,0.025347222222222188,True,True,-0.4256278818673817,0.16477211106122838,13.984908198721463,False,opposite_direction
243,assignment_isolation,plus_one_randomisation,True,ok,83.18720728128686,3.4849436115726,88.5944383874576,76.91099198987037,32.97916278702081,1.0,0.001,1.0,0.001,,,,,False,True,False,True,False,0.007071067811865475,0.007076848954294465,24,24,24,0,0.0,{},0.818918095588751,0.6707854406130269,0.0,False,True,False,True,False,False,0.0,88.5944383874576,76.91099198987037,88.5944383874576,96.91666666666667,1.148811544956013,0.015878545001492238,False,0.5107462990228008,False,0.010763888888888906,False,False,0.6534489814826696,0.010763888888888906,True,True,0.30035114081667375,0.16639201128150227,12.94647474427773,False,opposite_direction
244,assignment_isolation,plus_one_randomisation,True,ok,89.94820218767103,3.1544049589701153,95.55915799245705,85.26508734460519,34.33246612253534,1.0,0.001,1.0,0.001,,,,,False,True,False,True,False,0.007071067811865475,0.007015704416014502,24,24,24,0,0.0,{},0.8049886116062586,0.7359375,0.0,False,True,False,True,False,False,0.0,95.55915799245706,85.26508734460519,95.55915799245706,97.04166666666667,1.1863843553500457,0.00404257853268505,False,0.5390606832860529,False,0.019444444444444486,False,False,0.6709370036583485,0.019444444444444486,True,True,0.913578976065283,0.14390397612904274,13.195109965830559,False,opposite_direction
245,assignment_isolation,plus_one_randomisation,True,ok,92.91039840483315,3.874583389332944,99.37404633553817,85.4519046900668,34.66876128570387,1.0,0.001,1.0,0.001,,,,,False,True,False,True,False,0.007071067811865475,0.007023542258611522,24,24,24,0,0.0,{},0.7789635774218153,0.6779554263565891,0.0,False,True,False,True,False,False,0.0,99.37404633553815,85.4519046900668,99.37404633553815,95.625,1.1905571643651327,0.04428739492240892,False,0.5166283514102601,False,0.03472222222222221,False,False,0.6814750536146195,0.03472222222222221,True,True,-0.9630351333834243,0.08390839132219172,13.598178571642512,False,opposite_direction
246,assignment_isolation,plus_one_randomisation,True,ok,91.12600288281355,3.583532628957831,96.81096219254322,84.83638739699182,33.92469443221094,1.0,0.001,1.0,0.001,,,,,False,True,False,True,False,0.007071067811865475,0.0070827031023978065,24,24,24,0,0.0,{},0.7995614035087721,0.7124556737588652,0.0,False,True,False,True,False,False,0.0,96.81096219254322,84.83638739699182,96.81096219254322,95.66666666666667,1.1750742434233394,0.019687801636731006,False,0.4932171778524424,False,0.017708333333333437,False,False,0.6792082505223602,0.017708333333333437,True,True,0.14187471804548088,0.11318299975275842,13.879974824285947,False,opposite_direction
247,assignment_isolation,plus_one_randomisation,True,ok,88.97911092876716,4.416575310664253,96.54869729646936,80.85982711706757,34.52305587311182,1.0,0.001,1.0,0.001,,,,,False,True,False,True,False,0.007071067811865475,0.007031627578463205,24,24,24,0,0.0,{},0.7991847826086956,0.7171648550724637,0.0,False,True,False,True,False,False,0.0,96.54869729646936,80.85982711706757,96.54869729646936,96.33333333333333,1.1913061678270886,0.024559511405390182,False,0.5247533870953976,False,0.03576388888888882,False,False,0.6653331101921156,0.03576388888888882,True,True,-2.5985029404937205,0.24246565393545125,12.849696461842969,False,opposite_direction
248,assignment_isolation,plus_one_randomisation,True,ok,98.36042587520195,4.073762794775224,105.48767704791878,91.1758366788967,35.61743887272328,1.0,0.001,1.0,0.001,,,,,False,True,False,True,False,0.007071067811865475,0.007019897288894225,24,24,24,0,0.0,{},0.7811384644406715,0.6767926356589147,0.0,False,True,False,True,False,False,0.0,105.48767704791878,91.1758366788967,105.48767704791878,95.5,1.2217015801300914,0.001119520153333044,False,0.5166518114855679,False,0.0215277777777777,False,False,0.6924130404792898,0.0215277777777777,True,True,-1.42653041779721,0.18067455363302862,14.870426296571932,False,opposite_direction
249,assignment_isolation,plus_one_randomisation,True,ok,89.21389718102228,3.054212498450636,93.8518052089419,83.66778026040801,34.14631997128831,1.0,0.001,1.0,0.001,,,,,False,True,False,True,False,0.007071067811865475,0.007062220613314936,24,24,24,0,0.0,{},0.8042053950292989,0.7364149305555556,0.0,False,True,False,True,False,False,0.0,93.85180520894191,83.66778026040801,93.85180520894191,96.54166666666667,1.1847114507987286,0.020314487588739782,False,0.5194055167436936,False,0.01805555555555549,False,False,0.6684087445818636,0.01805555555555549,True,True,0.5089119660445484,0.09155631409948979,12.626001133346314,False,opposite_direction
250,assignment_isolation,plus_one_randomisation,True,ok,85.76378378967154,3.4045601187750334,91.61647990729773,80.09737866654548,33.985417451706866,1.0,0.001,1.0,0.001,,,,,False,True,False,True,False,0.007071067811865475,0.007035169099052698,24,24,24,0,0.0,{},0.7915199652777778,0.691998106060606,0.0,False,True,False,True,False,False,0.0,91.61647990729773,80.09737866654548,91.61647990729773,96.625,1.1751191599131974,0.012678895125138147,False,0.5225439218406429,False,0.035069444444444486,False,False,0.6564993102446893,0.035069444444444486,True,True,0.6958927325797131,0.21136353666808927,13.340763328376115,False,opposite_direction
251,assignment_isolation,plus_one_randomisation,True,ok,95.1128768975489,3.334095440688201,99.78427629122994,87.58177316960116,34.51841749571558,1.0,0.001,1.0,0.001,,,,,False,True,False,True,False,0.007071067811865475,0.0070334962002552934,24,24,24,0,0.0,{},0.8112664350814285,0.6620833333333334,0.0,False,True,False,True,False,False,0.0,99.78427629122994,87.58177316960116,99.78427629122994,96.95833333333333,1.1953214403651424,0.027549193304930223,False,0.5116893195017654,False,0.02673611111111107,False,False,0.6883481263128604,0.02673611111111107,True,True,1.7315175856029894,0.19881430879446235,14.475340975512925,False,opposite_direction
252,assignment_isolation,plus_one_randomisation,True,ok,85.0673697367056,3.477334224599812,90.88034203592954,79.80938269606074,34.32174118014883,1.0,0.001,1.0,0.001,,,,,False,True,False,True,False,0.007071067811865475,0.007028767312997697,24,24,24,0,0.0,{},0.794770622895623,0.6748039215686273,0.0,False,True,False,True,False,False,0.0,90.88034203592956,79.80938269606074,90.88034203592956,95.66666666666667,1.179773952931002,0.03288628865768061,False,0.505216448396454,False,0.024652777777777857,False,False,0.6517924166639313,0.024652777777777857,True,True,-1.061798813505243,0.10877737729055463,12.093396264967495,False,opposite_direction
253,assignment_isolation,plus_one_randomisation,True,ok,91.91891044972267,4.0002435310551965,98.38960029557842,84.78758035917768,34.66257323366533,1.0,0.001,1.0,0.001,,,,,False,True,False,True,False,0.007071067811865475,0.007072508648781441,24,24,24,0,0.0,{},0.7982508977180586,0.6823033707865169,0.0,False,True,False,True,False,False,0.0,98.38960029557842,84.78758035917768,98.38960029557842,95.54166666666667,1.198121049388046,0.00496993646005272,False,0.5130563215335036,False,0.023611111111111138,False,False,0.6752965221711875,0.023611111111111138,True,True,-0.8037786635882281,0.2720535942331874,14.380083608473806,False,opposite_direction
254,assignment_isolation,plus_one_randomisation,True,ok,91.70439688312996,4.680678758511978,99.01088238213694,82.9194200491331,34.622604078724954,1.0,0.001,1.0,0.001,,,,,False,True,False,True,False,0.007071067811865475,0.007082561347601816,24,24,24,0,0.0,{},0.7948684210526316,0.6626453488372095,0.0,False,True,False,True,False,False,0.0,99.01088238213693,82.9194200491331,99.01088238213693,96.125,1.2020935175919325,0.02397236602294646,False,0.5134550222651617,False,0.009375000000000022,False,False,0.6732230541992706,0.009375000000000022,True,True,0.6439020289621011,0.11378284804050914,13.764059083594201,False,opposite_direction
255,assignment_isolation,plus_one_randomisation,True,ok,88.62274839629636,3.7622336806438472,94.39131275007875,82.21329329922457,33.215304155212365,1.0,0.001,1.0,0.001,,,,,False,True,False,True,False,0.007071067811865475,0.007101938901319966,24,24,24,0,0.0,{},0.8269765979308392,0.7124561403508771,0.0,False,True,False,True,False,False,0.0,94.39131275007874,82.21329329922457,94.39131275007874,98.125,1.1683554926088051,0.012949080992073944,False,0.493152225562459,False,0.02777777777777779,False,False,0.6711105422208133,0.02777777777777779,True,True,0.009248696064277607,0.10370346538369368,12.80081453275221,False,opposite_direction
256,assignment_isolation,plus_one_randomisation,True,ok,90.52017115980205,4.754677264721354,98.72708805447142,82.7923726536985,34.778628770274004,1.0,0.001,1.0,0.001,,,,,False,True,False,True,False,0.007071067811865475,0.0070607131108854386,24,24,24,0,0.0,{},0.8076460481099655,0.7269230769230768,0.0,False,True,False,True,False,False,0.0,98.72708805447142,82.7923726536985,98.72708805447142,97.04166666666667,1.2095119077159766,0.02426257677148782,False,0.5350967592097825,False,0.024652777777777857,False,False,0.6660887808348509,0.024652777777777857,True,True,0.49850779946215545,0.13995217527482287,12.52789865890411,False,opposite_direction
257,assignment_isolation,plus_one_randomisation,True,ok,89.29895199993469,3.7769307886732486,96.03023743320082,82.96820558572739,33.811268096460225,1.0,0.001,1.0,0.001,,,,,False,True,False,True,False,0.007071067811865475,0.007057361752229714,24,24,24,0,0.0,{},0.8122815878079035,0.7030344202898551,0.0,False,True,False,True,False,False,0.0,96.03023743320084,82.96820558572739,96.03023743320084,96.16666666666667,1.1700007078909487,0.033162404885525035,False,0.5172035476987882,False,0.01666666666666672,False,False,0.6733997508404792,0.01666666666666672,True,True,-0.3902199521700956,0.19271894793877975,14.462780935272592,False,opposite_direction
258,assignment_isolation,plus_one_randomisation,True,ok,88.26584780892897,3.7351442810247466,94.72960754279889,81.47514087399382,34.85991793539181,1.0,0.001,1.0,0.001,,,,,False,True,False,True,False,0.007071067811865475,0.00707569021269046,24,24,24,0,0.0,{},0.7974750905797101,0.7075925925925926,0.0,False,True,False,True,False,False,0.0,94.72960754279889,81.47514087399382,94.72960754279889,95.375,1.204432457739857,0.007698646576558235,False,0.5205269071785343,False,0.006597222222222254,False,False,0.6580875964278707,0.006597222222222254,True,True,-0.9571378114792323,0.23138220222942352,13.458721069776097,False,opposite_direction
259,assignment_isolation,plus_one_randomisation,True,ok,86.61479011914241,3.5992357730773996,92.78910115031209,79.98791584076413,33.930758480683686,1.0,0.001,1.0,0.001,,,,,False,True,False,True,False,0.007071067811865475,0.0070513459079862865,24,24,24,0,0.0,{},0.8103114035087718,0.7,0.0,False,True,False,True,False,False,0.0,92.78910115031209,79.98791584076413,92.78910115031209,96.91666666666667,1.1777004102173578,0.03878874682998557,False,0.4835197655912518,False,0.022916666666666696,False,False,0.6594563567583315,0.022916666666666696,True,True,-2.034719216413336,0.24471798212880805,11.117100629246643,False,opposite_direction
260,assignment_isolation,plus_one_randomisation,True,ok,97.05683085269389,3.667571056723275,103.64254476042306,90.39851037636753,34.74641486122871,1.0,0.001,1.0,0.001,,,,,False,True,False,True,False,0.007071067811865475,0.007075545779355426,24,24,24,0,0.0,{},0.8031039562289561,0.7363425925925927,0.0,False,True,False,True,False,False,0.0,103.64254476042306,90.39851037636753,103.64254476042306,96.45833333333333,1.2072850620822344,0.008129581636402984,False,0.5006124316288352,False,0.015625,False,False,0.6919075457071155,0.015625,True,True,0.9726846142792427,0.18482743814411495,15.218702706767141,False,opposite_direction
261,assignment_isolation,plus_one_randomisation,True,ok,87.95476834281511,3.574750365356519,94.7670382583298,82.46250297285896,33.70844097590959,1.0,0.001,1.0,0.001,,,,,False,True,False,True,False,0.007071067811865475,0.007066091596060506,24,24,24,0,0.0,{},0.8109161319166842,0.6684313725490195,0.0,False,True,False,True,False,False,0.0,94.7670382583298,82.46250297285896,94.7670382583298,96.29166666666667,1.1686441401679308,0.006988428418114489,False,0.5237621053060374,False,0.012499999999999956,False,False,0.6681995681922269,0.012499999999999956,True,True,-0.12747375356422425,0.09840630204123113,12.858414841419343,False,opposite_direction
262,assignment_isolation,plus_one_randomisation,True,ok,82.30518402974265,3.787810610979504,88.79704224142247,75.92888152733775,33.43821040031078,1.0,0.001,1.0,0.001,,,,,False,True,False,True,False,0.007071067811865475,0.007045769109907352,24,24,24,0,0.0,{},0.7934818756235451,0.651947463768116,0.0,False,True,False,True,False,False,0.0,88.79704224142249,75.92888152733775,88.79704224142249,95.29166666666667,1.1499233670014084,0.01072584747059812,False,0.5108241410953929,False,0.016319444444444442,False,False,0.648896136744249,0.016319444444444442,True,True,0.5287320170802772,0.16253797922216293,12.01253014287896,False,opposite_direction
263,assignment_isolation,plus_one_randomisation,True,ok,83.56204352951313,4.077607020782813,90.6767569875198,76.4039103146946,33.94948379097067,1.0,0.001,1.0,0.001,,,,,False,True,False,True,False,0.007071067811865475,0.007065175766319102,24,24,24,0,0.0,{},0.7994242205969269,0.6916666666666667,0.0,False,True,False,True,False,False,0.0,90.6767569875198,76.4039103146946,90.6767569875198,95.45833333333333,1.1717449051099778,0.01966685015964747,False,0.5081768811832919,False,0.015972222222222276,False,False,0.6474595096951449,0.015972222222222276,True,True,0.14447403936604963,0.09489536395548437,12.047717055958875,False,opposite_direction
264,assignment_isolation,plus_one_randomisation,True,ok,88.39620961388937,4.232608872116593,96.05034263042803,80.72839504419828,34.08891134634029,1.0,0.001,1.0,0.001,,,,,False,True,False,True,False,0.007071067811865475,0.007038666480234973,24,24,24,0,0.0,{},0.7860654793549531,0.6953703703703703,0.0,False,True,False,True,False,False,0.0,96.05034263042803,80.72839504419828,96.05034263042803,95.20833333333333,1.1706066979900764,0.022809654285928314,False,0.5030017258006352,False,0.015625,False,False,0.6694428692505282,0.015625,True,True,-0.3536842209901684,0.1073761608967804,13.696574628269703,False,opposite_direction
265,assignment_isolation,plus_one_randomisation,True,ok,92.20024023831623,2.8183413931500825,96.6586348865023,87.74005793960828,34.40720460901327,1.0,0.001,1.0,0.001,,,,,False,True,False,True,False,0.007071067811865475,0.007055819849696422,24,24,24,0,0.0,{},0.819391089769241,0.6914912280701754,0.0,False,True,False,True,False,False,0.0,96.6586348865023,87.74005793960828,96.6586348865023,96.91666666666667,1.1949950671360758,0.0232350234601619,False,0.5077780955137758,False,0.017708333333333326,False,False,0.6773638107014517,0.017708333333333326,True,True,0.2905011518284715,0.09796909067209034,12.701693475601143,False,opposite_direction
266,assignment_isolation,plus_one_randomisation,True,ok,88.29825084991712,3.8678505853658556,93.80441364785462,80.94197792770699,33.928063840910426,1.0,0.001,1.0,0.001,,,,,False,True,False,True,False,0.007071067811865475,0.007044590564026011,24,24,24,0,0.0,{},0.8017642543859649,0.6992424242424243,0.0,False,True,False,True,False,False,0.0,93.80441364785462,80.94197792770699,93.80441364785462,96.91666666666667,1.1764787089382716,0.024703313580969336,False,0.4994314928530386,False,0.017708333333333326,False,False,0.6671560759856349,0.017708333333333326,True,True,-1.499572975909558,0.18690151545799827,14.040022352657134,False,opposite_direction
267,assignment_isolation,plus_one_randomisation,True,ok,81.64899416949476,4.514793109507624,90.45039440240312,74.36776592518294,32.79930005893578,1.0,0.001,1.0,0.001,,,,,False,True,False,True,False,0.007071067811865475,0.007084359455388144,24,24,24,0,0.0,{},0.8020614035087719,0.6529693486590036,0.0,False,True,False,True,False,False,0.0,90.45039440240312,74.36776592518294,90.45039440240312,95.375,1.1346252511968975,0.06997295381380157,True,0.5067648040869349,False,0.043749999999999956,False,False,0.6510121602815412,0.043749999999999956,True,True,0.016182517635339847,0.24048043683902953,11.911726937633995,False,diagnostic_failure
268,assignment_isolation,plus_one_randomisation,True,ok,89.00807920709504,4.089615879698417,95.62144781848257,82.3021158712781,33.802854063173584,1.0,0.001,1.0,0.001,,,,,False,True,False,True,False,0.007071067811865475,0.007083202112710147,24,24,24,0,0.0,{},0.8029639175257732,0.6903532608695652,0.0,False,True,False,True,False,False,0.0,95.62144781848257,82.3021158712781,95.62144781848257,96.25,1.1745009652682812,0.009260968541393709,False,0.5015271205167422,False,0.01388888888888895,False,False,0.6707737236173905,0.01388888888888895,True,True,1.6833221973397403,0.16150252415933325,13.62373180477054,False,opposite_direction
269,assignment_isolation,plus_one_randomisation,True,ok,90.93253640161647,2.6541381902995984,95.13858733782803,86.1785727907025,34.51757878765518,1.0,0.001,1.0,0.001,,,,,False,True,False,True,False,0.007071067811865475,0.007055311770290429,24,24,24,0,0.0,{},0.7852213541666666,0.7113799283154121,0.0,False,True,False,True,False,False,0.0,95.13858733782803,86.1785727907025,95.13858733782803,95.66666666666667,1.1909865580944572,0.010026536711141119,False,0.502342622720866,False,0.019444444444444486,False,False,0.6735287809686902,0.019444444444444486,True,True,-0.17796836440530153,0.10803481227525784,13.869950384676764,False,opposite_direction
270,assignment_isolation,plus_one_randomisation,True,ok,87.3867153492797,3.705808172406969,93.55668394879511,80.90095703109911,34.13709527799714,1.0,0.001,1.0,0.001,,,,,False,True,False,True,False,0.007071067811865475,0.007054504389448344,24,24,24,0,0.0,{},0.799297934449248,0.697003745318352,0.0,False,True,False,True,False,False,0.0,93.55668394879511,80.90095703109911,93.55668394879511,96.58333333333333,1.1833526061940567,0.013338301898098232,False,0.5255298245564946,False,0.01666666666666672,False,False,0.6610199016929468,0.01666666666666672,True,True,1.446124557427641,0.3536147047590166,14.069914832127775,True,selection_limited
271,assignment_isolation,plus_one_randomisation,True,ok,90.67249325498682,4.083528425502479,97.13232501567673,83.53528680023203,34.59770637865798,1.0,0.001,1.0,0.001,,,,,False,True,False,True,False,0.007071067811865475,0.007005385522614317,24,24,24,0,0.0,{},0.7747973629164797,0.7041198501872659,0.0,False,True,False,True,False,False,0.0,97.13232501567673,83.53528680023203,97.13232501567673,95.5,1.184270849182606,0.012432354129177252,False,0.537469240136985,False,0.023611111111111138,False,False,0.6745543635877198,0.023611111111111138,True,True,-2.0198403950492527,0.20854019085912037,12.326338262536067,False,opposite_direction
272,assignment_isolation,plus_one_randomisation,True,ok,92.417836753914,3.2022587536107774,98.23733348409915,87.4312052047536,33.961870136585375,1.0,0.001,1.0,0.001,,,,,False,True,False,True,False,0.007071067811865475,0.007014130868328922,24,24,24,0,0.0,{},0.7949889520202019,0.6106199186991869,0.0,False,True,False,True,False,False,0.0,98.23733348409915,87.4312052047536,98.23733348409915,95.75,1.1654800857713394,0.023945608318960608,False,0.5201194932904665,False,0.02673611111111107,False,False,0.6871369084718897,0.02673611111111107,True,True,-1.0926799455097032,0.11089665688540883,12.361840611834952,False,opposite_direction
273,assignment_isolation,plus_one_randomisation,True,ok,90.12934641173312,2.669094390981154,94.1355911030615,85.1466960767876,33.98405593371418,1.0,0.001,1.0,0.001,,,,,False,True,False,True,False,0.007071067811865475,0.007088377568572769,24,24,24,0,0.0,{},0.8059727813440685,0.7242831541218637,0.0,False,True,False,True,False,False,0.0,94.13559110306149,85.1466960767876,94.13559110306149,95.875,1.1793555230784076,0.024036683516709262,False,0.5084457165718606,False,0.015277777777777835,False,False,0.6738752604455641,0.015277777777777835,True,True,2.1025984703316394,0.15627283071405598,12.70637851145586,False,opposite_direction
274,assignment_isolation,plus_one_randomisation,True,ok,88.78427574652453,4.160378650248535,95.81698020916085,82.1432662618126,34.629351098622685,1.0,0.001,1.0,0.001,,,,,False,True,False,True,False,0.007071067811865475,0.007049215866078687,24,24,24,0,0.0,{},0.7927631578947367,0.6914794007490636,0.0,False,True,False,True,False,False,0.0,95.81698020916083,82.1432662618126,95.81698020916083,95.66666666666667,1.1938107601623966,0.013854417200710695,False,0.5259274644776979,False,0.011805555555555514,False,False,0.6637094675677635,0.011805555555555514,True,True,0.6375538534263399,0.1152992700225761,13.788579973113626,False,opposite_direction
275,assignment_isolation,plus_one_randomisation,True,ok,94.91747229338449,4.268916281935545,101.94548206985593,87.88204115805122,34.776652950712005,1.0,0.001,1.0,0.001,,,,,False,True,False,True,False,0.007071067811865475,0.007082366705131221,24,24,24,0,0.0,{},0.8009856630824372,0.6632034632034632,0.0,False,True,False,True,False,False,0.0,101.94548206985593,87.88204115805122,101.94548206985593,95.20833333333333,1.2016380631611152,0.0424983025445249,False,0.48541215899763,False,0.02777777777777779,False,False,0.6857780693885982,0.02777777777777779,True,True,0.05361695085509347,0.12726476695926894,14.564504240331415,False,opposite_direction
276,assignment_isolation,plus_one_randomisation,True,ok,90.81866041615699,3.9010646627724195,97.09551493960282,83.28321833306659,34.56697157290049,1.0,0.001,1.0,0.001,,,,,False,True,False,True,False,0.007071067811865475,0.0070563409608897145,24,24,24,0,0.0,{},0.8034347380050506,0.6825925925925925,0.0,False,True,False,True,False,False,0.0,97.09551493960282,83.28321833306659,97.09551493960282,96.25,1.196496034421983,0.03838340365502224,False,0.5103591161649808,False,0.02256944444444453,False,False,0.6713612168064323,0.02256944444444453,True,True,-0.3876154925448449,0.17609115953684756,13.253693992397093,False,opposite_direction
277,assignment_isolation,plus_one_randomisation,True,ok,86.1868696259337,5.3156714729488606,96.44888260569878,77.06447065913869,34.61459198475293,1.0,0.001,1.0,0.001,,,,,False,True,False,True,False,0.007071067811865475,0.0070408307703183366,24,24,24,0,0.0,{},0.8052482358870967,0.7081481481481481,0.0,False,True,False,True,False,False,0.0,96.44888260569878,77.06447065913869,96.44888260569878,97.04166666666667,1.200417313277499,0.014579260705063064,False,0.5397550169517844,False,0.026388888888888906,False,False,0.6501186431504665,0.026388888888888906,True,True,0.3741351305636316,0.19863211161048944,12.825609269328082,False,opposite_direction
278,assignment_isolation,plus_one_randomisation,True,ok,89.14316621814856,3.022614117895528,94.58096261618704,84.34845393560788,33.42233830172587,1.0,0.001,1.0,0.001,,,,,False,True,False,True,False,0.007071067811865475,0.0070635674447330375,24,24,24,0,0.0,{},0.794053357712766,0.7363799283154119,0.0,False,True,False,True,False,False,0.0,94.58096261618704,84.34845393560788,94.58096261618704,96.95833333333333,1.1623140892456045,0.015074967210794665,False,0.5132219993607016,False,0.019791666666666652,False,False,0.675178849421038,0.019791666666666652,True,True,2.248834398778346,0.2796532118156083,13.491139136506007,False,opposite_direction
279,assignment_isolation,plus_one_randomisation,True,ok,83.69430952384785,4.105627474502562,91.288394652607,76.82222337307083,33.31019501785498,1.0,0.001,1.0,0.001,,,,,False,True,False,True,False,0.007071067811865475,0.007056547640277879,24,24,24,0,0.0,{},0.7947495404411765,0.6953921568627449,0.0,False,True,False,True,False,False,0.0,91.288394652607,76.82222337307083,91.288394652607,95.625,1.1492782336959657,0.003743118972470504,False,0.5080100884633328,False,0.015625,False,False,0.6556517644531105,0.015625,True,True,1.4388060918707086,0.15981321554268532,14.944543488409328,False,opposite_direction
280,assignment_isolation,plus_one_randomisation,True,ok,94.31355437040541,4.025112693465733,100.77866881680717,86.58613073088848,33.908774152350155,1.0,0.001,1.0,0.001,,,,,False,True,False,True,False,0.007071067811865475,0.007043024402937358,24,24,24,0,0.0,{},0.7945725945017181,0.6583333333333334,0.0,False,True,False,True,False,False,0.0,100.77866881680717,86.58613073088848,100.77866881680717,95.08333333333333,1.1643766466353147,0.0026727274458231815,False,0.5213170168705151,False,0.02013888888888893,False,False,0.694478551591672,0.02013888888888893,True,True,-0.5832420808417857,0.1679376981695915,15.477109805554452,False,opposite_direction
281,assignment_isolation,plus_one_randomisation,True,ok,93.1843654280746,3.551757253781578,99.07135296507735,87.02424585172251,34.47472700141713,1.0,0.001,1.0,0.001,,,,,False,True,False,True,False,0.007071067811865475,0.007076711432721258,24,24,24,0,0.0,{},0.7929390486525593,0.7029693486590038,0.0,False,True,False,True,False,False,0.0,99.07135296507734,87.02424585172251,99.07135296507734,95.125,1.1897334213437158,0.039688796559205604,False,0.5136997066590011,False,0.014930555555555558,False,False,0.6827746680095452,0.014930555555555558,True,True,0.6330957623441127,0.14481736921550853,13.484702199240177,False,opposite_direction
282,assignment_isolation,plus_one_randomisation,True,ok,88.7967207634801,3.998970444033851,95.86349733465404,81.89395459674178,34.67352988657557,1.0,0.001,1.0,0.001,,,,,False,True,False,True,False,0.007071067811865475,0.007063691849600601,24,24,24,0,0.0,{},0.7898104977116704,0.7124561403508771,0.0,False,True,False,True,False,False,0.0,95.86349733465404,81.89395459674178,95.86349733465404,95.70833333333333,1.198049280756879,0.013055665981665975,False,0.5084559840107611,False,0.027083333333333348,False,False,0.6624165446204195,0.027083333333333348,True,True,-2.183492309003288,0.21006299449147536,12.624144189382758,False,opposite_direction
283,assignment_isolation,plus_one_randomisation,True,ok,95.30681574567548,3.8886281919102483,102.0896836959556,88.01037259101473,35.07090806879217,1.0,0.001,1.0,0.001,,,,,False,True,False,True,False,0.007071067811865475,0.007058128891154821,24,24,24,0,0.0,{},0.8017390816751577,0.712087912087912,0.0,False,True,False,True,False,False,0.0,102.0896836959556,88.01037259101473,102.0896836959556,95.95833333333333,1.212405640877907,0.0014022509119468204,False,0.5298008669428725,False,0.016319444444444442,False,False,0.6840707874593284,0.016319444444444442,True,True,-0.6382302207807451,0.057815841898410825,12.049569012973475,False,opposite_direction
284,assignment_isolation,plus_one_randomisation,True,ok,86.90747017030374,3.368894252366967,92.28990948884643,80.6587477642688,34.09321412795638,1.0,0.001,1.0,0.001,,,,,False,True,False,True,False,0.007071067811865475,0.007049406406480241,24,24,24,0,0.0,{},0.803940699198273,0.7159003831417626,0.0,False,True,False,True,False,False,0.0,92.28990948884643,80.6587477642688,92.28990948884643,96.58333333333333,1.1809774206082189,0.026745388449149064,False,0.49203272703612017,False,0.0253472222222223,False,False,0.6596844033605017,0.0253472222222223,True,True,0.6714008463194147,0.13620265828814293,12.683969579248497,False,opposite_direction
285,assignment_isolation,plus_one_randomisation,True,ok,86.28839342030686,3.088228890079222,91.65284228122796,81.01253801794962,33.301862900813084,1.0,0.001,1.0,0.001,,,,,False,True,False,True,False,0.007071067811865475,0.007077908923163337,24,24,24,0,0.0,{},0.8074759623728696,0.7124531835205994,0.0,False,True,False,True,False,False,0.0,91.65284228122796,81.01253801794962,91.65284228122796,96.70833333333333,1.15897869394899,0.0022707630345986615,False,0.5003108209723731,False,0.011805555555555625,False,False,0.6641250943891187,0.011805555555555625,True,True,-0.38928087362260877,0.1284029057741069,13.659722423248741,False,opposite_direction
286,assignment_isolation,plus_one_randomisation,True,ok,88.40634158636315,3.077037097541083,93.60398244665062,83.29021428089558,34.237530544368845,1.0,0.001,1.0,0.001,,,,,False,True,False,True,False,0.007071067811865475,0.007096902225778827,24,24,24,0,0.0,{},0.8058774214181286,0.7000000000000001,0.0,False,True,False,True,False,False,0.0,93.60398244665062,83.29021428089558,93.60398244665062,95.375,1.1864748437341877,0.02113361740156242,False,0.5197484325451864,False,0.020486111111111094,False,False,0.6644283754750157,0.020486111111111094,True,True,0.6487766389277726,0.19982721184515273,15.514767846232212,False,opposite_direction
287,assignment_isolation,plus_one_randomisation,True,ok,89.58402259483687,3.0939367488146616,95.09228512975032,84.61423448784439,34.30168872541057,1.0,0.001,1.0,0.001,,,,,False,True,False,True,False,0.007071067811865475,0.007072031045594934,24,24,24,0,0.0,{},0.7790348544232921,0.6888888888888889,0.0,False,True,False,True,False,False,0.0,95.09228512975032,84.61423448784439,95.09228512975032,95.125,1.1829789022664023,0.017272781426175096,False,0.513802622718913,False,0.030555555555555558,False,False,0.670497884931252,0.030555555555555558,True,True,1.6926456440848603,0.18625828542644374,12.877914056438042,False,opposite_direction
288,assignment_isolation,plus_one_randomisation,True,ok,91.74890678852266,4.088571410825316,98.81873180390411,84.72250669706763,34.87547209355789,1.0,0.001,1.0,0.001,,,,,False,True,False,True,False,0.007071067811865475,0.007064883554056104,24,24,24,0,0.0,{},0.7997895622895623,0.6831417624521073,0.0,False,True,False,True,False,False,0.0,98.8187318039041,84.72250669706763,98.8187318039041,95.95833333333333,1.206803207181505,0.0006877545533229715,False,0.4778897688695936,False,0.013194444444444398,False,False,0.671958566505594,0.013194444444444398,True,True,-0.31872318143859807,0.24056662171891074,12.426019544958752,False,opposite_direction
289,assignment_isolation,plus_one_randomisation,True,ok,90.05277324032552,3.8579045342931795,97.09546144549473,83.72770334091037,34.13454502694295,1.0,0.001,1.0,0.001,,,,,False,True,False,True,False,0.007071067811865475,0.007053155544102551,24,24,24,0,0.0,{},0.7889445080091534,0.6669540229885057,0.0,False,True,False,True,False,False,0.0,97.09546144549473,83.72770334091037,97.09546144549473,95.16666666666667,1.1743296150663438,0.053397135991075775,False,0.4986074116230695,False,0.014236111111111116,False,False,0.6751303946976293,0.014236111111111116,True,True,0.27411417430921636,0.21015907575346898,14.40256393014435,False,opposite_direction
290,assignment_isolation,plus_one_randomisation,True,ok,95.9096985055781,3.0258449382383055,100.67373786088336,90.23368649793147,35.154711257883314,1.0,0.001,1.0,0.001,,,,,False,True,False,True,False,0.007071067811865475,0.007043457073805767,24,24,24,0,0.0,{},0.7859263204966329,0.6971929824561401,0.0,False,True,False,True,False,False,0.0,100.67373786088336,90.23368649793149,100.67373786088336,95.625,1.210668201714745,0.035683825099711526,False,0.511642061096105,False,0.02256944444444442,False,False,0.6868027728922297,0.02256944444444442,True,True,0.844616056781097,0.16294868935688087,14.885227449051712,False,opposite_direction
291,assignment_isolation,plus_one_randomisation,True,ok,92.77029215285465,3.8458374080696576,98.69601853870996,85.42498221063728,34.547853871085934,1.0,0.001,1.0,0.001,,,,,False,True,False,True,False,0.007071067811865475,0.007006322184329678,24,24,24,0,0.0,{},0.7874990757172433,0.6718992248062016,0.0,False,True,False,True,False,False,0.0,98.69601853870996,85.42498221063728,98.69601853870996,96.0,1.1858146165067416,0.02632649295484985,False,0.5184162232909291,False,0.032638888888888884,False,False,0.6823628475590576,0.032638888888888884,True,True,-1.4643761876938817,0.17553972629555292,13.761692173223418,False,opposite_direction
292,assignment_isolation,plus_one_randomisation,True,ok,95.79384784891415,3.503172341869973,101.69004978754728,90.07004662868071,34.9031797767166,1.0,0.001,1.0,0.001,,,,,False,True,False,True,False,0.007071067811865475,0.007046583035711219,24,24,24,0,0.0,{},0.8035967196637426,0.7279829545454545,0.0,False,True,False,True,False,False,0.0,101.69004978754727,90.07004662868071,101.69004978754727,96.875,1.2103735657416959,0.0032411900914165372,False,0.5205310304632403,False,0.02430555555555558,False,False,0.6864636264674187,0.02430555555555558,True,True,-0.9285247132153622,0.14508415076376033,14.602919976568687,False,opposite_direction
293,assignment_isolation,plus_one_randomisation,True,ok,96.69024890447055,2.658804106770152,100.50627743420932,91.82536934248886,35.215523168972965,1.0,0.001,1.0,0.001,,,,,False,True,False,True,False,0.007071067811865475,0.007062014967885746,24,24,24,0,0.0,{},0.7888876827326676,0.6510162601626016,0.0,False,True,False,True,False,False,0.0,100.50627743420932,91.82536934248886,100.50627743420932,95.29166666666667,1.2138366444316118,0.0258560064844675,False,0.5270431243902609,False,0.002777777777777768,False,False,0.6887237769519244,0.002777777777777768,True,True,2.1909426219424053,0.16079414637650585,14.783314134341653,False,opposite_direction
294,assignment_isolation,plus_one_randomisation,True,ok,88.61447521159933,3.177665035673672,94.06099490665892,83.31056192412153,34.0755002186356,1.0,0.001,1.0,0.001,,,,,False,True,False,True,False,0.007071067811865475,0.007068872613991056,24,24,24,0,0.0,{},0.8149865319865319,0.7004166666666667,0.0,False,True,False,True,False,False,0.0,94.0609949066589,83.31056192412153,94.0609949066589,97.625,1.189988934805998,0.00559007346692357,False,0.5298981415882921,False,0.0253472222222223,False,False,0.6641990450912679,0.0253472222222223,True,True,0.4343067730219396,0.19899188515238192,12.789726862921546,False,opposite_direction
295,assignment_isolation,plus_one_randomisation,True,ok,91.5919064513436,3.8986076555178193,98.2786274074624,84.97436044028701,35.10830553091908,1.0,0.001,1.0,0.001,,,,,False,True,False,True,False,0.007071067811865475,0.006991994264610901,24,24,24,0,0.0,{},0.7761895519077193,0.6741203703703705,0.0,False,True,False,True,False,False,0.0,98.2786274074624,84.97436044028701,98.2786274074624,95.70833333333333,1.2007588981103077,0.0034823090682059715,False,0.5321113188342754,False,0.0336805555555556,False,False,0.673180107261711,0.0336805555555556,True,True,-0.06270222642294247,0.1278504745897603,13.66265092358786,False,opposite_direction
296,assignment_isolation,plus_one_randomisation,True,ok,87.57603774989775,4.091938488609291,94.82493897949469,81.16803722827142,33.27939122116618,1.0,0.001,1.0,0.001,,,,,False,True,False,True,False,0.007071067811865475,0.0070887361872738995,24,24,24,0,0.0,{},0.8039545068027211,0.7447132616487455,0.0,False,True,False,True,False,False,0.0,94.82493897949469,81.16803722827142,94.82493897949469,96.79166666666667,1.1604680169349393,0.02952265654577043,False,0.5156007827213602,False,0.028472222222222232,False,False,0.6692105497564573,0.028472222222222232,True,True,-0.2578773309560053,0.15841005927374968,12.673440080922997,False,opposite_direction
297,assignment_isolation,plus_one_randomisation,True,ok,88.38332704129668,3.7800416409570086,95.84486480547456,83.08542116179414,34.01044927100344,1.0,0.001,1.0,0.001,,,,,False,True,False,True,False,0.007071067811865475,0.007052738236378456,24,24,24,0,0.0,{},0.7952513676664779,0.7291213768115941,0.0,False,True,False,True,False,False,0.0,95.84486480547456,83.08542116179414,95.84486480547456,96.25,1.1766315994668461,0.003185795517878576,False,0.5365002558123291,False,0.01909722222222221,False,False,0.6674686751264863,0.01909722222222221,True,True,-0.18062212377416667,0.1003757002087135,13.748976090818475,False,opposite_direction
298,assignment_isolation,plus_one_randomisation,True,ok,83.58652872886206,3.2097212471707146,89.05604228643874,77.32476006843054,33.24161063847522,1.0,0.001,1.0,0.001,,,,,False,True,False,True,False,0.007071067811865475,0.007053820562749348,24,24,24,0,0.0,{},0.8006793478260869,0.6882616487455198,0.0,False,True,False,True,False,False,0.0,89.05604228643874,77.32476006843054,89.05604228643874,96.5,1.1517020159484186,0.008292274394691521,False,0.49255648908907207,False,0.020486111111111094,False,False,0.6543344062756941,0.020486111111111094,True,True,0.6169077110967612,0.07594492888865813,12.135961959455628,False,opposite_direction
299,assignment_isolation,plus_one_randomisation,True,ok,91.95019753192423,4.030457195329742,98.86175246452991,85.21800740690422,34.01839490415272,1.0,0.001,1.0,0.001,,,,,False,True,False,True,False,0.007071067811865475,0.007036407788500213,24,24,24,0,0.0,{},0.7996666666666665,0.7075842696629211,0.0,False,True,False,True,False,False,0.0,98.86175246452991,85.21800740690422,98.86175246452991,97.08333333333333,1.179253470440483,0.05035464260272615,False,0.506100981639953,False,0.03472222222222221,False,False,0.6811708777182801,0.03472222222222221,True,True,0.42862101327816976,0.11908365445336318,14.03765434411161,False,opposite_direction
300,assignment_isolation,plus_one_randomisation,True,ok,89.81040986951747,3.6884720733906717,96.11761798370638,83.41112359887542,35.02921099914715,1.0,0.001,1.0,0.001,,,,,False,True,False,True,False,0.007071067811865475,0.007099518826895175,24,24,24,0,0.0,{},0.7936245126705653,0.6857526881720429,0.0,False,True,False,True,False,False,0.0,96.11761798370638,83.41112359887542,96.11761798370638,94.25,1.2071742258567948,0.00439299311815925,False,0.5031821459618915,False,0.023263888888888862,False,False,0.6638457678581422,0.023263888888888862,True,True,-0.08485868606260279,0.09134415189257798,13.113432899168908,False,opposite_direction
301,assignment_isolation,plus_one_randomisation,True,ok,87.57302406455808,4.056770347100153,93.55608855469644,78.77994632302322,33.738985414522766,1.0,0.001,1.0,0.001,,,,,False,True,False,True,False,0.007071067811865475,0.007067062099206894,24,24,24,0,0.0,{},0.788214830597643,0.7248062015503877,0.0,False,True,False,True,False,False,0.0,93.55608855469644,78.77994632302322,93.55608855469644,96.66666666666667,1.1721395012681435,0.014215807942987406,False,0.5198625903029703,False,0.00868055555555558,False,False,0.6654429098599058,0.00868055555555558,True,True,0.6667234112423375,0.2657231453187721,14.363171652052108,False,opposite_direction
302,assignment_isolation,plus_one_randomisation,True,ok,90.22132709264247,3.7476548243906147,97.1893017550551,84.02624940224044,34.083671189979746,1.0,0.001,1.0,0.001,,,,,False,True,False,True,False,0.007071067811865475,0.007085536237019461,24,24,24,0,0.0,{},0.8047078861531987,0.7388297872340426,0.0,False,True,False,True,False,False,0.0,97.1893017550551,84.02624940224044,97.1893017550551,96.375,1.1854173797723517,0.01631437466158013,False,0.4884169547246974,False,0.023611111111111138,False,False,0.6723616215651476,0.023611111111111138,True,True,1.5894988618062682,0.2578138616263564,13.590792242998182,False,opposite_direction
303,assignment_isolation,plus_one_randomisation,True,ok,85.97373903484743,4.70677750357175,94.0027206517874,78.04434424707571,33.54913077171285,1.0,0.001,1.0,0.001,,,,,False,True,False,True,False,0.007071067811865475,0.007055472936725054,24,24,24,0,0.0,{},0.8241769865841072,0.7130952380952381,0.0,False,True,False,True,False,False,0.0,94.0027206517874,78.04434424707571,94.0027206517874,97.83333333333333,1.17063318845501,0.019711332924502875,False,0.5020155246284239,False,0.016319444444444442,False,False,0.6589152314101829,0.016319444444444442,True,True,-0.09361934663252763,0.08272768409481254,13.079376296020014,False,opposite_direction
304,assignment_isolation,plus_one_randomisation,True,ok,94.68759713704817,3.2782056065725906,100.42621381139693,89.28545496471786,34.072921731156754,1.0,0.001,1.0,0.001,,,,,False,True,False,True,False,0.007071067811865475,0.007104038204206262,24,24,24,0,0.0,{},0.8123348057171588,0.6787306201550388,0.0,False,True,False,True,False,False,0.0,100.42621381139695,89.28545496471786,100.42621381139695,96.16666666666667,1.1868530486420517,0.01716883039451489,False,0.5151928416336844,False,0.03541666666666665,False,False,0.6892637543063778,0.03541666666666665,True,True,0.1544588249722727,0.11916118117430681,14.21223676498313,False,opposite_direction
305,assignment_isolation,plus_one_randomisation,True,ok,93.02549455145454,3.2369358781515434,98.30908837226139,87.30966174772112,34.58836419213714,1.0,0.001,1.0,0.001,,,,,False,True,False,True,False,0.007071067811865475,0.007063463390256178,24,24,24,0,0.0,{},0.782672064777328,0.6683908045977012,0.0,False,True,False,True,False,False,0.0,98.30908837226139,87.30966174772112,98.30908837226139,95.41666666666667,1.1932456130752527,0.02687601731964068,False,0.5166501116401587,False,0.02951388888888884,False,False,0.6811102922738638,0.02951388888888884,True,True,-0.25136278990792654,0.20944413872952117,13.443092705791615,False,opposite_direction
306,assignment_isolation,plus_one_randomisation,True,ok,89.6534349273531,3.723677333134823,96.16186908298263,83.26981087174012,34.053412737791,1.0,0.001,1.0,0.001,,,,,False,True,False,True,False,0.007071067811865475,0.007069583935208788,24,24,24,0,0.0,{},0.8143900343642612,0.7295880149812733,0.0,False,True,False,True,False,False,0.0,96.16186908298262,83.26981087174012,96.16186908298262,96.58333333333333,1.1829750814337594,0.03144577219542101,False,0.542755424135586,False,0.009722222222222299,False,False,0.6707867923623811,0.009722222222222299,True,True,-0.3252653667929125,0.14182164092353225,12.938645696034289,False,opposite_direction
307,assignment_isolation,plus_one_randomisation,True,ok,87.58259321474594,3.660517908299927,93.74913225557268,81.53771758674438,33.56780126215603,1.0,0.001,1.0,0.001,,,,,False,True,False,True,False,0.007071067811865475,0.007079964224303658,24,24,24,0,0.0,{},0.8151346187250306,0.6916666666666667,0.0,False,True,False,True,False,False,0.0,93.74913225557266,81.53771758674438,93.74913225557266,95.875,1.163527497216718,0.006676624681800651,False,0.5137703559392629,False,0.034375000000000044,False,False,0.6682547521732092,0.034375000000000044,True,True,-0.8737671458695605,0.15157548602118168,13.746073148242319,False,opposite_direction
308,assignment_isolation,plus_one_randomisation,True,ok,87.064401751667,3.0790770891477885,91.72549378449824,80.34336622960555,33.67566626357158,1.0,0.001,1.0,0.001,,,,,False,True,False,True,False,0.007071067811865475,0.007063165749922819,24,24,24,0,0.0,{},0.7970416236670106,0.6664750957854406,0.0,False,True,False,True,False,False,0.0,91.72549378449825,80.34336622960555,91.72549378449825,95.45833333333333,1.1619635983604095,0.026818034910617187,False,0.5055795413929978,False,0.015277777777777724,False,False,0.6665332068592078,0.015277777777777724,True,True,-0.6817336506470568,0.136299934871187,12.839692490429764,False,opposite_direction
309,assignment_isolation,plus_one_randomisation,True,ok,97.54637002165005,2.868993408835695,102.58220710322485,92.68237478778077,34.83505423478497,1.0,0.001,1.0,0.001,,,,,False,True,False,True,False,0.007071067811865475,0.007102119478530273,24,24,24,0,0.0,{},0.812105088127702,0.7454257246376811,0.0,False,True,False,True,False,False,0.0,102.58220710322485,92.68237478778077,102.58220710322485,97.16666666666667,1.219363305776964,0.016556229625655106,False,0.5215977352688349,False,0.028819444444444398,False,False,0.6902081506698128,0.028819444444444398,True,True,0.5830369118387086,0.15053919735070906,13.955854492510179,False,opposite_direction
310,assignment_isolation,plus_one_randomisation,True,ok,85.11108829080068,4.104959369110162,92.77451839208487,78.32740936644424,34.11011140778348,1.0,0.001,1.0,0.001,,,,,False,True,False,True,False,0.007071067811865475,0.007061410990736206,24,24,24,0,0.0,{},0.7995556664080108,0.665909090909091,0.0,False,True,False,True,False,False,0.0,92.77451839208487,78.32740936644424,92.77451839208487,95.5,1.176918303807553,0.04334776633101141,False,0.5077129514969475,False,0.01840277777777788,False,False,0.6529393624606313,0.01840277777777788,True,True,0.9772961872119325,0.1810583534538866,12.281162788519472,False,opposite_direction
311,assignment_isolation,plus_one_randomisation,True,ok,88.12068913473041,4.12441279488118,95.12420160565075,81.01022210003146,34.44651892561549,1.0,0.001,1.0,0.001,,,,,False,True,False,True,False,0.007071067811865475,0.007051932097643597,24,24,24,0,0.0,{},0.7915107212475634,0.700374531835206,0.0,False,True,False,True,False,False,0.0,95.12420160565075,81.01022210003146,95.12420160565075,96.33333333333333,1.1920974528680466,0.01161647537340165,False,0.49684386285387194,False,0.03541666666666665,False,False,0.6614021861573375,0.03541666666666665,True,True,-0.5455167970260664,0.132892032755406,12.8059708372819,False,opposite_direction
312,assignment_isolation,plus_one_randomisation,True,ok,92.30855808174901,4.546034482866131,100.0548701523699,84.52758454621843,34.743206961094906,1.0,0.001,1.0,0.001,,,,,False,True,False,True,False,0.007071067811865475,0.007030444252986586,24,24,24,0,0.0,{},0.778893783244681,0.7083333333333334,0.0,False,True,False,True,False,False,0.0,100.0548701523699,84.52758454621843,100.0548701523699,95.79166666666667,1.1953264824501006,0.026808037054429266,False,0.5091088836234671,False,0.017013888888888884,False,False,0.677689564162622,0.017013888888888884,True,True,-0.4861779165789373,0.18618400243807043,14.600341418624154,False,opposite_direction
313,assignment_isolation,plus_one_randomisation,True,ok,88.8773661606068,2.7738172264553413,94.32264323987766,84.05803033506083,33.76969792424247,1.0,0.001,1.0,0.001,,,,,False,True,False,True,False,0.007071067811865475,0.0071066675999902065,24,24,24,0,0.0,{},0.8058879341210167,0.7422429078014182,0.0,False,True,False,True,False,False,0.0,94.32264323987766,84.05803033506083,94.32264323987766,96.375,1.1780002384224506,0.028996459184027677,False,0.522321185111912,False,0.025000000000000022,False,False,0.6691191998199018,0.025000000000000022,True,True,0.2377872997594015,0.09913187603609701,13.4470506227534,False,opposite_direction
314,assignment_isolation,plus_one_randomisation,True,ok,94.42984825852962,4.755370452766907,102.25758809144462,86.77557859624424,35.19386117593403,1.0,0.001,1.0,0.001,,,,,False,True,False,True,False,0.007071067811865475,0.0070847533903286046,24,24,24,0,0.0,{},0.7882706207482993,0.6696078431372547,0.0,False,True,False,True,False,False,0.0,102.25758809144462,86.77557859624424,102.25758809144462,95.16666666666667,1.2161974474369193,0.04847673769128752,False,0.5094940113071074,False,0.022222222222222143,False,False,0.6796471133846409,0.022222222222222143,True,True,0.3289057595851188,0.22432703465669576,15.792090428680254,False,opposite_direction
315,assignment_isolation,plus_one_randomisation,True,ok,90.03915106756017,3.8436082303916135,97.03338682525454,83.32135392119716,33.712010076557654,1.0,0.001,1.0,0.001,,,,,False,True,False,True,False,0.007071067811865475,0.007076625035761005,24,24,24,0,0.0,{},0.8112379385964913,0.6837500000000001,0.0,False,True,False,True,False,False,0.0,97.03338682525454,83.32135392119716,97.03338682525454,97.66666666666667,1.1788377091215478,0.01778813204557675,False,0.49633807012088643,False,0.023958333333333304,False,False,0.6736685326369196,0.023958333333333304,True,True,0.8129006753465718,0.12225834212544096,14.446832290034191,False,opposite_direction
316,assignment_isolation,plus_one_randomisation,True,ok,89.06727175554431,5.229206726311483,97.62735810794345,79.76960534896403,34.62675466470358,1.0,0.001,1.0,0.001,,,,,False,True,False,True,False,0.007071067811865475,0.007066362519950317,24,24,24,0,0.0,{},0.8052721088435375,0.6409003831417625,0.0,False,True,False,True,False,False,0.0,97.62735810794345,79.76960534896403,97.62735810794345,96.375,1.2010467260735984,0.0035691134199780077,False,0.5161714654084819,False,0.027083333333333348,False,False,0.6626232600996671,0.027083333333333348,True,True,0.22234666566428476,0.17144768058123838,14.413121698986332,False,opposite_direction
317,assignment_isolation,plus_one_randomisation,True,ok,89.80746632381626,3.7729645753337615,96.19128016336623,83.52894365819812,34.682950157270625,1.0,0.001,1.0,0.001,,,,,False,True,False,True,False,0.007071067811865475,0.0070663800788627286,24,24,24,0,0.0,{},0.8044547872340425,0.704119850187266,0.0,False,True,False,True,False,False,0.0,96.19128016336623,83.52894365819812,96.19128016336623,96.25,1.2022184767475619,0.0022091323388701875,False,0.5320205898578529,False,0.015625,False,False,0.6653890460772532,0.015625,True,True,-1.4178435639777984,0.1404252875414678,14.024343071902672,False,opposite_direction
318,assignment_isolation,plus_one_randomisation,True,ok,98.69473910318884,3.824839324483001,105.677198305846,92.39668422566243,34.75438786641889,1.0,0.001,1.0,0.001,,,,,False,True,False,True,False,0.007071067811865475,0.007051065495642356,24,24,24,0,0.0,{},0.8116180428722487,0.7242337164750957,0.0,False,True,False,True,False,False,0.0,105.677198305846,92.39668422566244,105.677198305846,97.20833333333333,1.2080534369374283,0.008982361740722184,False,0.5100693309678977,False,0.012847222222222232,False,False,0.6973791474514224,0.012847222222222232,True,True,-0.2378149908069343,0.08728059009396986,14.612948572769296,False,opposite_direction
319,assignment_isolation,plus_one_randomisation,True,ok,92.60181974902498,4.093893362927911,99.04682354495347,85.98489917096292,35.20430849130262,1.0,0.001,1.0,0.001,,,,,False,True,False,True,False,0.007071067811865475,0.007046192234022284,24,24,24,0,0.0,{},0.80394379034186,0.7196759259259258,0.0,False,True,False,True,False,False,0.0,99.04682354495348,85.98489917096292,99.04682354495348,97.08333333333333,1.222060338366362,0.024559702535933335,False,0.5147816187919761,False,0.02777777777777779,False,False,0.6707316739757949,0.02777777777777779,True,True,1.241212091967671,0.16962498475627585,14.236779266862671,False,opposite_direction
320,assignment_isolation,plus_one_randomisation,True,ok,95.25550122503455,3.00204047336863,100.14508946643959,90.45030971392858,34.630155159087124,1.0,0.001,1.0,0.001,,,,,False,True,False,True,False,0.007071067811865475,0.007040495421306459,24,24,24,0,0.0,{},0.7878806818181818,0.740036231884058,0.0,False,True,False,True,False,False,0.0,100.14508946643959,90.45030971392858,100.14508946643959,96.20833333333333,1.1957324289507674,0.012782274274463148,False,0.5127184045250912,False,0.014236111111111116,False,False,0.6887507550111235,0.014236111111111116,True,True,0.004865401070591475,0.14842599735270287,15.175128876420743,False,opposite_direction
321,assignment_isolation,plus_one_randomisation,True,ok,91.1638391977101,4.3677138005038305,99.01664255092976,84.71901562145226,34.44434566301178,1.0,0.001,1.0,0.001,,,,,False,True,False,True,False,0.007071067811865475,0.00703700542721622,24,24,24,0,0.0,{},0.7853088261891843,0.7070788530465949,0.0,False,True,False,True,False,False,0.0,99.01664255092976,84.71901562145226,99.01664255092976,95.16666666666667,1.1822743246243153,0.023495945465483822,False,0.5199429995807038,False,0.025694444444444353,False,False,0.6771448201884018,0.025694444444444353,True,True,-0.9724102565328271,0.18947746693316708,13.103864900757022,False,opposite_direction
322,assignment_isolation,plus_one_randomisation,True,ok,91.42453385031986,5.241380305042584,100.93371673548411,83.03046700968368,34.599339052062064,1.0,0.001,1.0,0.001,,,,,False,True,False,True,False,0.007071067811865475,0.007034743879155794,24,24,24,0,0.0,{},0.7806959219858155,0.7173076923076924,0.0,False,True,False,True,False,False,0.0,100.93371673548411,83.03046700968368,100.93371673548411,95.70833333333333,1.1905865551966996,0.014719524219672476,False,0.5068210906968627,False,0.014583333333333282,False,False,0.6756313891035065,0.014583333333333282,True,True,1.178215952014795,0.2461091565102998,14.062494383438393,False,opposite_direction
323,assignment_isolation,plus_one_randomisation,True,ok,90.45220849598087,3.934772498686078,96.97747299619125,83.27807316501308,34.09900768044259,1.0,0.001,1.0,0.001,,,,,False,True,False,True,False,0.007071067811865475,0.007092962631964301,24,24,24,0,0.0,{},0.7991496598639456,0.718103448275862,0.0,False,True,False,True,False,False,0.0,96.97747299619125,83.27807316501308,96.97747299619125,95.625,1.1825653262278906,0.014938492115349967,False,0.536092366794427,False,0.02430555555555558,False,False,0.6741905056585245,0.02430555555555558,True,True,1.6842726637724525,0.3237962994000152,15.326901227804315,False,opposite_direction
324,assignment_isolation,plus_one_randomisation,True,ok,86.13700304821901,4.149972344590052,93.12534423324166,79.30097209195732,33.84083071263711,1.0,0.001,1.0,0.001,,,,,False,True,False,True,False,0.007071067811865475,0.007057240430778813,24,24,24,0,0.0,{},0.7824803079126386,0.6988031914893617,0.0,False,True,False,True,False,False,0.0,93.12534423324166,79.30097209195732,93.12534423324166,95.16666666666667,1.1648992407155132,0.023412515184758335,False,0.5237407947424658,False,0.010069444444444353,False,False,0.6615210153913126,0.010069444444444353,True,True,0.393690789887579,0.14494732806371874,13.370817620334401,False,opposite_direction
325,assignment_isolation,plus_one_randomisation,True,ok,93.48067655051193,3.6053357880662067,100.0026659294857,87.42297234605093,35.65580956966415,1.0,0.001,1.0,0.001,,,,,False,True,False,True,False,0.007071067811865475,0.007041977506728321,24,24,24,0,0.0,{},0.8114205236970217,0.6957885304659497,0.0,False,True,False,True,False,False,0.0,100.0026659294857,87.42297234605093,100.0026659294857,95.45833333333333,1.2265969012855444,0.024246077633252275,False,0.5308758675493666,False,0.012499999999999956,False,False,0.6728564049152395,0.012499999999999956,True,True,1.5243198713409207,0.17125328775973006,15.081923247280503,False,opposite_direction
326,assignment_isolation,plus_one_randomisation,True,ok,91.525518753997,3.4630604918145487,97.57371082728119,85.26230323925516,34.60929559912924,1.0,0.001,1.0,0.001,,,,,False,True,False,True,False,0.007071067811865475,0.007074861823148661,24,24,24,0,0.0,{},0.7935546875,0.6242156862745099,0.0,False,True,False,True,False,False,0.0,97.5737108272812,85.26230323925516,97.5737108272812,95.91666666666667,1.1990236946763946,0.007367845434137833,False,0.5080300046086935,False,0.016666666666666607,False,False,0.6734457002144372,0.016666666666666607,True,True,-1.3883240174773435,0.193209614469051,11.258921438467992,False,opposite_direction
327,assignment_isolation,plus_one_randomisation,True,ok,92.27884706194884,3.0753757675779783,97.37111312458461,86.96551820921715,35.2665656930753,1.0,0.001,1.0,0.001,,,,,False,True,False,True,False,0.007071067811865475,0.007048886525558018,24,24,24,0,0.0,{},0.807063137755102,0.6749999999999999,0.0,False,True,False,True,False,False,0.0,97.37111312458461,86.96551820921714,97.37111312458461,96.04166666666667,1.2181016658691686,0.010488466816541944,False,0.5260102004167726,False,0.01041666666666663,False,False,0.6706390985063423,0.01041666666666663,True,True,0.08679829617400034,0.1705059279790374,14.845297243352135,False,opposite_direction
328,assignment_isolation,plus_one_randomisation,True,ok,82.35909671079652,3.3154411262158674,88.70057039901633,77.20850160242928,33.07509825276592,1.0,0.001,1.0,0.001,,,,,False,True,False,True,False,0.007071067811865475,0.007050633558080469,24,24,24,0,0.0,{},0.7923541710498629,0.6989463601532568,0.0,False,True,False,True,False,False,0.0,88.70057039901633,77.20850160242928,88.70057039901633,97.04166666666667,1.1486253964707365,0.03556649553736007,False,0.4936742955959437,False,0.009027777777777857,False,False,0.6495979544735356,0.009027777777777857,True,True,-0.42048975124091575,0.16780880141674964,12.845608650372252,False,opposite_direction
329,assignment_isolation,plus_one_randomisation,True,ok,93.08154288976971,3.568002887291471,99.63320811681277,87.0520362148381,35.06409648942883,1.0,0.001,1.0,0.001,,,,,False,True,False,True,False,0.007071067811865475,0.007051228845218819,24,24,24,0,0.0,{},0.7850546007876834,0.7164855072463767,0.0,False,True,False,True,False,False,0.0,99.63320811681278,87.0520362148381,99.63320811681278,94.70833333333333,1.2030718465813157,0.0040445441773851514,False,0.497534245528214,False,0.018402777777777768,False,False,0.678371349935617,0.018402777777777768,True,True,-0.2686255891537941,0.17792789591509808,12.586454421938857,False,opposite_direction
330,assignment_isolation,plus_one_randomisation,True,ok,84.29248146816379,4.845730966042481,92.97712441406087,76.92759901618557,34.04190137110291,1.0,0.001,1.0,0.001,,,,,False,True,False,True,False,0.007071067811865475,0.0070719993623723715,24,24,24,0,0.0,{},0.8122854425275265,0.7409420289855071,0.0,False,True,False,True,False,False,0.0,92.97712441406087,76.92759901618557,92.97712441406087,97.125,1.186291837573031,0.014067879005999352,False,0.5065738866656175,False,0.036805555555555536,False,False,0.6460215664637072,0.036805555555555536,True,True,-0.9325527966333902,0.14368146475835636,13.702832673891326,False,opposite_direction
331,assignment_isolation,plus_one_randomisation,True,ok,93.71921914339823,4.070865400179712,100.61985281799655,86.34471500910543,35.42969107047275,1.0,0.001,1.0,0.001,,,,,False,True,False,True,False,0.007071067811865475,0.007061069609976716,24,24,24,0,0.0,{},0.7983676975945017,0.6825757575757575,0.0,False,True,False,True,False,False,0.0,100.61985281799655,86.34471500910543,100.61985281799655,96.04166666666667,1.2258510595498904,0.013944389785386434,False,0.5483091393600734,False,0.01736111111111116,False,False,0.6740187070097474,0.01736111111111116,True,True,1.1120256692343924,0.20160367754567252,14.501646801670946,False,opposite_direction
332,assignment_isolation,plus_one_randomisation,True,ok,88.7596768504323,4.524982627050256,95.60259122761104,80.36550974593229,33.692986703228165,1.0,0.001,1.0,0.001,,,,,False,True,False,True,False,0.007071067811865475,0.007034398592282726,24,24,24,0,0.0,{},0.809769825268817,0.7204212454212451,0.0,False,True,False,True,False,False,0.0,95.60259122761106,80.36550974593229,95.60259122761106,97.875,1.1723907295490894,0.029543307169617495,False,0.5070390146834303,False,0.029166666666666674,False,False,0.6704035523697744,0.029166666666666674,True,True,-2.4483920760397986,0.1732304653616027,11.269418243837066,False,opposite_direction
333,assignment_isolation,plus_one_randomisation,True,ok,92.435486411544,3.8580452378996966,98.26280399107316,84.63865611619431,34.632697229269674,1.0,0.001,1.0,0.001,,,,,False,True,False,True,False,0.007071067811865475,0.007072631777248794,24,24,24,0,0.0,{},0.7872766857078853,0.7298460144927538,0.0,False,True,False,True,False,False,0.0,98.26280399107316,84.63865611619431,98.26280399107316,96.33333333333333,1.202058662496563,0.03166919412981453,False,0.49187873279756855,False,0.009722222222222188,False,False,0.6761454869614094,0.009722222222222188,True,True,-1.0293661321749688,0.19540073028744248,13.452168116046405,False,opposite_direction
334,assignment_isolation,plus_one_randomisation,True,ok,90.2908698049928,3.422819734381515,95.6020406585453,83.7437260920532,35.01909147213308,1.0,0.001,1.0,0.001,,,,,False,True,False,True,False,0.007071067811865475,0.007106426079612084,24,24,24,0,0.0,{},0.7988619916051527,0.7003745318352059,0.0,False,True,False,True,False,False,0.0,95.6020406585453,83.7437260920532,95.6020406585453,95.45833333333333,1.2157185561988566,0.0017924222604871797,False,0.49833071706713455,False,0.023958333333333304,False,False,0.663194214937221,0.023958333333333304,True,True,1.5370996495312779,0.22291397056924078,14.420416586529454,False,opposite_direction
335,assignment_isolation,plus_one_randomisation,True,ok,88.27798589234561,3.6821238506705627,93.63764144419464,80.42191292263523,33.54230365470285,1.0,0.001,1.0,0.001,,,,,False,True,False,True,False,0.007071067811865475,0.00705913201283783,24,24,24,0,0.0,{},0.7996491228070177,0.74005376344086,0.0,False,True,False,True,False,False,0.0,93.63764144419464,80.42191292263523,93.63764144419464,96.33333333333333,1.1619902615255742,0.01627163930655921,False,0.5155618853610859,False,0.030208333333333393,False,False,0.6716905472282003,0.030208333333333393,True,True,1.8879334335769633,0.15248815400072327,14.958637935029321,False,opposite_direction
336,assignment_isolation,plus_one_randomisation,True,ok,88.20817380905441,3.2682793930312495,94.07240984259747,82.98224421037905,34.713904856069455,1.0,0.001,1.0,0.001,,,,,False,True,False,True,False,0.007071067811865475,0.007025562934612142,24,24,24,0,0.0,{},0.7920280612244899,0.7070199275362317,0.0,False,True,False,True,False,False,0.0,94.07240984259745,82.98224421037905,94.07240984259745,95.54166666666667,1.1919307064299938,0.0134758659315802,False,0.5143574730174127,False,0.05486111111111114,False,False,0.6618339374015666,0.05486111111111114,True,True,-0.10287664639007674,0.2079414394571282,12.689619507908612,False,opposite_direction
337,assignment_isolation,plus_one_randomisation,True,ok,89.41364103499222,4.170164096265539,96.07342667693784,81.59958475319236,33.4946926288712,1.0,0.001,1.0,0.001,,,,,False,True,False,True,False,0.007071067811865475,0.00706839020620354,24,24,24,0,0.0,{},0.8033363731109953,0.7325842696629212,0.0,False,True,False,True,False,False,0.0,96.07342667693784,81.59958475319236,96.07342667693784,97.58333333333333,1.1693764464985108,0.003066719409546811,False,0.5144035494084627,False,0.025000000000000022,False,False,0.6740681920117358,0.025000000000000022,True,True,0.19710524513142907,0.13418563358425448,14.635363183501104,False,opposite_direction
338,assignment_isolation,plus_one_randomisation,True,ok,91.62216195309065,4.76176782671973,101.57640888943601,83.98901816289253,34.9580169549621,1.0,0.001,1.0,0.001,,,,,False,True,False,True,False,0.007071067811865475,0.007071531039986808,24,24,24,0,0.0,{},0.8059684564947722,0.6874521072796936,0.0,False,True,False,True,False,False,0.0,101.576408889436,83.98901816289253,101.576408889436,96.0,1.2110605617601802,0.013844491101353027,False,0.5112308386489899,False,0.015277777777777835,False,False,0.6701392435423074,0.015277777777777835,True,True,-0.4773179618753348,0.10180727073988324,12.406983691498487,False,opposite_direction
339,assignment_isolation,plus_one_randomisation,True,ok,90.96597974596382,3.6749221300523134,96.98377481532152,84.66685295517262,34.532784011045294,1.0,0.001,1.0,0.001,,,,,False,True,False,True,False,0.007071067811865475,0.007039718533311901,24,24,24,0,0.0,{},0.7789452687569985,0.7287037037037036,0.0,False,True,False,True,False,False,0.0,96.98377481532152,84.66685295517262,96.98377481532152,94.54166666666667,1.1818667618458574,0.0021176114317688855,False,0.5182195554206904,False,0.018750000000000044,False,False,0.6764792414932397,0.018750000000000044,True,True,-0.1935573395271914,0.08368754670620968,14.112942356453596,False,opposite_direction
340,assignment_isolation,plus_one_randomisation,True,ok,91.86235814448553,2.9783387422525247,97.15827519266426,86.64224931384851,34.66301732369521,1.0,0.001,1.0,0.001,,,,,False,True,False,True,False,0.007071067811865475,0.007069539347055539,24,24,24,0,0.0,{},0.7970247784409477,0.7019662921348314,0.0,False,True,False,True,False,False,0.0,97.15827519266425,86.6422493138485,97.15827519266425,96.08333333333333,1.2010235275876056,0.0035930626467707877,False,0.5145422984894129,False,0.021180555555555647,False,False,0.6741837739448109,0.021180555555555647,True,True,-1.7162228055904811,0.15132206870343173,13.587809789168444,False,opposite_direction
341,assignment_isolation,plus_one_randomisation,True,ok,88.85833278396564,4.326488009763752,96.21944964923344,81.46276431243038,34.78561656146323,1.0,0.001,1.0,0.001,,,,,False,True,False,True,False,0.007071067811865475,0.007049729789752246,24,24,24,0,0.0,{},0.7964397893772894,0.671072796934866,0.0,False,True,False,True,False,False,0.0,96.21944964923345,81.46276431243038,96.21944964923345,95.33333333333333,1.1971941062878795,0.01703133900017923,False,0.5230551334190892,False,0.018055555555555602,False,False,0.6629517844174119,0.018055555555555602,True,True,-1.6250375325809885,0.1714844547332372,12.665542994738532,False,opposite_direction
342,assignment_isolation,plus_one_randomisation,True,ok,89.8480913385676,3.5337196183577633,95.31984175982942,83.6853617356916,33.80273787265088,1.0,0.001,1.0,0.001,,,,,False,True,False,True,False,0.007071067811865475,0.007076502259034284,24,24,24,0,0.0,{},0.8117900821944939,0.6874526515151517,0.0,False,True,False,True,False,False,0.0,95.31984175982943,83.6853617356916,95.31984175982943,96.54166666666667,1.1751625086656554,0.030214402924709803,False,0.5272475997784536,False,0.009375000000000022,False,False,0.6740356081101231,0.009375000000000022,True,True,-0.4552827192766099,0.16036517552844043,14.488606422333842,False,opposite_direction
343,assignment_isolation,plus_one_randomisation,True,ok,90.42903762141911,4.134455369312161,97.52984854256752,83.8667248202867,34.115438008434595,1.0,0.001,1.0,0.001,,,,,False,True,False,True,False,0.007071067811865475,0.007054585302113579,24,24,24,0,0.0,{},0.7999570264043948,0.7081501831501832,0.0,False,True,False,True,False,False,0.0,97.52984854256754,83.8667248202867,97.52984854256754,96.125,1.179806057124887,0.0251723904688393,False,0.5080593679365416,False,0.011458333333333348,False,False,0.6749534624773754,0.011458333333333348,True,True,-0.14271844338585205,0.22012232138756327,14.298292869337384,False,opposite_direction
344,assignment_isolation,plus_one_randomisation,True,ok,94.66934214586031,3.714627622714554,100.85344672637272,88.18087847127637,34.00715352569254,1.0,0.001,1.0,0.001,,,,,False,True,False,True,False,0.007071067811865475,0.007080087581977422,24,24,24,0,0.0,{},0.7926537442726231,0.7149621212121212,0.0,False,True,False,True,False,False,0.0,100.85344672637272,88.18087847127636,100.85344672637272,95.79166666666667,1.178264467948858,0.005601778049065761,False,0.5325318382352251,False,0.029861111111111116,False,False,0.6917097165745378,0.029861111111111116,True,True,2.530163740875997,0.2785203113192072,16.29876194639456,False,opposite_direction
345,assignment_isolation,plus_one_randomisation,True,ok,83.49916927772624,4.671008558956617,91.58529609928324,75.14194370820152,33.87257954375077,1.0,0.001,1.0,0.001,,,,,False,True,False,True,False,0.007071067811865475,0.00711942270373315,24,24,24,0,0.0,{},0.8039413846556103,0.6946220930232558,0.0,False,True,False,True,False,False,0.0,91.58529609928324,75.14194370820152,91.58529609928324,95.54166666666667,1.178581070133554,0.037823453633246615,False,0.5254287717335411,False,0.03749999999999998,False,False,0.6448572749457848,0.03749999999999998,True,True,-0.3065163871161116,0.21380463843848405,12.945508782055196,False,opposite_direction
346,assignment_isolation,plus_one_randomisation,True,ok,90.21662053429588,4.710099531239253,98.73568367297189,82.2136656087069,34.051245450993775,1.0,0.001,1.0,0.001,,,,,False,True,False,True,False,0.007071067811865475,0.0070163165779698,24,24,24,0,0.0,{},0.8072600945017181,0.615909090909091,0.0,False,True,False,True,False,False,0.0,98.73568367297189,82.2136656087069,98.73568367297189,96.79166666666667,1.175252451732528,0.012856266582317512,False,0.5263348464587589,False,0.03194444444444444,False,False,0.6755081414899884,0.03194444444444444,True,True,0.0425412287064326,0.18873037036186607,14.492837010257126,False,opposite_direction
347,assignment_isolation,plus_one_randomisation,True,ok,82.87766053773436,2.803362648421977,87.99680152303405,78.39412660372622,33.58014677414387,1.0,0.001,1.0,0.001,,,,,False,True,False,True,False,0.007071067811865475,0.007036330088958115,24,24,24,0,0.0,{},0.7865006311803071,0.7075842696629214,0.0,False,True,False,True,False,False,0.0,87.99680152303405,78.39412660372622,87.99680152303405,95.08333333333333,1.1519960726171858,0.017496007702547185,False,0.5445353658394245,False,0.028472222222222232,False,False,0.6509112035942806,0.028472222222222232,True,True,-0.6038930251599975,0.17219277530911736,10.33264540804138,False,opposite_direction
348,assignment_isolation,plus_one_randomisation,True,ok,94.93691674982831,4.329941061316684,103.19421065454621,87.48427953098182,34.81991464492524,1.0,0.001,1.0,0.001,,,,,False,True,False,True,False,0.007071067811865475,0.00707578493063466,24,24,24,0,0.0,{},0.8043070330969269,0.7484042553191491,0.0,False,True,False,True,False,False,0.0,103.19421065454621,87.48427953098182,103.19421065454621,97.20833333333333,1.2145742768200043,0.006444202243494293,False,0.5213526884763869,False,0.014583333333333393,False,False,0.6820493497045815,0.014583333333333393,True,True,0.13630531295954612,0.12360982985486295,14.310711292371082,False,opposite_direction
349,assignment_isolation,plus_one_randomisation,True,ok,95.04583918342773,3.4898663944855106,101.02638354453941,89.27095270885229,34.42419540934405,1.0,0.001,1.0,0.001,,,,,False,True,False,True,False,0.007071067811865475,0.007070604962411164,24,24,24,0,0.0,{},0.8131722813238771,0.7186842105263158,0.0,False,True,False,True,False,False,0.0,101.02638354453943,89.27095270885229,101.02638354453943,97.25,1.2001490381560171,0.0064154902610573435,False,0.5129193720341786,False,0.024652777777777746,False,False,0.6866899939474282,0.024652777777777746,True,True,0.2940351642411872,0.11248742450128367,14.080699489593716,False,opposite_direction
350,assignment_isolation,plus_one_randomisation,True,ok,94.02064902540421,3.210102228360337,99.16016164001967,88.33836913752171,34.86109873147582,1.0,0.001,1.0,0.001,,,,,False,True,False,True,False,0.007071067811865475,0.0070475677244026735,24,24,24,0,0.0,{},0.8079749103942652,0.6564980158730156,0.0,False,True,False,True,False,False,0.0,99.16016164001967,88.33836913752172,99.16016164001967,96.29166666666667,1.205437464434568,0.000683096456336073,False,0.5212320821534604,False,0.040277777777777746,False,False,0.6812807269415875,0.040277777777777746,True,True,0.8425181334215003,0.20223170114285133,12.825333433820736,False,opposite_direction
351,assignment_isolation,plus_one_randomisation,True,ok,85.38420676145181,3.9260986204256234,91.57756470099896,78.78740993535374,33.90264447616481,1.0,0.001,1.0,0.001,,,,,False,True,False,True,False,0.007071067811865475,0.007050870267259662,24,24,24,0,0.0,{},0.7917464757107153,0.7280344202898551,0.0,False,True,False,True,False,False,0.0,91.57756470099896,78.78740993535374,91.57756470099896,96.125,1.171829643520199,0.023000389256132386,False,0.5309925932496993,False,0.019791666666666652,False,False,0.6558678319727913,0.019791666666666652,True,True,-0.3498654043006132,0.15942812937880438,13.30042765179347,False,opposite_direction
352,assignment_isolation,plus_one_randomisation,True,ok,87.42764508203591,4.621768136741718,94.78157767927894,79.7083197358705,33.82831583110487,1.0,0.001,1.0,0.001,,,,,False,True,False,True,False,0.007071067811865475,0.0071197327317769335,24,24,24,0,0.0,{},0.8165369057846505,0.7420411985018727,0.0,False,True,False,True,False,False,0.0,94.78157767927894,79.7083197358705,94.78157767927894,96.95833333333333,1.1857868850642281,0.0006719069084020429,False,0.5295956907974153,False,0.02499999999999991,False,False,0.6604133286039046,0.02499999999999991,True,True,0.08900938611968331,0.21195474889553917,13.405752898743442,False,opposite_direction
353,assignment_isolation,plus_one_randomisation,True,ok,87.65805752311485,3.6437213106511104,93.58028026624496,80.81869743704353,33.9313796421979,1.0,0.001,1.0,0.001,,,,,False,True,False,True,False,0.007071067811865475,0.007110491039332115,24,24,24,0,0.0,{},0.8112630208333333,0.6771978021978025,0.0,False,True,False,True,False,False,0.0,93.58028026624497,80.81869743704353,93.58028026624497,96.0,1.1819707591372302,0.004232570144443026,False,0.5281746561721768,False,0.027430555555555625,False,False,0.6626467831835688,0.027430555555555625,True,True,0.8964561261593083,0.13833305777155444,12.999242431989396,False,opposite_direction
354,assignment_isolation,plus_one_randomisation,True,ok,86.73134423470339,3.5300144207614346,92.64203083306859,80.53902417374715,34.84988297758493,1.0,0.001,1.0,0.001,,,,,False,True,False,True,False,0.007071067811865475,0.007075026770217392,24,24,24,0,0.0,{},0.7998245419621751,0.6914772727272726,0.0,False,True,False,True,False,False,0.0,92.64203083306859,80.53902417374715,92.64203083306859,94.29166666666667,1.1971155497552461,0.013183209552217953,False,0.4901315299538523,False,0.023263888888888862,False,False,0.6536572072000297,0.023263888888888862,True,True,-0.9105581327352328,0.1295841199777348,12.314620081603683,False,opposite_direction
355,assignment_isolation,plus_one_randomisation,True,ok,96.52364970890805,4.632518929575567,103.86813120841713,86.42024440394368,34.71728663953135,1.0,0.001,1.0,0.001,,,,,False,True,False,True,False,0.007071067811865475,0.007092441721049458,24,24,24,0,0.0,{},0.8124350815595054,0.7317204301075271,0.0,False,True,False,True,False,False,0.0,103.86813120841713,86.42024440394368,103.86813120841713,96.125,1.2070624275275577,0.03427380257337729,False,0.48930617936918996,False,0.03194444444444444,False,False,0.6900693476626187,0.03194444444444444,True,True,1.696180542850186,0.1787713719347566,16.90981255513682,False,opposite_direction
356,assignment_isolation,plus_one_randomisation,True,ok,90.73041465509226,4.123330398363118,97.15766092306643,83.05483049185857,34.169223858870225,1.0,0.001,1.0,0.001,,,,,False,True,False,True,False,0.007071067811865475,0.007053377268629469,24,24,24,0,0.0,{},0.7809650817652329,0.6995519713261646,0.0,False,True,False,True,False,False,0.0,97.15766092306643,83.05483049185857,97.15766092306643,94.75,1.1729833339486735,0.009586429201462751,False,0.530058301615865,False,0.015972222222222276,False,False,0.6782788045004623,0.015972222222222276,True,True,0.09841947852858589,0.15020142493251556,13.52560303653198,False,opposite_direction
357,assignment_isolation,plus_one_randomisation,True,ok,85.7007208188483,3.0602814781775587,91.12744525054356,80.46394840308533,33.72573467641748,1.0,0.001,1.0,0.001,,,,,False,True,False,True,False,0.007071067811865475,0.007092249448558448,24,24,24,0,0.0,{},0.7992402365236524,0.7530219780219779,0.0,False,True,False,True,False,False,0.0,91.12744525054354,80.46394840308533,91.12744525054354,96.54166666666667,1.1750945759278821,0.0021307804673766717,False,0.5137327019557327,False,0.03402777777777777,False,False,0.6562229811487168,0.03402777777777777,True,True,-0.20397449106608082,0.12856494718938397,12.826250608317967,False,opposite_direction
358,assignment_isolation,plus_one_randomisation,True,ok,84.53180218042833,3.92368654802774,91.7986957111961,77.89545794992556,34.20116865593652,1.0,0.001,1.0,0.001,,,,,False,True,False,True,False,0.007071067811865475,0.007095783296045442,24,24,24,0,0.0,{},0.7779301485551486,0.6750508130081302,0.0,False,True,False,True,False,False,0.0,91.7986957111961,77.89545794992556,91.7986957111961,93.29166666666667,1.1720137860729072,0.017972520715029753,False,0.5036644889321471,False,0.022222222222222143,False,False,0.6519033321423855,0.022222222222222143,True,True,-2.3751757956504576,0.18120052495622868,13.419457081833555,False,opposite_direction
359,assignment_isolation,plus_one_randomisation,True,ok,91.72941604297807,4.015303652317204,98.48749385409519,84.02058358319714,34.102109522274574,1.0,0.001,1.0,0.001,,,,,False,True,False,True,False,0.007071067811865475,0.007090419183740763,24,24,24,0,0.0,{},0.799915824915825,0.7620879120879119,0.0,False,True,False,True,False,False,0.0,98.48749385409519,84.02058358319714,98.48749385409519,96.29166666666667,1.186362778245925,0.030898352979515542,False,0.5278678345036644,False,0.017708333333333326,False,False,0.6781370059167016,0.017708333333333326,True,True,1.0341014968161055,0.15959049749002596,13.401182902536972,False,opposite_direction
360,assignment_isolation,plus_one_randomisation,True,ok,87.79391394828804,3.8864275312154746,93.81361912790851,81.27173255889022,33.28325163518689,1.0,0.001,1.0,0.001,,,,,False,True,False,True,False,0.007071067811865475,0.007065951103951215,24,24,24,0,0.0,{},0.7993162213338944,0.6878314393939394,0.0,False,True,False,True,False,False,0.0,93.81361912790851,81.27173255889022,93.81361912790851,96.0,1.1521313579416061,0.0029840962891702753,False,0.49751196077237575,False,0.012499999999999956,False,False,0.6728075022402953,0.012499999999999956,True,True,0.16181933195934511,0.20810921606666163,14.186535370906777,False,opposite_direction
361,assignment_isolation,plus_one_randomisation,True,ok,92.11142216575325,4.273684940936872,98.59255101345711,84.3464589342346,34.338338163000486,1.0,0.001,1.0,0.001,,,,,False,True,False,True,False,0.007071067811865475,0.007089333343639283,24,24,24,0,0.0,{},0.8138138825324178,0.7081460674157304,0.0,False,True,False,True,False,False,0.0,98.59255101345711,84.3464589342346,98.59255101345711,96.0,1.1925876060743423,0.014756607873204044,False,0.5129428548285769,False,0.019444444444444375,False,False,0.6777462081392455,0.019444444444444375,True,True,0.2951157996791331,0.08544157239221466,16.25187747901454,False,opposite_direction
362,assignment_isolation,plus_one_randomisation,True,ok,85.42651709826544,4.4856333245363835,93.1478625801863,78.53083408182215,34.18429709530875,1.0,0.001,1.0,0.001,,,,,False,True,False,True,False,0.007071067811865475,0.007069168212921645,24,24,24,0,0.0,{},0.8090382996632998,0.612037037037037,0.0,False,True,False,True,False,False,0.0,93.1478625801863,78.53083408182215,93.1478625801863,94.91666666666667,1.177161944142409,0.014351762810765493,False,0.498983402943431,False,0.020138888888888817,False,False,0.6542989011666518,0.020138888888888817,True,True,-0.774233924270031,0.1260571833095047,10.86101034496485,False,opposite_direction
363,assignment_isolation,plus_one_randomisation,True,ok,91.80249120297877,2.7791846381163277,96.56821363230476,87.0909812863579,33.87920064433114,1.0,0.001,1.0,0.001,,,,,False,True,False,True,False,0.007071067811865475,0.007045714289039468,24,24,24,0,0.0,{},0.7984452201933405,0.7233695652173912,0.0,False,True,False,True,False,False,0.0,96.56821363230476,87.09098128635792,96.56821363230476,96.70833333333333,1.1737081945469219,0.012819722875438973,False,0.5226910723572132,False,0.012499999999999956,False,False,0.6822824302045107,0.012499999999999956,True,True,-1.294051137498654,0.12571131244302086,12.915064236534054,False,opposite_direction
364,assignment_isolation,plus_one_randomisation,True,ok,95.21130500447121,3.7053202737129993,101.62828792932417,88.66314981169549,35.265778208261736,1.0,0.001,1.0,0.001,,,,,False,True,False,True,False,0.007071067811865475,0.0070469491314243664,24,24,24,0,0.0,{},0.7973777115549828,0.7042156862745098,0.0,False,True,False,True,False,False,0.0,101.62828792932417,88.6631498116955,101.62828792932417,95.75,1.2158892087782716,0.010377198536184025,False,0.5125001696668762,False,0.03368055555555549,False,False,0.6826934841001857,0.03368055555555549,True,True,-0.5183364639181763,0.15651685797915837,12.716739378318955,False,opposite_direction
365,assignment_isolation,plus_one_randomisation,True,ok,87.71291088323771,4.26836054293881,95.31504096200806,80.4530149799383,34.37841897550289,1.0,0.001,1.0,0.001,,,,,False,True,False,True,False,0.007071067811865475,0.007054822060386656,24,24,24,0,0.0,{},0.807591788750226,0.701947463768116,0.0,False,True,False,True,False,False,0.0,95.31504096200804,80.4530149799383,95.31504096200804,96.33333333333333,1.190228273906775,0.04527349480154779,False,0.4990866620308149,False,0.014930555555555558,False,False,0.6602292731737962,0.014930555555555558,True,True,-1.2599136426554018,0.14052489646665697,12.619718912935866,False,opposite_direction
366,assignment_isolation,plus_one_randomisation,True,ok,89.91320722583293,3.843182978697393,96.30861893553973,83.27661674705075,34.181191301209545,1.0,0.001,1.0,0.001,,,,,False,True,False,True,False,0.007071067811865475,0.007059981416007857,24,24,24,0,0.0,{},0.8037541254125413,0.7331501831501832,0.0,False,True,False,True,False,False,0.0,96.30861893553974,83.27661674705075,96.30861893553974,96.625,1.1860568622063394,0.02817566879165289,False,0.49870959958945793,False,0.042013888888888906,False,False,0.6708950451110548,0.042013888888888906,True,True,-1.487526887307162,0.24145734080726072,14.978997766079884,False,opposite_direction
367,assignment_isolation,plus_one_randomisation,True,ok,89.40162942163313,4.01477790727513,97.84702658291484,83.08775425695322,34.36371074513653,1.0,0.001,1.0,0.001,,,,,False,True,False,True,False,0.007071067811865475,0.007018038924173596,24,24,24,0,0.0,{},0.7816491228070177,0.6946496212121213,0.0,False,True,False,True,False,False,0.0,97.84702658291484,83.08775425695322,97.84702658291484,95.83333333333333,1.1804405745814208,0.0045087108566330865,False,0.5225817779569932,False,0.02430555555555558,False,False,0.6705387379785225,0.02430555555555558,True,True,-0.5857704389233798,0.08173972411131564,13.021397047253439,False,opposite_direction
368,assignment_isolation,plus_one_randomisation,True,ok,87.97144643507579,3.831120541843785,94.13836427665106,81.68260884233312,34.08833587314867,1.0,0.001,1.0,0.001,,,,,False,True,False,True,False,0.007071067811865475,0.007013021011018705,24,24,24,0,0.0,{},0.7975436263531169,0.6831481481481483,0.0,False,True,False,True,False,False,0.0,94.13836427665107,81.68260884233312,94.13836427665107,96.45833333333333,1.173953301518604,0.005447238444230012,False,0.5296512941215212,False,0.01909722222222221,False,False,0.6665702803430478,0.01909722222222221,True,True,1.0332658396079613,0.19850505686377906,14.98864645940485,False,opposite_direction
369,assignment_isolation,plus_one_randomisation,True,ok,91.98576470634605,4.118255091746462,98.99119621554874,84.51268188974798,34.729973327624435,1.0,0.001,1.0,0.001,,,,,False,True,False,True,False,0.007071067811865475,0.007029486083942164,24,24,24,0,0.0,{},0.8019069220430106,0.7,0.0,False,True,False,True,False,False,0.0,98.99119621554875,84.51268188974798,98.99119621554875,97.375,1.2045414934684346,0.008063309388263398,False,0.5230851733125829,False,0.02187500000000009,False,False,0.6736020114299229,0.02187500000000009,True,True,-0.43946103978223133,0.19144179966160046,13.964982635973511,False,opposite_direction
370,assignment_isolation,plus_one_randomisation,True,ok,89.9719236613621,3.495505537444066,96.04382892885059,83.8790972826971,34.24588613418133,1.0,0.001,1.0,0.001,,,,,False,True,False,True,False,0.007071067811865475,0.007067130035580002,24,24,24,0,0.0,{},0.7890366430260047,0.7159090909090909,0.0,False,True,False,True,False,False,0.0,96.04382892885059,83.8790972826971,96.04382892885059,95.70833333333333,1.1838491641287021,0.016535515239153895,False,0.4874617600854454,False,0.014930555555555558,False,False,0.671827524401574,0.014930555555555558,True,True,0.7269011923176389,0.12648374539451332,13.156328046359208,False,opposite_direction
371,assignment_isolation,plus_one_randomisation,True,ok,87.36453805589406,3.7408462887978735,93.57381131405265,81.37100279663207,33.27975060030879,1.0,0.001,1.0,0.001,,,,,False,True,False,True,False,0.007071067811865475,0.0070547879262309295,24,24,24,0,0.0,{},0.8090528921313183,0.704119850187266,0.0,False,True,False,True,False,False,0.0,93.57381131405265,81.37100279663207,93.57381131405265,96.16666666666667,1.1511881533348405,0.02131227788352592,False,0.5221503779635984,False,0.03541666666666665,False,False,0.6712972432011752,0.03541666666666665,True,True,-2.6329248567156704,0.22856787453807523,12.657021450638293,False,opposite_direction
372,assignment_isolation,plus_one_randomisation,True,ok,82.98042348282287,3.9642382574327995,89.86150517900488,76.64038292922301,33.38132068514925,1.0,0.001,1.0,0.001,,,,,False,True,False,True,False,0.007071067811865475,0.007090015357497883,24,24,24,0,0.0,{},0.8142918096872616,0.7566666666666667,0.0,False,True,False,True,False,False,0.0,89.86150517900488,76.64038292922301,89.86150517900488,96.75,1.1639817792803346,0.0016062700174874283,False,0.5219867761162023,False,0.03229166666666661,False,False,0.647326250731312,0.03229166666666661,True,True,-1.1909935338705189,0.21412857004125468,11.842468020095207,False,opposite_direction
373,assignment_isolation,plus_one_randomisation,True,ok,91.95328053045061,4.343090901241892,100.33341913337154,85.01599719655356,34.98401587598082,1.0,0.001,1.0,0.001,,,,,False,True,False,True,False,0.007071067811865475,0.007059446547914598,24,24,24,0,0.0,{},0.7836060754088872,0.7483695652173913,0.0,False,True,False,True,False,False,0.0,100.33341913337154,85.01599719655356,100.33341913337154,95.625,1.2075247584591668,0.03157975855536893,False,0.5003252931748071,False,0.01041666666666663,False,False,0.6725600007234429,0.01041666666666663,True,True,0.09548033761857795,0.2995847506785948,14.18183508486954,False,opposite_direction
374,assignment_isolation,plus_one_randomisation,True,ok,87.37936421555601,3.659435271505202,93.7407626840153,81.78877837544279,34.00107580492796,1.0,0.001,1.0,0.001,,,,,False,True,False,True,False,0.007071067811865475,0.0071057611286280764,24,24,24,0,0.0,{},0.8162037037037035,0.737087912087912,0.0,False,True,False,True,False,False,0.0,93.7407626840153,81.78877837544279,93.7407626840153,97.125,1.1905257208875857,0.02738580189633334,False,0.5184805499636359,False,0.027430555555555625,False,False,0.658672028727694,0.027430555555555625,True,True,-0.0889747656436975,0.17342116072025535,11.999801858852107,False,opposite_direction
375,assignment_isolation,plus_one_randomisation,True,ok,86.85996559053736,3.7847026126301433,93.14541980662531,80.3655301753921,34.07679000981239,1.0,0.001,1.0,0.001,,,,,False,True,False,True,False,0.007071067811865475,0.007041038959901053,24,24,24,0,0.0,{},0.7998290193602695,0.720430107526882,0.0,False,True,False,True,False,False,0.0,93.1454198066253,80.3655301753921,93.1454198066253,96.41666666666667,1.1779896812552104,0.009586555697857544,False,0.5122481966633946,False,0.014236111111111116,False,False,0.6604450669398618,0.014236111111111116,True,True,-2.5530372513764843,0.268169694457536,10.74436590029768,False,opposite_direction
376,assignment_isolation,plus_one_randomisation,True,ok,93.1755742350295,3.037401927961607,98.79549663548319,87.67240690977331,34.43787468275539,1.0,0.001,1.0,0.001,,,,,False,True,False,True,False,0.007071067811865475,0.007029968145591809,24,24,24,0,0.0,{},0.8025588768115942,0.7384057971014494,0.0,False,True,False,True,False,False,0.0,98.79549663548319,87.67240690977331,98.79549663548319,97.54166666666667,1.1955143372980341,0.0009660278879616978,False,0.5119143237023502,False,0.022916666666666696,False,False,0.6810071543817253,0.022916666666666696,True,True,0.6800890218980162,0.18293563401154725,13.796286905095284,False,opposite_direction
377,assignment_isolation,plus_one_randomisation,True,ok,87.57612212040914,4.295832610310607,95.91524393827197,80.54171772969606,34.1092875459315,1.0,0.001,1.0,0.001,,,,,False,True,False,True,False,0.007071067811865475,0.007066786730339924,24,24,24,0,0.0,{},0.8039428906428736,0.716468253968254,0.0,False,True,False,True,False,False,0.0,95.91524393827198,80.54171772969606,95.91524393827198,95.875,1.180095966326518,0.0001497511077382372,False,0.5224073639008842,False,0.029861111111111116,False,False,0.6628947340709787,0.029861111111111116,True,True,-1.1771289614487,0.29565593073779517,13.560204703931252,False,opposite_direction
378,assignment_isolation,plus_one_randomisation,True,ok,88.62847974385876,4.132493717097432,94.48009149114834,79.22258333005416,33.66843170527154,1.0,0.001,1.0,0.001,,,,,False,True,False,True,False,0.007071067811865475,0.007064319523246638,24,24,24,0,0.0,{},0.8044396929824561,0.6817049808429118,0.0,False,True,False,True,False,False,0.0,94.48009149114834,79.22258333005416,94.48009149114834,97.33333333333333,1.173259351021799,0.004993584958013607,False,0.5231146107635479,False,0.026388888888888906,False,False,0.6695773115970312,0.026388888888888906,True,True,0.8653446142127919,0.18480065058733494,14.342569053733577,False,opposite_direction
379,assignment_isolation,plus_one_randomisation,True,ok,95.01847392658708,4.056881536174161,102.66660366217519,88.285919963733,34.06788417389672,1.0,0.001,1.0,0.001,,,,,False,True,False,True,False,0.007071067811865475,0.007053398017060797,24,24,24,0,0.0,{},0.7813407521463234,0.7100980392156865,0.0,False,True,False,True,False,False,0.0,102.66660366217519,88.28591996373298,102.66660366217519,96.25,1.1787288869374113,0.017317403579879438,False,0.49544827990104695,False,0.02604166666666663,False,False,0.6928384862392396,0.02604166666666663,True,True,-1.0681439895635576,0.11827545626412395,15.585373871308056,False,opposite_direction
380,assignment_isolation,plus_one_randomisation,True,ok,89.71155297943504,4.217687538049264,96.53206505235819,81.98810641020118,34.45452343312964,1.0,0.001,1.0,0.001,,,,,False,True,False,True,False,0.007071067811865475,0.007076094646733236,24,24,24,0,0.0,{},0.8103101549898308,0.715925925925926,0.0,False,True,False,True,False,False,0.0,96.53206505235819,81.98810641020118,96.53206505235819,97.20833333333333,1.2018814529097612,0.0023717950218286057,False,0.5194644700282176,False,0.019791666666666763,False,False,0.6650915079797977,0.019791666666666763,True,True,-1.3843077794784593,0.14431482031628823,12.545323627025368,False,opposite_direction
381,assignment_isolation,plus_one_randomisation,True,ok,88.8944053199952,3.1615421890635096,94.36321544180248,83.90552541055345,33.74891886256315,1.0,0.001,1.0,0.001,,,,,False,True,False,True,False,0.007071067811865475,0.0070538371749252924,24,24,24,0,0.0,{},0.8103949652777778,0.7505376344086022,0.0,False,True,False,True,False,False,0.0,94.36321544180248,83.90552541055345,94.36321544180248,97.25,1.17381621563952,0.021693953953698657,False,0.4843375280156624,False,0.005555555555555536,False,False,0.6705156521302136,0.005555555555555536,True,True,0.8205804951911666,0.17053525123350102,14.015439486959643,False,opposite_direction
382,assignment_isolation,plus_one_randomisation,True,ok,91.24751732955535,3.4522163923799623,96.47280644281115,84.30810724835376,34.748326973731324,1.0,0.001,1.0,0.001,,,,,False,True,False,True,False,0.007071067811865475,0.007092329009580543,24,24,24,0,0.0,{},0.7987090307800317,0.7291193181818183,0.0,False,True,False,True,False,False,0.0,96.47280644281115,84.30810724835376,96.47280644281115,95.29166666666667,1.2028742813998246,0.010281659594588313,False,0.5076708983827728,False,0.021874999999999978,False,False,0.6711366825895594,0.021874999999999978,True,True,0.33315328178600917,0.08807383403346541,13.979181088671094,False,opposite_direction
383,assignment_isolation,plus_one_randomisation,True,ok,86.76816080011486,4.564953611572278,94.76663764220962,79.62945455916189,33.83469336323088,1.0,0.001,1.0,0.001,,,,,False,True,False,True,False,0.007071067811865475,0.00706161773065205,24,24,24,0,0.0,{},0.7888745704467355,0.6900000000000001,0.0,False,True,False,True,False,False,0.0,94.76663764220962,79.62945455916189,94.76663764220962,94.66666666666667,1.162344850589199,0.0072317478857117515,False,0.5105980919200733,False,0.03020833333333328,False,False,0.6651251200739585,0.03020833333333328,True,True,0.6868247126362186,0.16656353070958074,13.960617606218612,False,opposite_direction
384,assignment_isolation,plus_one_randomisation,True,ok,89.96430359909021,3.6021242173822294,96.12802562630097,83.91673029814473,34.570184421364516,1.0,0.001,1.0,0.001,,,,,False,True,False,True,False,0.007071067811865475,0.007074568161934039,24,24,24,0,0.0,{},0.8026909722222222,0.7158914728682171,0.0,False,True,False,True,False,False,0.0,96.12802562630095,83.91673029814473,96.12802562630095,95.79166666666667,1.1968383611107811,0.027036136788306388,False,0.5226053339705433,False,0.015972222222222276,False,False,0.6677318660328697,0.015972222222222276,True,True,-0.6381896953544857,0.10637852955825565,12.654609152535945,False,opposite_direction
385,assignment_isolation,plus_one_randomisation,True,ok,98.53323502824503,3.5319805331862355,105.31718571505222,92.93658509950191,35.33527426186069,1.0,0.001,1.0,0.001,,,,,False,True,False,True,False,0.007071067811865475,0.007065005553745485,24,24,24,0,0.0,{},0.7986666666666667,0.722003745318352,0.0,False,True,False,True,False,False,0.0,105.31718571505222,92.9365850995019,105.31718571505222,96.45833333333333,1.225916400848372,0.007571158389162811,False,0.5133321844699299,False,0.02951388888888895,False,False,0.6918327810342705,0.02951388888888895,True,True,1.6630704053628247,0.18394694962717548,14.804810051896219,False,opposite_direction
386,assignment_isolation,plus_one_randomisation,True,ok,87.25554624399423,4.6677681558003306,95.49584367006021,79.86882449310086,34.674927733305154,1.0,0.001,1.0,0.001,,,,,False,True,False,True,False,0.007071067811865475,0.0070843672753113296,24,24,24,0,0.0,{},0.8057388913012011,0.7204119850187267,0.0,False,True,False,True,False,False,0.0,95.49584367006021,79.86882449310086,95.49584367006021,95.83333333333333,1.2023888336019464,0.023197848840634406,False,0.5177193380716231,False,0.02083333333333326,False,False,0.6542914023026829,0.02083333333333326,True,True,0.5064467052553292,0.12004531687371339,13.291955197433325,False,opposite_direction
387,assignment_isolation,plus_one_randomisation,True,ok,91.90283119276468,4.363266686047634,99.90148400579059,85.03343112927394,34.77416986556443,1.0,0.001,1.0,0.001,,,,,False,True,False,True,False,0.007071067811865475,0.007071776669858538,24,24,24,0,0.0,{},0.7988679971170329,0.6803030303030302,0.0,False,True,False,True,False,False,0.0,99.90148400579058,85.03343112927394,99.90148400579058,95.91666666666667,1.2042103382972562,0.03534531059416228,False,0.4948777506269691,False,0.021874999999999978,False,False,0.6733711766939674,0.021874999999999978,True,True,0.3663052719642266,0.13515439323029835,13.644092994347712,False,opposite_direction
388,assignment_isolation,plus_one_randomisation,True,ok,84.98538954670659,3.7753341887673337,91.24756707053949,78.49779936444881,33.9074294906528,1.0,0.001,1.0,0.001,,,,,False,True,False,True,False,0.007071067811865475,0.007023912683725457,24,24,24,0,0.0,{},0.7751704456911328,0.6825670498084294,0.0,False,True,False,True,False,False,0.0,91.24756707053949,78.49779936444881,91.24756707053949,95.58333333333333,1.1642200160147544,0.0023952267641044376,False,0.5129721785559606,False,0.029861111111111116,False,False,0.6565768945154491,0.029861111111111116,True,True,-0.3652515327493397,0.20410114853792524,11.445207180586593,False,opposite_direction
389,assignment_isolation,plus_one_randomisation,True,ok,91.1603367931488,3.6380559665056906,97.60601859668772,84.97737270635722,34.51349785372398,1.0,0.001,1.0,0.001,,,,,False,True,False,True,False,0.007071067811865475,0.007083691998352349,24,24,24,0,0.0,{},0.8029119720804987,0.7120588235294116,0.0,False,True,False,True,False,False,0.0,97.60601859668772,84.97737270635722,97.60601859668772,96.41666666666667,1.2003135439645385,0.015944423956386504,False,0.5124337291089884,False,0.015277777777777835,False,False,0.6715722685151351,0.015277777777777835,True,True,-0.08797274492373836,0.09732654166172411,13.009656083483195,False,opposite_direction
390,assignment_isolation,plus_one_randomisation,True,ok,93.60354434628196,4.489133128126259,101.67914540582292,86.71397483062086,35.06604688741993,1.0,0.001,1.0,0.001,,,,,False,True,False,True,False,0.007071067811865475,0.007112210343160225,24,24,24,0,0.0,{},0.7867485535647629,0.7124515503875967,0.0,False,True,False,True,False,False,0.0,101.67914540582292,86.71397483062087,101.67914540582292,94.29166666666667,1.2108715127899647,0.0313659049223836,False,0.4893044718626323,False,0.027083333333333348,False,False,0.6780561329514982,0.027083333333333348,True,True,1.5399234875876242,0.2450628462379734,13.651526244791748,False,opposite_direction
391,assignment_isolation,plus_one_randomisation,True,ok,86.03662434112742,4.253109438959179,94.95649494942387,79.18438216769269,33.33312243468753,1.0,0.001,1.0,0.001,,,,,False,True,False,True,False,0.007071067811865475,0.007048273225455729,24,24,24,0,0.0,{},0.8061855670103093,0.703853046594982,0.0,False,True,False,True,False,False,0.0,94.95649494942387,79.18438216769269,94.95649494942387,98.0,1.1628983941301285,0.02654099084488406,False,0.48755908783823365,False,0.009375000000000022,False,False,0.6617319229067236,0.009375000000000022,True,True,-1.1416621505325508,0.2099885246391067,12.401591467249181,False,opposite_direction
392,assignment_isolation,plus_one_randomisation,True,ok,94.85227695647536,3.9345470203162907,102.71281538935042,88.63047465077074,34.757057136996515,1.0,0.001,1.0,0.001,,,,,False,True,False,True,False,0.007071067811865475,0.007049121124780043,24,24,24,0,0.0,{},0.8024059321739734,0.641470588235294,0.0,False,True,False,True,False,False,0.0,102.71281538935041,88.63047465077074,102.71281538935041,96.5,1.2034045021671151,0.015315953492515319,False,0.5104749129568562,False,0.015972222222222276,False,False,0.6850169070428063,0.015972222222222276,True,True,-0.14212559453548276,0.12742568410458963,14.106820237848988,False,opposite_direction
393,assignment_isolation,plus_one_randomisation,True,ok,92.28929764777945,3.7289933449573964,99.38952712812475,86.33981107022066,34.617288194999006,1.0,0.001,1.0,0.001,,,,,False,True,False,True,False,0.007071067811865475,0.007113726037153797,24,24,24,0,0.0,{},0.8020166487647691,0.72481884057971,0.0,False,True,False,True,False,False,0.0,99.38952712812475,86.33981107022066,99.38952712812475,96.5,1.209550040538723,0.0017484139477538074,False,0.5087105948676678,False,0.028125000000000067,False,False,0.6732871825764372,0.028125000000000067,True,True,-0.3482131395965265,0.13746763502547668,12.98048669599027,False,opposite_direction
394,assignment_isolation,plus_one_randomisation,True,ok,95.52989728639231,3.5454746119895204,102.58885089316065,89.89036749506893,35.4466468003087,1.0,0.001,1.0,0.001,,,,,False,True,False,True,False,0.007071067811865475,0.007042611860188016,24,24,24,0,0.0,{},0.7892186469506057,0.6779116465863454,0.0,False,True,False,True,False,False,0.0,102.58885089316065,89.89036749506893,102.58885089316065,95.83333333333333,1.221904356185679,0.01464721077164365,False,0.5079812480705982,False,0.015625,False,False,0.6821242879980502,0.015625,True,True,1.969069237353092,0.19719191469310177,14.14412650280932,False,opposite_direction
395,assignment_isolation,plus_one_randomisation,True,ok,86.65979407314171,3.809681981837755,93.58745018067815,80.27656929274451,34.1594890348013,1.0,0.001,1.0,0.001,,,,,False,True,False,True,False,0.007071067811865475,0.007039668956189511,24,24,24,0,0.0,{},0.7932074652777779,0.6816287878787878,0.0,False,True,False,True,False,False,0.0,93.58745018067815,80.27656929274451,93.58745018067815,96.70833333333333,1.1824030905801095,0.024179689444235382,False,0.49084031295259306,False,0.015277777777777835,False,False,0.6581246895897417,0.015277777777777835,True,True,-0.07345912409968673,0.07632766761453788,13.025936621085215,False,opposite_direction
396,assignment_isolation,plus_one_randomisation,True,ok,87.9905747268689,3.6906085780107976,94.47359303766677,82.14856185398983,34.2626915921904,1.0,0.001,1.0,0.001,,,,,False,True,False,True,False,0.007071067811865475,0.007052778792534879,24,24,24,0,0.0,{},0.7894727510265025,0.7164874551971326,0.0,False,True,False,True,False,False,0.0,94.47359303766677,82.14856185398983,94.47359303766677,96.54166666666667,1.1871596854016178,0.020499837465631703,False,0.4938354275742544,False,0.0253472222222223,False,False,0.6624207233554884,0.0253472222222223,True,True,-2.9785168086171216,0.2913427987306325,12.666713447482627,False,opposite_direction
397,assignment_isolation,plus_one_randomisation,True,ok,88.99324715262965,3.038115165417713,94.36404595631141,83.59620327887066,34.18024113879004,1.0,0.001,1.0,0.001,,,,,False,True,False,True,False,0.007071067811865475,0.007037284090549354,24,24,24,0,0.0,{},0.7998681877566256,0.6983516483516486,0.0,False,True,False,True,False,False,0.0,94.36404595631141,83.59620327887066,94.36404595631141,95.5,1.175308551301126,0.027348312770952315,False,0.5135509322246505,False,0.03402777777777788,False,False,0.6704564636886332,0.03402777777777788,True,True,0.3980425526596396,0.18576846911934425,14.118960739952541,False,opposite_direction
398,assignment_isolation,plus_one_randomisation,True,ok,90.4782055516476,3.2224342140477478,96.29581519244164,85.51569329831838,34.53524592032616,1.0,0.001,1.0,0.001,,,,,False,True,False,True,False,0.007071067811865475,0.007057381744618997,24,24,24,0,0.0,{},0.7947211476466796,0.6959786821705426,0.0,False,True,False,True,False,False,0.0,96.29581519244164,85.51569329831837,96.29581519244164,95.70833333333333,1.1922052877280012,0.0007375306181711524,False,0.5008022122347136,False,0.021527777777777812,False,False,0.6713007102269551,0.021527777777777812,True,True,-1.8439424199775765,0.1622179815696635,13.134582915405078,False,opposite_direction
399,assignment_isolation,plus_one_randomisation,True,ok,87.78551250907798,4.093063274726271,94.90397661434596,81.37748294168597,33.98692082141154,1.0,0.001,1.0,0.001,,,,,False,True,False,True,False,0.007071067811865475,0.007079003506072154,24,24,24,0,0.0,{},0.8018795289855072,0.6705992509363298,0.0,False,True,False,True,False,False,0.0,94.90397661434595,81.37748294168597,94.90397661434595,95.75,1.1771270583155085,0.00502140409640718,False,0.5099858316581419,False,0.01805555555555549,False,False,0.6647546089275678,0.01805555555555549,True,True,-0.6101478374524046,0.21906382345681408,12.717167309539388,False,opposite_direction
400,assignment_isolation,plus_one_randomisation,True,ok,90.70346374168871,3.1726628610903207,96.81107309363307,85.84647168209906,34.398870005256995,1.0,0.001,1.0,0.001,,,,,False,True,False,True,False,0.007071067811865475,0.007036642764257187,24,24,24,0,0.0,{},0.7871563573883161,0.6768199233716473,0.0,False,True,False,True,False,False,0.0,96.81107309363307,85.84647168209908,96.81107309363307,96.0,1.1858105245025685,0.018147009834627754,False,0.5288629500355543,False,0.029166666666666674,False,False,0.6742028000733543,0.029166666666666674,True,True,-1.127081912722561,0.08198951019174482,13.724042607895806,False,opposite_direction
401,assignment_isolation,plus_one_randomisation,True,ok,84.2324960222439,4.3729112054051305,91.50237915999692,76.0969903952786,32.97389055713498,1.0,0.001,1.0,0.001,,,,,False,True,False,True,False,0.007071067811865475,0.007087669931842412,24,24,24,0,0.0,{},0.8181082026875701,0.6659259259259258,0.0,False,True,False,True,False,False,0.0,91.50237915999692,76.0969903952786,91.50237915999692,96.75,1.149394640854383,0.02450093805027628,False,0.49893723806065265,False,0.020138888888888817,False,False,0.6580878231936533,0.020138888888888817,True,True,-0.4795951944820666,0.22828534148359725,13.518691540928343,False,opposite_direction
402,assignment_isolation,plus_one_randomisation,True,ok,98.14683190146981,3.7143488490173286,104.53112644201052,91.43143827524756,34.55461975833315,1.0,0.001,1.0,0.001,,,,,False,True,False,True,False,0.007071067811865475,0.007086720116016424,24,24,24,0,0.0,{},0.8078949937519526,0.6664835164835166,0.0,False,True,False,True,False,False,0.0,104.53112644201052,91.43143827524756,104.53112644201052,96.625,1.203555597757372,0.023122110357212105,False,0.5173105270506191,False,0.028125000000000067,False,False,0.6967615088251771,0.028125000000000067,True,True,-1.350129925818195,0.2872629456359201,12.921401420312083,False,opposite_direction
403,assignment_isolation,plus_one_randomisation,True,ok,86.08229088958554,4.994078425946712,95.63467021076531,78.05715804634363,34.25484347330905,1.0,0.001,1.0,0.001,,,,,False,True,False,True,False,0.007071067811865475,0.007092053984478098,24,24,24,0,0.0,{},0.7970175438596492,0.6624537037037037,0.0,False,True,False,True,False,False,0.0,95.63467021076531,78.05715804634363,95.63467021076531,94.66666666666667,1.18185056495217,0.00928958182021387,False,0.534617242898613,False,0.0215277777777777,False,False,0.6557235565592413,0.0215277777777777,True,True,0.35824540952813516,0.10331465306199586,13.28773931672198,False,opposite_direction
404,assignment_isolation,plus_one_randomisation,True,ok,95.22418502828869,3.823772505790001,102.04098474143186,88.83039566042413,34.97680313289752,1.0,0.001,1.0,0.001,,,,,False,True,False,True,False,0.007071067811865475,0.0070737669493917575,24,24,24,0,0.0,{},0.8015022888056597,0.6612887596899224,0.0,False,True,False,True,False,False,0.0,102.04098474143184,88.83039566042413,102.04098474143184,95.70833333333333,1.2102518111283718,0.007121946860310288,False,0.5163048974440984,False,0.01666666666666672,False,False,0.6843937221420634,0.01666666666666672,True,True,0.38606160001463774,0.18465676883804652,13.10066569061399,False,opposite_direction
405,assignment_isolation,plus_one_randomisation,True,ok,91.10036162591422,4.143495421193219,98.15547823675308,84.10068735128938,34.71413642753417,1.0,0.001,1.0,0.001,,,,,False,True,False,True,False,0.007071067811865475,0.007074226379389657,24,24,24,0,0.0,{},0.8039411609299518,0.6874509803921568,0.0,False,True,False,True,False,False,0.0,98.15547823675308,84.10068735128938,98.15547823675308,95.66666666666667,1.2009796391652956,0.028916849393527358,False,0.4891967425545192,False,0.015277777777777724,False,False,0.671122709582523,0.015277777777777724,True,True,-0.22198934067287632,0.10682956397632547,14.141370114367966,False,opposite_direction
406,assignment_isolation,plus_one_randomisation,True,ok,93.56082600432428,4.3788589027919365,101.08136617060143,86.09074449621811,34.868277407699686,1.0,0.001,1.0,0.001,,,,,False,True,False,True,False,0.007071067811865475,0.0070707755556457435,24,24,24,0,0.0,{},0.8007623970640887,0.7037634408602151,0.0,False,True,False,True,False,False,0.0,101.08136617060143,86.09074449621811,101.08136617060143,96.08333333333333,1.2083467528027003,0.003637573588205832,False,0.5035776157560125,False,0.029861111111111116,False,False,0.6786468024474251,0.029861111111111116,True,True,-0.02001245951679524,0.07796416120944696,11.642992686074788,False,opposite_direction
407,assignment_isolation,plus_one_randomisation,True,ok,80.40756558069087,4.314406099721815,88.90585470395015,73.37329888173942,33.66657780183385,1.0,0.001,1.0,0.001,,,,,False,True,False,True,False,0.007071067811865475,0.007041170044104316,24,24,24,0,0.0,{},0.7931686291355031,0.7030092592592591,0.0,False,True,False,True,False,False,0.0,88.90585470395017,73.37329888173942,88.90585470395017,96.83333333333333,1.166342901947422,0.00042645301367324773,False,0.5022536705903665,False,0.012499999999999956,False,False,0.6338953484904308,0.012499999999999956,True,True,-0.650814620758153,0.1221167507480225,12.117351438904887,False,opposite_direction
408,assignment_isolation,plus_one_randomisation,True,ok,91.36197480269226,3.202554798374027,96.15126888774952,84.2784148611838,33.59940427110067,1.0,0.001,1.0,0.001,,,,,False,True,False,True,False,0.007071067811865475,0.007085375602345457,24,24,24,0,0.0,{},0.8059621526221425,0.6720037453183522,0.0,False,True,False,True,False,False,0.0,96.15126888774951,84.2784148611838,96.15126888774951,95.08333333333333,1.160691110656221,0.000780219887575262,False,0.5092550827319358,False,0.016319444444444442,False,False,0.6845383572274645,0.016319444444444442,True,True,-0.40498570649216487,0.11331365544823989,14.265740943330938,False,opposite_direction
409,assignment_isolation,plus_one_randomisation,True,ok,87.67144200728102,3.624752441918323,93.67317668041585,81.11514319092512,33.61777619561077,1.0,0.001,1.0,0.001,,,,,False,True,False,True,False,0.007071067811865475,0.007092326774323903,24,24,24,0,0.0,{},0.8158222853535353,0.7081417624521075,0.0,False,True,False,True,False,False,0.0,93.67317668041585,81.11514319092512,93.67317668041585,96.75,1.172608964556219,0.010178169546067796,False,0.5329430115453058,False,0.030208333333333393,False,False,0.6657154876407685,0.030208333333333393,True,True,0.8272163172958517,0.14610340553771256,12.923172223595971,False,opposite_direction
410,assignment_isolation,plus_one_randomisation,True,ok,92.07056479958969,4.185044194229944,99.6002256416231,84.89719961496377,34.80748887753957,1.0,0.001,1.0,0.001,,,,,False,True,False,True,False,0.007071067811865475,0.007047793256601978,24,24,24,0,0.0,{},0.7825716845878135,0.703021978021978,0.0,False,True,False,True,False,False,0.0,99.60022564162311,84.89719961496377,99.60022564162311,94.54166666666667,1.1926348074972462,0.031187489092688283,False,0.48906989240118165,False,0.013541666666666674,False,False,0.677570759373595,0.013541666666666674,True,True,1.9230421432771667,0.1456544227296479,15.496786760949801,False,opposite_direction
411,assignment_isolation,plus_one_randomisation,True,ok,93.32991577882451,4.091087436172703,100.0547868271362,86.76992125887735,34.60781922063999,1.0,0.001,1.0,0.001,,,,,False,True,False,True,False,0.007071067811865475,0.007057096038362219,24,24,24,0,0.0,{},0.8041236930710615,0.6795880149812734,0.0,False,True,False,True,False,False,0.0,100.0547868271362,86.76992125887735,100.0547868271362,96.33333333333333,1.198556632538788,0.048565041645573806,False,0.5069288548843384,False,0.021527777777777812,False,False,0.6806888935027113,0.021527777777777812,True,True,0.7572638963694921,0.27526496236791914,14.297770658692995,False,opposite_direction
412,assignment_isolation,plus_one_randomisation,True,ok,89.07442365670143,3.5986453001856202,95.48118458859221,82.9714338284914,33.78484514020769,1.0,0.001,1.0,0.001,,,,,False,True,False,True,False,0.007071067811865475,0.00710828606576225,24,24,24,0,0.0,{},0.8144770408163265,0.7164814814814813,0.0,False,True,False,True,False,False,0.0,95.48118458859221,82.9714338284914,95.48118458859221,96.66666666666667,1.1805794130966472,0.020374037650968,False,0.5250914650432157,False,0.02256944444444442,False,False,0.6691295266774194,0.02256944444444442,True,True,-2.4282830686303867,0.29118978891613384,11.14875916626501,False,opposite_direction
413,assignment_isolation,plus_one_randomisation,True,ok,91.24901565140696,4.785700267456932,98.54442408022598,82.25278643421949,34.478611107124216,1.0,0.001,1.0,0.001,,,,,False,True,False,True,False,0.007071067811865475,0.0070735467546150215,24,24,24,0,0.0,{},0.807094387755102,0.7151041666666665,0.0,False,True,False,True,False,False,0.0,98.54442408022597,82.25278643421949,98.54442408022597,96.875,1.2002255108968616,0.010105563567044977,False,0.5132299966652278,False,0.00347222222222221,False,False,0.6719593264534782,0.00347222222222221,True,True,-0.8999437488166213,0.1505278020754607,13.061107393134845,False,opposite_direction
414,assignment_isolation,plus_one_randomisation,True,ok,98.60709629787327,4.049687591623156,105.695119991248,92.04722238408917,35.19925887217237,1.0,0.001,1.0,0.001,,,,,False,True,False,True,False,0.007071067811865475,0.0070872592759682815,24,24,24,0,0.0,{},0.7997330893006942,0.6946220930232558,0.0,False,True,False,True,False,False,0.0,105.695119991248,92.04722238408915,105.695119991248,95.875,1.2213342415897672,0.02046170632362996,False,0.48463710796799697,False,0.015277777777777835,False,False,0.6933738828501607,0.015277777777777835,True,True,0.6349530915917843,0.15737371658406368,14.601364334785574,False,opposite_direction
415,assignment_isolation,plus_one_randomisation,True,ok,88.36588806793736,3.687969270221435,95.66664695148194,82.95234834209252,33.84294303172264,1.0,0.001,1.0,0.001,,,,,False,True,False,True,False,0.007071067811865475,0.007029589194599123,24,24,24,0,0.0,{},0.7919261341941755,0.6464814814814814,0.0,False,True,False,True,False,False,0.0,95.66664695148194,82.95234834209252,95.66664695148194,95.25,1.160915381037713,0.022872928354438368,False,0.5145380253531078,False,0.022222222222222254,False,False,0.6724008888178283,0.022222222222222254,True,True,0.8009459805548543,0.13590433270068883,13.08601920628051,False,opposite_direction
416,assignment_isolation,plus_one_randomisation,True,ok,90.3398505195982,4.091322630248553,97.17590590112096,82.8151692960078,34.40350828816492,1.0,0.001,1.0,0.001,,,,,False,True,False,True,False,0.007071067811865475,0.007081362422160541,24,24,24,0,0.0,{},0.808274231678487,0.7120879120879118,0.0,False,True,False,True,False,False,0.0,97.17590590112097,82.8151692960078,97.17590590112097,96.45833333333333,1.196353253703497,0.0030401348147363065,False,0.5279350576857723,False,0.015625,False,False,0.6694405463752108,0.015625,True,True,0.33428014353437685,0.21354995798680784,13.062221301341866,False,opposite_direction
417,assignment_isolation,plus_one_randomisation,True,ok,90.30813240057903,4.185507748582015,97.0814520944481,83.09428692641629,34.84279465037901,1.0,0.001,1.0,0.001,,,,,False,True,False,True,False,0.007071067811865475,0.007016595820183605,24,24,24,0,0.0,{},0.7906453861531986,0.6664855072463769,0.0,False,True,False,True,False,False,0.0,97.0814520944481,83.09428692641629,97.0814520944481,96.16666666666667,1.1987309748121218,0.009630486145843787,False,0.5015507392124411,False,0.023263888888888862,False,False,0.6685682021543832,0.023263888888888862,True,True,-1.0655400541483377,0.12112023257063005,12.173351163974253,False,opposite_direction
418,assignment_isolation,plus_one_randomisation,True,ok,91.18715829026479,4.758857912900766,99.84903512745265,83.06847603207304,34.86905305319047,1.0,0.001,1.0,0.001,,,,,False,True,False,True,False,0.007071067811865475,0.007058397424606141,24,24,24,0,0.0,{},0.8021646505376345,0.6623983739837399,0.0,False,True,False,True,False,False,0.0,99.84903512745264,83.06847603207304,99.84903512745264,95.45833333333333,1.2023286311881447,0.003999296202494038,False,0.5133878022866716,False,0.021180555555555536,False,False,0.6710595351159293,0.021180555555555536,True,True,-1.6373257929155718,0.26197558210112837,12.55332037840246,False,opposite_direction
419,assignment_isolation,plus_one_randomisation,True,ok,87.14261258042632,3.0483160849257676,93.2331567391171,82.13459666164327,33.31377157720186,1.0,0.001,1.0,0.001,,,,,False,True,False,True,False,0.007071067811865475,0.007085154147003439,24,24,24,0,0.0,{},0.8067584219858157,0.6957890070921983,0.0,False,True,False,True,False,False,0.0,93.23315673911709,82.13459666164327,93.23315673911709,96.04166666666667,1.1565727489103546,0.010675099181347644,False,0.5211327105498667,False,0.02256944444444442,False,False,0.6686133779375902,0.02256944444444442,True,True,-0.2891008282216841,0.10899242788091604,12.814840059530189,False,opposite_direction
420,assignment_isolation,plus_one_randomisation,True,ok,86.66691040695775,4.389881123702165,96.12523712471918,79.80028512970624,33.554282657474864,1.0,0.001,1.0,0.001,,,,,False,True,False,True,False,0.007071067811865475,0.007044332859736838,24,24,24,0,0.0,{},0.7912378781299755,0.7030092592592593,0.0,False,True,False,True,False,False,0.0,96.12523712471916,79.80028512970624,96.12523712471916,96.875,1.1632248993173915,0.018328943787571553,False,0.5129697104829204,False,0.03298611111111105,False,False,0.6643976544680504,0.03298611111111105,True,True,0.6903539518123156,0.201515495753392,12.954879501858006,False,opposite_direction
421,assignment_isolation,plus_one_randomisation,True,ok,96.69640701892602,3.689115471459545,102.93713965078923,89.62199971006781,34.739482871225334,1.0,0.001,1.0,0.001,,,,,False,True,False,True,False,0.007071067811865475,0.007072499319892963,24,24,24,0,0.0,{},0.8037779717150016,0.7076007326007326,0.0,False,True,False,True,False,False,0.0,102.93713965078923,89.62199971006781,102.93713965078923,96.95833333333333,1.2096475183012463,0.00792831494787616,False,0.5204089444980259,False,0.01666666666666672,False,False,0.6899476183921767,0.01666666666666672,True,True,-0.512344271113676,0.13122874248678804,14.365998891149246,False,opposite_direction
422,assignment_isolation,plus_one_randomisation,True,ok,91.38580877265179,4.637579762092322,98.85846800720263,82.83974958272353,33.997468802056886,1.0,0.001,1.0,0.001,,,,,False,True,False,True,False,0.007071067811865475,0.007096323085353724,24,24,24,0,0.0,{},0.8140567010309276,0.7029693486590037,0.0,False,True,False,True,False,False,0.0,98.85846800720263,82.83974958272353,98.85846800720263,95.91666666666667,1.1814001104392007,0.02136311435086459,False,0.4914039815452076,False,0.0336805555555556,False,False,0.6782960709134822,0.0336805555555556,True,True,0.4894438071092472,0.09924520374538477,15.37348049995443,False,opposite_direction
423,assignment_isolation,plus_one_randomisation,True,ok,96.12495103697673,4.045090592453138,103.44361155395772,89.62502670756973,35.57982714528447,1.0,0.001,1.0,0.001,,,,,False,True,False,True,False,0.007071067811865475,0.007043033062115736,24,24,24,0,0.0,{},0.7914893416336539,0.7248207885304658,0.0,False,True,False,True,False,False,0.0,103.44361155395772,89.62502670756972,103.44361155395772,95.29166666666667,1.2230973542984607,0.011936874922778508,False,0.4939278714517303,False,0.025347222222222188,False,False,0.6839883346205939,0.025347222222222188,True,True,-0.16618189244674444,0.1598211958206599,13.535766735154011,False,opposite_direction
424,assignment_isolation,plus_one_randomisation,True,ok,87.63918751720848,3.599705869501244,94.24754799983327,81.73641560650017,33.94766638589909,1.0,0.001,1.0,0.001,,,,,False,True,False,True,False,0.007071067811865475,0.007055833707516897,24,24,24,0,0.0,{},0.8041356547935494,0.7120923913043476,0.0,False,True,False,True,False,False,0.0,94.24754799983327,81.73641560650017,94.24754799983327,97.0,1.1795439673800472,0.03245455094003937,False,0.4906718790771227,False,0.01805555555555549,False,False,0.6633457969225584,0.01805555555555549,True,True,-0.20331666652033376,0.15055331106796072,12.852607389530988,False,opposite_direction
425,assignment_isolation,plus_one_randomisation,True,ok,88.4898147018265,5.102773386048102,97.25131131218737,79.82960028395672,33.079650854331945,1.0,0.001,1.0,0.001,,,,,False,True,False,True,False,0.007071067811865475,0.007091481383532098,24,24,24,0,0.0,{},0.829890873015873,0.7138297872340424,0.0,False,True,False,True,False,False,0.0,97.25131131218738,79.82960028395672,97.25131131218738,98.04166666666667,1.161377027474168,0.005435051792919446,False,0.5436266709029077,False,0.018402777777777768,False,False,0.6727715154388696,0.018402777777777768,True,True,-0.2988719879474061,0.16441860046849757,12.24901610235628,False,opposite_direction
426,assignment_isolation,plus_one_randomisation,True,ok,92.2500498538029,4.58243960979045,100.05074235374278,84.2384658241712,34.61654037325917,1.0,0.001,1.0,0.001,,,,,False,True,False,True,False,0.007071067811865475,0.007035807820497795,24,24,24,0,0.0,{},0.7945856153350516,0.6824537037037037,0.0,False,True,False,True,False,False,0.0,100.05074235374279,84.2384658241712,100.05074235374279,94.875,1.1861606946781424,0.016570124697313927,False,0.5395898178247494,False,0.018402777777777768,False,False,0.6802424966201163,0.018402777777777768,True,True,0.25289107512074654,0.14297408062710146,12.709499450326918,False,opposite_direction
427,assignment_isolation,plus_one_randomisation,True,ok,86.04243860935549,4.074632176735394,92.71455369912813,78.1368716253056,34.370025402225295,1.0,0.001,1.0,0.001,,,,,False,True,False,True,False,0.007071067811865475,0.007059931804677534,24,24,24,0,0.0,{},0.7971009537835753,0.7186141304347828,0.0,False,True,False,True,False,False,0.0,92.71455369912813,78.1368716253056,92.71455369912813,96.58333333333333,1.1923436919317922,0.029347879187386093,False,0.5184243192648469,False,0.03229166666666672,False,False,0.6521047706422286,0.03229166666666672,True,True,-0.1443709192807684,0.10551381577949069,14.33749149243307,False,opposite_direction
428,assignment_isolation,plus_one_randomisation,True,ok,95.76165543803081,3.5206048190938835,100.88293649926905,89.90747990993601,35.00914798470131,1.0,0.001,1.0,0.001,,,,,False,True,False,True,False,0.007071067811865475,0.007103214082874797,24,24,24,0,0.0,{},0.8100398936170211,0.6900000000000004,0.0,False,True,False,True,False,False,0.0,100.88293649926906,89.90747990993601,100.88293649926906,95.70833333333333,1.2164137666615356,0.025053343614247638,False,0.5173003701998407,False,0.028472222222222232,False,False,0.6845885080340518,0.028472222222222232,True,True,1.1736185824740286,0.12385143326069327,14.995913504717953,False,opposite_direction
429,assignment_isolation,plus_one_randomisation,True,ok,88.26778062770096,3.814002057815801,95.61002495585048,82.48208055218979,33.4608950752661,1.0,0.001,1.0,0.001,,,,,False,True,False,True,False,0.007071067811865475,0.007061787301364317,24,24,24,0,0.0,{},0.7963860544217687,0.7124542124542125,0.0,False,True,False,True,False,False,0.0,95.61002495585048,82.48208055218979,95.61002495585048,96.04166666666667,1.157849293738792,0.004572483479915904,False,0.5137438372704873,False,0.02604166666666663,False,False,0.6729669647613049,0.02604166666666663,True,True,0.8844882795633494,0.15372406930421728,12.108386486079075,False,opposite_direction
430,assignment_isolation,plus_one_randomisation,True,ok,88.06665353592518,3.589236247649165,94.00053317059145,81.98628873613552,33.78993238354766,1.0,0.001,1.0,0.001,,,,,False,True,False,True,False,0.007071067811865475,0.007039630126802811,24,24,24,0,0.0,{},0.798284845853235,0.6636704119850187,0.0,False,True,False,True,False,False,0.0,94.00053317059145,81.98628873613552,94.00053317059145,95.79166666666667,1.1640483861402087,0.03986593157992584,False,0.5025503720635816,False,0.032638888888888884,False,False,0.6701442008935201,0.032638888888888884,True,True,-1.2344350295452444,0.11839666635682164,11.131446865857002,False,opposite_direction
431,assignment_isolation,plus_one_randomisation,True,ok,87.52191246410229,4.091283206267317,94.40753474545153,80.43445680869996,34.236370675279595,1.0,0.001,1.0,0.001,,,,,False,True,False,True,False,0.007071067811865475,0.007069851928440192,24,24,24,0,0.0,{},0.7764464352370287,0.7268981481481482,0.0,False,True,False,True,False,False,0.0,94.40753474545153,80.43445680869996,94.40753474545153,94.58333333333333,1.1769969837194585,0.031764400921775404,False,0.5137213351695373,False,0.01215277777777779,False,False,0.6636578530237037,0.01215277777777779,True,True,-0.8701251468223467,0.20525419348133864,12.883869800685233,False,opposite_direction
432,assignment_isolation,plus_one_randomisation,True,ok,87.1652898896358,3.503511941098739,93.64165962210984,81.27807486760301,33.913043978339644,1.0,0.001,1.0,0.001,,,,,False,True,False,True,False,0.007071067811865475,0.0070891286527615185,24,24,24,0,0.0,{},0.8150380272489737,0.7113026819923374,0.0,False,True,False,True,False,False,0.0,93.64165962210984,81.27807486760301,93.64165962210984,96.375,1.1800810349811623,5.691981443385184e-05,False,0.5274957432582801,False,0.020138888888888817,False,False,0.661108285503312,0.020138888888888817,True,True,-0.1351639104563111,0.0891856663295683,12.607850928458587,False,opposite_direction
433,assignment_isolation,plus_one_randomisation,True,ok,86.95245898089816,4.044431075237546,93.56099255394618,79.7421485583187,33.27554747513545,1.0,0.001,1.0,0.001,,,,,False,True,False,True,False,0.007071067811865475,0.007088873528446319,24,24,24,0,0.0,{},0.8136145833333335,0.7250000000000001,0.0,False,True,False,True,False,False,0.0,93.56099255394618,79.7421485583187,93.56099255394618,97.54166666666667,1.1648433592528005,0.02702499190210079,False,0.4952320330959582,False,0.032638888888888884,False,False,0.6651155067260845,0.032638888888888884,True,True,-0.48193215753423707,0.23001832230387184,13.76389327300717,False,opposite_direction
434,assignment_isolation,plus_one_randomisation,True,ok,85.07915680430422,4.350993399445272,92.7581597872255,77.57518739443117,33.546611335870594,1.0,0.001,1.0,0.001,,,,,False,True,False,True,False,0.007071067811865475,0.007076268857739719,24,24,24,0,0.0,{},0.8077855376683502,0.6914728682170543,0.0,False,True,False,True,False,False,0.0,92.7581597872255,77.57518739443117,92.7581597872255,95.70833333333333,1.1611754985601084,0.00033376105809231944,False,0.5021278302349205,False,0.009375000000000022,False,False,0.658012306594041,0.009375000000000022,True,True,1.8591294642557834,0.13631987825432118,14.211320556556718,False,opposite_direction
435,assignment_isolation,plus_one_randomisation,True,ok,92.46115128817308,4.129019038946874,99.75759837623133,85.62413696021235,34.25070296761254,1.0,0.001,1.0,0.001,,,,,False,True,False,True,False,0.007071067811865475,0.0070452994854489324,24,24,24,0,0.0,{},0.7993230240549827,0.7248263888888888,0.0,False,True,False,True,False,False,0.0,99.75759837623133,85.62413696021235,99.75759837623133,96.91666666666667,1.1877859592475133,0.007159442583132942,False,0.5115483093078234,False,0.026388888888888906,False,False,0.680572067786327,0.026388888888888906,True,True,-0.0462661472468153,0.21347362219515112,14.209101785727054,False,opposite_direction
436,assignment_isolation,plus_one_randomisation,True,ok,99.9855235938004,3.615058899208041,106.10881198142319,94.0419692395756,35.91785639399156,1.0,0.001,1.0,0.001,,,,,False,True,False,True,False,0.007071067811865475,0.007049512170736493,24,24,24,0,0.0,{},0.7780505319148934,0.690934065934066,0.0,False,True,False,True,False,False,0.0,106.10881198142319,94.04196923957561,106.10881198142319,95.79166666666667,1.2390914022134234,0.01512128018230261,False,0.5185741035268768,False,0.008333333333333304,False,False,0.6931850381443548,0.008333333333333304,True,True,2.1065828827492723,0.16023371365298342,16.38181436150543,False,opposite_direction
437,assignment_isolation,plus_one_randomisation,True,ok,82.77012248398934,3.893564608806011,89.33333696531189,76.09318582451479,34.051474714294955,1.0,0.001,1.0,0.001,,,,,False,True,False,True,False,0.007071067811865475,0.0070547039689330335,24,24,24,0,0.0,{},0.7930009594298246,0.6914772727272728,0.0,False,True,False,True,False,False,0.0,89.33333696531189,76.09318582451479,89.33333696531189,95.70833333333333,1.1750588042402736,0.050570270145390506,False,0.5211019424646595,False,0.007638888888888862,False,False,0.6425571772452043,0.007638888888888862,True,True,1.995945272229592,0.1445326949913734,14.027343961409699,False,opposite_direction
438,assignment_isolation,plus_one_randomisation,True,ok,86.59574372049333,4.244839863102927,93.51878022297304,78.76793984594238,33.601476342017406,1.0,0.001,1.0,0.001,,,,,False,True,False,True,False,0.007071067811865475,0.007025720098521781,24,24,24,0,0.0,{},0.794990723562152,0.6718627450980393,0.0,False,True,False,True,False,False,0.0,93.51878022297304,78.76793984594238,93.51878022297304,95.95833333333333,1.156273454998499,0.00978277618402832,False,0.5152508719876716,False,0.028819444444444398,False,False,0.6663494798435963,0.028819444444444398,True,True,-0.701987700117938,0.23262086668122003,13.816460891335357,False,opposite_direction
439,assignment_isolation,plus_one_randomisation,True,ok,91.89487626554224,3.9464628577749687,99.19218616463618,85.04898505782529,33.85284101299197,1.0,0.001,1.0,0.001,,,,,False,True,False,True,False,0.007071067811865475,0.007075423365025348,24,24,24,0,0.0,{},0.8223625886524824,0.6916666666666667,0.0,False,True,False,True,False,False,0.0,99.1921861646362,85.04898505782529,99.1921861646362,97.16666666666667,1.180527775264645,0.014675146494760196,False,0.5073833050703296,False,0.011458333333333348,False,False,0.6805670845655136,0.011458333333333348,True,True,0.6903009970278592,0.12024777252662698,14.422799752338026,False,opposite_direction
440,assignment_isolation,plus_one_randomisation,True,ok,89.47194034857716,4.143973343698398,96.0792985254137,81.3397249560131,34.260647590063535,1.0,0.001,1.0,0.001,,,,,False,True,False,True,False,0.007071067811865475,0.007038599599952424,24,24,24,0,0.0,{},0.8031036308098163,0.6954301075268817,0.0,False,True,False,True,False,False,0.0,96.0792985254137,81.3397249560131,96.0792985254137,97.08333333333333,1.1880211495371427,0.022666466755023974,False,0.5425971278016998,False,0.02083333333333337,False,False,0.6684455648671505,0.02083333333333337,True,True,-1.2932410413006143,0.19283145959329667,12.335420901890242,False,opposite_direction
441,assignment_isolation,plus_one_randomisation,True,ok,86.61505748430284,4.273323581659527,93.86683423152088,79.53824470980994,34.32045017065587,1.0,0.001,1.0,0.001,,,,,False,True,False,True,False,0.007071067811865475,0.007083490190152149,24,24,24,0,0.0,{},0.8162082903336773,0.7081501831501832,0.0,False,True,False,True,False,False,0.0,93.86683423152088,79.53824470980994,93.86683423152088,96.375,1.1933077807586974,0.018773454088121953,False,0.531384532013714,False,0.03229166666666661,False,False,0.6543744596726809,0.03229166666666661,True,True,1.0857538115848717,0.09373420558970745,12.854832721112652,False,opposite_direction
442,assignment_isolation,plus_one_randomisation,True,ok,85.90505575877148,4.228903732460569,92.77788457111184,78.2730915631177,33.55205511992396,1.0,0.001,1.0,0.001,,,,,False,True,False,True,False,0.007071067811865475,0.007058268921995741,24,24,24,0,0.0,{},0.7935452713694173,0.73375,0.0,False,True,False,True,False,False,0.0,92.77788457111184,78.2730915631177,92.77788457111184,95.54166666666667,1.157400694196555,0.0030070435640392234,False,0.524339505092892,False,0.02673611111111107,False,False,0.662953005057163,0.02673611111111107,True,True,-0.07309273494202816,0.12149139312141327,12.465734334013538,False,opposite_direction
443,assignment_isolation,plus_one_randomisation,True,ok,89.78744409038715,4.001627971049276,96.68977236108483,82.5640293257006,34.53297450098628,1.0,0.001,1.0,0.001,,,,,False,True,False,True,False,0.007071067811865475,0.0070987164282589645,24,24,24,0,0.0,{},0.8120833333333333,0.6791187739463602,0.0,False,True,False,True,False,False,0.0,96.68977236108485,82.5640293257006,96.68977236108485,95.625,1.1985869480913642,0.016242058103113764,False,0.5036714018262366,False,0.02256944444444442,False,False,0.6664448383700546,0.02256944444444442,True,True,1.7459007634357415,0.13389550045533324,15.186523176476019,False,opposite_direction
444,assignment_isolation,plus_one_randomisation,True,ok,92.9438540271568,3.8862608134614223,99.89775662125149,86.94688966572528,34.039662101046005,1.0,0.001,1.0,0.001,,,,,False,True,False,True,False,0.007071067811865475,0.007073535419763988,24,24,24,0,0.0,{},0.7904294779294779,0.6931034482758621,0.0,False,True,False,True,False,False,0.0,99.8977566212515,86.94688966572528,99.8977566212515,95.16666666666667,1.1744491182125216,0.013502761028403561,False,0.5340062478435641,False,0.022916666666666696,False,False,0.6864379480862188,0.022916666666666696,True,True,1.1405812772212713,0.11378809624227684,15.214386148577088,False,opposite_direction
445,assignment_isolation,plus_one_randomisation,True,ok,92.17365461712876,3.6059408075987744,98.9165787663181,85.82414211438261,34.15430190596667,1.0,0.001,1.0,0.001,,,,,False,True,False,True,False,0.007071067811865475,0.0070349778746810875,24,24,24,0,0.0,{},0.7937293729372938,0.7352059925093632,0.0,False,True,False,True,False,False,0.0,98.9165787663181,85.82414211438261,98.9165787663181,97.5,1.1862615695761904,0.025571309591530537,False,0.5049498790919424,False,0.02083333333333337,False,False,0.6799136129669949,0.02083333333333337,True,True,-0.7616637887515246,0.07316223118979474,11.884783525885178,False,opposite_direction
446,assignment_isolation,plus_one_randomisation,True,ok,89.79519953520055,4.338296142251477,96.52033451206971,82.04571948791833,34.19971841784231,1.0,0.001,1.0,0.001,,,,,False,True,False,True,False,0.007071067811865475,0.007118174633648054,24,24,24,0,0.0,{},0.8039921035314762,0.6954257246376813,0.0,False,True,False,True,False,False,0.0,96.52033451206971,82.04571948791833,96.52033451206971,95.0,1.1863777029263591,0.009574954293143572,False,0.5479153284058558,False,0.02083333333333337,False,False,0.6703066501445419,0.02083333333333337,True,True,0.6388452694687029,0.06279200136482536,15.308983241959385,False,opposite_direction
447,assignment_isolation,plus_one_randomisation,True,ok,92.51848492336042,3.742826790091163,99.18463195519966,86.53753807165296,34.41224797993529,1.0,0.001,1.0,0.001,,,,,False,True,False,True,False,0.007071067811865475,0.007097203127796961,24,24,24,0,0.0,{},0.8139482821637427,0.6654829545454545,0.0,False,True,False,True,False,False,0.0,99.18463195519966,86.53753807165295,99.18463195519966,96.33333333333333,1.198556682003151,0.0038988945265977667,False,0.5265747511708246,False,0.025347222222222188,False,False,0.6775344705893916,0.025347222222222188,True,True,-0.33146610518888087,0.17497599937366676,12.60650167990288,False,opposite_direction
448,assignment_isolation,plus_one_randomisation,True,ok,86.827768402081,3.4064493688143203,93.66480925220641,81.41182917245628,34.429538457595356,1.0,0.001,1.0,0.001,,,,,False,True,False,True,False,0.007071067811865475,0.007027555043039506,24,24,24,0,0.0,{},0.7842746554336177,0.6636363636363636,0.0,False,True,False,True,False,False,0.0,93.66480925220641,81.41182917245628,93.66480925220641,95.875,1.1845629625796743,0.02369900851447059,False,0.5170124347421492,False,0.028124999999999956,False,False,0.65816757766113,0.028124999999999956,True,True,0.5542983699154393,0.1512819886970485,12.668074354099783,False,opposite_direction
449,assignment_isolation,plus_one_randomisation,True,ok,90.15688651464102,3.5437730288050315,95.94550902616356,83.77001115204612,34.72870402814077,1.0,0.001,1.0,0.001,,,,,False,True,False,True,False,0.007071067811865475,0.007035617026262904,24,24,24,0,0.0,{},0.7988738259790891,0.7102150537634412,0.0,False,True,False,True,False,False,0.0,95.94550902616356,83.77001115204612,95.94550902616356,95.5,1.1938848973199983,0.010433253826931839,False,0.4830271176336177,False,0.02847222222222212,False,False,0.6694547234401877,0.02847222222222212,True,True,0.47833135073816735,0.18962460287294924,14.246325873478156,False,opposite_direction
450,assignment_isolation,plus_one_randomisation,True,ok,87.21038095565326,2.7922876676793904,91.94974645719138,81.98831898283326,33.8990006340039,1.0,0.001,1.0,0.001,,,,,False,True,False,True,False,0.007071067811865475,0.007040141234651079,24,24,24,0,0.0,{},0.7811403037466869,0.6953869047619047,0.0,False,True,False,True,False,False,0.0,91.94974645719138,81.98831898283326,91.94974645719138,96.625,1.1729595205602876,0.04320287425689409,False,0.5134262112210766,False,0.019444444444444486,False,False,0.6636087006390318,0.019444444444444486,True,True,-1.5255181732223846,0.18295980948008583,10.790478377165272,False,opposite_direction
451,assignment_isolation,plus_one_randomisation,True,ok,88.27275397686093,5.336890976424522,97.35725002897018,79.70794939808584,34.92014176612822,1.0,0.001,1.0,0.001,,,,,False,True,False,True,False,0.007071067811865475,0.007065108843181398,24,24,24,0,0.0,{},0.7957474226804124,0.6957848837209302,0.0,False,True,False,True,False,False,0.0,97.3572500289702,79.70794939808584,97.3572500289702,95.70833333333333,1.2068123227187022,0.015966237091858994,False,0.5086065018554555,False,0.018402777777777768,False,False,0.6573571459925001,0.018402777777777768,True,True,0.4037943965538197,0.20826364974188627,12.836957959529967,False,opposite_direction
452,assignment_isolation,plus_one_randomisation,True,ok,85.7360700817896,2.8711527789439093,90.48519779600136,80.50763202168507,33.67258116325967,1.0,0.001,1.0,0.001,,,,,False,True,False,True,False,0.007071067811865475,0.007049856399741096,24,24,24,0,0.0,{},0.805358111774281,0.6482558139534884,0.0,False,True,False,True,False,False,0.0,90.48519779600137,80.50763202168507,90.48519779600137,96.83333333333333,1.1679900002221015,0.037683055304960585,False,0.4927547232955379,False,0.013541666666666674,False,False,0.6587201272473162,0.013541666666666674,True,True,-0.536956154522273,0.09752990937998798,12.116320828257189,False,opposite_direction
453,assignment_isolation,plus_one_randomisation,True,ok,88.62015468981663,3.056753947131223,93.47886147553928,82.0079916292995,34.529486237842896,1.0,0.001,1.0,0.001,,,,,False,True,False,True,False,0.007071067811865475,0.007053731377250214,24,24,24,0,0.0,{},0.7864258931128293,0.6650383141762453,0.0,False,True,False,True,False,False,0.0,93.47886147553929,82.0079916292995,93.47886147553929,94.58333333333333,1.1843671286495,0.0023120175726232413,False,0.5198339540112474,False,0.01736111111111105,False,False,0.6660115492192826,0.01736111111111105,True,True,1.2397532203556894,0.22135968062116657,14.609439865650932,False,opposite_direction
454,assignment_isolation,plus_one_randomisation,True,ok,86.31670964131355,3.814229828127293,92.24323559334228,80.20899235483873,33.971220630425016,1.0,0.001,1.0,0.001,,,,,False,True,False,True,False,0.007071067811865475,0.007044579537370046,24,24,24,0,0.0,{},0.7784313997338066,0.701947463768116,0.0,False,True,False,True,False,False,0.0,92.24323559334228,80.20899235483873,92.24323559334228,94.41666666666667,1.1626809721804414,0.005672996466409501,False,0.5052678546664057,False,0.036111111111111094,False,False,0.6630398909569983,0.036111111111111094,True,True,0.5930614766698153,0.13593356260725573,14.436533258285,False,opposite_direction
455,assignment_isolation,plus_one_randomisation,True,ok,80.58246101958275,4.454436528488138,88.28494798217592,72.80143233092782,33.005383415789986,1.0,0.001,1.0,0.001,,,,,False,True,False,True,False,0.007071067811865475,0.007075539337626567,24,24,24,0,0.0,{},0.7992573864485283,0.7035984848484849,0.0,False,True,False,True,False,False,0.0,88.28494798217592,72.80143233092782,88.28494798217592,95.95833333333333,1.1438147285319054,0.005758331350807326,False,0.5202169606966474,False,0.019791666666666652,False,False,0.6426222849370615,0.019791666666666652,True,True,-1.689697541424752,0.17339466943194243,12.310387690758434,False,opposite_direction
456,assignment_isolation,plus_one_randomisation,True,ok,92.63248804384239,3.2882079979233327,98.30646831617537,86.97986010957084,34.765797609035936,1.0,0.001,1.0,0.001,,,,,False,True,False,True,False,0.007071067811865475,0.007059818347678686,24,24,24,0,0.0,{},0.7873669426374927,0.7029693486590041,0.0,False,True,False,True,False,False,0.0,98.30646831617537,86.97986010957084,98.30646831617537,95.375,1.1984861069653538,0.031905322994665065,False,0.5329329262976347,False,0.009027777777777746,False,False,0.6780027753975273,0.009027777777777746,True,True,-0.07105267630584343,0.16008112816765552,14.073782209650805,False,opposite_direction
457,assignment_isolation,plus_one_randomisation,True,ok,93.22701419809147,4.7751322010844355,100.81002959630104,84.51782527437624,34.30868801786892,1.0,0.001,1.0,0.001,,,,,False,True,False,True,False,0.007071067811865475,0.007039863502739605,24,24,24,0,0.0,{},0.8074940582293524,0.7436613475177304,0.0,False,True,False,True,False,False,0.0,100.81002959630104,84.51782527437624,100.81002959630104,97.66666666666667,1.1934700818148316,0.01320979765075185,False,0.5140721703206279,False,0.021180555555555536,False,False,0.6818181145269886,0.021180555555555536,True,True,-0.9706520537313789,0.20244499096608462,16.23739782774229,False,opposite_direction
458,assignment_isolation,plus_one_randomisation,True,ok,92.37760017016429,3.9451254626585315,99.48812514638782,85.68686914440111,34.18011156571058,1.0,0.001,1.0,0.001,,,,,False,True,False,True,False,0.007071067811865475,0.0070633882111888,24,24,24,0,0.0,{},0.8082903868618154,0.6824906367041198,0.0,False,True,False,True,False,False,0.0,99.48812514638782,85.68686914440111,99.48812514638782,96.875,1.1881257660572848,0.0032426739247015915,False,0.4931886285831104,False,0.02604166666666674,False,False,0.6801440385434893,0.02604166666666674,True,True,-0.07406702322311112,0.0898424606215934,14.417137283859747,False,opposite_direction
459,assignment_isolation,plus_one_randomisation,True,ok,85.07740187109253,4.5329279899269395,92.1852228403394,76.91231548765342,33.726536172459305,1.0,0.001,1.0,0.001,,,,,False,True,False,True,False,0.007071067811865475,0.007022066457081947,24,24,24,0,0.0,{},0.7970588768115943,0.6998207885304657,0.0,False,True,False,True,False,False,0.0,92.1852228403394,76.91231548765342,92.1852228403394,97.16666666666667,1.167253895113121,0.0049224907298111645,False,0.5334671980512117,False,0.05138888888888893,True,False,0.6559888857341817,0.05138888888888893,True,True,-0.7998000816606148,0.07724678861318508,11.531791448219312,False,selection_limited
460,assignment_isolation,plus_one_randomisation,True,ok,90.66628114791968,4.450407935830945,97.93795318000761,82.83296378020337,34.42476760809494,1.0,0.001,1.0,0.001,,,,,False,True,False,True,False,0.007071067811865475,0.007082178844246205,24,24,24,0,0.0,{},0.8166666666666667,0.670407196969697,0.0,False,True,False,True,False,False,0.0,97.9379531800076,82.83296378020337,97.9379531800076,96.25,1.195936939161865,0.02445405765659784,False,0.5065427908814062,False,0.03819444444444442,False,False,0.6709117476874922,0.03819444444444442,True,True,0.1150501314473078,0.15230371473062407,14.105556170318463,False,opposite_direction
461,assignment_isolation,plus_one_randomisation,True,ok,86.01136027000314,3.33401042656783,91.67726546470826,80.04638815097863,34.29958007721379,1.0,0.001,1.0,0.001,,,,,False,True,False,True,False,0.007071067811865475,0.0070795012859074915,24,24,24,0,0.0,{},0.7840913247019237,0.698369565217391,0.0,False,True,False,True,False,False,0.0,91.67726546470824,80.04638815097863,91.67726546470824,94.54166666666667,1.180519321356297,0.0072112826340046616,False,0.4913046145113145,False,0.015972222222222165,False,False,0.6558407750660031,0.015972222222222165,True,True,-1.3708452118974288,0.2426918790804536,12.92094042719726,False,opposite_direction
462,assignment_isolation,plus_one_randomisation,True,ok,90.14616442481561,2.9345777151314048,94.7958193052605,85.20925640838789,34.3059815538768,1.0,0.001,1.0,0.001,,,,,False,True,False,True,False,0.007071067811865475,0.007026813140690334,24,24,24,0,0.0,{},0.7981359089517199,0.7041218637992831,0.0,False,True,False,True,False,False,0.0,94.79581930526051,85.20925640838789,94.79581930526051,96.20833333333333,1.1822371560467968,0.023908227721886253,False,0.5145422150826393,False,0.017708333333333326,False,False,0.6730454748789232,0.017708333333333326,True,True,0.030264133478118134,0.15780730533596013,12.529500244524256,False,opposite_direction
463,assignment_isolation,plus_one_randomisation,True,ok,90.44977795805578,4.685107296760657,97.92993389112247,81.11710409759539,34.388385821698314,1.0,0.001,1.0,0.001,,,,,False,True,False,True,False,0.007071067811865475,0.007075011823816636,24,24,24,0,0.0,{},0.8039109071463637,0.7002873563218391,0.0,False,True,False,True,False,False,0.0,97.92993389112247,81.11710409759539,97.92993389112247,94.91666666666667,1.1851687836879896,0.009658393897624197,False,0.518332392563916,False,0.020138888888888817,False,False,0.673371822660474,0.020138888888888817,True,True,-0.28890588194210587,0.03845070496996635,13.786596411575932,False,opposite_direction
464,assignment_isolation,plus_one_randomisation,True,ok,89.75992873632696,4.290406343765335,98.05799335816799,83.46023613807375,34.056678479532835,1.0,0.001,1.0,0.001,,,,,False,True,False,True,False,0.007071067811865475,0.00708228710985931,24,24,24,0,0.0,{},0.8054793729372937,0.7286516853932583,0.0,False,True,False,True,False,False,0.0,98.05799335816799,83.46023613807375,98.05799335816799,96.45833333333333,1.184447182400751,0.022035158729919634,False,0.5116699412931355,False,0.02951388888888895,False,False,0.6707658140957126,0.02951388888888895,True,True,0.9923726412537615,0.1636133686671266,14.20031995214066,False,opposite_direction
465,assignment_isolation,plus_one_randomisation,True,ok,83.1517467222165,3.845390969515134,89.3986304220701,75.26667968884267,32.63112518190547,1.0,0.001,1.0,0.001,,,,,False,True,False,True,False,0.007071067811865475,0.00703476161924282,24,24,24,0,0.0,{},0.8103114478114477,0.7207899305555555,0.0,False,True,False,True,False,False,0.0,89.3986304220701,75.26667968884267,89.3986304220701,97.70833333333333,1.134533285095696,0.0004617933146336175,False,0.5052423472037236,False,0.01736111111111116,False,False,0.6581264961584975,0.01736111111111116,True,True,-1.1591021138535538,0.22453045979237374,12.476458531365832,False,opposite_direction
466,assignment_isolation,plus_one_randomisation,True,ok,88.81263505629859,4.3564957305985965,95.57017520863363,80.68376860053509,33.9021066022174,1.0,0.001,1.0,0.001,,,,,False,True,False,True,False,0.007071067811865475,0.007074037857308264,24,24,24,0,0.0,{},0.8090277777777778,0.6624503968253967,0.0,False,True,False,True,False,False,0.0,95.57017520863364,80.68376860053509,95.57017520863364,96.0,1.1748967045230772,0.015350605408487945,False,0.5052370116459163,False,0.021180555555555536,False,False,0.6698310426664303,0.021180555555555536,True,True,0.5929442368817289,0.1661920021192156,15.174438719041342,False,opposite_direction
467,assignment_isolation,plus_one_randomisation,True,ok,87.50553496621747,3.0709305338723403,92.94888627238909,81.94646116693194,33.66359276514723,1.0,0.001,1.0,0.001,,,,,False,True,False,True,False,0.007071067811865475,0.007011940268273522,24,24,24,0,0.0,{},0.7974066773173918,0.7124561403508771,0.0,False,True,False,True,False,False,0.0,92.94888627238909,81.94646116693194,92.94888627238909,96.25,1.1578946457982504,0.01879553337463275,False,0.5530639756386431,False,0.03993055555555558,False,False,0.6697379162277244,0.03993055555555558,True,True,-0.08473148946858329,0.2482969680649036,13.957959817361914,False,opposite_direction
468,assignment_isolation,plus_one_randomisation,True,ok,85.45342332449059,4.679710074514787,94.00703006423873,77.74219067666564,33.97435420255524,1.0,0.001,1.0,0.001,,,,,False,True,False,True,False,0.007071067811865475,0.00707830417019047,24,24,24,0,0.0,{},0.7969440027052714,0.6825490196078432,0.0,False,True,False,True,False,False,0.0,94.00703006423873,77.74219067666564,94.00703006423873,94.33333333333333,1.1678391394104402,0.010429409776001064,False,0.5379852261508749,False,0.010763888888888906,False,False,0.6574987638572614,0.010763888888888906,True,True,-0.9955142953980605,0.1587111685414601,11.490245981789172,False,opposite_direction
469,assignment_isolation,plus_one_randomisation,True,ok,89.73678563205824,5.17198816165239,97.86661783294706,80.41950638510254,34.005422211511295,1.0,0.001,1.0,0.001,,,,,False,True,False,True,False,0.007071067811865475,0.007031460036567613,24,24,24,0,0.0,{},0.7945900537634409,0.6366465863453815,0.0,False,True,False,True,False,False,0.0,97.86661783294706,80.41950638510254,97.86661783294706,96.5,1.174430564496477,0.01173214219042581,False,0.5291679689770353,False,0.022916666666666696,False,False,0.6738089539873867,0.022916666666666696,True,True,-0.13147247561093844,0.09269291043946502,12.02161252161265,False,opposite_direction
470,assignment_isolation,plus_one_randomisation,True,ok,92.53200400333692,3.6576624411673184,98.60399390331673,86.33626369362452,34.13799043745834,1.0,0.001,1.0,0.001,,,,,False,True,False,True,False,0.007071067811865475,0.007122119970097772,24,24,24,0,0.0,{},0.8138101374570448,0.7583333333333332,0.0,False,True,False,True,False,False,0.0,98.60399390331673,86.33626369362452,98.60399390331673,96.375,1.193436832754745,0.009374153268221705,False,0.50810845456189,False,0.027083333333333348,False,False,0.679137992417115,0.027083333333333348,True,True,1.2750612262025978,0.17030826875978555,14.175689644617895,False,opposite_direction
471,assignment_isolation,plus_one_randomisation,True,ok,93.67796587917944,2.933311430808218,98.8827436805708,89.0539171279045,34.772987096871915,1.0,0.001,1.0,0.001,,,,,False,True,False,True,False,0.007071067811865475,0.007083282393903967,24,24,24,0,0.0,{},0.7931100113328949,0.7207885304659496,0.0,False,True,False,True,False,False,0.0,98.8827436805708,89.05391712790451,98.8827436805708,96.125,1.2074377133964864,0.008581282185567071,False,0.515644893077776,False,0.016319444444444442,False,False,0.6793709337656386,0.016319444444444442,True,True,1.087403773456595,0.20764839044234767,13.433571119052955,False,opposite_direction
472,assignment_isolation,plus_one_randomisation,True,ok,93.67168955842293,3.312329436233733,99.4213026848708,87.95201462283148,34.03833762217166,1.0,0.001,1.0,0.001,,,,,False,True,False,True,False,0.007071067811865475,0.007049698921273467,24,24,24,0,0.0,{},0.8032077962764053,0.6946496212121211,0.0,False,True,False,True,False,False,0.0,99.4213026848708,87.95201462283148,99.4213026848708,96.58333333333333,1.1791254427108864,0.018655458593165704,False,0.5142369796327513,False,0.014930555555555558,False,False,0.6877799462773923,0.014930555555555558,True,True,0.04869710450565978,0.153062819873149,14.954575217701144,False,opposite_direction
473,assignment_isolation,plus_one_randomisation,True,ok,82.74101436265546,3.0970597726583087,88.9832691358389,77.9421076974013,33.24346716019358,1.0,0.001,1.0,0.001,,,,,False,True,False,True,False,0.007071067811865475,0.007107184531981692,24,24,24,0,0.0,{},0.803906921176976,0.6896067415730337,0.0,False,True,False,True,False,False,0.0,88.9832691358389,77.9421076974013,88.9832691358389,94.70833333333333,1.1496562526478353,0.025624266365868714,False,0.54347767189974,False,0.02881944444444451,False,False,0.6510612640685679,0.02881944444444451,True,True,-1.0899956077838755,0.22640148427350887,10.7975206278685,False,opposite_direction
474,assignment_isolation,plus_one_randomisation,True,ok,91.87204094876624,4.068746732891585,98.21671728717261,83.55134689678367,34.58839735717529,1.0,0.001,1.0,0.001,,,,,False,True,False,True,False,0.007071067811865475,0.0071094472646214225,24,24,24,0,0.0,{},0.7863683935112507,0.6955197132616489,0.0,False,True,False,True,False,False,0.0,98.21671728717261,83.55134689678367,98.21671728717261,94.83333333333333,1.1973380636436832,0.001202768766416663,False,0.508510361800719,False,0.029861111111111116,False,False,0.6753491046849904,0.029861111111111116,True,True,0.6365303932326358,0.14593479022313718,14.834170702016756,False,opposite_direction
475,assignment_isolation,plus_one_randomisation,True,ok,86.01191473197078,3.859782708140304,92.53134295948276,79.52545791537868,33.05023094545815,1.0,0.001,1.0,0.001,,,,,False,True,False,True,False,0.007071067811865475,0.0070679284221742324,24,24,24,0,0.0,{},0.7901305857487924,0.7041193181818182,0.0,False,True,False,True,False,False,0.0,92.53134295948276,79.52545791537868,92.53134295948276,95.5,1.1414012172958676,0.01733242157884574,False,0.5282832790015547,False,0.013194444444444509,False,False,0.6686673041894236,0.013194444444444509,True,True,2.2786666435543976,0.3585798435200516,14.178390468823988,False,opposite_direction
476,assignment_isolation,plus_one_randomisation,True,ok,87.41093947931176,3.738461590042189,94.35717776080128,81.8462267634413,34.666023242614074,1.0,0.001,1.0,0.001,,,,,False,True,False,True,False,0.007071067811865475,0.007060515281341592,24,24,24,0,0.0,{},0.8061391843971633,0.7159498207885303,0.0,False,True,False,True,False,False,0.0,94.35717776080128,81.8462267634413,94.35717776080128,96.75,1.2037489252226568,0.05013913537636485,False,0.5412689401924952,False,0.016319444444444442,False,False,0.6545434868904604,0.016319444444444442,True,True,-0.557174854999311,0.1307858072166398,13.170088224487946,False,opposite_direction
477,assignment_isolation,plus_one_randomisation,True,ok,94.00774569996251,4.3268827119637745,101.17040468342418,86.33597371663613,34.32900444687052,1.0,0.001,1.0,0.001,,,,,False,True,False,True,False,0.007071067811865475,0.007059116813681776,24,24,24,0,0.0,{},0.7876842581998474,0.7124509803921569,0.0,False,True,False,True,False,False,0.0,101.17040468342418,86.33597371663613,101.17040468342418,95.83333333333333,1.1861507260716817,0.01893380807158657,False,0.5120845987260717,False,0.00868055555555558,False,False,0.6869534071858322,0.00868055555555558,True,True,0.8500759981957627,0.1480633531621895,15.245910168747018,False,opposite_direction
478,assignment_isolation,plus_one_randomisation,True,ok,82.95065225356198,3.97393671265178,89.86969774597611,76.56982121589184,33.51591618781075,1.0,0.001,1.0,0.001,,,,,False,True,False,True,False,0.007071067811865475,0.007036031559012752,24,24,24,0,0.0,{},0.8077794693146076,0.722163120567376,0.0,False,True,False,True,False,False,0.0,89.86969774597611,76.56982121589184,89.86969774597611,96.75,1.1597766630483812,0.009135146534254538,False,0.5300786073801605,False,0.020138888888888817,False,False,0.6486124601278253,0.020138888888888817,True,True,-0.4124440921517172,0.19519429404991212,12.41336276550347,False,opposite_direction
479,assignment_isolation,plus_one_randomisation,True,ok,89.49317434492366,4.494267484542234,97.05736455561775,81.84730937895479,33.65105348533231,1.0,0.001,1.0,0.001,,,,,False,True,False,True,False,0.007071067811865475,0.00703109864642019,24,24,24,0,0.0,{},0.7895614035087719,0.7124521072796937,0.0,False,True,False,True,False,False,0.0,97.05736455561775,81.84730937895479,97.05736455561775,96.45833333333333,1.1618812336200368,0.04782971593411319,False,0.5417383498936703,False,0.02083333333333326,False,False,0.67674577594562,0.02083333333333326,True,True,-0.645865697381087,0.12757585209452602,13.765698435909865,False,opposite_direction
480,assignment_isolation,plus_one_randomisation,True,ok,85.67948514551404,4.983933279257297,94.1865668310548,76.64812674005185,33.328325082744335,1.0,0.001,1.0,0.001,,,,,False,True,False,True,False,0.007071067811865475,0.007062350731855964,24,24,24,0,0.0,{},0.804966992222825,0.6685648148148148,0.0,False,True,False,True,False,False,0.0,94.1865668310548,76.64812674005185,94.1865668310548,95.83333333333333,1.1521023752080914,0.03521179204046502,False,0.5179950648943494,False,0.03472222222222232,False,False,0.6636965544953694,0.03472222222222232,True,True,0.458847596205191,0.07863627215401008,14.685333355298816,False,opposite_direction
481,assignment_isolation,plus_one_randomisation,True,ok,90.39387063568823,4.17974070078043,98.31402955050778,84.0094320882009,34.304061631619696,1.0,0.001,1.0,0.001,,,,,False,True,False,True,False,0.007071067811865475,0.007053141650999311,24,24,24,0,0.0,{},0.8068934240362811,0.740925925925926,0.0,False,True,False,True,False,False,0.0,98.31402955050778,84.0094320882009,98.31402955050778,97.16666666666667,1.1924956582759174,0.03555066457167846,False,0.5063974549539769,False,0.03749999999999998,False,False,0.6708644453462844,0.03749999999999998,True,True,-0.8242875304316434,0.12391203629910245,14.228887294746023,False,opposite_direction
482,assignment_isolation,plus_one_randomisation,True,ok,91.92468731179109,2.749986694928261,96.51573558892045,86.93602678811492,33.977808517022275,1.0,0.001,1.0,0.001,,,,,False,True,False,True,False,0.007071067811865475,0.007013861688989841,24,24,24,0,0.0,{},0.7942217196637427,0.688768115942029,0.0,False,True,False,True,False,False,0.0,96.51573558892045,86.93602678811492,96.51573558892045,96.33333333333333,1.1695286369959073,0.025119570112852936,False,0.5222651797069798,False,0.025347222222222188,False,False,0.6840260855019307,0.025347222222222188,True,True,-0.7405993326202501,0.11559297392868041,13.87900921509274,False,opposite_direction
483,assignment_isolation,plus_one_randomisation,True,ok,85.6245085812182,3.5663940645729157,90.98824912096745,78.82021354256523,33.9780322630744,1.0,0.001,1.0,0.001,,,,,False,True,False,True,False,0.007071067811865475,0.00704948703621262,24,24,24,0,0.0,{},0.8047118721225863,0.720787037037037,0.0,False,True,False,True,False,False,0.0,90.98824912096745,78.82021354256523,90.98824912096745,97.0,1.1795371183730003,0.0298349606189416,False,0.49115347502881324,False,0.014583333333333282,False,False,0.65441521723217,0.014583333333333282,True,True,1.3548408762188426,0.1843708479922802,14.535050644382299,False,opposite_direction
484,assignment_isolation,plus_one_randomisation,True,ok,95.09671748959978,3.9416013185301355,101.41516970545446,88.00628855898202,35.26200198549294,1.0,0.001,1.0,0.001,,,,,False,True,False,True,False,0.007071067811865475,0.007074423932087994,24,24,24,0,0.0,{},0.7995325596389427,0.6863026819923372,0.0,False,True,False,True,False,False,0.0,101.41516970545446,88.00628855898202,101.41516970545446,95.75,1.2204990406760163,0.00010287186229322829,False,0.5188115116310816,False,0.0371527777777777,False,False,0.6809086455695329,0.0371527777777777,True,True,-0.5209909065124275,0.2071357996459223,14.294620431296444,False,opposite_direction
485,assignment_isolation,plus_one_randomisation,True,ok,88.50077252170826,4.451524619208203,95.89810926620494,80.8649355443735,33.68901738854319,1.0,0.001,1.0,0.001,,,,,False,True,False,True,False,0.007071067811865475,0.007130552340185833,24,24,24,0,0.0,{},0.8165789473684211,0.7399621212121211,0.0,False,True,False,True,False,False,0.0,95.89810926620494,80.8649355443735,95.89810926620494,95.95833333333333,1.1765838112331874,0.011878801334993163,False,0.5135678620768663,False,0.03402777777777777,False,False,0.6679815618910869,0.03402777777777777,True,True,-0.32097729478513287,0.1506581459753269,14.767370480956615,False,opposite_direction
486,assignment_isolation,plus_one_randomisation,True,ok,89.7092872971747,3.928037583064483,96.31555786658068,82.32433634003542,34.948333682024305,1.0,0.001,1.0,0.001,,,,,False,True,False,True,False,0.007071067811865475,0.007001542217691592,24,24,24,0,0.0,{},0.7922033913013294,0.6863553113553114,0.0,False,True,False,True,False,False,0.0,96.31555786658068,82.32433634003542,96.31555786658068,95.625,1.1963986489155165,0.034549233581602876,False,0.5142844044602941,False,0.04340277777777779,False,False,0.6668044897489609,0.04340277777777779,True,True,1.545486241790507,0.18107580787976268,14.401395143759608,False,opposite_direction
487,assignment_isolation,plus_one_randomisation,True,ok,88.77444468644615,5.057198518474602,97.00573805637477,79.45111848316718,34.927840054592004,1.0,0.001,1.0,0.001,,,,,False,True,False,True,False,0.007071067811865475,0.007026479801486278,24,24,24,0,0.0,{},0.7864254313811507,0.7018199233716473,0.0,False,True,False,True,False,False,0.0,97.00573805637477,79.45111848316718,97.00573805637477,95.375,1.198386233965414,0.041682343475609535,False,0.4957788863710718,False,0.034375000000000044,False,False,0.6622140143064866,0.034375000000000044,True,True,-0.2256075163078964,0.2210955148005687,11.117227322261108,False,opposite_direction
488,assignment_isolation,plus_one_randomisation,True,ok,87.4640800035474,3.3697606793053545,93.09397069087767,80.88514190265667,33.600885968251156,1.0,0.001,1.0,0.001,,,,,False,True,False,True,False,0.007071067811865475,0.007037616049838416,24,24,24,0,0.0,{},0.7945361949973309,0.7384982638888887,0.0,False,True,False,True,False,False,0.0,93.09397069087767,80.88514190265667,93.09397069087767,96.29166666666667,1.1602208195503998,0.01241155949634973,False,0.5101687353888915,False,0.026388888888888906,False,False,0.6688125192895715,0.026388888888888906,True,True,-0.7831799624660646,0.19007788910535361,12.960564318142321,False,opposite_direction
489,assignment_isolation,plus_one_randomisation,True,ok,86.93381963762567,4.659563734650454,94.47812849464216,78.07631068540422,33.309911861720636,1.0,0.001,1.0,0.001,,,,,False,True,False,True,False,0.007071067811865475,0.007090560548721433,24,24,24,0,0.0,{},0.8166224747474748,0.7083333333333334,0.0,False,True,False,True,False,False,0.0,94.47812849464215,78.07631068540422,94.47812849464215,96.875,1.162331253651769,0.012052062683210341,False,0.5267253346946754,False,0.01041666666666663,False,False,0.6658490573930638,0.01041666666666663,True,True,1.6030247133384845,0.22303150220451615,14.232083472138656,False,opposite_direction
490,assignment_isolation,plus_one_randomisation,True,ok,87.09985634348129,3.373635518245868,92.85106449434124,81.4849729357458,34.321123222731664,1.0,0.001,1.0,0.001,,,,,False,True,False,True,False,0.007071067811865475,0.007030019473973439,24,24,24,0,0.0,{},0.8016640064964158,0.6998148148148147,0.0,False,True,False,True,False,False,0.0,92.85106449434124,81.4849729357458,92.85106449434124,96.54166666666667,1.1853467709157666,0.03587772961857518,False,0.5062150009431111,False,0.012847222222222232,False,False,0.6591159828743542,0.012847222222222232,True,True,-1.0633774222501018,0.19167282169945637,12.398317237842793,False,opposite_direction
491,assignment_isolation,plus_one_randomisation,True,ok,89.45770648325782,3.065551753283847,94.53753499502183,83.91236347998715,33.52087195275565,1.0,0.001,1.0,0.001,,,,,False,True,False,True,False,0.007071067811865475,0.007064931974709547,24,24,24,0,0.0,{},0.8143009308986753,0.6992337164750959,0.0,False,True,False,True,False,False,0.0,94.53753499502183,83.91236347998715,94.53753499502183,97.29166666666667,1.167968466427923,0.020677897133872115,False,0.5172207851889984,False,0.01909722222222221,False,False,0.6746912827595886,0.01909722222222221,True,True,0.6119882082828839,0.06429655034436645,13.538124007451287,False,opposite_direction
492,assignment_isolation,plus_one_randomisation,True,ok,90.24590945024767,2.83755107175305,94.87242086639856,85.39477540800262,34.3266764154726,1.0,0.001,1.0,0.001,,,,,False,True,False,True,False,0.007071067811865475,0.007067210027606569,24,24,24,0,0.0,{},0.8124572098167264,0.7081417624521074,0.0,False,True,False,True,False,False,0.0,94.87242086639856,85.39477540800262,94.87242086639856,96.54166666666667,1.1918103554440063,0.008506912531460343,False,0.5068612746066015,False,0.013194444444444509,False,False,0.6704694836302503,0.013194444444444509,True,True,-0.6862069145795368,0.2811534563572574,13.15188182252969,False,opposite_direction
493,assignment_isolation,plus_one_randomisation,True,ok,90.21479084247055,3.3966380354394214,95.93629493277219,83.99048716143025,34.096841014099255,1.0,0.001,1.0,0.001,,,,,False,True,False,True,False,0.007071067811865475,0.007086340892956886,24,24,24,0,0.0,{},0.8149236841201126,0.6742156862745097,0.0,False,True,False,True,False,False,0.0,95.93629493277219,83.99048716143025,95.93629493277219,95.29166666666667,1.1793253959522856,0.011439323857604463,False,0.5044045402734005,False,0.03541666666666665,False,False,0.67423284135248,0.03541666666666665,True,True,-1.5310739905383992,0.20162420681681967,12.50084758477776,False,opposite_direction
494,assignment_isolation,plus_one_randomisation,True,ok,100.76649560343519,4.203260859377169,108.62355350686376,93.99574322411684,35.60999569188181,1.0,0.001,1.0,0.001,,,,,False,True,False,True,False,0.007071067811865475,0.0071014303113995465,24,24,24,0,0.0,{},0.8143116582491583,0.7697811447811447,0.0,False,True,False,True,False,False,0.0,108.62355350686376,93.99574322411684,108.62355350686376,97.08333333333333,1.2458337580286483,0.009845751592442251,False,0.5048214764171438,False,0.01388888888888884,False,False,0.6939888401040804,0.01388888888888884,True,True,1.4499697611606934,0.18209267868324616,14.374209257888559,False,opposite_direction
495,assignment_isolation,plus_one_randomisation,True,ok,89.77913977535991,3.6704988428057748,95.60862897710668,83.1042568790436,33.99320721452514,1.0,0.001,1.0,0.001,,,,,False,True,False,True,False,0.007071067811865475,0.007102785744159565,24,24,24,0,0.0,{},0.809775828460039,0.6791182170542635,0.0,False,True,False,True,False,False,0.0,95.60862897710668,83.1042568790436,95.60862897710668,94.79166666666667,1.175373622033943,0.03615647231334811,False,0.506655989389061,False,0.02256944444444442,False,False,0.6736872782039568,0.02256944444444442,True,True,0.07578551299746394,0.13987896196631056,13.141825076865834,False,opposite_direction
496,assignment_isolation,plus_one_randomisation,True,ok,89.98707243869002,3.7111947745230283,96.39921678303864,83.54425907056607,34.99805049882267,1.0,0.001,1.0,0.001,,,,,False,True,False,True,False,0.007071067811865475,0.007024985657595156,24,24,24,0,0.0,{},0.7725328701628567,0.6658823529411766,0.0,False,True,False,True,False,False,0.0,96.39921678303864,83.54425907056607,96.39921678303864,94.04166666666667,1.1921185843277575,0.0029002610128853207,False,0.5104636777978329,False,0.018402777777777768,False,False,0.6693037887002039,0.018402777777777768,True,True,-0.9489495563132119,0.17497860074984847,13.83402785960876,False,opposite_direction
497,assignment_isolation,plus_one_randomisation,True,ok,82.98362487942188,3.371905672263553,88.77119936211328,76.98001438678413,34.10335213483358,1.0,0.001,1.0,0.001,,,,,False,True,False,True,False,0.007071067811865475,0.007010791666641692,24,24,24,0,0.0,{},0.8093217655098843,0.7120833333333334,0.0,False,True,False,True,False,False,0.0,88.77119936211328,76.98001438678413,88.77119936211328,97.0,1.1773890775466418,0.015923780587199732,False,0.5139873313296075,False,0.025000000000000022,False,False,0.6427946094163343,0.025000000000000022,True,True,-0.6316644575043222,0.0549015275748298,12.088511020844605,False,opposite_direction
498,assignment_isolation,plus_one_randomisation,True,ok,90.37439770609437,3.0423016169110504,94.9004625927351,84.44878611277313,34.23474847214623,1.0,0.001,1.0,0.001,,,,,False,True,False,True,False,0.007071067811865475,0.007084289157853519,24,24,24,0,0.0,{},0.8032743044008424,0.6863026819923371,0.0,False,True,False,True,False,False,0.0,94.9004625927351,84.44878611277313,94.9004625927351,96.70833333333333,1.1925191846425929,0.012772099795325337,False,0.5216396743604066,False,0.017708333333333326,False,False,0.6707771353516148,0.017708333333333326,True,True,-0.5319031277839507,0.11137221268564566,12.617370589659012,False,opposite_direction
499,assignment_isolation,plus_one_randomisation,True,ok,94.14146617566435,4.26689246964188,101.68067453809681,87.07971317865133,34.39960764873999,1.0,0.001,1.0,0.001,,,,,False,True,False,True,False,0.007071067811865475,0.007082832064402381,24,24,24,0,0.0,{},0.8221301020408163,0.7064980158730158,0.0,False,True,False,True,False,False,0.0,101.68067453809681,87.07971317865133,101.68067453809681,97.125,1.2005934069716375,0.009001613254931921,False,0.5257066130520305,False,0.015972222222222165,False,False,0.6831779529950399,0.015972222222222165,True,True,-0.4500463155499489,0.19525126629018136,13.810835690419097,False,opposite_direction
500,assignment_isolation,plus_one_randomisation,True,ok,88.6653356264611,2.9577893975887513,94.27539227074665,83.95255035417755,34.1595634033131,1.0,0.001,1.0,0.001,,,,,False,True,False,True,False,0.007071067811865475,0.007019244070784151,24,24,24,0,0.0,{},0.7919354838709677,0.7164750957854404,0.0,False,True,False,True,False,False,0.0,94.27539227074665,83.95255035417755,94.27539227074665,97.04166666666667,1.1810051266508956,0.0057503160133304055,False,0.5118872673000225,False,0.023958333333333304,False,False,0.6672719281072964,0.023958333333333304,True,True,0.737110622935756,0.09841568663490136,14.27631229839245,False,opposite_direction
501,assignment_isolation,plus_one_randomisation,True,ok,94.57098114102617,4.8006918434874795,102.30683743273902,85.65402988602001,35.02933889969091,1.0,0.001,1.0,0.001,,,,,False,True,False,True,False,0.007071067811865475,0.007090614011649743,24,24,24,0,0.0,{},0.8031773462073002,0.7457890070921985,0.0,False,True,False,True,False,False,0.0,102.30683743273902,85.65402988602001,102.30683743273902,96.45833333333333,1.219707422614385,0.004567683655109599,False,0.5184787438573999,False,0.015625,False,False,0.6791460577319581,0.015625,True,True,0.4183031939331935,0.12172524851956053,14.816811218115527,False,opposite_direction
502,assignment_isolation,plus_one_randomisation,True,ok,82.0866850311362,5.6632094086395615,90.98326027755193,71.94382408826802,34.168395896008995,1.0,0.001,1.0,0.001,,,,,False,True,False,True,False,0.007071067811865475,0.007032645239161024,24,24,24,0,0.0,{},0.8178872053872053,0.6919981060606061,0.0,False,True,False,True,False,False,0.0,90.98326027755193,71.94382408826802,90.98326027755193,97.16666666666667,1.1843278908625394,0.00986600077915978,False,0.5122796430828434,False,0.023263888888888862,False,False,0.6360691359101425,0.023263888888888862,True,True,0.3152659465810241,0.18358793107645394,11.806098625659097,False,opposite_direction
503,assignment_isolation,plus_one_randomisation,True,ok,94.82589955858771,3.8663642641227542,101.90897268602163,88.13020912044533,34.24659757443089,1.0,0.001,1.0,0.001,,,,,False,True,False,True,False,0.007071067811865475,0.007107590474857224,24,24,24,0,0.0,{},0.8054287194198744,0.7331541218637991,0.0,False,True,False,True,False,False,0.0,101.90897268602163,88.13020912044533,101.90897268602163,96.54166666666667,1.1958238957541345,0.0041994961976629195,False,0.5271415404183618,False,0.03194444444444444,False,False,0.6871440157186751,0.03194444444444444,True,True,0.5185943384972239,0.09773298510497458,14.153478742120841,False,opposite_direction
504,assignment_isolation,plus_one_randomisation,True,ok,101.65884829881993,3.006690196049412,106.71237242531257,96.67665566066704,35.69211999065174,1.0,0.001,1.0,0.001,,,,,False,True,False,True,False,0.007071067811865475,0.007073751816887722,24,24,24,0,0.0,{},0.80511746629659,0.7232954545454544,0.0,False,True,False,True,False,False,0.0,106.71237242531258,96.67665566066704,106.71237242531258,96.20833333333333,1.238221990689618,0.0013483609859153368,False,0.5454083160362606,False,0.009027777777777746,False,False,0.69902652140172,0.009027777777777746,True,True,0.826022596812433,0.20082053633712996,14.604912509795653,False,opposite_direction
505,assignment_isolation,plus_one_randomisation,True,ok,90.41079556740657,3.416409777610957,96.39914928908235,84.38560793000683,34.63145758208517,1.0,0.001,1.0,0.001,,,,,False,True,False,True,False,0.007071067811865475,0.007074652855997834,24,24,24,0,0.0,{},0.8032938415750916,0.7233870967741933,0.0,False,True,False,True,False,False,0.0,96.39914928908235,84.38560793000683,96.39914928908235,96.83333333333333,1.2054753952128638,0.019415690600773965,False,0.48726041075652304,False,0.015972222222222165,False,False,0.6668913943323113,0.015972222222222165,True,True,0.6508538489653632,0.12921315921605692,14.466724021153889,False,opposite_direction
506,assignment_isolation,plus_one_randomisation,True,ok,91.01946063942279,4.380446813434766,98.07737791735018,83.41501243248351,35.04576794315334,1.0,0.001,1.0,0.001,,,,,False,True,False,True,False,0.007071067811865475,0.007068075363736822,24,24,24,0,0.0,{},0.796462347847688,0.6620253164556963,0.0,False,True,False,True,False,False,0.0,98.07737791735018,83.41501243248351,98.07737791735018,95.33333333333333,1.2092863368790578,0.01387861064577236,False,0.526224288830334,False,0.011111111111111183,False,False,0.6682237023453225,0.011111111111111183,True,True,0.6384848732362912,0.09470907691281676,14.474569682063716,False,opposite_direction
507,assignment_isolation,plus_one_randomisation,True,ok,93.98650515776565,4.2050291610848705,101.63815655194823,86.94118942174163,33.83836715800413,1.0,0.001,1.0,0.001,,,,,False,True,False,True,False,0.007071067811865475,0.007059560603001629,24,24,24,0,0.0,{},0.8253787878787879,0.6787306201550388,0.0,False,True,False,True,False,False,0.0,101.63815655194823,86.94118942174163,101.63815655194823,97.45833333333333,1.1791432345581627,0.04021277009661346,False,0.507595125308042,False,0.015972222222222276,False,False,0.6889455354373527,0.015972222222222276,True,True,1.4563077495277212,0.19391320510591478,14.853525954049218,False,opposite_direction
508,assignment_isolation,plus_one_randomisation,True,ok,91.94729712325085,3.52205667736898,97.52689757724632,85.21969043824397,34.479722194418194,1.0,0.001,1.0,0.001,,,,,False,True,False,True,False,0.007071067811865475,0.007059106266572447,24,24,24,0,0.0,{},0.8,0.6815891472868219,0.0,False,True,False,True,False,False,0.0,97.52689757724632,85.21969043824397,97.52689757724632,95.41666666666667,1.188763884433818,0.015737806853336738,False,0.515690986126187,False,0.02256944444444453,False,False,0.6782640475647027,0.02256944444444453,True,True,0.6102483996242999,0.23441772375985062,13.57037390324211,False,opposite_direction
509,assignment_isolation,plus_one_randomisation,True,ok,93.48987905792144,4.431868283548918,100.3557300506001,86.03590638901139,35.279706474819626,1.0,0.001,1.0,0.001,,,,,False,True,False,True,False,0.007071067811865475,0.007038239021597226,24,24,24,0,0.0,{},0.7869298245614036,0.6852807971014492,0.0,False,True,False,True,False,False,0.0,100.35573005060012,86.03590638901137,100.35573005060012,94.25,1.205312494374967,0.009967009685673451,False,0.5267508630659379,False,0.027083333333333348,False,False,0.6792813529760902,0.027083333333333348,True,True,-0.7852511179274392,0.08711807645076297,13.810907467127585,False,opposite_direction
510,assignment_isolation,plus_one_randomisation,True,ok,92.36265583212024,5.012959569390031,101.51931413380653,83.99280412763929,34.44860132946054,1.0,0.001,1.0,0.001,,,,,False,True,False,True,False,0.007071067811865475,0.007072969739960045,24,24,24,0,0.0,{},0.8064023160810716,0.720425724637681,0.0,False,True,False,True,False,False,0.0,101.51931413380653,83.99280412763929,101.51931413380653,96.41666666666667,1.1962431237276028,0.021542376683395516,False,0.5010206359852803,False,0.017708333333333326,False,False,0.6776239653875552,0.017708333333333326,True,True,-0.7385033930502747,0.17785870330716447,13.189376876288517,False,opposite_direction
511,assignment_isolation,plus_one_randomisation,True,ok,85.67875486549694,4.400033987736662,92.68699268818025,77.37880157306259,33.893948556581535,1.0,0.001,1.0,0.001,,,,,False,True,False,True,False,0.007071067811865475,0.0070640316993951565,24,24,24,0,0.0,{},0.8081521931689342,0.6791158536585364,0.0,False,True,False,True,False,False,0.0,92.68699268818027,77.37880157306259,92.68699268818027,95.66666666666667,1.1709143561135282,0.010028087656922677,False,0.5274137778181843,False,0.004861111111111094,False,False,0.6575001632901585,0.004861111111111094,True,True,-0.2532058602850677,0.18796275681083296,13.370614791253349,False,opposite_direction
512,assignment_isolation,plus_one_randomisation,True,ok,97.29136181710187,4.124563901870757,103.84242716611043,89.38041423230335,35.27745302049395,1.0,0.001,1.0,0.001,,,,,False,True,False,True,False,0.007071067811865475,0.007003318596564431,24,24,24,0,0.0,{},0.7655187700433879,0.7081395348837207,0.0,False,True,False,True,False,False,0.0,103.84242716611043,89.38041423230335,103.84242716611043,94.66666666666667,1.2019036470504623,0.018048553195117962,False,0.5012582969952135,False,0.0371527777777777,False,False,0.694262276100255,0.0371527777777777,True,True,-1.432237384899821,0.19211177802301152,14.594239278081856,False,opposite_direction
513,assignment_isolation,plus_one_randomisation,True,ok,91.05807871025672,2.8278519417156107,96.4277697263852,86.47347286723615,34.41379350920302,1.0,0.001,1.0,0.001,,,,,False,True,False,True,False,0.007071067811865475,0.007052902296369689,24,24,24,0,0.0,{},0.809355376766091,0.6870833333333334,0.0,False,True,False,True,False,False,0.0,96.4277697263852,86.47347286723614,96.4277697263852,96.5,1.1921587127975148,0.008112953401847008,False,0.5108338808248852,False,0.010069444444444464,False,False,0.6736744912539353,0.010069444444444464,True,True,0.5269364714207269,0.27639457063500306,14.1211073675979,False,opposite_direction
514,assignment_isolation,plus_one_randomisation,True,ok,80.27561412338383,3.6881709958218543,86.23508809684456,74.02357094490912,33.29470276713553,1.0,0.001,1.0,0.001,,,,,False,True,False,True,False,0.007071067811865475,0.0070852017462983965,24,24,24,0,0.0,{},0.7858884970157353,0.7137037037037036,0.0,False,True,False,True,False,False,0.0,86.23508809684456,74.02357094490912,86.23508809684456,95.41666666666667,1.1521512299961938,0.015266599584613546,False,0.5389614874466635,False,0.01736111111111116,False,False,0.6381814150900588,0.01736111111111116,True,True,-0.5420045272136084,0.17337303928144301,11.92598321793613,False,opposite_direction
515,assignment_isolation,plus_one_randomisation,True,ok,86.93579636347575,3.4991635808599266,93.43703249910118,81.10033700952692,34.037763065128175,1.0,0.001,1.0,0.001,,,,,False,True,False,True,False,0.007071067811865475,0.007029122840421208,24,24,24,0,0.0,{},0.7818850698174007,0.6232142857142857,0.0,False,True,False,True,False,False,0.0,93.43703249910118,81.10033700952692,93.43703249910118,95.91666666666667,1.1715995253614262,0.03032765646993832,False,0.47829184864578456,False,0.028819444444444398,False,False,0.6628519133220592,0.028819444444444398,True,True,-0.49278194030797945,0.08255760427476976,11.899561580560363,False,opposite_direction
516,assignment_isolation,plus_one_randomisation,True,ok,89.84679112909572,3.997195129324752,96.9970817239137,83.13094972635217,34.34852771208288,1.0,0.001,1.0,0.001,,,,,False,True,False,True,False,0.007071067811865475,0.00702075073209088,24,24,24,0,0.0,{},0.8036132742570712,0.727017543859649,0.0,False,True,False,True,False,False,0.0,96.9970817239137,83.13094972635217,96.9970817239137,97.75,1.1921202572244949,0.009951239526985265,False,0.4992535831755763,False,0.032638888888888884,False,False,0.668720839116752,0.032638888888888884,True,True,-0.5388227747404909,0.1334426611713511,14.243826952518999,False,opposite_direction
517,assignment_isolation,plus_one_randomisation,True,ok,86.00865591643348,4.884200184255635,96.17711941654136,78.57279996109037,33.84696896905006,1.0,0.001,1.0,0.001,,,,,False,True,False,True,False,0.007071067811865475,0.007068607621465816,24,24,24,0,0.0,{},0.793504055838521,0.6968992248062015,0.0,False,True,False,True,False,False,0.0,96.17711941654136,78.57279996109037,96.17711941654136,95.125,1.1667316982114138,0.009513269297069566,False,0.5106315442274415,False,0.02673611111111107,False,False,0.6603507986745477,0.02673611111111107,True,True,-1.274927765375652,0.20832619797172602,11.964604306705636,False,opposite_direction
518,assignment_isolation,plus_one_randomisation,True,ok,92.11516386492268,3.774671138605645,98.08549923078014,84.6698608980636,34.40606616842947,1.0,0.001,1.0,0.001,,,,,False,True,False,True,False,0.007071067811865475,0.007072319702896564,24,24,24,0,0.0,{},0.8067080553164012,0.7370833333333333,0.0,False,True,False,True,False,False,0.0,98.08549923078014,84.6698608980636,98.08549923078014,96.875,1.1974924032053411,0.021095216791723635,False,0.5239577525248885,False,0.01909722222222221,False,False,0.6762675502005853,0.01909722222222221,True,True,-0.8795470095086969,0.11508488347276068,13.38333644995921,False,opposite_direction
519,assignment_isolation,plus_one_randomisation,True,ok,87.01881127107272,3.9530254306824752,93.49281489954639,80.41881730588018,33.8644076590103,1.0,0.001,1.0,0.001,,,,,False,True,False,True,False,0.007071067811865475,0.007081906997644022,24,24,24,0,0.0,{},0.8057114512471655,0.7237455197132617,0.0,False,True,False,True,False,False,0.0,93.49281489954639,80.41881730588018,93.49281489954639,96.70833333333333,1.1792222265079997,0.006611345756653642,False,0.5186362433752209,False,0.021180555555555536,False,False,0.6607438483677704,0.021180555555555536,True,True,0.9862847776343745,0.11373108366836097,13.616914450719822,False,opposite_direction
520,assignment_isolation,plus_one_randomisation,True,ok,86.50092591865833,3.6187177033678357,92.39483785187119,80.32957557825426,33.547112273155875,1.0,0.001,1.0,0.001,,,,,False,True,False,True,False,0.007071067811865475,0.0070998095574294675,24,24,24,0,0.0,{},0.8340215924426451,0.7179924242424243,0.0,False,True,False,True,False,False,0.0,92.39483785187117,80.32957557825426,92.39483785187117,97.45833333333333,1.1756589004247904,0.0008272266063728088,False,0.5096733430136258,False,0.024652777777777857,False,False,0.6596172321082272,0.024652777777777857,True,True,0.26217062937673147,0.1431841981357557,12.881193240639746,False,opposite_direction
521,assignment_isolation,plus_one_randomisation,True,ok,94.60364444826048,4.014891452531695,100.50833997117248,84.99112126275622,35.03035116476738,1.0,0.001,1.0,0.001,,,,,False,True,False,True,False,0.007071067811865475,0.0070290687915341606,24,24,24,0,0.0,{},0.7848852040816325,0.6816375968992248,0.0,False,True,False,True,False,False,0.0,100.50833997117248,84.99112126275622,100.50833997117248,95.66666666666667,1.204183327681754,0.009266283434993075,False,0.5106691045273292,False,0.018749999999999933,False,False,0.6838576677161261,0.018749999999999933,True,True,1.41818326443876,0.16353268007965902,12.10715135673418,False,opposite_direction
522,assignment_isolation,plus_one_randomisation,True,ok,84.95459429107359,3.7844297659967423,91.39178828022175,79.1121632592901,33.78011848889843,1.0,0.001,1.0,0.001,,,,,False,True,False,True,False,0.007071067811865475,0.0070475079715828295,24,24,24,0,0.0,{},0.8020287372076025,0.7185897435897437,0.0,False,True,False,True,False,False,0.0,91.39178828022175,79.1121632592901,91.39178828022175,96.75,1.1708256697700252,0.019018225533459276,False,0.5260176351675585,False,0.018402777777777768,False,False,0.654243545213185,0.018402777777777768,True,True,0.4817401672798346,0.06096749027302382,12.97183490704788,False,opposite_direction
523,assignment_isolation,plus_one_randomisation,True,ok,91.76842872296284,3.550487425935251,97.77050662392179,86.07527166587961,34.37565918627405,1.0,0.001,1.0,0.001,,,,,False,True,False,True,False,0.007071067811865475,0.007115160838890454,24,24,24,0,0.0,{},0.8004065393518518,0.6982954545454546,0.0,False,True,False,True,False,False,0.0,97.77050662392179,86.07527166587961,97.77050662392179,94.08333333333333,1.1862114424250114,0.01257249278402826,False,0.5465936945098627,False,0.028819444444444398,False,False,0.6783373039577694,0.028819444444444398,True,True,-0.12914243888903412,0.13718791315938422,11.97565050426116,False,opposite_direction
524,assignment_isolation,plus_one_randomisation,True,ok,90.14921580010412,3.8750014170278697,96.51736374009603,83.53445628617777,34.814439257692975,1.0,0.001,1.0,0.001,,,,,False,True,False,True,False,0.007071067811865475,0.007053550115988687,24,24,24,0,0.0,{},0.7971449652777778,0.7077898550724637,0.0,False,True,False,True,False,False,0.0,96.51736374009603,83.53445628617777,96.51736374009603,95.91666666666667,1.2024975607075055,0.011129906308438416,False,0.5053913141303018,False,0.021527777777777812,False,False,0.6667320204478306,0.021527777777777812,True,True,1.5388082299500403,0.17524640783998807,13.511515286632692,False,opposite_direction
525,assignment_isolation,plus_one_randomisation,True,ok,88.03237440183163,4.172878646627579,94.97701603383359,80.70126905862102,34.206649225364394,1.0,0.001,1.0,0.001,,,,,False,True,False,True,False,0.007071067811865475,0.007112506943089021,24,24,24,0,0.0,{},0.798414777204671,0.7352564102564102,0.0,False,True,False,True,False,False,0.0,94.97701603383359,80.70126905862102,94.97701603383359,95.33333333333333,1.1877516189607402,0.006534782199547632,False,0.5533138715643304,False,0.021527777777777812,False,False,0.6624117605502051,0.021527777777777812,True,True,0.7028450363885853,0.10315023066014584,14.11888003502958,False,opposite_direction
526,assignment_isolation,plus_one_randomisation,True,ok,93.59897449069875,3.4177671454375385,98.64691456204339,86.40361971412476,34.28229565549978,1.0,0.001,1.0,0.001,,,,,False,True,False,True,False,0.007071067811865475,0.00713505231236244,24,24,24,0,0.0,{},0.8071854367100546,0.7435648148148148,0.0,False,True,False,True,False,False,0.0,98.64691456204339,86.40361971412476,98.64691456204339,95.20833333333333,1.1933684264038718,0.00574350858537032,False,0.48409907012852965,False,0.03819444444444442,False,False,0.6832693717284403,0.03819444444444442,True,True,0.04893802577100393,0.24836955670915925,13.048187845680893,False,opposite_direction
527,assignment_isolation,plus_one_randomisation,True,ok,87.76905209974029,3.39575621551868,93.5947682380189,81.72802140340934,33.64580125287724,1.0,0.001,1.0,0.001,,,,,False,True,False,True,False,0.007071067811865475,0.007068589055493791,24,24,24,0,0.0,{},0.8086641752410535,0.7333333333333334,0.0,False,True,False,True,False,False,0.0,93.5947682380189,81.72802140340934,93.5947682380189,97.29166666666667,1.1729282194140758,0.012439365420165065,False,0.513541782834809,False,0.01909722222222232,False,False,0.6660322026070057,0.01909722222222232,True,True,-1.456608874120146,0.18802381807361015,12.209714952189783,False,opposite_direction
528,assignment_isolation,plus_one_randomisation,True,ok,87.68728193225904,3.8694273494036207,95.01923562445188,81.42870719467372,34.07397299678012,1.0,0.001,1.0,0.001,,,,,False,True,False,True,False,0.007071067811865475,0.00708328227300801,24,24,24,0,0.0,{},0.8057200006942277,0.6862887596899225,0.0,False,True,False,True,False,False,0.0,95.01923562445188,81.42870719467372,95.01923562445188,96.16666666666667,1.1834219210701011,0.010965422152770875,False,0.5300662050633802,False,0.027083333333333348,False,False,0.662306792227873,0.027083333333333348,True,True,-0.6268291833639761,0.1498597746030766,13.1859957061822,False,opposite_direction
529,assignment_isolation,plus_one_randomisation,True,ok,94.5449362186395,3.206185591603138,99.91539977287464,88.9867788124343,34.84445730808687,1.0,0.001,1.0,0.001,,,,,False,True,False,True,False,0.007071067811865475,0.007054680464564806,24,24,24,0,0.0,{},0.7887623128447597,0.7333333333333334,0.0,False,True,False,True,False,False,0.0,99.91539977287464,88.9867788124343,99.91539977287464,95.33333333333333,1.2000613423027218,0.011096680202271976,False,0.540928886110942,False,0.018402777777777768,False,False,0.6848529806882087,0.018402777777777768,True,True,0.004814213828327754,0.12593648297275728,13.530320853665176,False,opposite_direction
530,assignment_isolation,plus_one_randomisation,True,ok,95.0956953555431,3.815442813102779,102.21024580601902,89.08571096454668,35.01208685372931,1.0,0.001,1.0,0.001,,,,,False,True,False,True,False,0.007071067811865475,0.007047758082239582,24,24,24,0,0.0,{},0.7683767213733257,0.6815891472868214,0.0,False,True,False,True,False,False,0.0,102.21024580601902,89.08571096454666,102.21024580601902,93.66666666666667,1.1940747707446169,0.03818779051109603,False,0.5074871891824937,False,0.018055555555555602,False,False,0.6886490669879233,0.018055555555555602,True,True,2.157725322035541,0.18103763723407182,13.36623500819188,False,opposite_direction
531,assignment_isolation,plus_one_randomisation,True,ok,89.79215110220689,4.3473635131091575,96.88407204495972,81.77940342621916,34.279176650126956,1.0,0.001,1.0,0.001,,,,,False,True,False,True,False,0.007071067811865475,0.007015599771159153,24,24,24,0,0.0,{},0.783244680851064,0.6992753623188405,0.0,False,True,False,True,False,False,0.0,96.88407204495972,81.77940342621916,96.88407204495972,95.95833333333333,1.1778948956537898,0.0028945569275909827,False,0.519851353161067,False,0.027083333333333348,False,False,0.6729513957551846,0.027083333333333348,True,True,0.1684126295419906,0.18819684051921848,13.13073042961271,False,opposite_direction
532,assignment_isolation,plus_one_randomisation,True,ok,88.61097893725673,3.6747057044717923,94.9362240935139,82.23506534347642,33.87470479736949,1.0,0.001,1.0,0.001,,,,,False,True,False,True,False,0.007071067811865475,0.007108746027307538,24,24,24,0,0.0,{},0.8035971625492302,0.7041187739463604,0.0,False,True,False,True,False,False,0.0,94.9362240935139,82.23506534347642,94.9362240935139,94.58333333333333,1.1709701649306616,0.04314432392754662,False,0.5377206564920936,False,0.03298611111111116,False,False,0.6702309186942768,0.03298611111111116,True,True,-0.4042457782284215,0.1584150211563054,13.153578651520592,False,opposite_direction
533,assignment_isolation,plus_one_randomisation,True,ok,88.2699966131765,4.486910553814742,95.86936324541414,80.1925534217312,34.227050134620875,1.0,0.001,1.0,0.001,,,,,False,True,False,True,False,0.007071067811865475,0.007024552431085125,24,24,24,0,0.0,{},0.7972363945578231,0.6399224806201549,0.0,False,True,False,True,False,False,0.0,95.86936324541414,80.1925534217312,95.86936324541414,96.125,1.178626794963796,0.03376890828917905,False,0.49748741574742866,False,0.027083333333333348,False,False,0.6663501806173763,0.027083333333333348,True,True,-1.0875973872856717,0.07170751310613477,12.740533702892648,False,opposite_direction
534,assignment_isolation,plus_one_randomisation,True,ok,88.76024436982698,4.5453491597237665,95.73513089882098,80.6325922112307,34.398323815781005,1.0,0.001,1.0,0.001,,,,,False,True,False,True,False,0.007071067811865475,0.007114850448019962,24,24,24,0,0.0,{},0.8015350877192982,0.6831325301204821,0.0,False,True,False,True,False,False,0.0,95.73513089882097,80.6325922112307,95.73513089882097,94.70833333333333,1.1908776855938066,0.019577815490767005,False,0.519288430998447,False,0.023611111111111138,False,False,0.6645385238223748,0.023611111111111138,True,True,1.2307853467736671,0.1800632890001185,13.538679321626114,False,opposite_direction
535,assignment_isolation,plus_one_randomisation,True,ok,91.92604782609983,3.7294451193906335,97.97661002562278,85.29218937589637,34.04202984513522,1.0,0.001,1.0,0.001,,,,,False,True,False,True,False,0.007071067811865475,0.007037438807224878,24,24,24,0,0.0,{},0.8024057174416157,0.699250936329588,0.0,False,True,False,True,False,False,0.0,97.97661002562278,85.29218937589637,97.97661002562278,97.04166666666667,1.179992392604266,0.0007237936688715653,False,0.5063900434604177,False,0.026388888888888906,False,False,0.6808518553466012,0.026388888888888906,True,True,0.28628681279730717,0.12559096751741314,13.258451710619774,False,opposite_direction
536,assignment_isolation,plus_one_randomisation,True,ok,88.64917633567349,3.8775977560064594,94.98215331034697,81.6987798233994,34.367307466067835,1.0,0.001,1.0,0.001,,,,,False,True,False,True,False,0.007071067811865475,0.007025091940201433,24,24,24,0,0.0,{},0.7877352150537634,0.6833333333333333,0.0,False,True,False,True,False,False,0.0,94.98215331034697,81.6987798233994,94.98215331034697,94.625,1.1742767746817608,0.008850039499695423,False,0.4987017524683204,False,0.025694444444444464,False,False,0.6693412053372416,0.025694444444444464,True,True,0.8002661912881217,0.13543768837325093,13.130766729693892,False,opposite_direction
537,assignment_isolation,plus_one_randomisation,True,ok,88.09019935519245,4.1029648091280855,95.70752141686083,81.01781130541497,34.77232689251927,1.0,0.001,1.0,0.001,,,,,False,True,False,True,False,0.007071067811865475,0.007039443182705229,24,24,24,0,0.0,{},0.7905251517145573,0.675,0.0,False,True,False,True,False,False,0.0,95.70752141686084,81.01781130541497,95.70752141686084,95.0,1.1928995333715695,0.00975718373746094,False,0.5314425480565524,False,0.02604166666666663,False,False,0.661013287823383,0.02604166666666663,True,True,-0.06972471466195547,0.12219530424852837,12.50069902771469,False,opposite_direction
538,assignment_isolation,plus_one_randomisation,True,ok,84.19743046619932,3.212511817414523,89.40280170774767,78.31955040010743,33.71629397306199,1.0,0.001,1.0,0.001,,,,,False,True,False,True,False,0.007071067811865475,0.007075749347487052,24,24,24,0,0.0,{},0.789809533763338,0.6704022988505747,0.0,False,True,False,True,False,False,0.0,89.40280170774766,78.31955040010743,89.40280170774766,94.375,1.1588060620268152,0.004526874581907014,False,0.5274563012256983,False,0.01736111111111116,False,False,0.65477435167303,0.01736111111111116,True,True,1.3410646117116498,0.14165999560224757,12.22469716096638,False,opposite_direction
539,assignment_isolation,plus_one_randomisation,True,ok,92.07470842647645,3.029362464612709,97.3693621692892,87.24073577347234,34.63765165183784,1.0,0.001,1.0,0.001,,,,,False,True,False,True,False,0.007071067811865475,0.00709692138771456,24,24,24,0,0.0,{},0.8088136898096304,0.666025641025641,0.0,False,True,False,True,False,False,0.0,97.3693621692892,87.24073577347234,97.3693621692892,95.375,1.2003439687482014,0.01731630011827365,False,0.5371674727844248,False,0.021180555555555536,False,False,0.6752379242810289,0.021180555555555536,True,True,0.6370565001062168,0.13916726817959907,14.034235309894305,False,opposite_direction
540,assignment_isolation,plus_one_randomisation,True,ok,92.19194478892905,3.9586666342352532,98.9483694878634,85.59219971697622,34.45512238839249,1.0,0.001,1.0,0.001,,,,,False,True,False,True,False,0.007071067811865475,0.007094341330861432,24,24,24,0,0.0,{},0.8183193509362507,0.7120689655172413,0.0,False,True,False,True,False,False,0.0,98.94836948786342,85.59219971697622,98.94836948786342,96.45833333333333,1.2003440884825147,0.011805163991000915,False,0.5209263761454123,False,0.02430555555555558,False,False,0.6757032960009721,0.02430555555555558,True,True,0.46046533975596815,0.22271314957087718,13.873119872790198,False,opposite_direction
541,assignment_isolation,plus_one_randomisation,True,ok,90.26537074180642,3.592238990707177,96.65922271504431,84.1507917252166,33.547721439179384,1.0,0.001,1.0,0.001,,,,,False,True,False,True,False,0.007071067811865475,0.007057968412153453,24,24,24,0,0.0,{},0.8060606060606061,0.6742337164750958,0.0,False,True,False,True,False,False,0.0,96.65922271504432,84.1507917252166,96.65922271504432,96.33333333333333,1.161986378259462,0.029591735794880208,False,0.5044333124664446,False,0.006249999999999978,False,False,0.6798254999806164,0.006249999999999978,True,True,-0.3475867615542994,0.10234039946203467,15.116656888653917,False,opposite_direction
542,assignment_isolation,plus_one_randomisation,True,ok,88.1359401649316,2.6735329272489348,93.05726424873775,83.34484444403215,34.11973178915174,1.0,0.001,1.0,0.001,,,,,False,True,False,True,False,0.007071067811865475,0.007059397229449434,24,24,24,0,0.0,{},0.7960653676364162,0.7158436213991769,0.0,False,True,False,True,False,False,0.0,93.05726424873775,83.34484444403215,93.05726424873775,95.83333333333333,1.1789666772913827,0.002019546644940622,False,0.5135880536557974,False,0.01736111111111105,False,False,0.6656691069692148,0.01736111111111105,True,True,-1.1630481068468714,0.09690685693529756,13.649806348274394,False,opposite_direction
543,assignment_isolation,plus_one_randomisation,True,ok,82.60313016511232,4.479247107973943,91.49025960729047,75.48349476633312,33.54681532700546,1.0,0.001,1.0,0.001,,,,,False,True,False,True,False,0.007071067811865475,0.007082241626892118,24,24,24,0,0.0,{},0.7950520833333332,0.6992156862745098,0.0,False,True,False,True,False,False,0.0,91.49025960729047,75.48349476633312,91.49025960729047,95.16666666666667,1.1588693342876437,0.008518711308472636,False,0.5167796840993601,False,0.012500000000000067,False,False,0.647264906749658,0.012500000000000067,True,True,-2.112279962661781,0.15882675176010388,11.04144353380062,False,opposite_direction
544,assignment_isolation,plus_one_randomisation,True,ok,89.4941326475779,4.108380613768944,96.07921489895506,82.31156488998653,35.20424185341592,1.0,0.001,1.0,0.001,,,,,False,True,False,True,False,0.007071067811865475,0.007069355310453721,24,24,24,0,0.0,{},0.8124570401077097,0.694593253968254,0.0,False,True,False,True,False,False,0.0,96.07921489895506,82.31156488998653,96.07921489895506,96.08333333333333,1.219744422874339,0.0014414864917526335,False,0.5102575631654924,False,0.028125000000000067,False,False,0.6585442311189956,0.028125000000000067,True,True,-0.652867780843286,0.09798814229339473,13.650480892595342,False,opposite_direction
545,assignment_isolation,plus_one_randomisation,True,ok,93.48873087800756,4.341981194946741,101.33201219795517,86.26507062806748,35.31069740105361,1.0,0.001,1.0,0.001,,,,,False,True,False,True,False,0.007071067811865475,0.007067867104334471,24,24,24,0,0.0,{},0.7862670068027211,0.7041208791208791,0.0,False,True,False,True,False,False,0.0,101.33201219795517,86.26507062806748,101.33201219795517,95.0,1.216260148592792,0.019606543715479575,False,0.5190604817321309,False,0.01909722222222221,False,False,0.6759939606990245,0.01909722222222221,True,True,-0.7218718439893544,0.2946535257899239,12.714506904722755,False,opposite_direction
546,assignment_isolation,plus_one_randomisation,True,ok,85.5084481589014,3.534092281851126,92.05695438320373,80.0429851925953,33.34947305049039,1.0,0.001,1.0,0.001,,,,,False,True,False,True,False,0.007071067811865475,0.007082743979954758,24,24,24,0,0.0,{},0.7957456140350877,0.6954119850187265,0.0,False,True,False,True,False,False,0.0,92.05695438320373,80.0429851925953,92.05695438320373,95.95833333333333,1.1569161194362825,0.007435610374124379,False,0.49426077406486657,False,0.014930555555555558,False,False,0.6613503695384347,0.014930555555555558,True,True,-2.3549150723837124,0.22389906954082558,11.474927497964158,False,opposite_direction
547,assignment_isolation,plus_one_randomisation,True,ok,84.97390150296127,3.725110201567884,91.00399782682214,78.8764293696651,34.33574022328103,1.0,0.001,1.0,0.001,,,,,False,True,False,True,False,0.007071067811865475,0.007070429043338702,24,24,24,0,0.0,{},0.7971134868421053,0.7326315789473685,0.0,False,True,False,True,False,False,0.0,91.00399782682216,78.8764293696651,91.00399782682216,96.25,1.1908650679228305,0.01710877110319188,False,0.5204656368192451,False,0.01215277777777779,False,False,0.6476840968381317,0.01215277777777779,True,True,-0.9334381703735317,0.15345216917325089,13.373704729764674,False,opposite_direction
548,assignment_isolation,plus_one_randomisation,True,ok,95.2627322046297,4.758176022511216,104.04589207619296,87.74973266641936,34.50099816911017,1.0,0.001,1.0,0.001,,,,,False,True,False,True,False,0.007071067811865475,0.0070505622806612345,24,24,24,0,0.0,{},0.8187278368794327,0.7159340659340658,0.0,False,True,False,True,False,False,0.0,104.04589207619296,87.74973266641935,104.04589207619296,97.75,1.20249644387079,0.025351490311389117,False,0.5098654409771952,False,0.029166666666666674,False,False,0.686804262564086,0.029166666666666674,True,True,0.28501695756195466,0.06340232336408995,14.031085412043836,False,opposite_direction
549,assignment_isolation,plus_one_randomisation,True,ok,92.22413406723604,2.8514736901412374,97.17374886494449,87.19098423378374,34.5701485609699,1.0,0.001,1.0,0.001,,,,,False,True,False,True,False,0.007071067811865475,0.0070390004189807434,24,24,24,0,0.0,{},0.7966277942227211,0.7129213483146067,0.0,False,True,False,True,False,False,0.0,97.17374886494447,87.19098423378374,97.17374886494447,96.29166666666667,1.193923754692384,0.002528798909560766,False,0.5135952655470967,False,0.015277777777777835,False,False,0.6777836443600584,0.015277777777777835,True,True,0.2277317424537928,0.08769848508878167,12.672636530257053,False,opposite_direction
550,assignment_isolation,plus_one_randomisation,True,ok,93.6002377242479,3.5591885877414406,100.35400025948763,87.98859983599306,34.37208079873955,1.0,0.001,1.0,0.001,,,,,False,True,False,True,False,0.007071067811865475,0.007062686711520312,24,24,24,0,0.0,{},0.803921074256686,0.7207875457875457,0.0,False,True,False,True,False,False,0.0,100.35400025948763,87.98859983599306,100.35400025948763,96.66666666666667,1.193394802543043,0.011876025394268795,False,0.4958222124688895,False,0.01215277777777779,False,False,0.6832663090653703,0.01215277777777779,True,True,1.134633016966259,0.13646246519801425,15.212137398929299,False,opposite_direction
551,assignment_isolation,plus_one_randomisation,True,ok,88.63137977901404,3.202969624514445,94.74085698992879,83.67906118596473,33.952739518310146,1.0,0.001,1.0,0.001,,,,,False,True,False,True,False,0.007071067811865475,0.007117217630190215,24,24,24,0,0.0,{},0.8112453054138322,0.6899812734082399,0.0,False,True,False,True,False,False,0.0,94.74085698992879,83.67906118596473,94.74085698992879,95.79166666666667,1.182548432096179,0.00022599532846850247,False,0.5136601716194249,False,0.028124999999999956,False,False,0.6666375197747406,0.028124999999999956,True,True,0.49550421322872373,0.24140600204709758,13.563388162888131,False,opposite_direction
552,assignment_isolation,plus_one_randomisation,True,ok,89.31163682724343,4.398138247727998,96.43798256795141,82.05526213252742,34.53797682331298,1.0,0.001,1.0,0.001,,,,,False,True,False,True,False,0.007071067811865475,0.007051603813077834,24,24,24,0,0.0,{},0.8016680231506603,0.658433734939759,0.0,False,True,False,True,False,False,0.0,96.43798256795141,82.05526213252742,96.43798256795141,95.66666666666667,1.191064067890997,0.018704915594077262,False,0.509062541714096,False,0.015277777777777724,False,False,0.6668143826427855,0.015277777777777724,True,True,0.07914666798774876,0.14964729123514348,13.355816761323672,False,opposite_direction
553,assignment_isolation,plus_one_randomisation,True,ok,83.65366541867611,4.556387457915342,91.7561779828554,76.24125781997688,33.471911221301816,1.0,0.001,1.0,0.001,,,,,False,True,False,True,False,0.007071067811865475,0.007090691367253637,24,24,24,0,0.0,{},0.7984435483870966,0.6600980392156861,0.0,False,True,False,True,False,False,0.0,91.75617798285539,76.24125781997688,91.75617798285539,94.45833333333333,1.1533449994162184,0.0017181192275577439,False,0.5315216826050728,False,0.023611111111111027,False,False,0.6540923486413424,0.023611111111111027,True,True,0.059788120286964445,0.2282500018615677,12.1548292398393,False,opposite_direction
554,assignment_isolation,plus_one_randomisation,True,ok,88.6958006646517,4.1768089995557345,96.48474503704306,82.02651301168245,33.46553356710219,1.0,0.001,1.0,0.001,,,,,False,True,False,True,False,0.007071067811865475,0.007057740256781818,24,24,24,0,0.0,{},0.7957901542812142,0.6402777777777778,0.0,False,True,False,True,False,False,0.0,96.48474503704306,82.02651301168245,96.48474503704306,95.95833333333333,1.156843943684997,0.008780971002113698,False,0.490207321569341,False,0.018402777777777768,False,False,0.6750639512820428,0.018402777777777768,True,True,0.22790405709748202,0.07105000116046237,13.522840037998206,False,opposite_direction
555,assignment_isolation,plus_one_randomisation,True,ok,92.95510777090577,4.349620305628324,99.91281508643688,85.30809753449455,35.04096133825006,1.0,0.001,1.0,0.001,,,,,False,True,False,True,False,0.007071067811865475,0.007089313157376887,24,24,24,0,0.0,{},0.8072762881748445,0.7291213768115942,0.0,False,True,False,True,False,False,0.0,99.91281508643688,85.30809753449455,99.91281508643688,96.45833333333333,1.2198882676999467,0.026424746110351595,False,0.5084922109217362,False,0.02256944444444442,False,False,0.6727996786107276,0.02256944444444442,True,True,0.8787496481956693,0.11439976173337336,14.504914169941413,False,opposite_direction
556,assignment_isolation,plus_one_randomisation,True,ok,89.03783059430293,3.3709696211977427,94.64182892741502,82.78303912807435,34.37507936230508,1.0,0.001,1.0,0.001,,,,,False,True,False,True,False,0.007071067811865475,0.007142377048721533,24,24,24,0,0.0,{},0.8183881625566893,0.7457899305555555,0.0,False,True,False,True,False,False,0.0,94.64182892741502,82.78303912807435,94.64182892741502,96.08333333333333,1.2033182889477758,0.015835303355137914,False,0.501279574473146,False,0.033333333333333326,False,False,0.661777970540427,0.033333333333333326,True,True,-0.6238309524050972,0.2950576651986463,11.559189245542214,False,opposite_direction
557,assignment_isolation,plus_one_randomisation,True,ok,87.59540147013722,3.3853613025603537,93.71134406602886,81.35771971026986,33.34717869333851,1.0,0.001,1.0,0.001,,,,,False,True,False,True,False,0.007071067811865475,0.007066077380023475,24,24,24,0,0.0,{},0.8037779717150018,0.7269927536231887,0.0,False,True,False,True,False,False,0.0,93.71134406602886,81.35771971026986,93.71134406602886,97.0,1.160361624163867,0.000732398907700511,False,0.510445244003909,False,0.03402777777777777,False,False,0.6693272218311729,0.03402777777777777,True,True,0.5471041634959095,0.10959698135478171,13.806853736056235,False,opposite_direction
558,assignment_isolation,plus_one_randomisation,True,ok,94.14719173902722,4.85769756210642,103.0613442737519,86.30336211915477,35.38481854663623,1.0,0.001,1.0,0.001,,,,,False,True,False,True,False,0.007071067811865475,0.007025594654580675,24,24,24,0,0.0,{},0.791939692982456,0.7266666666666667,0.0,False,True,False,True,False,False,0.0,103.0613442737519,86.30336211915477,103.0613442737519,97.08333333333333,1.2247357814012882,0.011405717079823227,False,0.5111807525100739,False,0.02430555555555558,False,False,0.6760210109870466,0.02430555555555558,True,True,-0.9734480326782423,0.12105615998387378,12.52892435383396,False,opposite_direction
559,assignment_isolation,plus_one_randomisation,True,ok,85.04494731483075,4.418884564265855,93.04354623655036,76.29770631502868,34.40040806996473,1.0,0.001,1.0,0.001,,,,,False,True,False,True,False,0.007071067811865475,0.0070592319664683715,24,24,24,0,0.0,{},0.7928662724643666,0.7113026819923375,0.0,False,True,False,True,False,False,0.0,93.04354623655036,76.29770631502868,93.04354623655036,95.5,1.1865682886990152,0.052555068533923555,False,0.5302540557163978,False,0.03368055555555549,False,False,0.6494373955710637,0.03368055555555549,True,True,2.2968026156473056,0.2751599321502599,13.88193205644792,False,opposite_direction
560,assignment_isolation,plus_one_randomisation,True,ok,92.44612196711904,3.577073426773137,97.97209539415229,85.02215338441647,34.26135380352949,1.0,0.001,1.0,0.001,,,,,False,True,False,True,False,0.007071067811865475,0.007101975274424958,24,24,24,0,0.0,{},0.7982448107448108,0.7204071969696969,0.0,False,True,False,True,False,False,0.0,97.97209539415229,85.02215338441647,97.97209539415229,95.625,1.1897053212298636,0.0016172777491638565,False,0.5094074842811214,False,0.03645833333333337,False,False,0.6799326462418294,0.03645833333333337,True,True,0.7393816667731609,0.1272391493788805,13.749933376711557,False,opposite_direction
561,assignment_isolation,plus_one_randomisation,True,ok,90.64392982853504,3.8624382758419276,97.39529043027234,84.13775699979186,34.66405492644087,1.0,0.001,1.0,0.001,,,,,False,True,False,True,False,0.007071067811865475,0.007059562109140937,24,24,24,0,0.0,{},0.7947012061403509,0.6846078431372549,0.0,False,True,False,True,False,False,0.0,97.39529043027234,84.13775699979186,97.39529043027234,95.95833333333333,1.1985840113911856,0.03315687716100193,False,0.49032917204522486,False,0.02673611111111107,False,False,0.6699983555966825,0.02673611111111107,True,True,-0.6844730879235265,0.17029190077985798,13.415842966894726,False,opposite_direction
562,assignment_isolation,plus_one_randomisation,True,ok,88.71770007509356,4.755321048197798,97.1404052058372,81.12725745339361,34.430146943175096,1.0,0.001,1.0,0.001,,,,,False,True,False,True,False,0.007071067811865475,0.00707404085566877,24,24,24,0,0.0,{},0.79310911643026,0.7166666666666667,0.0,False,True,False,True,False,False,0.0,97.14040520583721,81.12725745339361,97.14040520583721,94.95833333333333,1.1867055842398615,0.03296941173192136,False,0.5200717691431351,False,0.010069444444444464,False,False,0.665682803662873,0.010069444444444464,True,True,0.7408214193619863,0.19056326959850767,13.62610148741041,False,opposite_direction
563,assignment_isolation,plus_one_randomisation,True,ok,96.9791356081249,3.946886440705786,102.86427633797966,89.58258352851352,34.77563450934055,1.0,0.001,1.0,0.001,,,,,False,True,False,True,False,0.007071067811865475,0.0070817485211059645,24,24,24,0,0.0,{},0.8005432330174598,0.7697132616487454,0.0,False,True,False,True,False,False,0.0,102.86427633797966,89.58258352851352,102.86427633797966,96.5,1.2096207392990808,0.0018968709770903116,False,0.509691080303753,False,0.022222222222222143,False,False,0.6909655097162782,0.022222222222222143,True,True,0.23823610413075844,0.22092243838761258,13.720279190694628,False,opposite_direction
564,assignment_isolation,plus_one_randomisation,True,ok,86.77418458053104,4.0909174858484985,94.11393324209922,80.20870733116473,34.24574588635095,1.0,0.001,1.0,0.001,,,,,False,True,False,True,False,0.007071067811865475,0.007042270847265677,24,24,24,0,0.0,{},0.7934587813620073,0.7017241379310346,0.0,False,True,False,True,False,False,0.0,94.11393324209922,80.20870733116473,94.11393324209922,95.83333333333333,1.1804501599699828,0.0025904967099771,False,0.5342598461837162,False,0.01909722222222232,False,False,0.6592669994971987,0.01909722222222232,True,True,0.016561410328606387,0.18977424534424092,11.528956565224046,False,opposite_direction
565,assignment_isolation,plus_one_randomisation,True,ok,89.90602674622563,4.4028019195912,98.32553411398949,82.37219221766769,34.32419776887695,1.0,0.001,1.0,0.001,,,,,False,True,False,True,False,0.007071067811865475,0.0070650623802277265,24,24,24,0,0.0,{},0.7930311176278917,0.7159259259259259,0.0,False,True,False,True,False,False,0.0,98.32553411398949,82.37219221766769,98.32553411398949,95.08333333333333,1.1823297020330792,0.01232636225496857,False,0.5340873564418572,False,0.009722222222222299,False,False,0.6720316113530472,0.009722222222222299,True,True,-0.2080688073875427,0.1956173374707888,14.210787658230474,False,opposite_direction
566,assignment_isolation,plus_one_randomisation,True,ok,88.66473248512425,2.9932185466019936,93.5837863647504,83.1071495755277,35.01646183422097,1.0,0.001,1.0,0.001,,,,,False,True,False,True,False,0.007071067811865475,0.007056606541213901,24,24,24,0,0.0,{},0.793201754385965,0.6787545787545786,0.0,False,True,False,True,False,False,0.0,93.5837863647504,83.1071495755277,93.5837863647504,95.54166666666667,1.2076318967171737,0.004142847956158106,False,0.5128700195065778,False,0.01666666666666672,False,False,0.6588014286999408,0.01666666666666672,True,True,-1.4090626970415312,0.25259000433154327,12.055729028727484,False,opposite_direction
567,assignment_isolation,plus_one_randomisation,True,ok,91.32001006220344,3.812589762302462,98.2894313684432,85.20239426400602,34.783531144021616,1.0,0.001,1.0,0.001,,,,,False,True,False,True,False,0.007071067811865475,0.007041929996926046,24,24,24,0,0.0,{},0.7984989522888459,0.6669981060606059,0.0,False,True,False,True,False,False,0.0,98.2894313684432,85.20239426400602,98.2894313684432,95.70833333333333,1.198147409313596,0.05001245832010872,False,0.4996464064150266,False,0.023611111111111138,False,False,0.6728867382089261,0.023611111111111138,True,True,-1.8805862616299565,0.15521979821140106,13.448609168366833,False,opposite_direction
568,assignment_isolation,plus_one_randomisation,True,ok,93.47663363934328,3.52091775669912,99.04476372848889,87.24449830505411,34.63231363190951,1.0,0.001,1.0,0.001,,,,,False,True,False,True,False,0.007071067811865475,0.007021495502566849,24,24,24,0,0.0,{},0.7905839563548192,0.7076007326007328,0.0,False,True,False,True,False,False,0.0,99.04476372848889,87.24449830505411,99.04476372848889,96.79166666666667,1.1961898588659827,0.011325273204187648,False,0.5349005978704198,False,0.021527777777777812,False,False,0.6819603584157424,0.021527777777777812,True,True,-0.926636704957529,0.20072299358028634,12.742777067574158,False,opposite_direction
569,assignment_isolation,plus_one_randomisation,True,ok,102.32651561189891,4.280889454204702,109.97363292149095,95.20792252720994,35.945597178786706,1.0,0.001,1.0,0.001,,,,,False,True,False,True,False,0.007071067811865475,0.007037066542774983,24,24,24,0,0.0,{},0.7871148883505372,0.6787306201550386,0.0,False,True,False,True,False,False,0.0,109.97363292149095,95.20792252720996,109.97363292149095,96.16666666666667,1.240279731562901,0.026752623702124688,False,0.5241195544732751,False,0.01666666666666672,False,False,0.7006483765445162,0.01666666666666672,True,True,0.8174916760912717,0.24030515604805477,14.871814086206696,False,opposite_direction
570,assignment_isolation,plus_one_randomisation,True,ok,81.6566168947122,3.3026985627877736,87.60700328257802,76.61050493026477,33.28131768418866,1.0,0.001,1.0,0.001,,,,,False,True,False,True,False,0.007071067811865475,0.00704553951006176,24,24,24,0,0.0,{},0.801140114011401,0.7279829545454545,0.0,False,True,False,True,False,False,0.0,87.60700328257802,76.61050493026477,87.60700328257802,95.75,1.1472396888173317,0.01056490604510476,False,0.48634644205664435,False,0.009374999999999911,False,False,0.6466960953459792,0.009374999999999911,True,True,-0.6371681789573812,0.14999864156734832,11.406872422889885,False,opposite_direction
571,assignment_isolation,plus_one_randomisation,True,ok,95.91223372392584,3.5603533670765106,102.12001172294299,89.73963776806868,34.722926116656645,1.0,0.001,1.0,0.001,,,,,False,True,False,True,False,0.007071067811865475,0.0070446183075534964,24,24,24,0,0.0,{},0.800673185941043,0.6541182170542635,0.0,False,True,False,True,False,False,0.0,102.12001172294299,89.73963776806868,102.12001172294299,96.25,1.199897522849216,0.011645061936311134,False,0.5000810752983751,False,0.04166666666666663,False,False,0.6899303327553442,0.04166666666666663,True,True,-1.4226007158106944,0.12927702449162287,13.761936727132023,False,opposite_direction
572,assignment_isolation,plus_one_randomisation,True,ok,89.2080251922905,2.6018430381853723,93.22773679879865,84.53830342512538,33.75700677929226,1.0,0.001,1.0,0.001,,,,,False,True,False,True,False,0.007071067811865475,0.007096922038875266,24,24,24,0,0.0,{},0.8161384644406715,0.6901685393258429,0.0,False,True,False,True,False,False,0.0,93.22773679879863,84.53830342512538,93.22773679879863,96.58333333333333,1.1772130414513355,0.05429604325023432,False,0.5213256828800746,False,0.018402777777777768,False,False,0.6707504758513336,0.018402777777777768,True,True,0.48943954322924255,0.0761518305926035,12.87468945478122,False,opposite_direction
573,assignment_isolation,plus_one_randomisation,True,ok,84.70234894132962,4.224384120413856,92.09323832095589,77.94871911789167,32.988793033829396,1.0,0.001,1.0,0.001,,,,,False,True,False,True,False,0.007071067811865475,0.0070751170821643375,24,24,24,0,0.0,{},0.8117259837962962,0.6788043478260869,0.0,False,True,False,True,False,False,0.0,92.09323832095589,77.94871911789167,92.09323832095589,95.95833333333333,1.1431715557328783,0.004903909806791571,False,0.5472994237536519,False,0.018055555555555602,False,False,0.6622954385683477,0.018055555555555602,True,True,-0.9168256989682945,0.1484361929255631,13.40865892047295,False,opposite_direction
574,assignment_isolation,plus_one_randomisation,True,ok,82.1429096104978,3.6544262568283665,89.1323750093594,76.57162095979284,33.113546876349346,1.0,0.001,1.0,0.001,,,,,False,True,False,True,False,0.007071067811865475,0.007055145275897412,24,24,24,0,0.0,{},0.8011363636363636,0.6718253968253969,0.0,False,True,False,True,False,False,0.0,89.1323750093594,76.57162095979284,89.1323750093594,94.875,1.1377780768799481,0.005951148023524804,False,0.5101273428826091,False,0.016666666666666607,False,False,0.6522858103281903,0.016666666666666607,True,True,-0.7282136929261247,0.113514987932147,12.150504362797326,False,opposite_direction
575,assignment_isolation,plus_one_randomisation,True,ok,94.52107100681548,3.03631514235135,101.18937515127917,90.25000497694023,34.742735669825244,1.0,0.001,1.0,0.001,,,,,False,True,False,True,False,0.007071067811865475,0.007055934126474059,24,24,24,0,0.0,{},0.801636983873826,0.7124547101449274,0.0,False,True,False,True,False,False,0.0,101.18937515127918,90.25000497694025,101.18937515127918,96.54166666666667,1.2043311794231233,0.02681359174370512,False,0.5210924377270781,False,0.013194444444444509,False,False,0.6835037580509512,0.013194444444444509,True,True,0.06480124745163005,0.15766310283022467,13.642513498289778,False,opposite_direction
576,assignment_isolation,plus_one_randomisation,True,ok,90.30939660123191,3.692288633625329,96.36894637942454,84.07259328167625,34.033699314363716,1.0,0.001,1.0,0.001,,,,,False,True,False,True,False,0.007071067811865475,0.007071056949206469,24,24,24,0,0.0,{},0.8294400187441424,0.691998106060606,0.0,False,True,False,True,False,False,0.0,96.36894637942454,84.07259328167625,96.36894637942454,97.41666666666667,1.1876271832201604,0.02218363610659527,False,0.4963140371585287,False,0.004513888888888928,False,False,0.6720338305280514,0.004513888888888928,True,True,0.17837651236923918,0.10414328838616214,14.187197557182824,False,opposite_direction
577,assignment_isolation,plus_one_randomisation,True,ok,84.43921947983237,4.477182543444443,92.04214582195351,77.42095344140208,33.467091835129025,1.0,0.001,1.0,0.001,,,,,False,True,False,True,False,0.007071067811865475,0.007068049023448666,24,24,24,0,0.0,{},0.8015407986111112,0.725,0.0,False,True,False,True,False,False,0.0,92.04214582195351,77.42095344140208,92.04214582195351,96.04166666666667,1.1590905814671786,0.012116669592524916,False,0.5142759887300927,False,0.02604166666666663,False,False,0.6557909529044905,0.02604166666666663,True,True,-1.4182647517358897,0.2173335155412072,11.221011341488751,False,opposite_direction
578,assignment_isolation,plus_one_randomisation,True,ok,93.88456495173061,4.394351932623072,101.0983122332966,86.25308556441863,34.072426351831304,1.0,0.001,1.0,0.001,,,,,False,True,False,True,False,0.007071067811865475,0.0070247783886686855,24,24,24,0,0.0,{},0.7954861111111111,0.6581521739130435,0.0,False,True,False,True,False,False,0.0,101.0983122332966,86.25308556441864,101.0983122332966,95.33333333333333,1.1684982951199514,0.004904871525901774,False,0.5076064426416595,False,0.03749999999999998,False,False,0.6917093496241913,0.03749999999999998,True,True,-0.9039348267241578,0.24276427307004855,13.886262209445167,False,opposite_direction
579,assignment_isolation,plus_one_randomisation,True,ok,85.31771695157757,3.728867024879681,91.07774504965766,78.9660131322144,33.20163735298995,1.0,0.001,1.0,0.001,,,,,False,True,False,True,False,0.007071067811865475,0.007047240263006825,24,24,24,0,0.0,{},0.7996211734693877,0.7270833333333333,0.0,False,True,False,True,False,False,0.0,91.07774504965766,78.9660131322144,91.07774504965766,96.54166666666667,1.1494920719000743,0.0212037416646343,False,0.49802536350532634,False,0.025000000000000022,False,False,0.6629514825142888,0.025000000000000022,True,True,0.6439003402778776,0.1525359198815524,13.645007046895993,False,opposite_direction
580,assignment_isolation,plus_one_randomisation,True,ok,88.75903029974266,3.052057905010721,93.85653775386965,83.53196793528878,34.57508497443967,1.0,0.001,1.0,0.001,,,,,False,True,False,True,False,0.007071067811865475,0.007058945447686513,24,24,24,0,0.0,{},0.7934955858451538,0.7083333333333333,0.0,False,True,False,True,False,False,0.0,93.85653775386965,83.53196793528878,93.85653775386965,95.75,1.1941048916354198,0.0041965139954528545,False,0.51791776775813,False,0.011111111111111072,False,False,0.663508185476116,0.011111111111111072,True,True,0.47308744439547923,0.14638889621834558,13.547415082931721,False,opposite_direction
581,assignment_isolation,plus_one_randomisation,True,ok,94.36412664320945,4.159709706059893,101.28354010293701,87.64269102516693,35.5709295080972,1.0,0.001,1.0,0.001,,,,,False,True,False,True,False,0.007071067811865475,0.007073818457237502,24,24,24,0,0.0,{},0.7925198075834752,0.6957854406130269,0.0,False,True,False,True,False,False,0.0,101.28354010293701,87.64269102516693,101.28354010293701,94.75,1.2246408372552282,0.033244320355308915,False,0.5091519008962402,False,0.014236111111111116,False,False,0.6768883117467636,0.014236111111111116,True,True,-0.4274377368475098,0.10293670416157476,13.03265980764626,False,opposite_direction
582,assignment_isolation,plus_one_randomisation,True,ok,85.05115450017705,3.5992987467851507,91.07813546308032,78.35783720348721,33.94514536030236,1.0,0.001,1.0,0.001,,,,,False,True,False,True,False,0.007071067811865475,0.007081734699490117,24,24,24,0,0.0,{},0.7988910512658671,0.7149812734082397,0.0,False,True,False,True,False,False,0.0,91.0781354630803,78.35783720348721,91.0781354630803,96.25,1.1792006206253662,0.015377666236610616,False,0.5100640217927916,False,0.02256944444444442,False,False,0.6519079283581596,0.02256944444444442,True,True,0.2794166592554744,0.1271078776740849,12.924935748883657,False,opposite_direction
583,assignment_isolation,plus_one_randomisation,True,ok,95.10474825671334,4.821089440373788,102.21213351801127,84.70844186109235,35.43805976422525,1.0,0.001,1.0,0.001,,,,,False,True,False,True,False,0.007071067811865475,0.007072155325812474,24,24,24,0,0.0,{},0.8062285223367698,0.6816479400749065,0.0,False,True,False,True,False,False,0.0,102.21213351801127,84.70844186109235,102.21213351801127,95.79166666666667,1.2264662333424918,0.023323273424964795,False,0.5181524440056225,False,0.029166666666666674,False,False,0.6791829633285718,0.029166666666666674,True,True,0.6122258501367409,0.11055438856607804,14.685042643911345,False,opposite_direction
584,assignment_isolation,plus_one_randomisation,True,ok,88.34221327040903,3.437989450103367,94.81572649127406,82.61677125611595,33.72011297344275,1.0,0.001,1.0,0.001,,,,,False,True,False,True,False,0.007071067811865475,0.007054433761750367,24,24,24,0,0.0,{},0.8155438596491227,0.7416666666666667,0.0,False,True,False,True,False,False,0.0,94.81572649127406,82.61677125611595,94.81572649127406,97.29166666666667,1.1731647543230108,0.009554155456269402,False,0.5215266463381292,False,0.01388888888888895,False,False,0.6683995674334711,0.01388888888888895,True,True,-0.7909252922909553,0.2356460405705031,12.827558825724845,False,opposite_direction
585,assignment_isolation,plus_one_randomisation,True,ok,87.69369700113134,3.568794193229863,93.87113574861564,81.88650868749023,33.70072434252579,1.0,0.001,1.0,0.001,,,,,False,True,False,True,False,0.007071067811865475,0.007068460127586246,24,24,24,0,0.0,{},0.8037759992765419,0.6666666666666665,0.0,False,True,False,True,False,False,0.0,93.87113574861564,81.88650868749023,93.87113574861564,96.375,1.169273878896967,0.029459357505788934,False,0.5354659474611585,False,0.023263888888888862,False,False,0.6668829091325278,0.023263888888888862,True,True,2.38114202623252,0.2344152277504257,14.343149848755129,False,opposite_direction
586,assignment_isolation,plus_one_randomisation,True,ok,85.89269903668406,4.245144992161368,92.64394016469124,78.07153501049353,33.832873772122106,1.0,0.001,1.0,0.001,,,,,False,True,False,True,False,0.007071067811865475,0.0070675058332407064,24,24,24,0,0.0,{},0.806139417693169,0.7102836879432625,0.0,False,True,False,True,False,False,0.0,92.64394016469124,78.07153501049353,92.64394016469124,95.95833333333333,1.1711605002448116,0.025521018734972346,False,0.48660507554943705,False,0.016666666666666607,False,False,0.6583796239919146,0.016666666666666607,True,True,-2.0079916759997167,0.23159157483752238,12.41892754374772,False,opposite_direction
587,assignment_isolation,plus_one_randomisation,True,ok,87.76671852373379,4.186765380363654,95.1447142926281,80.7834118300706,33.77129525085579,1.0,0.001,1.0,0.001,,,,,False,True,False,True,False,0.007071067811865475,0.007053127448962591,24,24,24,0,0.0,{},0.8053676602219837,0.6986263736263736,0.0,False,True,False,True,False,False,0.0,95.14471429262808,80.7834118300706,95.14471429262808,96.41666666666667,1.16943344459069,0.03448979580447001,False,0.5118687590732813,False,0.037847222222222254,False,False,0.6671442531269389,0.037847222222222254,True,True,0.4223747543794028,0.15436541373239648,14.255054461427607,False,opposite_direction
588,assignment_isolation,plus_one_randomisation,True,ok,83.35825457281085,4.462703616331953,90.51269067802174,75.46267149934167,33.961970215709094,1.0,0.001,1.0,0.001,,,,,False,True,False,True,False,0.007071067811865475,0.007083013233681484,24,24,24,0,0.0,{},0.8063172043010752,0.7454343971631203,0.0,False,True,False,True,False,False,0.0,90.51269067802174,75.46267149934167,90.51269067802174,96.875,1.183823050819681,0.005823641360883052,False,0.5017171169794485,False,0.01388888888888884,False,False,0.6424172949842123,0.01388888888888884,True,True,-1.676421923481078,0.19886507333435843,13.336883830263151,False,opposite_direction
589,assignment_isolation,plus_one_randomisation,True,ok,86.16708397982376,4.396058782527071,93.19813079440462,78.45130124948994,34.35477553473115,1.0,0.001,1.0,0.001,,,,,False,True,False,True,False,0.007071067811865475,0.007038283371669478,24,24,24,0,0.0,{},0.8079385964912278,0.6870967741935485,0.0,False,True,False,True,False,False,0.0,93.19813079440462,78.45130124948994,93.19813079440462,96.75,1.1891848142715258,0.022133556786720163,False,0.5316203677143436,False,0.03541666666666665,False,False,0.6537038454859045,0.03541666666666665,True,True,0.07189749104535721,0.16599971423158053,13.785677696398741,False,opposite_direction
590,assignment_isolation,plus_one_randomisation,True,ok,95.65555171929384,4.72625008584669,105.0506822229466,88.49796397369707,35.44614477168492,1.0,0.001,1.0,0.001,,,,,False,True,False,True,False,0.007071067811865475,0.007046720239251037,24,24,24,0,0.0,{},0.7999122807017545,0.7164893617021278,0.0,False,True,False,True,False,False,0.0,105.0506822229466,88.49796397369705,105.0506822229466,96.33333333333333,1.2257850922927007,0.02192478726275318,False,0.517194666058483,False,0.04062500000000002,False,False,0.6814600213935829,0.04062500000000002,True,True,0.06614208270821739,0.15296490120080583,13.614086478281436,False,opposite_direction
591,assignment_isolation,plus_one_randomisation,True,ok,88.54707849881585,4.239592452978099,95.80499848874473,80.50063744431561,34.15428407902503,1.0,0.001,1.0,0.001,,,,,False,True,False,True,False,0.007071067811865475,0.007098193710514343,24,24,24,0,0.0,{},0.7974454594511254,0.7124526515151516,0.0,False,True,False,True,False,False,0.0,95.80499848874473,80.50063744431561,95.80499848874473,95.375,1.1838053907040655,0.003920827644418359,False,0.524522260509395,False,0.029861111111111116,False,False,0.6658794924755362,0.029861111111111116,True,True,0.34129763131498003,0.1531493274050831,12.769184195202962,False,opposite_direction
592,assignment_isolation,plus_one_randomisation,True,ok,91.45699846791968,3.45093173827872,96.84100858297104,85.82725343192894,34.48121478007623,1.0,0.001,1.0,0.001,,,,,False,True,False,True,False,0.007071067811865475,0.00707708303137755,24,24,24,0,0.0,{},0.7988915770609317,0.6535440613026821,0.0,False,True,False,True,False,False,0.0,96.84100858297104,85.82725343192892,96.84100858297104,96.29166666666667,1.197295099327065,0.012443536707343114,False,0.5286720499449484,False,0.023958333333333304,False,False,0.6737010344853767,0.023958333333333304,True,True,-1.0095373623689952,0.19003171205100514,13.734000220807072,False,opposite_direction
593,assignment_isolation,plus_one_randomisation,True,ok,88.99373605532548,3.5038942980577414,96.70792984684238,83.99510690505409,34.86640931611601,1.0,0.001,1.0,0.001,,,,,False,True,False,True,False,0.007071067811865475,0.0070346132191319985,24,24,24,0,0.0,{},0.792557668887456,0.7120786516853932,0.0,False,True,False,True,False,False,0.0,96.70792984684238,83.99510690505409,96.70792984684238,96.16666666666667,1.202623632478999,0.03681526647776136,False,0.5331446600989235,False,0.023611111111111138,False,False,0.6618092619048455,0.023611111111111138,True,True,0.4582642773794478,0.19081495296064302,13.009675141959463,False,opposite_direction
594,assignment_isolation,plus_one_randomisation,True,ok,92.02243572171905,4.395720883186373,101.99148515177437,85.86974923210066,35.25197554564657,1.0,0.001,1.0,0.001,,,,,False,True,False,True,False,0.007071067811865475,0.0070811884030619575,24,24,24,0,0.0,{},0.8206097906055461,0.6825670498084292,0.0,False,True,False,True,False,False,0.0,101.99148515177437,85.86974923210066,101.99148515177437,96.875,1.228472592484503,0.03763665500872098,False,0.5066066990438669,False,0.01909722222222221,False,False,0.666429409193475,0.01909722222222221,True,True,-0.08796520034826749,0.08508521272776624,13.209821109030164,False,opposite_direction
595,assignment_isolation,plus_one_randomisation,True,ok,87.56786721772836,4.052406051102138,94.93764635103285,80.22550461709604,33.72573163498386,1.0,0.001,1.0,0.001,,,,,False,True,False,True,False,0.007071067811865475,0.007085918795215862,24,24,24,0,0.0,{},0.8054555456203099,0.6331372549019607,0.0,False,True,False,True,False,False,0.0,94.93764635103285,80.22550461709604,94.93764635103285,95.91666666666667,1.1702390713387734,0.03209741202854096,False,0.5073400375051366,False,0.016666666666666607,False,False,0.6660323806450874,0.016666666666666607,True,True,0.2987480508721115,0.19433543150560548,14.573836465280795,False,opposite_direction
596,assignment_isolation,plus_one_randomisation,True,ok,89.69260361611425,4.889381251077344,98.13179908056877,81.44253566566508,33.93583208911246,1.0,0.001,1.0,0.001,,,,,False,True,False,True,False,0.007071067811865475,0.007079121936750006,24,24,24,0,0.0,{},0.8074594464767395,0.7184865900383142,0.0,False,True,False,True,False,False,0.0,98.13179908056877,81.44253566566508,98.13179908056877,96.375,1.1792071267161346,0.0353619221748148,False,0.5078664771971473,False,0.013194444444444398,False,False,0.6721306641446412,0.013194444444444398,True,True,-0.10567032864472646,0.14295813595798557,13.068340027731526,False,opposite_direction
597,assignment_isolation,plus_one_randomisation,True,ok,88.19770465420383,4.680820235385568,95.6986562737446,79.88496333664614,34.121552513668426,1.0,0.001,1.0,0.001,,,,,False,True,False,True,False,0.007071067811865475,0.007071846159223263,24,24,24,0,0.0,{},0.7842410680240982,0.6719348659003831,0.0,False,True,False,True,False,False,0.0,95.69865627374459,79.88496333664614,95.69865627374459,94.25,1.1713111335929582,0.0360433944000466,False,0.5167190243185442,False,0.025347222222222188,False,False,0.6683786765319045,0.025347222222222188,True,True,-0.6475234469668895,0.09496167391680933,12.481646438352751,False,opposite_direction
598,assignment_isolation,plus_one_randomisation,True,ok,89.30237013766971,4.439659987724422,96.57505601005526,81.2909946455781,34.174660750795844,1.0,0.001,1.0,0.001,,,,,False,True,False,True,False,0.007071067811865475,0.007081797658135203,24,24,24,0,0.0,{},0.7931466041340978,0.7248039215686274,0.0,False,True,False,True,False,False,0.0,96.57505601005526,81.2909946455781,96.57505601005526,94.54166666666667,1.1766013906898536,0.009691131400191288,False,0.5463355470366363,False,0.015972222222222165,False,False,0.6713354427803013,0.015972222222222165,True,True,0.3305424392816305,0.1120286132652518,13.020674585956543,False,opposite_direction
599,assignment_isolation,plus_one_randomisation,True,ok,86.95265118113885,4.4761984949214035,95.28632421181169,79.76790610697574,34.051899987918496,1.0,0.001,1.0,0.001,,,,,False,True,False,True,False,0.007071067811865475,0.0070213866428819865,24,24,24,0,0.0,{},0.8025824652777778,0.6749999999999999,0.0,False,True,False,True,False,False,0.0,95.28632421181169,79.76790610697574,95.28632421181169,95.83333333333333,1.170287427569059,0.0005432423939766723,False,0.4920595729172688,False,0.03993055555555558,False,False,0.6633511100925316,0.03993055555555558,True,True,-0.9543169005311156,0.284849826388325,13.001658009471505,False,opposite_direction
600,assignment_isolation,plus_one_randomisation,True,ok,93.49922934371415,4.149443568971415,99.91953526862486,85.51855476302356,35.1722149295849,1.0,0.001,1.0,0.001,,,,,False,True,False,True,False,0.007071067811865475,0.007099175390637539,24,24,24,0,0.0,{},0.8129654255319149,0.7446629213483148,0.0,False,True,False,True,False,False,0.0,99.91953526862487,85.51855476302357,99.91953526862487,96.29166666666667,1.2251012429316466,0.010979062258375933,False,0.5136500961098682,False,0.027430555555555625,False,False,0.6733792421543844,0.027430555555555625,True,True,-0.13963771036870304,0.24749193825927565,13.847352547903043,False,opposite_direction
601,assignment_isolation,plus_one_randomisation,True,ok,91.23691824458656,4.3097138832340045,99.07727120547382,83.98263235461184,34.03325508147507,1.0,0.001,1.0,0.001,,,,,False,True,False,True,False,0.007071067811865475,0.007028191164190422,24,24,24,0,0.0,{},0.7993968167842287,0.6914855072463768,0.0,False,True,False,True,False,False,0.0,99.07727120547382,83.98263235461184,99.07727120547382,96.75,1.1763662216500226,0.004239018587706106,False,0.5319559518592609,False,0.012847222222222232,False,False,0.6792506947259094,0.012847222222222232,True,True,0.11460761013173659,0.06279443907303892,14.258416662770607,False,opposite_direction
602,assignment_isolation,plus_one_randomisation,True,ok,86.4119552323275,3.8588684279437735,93.18237451658642,80.14632635354073,34.49351310579632,1.0,0.001,1.0,0.001,,,,,False,True,False,True,False,0.007071067811865475,0.007047215176557758,24,24,24,0,0.0,{},0.7811340445269016,0.6862887596899224,0.0,False,True,False,True,False,False,0.0,93.18237451658642,80.14632635354073,93.18237451658642,93.58333333333333,1.1757749965920412,0.0008680383468500766,False,0.4873675984804032,False,0.015277777777777724,False,False,0.6591845691931927,0.015277777777777724,True,True,-1.0293790116448671,0.1824554997991222,12.985030105502162,False,opposite_direction
603,assignment_isolation,plus_one_randomisation,True,ok,88.7721990714016,3.2843363338240623,94.72982586415642,83.05875972359335,34.40209275196915,1.0,0.001,1.0,0.001,,,,,False,True,False,True,False,0.007071067811865475,0.007044450383553026,24,24,24,0,0.0,{},0.7923933276059565,0.6702107279693483,0.0,False,True,False,True,False,False,0.0,94.72982586415644,83.05875972359335,94.72982586415644,95.91666666666667,1.1867220725589973,0.004023683657691121,False,0.4892469564297404,False,0.025000000000000022,False,False,0.6659090204473905,0.025000000000000022,True,True,1.1838287881161809,0.1548066110609576,13.414965542415267,False,opposite_direction
604,assignment_isolation,plus_one_randomisation,True,ok,88.27645282817885,3.1585835187735105,93.69161013841322,82.61200015996286,33.395746001161726,1.0,0.001,1.0,0.001,,,,,False,True,False,True,False,0.007071067811865475,0.007123763809748999,24,24,24,0,0.0,{},0.8176302027365858,0.727996254681648,0.0,False,True,False,True,False,False,0.0,93.69161013841322,82.61200015996286,93.69161013841322,96.45833333333333,1.1682627845775195,0.0138573395147785,False,0.4938210698706352,False,0.03993055555555558,False,False,0.6696846079651482,0.03993055555555558,True,True,0.48362076941200277,0.24367017150629428,13.027883670621978,False,opposite_direction
605,assignment_isolation,plus_one_randomisation,True,ok,91.43428051433129,3.4249049216716028,96.86346812881442,85.3324457130897,34.484756059110616,1.0,0.001,1.0,0.001,,,,,False,True,False,True,False,0.007071067811865475,0.007036865911489875,24,24,24,0,0.0,{},0.7671599746789654,0.6957875457875458,0.0,False,True,False,True,False,False,0.0,96.86346812881442,85.3324457130897,96.86346812881442,94.54166666666667,1.1797447820968077,0.021742639179684664,False,0.5131271525729838,False,0.026388888888888906,False,False,0.67899527948665,0.026388888888888906,True,True,-1.593940086910373,0.1289440721538493,13.145677317812005,False,opposite_direction
606,assignment_isolation,plus_one_randomisation,True,ok,94.9477770311039,3.282507982287952,101.18167290841335,89.7142075226274,34.909297044875125,1.0,0.001,1.0,0.001,,,,,False,True,False,True,False,0.007071067811865475,0.007009349909923958,24,24,24,0,0.0,{},0.7786128026479409,0.7081417624521071,0.0,False,True,False,True,False,False,0.0,101.18167290841335,89.7142075226274,101.18167290841335,96.08333333333333,1.1992587044508216,0.011133322039666667,False,0.5302889805636367,False,0.028125000000000067,False,False,0.6865880535596652,0.028125000000000067,True,True,-1.1618567920839835,0.20873063546541845,14.723367103078813,False,opposite_direction
607,assignment_isolation,plus_one_randomisation,True,ok,91.32458484560793,3.5164452080117106,98.1749824825708,85.6826117551984,35.2631675952002,1.0,0.001,1.0,0.001,,,,,False,True,False,True,False,0.007071067811865475,0.007062216640390275,24,24,24,0,0.0,{},0.7920103092783506,0.6739463601532568,0.0,False,True,False,True,False,False,0.0,98.1749824825708,85.68261175519838,98.1749824825708,94.875,1.2128532487516774,0.0023789642717273168,False,0.5147895836035535,False,0.030208333333333393,False,False,0.6683738874396591,0.030208333333333393,True,True,1.136860612964135,0.19495106777142104,13.157891043612365,False,opposite_direction
608,assignment_isolation,plus_one_randomisation,True,ok,92.43637969035973,3.9226352118984544,99.65304205751025,85.80941987621246,33.778864651702975,1.0,0.001,1.0,0.001,,,,,False,True,False,True,False,0.007071067811865475,0.0070671925679355145,24,24,24,0,0.0,{},0.7999540441176471,0.7018199233716471,0.0,False,True,False,True,False,False,0.0,99.65304205751026,85.80941987621246,99.65304205751026,96.875,1.1748105437891454,0.01420863008303237,False,0.5212694844233794,False,0.03125,False,False,0.6843966344162297,0.03125,True,True,-0.07235930158544268,0.12394128731963949,14.263187356904876,False,opposite_direction
609,assignment_isolation,plus_one_randomisation,True,ok,95.2218880925581,4.337261790351107,101.96299809134213,86.58644138284691,35.17316164230762,1.0,0.001,1.0,0.001,,,,,False,True,False,True,False,0.007071067811865475,0.007085832247254944,24,24,24,0,0.0,{},0.8006089380196523,0.6696759259259262,0.0,False,True,False,True,False,False,0.0,101.96299809134213,86.5864413828469,101.96299809134213,95.20833333333333,1.215933321476348,0.012519909940510193,False,0.5244805748934753,False,0.02256944444444442,False,False,0.6827201834367636,0.02256944444444442,True,True,0.7699264113963746,0.14546266916649997,15.244437492247568,False,opposite_direction
610,assignment_isolation,plus_one_randomisation,True,ok,95.03628832853167,4.391739839653687,102.37434755264151,87.1539113353868,34.36294134790146,1.0,0.001,1.0,0.001,,,,,False,True,False,True,False,0.007071067811865475,0.0070747105906403115,24,24,24,0,0.0,{},0.8122845379103607,0.6766666666666664,0.0,False,True,False,True,False,False,0.0,102.37434755264151,87.1539113353868,102.37434755264151,96.66666666666667,1.1951086379637097,0.004581315809784679,False,0.5356235863551424,False,0.02430555555555558,False,False,0.6881290341259034,0.02430555555555558,True,True,1.2759939026254186,0.2328848130746543,15.719970123353121,False,opposite_direction
611,assignment_isolation,plus_one_randomisation,True,ok,90.44965826196363,3.268877105120095,96.91672582269082,85.16469676118976,34.432195163132626,1.0,0.001,1.0,0.001,,,,,False,True,False,True,False,0.007071067811865475,0.00707358773102388,24,24,24,0,0.0,{},0.7956165431701031,0.6833333333333332,0.0,False,True,False,True,False,False,0.0,96.91672582269082,85.16469676118976,96.91672582269082,96.0,1.1931912953336121,0.02191072800860817,False,0.5260499537087492,False,0.007291666666666585,False,False,0.6708769902654332,0.007291666666666585,True,True,-0.6918408594097724,0.2115282657324079,13.002580404490931,False,opposite_direction
612,assignment_isolation,plus_one_randomisation,True,ok,88.76523517518166,3.5113783407035606,94.6147402759077,82.58379972355155,34.262645567900684,1.0,0.001,1.0,0.001,,,,,False,True,False,True,False,0.007071067811865475,0.007037393091541661,24,24,24,0,0.0,{},0.7864729267310788,0.6982954545454546,0.0,False,True,False,True,False,False,0.0,94.6147402759077,82.58379972355155,94.6147402759077,95.54166666666667,1.1784173142038257,0.0053329574855331624,False,0.512599081537148,False,0.03541666666666665,False,False,0.6685153988270147,0.03541666666666665,True,True,0.0630677780449584,0.08588656799502989,13.613618832992236,False,opposite_direction
613,assignment_isolation,plus_one_randomisation,True,ok,85.06070202326828,4.138115171712162,92.81495099514353,78.12562017497278,32.77674425278582,1.0,0.001,1.0,0.001,,,,,False,True,False,True,False,0.007071067811865475,0.007091307359423356,24,24,24,0,0.0,{},0.8207896925495357,0.6279116465863455,0.0,False,True,False,True,False,False,0.0,92.81495099514353,78.12562017497278,92.81495099514353,97.08333333333333,1.145076405169815,0.04918044047110176,False,0.5139445632917535,False,0.03125,False,False,0.6632673888872822,0.03125,True,True,-0.7329492830350686,0.10629583332751011,12.187487127779232,False,opposite_direction
614,assignment_isolation,plus_one_randomisation,True,ok,86.72721737081092,3.0561476331509225,91.90535933671983,81.09844077111622,33.029424602587774,1.0,0.001,1.0,0.001,,,,,False,True,False,True,False,0.007071067811865475,0.007034567714633251,24,24,24,0,0.0,{},0.8007224304904716,0.7416666666666667,0.0,False,True,False,True,False,False,0.0,91.90535933671983,81.09844077111622,91.90535933671983,97.54166666666667,1.1473700595743208,0.042120568146427034,False,0.4957228429277898,False,0.025694444444444353,False,False,0.6698111741806942,0.025694444444444353,True,True,0.9405320571845768,0.15446597909276083,13.935299343257954,False,opposite_direction
615,assignment_isolation,plus_one_randomisation,True,ok,89.14607819439614,4.202720835331058,95.7538442605724,81.08324728192197,34.34108734097912,1.0,0.001,1.0,0.001,,,,,False,True,False,True,False,0.007071067811865475,0.007012352056119122,24,24,24,0,0.0,{},0.8041236930710614,0.6331417624521072,0.0,False,True,False,True,False,False,0.0,95.7538442605724,81.08324728192197,95.7538442605724,95.58333333333333,1.1771690743691035,0.03985799943300135,False,0.507687502090532,False,0.026388888888888906,False,False,0.6705063027925946,0.026388888888888906,True,True,-0.3367685017399588,0.1182327440512441,12.519852206400628,False,opposite_direction
616,assignment_isolation,plus_one_randomisation,True,ok,92.29668565985497,4.2147620409053,98.9869339100185,84.46211180727532,33.82360176048086,1.0,0.001,1.0,0.001,,,,,False,True,False,True,False,0.007071067811865475,0.007014185245178845,24,24,24,0,0.0,{},0.797539162964695,0.6920411985018726,0.0,False,True,False,True,False,False,0.0,98.9869339100185,84.46211180727532,98.9869339100185,96.125,1.1630148617501748,0.010983163267371717,False,0.5125046293566408,False,0.03923611111111114,False,False,0.687419274293146,0.03923611111111114,True,True,-0.8058682355034569,0.1281542842499678,13.518923740475303,False,opposite_direction
617,assignment_isolation,plus_one_randomisation,True,ok,86.58783450720243,3.660907933785784,93.59032328402785,80.78166414665168,34.5879962109345,1.0,0.001,1.0,0.001,,,,,False,True,False,True,False,0.007071067811865475,0.007041560901418849,24,24,24,0,0.0,{},0.7996171875000001,0.6933734939759038,0.0,False,True,False,True,False,False,0.0,93.59032328402786,80.78166414665168,93.59032328402786,94.91666666666667,1.1864121506264884,0.012243444998816548,False,0.5046889588868753,False,0.018055555555555602,False,False,0.6564986575237898,0.018055555555555602,True,True,0.3517549083774889,0.2501129198250524,12.22357894182564,False,opposite_direction
618,assignment_isolation,plus_one_randomisation,True,ok,92.34239300333421,3.4367735308707923,97.84984058742177,86.09617720234327,34.18862031174786,1.0,0.001,1.0,0.001,,,,,False,True,False,True,False,0.007071067811865475,0.0070596434176321025,24,24,24,0,0.0,{},0.8165824915824915,0.6499999999999999,0.0,False,True,False,True,False,False,0.0,97.84984058742175,86.09617720234327,97.84984058742175,97.58333333333333,1.1921260258643376,0.009544509800887713,False,0.5158417291803018,False,0.014583333333333282,False,False,0.6787938052303366,0.014583333333333282,True,True,-0.03364875955336492,0.09807460442298682,13.574381249934495,False,opposite_direction
619,assignment_isolation,plus_one_randomisation,True,ok,88.0056750340655,4.649204155351289,96.77715809209282,80.96611239347754,34.407263600859515,1.0,0.001,1.0,0.001,,,,,False,True,False,True,False,0.007071067811865475,0.0070576399401677875,24,24,24,0,0.0,{},0.8046440972222222,0.7067028985507244,0.0,False,True,False,True,False,False,0.0,96.77715809209282,80.96611239347754,96.77715809209282,96.20833333333333,1.1909293071843137,0.029839114418201085,False,0.49956698630534424,False,0.022916666666666696,False,False,0.6612779056044493,0.022916666666666696,True,True,2.4970509376593744,0.23854232478864568,14.304233785299218,False,opposite_direction
620,assignment_isolation,plus_one_randomisation,True,ok,89.9401327813423,3.861293196082074,96.06337530732881,83.49386602044919,34.10324640639261,1.0,0.001,1.0,0.001,,,,,False,True,False,True,False,0.007071067811865475,0.007076360656918797,24,24,24,0,0.0,{},0.8019736842105263,0.724812734082397,0.0,False,True,False,True,False,False,0.0,96.06337530732883,83.49386602044919,96.06337530732883,96.04166666666667,1.1825119290543875,0.026702985395969697,False,0.5211910886855688,False,0.00868055555555558,False,False,0.6721148782178198,0.00868055555555558,True,True,0.1385589788311613,0.09190220566252168,13.561951280415924,False,opposite_direction
621,assignment_isolation,plus_one_randomisation,True,ok,84.12667644843013,3.4099272199791915,90.14233702713364,78.21426661102514,33.2124725713645,1.0,0.001,1.0,0.001,,,,,False,True,False,True,False,0.007071067811865475,0.007063382511351023,24,24,24,0,0.0,{},0.7914551096067054,0.6946496212121211,0.0,False,True,False,True,False,False,0.0,90.14233702713364,78.21426661102514,90.14233702713364,94.75,1.1417566457059458,0.010865618729968196,False,0.5266089008052856,False,0.027430555555555514,False,False,0.660164858117139,0.027430555555555514,True,True,0.11414696537082199,0.09785267360538427,12.101807004746522,False,opposite_direction
622,assignment_isolation,plus_one_randomisation,True,ok,93.7552252340552,4.023819682095867,100.7171575815516,87.33000706756906,34.26384792481411,1.0,0.001,1.0,0.001,,,,,False,True,False,True,False,0.007071067811865475,0.007079195943217271,24,24,24,0,0.0,{},0.8029863768424037,0.7200980392156862,0.0,False,True,False,True,False,False,0.0,100.7171575815516,87.33000706756906,100.7171575815516,95.41666666666667,1.18468309618091,0.046157159646232404,False,0.5253293747597301,False,0.01388888888888895,False,False,0.6864434689011353,0.01388888888888895,True,True,-1.7350303704402492,0.22383373293056674,13.85701961628004,False,opposite_direction
623,assignment_isolation,plus_one_randomisation,True,ok,84.00772792160232,3.85230304681124,91.14668575621332,77.78522183402801,33.07956085347943,1.0,0.001,1.0,0.001,,,,,False,True,False,True,False,0.007071067811865475,0.007061732971450543,24,24,24,0,0.0,{},0.8041300415988426,0.6768465909090909,0.0,False,True,False,True,False,False,0.0,91.14668575621333,77.78522183402801,91.14668575621333,96.41666666666667,1.1468776452034153,0.04795261234682545,False,0.49992492756843154,False,0.018750000000000044,False,False,0.6579031014359782,0.018750000000000044,True,True,0.1619176481758657,0.057626836440582294,12.447174635305132,False,opposite_direction
624,assignment_isolation,plus_one_randomisation,True,ok,90.17587218815162,3.8073946224037605,96.47522125684034,83.15812567160333,33.7232458933373,1.0,0.001,1.0,0.001,,,,,False,True,False,True,False,0.007071067811865475,0.007061684153496086,24,24,24,0,0.0,{},0.7905699421425905,0.6434027777777778,0.0,False,True,False,True,False,False,0.0,96.47522125684036,83.15812567160333,96.47522125684036,95.75,1.16513716103566,0.03448378166485562,False,0.5109636016938092,False,0.019791666666666652,False,False,0.6784891522971848,0.019791666666666652,True,True,-0.4636224225566036,0.13895124660414102,12.13804459169473,False,opposite_direction
625,assignment_isolation,plus_one_randomisation,True,ok,91.44666320721046,3.012639362931103,96.57753254851359,86.38688316515372,34.328927555210846,1.0,0.001,1.0,0.001,,,,,False,True,False,True,False,0.007071067811865475,0.007085582304680858,24,24,24,0,0.0,{},0.7953965454874301,0.7291208791208791,0.0,False,True,False,True,False,False,0.0,96.57753254851359,86.38688316515372,96.57753254851359,95.75,1.1900773206247808,0.0264494266465216,False,0.5224202628057084,False,0.016319444444444442,False,False,0.675876151321563,0.016319444444444442,True,True,0.2995589304764996,0.11459905207352664,13.795103292184521,False,opposite_direction
626,assignment_isolation,plus_one_randomisation,True,ok,89.74721503595225,3.022781441716843,94.40076316247244,83.85795327792461,34.7196547322712,1.0,0.001,1.0,0.001,,,,,False,True,False,True,False,0.007071067811865475,0.007054623352531745,24,24,24,0,0.0,{},0.782488952020202,0.749810606060606,0.0,False,True,False,True,False,False,0.0,94.40076316247244,83.85795327792461,94.40076316247244,95.79166666666667,1.1986243565059551,0.05999883096527219,False,0.5578355175060677,False,0.015277777777777724,False,False,0.6662644645573371,0.015277777777777724,True,True,-1.8666156380606604,0.21666860174863004,10.890252760720932,False,opposite_direction
627,assignment_isolation,plus_one_randomisation,True,ok,86.8015728293495,4.004529133083125,93.37930245620262,79.55371349769091,33.97363517455415,1.0,0.001,1.0,0.001,,,,,False,True,False,True,False,0.007071067811865475,0.00710453683944064,24,24,24,0,0.0,{},0.8058490490006447,0.7207880434782611,0.0,False,True,False,True,False,False,0.0,93.37930245620264,79.55371349769091,93.37930245620264,95.83333333333333,1.181424820965344,0.015124706062998828,False,0.5113528154545196,False,0.02951388888888884,False,False,0.6590713260595014,0.02951388888888884,True,True,-1.5388579353034746,0.2252862628240436,10.908897986687247,False,opposite_direction
628,assignment_isolation,plus_one_randomisation,True,ok,85.56918457099293,4.707896739637886,93.96257652027158,77.46727621323673,34.0150637384122,1.0,0.001,1.0,0.001,,,,,False,True,False,True,False,0.007071067811865475,0.007041532412612848,24,24,24,0,0.0,{},0.7941066247582205,0.6541198501872659,0.0,False,True,False,True,False,False,0.0,93.96257652027158,77.46727621323673,93.96257652027158,94.45833333333333,1.163934698620916,0.01072486541880296,False,0.521798012579027,False,0.030555555555555558,False,False,0.6593075496223464,0.030555555555555558,True,True,0.22517144684818688,0.22719273122586853,13.6619439818093,False,opposite_direction
629,assignment_isolation,plus_one_randomisation,True,ok,85.49301269548647,3.6682262824561342,91.90352169644453,79.70523715027943,33.588579193263485,1.0,0.001,1.0,0.001,,,,,False,True,False,True,False,0.007071067811865475,0.007033949720577685,24,24,24,0,0.0,{},0.7912335337915235,0.7164912280701756,0.0,False,True,False,True,False,False,0.0,91.90352169644454,79.70523715027943,91.90352169644454,96.25,1.158940837899096,0.003570060099285778,False,0.5301104260079346,False,0.03125,False,False,0.660613441901918,0.03125,True,True,-0.4217734372955024,0.07919696668864587,12.78730609001899,False,opposite_direction
630,assignment_isolation,plus_one_randomisation,True,ok,95.37292807252147,4.444885161800172,104.5379679817135,88.50757411355666,35.22527813247938,1.0,0.001,1.0,0.001,,,,,False,True,False,True,False,0.007071067811865475,0.007078473788117446,24,24,24,0,0.0,{},0.7840927000501469,0.6916666666666667,0.0,False,True,False,True,False,False,0.0,104.5379679817135,88.50757411355666,104.5379679817135,94.45833333333333,1.2116695742759376,0.007521110002444061,False,0.5128097777463354,False,0.025000000000000022,False,False,0.684531909027389,0.025000000000000022,True,True,1.678501202614421,0.16205142188206353,16.282751650076335,False,opposite_direction
631,assignment_isolation,plus_one_randomisation,True,ok,89.82425695498641,4.290323598758489,97.25865152803308,82.240425395986,34.46653895819427,1.0,0.001,1.0,0.001,,,,,False,True,False,True,False,0.007071067811865475,0.007056731617372102,24,24,24,0,0.0,{},0.795084754655067,0.6886704119850188,0.0,False,True,False,True,False,False,0.0,97.2586515280331,82.240425395986,97.2586515280331,95.79166666666667,1.1902416531585656,0.03349102446200587,False,0.5259342577783133,False,0.021180555555555536,False,False,0.6692160238611997,0.021180555555555536,True,True,-0.7402694591234836,0.13877217479907453,13.179382744161192,False,opposite_direction
632,assignment_isolation,plus_one_randomisation,True,ok,88.44940833604785,4.137287373146385,95.33814281281904,80.92024536781551,34.75222090190473,1.0,0.001,1.0,0.001,,,,,False,True,False,True,False,0.007071067811865475,0.007063981305169048,24,24,24,0,0.0,{},0.7952799409237378,0.7166666666666667,0.0,False,True,False,True,False,False,0.0,95.33814281281904,80.92024536781551,95.33814281281904,94.25,1.1916337339398122,0.012200759294290998,False,0.5077534131498592,False,0.04062500000000002,False,False,0.6629680150738831,0.04062500000000002,True,True,-0.46674316166624197,0.06968793188971009,12.858876531722064,False,opposite_direction
633,assignment_isolation,plus_one_randomisation,True,ok,93.41076097295588,3.842112177914616,99.30963021423884,86.30596138914316,34.777463613987436,1.0,0.001,1.0,0.001,,,,,False,True,False,True,False,0.007071067811865475,0.00706901171721317,24,24,24,0,0.0,{},0.8059791666666667,0.7113677536231884,0.0,False,True,False,True,False,False,0.0,99.30963021423884,86.30596138914318,99.30963021423884,96.5,1.2075086970762146,0.0011845347727073591,False,0.5098587365295651,False,0.021180555555555536,False,False,0.6783168324647326,0.021180555555555536,True,True,-0.7225224650366604,0.16085919185836545,13.885709176214911,False,opposite_direction
634,assignment_isolation,plus_one_randomisation,True,ok,89.54388986211295,5.205230134668102,98.05199110343212,79.433767330471,34.964952900171475,1.0,0.001,1.0,0.001,,,,,False,True,False,True,False,0.007071067811865475,0.007026006302653927,24,24,24,0,0.0,{},0.7934667209260264,0.6623015873015874,0.0,False,True,False,True,False,False,0.0,98.05199110343212,79.433767330471,98.05199110343212,96.66666666666667,1.2076743949830386,0.02606060380776426,False,0.5325529658905536,False,0.02604166666666674,False,False,0.6625600777148218,0.02604166666666674,True,True,1.2778841995893466,0.1564158112338123,13.724080449774064,False,opposite_direction
635,assignment_isolation,plus_one_randomisation,True,ok,92.51511881802867,3.6764176375859443,98.48954179208216,86.25212400937994,34.506937748518666,1.0,0.001,1.0,0.001,,,,,False,True,False,True,False,0.007071067811865475,0.00705111579945868,24,24,24,0,0.0,{},0.7872766857078853,0.7351799242424242,0.0,False,True,False,True,False,False,0.0,98.48954179208216,86.25212400937994,98.48954179208216,96.08333333333333,1.1924997658243843,0.00368040234454735,False,0.49645648930119957,False,0.015277777777777724,False,False,0.6793557195490618,0.015277777777777724,True,True,0.8444915151691261,0.16889222455008437,13.37998728398283,False,opposite_direction
636,assignment_isolation,plus_one_randomisation,True,ok,88.71463465524182,4.707306167580253,96.07113787124636,80.0178176849976,34.4500239370037,1.0,0.001,1.0,0.001,,,,,False,True,False,True,False,0.007071067811865475,0.007055190509951395,24,24,24,0,0.0,{},0.7832005360623782,0.6954343971631206,0.0,False,True,False,True,False,False,0.0,96.07113787124636,80.0178176849976,96.07113787124636,95.29166666666667,1.1863033019282003,0.015999748678939645,False,0.5020840707400588,False,0.023611111111111138,False,False,0.6657975844346025,0.023611111111111138,True,True,-0.5683207205073234,0.11499535864087541,12.836273529770828,False,opposite_direction
637,assignment_isolation,plus_one_randomisation,True,ok,85.29467218283258,4.398716012469595,92.58032277303488,77.86609260008632,33.397905624044256,1.0,0.001,1.0,0.001,,,,,False,True,False,True,False,0.007071067811865475,0.007110264301649412,24,24,24,0,0.0,{},0.8207820811170212,0.6992248062015507,0.0,False,True,False,True,False,False,0.0,92.58032277303488,77.86609260008632,92.58032277303488,96.08333333333333,1.1638553643996912,0.014326264431854096,False,0.5034031631662607,False,0.029166666666666674,False,False,0.6580988047791516,0.029166666666666674,True,True,0.9048116077810876,0.14481012132942578,13.181256743834787,False,opposite_direction
638,assignment_isolation,plus_one_randomisation,True,ok,88.56130268971829,4.803797398213898,97.510708550169,80.49482131230873,34.23724392748353,1.0,0.001,1.0,0.001,,,,,False,True,False,True,False,0.007071067811865475,0.007080109521682229,24,24,24,0,0.0,{},0.7898589683652796,0.7164855072463767,0.0,False,True,False,True,False,False,0.0,97.510708550169,80.49482131230873,97.510708550169,95.66666666666667,1.1854659878909417,0.013127479650696237,False,0.5229422749107325,False,0.027430555555555514,False,False,0.6654115069846924,0.027430555555555514,True,True,0.652943874079399,0.17808228636650383,13.978752790539913,False,opposite_direction
639,assignment_isolation,plus_one_randomisation,True,ok,98.78682919809351,3.71555603244024,105.09620069738644,91.86832289315173,35.520779181958524,1.0,0.001,1.0,0.001,,,,,False,True,False,True,False,0.007071067811865475,0.007106126158773376,24,24,24,0,0.0,{},0.8154931972789115,0.7187500000000001,0.0,False,True,False,True,False,False,0.0,105.09620069738644,91.86832289315173,105.09620069738644,95.875,1.2357712584050322,0.008085078284233589,False,0.5233126710928824,False,0.017708333333333326,False,False,0.689955169038141,0.017708333333333326,True,True,0.9638584388320212,0.09213749083318724,14.266849934212619,False,opposite_direction
640,assignment_isolation,plus_one_randomisation,True,ok,86.01563786728211,3.376553854626362,92.00649918053637,80.04830319635417,34.13901760352973,1.0,0.001,1.0,0.001,,,,,False,True,False,True,False,0.007071067811865475,0.007082904880854599,24,24,24,0,0.0,{},0.8044351374570446,0.6498062015503875,0.0,False,True,False,True,False,False,0.0,92.00649918053637,80.04830319635417,92.00649918053637,95.125,1.179179087056849,0.03124860388277729,False,0.5353212466342223,False,0.018402777777777768,False,False,0.6562995611515041,0.018402777777777768,True,True,1.1795360121683898,0.11699008068250027,13.921594228304242,False,opposite_direction
641,assignment_isolation,plus_one_randomisation,True,ok,88.6909192048724,3.0081062287682605,93.3373821540207,83.0810443623142,33.59012740566628,1.0,0.001,1.0,0.001,,,,,False,True,False,True,False,0.007071067811865475,0.00705119120308338,24,24,24,0,0.0,{},0.7994570035460995,0.7081481481481483,0.0,False,True,False,True,False,False,0.0,93.3373821540207,83.0810443623142,93.3373821540207,95.79166666666667,1.1590655866715849,0.04777269782312811,False,0.4904954530763757,False,0.022222222222222254,False,False,0.6743402567735004,0.022222222222222254,True,True,-0.6791545716722475,0.12248215459850592,12.595363832858952,False,opposite_direction
642,assignment_isolation,plus_one_randomisation,True,ok,81.18115225438169,3.75861049792647,88.20733954291978,74.74360029276704,33.39952954370914,1.0,0.001,1.0,0.001,,,,,False,True,False,True,False,0.007071067811865475,0.0070427573562049295,24,24,24,0,0.0,{},0.7881335958296362,0.6657196969696969,0.0,False,True,False,True,False,False,0.0,88.20733954291978,74.74360029276704,88.20733954291978,94.95833333333333,1.1460923706151305,0.011438060170565744,False,0.5272085184517473,False,0.033333333333333326,False,False,0.6447776025114704,0.033333333333333326,True,True,-1.0040918663956901,0.13968992229354105,13.01939972548534,False,opposite_direction
643,assignment_isolation,plus_one_randomisation,True,ok,82.93451938484476,4.142346504334911,90.09872931887678,76.77339828237609,34.008994815733445,1.0,0.001,1.0,0.001,,,,,False,True,False,True,False,0.007071067811865475,0.0070631733294689285,24,24,24,0,0.0,{},0.7834908361970219,0.6851259689922481,0.0,False,True,False,True,False,False,0.0,90.09872931887678,76.77339828237609,90.09872931887678,95.08333333333333,1.1711590086190118,0.005375939554041915,False,0.5253141409015161,False,0.009722222222222299,False,False,0.6446713672063833,0.009722222222222299,True,True,-0.40598993889074264,0.13174456111801705,12.181937986231784,False,opposite_direction
644,assignment_isolation,plus_one_randomisation,True,ok,89.22597291273318,3.319452576176807,95.89205432930383,83.95599268072725,33.943719671719144,1.0,0.001,1.0,0.001,,,,,False,True,False,True,False,0.007071067811865475,0.007114360470934781,24,24,24,0,0.0,{},0.8054216185625354,0.7197010869565219,0.0,False,True,False,True,False,False,0.0,95.89205432930383,83.95599268072725,95.89205432930383,95.04166666666667,1.177124298168878,0.008202572724219715,False,0.519676707866116,False,0.017013888888888884,False,False,0.6708531550295357,0.017013888888888884,True,True,1.3823622571960297,0.1790508550107872,14.613315173625978,False,opposite_direction
645,assignment_isolation,plus_one_randomisation,True,ok,89.67042753362051,3.391797894605405,95.54456002358775,84.07183324928435,34.52815849908399,1.0,0.001,1.0,0.001,,,,,False,True,False,True,False,0.007071067811865475,0.007015733205234936,24,24,24,0,0.0,{},0.773521505376344,0.672037037037037,0.0,False,True,False,True,False,False,0.0,95.54456002358775,84.07183324928435,95.54456002358775,94.79166666666667,1.179238272460889,0.046905844159523265,False,0.5226248849010517,False,0.04513888888888884,False,False,0.6720294561727708,0.04513888888888884,True,True,-0.9461781080079664,0.11661391087404595,11.97346845342354,False,opposite_direction
646,assignment_isolation,plus_one_randomisation,True,ok,91.43609286912057,3.088438460899638,97.06034238781027,86.55496214365547,34.98095536396928,1.0,0.001,1.0,0.001,,,,,False,True,False,True,False,0.007071067811865475,0.007060174844395005,24,24,24,0,0.0,{},0.8090622979823757,0.691470588235294,0.0,False,True,False,True,False,False,0.0,97.06034238781028,86.55496214365547,97.06034238781028,96.54166666666667,1.213317671910631,0.0072021657588630566,False,0.49815793013083237,False,0.0253472222222223,False,False,0.6686869682829283,0.0253472222222223,True,True,-0.6027337072052071,0.17712313015935635,11.942496924725527,False,opposite_direction
647,assignment_isolation,plus_one_randomisation,True,ok,97.2723561562981,4.598981675389895,106.95929842925706,90.08916453402038,35.10320974353121,1.0,0.001,1.0,0.001,,,,,False,True,False,True,False,0.007071067811865475,0.007037951269339696,24,24,24,0,0.0,{},0.8002047872340423,0.7124531835205995,0.0,False,True,False,True,False,False,0.0,106.95929842925706,90.08916453402038,106.95929842925706,96.41666666666667,1.212939516614279,0.018911035185269192,False,0.5136261067150744,False,0.017013888888888884,False,False,0.6910618560771372,0.017013888888888884,True,True,1.1252696398848547,0.13942057689317386,15.45558262402698,False,opposite_direction
648,assignment_isolation,plus_one_randomisation,True,ok,93.23874184898557,3.5803350319118903,98.99208693028777,86.38237118167268,34.566957374754686,1.0,0.001,1.0,0.001,,,,,False,True,False,True,False,0.007071067811865475,0.0070171507686180275,24,24,24,0,0.0,{},0.7863668837041056,0.7291182170542633,0.0,False,True,False,True,False,False,0.0,98.99208693028777,86.38237118167268,98.99208693028777,95.95833333333333,1.1880461583657895,0.03091694106763533,False,0.5332434456076867,False,0.03888888888888886,False,False,0.683487699423931,0.03888888888888886,True,True,-0.1910304516226162,0.14980372696317293,13.098632968309554,False,opposite_direction
649,assignment_isolation,plus_one_randomisation,True,ok,90.69494553878678,3.5596316809558566,96.4621518406685,84.426365530494,34.559496583345336,1.0,0.001,1.0,0.001,,,,,False,True,False,True,False,0.007071067811865475,0.007096422023507971,24,24,24,0,0.0,{},0.7973939393939393,0.6940860215053763,0.0,False,True,False,True,False,False,0.0,96.46215184066848,84.426365530494,96.46215184066848,95.33333333333333,1.1972896719484802,0.0038711935046939336,False,0.5009945147366468,False,0.012847222222222232,False,False,0.6706093534581404,0.012847222222222232,True,True,0.6352313212365229,0.10007157934695887,12.917693480656965,False,opposite_direction
650,assignment_isolation,plus_one_randomisation,True,ok,84.46813416473435,3.303742630234124,90.35149182933769,79.03069796080736,34.08910501472858,1.0,0.001,1.0,0.001,,,,,False,True,False,True,False,0.007071067811865475,0.00712676625037613,24,24,24,0,0.0,{},0.7954824561403511,0.7374526515151516,0.0,False,True,False,True,False,False,0.0,90.35149182933769,79.03069796080736,90.35149182933769,94.95833333333333,1.1837082105935168,0.034008208390500214,False,0.5118542257482137,False,0.028124999999999956,False,False,0.6477070362753826,0.028124999999999956,True,True,1.6245681338587254,0.14745520841553836,13.345918807502569,False,opposite_direction
651,assignment_isolation,plus_one_randomisation,True,ok,85.15774935568258,3.559114153907429,90.80171167784533,78.1201747746342,34.012602120752845,1.0,0.001,1.0,0.001,,,,,False,True,False,True,False,0.007071067811865475,0.007081099799550525,24,24,24,0,0.0,{},0.7963947990543736,0.693258426966292,0.0,False,True,False,True,False,False,0.0,90.80171167784533,78.1201747746342,90.80171167784533,95.66666666666667,1.1778524763864322,0.02588787917200677,False,0.5276827483469481,False,0.010763888888888906,False,False,0.6528436806957864,0.010763888888888906,True,True,0.23509764807687572,0.11859039249534502,12.636703431566811,False,opposite_direction
652,assignment_isolation,plus_one_randomisation,True,ok,90.95662619259099,4.105744745545028,98.19209666105436,83.8837827576133,34.10476018710313,1.0,0.001,1.0,0.001,,,,,False,True,False,True,False,0.007071067811865475,0.007066691953756512,24,24,24,0,0.0,{},0.79978046845838,0.6947010869565217,0.0,False,True,False,True,False,False,0.0,98.19209666105435,83.8837827576133,98.19209666105435,95.5,1.1776137026930584,0.02638421394664063,False,0.4971126160308254,False,0.014930555555555558,False,False,0.6777531416911579,0.014930555555555558,True,True,-1.6974459422913901,0.15660644568030363,12.304975719253266,False,opposite_direction
653,assignment_isolation,plus_one_randomisation,True,ok,95.34105224314042,3.1493205756091798,100.30721892097814,88.37955075428468,34.58730209495277,1.0,0.001,1.0,0.001,,,,,False,True,False,True,False,0.007071067811865475,0.007078962962509541,24,24,24,0,0.0,{},0.8099066773173917,0.6908730158730159,0.0,False,True,False,True,False,False,0.0,100.30721892097814,88.3795507542847,100.30721892097814,96.25,1.2010378680428033,0.0005716729472636843,False,0.5067288427572402,False,0.01388888888888895,False,False,0.6875179746701564,0.01388888888888895,True,True,-0.3006164850877233,0.10702501051738698,14.072959452215642,False,opposite_direction
654,assignment_isolation,plus_one_randomisation,True,ok,92.17256346786685,3.8078675147147565,98.53891830000177,85.26999827316104,34.72566417492414,1.0,0.001,1.0,0.001,,,,,False,True,False,True,False,0.007071067811865475,0.007040300203870998,24,24,24,0,0.0,{},0.7898864527329749,0.7038530465949822,0.0,False,True,False,True,False,False,0.0,98.53891830000175,85.26999827316104,98.53891830000175,96.29166666666667,1.1995161383552388,0.026946438963246083,False,0.5078979457591886,False,0.022222222222222254,False,False,0.6758785789566352,0.022222222222222254,True,True,-0.05912145805464111,0.10969528684552146,14.94299922760073,False,opposite_direction
655,assignment_isolation,plus_one_randomisation,True,ok,90.6132240229456,3.933701174963588,96.63037164466698,82.92497469077222,34.41796410271789,1.0,0.001,1.0,0.001,,,,,False,True,False,True,False,0.007071067811865475,0.007050873844764247,24,24,24,0,0.0,{},0.7998254368648096,0.7000000000000001,0.0,False,True,False,True,False,False,0.0,96.63037164466698,82.92497469077222,96.63037164466698,95.75,1.187319272310247,0.03020472132463712,False,0.49926976831096165,False,0.02673611111111107,False,False,0.6733690791220386,0.02673611111111107,True,True,-0.8740277489287919,0.16159853767357643,13.59399540047612,False,opposite_direction
656,assignment_isolation,plus_one_randomisation,True,ok,86.43556318786727,4.516435739105025,92.93050315669986,78.32647665336265,33.72676667237848,1.0,0.001,1.0,0.001,,,,,False,True,False,True,False,0.007071067811865475,0.00709768640599302,24,24,24,0,0.0,{},0.8287482993197279,0.6983333333333335,0.0,False,True,False,True,False,False,0.0,92.93050315669986,78.32647665336265,92.93050315669986,97.0,1.1788197047907136,0.02043288245234541,False,0.49589451506421794,False,0.023611111111111138,False,False,0.6582956906897376,0.023611111111111138,True,True,0.21015930506609612,0.09803735281967234,12.274041408614712,False,opposite_direction
657,assignment_isolation,plus_one_randomisation,True,ok,96.68456953480502,3.7043380779814994,102.92952550099432,90.18499940374652,35.35394284260301,1.0,0.001,1.0,0.001,,,,,False,True,False,True,False,0.007071067811865475,0.007075994725507937,24,24,24,0,0.0,{},0.7934738005050508,0.715925925925926,0.0,False,True,False,True,False,False,0.0,102.92952550099432,90.18499940374652,102.92952550099432,95.58333333333333,1.2228873322922964,0.009488605090793746,False,0.5009607423016689,False,0.027430555555555514,False,False,0.6861011195181139,0.027430555555555514,True,True,0.5998571036841474,0.10965018606900404,15.20094686696593,False,opposite_direction
658,assignment_isolation,plus_one_randomisation,True,ok,90.25336408818502,4.2799474329606,97.23666378463209,82.63582377523944,34.173169371545086,1.0,0.001,1.0,0.001,,,,,False,True,False,True,False,0.007071067811865475,0.007090783545873659,24,24,24,0,0.0,{},0.8139270714012983,0.6753745318352059,0.0,False,True,False,True,False,False,0.0,97.23666378463209,82.63582377523944,97.23666378463209,95.95833333333333,1.1868363514051643,0.01834292123991204,False,0.5128756693482428,False,0.025347222222222188,False,False,0.6720506474155166,0.025347222222222188,True,True,-0.02192141225472381,0.15141419589107513,14.196251314124334,False,opposite_direction
659,assignment_isolation,plus_one_randomisation,True,ok,90.88510961598938,3.453042416598231,97.07313166031632,85.33931798315787,33.426652801861,1.0,0.001,1.0,0.001,,,,,False,True,False,True,False,0.007071067811865475,0.007052303440620607,24,24,24,0,0.0,{},0.7928899985681557,0.7030092592592594,0.0,False,True,False,True,False,False,0.0,97.07313166031632,85.33931798315787,97.07313166031632,95.91666666666667,1.1543590817615867,0.008298977261819445,False,0.49607182887159407,False,0.007986111111111027,False,False,0.6846223391600778,0.007986111111111027,True,True,0.830833567551251,0.17146702521592866,14.537835289183255,False,opposite_direction
660,assignment_isolation,plus_one_randomisation,True,ok,92.34047554522226,4.421130422403574,99.58488502471474,84.68803282418395,34.50227013512105,1.0,0.001,1.0,0.001,,,,,False,True,False,True,False,0.007071067811865475,0.0070718071881442635,24,24,24,0,0.0,{},0.7914864390928222,0.6427337398373983,0.0,False,True,False,True,False,False,0.0,99.58488502471475,84.68803282418395,99.58488502471475,94.875,1.18829421030314,0.008085195820424714,False,0.5264433631972997,False,0.018402777777777768,False,False,0.679948265254081,0.018402777777777768,True,True,-2.190196916919421,0.1636513134355078,12.31838409375978,False,opposite_direction
661,assignment_isolation,plus_one_randomisation,True,ok,96.28030863311176,3.666264257098897,102.21511736252897,89.8139321875626,35.47076457084307,1.0,0.001,1.0,0.001,,,,,False,True,False,True,False,0.007071067811865475,0.007048978091721083,24,24,24,0,0.0,{},0.7887818567961163,0.6374485596707818,0.0,False,True,False,True,False,False,0.0,102.21511736252897,89.8139321875626,102.21511736252897,95.33333333333333,1.22064423433266,0.03137678179370532,False,0.5120356427028999,False,0.011458333333333237,False,False,0.6852709726699502,0.011458333333333237,True,True,-2.2968999218075323,0.1875188266189304,13.696373986358266,False,opposite_direction
662,assignment_isolation,plus_one_randomisation,True,ok,93.75057693946002,3.7340111756851435,99.78134649453966,87.5359207094979,34.27471776472676,1.0,0.001,1.0,0.001,,,,,False,True,False,True,False,0.007071067811865475,0.0070612665275153795,24,24,24,0,0.0,{},0.7897647527910685,0.6791176470588235,0.0,False,True,False,True,False,False,0.0,99.78134649453966,87.53592070949792,99.78134649453966,94.875,1.1786975757614033,0.026355898289162766,False,0.5266092925277008,False,0.018055555555555602,False,False,0.6882009887200363,0.018055555555555602,True,True,-0.41497895892541886,0.13660305302383824,15.107178815823508,False,opposite_direction
663,assignment_isolation,plus_one_randomisation,True,ok,89.34955963604806,3.1202175682475244,94.8309864274768,84.45813475068005,33.425402338981776,1.0,0.001,1.0,0.001,,,,,False,True,False,True,False,0.007071067811865475,0.007122041612140808,24,24,24,0,0.0,{},0.8142060784767191,0.7537590579710144,0.0,False,True,False,True,False,False,0.0,94.83098642747682,84.45813475068005,94.83098642747682,96.04166666666667,1.1664899425995061,0.004039043803624415,False,0.5106034355504753,False,0.03472222222222221,False,False,0.6747122013794349,0.03472222222222221,True,True,0.4313291360759939,0.1221707100594417,13.539942822268195,False,opposite_direction
664,assignment_isolation,plus_one_randomisation,True,ok,95.12116655824165,3.5146670900376766,101.67091857838028,89.23070381624309,34.65316524499615,1.0,0.001,1.0,0.001,,,,,False,True,False,True,False,0.007071067811865475,0.007032894948382193,24,24,24,0,0.0,{},0.7954364968271742,0.6870833333333334,0.0,False,True,False,True,False,False,0.0,101.67091857838028,89.23070381624309,101.67091857838028,96.41666666666667,1.1965286464406102,0.005719758391686227,False,0.49369567827072863,False,0.010069444444444464,False,False,0.6880260542584784,0.010069444444444464,True,True,-1.8342686226623288,0.20369855038860168,13.845639412925015,False,opposite_direction
665,assignment_isolation,plus_one_randomisation,True,ok,91.07409659150629,3.2165836981029328,96.76097696812343,85.40443059349079,33.975797204092814,1.0,0.001,1.0,0.001,,,,,False,True,False,True,False,0.007071067811865475,0.007037359644240787,24,24,24,0,0.0,{},0.7998281056175794,0.6575757575757576,0.0,False,True,False,True,False,False,0.0,96.76097696812343,85.40443059349077,96.76097696812343,96.5,1.1743919427435623,0.004069386513983232,False,0.5013493860067257,False,0.022222222222222143,False,False,0.6792122376680991,0.022222222222222143,True,True,0.4639343284696454,0.1484991642539174,14.44912479046571,False,opposite_direction
666,assignment_isolation,plus_one_randomisation,True,ok,90.72136447362011,3.550046714182309,96.8124951677714,84.29361624084314,33.92453797170351,1.0,0.001,1.0,0.001,,,,,False,True,False,True,False,0.007071067811865475,0.00709665197053146,24,24,24,0,0.0,{},0.8281043729372939,0.7404698581560284,0.0,False,True,False,True,False,False,0.0,96.81249516777139,84.29361624084314,96.81249516777139,97.91666666666667,1.1911481033679734,0.014742929822048903,False,0.5088634331383364,False,0.01215277777777779,False,False,0.672621740352139,0.01215277777777779,True,True,1.3399241600615281,0.1623047178783941,14.777497779863522,False,opposite_direction
667,assignment_isolation,plus_one_randomisation,True,ok,91.1371830493411,3.7964058869779285,96.84299856942432,82.62240413381821,34.51510310062739,1.0,0.001,1.0,0.001,,,,,False,True,False,True,False,0.007071067811865475,0.007083269310100198,24,24,24,0,0.0,{},0.796622149328335,0.725,0.0,False,True,False,True,False,False,0.0,96.84299856942432,82.62240413381821,96.84299856942432,95.875,1.1969213729564783,0.002400779452354823,False,0.5390028074221225,False,0.017013888888888884,False,False,0.6725249670122683,0.017013888888888884,True,True,-1.284168661586354,0.20341616559073092,13.795303697717616,False,opposite_direction
668,assignment_isolation,plus_one_randomisation,True,ok,87.7176801307944,4.486652436778927,96.4014867517333,80.99356360447686,34.2458400901241,1.0,0.001,1.0,0.001,,,,,False,True,False,True,False,0.007071067811865475,0.007047869286778993,24,24,24,0,0.0,{},0.7966277942227211,0.7207875457875459,0.0,False,True,False,True,False,False,0.0,96.40148675173332,80.99356360447686,96.40148675173332,95.875,1.1816486362404321,0.014662887164983845,False,0.5085534407061592,False,0.020486111111111094,False,False,0.6630088112367819,0.020486111111111094,True,True,0.6421296243999621,0.25558871561335195,13.621662301324358,False,opposite_direction
669,assignment_isolation,plus_one_randomisation,True,ok,87.66574829465428,3.6835180555071947,93.94665303251446,81.72135992011002,34.01937897157458,1.0,0.001,1.0,0.001,,,,,False,True,False,True,False,0.007071067811865475,0.007092814670950525,24,24,24,0,0.0,{},0.8049026268115942,0.7483333333333336,0.0,False,True,False,True,False,False,0.0,93.94665303251446,81.72135992011002,93.94665303251446,96.0,1.1820901931618428,0.010100700505748891,False,0.4916565621853006,False,0.025694444444444464,False,False,0.6626417220638656,0.025694444444444464,True,True,-1.6077535660619549,0.22775885000480484,13.364030925324126,False,opposite_direction
670,assignment_isolation,plus_one_randomisation,True,ok,90.47538713246963,3.954477268428389,97.76307471063758,84.25278803918647,34.54147560830656,1.0,0.001,1.0,0.001,,,,,False,True,False,True,False,0.007071067811865475,0.007078280121925557,24,24,24,0,0.0,{},0.7965486068164638,0.7159574468085107,0.0,False,True,False,True,False,False,0.0,97.76307471063758,84.25278803918647,97.76307471063758,95.875,1.1969922133227804,0.006496104337403314,False,0.5246280175082388,False,0.015972222222222165,False,False,0.6698002195440016,0.015972222222222165,True,True,-0.6200380816444498,0.11608308409717694,13.671050096229573,False,opposite_direction
671,assignment_isolation,plus_one_randomisation,True,ok,85.28231529028005,3.931529002980048,92.69535870677166,79.24910842508712,33.66948568976037,1.0,0.001,1.0,0.001,,,,,False,True,False,True,False,0.007071067811865475,0.007071829222633357,24,24,24,0,0.0,{},0.8243230240549828,0.6717871485943775,0.0,False,True,False,True,False,False,0.0,92.69535870677164,79.24910842508712,92.69535870677164,98.125,1.1793102848178127,0.025396280446476616,False,0.5069098107451587,False,0.01215277777777779,False,False,0.6529313439744666,0.01215277777777779,True,True,0.7394223317526653,0.15342910811085106,13.54751542778999,False,opposite_direction
672,assignment_isolation,plus_one_randomisation,True,ok,91.50538578569302,2.796134753865886,96.50315391351158,86.86510856484672,34.81837668834726,1.0,0.001,1.0,0.001,,,,,False,True,False,True,False,0.007071067811865475,0.007084156277491689,24,24,24,0,0.0,{},0.8231638488728825,0.6851259689922478,0.0,False,True,False,True,False,False,0.0,96.50315391351158,86.86510856484672,96.50315391351158,96.125,1.2091629554112973,0.0027258910013139644,False,0.5049579414468945,False,0.014583333333333282,False,False,0.6702481477256159,0.014583333333333282,True,True,1.2511720287743506,0.13948049488599457,13.859860176009832,False,opposite_direction
673,assignment_isolation,plus_one_randomisation,True,ok,92.87371316973969,4.28642471951376,99.68887642812305,84.991593490066,35.092926947325765,1.0,0.001,1.0,0.001,,,,,False,True,False,True,False,0.007071067811865475,0.00706019574999316,24,24,24,0,0.0,{},0.7974324452003022,0.7019946808510638,0.0,False,True,False,True,False,False,0.0,99.68887642812304,84.991593490066,99.68887642812304,95.41666666666667,1.2100921938859281,0.006159040267642397,False,0.48912825925525527,False,0.02430555555555547,False,False,0.6754398931022698,0.02430555555555547,True,True,0.6171229311414411,0.3072531204171736,13.960683829125571,False,opposite_direction
674,assignment_isolation,plus_one_randomisation,True,ok,92.944567271957,4.131345734441872,100.14711166865392,86.38055258052101,34.48105990309003,1.0,0.001,1.0,0.001,,,,,False,True,False,True,False,0.007071067811865475,0.0070749081508687415,24,24,24,0,0.0,{},0.8041230354532163,0.6970370370370369,0.0,False,True,False,True,False,False,0.0,100.14711166865392,86.38055258052101,100.14711166865392,95.79166666666667,1.1938101916580897,0.008271814768565523,False,0.5395387034958802,False,0.017708333333333326,False,False,0.6806280175993134,0.017708333333333326,True,True,0.86181323606862,0.19591099737923764,13.945821661339622,False,opposite_direction
675,assignment_isolation,plus_one_randomisation,True,ok,85.82578354871767,4.114826897518654,93.46721615209516,79.4004869334361,34.22315485087906,1.0,0.001,1.0,0.001,,,,,False,True,False,True,False,0.007071067811865475,0.007082032864514003,24,24,24,0,0.0,{},0.807270622895623,0.6732142857142857,0.0,False,True,False,True,False,False,0.0,93.46721615209516,79.4004869334361,93.46721615209516,95.5,1.1842671161246956,0.002266707424572484,False,0.5107575339736108,False,0.02013888888888893,False,False,0.6537720111804687,0.02013888888888893,True,True,0.4223961923618238,0.15352354905826304,12.578529978127047,False,opposite_direction
676,assignment_isolation,plus_one_randomisation,True,ok,88.26283557758636,2.734058264558538,93.16775209070046,83.70039244074074,33.90048859187712,1.0,0.001,1.0,0.001,,,,,False,True,False,True,False,0.007071067811865475,0.00708345609809219,24,24,24,0,0.0,{},0.7950797872340425,0.6934593023255814,0.0,False,True,False,True,False,False,0.0,93.16775209070046,83.70039244074074,93.16775209070046,95.625,1.1741048783334236,0.005716527379468339,False,0.48895269859841634,False,0.015625,False,False,0.6677631550739807,0.015625,True,True,1.2599905557386846,0.21713468318184073,13.676633866014196,False,opposite_direction
677,assignment_isolation,plus_one_randomisation,True,ok,85.74337674270392,4.557302985599257,93.66104846577797,77.87107580094444,34.17379661315946,1.0,0.001,1.0,0.001,,,,,False,True,False,True,False,0.007071067811865475,0.007072045709709433,24,24,24,0,0.0,{},0.8043167662449233,0.6768465909090909,0.0,False,True,False,True,False,False,0.0,93.66104846577797,77.87107580094444,93.66104846577797,96.33333333333333,1.1860324943500336,0.008392583385059077,False,0.5278051798042074,False,0.020138888888888817,False,False,0.652817383282383,0.020138888888888817,True,True,0.9684275929783608,0.18263258809634308,12.641666673351315,False,opposite_direction
678,assignment_isolation,plus_one_randomisation,True,ok,88.51319813723772,3.4988961167824124,94.92808523464103,82.67798799382271,34.9385407406748,1.0,0.001,1.0,0.001,,,,,False,True,False,True,False,0.007071067811865475,0.00708339207701507,24,24,24,0,0.0,{},0.7831597033821667,0.7583333333333333,0.0,False,True,False,True,False,False,0.0,94.92808523464105,82.67798799382271,94.92808523464105,95.54166666666667,1.2095183296905279,0.013926910821991153,False,0.5243790658657173,False,0.028819444444444398,False,False,0.6575423837701261,0.028819444444444398,True,True,0.8149104991743591,0.14689965135033312,13.81882363261855,False,opposite_direction
679,assignment_isolation,plus_one_randomisation,True,ok,92.19969958517486,3.8090142787582497,99.30459876670517,85.94922402969287,34.87497627000004,1.0,0.001,1.0,0.001,,,,,False,True,False,True,False,0.007071067811865475,0.007092472259529317,24,24,24,0,0.0,{},0.8014026136770497,0.7433333333333333,0.0,False,True,False,True,False,False,0.0,99.30459876670517,85.94922402969287,99.30459876670517,96.45833333333333,1.2146508202029291,0.009783570493372034,False,0.5235188214859804,False,0.015625,False,False,0.6713733606243679,0.015625,True,True,0.36262334752199743,0.09870112475192597,13.27812405005245,False,opposite_direction
680,assignment_isolation,plus_one_randomisation,True,ok,90.08839282949441,2.8416193178452334,94.74579221689324,85.05007194245763,34.42701488684899,1.0,0.001,1.0,0.001,,,,,False,True,False,True,False,0.007071067811865475,0.007077146167296088,24,24,24,0,0.0,{},0.7894355845515686,0.7166666666666667,0.0,False,True,False,True,False,False,0.0,94.74579221689324,85.05007194245763,94.74579221689324,94.91666666666667,1.1868580397857742,0.009234160342785071,False,0.5079211255941009,False,0.019791666666666652,False,False,0.6713665377490173,0.019791666666666652,True,True,-0.5317245391101544,0.20400349941081214,12.992642039671585,False,opposite_direction
681,assignment_isolation,plus_one_randomisation,True,ok,94.88470035110352,3.3831956423740963,100.44603063797112,89.55077791691315,34.707909498374725,1.0,0.001,1.0,0.001,,,,,False,True,False,True,False,0.007071067811865475,0.007047254183071217,24,24,24,0,0.0,{},0.7988979935408508,0.7316287878787877,0.0,False,True,False,True,False,False,0.0,100.4460306379711,89.55077791691315,100.4460306379711,96.5,1.2013845801167378,0.0025399738846304232,False,0.5024316645794225,False,0.022222222222222143,False,False,0.6857307012290774,0.022222222222222143,True,True,-0.25427519845542323,0.1256202278593701,14.965936067911693,False,opposite_direction
682,assignment_isolation,plus_one_randomisation,True,ok,97.32488578333721,5.327899120776486,105.76009891282402,88.66993755949166,35.48389691425151,1.0,0.001,1.0,0.001,,,,,False,True,False,True,False,0.007071067811865475,0.007105232808242538,24,24,24,0,0.0,{},0.8101380208333335,0.6881793478260869,0.0,False,True,False,True,False,False,0.0,105.76009891282403,88.66993755949166,105.76009891282403,95.58333333333333,1.2324539799810137,0.021463061167103774,False,0.525833807481019,False,0.019444444444444486,False,False,0.685681217032915,0.019444444444444486,True,True,-0.449432473570994,0.1269793131155699,14.139824689307813,False,opposite_direction
683,assignment_isolation,plus_one_randomisation,True,ok,90.96978202250232,2.462216807641001,95.22809900650985,87.18056644468994,34.15251929612713,1.0,0.001,1.0,0.001,,,,,False,True,False,True,False,0.007071067811865475,0.007074025867293009,24,24,24,0,0.0,{},0.8127185374149659,0.6779693486590037,0.0,False,True,False,True,False,False,0.0,95.22809900650985,87.18056644468994,95.22809900650985,97.08333333333333,1.1902323031345978,0.04033861520017386,False,0.5253832188494968,False,0.02777777777777779,False,False,0.673912461690224,0.02777777777777779,True,True,0.7466585902758403,0.1832052048540456,14.61993075690982,False,opposite_direction
684,assignment_isolation,plus_one_randomisation,True,ok,82.81559508580462,4.060283709930338,89.3103468862604,75.13978226193372,33.69703469058304,1.0,0.001,1.0,0.001,,,,,False,True,False,True,False,0.007071067811865475,0.007041339765518716,24,24,24,0,0.0,{},0.7894724658869396,0.7150709219858158,0.0,False,True,False,True,False,False,0.0,89.3103468862604,75.13978226193372,89.3103468862604,96.125,1.1631485043555108,0.01754987244075957,False,0.4883248867062912,False,0.01805555555555549,False,False,0.6468233731600652,0.01805555555555549,True,True,-0.7716413372509665,0.1365471685151705,13.262819535038702,False,opposite_direction
685,assignment_isolation,plus_one_randomisation,True,ok,91.58063303667252,3.876528568546471,97.75321179103878,85.1652152423736,34.58677985730257,1.0,0.001,1.0,0.001,,,,,False,True,False,True,False,0.007071067811865475,0.007068697480741774,24,24,24,0,0.0,{},0.7912298387096774,0.7164682539682539,0.0,False,True,False,True,False,False,0.0,97.75321179103878,85.1652152423736,97.75321179103878,95.75,1.196159023598184,0.008544662159222536,False,0.506864848143875,False,0.014930555555555558,False,False,0.6745460866300189,0.014930555555555558,True,True,1.4413136890008826,0.14477636110445724,14.201618230764891,False,opposite_direction
686,assignment_isolation,plus_one_randomisation,True,ok,87.21356775193995,3.293238130052966,92.76812839470237,81.72421270023405,34.23683767842179,1.0,0.001,1.0,0.001,,,,,False,True,False,True,False,0.007071067811865475,0.007094796149079766,24,24,24,0,0.0,{},0.8015977254428339,0.704122340425532,0.0,False,True,False,True,False,False,0.0,92.76812839470237,81.72421270023405,92.76812839470237,95.04166666666667,1.1840242343818062,0.00618632775199026,False,0.5413420464787126,False,0.044791666666666674,False,False,0.6600443130442092,0.044791666666666674,True,True,-1.0622175563660468,0.26874223098682964,11.96292451250333,False,opposite_direction
687,assignment_isolation,plus_one_randomisation,True,ok,96.01484047131208,4.043655520122691,102.58551657727774,88.43567052022391,35.15540402698815,1.0,0.001,1.0,0.001,,,,,False,True,False,True,False,0.007071067811865475,0.0070678215977646305,24,24,24,0,0.0,{},0.7918985545411985,0.7118217054263566,0.0,False,True,False,True,False,False,0.0,102.58551657727774,88.43567052022392,102.58551657727774,96.20833333333333,1.218579933171741,0.022436004131904195,False,0.5094367581885051,False,0.008333333333333304,False,False,0.6848933120755094,0.008333333333333304,True,True,-0.5993186606085835,0.2454285361232585,12.97426325154588,False,opposite_direction
688,assignment_isolation,plus_one_randomisation,True,ok,89.49566350107874,3.502176436818182,95.49909706253929,83.40677938746705,34.07645568452042,1.0,0.001,1.0,0.001,,,,,False,True,False,True,False,0.007071067811865475,0.007116007518111907,24,24,24,0,0.0,{},0.8183615365131323,0.6957885304659497,0.0,False,True,False,True,False,False,0.0,95.49909706253929,83.40677938746705,95.49909706253929,95.66666666666667,1.1858810815019891,0.0176161672321326,False,0.5228386876440968,False,0.029861111111111116,False,False,0.6692180535297437,0.029861111111111116,True,True,0.06684909293776801,0.1568604188073452,14.093315692287211,False,opposite_direction
689,assignment_isolation,plus_one_randomisation,True,ok,89.27697708116268,4.533568973968775,96.17633867396026,79.84095540160249,34.03748965339662,1.0,0.001,1.0,0.001,,,,,False,True,False,True,False,0.007071067811865475,0.007094053743586256,24,24,24,0,0.0,{},0.8206194073015549,0.6863162878787878,0.0,False,True,False,True,False,False,0.0,96.17633867396027,79.84095540160249,96.17633867396027,95.83333333333333,1.1818988174787401,0.007269188982353246,False,0.5088811789795649,False,0.02430555555555558,False,False,0.669560065283158,0.02430555555555558,True,True,-0.05378560087062377,0.11109665943233532,14.080663018281474,False,opposite_direction
690,assignment_isolation,plus_one_randomisation,True,ok,93.4485852777264,3.848601310759028,100.33134004028734,86.89659468946925,35.196850006104256,1.0,0.001,1.0,0.001,,,,,False,True,False,True,False,0.007071067811865475,0.007067927729877413,24,24,24,0,0.0,{},0.7978058024284982,0.7454343971631203,0.0,False,True,False,True,False,False,0.0,100.33134004028734,86.89659468946927,100.33134004028734,95.66666666666667,1.2165955480627098,0.011259858882236297,False,0.5269440144616417,False,0.038541666666666696,False,False,0.6757363574038551,0.038541666666666696,True,True,0.006526913648985183,0.086682416022075,14.656537215445743,False,opposite_direction
691,assignment_isolation,plus_one_randomisation,True,ok,97.84044136581974,3.620231788419575,104.18445355921753,91.99713214761458,34.92701070804593,1.0,0.001,1.0,0.001,,,,,False,True,False,True,False,0.007071067811865475,0.007033435986021356,24,24,24,0,0.0,{},0.7934675975653419,0.6704022988505747,0.0,False,True,False,True,False,False,0.0,104.18445355921752,91.99713214761458,104.18445355921752,95.20833333333333,1.1984955950270186,0.02295637869628473,False,0.5047842301330832,False,0.04166666666666663,False,False,0.6971270327074588,0.04166666666666663,True,True,0.32092834386325597,0.16123104589467804,14.205417203884915,False,opposite_direction
692,assignment_isolation,plus_one_randomisation,True,ok,86.94104933051763,4.12889816313238,93.45599630982308,79.9730543735815,33.128302714659725,1.0,0.001,1.0,0.001,,,,,False,True,False,True,False,0.007071067811865475,0.0070568073483700455,24,24,24,0,0.0,{},0.813556701030928,0.723314606741573,0.0,False,True,False,True,False,False,0.0,93.45599630982308,79.9730543735815,93.45599630982308,97.29166666666667,1.152962741704145,0.04161905630288106,False,0.5128782316899183,False,0.015625,False,False,0.6689161706161335,0.015625,True,True,-0.1420738808148025,0.11957657971275551,13.823012554347644,False,opposite_direction
693,assignment_isolation,plus_one_randomisation,True,ok,95.12165074543155,4.357076329026742,102.77397597306992,88.31823551546256,34.53413834297091,1.0,0.001,1.0,0.001,,,,,False,True,False,True,False,0.007071067811865475,0.007070759358506533,24,24,24,0,0.0,{},0.8040841584158416,0.6957859848484849,0.0,False,True,False,True,False,False,0.0,102.77397597306992,88.31823551546256,102.77397597306992,96.375,1.1985795990468573,0.03388023740336345,False,0.5179172065985815,False,0.012847222222222232,False,False,0.6874286748692197,0.012847222222222232,True,True,-0.08593751129027159,0.17150291837409942,13.634471189904758,False,opposite_direction
694,assignment_isolation,plus_one_randomisation,True,ok,87.45464718110777,3.2494749723524716,92.94877732334447,81.78529007394413,33.72434877514343,1.0,0.001,1.0,0.001,,,,,False,True,False,True,False,0.007071067811865475,0.007089086864609166,24,24,24,0,0.0,{},0.8159438434829058,0.6935132575757577,0.0,False,True,False,True,False,False,0.0,92.94877732334447,81.78529007394413,92.94877732334447,96.33333333333333,1.1732543372483104,0.004965679643136611,False,0.5346651170984871,False,0.025000000000000022,False,False,0.6645728312930141,0.025000000000000022,True,True,-0.07120135737200102,0.14684483319884303,12.947994663581156,False,opposite_direction
695,assignment_isolation,plus_one_randomisation,True,ok,94.67409874718709,3.153493561367688,100.30218643155371,89.65462192742606,35.122216676566225,1.0,0.001,1.0,0.001,,,,,False,True,False,True,False,0.007071067811865475,0.007039446543502092,24,24,24,0,0.0,{},0.7787655856783344,0.7164874551971325,0.0,False,True,False,True,False,False,0.0,100.30218643155371,89.65462192742605,100.30218643155371,95.08333333333333,1.205431779002647,0.029508952199487112,False,0.5308348185569616,False,0.03923611111111114,False,False,0.6837540400641109,0.03923611111111114,True,True,0.21931543489500324,0.14951664259703404,13.314467590929453,False,opposite_direction
696,assignment_isolation,plus_one_randomisation,True,ok,87.93868359363086,3.666105675142629,94.04351530242074,81.56603003829024,34.44297619510249,1.0,0.001,1.0,0.001,,,,,False,True,False,True,False,0.007071067811865475,0.007082363577982125,24,24,24,0,0.0,{},0.8142074649008539,0.7041193181818182,0.0,False,True,False,True,False,False,0.0,94.04351530242074,81.56603003829024,94.04351530242074,96.20833333333333,1.1963416954889798,0.002350626541408665,False,0.5391646686445887,False,0.015972222222222276,False,False,0.6592509477347724,0.015972222222222276,True,True,1.0362058800514313,0.1417373971388496,14.148752925184967,False,opposite_direction
697,assignment_isolation,plus_one_randomisation,True,ok,87.31802678327666,2.9967278911695616,92.27357735389434,81.90310183946904,34.31239458359434,1.0,0.001,1.0,0.001,,,,,False,True,False,True,False,0.007071067811865475,0.0070353635229801125,24,24,24,0,0.0,{},0.7972833870390261,0.6532520325203252,0.0,False,True,False,True,False,False,0.0,92.27357735389434,81.90310183946904,92.27357735389434,96.08333333333333,1.1831276531078356,0.0035501062267779943,False,0.5100014972269479,False,0.027430555555555514,False,False,0.6607920941233408,0.027430555555555514,True,True,-1.3744869133260724,0.25297071209992555,13.720297141970208,False,opposite_direction
698,assignment_isolation,plus_one_randomisation,True,ok,95.63914511515378,4.703250776436558,102.93309632308805,87.57826122118308,34.684034737314455,1.0,0.001,1.0,0.001,,,,,False,True,False,True,False,0.007071067811865475,0.0070978383450142745,24,24,24,0,0.0,{},0.82291598842467,0.7338709677419355,0.0,False,True,False,True,False,False,0.0,102.93309632308804,87.57826122118308,102.93309632308804,97.95833333333333,1.2182780360386831,0.03439536294096616,False,0.5108680844099914,False,0.025694444444444353,False,False,0.6835909932945836,0.025694444444444353,True,True,-0.2530385058187461,0.19791442603578738,13.910608216188857,False,opposite_direction
699,assignment_isolation,plus_one_randomisation,True,ok,91.1360865909377,3.906245838651865,97.5912227210806,83.97044584946389,34.330451587120095,1.0,0.001,1.0,0.001,,,,,False,True,False,True,False,0.007071067811865475,0.007037039148826988,24,24,24,0,0.0,{},0.7803784013605443,0.6863026819923375,0.0,False,True,False,True,False,False,0.0,97.5912227210806,83.97044584946389,97.5912227210806,95.16666666666667,1.1783706492983637,0.03321933511173068,False,0.5232224804662831,False,0.010069444444444353,False,False,0.678234926024257,0.010069444444444353,True,True,0.3436996525007095,0.0585969107046434,13.539564011269283,False,opposite_direction
700,assignment_isolation,plus_one_randomisation,True,ok,92.15294429451562,3.5346524400030974,99.08526575578416,87.11945150149246,34.322121446388955,1.0,0.001,1.0,0.001,,,,,False,True,False,True,False,0.007071067811865475,0.007077577617363033,24,24,24,0,0.0,{},0.7979470866360729,0.7320788530465949,0.0,False,True,False,True,False,False,0.0,99.08526575578416,87.11945150149246,99.08526575578416,96.125,1.1908222626276657,0.004248656022732386,False,0.48876533450392684,False,0.007986111111111138,False,False,0.6784466125446004,0.007986111111111138,True,True,0.8603480303593571,0.09234401757890015,13.875177026826687,False,opposite_direction
701,assignment_isolation,plus_one_randomisation,True,ok,92.49775782653312,3.5319533856382135,98.59292461270233,87.15921520063583,34.50345208260516,1.0,0.001,1.0,0.001,,,,,False,True,False,True,False,0.007071067811865475,0.007082600244500316,24,24,24,0,0.0,{},0.7952893518518518,0.7083333333333334,0.0,False,True,False,True,False,False,0.0,98.59292461270233,87.15921520063584,98.59292461270233,95.54166666666667,1.1943227072863938,0.021471621495014956,False,0.5059459033487455,False,0.011458333333333348,False,False,0.6787359754931761,0.011458333333333348,True,True,2.655464532679178,0.24185589088842863,16.215068238478235,False,opposite_direction
702,assignment_isolation,plus_one_randomisation,True,ok,90.22898208456309,4.703402900725329,98.4158170950325,81.99966736161751,34.48853784067454,1.0,0.001,1.0,0.001,,,,,False,True,False,True,False,0.007071067811865475,0.007072881562039024,24,24,24,0,0.0,{},0.7809660350177307,0.6801204819277109,0.0,False,True,False,True,False,False,0.0,98.4158170950325,81.99966736161751,98.4158170950325,94.41666666666667,1.1851286703218173,0.01203092088124919,False,0.513302345866694,False,0.020486111111111094,False,False,0.6724829387375624,0.020486111111111094,True,True,1.9030274604403339,0.1637349120347868,14.52552608230261,False,opposite_direction
703,assignment_isolation,plus_one_randomisation,True,ok,82.68905323090014,3.53815784138047,88.93545616044851,76.75671091132735,33.59142235831981,1.0,0.001,1.0,0.001,,,,,False,True,False,True,False,0.007071067811865475,0.007067002822739994,24,24,24,0,0.0,{},0.7871527777777777,0.7248148148148147,0.0,False,True,False,True,False,False,0.0,88.93545616044851,76.75671091132735,88.93545616044851,94.41666666666667,1.1533416999131705,0.030232884512782058,False,0.5150673146851945,False,0.029166666666666674,False,False,0.6495589153463835,0.029166666666666674,True,True,-0.8913854080008249,0.14665960103031,11.514897193994885,False,opposite_direction
704,assignment_isolation,plus_one_randomisation,True,ok,92.09359050095604,4.330459007628965,99.71454885822712,84.86555624542515,34.92872127539717,1.0,0.001,1.0,0.001,,,,,False,True,False,True,False,0.007071067811865475,0.0070658657760051865,24,24,24,0,0.0,{},0.7927652138157896,0.7202107279693486,0.0,False,True,False,True,False,False,0.0,99.71454885822713,84.86555624542515,99.71454885822713,95.875,1.208288835597654,0.013222979979705162,False,0.5285730054844741,False,0.010763888888888906,False,False,0.6728892394204253,0.010763888888888906,True,True,-0.8950439176406086,0.1201099093340889,14.353135073505817,False,opposite_direction
705,assignment_isolation,plus_one_randomisation,True,ok,91.31314153585856,3.541018689517227,97.01261331026573,84.5844021421746,34.5386485467768,1.0,0.001,1.0,0.001,,,,,False,True,False,True,False,0.007071067811865475,0.00706570431313583,24,24,24,0,0.0,{},0.7987482993197279,0.6179411764705881,0.0,False,True,False,True,False,False,0.0,97.01261331026573,84.5844021421746,97.01261331026573,95.33333333333333,1.1913879213083145,0.024051144423500367,False,0.5063181410509694,False,0.011458333333333237,False,False,0.6749389554944055,0.011458333333333237,True,True,1.4574897643449092,0.19112450955652835,13.396574411672972,False,opposite_direction
706,assignment_isolation,plus_one_randomisation,True,ok,87.88636314463152,3.5585431585242198,93.60168533533863,81.71741133821693,34.27239850541091,1.0,0.001,1.0,0.001,,,,,False,True,False,True,False,0.007071067811865475,0.00704912656103678,24,24,24,0,0.0,{},0.7893859649122807,0.7124537037037039,0.0,False,True,False,True,False,False,0.0,93.60168533533863,81.71741133821693,93.60168533533863,95.875,1.1827759897894792,0.02084096750341365,False,0.5227591394932775,False,0.017708333333333326,False,False,0.6633761938152447,0.017708333333333326,True,True,0.5825903921936522,0.12951797583315353,13.682965502467733,False,opposite_direction
707,assignment_isolation,plus_one_randomisation,True,ok,92.26574384162102,2.9411269577734993,97.19841890555468,87.10594450679247,33.87900487044262,1.0,0.001,1.0,0.001,,,,,False,True,False,True,False,0.007071067811865475,0.007014549271013071,24,24,24,0,0.0,{},0.7957916624995833,0.7207870370370372,0.0,False,True,False,True,False,False,0.0,97.19841890555468,87.10594450679247,97.19841890555468,97.375,1.1725305178786312,0.007353475582132768,False,0.4843338277049083,False,0.02187500000000009,False,False,0.6844302839029475,0.02187500000000009,True,True,0.7000600568351426,0.1393455122271845,12.98715438528501,False,opposite_direction
708,assignment_isolation,plus_one_randomisation,True,ok,90.03625188651559,5.134526336376564,98.67366496265315,80.9166338798677,34.94973199105974,1.0,0.001,1.0,0.001,,,,,False,True,False,True,False,0.007071067811865475,0.0070051931444262425,24,24,24,0,0.0,{},0.7802505147563488,0.6624537037037037,0.0,False,True,False,True,False,False,0.0,98.67366496265315,80.9166338798677,98.67366496265315,95.20833333333333,1.194459556392176,0.027682574680146923,False,0.5180624913369534,False,0.02256944444444442,False,False,0.668775428809452,0.02256944444444442,True,True,-0.9966918615616241,0.09270320082410444,13.733545496388476,False,opposite_direction
709,assignment_isolation,plus_one_randomisation,True,ok,94.30054528418684,3.1502934800446223,100.19895838291232,89.5123879409598,34.50630638530844,1.0,0.001,1.0,0.001,,,,,False,True,False,True,False,0.007071067811865475,0.007012521640228745,24,24,24,0,0.0,{},0.7832456140350879,0.7076086956521738,0.0,False,True,False,True,False,False,0.0,100.19895838291232,89.5123879409598,100.19895838291232,95.58333333333333,1.1828611795900128,0.008166557090674988,False,0.5411103187087284,False,0.029166666666666563,False,False,0.6890108517149494,0.029166666666666563,True,True,-1.7795407937707906,0.1488452245563517,15.707087322654242,False,opposite_direction
710,assignment_isolation,plus_one_randomisation,True,ok,90.49937439667337,4.122253081790924,96.48725928801827,83.5709030197306,34.44502883427391,1.0,0.001,1.0,0.001,,,,,False,True,False,True,False,0.007071067811865475,0.007026161989390322,24,24,24,0,0.0,{},0.7912915166066424,0.6581395348837211,0.0,False,True,False,True,False,False,0.0,96.48725928801827,83.5709030197306,96.48725928801827,95.79166666666667,1.184345952157187,0.024442159185232477,False,0.4922898626508739,False,0.015972222222222276,False,False,0.6738291347379592,0.015972222222222276,True,True,-1.1885997997993654,0.23396619212352593,13.707234946737136,False,opposite_direction
711,assignment_isolation,plus_one_randomisation,True,ok,91.70055293789262,4.409401744195345,99.18778099876718,84.1121680558952,34.553812080041695,1.0,0.001,1.0,0.001,,,,,False,True,False,True,False,0.007071067811865475,0.007086949482887897,24,24,24,0,0.0,{},0.7978947368421052,0.6886704119850188,0.0,False,True,False,True,False,False,0.0,99.1877809987672,84.1121680558952,99.1877809987672,95.58333333333333,1.1970613101296552,0.005097602355114873,False,0.5392399361162075,False,0.03437499999999993,False,False,0.6747494680202076,0.03437499999999993,True,True,-0.24805909114298236,0.11364000530675833,13.447136152891057,False,opposite_direction
712,assignment_isolation,plus_one_randomisation,True,ok,93.27195929700288,3.5003934942846926,100.09007509428005,87.44247638305583,34.252282725536396,1.0,0.001,1.0,0.001,,,,,False,True,False,True,False,0.007071067811865475,0.007080780040714514,24,24,24,0,0.0,{},0.813700993555317,0.7101799242424242,0.0,False,True,False,True,False,False,0.0,100.09007509428005,87.44247638305585,100.09007509428005,97.08333333333333,1.1948488438142066,0.02032569622635274,False,0.5382025107663774,False,0.00868055555555558,False,False,0.6815773667621833,0.00868055555555558,True,True,0.7377210857047157,0.12468939357404815,11.754621744182307,False,opposite_direction
713,assignment_isolation,plus_one_randomisation,True,ok,86.92240023545826,3.6283920175987268,93.03223746687843,80.66571948972958,33.89708951132478,1.0,0.001,1.0,0.001,,,,,False,True,False,True,False,0.007071067811865475,0.0070352102574708355,24,24,24,0,0.0,{},0.7988723750369712,0.6302681992337166,0.0,False,True,False,True,False,False,0.0,93.03223746687843,80.66571948972958,93.03223746687843,95.41666666666667,1.1647202234133414,0.013135891374216465,False,0.5228181751023024,False,0.02777777777777768,False,False,0.6650248495426235,0.02777777777777768,True,True,-1.1634712941016605,0.14220316373723693,13.140783277746557,False,opposite_direction
714,assignment_isolation,plus_one_randomisation,True,ok,93.39523984912894,4.139119617412598,100.5905592462539,86.3298719751308,35.14724500191883,1.0,0.001,1.0,0.001,,,,,False,True,False,True,False,0.007071067811865475,0.007050982506916978,24,24,24,0,0.0,{},0.781786283891547,0.6812734082397005,0.0,False,True,False,True,False,False,0.0,100.5905592462539,86.3298719751308,100.5905592462539,95.16666666666667,1.2087969602997448,0.03173584465954489,False,0.5140706814816268,False,0.017013888888888884,False,False,0.6778700273168315,0.017013888888888884,True,True,-0.6393298250780272,0.17692568517250643,13.91964013291341,False,opposite_direction
715,assignment_isolation,plus_one_randomisation,True,ok,88.19902222619395,4.147611203258191,94.0334717470691,79.0947261032352,34.20314054277905,1.0,0.001,1.0,0.001,,,,,False,True,False,True,False,0.007071067811865475,0.007086451824005478,24,24,24,0,0.0,{},0.8009530141843972,0.7499999999999999,0.0,False,True,False,True,False,False,0.0,94.0334717470691,79.0947261032352,94.0334717470691,96.16666666666667,1.1884395867440107,0.02575732242223909,False,0.5128022045620317,False,0.01666666666666672,False,False,0.662910725351522,0.01666666666666672,True,True,-0.24676842240194252,0.18725683625280135,12.190538312887805,False,opposite_direction
716,assignment_isolation,plus_one_randomisation,True,ok,86.41237498597326,2.8984426944543507,91.89695809085217,81.54984654937485,34.66872345812644,1.0,0.001,1.0,0.001,,,,,False,True,False,True,False,0.007071067811865475,0.007026162341826842,24,24,24,0,0.0,{},0.7935606060606062,0.7067375886524825,0.0,False,True,False,True,False,False,0.0,91.89695809085215,81.54984654937485,91.89695809085215,95.79166666666667,1.1920374504902604,0.00922413865083747,False,0.48311345657029015,False,0.014236111111111116,False,False,0.6538776756005819,0.014236111111111116,True,True,-0.20586331582475195,0.10773925324858867,14.25748232166484,False,opposite_direction
717,assignment_isolation,plus_one_randomisation,True,ok,90.94038741539178,4.5399812949407945,98.49323736470075,82.6043436183249,34.294684479172915,1.0,0.001,1.0,0.001,,,,,False,True,False,True,False,0.007071067811865475,0.007064470311082966,24,24,24,0,0.0,{},0.7928763440860217,0.7101449275362319,0.0,False,True,False,True,False,False,0.0,98.49323736470075,82.6043436183249,98.49323736470075,95.375,1.183024382636502,0.004094426288413562,False,0.5268524459492865,False,0.018750000000000044,False,False,0.6760194476275271,0.018750000000000044,True,True,-0.3500954882573227,0.12366266275703496,13.216401739811014,False,opposite_direction
718,assignment_isolation,plus_one_randomisation,True,ok,85.9173526401242,4.1391155087886595,93.30492365558351,79.36179742525387,34.24846502297259,1.0,0.001,1.0,0.001,,,,,False,True,False,True,False,0.007071067811865475,0.007037984066970683,24,24,24,0,0.0,{},0.7891742176668648,0.7287545787545788,0.0,False,True,False,True,False,False,0.0,93.30492365558352,79.36179742525387,93.30492365558352,96.08333333333333,1.1813631665343194,0.01031210519044739,False,0.5202322878012192,False,0.030902777777777724,False,False,0.6551401161433721,0.030902777777777724,True,True,-3.1000269177911535,0.25221545133225654,12.08235434777797,True,selection_limited
719,assignment_isolation,plus_one_randomisation,True,ok,92.35824692399787,4.457174586760264,98.91513116728589,83.54034323198606,33.70650290037119,1.0,0.001,1.0,0.001,,,,,False,True,False,True,False,0.007071067811865475,0.007084066178756908,24,24,24,0,0.0,{},0.8049064597470983,0.6886704119850188,0.0,False,True,False,True,False,False,0.0,98.91513116728589,83.54034323198606,98.91513116728589,96.29166666666667,1.1715495513768608,0.011021139249463087,False,0.4959066348382459,False,0.020486111111111094,False,False,0.6850811218720505,0.020486111111111094,True,True,2.4659936142909253,0.2654837909898952,15.393362626326171,False,opposite_direction
720,assignment_isolation,plus_one_randomisation,True,ok,89.51745474522828,4.155234804597808,96.91711978340399,82.4314580543134,34.422522035282434,1.0,0.001,1.0,0.001,,,,,False,True,False,True,False,0.007071067811865475,0.007045960875738582,24,24,24,0,0.0,{},0.7700636205899363,0.6870833333333333,0.0,False,True,False,True,False,False,0.0,96.91711978340398,82.4314580543134,96.91711978340398,94.66666666666667,1.1799170069313156,0.021246751531057744,False,0.5071759367942948,False,0.021874999999999978,False,False,0.6711840310835709,0.021874999999999978,True,True,-0.7983843054900255,0.11435903731090274,13.114209806784633,False,opposite_direction
721,assignment_isolation,plus_one_randomisation,True,ok,87.75107335118929,3.9991139889479212,93.96815524859772,80.29285479488632,34.306053881981036,1.0,0.001,1.0,0.001,,,,,False,True,False,True,False,0.007071067811865475,0.007078310167869581,24,24,24,0,0.0,{},0.813275989057239,0.6575842696629213,0.0,False,True,False,True,False,False,0.0,93.96815524859772,80.29285479488632,93.96815524859772,96.20833333333333,1.1909038646523888,0.016671759422050285,False,0.5274657540370208,False,0.017013888888888884,False,False,0.6601785649761173,0.017013888888888884,True,True,0.8308371519591802,0.13370638417846387,13.047002148736208,False,opposite_direction
722,assignment_isolation,plus_one_randomisation,True,ok,92.84797573493763,4.045327012578666,100.1078047495237,86.0722581377527,34.44468691554425,1.0,0.001,1.0,0.001,,,,,False,True,False,True,False,0.007071067811865475,0.007072173425544888,24,24,24,0,0.0,{},0.7935505319148937,0.7333333333333335,0.0,False,True,False,True,False,False,0.0,100.10780474952371,86.07225813775271,100.10780474952371,96.08333333333333,1.1939033713497613,0.004380175775157907,False,0.5298347362992935,False,0.007291666666666696,False,False,0.6802260758323909,0.007291666666666696,True,True,0.7918686727861773,0.06139510550187666,14.790223763027615,False,opposite_direction
723,assignment_isolation,plus_one_randomisation,True,ok,87.5767552432629,2.7765501074695083,92.9948914539478,83.66216764114819,33.88889606470441,1.0,0.001,1.0,0.001,,,,,False,True,False,True,False,0.007071067811865475,0.007038800270206002,24,24,24,0,0.0,{},0.7899938127955084,0.729119850187266,0.0,False,True,False,True,False,False,0.0,92.9948914539478,83.66216764114819,92.9948914539478,95.83333333333333,1.1675738656037569,0.02464315928459663,False,0.5304606616953338,False,0.02083333333333326,False,False,0.666928196019977,0.02083333333333326,True,True,-1.7417515371570802,0.2340271505287295,13.065504213673485,False,opposite_direction
724,assignment_isolation,plus_one_randomisation,True,ok,89.07576630561455,4.635580348650863,97.20457698764721,80.69230520821657,34.65269230491817,1.0,0.001,1.0,0.001,,,,,False,True,False,True,False,0.007071067811865475,0.0071013805936302925,24,24,24,0,0.0,{},0.7848958333333333,0.670407196969697,0.0,False,True,False,True,False,False,0.0,97.20457698764721,80.69230520821657,97.20457698764721,94.5,1.1960950137098931,0.00822666236904565,False,0.5373693608429961,False,0.018402777777777768,False,False,0.6642270642753326,0.018402777777777768,True,True,-0.7162519916460875,0.16124928618381992,13.055443878847692,False,opposite_direction
725,assignment_isolation,plus_one_randomisation,True,ok,88.5700216084032,4.0075525162602785,95.37244156209654,81.80155035141821,34.08718063365337,1.0,0.001,1.0,0.001,,,,,False,True,False,True,False,0.007071067811865475,0.0070833675099660496,24,24,24,0,0.0,{},0.8117929969017308,0.6541176470588236,0.0,False,True,False,True,False,False,0.0,95.37244156209654,81.80155035141821,95.37244156209654,96.875,1.1882469800916127,0.00837420879754866,False,0.4926327450410993,False,0.02951388888888895,False,False,0.6645635194843025,0.02951388888888895,True,True,-0.1297466056166706,0.1294724766627328,12.562976250256849,False,opposite_direction
726,assignment_isolation,plus_one_randomisation,True,ok,88.92625110265146,3.4841880602542648,95.30021495094745,83.53721498120294,33.49613101672631,1.0,0.001,1.0,0.001,,,,,False,True,False,True,False,0.007071067811865475,0.007060394216236987,24,24,24,0,0.0,{},0.8122807017543858,0.7000000000000001,0.0,False,True,False,True,False,False,0.0,95.30021495094745,83.53721498120294,95.30021495094745,97.45833333333333,1.1673553861538641,0.010697203295964219,False,0.5168612447546785,False,0.022916666666666696,False,False,0.6726923540206688,0.022916666666666696,True,True,-0.7908760688791958,0.20857549318593008,13.820738445603762,False,opposite_direction
727,assignment_isolation,plus_one_randomisation,True,ok,86.31994462004768,3.3562682891858864,92.20035248238295,80.3564978504141,34.519257306335376,1.0,0.001,1.0,0.001,,,,,False,True,False,True,False,0.007071067811865475,0.007024122100353323,24,24,24,0,0.0,{},0.781140350877193,0.6649224806201551,0.0,False,True,False,True,False,False,0.0,92.20035248238294,80.3564978504141,92.20035248238294,95.29166666666667,1.1834528537507,0.007328812609220719,False,0.527389556034617,False,0.030555555555555558,False,False,0.6562662085681489,0.030555555555555558,True,True,-2.04816186825752,0.38373368056141005,12.609062414461452,False,opposite_direction
728,assignment_isolation,plus_one_randomisation,True,ok,87.37393101647642,3.6426820944682343,93.12522654501915,80.93638795663048,34.2044246887156,1.0,0.001,1.0,0.001,,,,,False,True,False,True,False,0.007071067811865475,0.0070697475984040315,24,24,24,0,0.0,{},0.7945423641133651,0.6992424242424242,0.0,False,True,False,True,False,False,0.0,93.12522654501915,80.93638795663048,93.12522654501915,96.16666666666667,1.1856827044188996,0.021199757309464558,False,0.5150155851773123,False,0.0215277777777777,False,False,0.660211759018072,0.0215277777777777,True,True,1.0909804165682218,0.17811464604233632,13.702823822982532,False,opposite_direction
729,assignment_isolation,plus_one_randomisation,True,ok,95.49136872811812,4.352427333916434,104.34874685344101,88.98410872255113,34.668569224195856,1.0,0.001,1.0,0.001,,,,,False,True,False,True,False,0.007071067811865475,0.007048740168666066,24,24,24,0,0.0,{},0.8023336883297008,0.7030219780219781,0.0,False,True,False,True,False,False,0.0,104.34874685344101,88.98410872255113,104.34874685344101,96.5,1.2002758872850015,0.03485606030300886,False,0.5105426878350929,False,0.020486111111111094,False,False,0.6882906064009925,0.020486111111111094,True,True,0.26534407928759496,0.16235638154195955,14.180695281387976,False,opposite_direction
730,assignment_isolation,plus_one_randomisation,True,ok,87.67551266794241,3.214770245804033,92.93384230721585,81.98315567155689,34.44319680449206,1.0,0.001,1.0,0.001,,,,,False,True,False,True,False,0.007071067811865475,0.0071180107952048535,24,24,24,0,0.0,{},0.7938898382638577,0.6620639534883719,0.0,False,True,False,True,False,False,0.0,92.93384230721585,81.98315567155689,92.93384230721585,94.91666666666667,1.1942722435609694,0.0013029160536130182,False,0.522491692665764,False,0.030208333333333393,False,False,0.6587648368005772,0.030208333333333393,True,True,0.7847253280913556,0.1943190992483917,12.536310727033204,False,opposite_direction
731,assignment_isolation,plus_one_randomisation,True,ok,89.10745057948799,3.351202197348939,94.54517389104836,83.62798793320306,34.33170607776018,1.0,0.001,1.0,0.001,,,,,False,True,False,True,False,0.007071067811865475,0.007040084137467501,24,24,24,0,0.0,{},0.7966315576870188,0.7295880149812735,0.0,False,True,False,True,False,False,0.0,94.54517389104836,83.62798793320306,94.54517389104836,96.41666666666667,1.186640853450547,0.020511178319996465,False,0.5044844779117479,False,0.021180555555555536,False,False,0.6673519704786672,0.021180555555555536,True,True,0.7535192569817628,0.1776543739734337,12.820262665058726,False,opposite_direction
732,assignment_isolation,plus_one_randomisation,True,ok,93.5537563075519,3.5687707266666067,99.934104557219,87.44924909310436,34.45556270744284,1.0,0.001,1.0,0.001,,,,,False,True,False,True,False,0.007071067811865475,0.0070917389866097715,24,24,24,0,0.0,{},0.8239282133811736,0.7279554263565893,0.0,False,True,False,True,False,False,0.0,99.93410455721899,87.44924909310436,99.93410455721899,97.70833333333333,1.2076689400217149,0.0033685801437690534,False,0.5124372500172272,False,0.01736111111111116,False,False,0.6788224306118107,0.01736111111111116,True,True,1.0122221089303218,0.0964011131768826,15.512029694470126,False,opposite_direction
733,assignment_isolation,plus_one_randomisation,True,ok,90.96063320423377,3.179175964513221,97.0991511928998,86.46221125289539,33.76664071737522,1.0,0.001,1.0,0.001,,,,,False,True,False,True,False,0.007071067811865475,0.007078604049479206,24,24,24,0,0.0,{},0.806418095588751,0.7204212454212455,0.0,False,True,False,True,False,False,0.0,97.0991511928998,86.46221125289539,97.0991511928998,96.16666666666667,1.171973421865547,0.005172667975746943,False,0.5228343146902148,False,0.02013888888888893,False,False,0.6795063594318589,0.02013888888888893,True,True,-0.8143421333307171,0.07219747781682938,13.749689122517733,False,opposite_direction
734,assignment_isolation,plus_one_randomisation,True,ok,90.85492954488389,4.236284253061803,98.06901372604024,82.94357769137751,34.54255870793886,1.0,0.001,1.0,0.001,,,,,False,True,False,True,False,0.007071067811865475,0.007063440513355861,24,24,24,0,0.0,{},0.8012009935553169,0.6870588235294118,0.0,False,True,False,True,False,False,0.0,98.06901372604024,82.94357769137751,98.06901372604024,94.29166666666667,1.1846156254649065,0.004001018026796251,False,0.5094502252875522,False,0.002777777777777768,False,False,0.6751843169334135,0.002777777777777768,True,True,-0.6902099953109557,0.14780322764959888,12.711532190772107,False,opposite_direction
735,assignment_isolation,plus_one_randomisation,True,ok,91.3004696881239,3.5260065977920347,96.39422171002228,84.4672980295394,33.905240193210815,1.0,0.001,1.0,0.001,,,,,False,True,False,True,False,0.007071067811865475,0.007085924958317071,24,24,24,0,0.0,{},0.8179310838885308,0.7287719298245615,0.0,False,True,False,True,False,False,0.0,96.39422171002228,84.4672980295394,96.39422171002228,97.29166666666667,1.1848713543938103,0.01466360672168603,False,0.5401432668300051,False,0.012152777777777679,False,False,0.6768913496255267,0.012152777777777679,True,True,2.3730850320056827,0.2186728466720283,14.386543685516731,False,opposite_direction
736,assignment_isolation,plus_one_randomisation,True,ok,95.83166163080698,4.576744569772699,103.56294300058573,88.29256263098019,34.50224800191549,1.0,0.001,1.0,0.001,,,,,False,True,False,True,False,0.007071067811865475,0.007061964865294858,24,24,24,0,0.0,{},0.7851413620743519,0.6916666666666668,0.0,False,True,False,True,False,False,0.0,103.56294300058573,88.29256263098019,103.56294300058573,95.95833333333333,1.19339522974493,0.02054494205302834,False,0.49376232216066634,False,0.009375000000000022,False,False,0.6915179453839903,0.009375000000000022,True,True,-0.8890704152051322,0.16276472834386294,14.156861091385988,False,opposite_direction
737,assignment_isolation,plus_one_randomisation,True,ok,86.43581473844252,3.9249411973161186,93.63259742844971,80.22980641454947,34.08480837236981,1.0,0.001,1.0,0.001,,,,,False,True,False,True,False,0.007071067811865475,0.0070890414737336815,24,24,24,0,0.0,{},0.8096551646974578,0.7517926356589143,0.0,False,True,False,True,False,False,0.0,93.63259742844973,80.22980641454947,93.63259742844973,96.875,1.189116036157744,0.01364451694865607,False,0.5218746347273715,False,0.02083333333333337,False,False,0.6549364787703735,0.02083333333333337,True,True,0.45418376334202565,0.10873899357510762,14.067140106804759,False,opposite_direction
738,assignment_isolation,plus_one_randomisation,True,ok,88.13647877860603,3.2636844250086616,94.34968459264392,83.02257523225303,33.6035259842158,1.0,0.001,1.0,0.001,,,,,False,True,False,True,False,0.007071067811865475,0.007059451428410687,24,24,24,0,0.0,{},0.7950947788493516,0.7159649122807017,0.0,False,True,False,True,False,False,0.0,94.34968459264392,83.02257523225303,94.34968459264392,96.125,1.1629043232652088,0.005124116574141353,False,0.5175734607768426,False,0.01666666666666672,False,False,0.6708042100954881,0.01666666666666672,True,True,0.5991598042093145,0.09318279999485898,12.546993170710406,False,opposite_direction
739,assignment_isolation,plus_one_randomisation,True,ok,94.35537985860104,3.153892546804861,99.86374669242986,88.98963600919944,34.60511249329996,1.0,0.001,1.0,0.001,,,,,False,True,False,True,False,0.007071067811865475,0.007079973325982983,24,24,24,0,0.0,{},0.7874561209030779,0.7279829545454545,0.0,False,True,False,True,False,False,0.0,99.86374669242986,88.98963600919944,99.86374669242986,95.70833333333333,1.1984413024890428,0.005939173856229755,False,0.5230591555504319,False,0.012847222222222232,False,False,0.6846207804154963,0.012847222222222232,True,True,-0.37247267427484176,0.12020720669103309,12.783485461770402,False,opposite_direction
740,assignment_isolation,plus_one_randomisation,True,ok,90.52945778980022,4.556950944065529,98.36874449540721,82.90168563055286,34.07447754393002,1.0,0.001,1.0,0.001,,,,,False,True,False,True,False,0.007071067811865475,0.007100251591185737,24,24,24,0,0.0,{},0.7869224861160343,0.7029265873015873,0.0,False,True,False,True,False,False,0.0,98.36874449540721,82.90168563055286,98.36874449540721,94.25,1.174393468561329,0.052949967639695845,False,0.48446006321942975,False,0.021527777777777812,False,False,0.6770375589672547,0.021527777777777812,True,True,0.05799026942818368,0.05691601409713087,13.050527812389424,False,opposite_direction
741,assignment_isolation,plus_one_randomisation,True,ok,89.49418273747885,3.9527109663587168,96.39295077045968,83.22646770922579,33.743794499353974,1.0,0.001,1.0,0.001,,,,,False,True,False,True,False,0.007071067811865475,0.007034883688887628,24,24,24,0,0.0,{},0.7978134896570312,0.7185648148148148,0.0,False,True,False,True,False,False,0.0,96.39295077045968,83.22646770922579,96.39295077045968,96.54166666666667,1.166213969578197,0.007041332509594802,False,0.5347408494784454,False,0.02673611111111107,False,False,0.6753912206754372,0.02673611111111107,True,True,0.04385609543644496,0.18030096124428385,15.214624299466472,False,opposite_direction
742,assignment_isolation,plus_one_randomisation,True,ok,97.43470650699085,3.469878348446126,103.22779269815256,91.55192708756367,35.181796012436386,1.0,0.001,1.0,0.001,,,,,False,True,False,True,False,0.007071067811865475,0.007069001376044932,24,24,24,0,0.0,{},0.7951130319148936,0.6954022988505746,0.0,False,True,False,True,False,False,0.0,103.22779269815256,91.55192708756367,103.22779269815256,95.41666666666667,1.214669696984521,0.005246834052097538,False,0.5113914274861227,False,0.03472222222222221,False,False,0.6911454433468128,0.03472222222222221,True,True,-0.87187290313889,0.21420560445210196,13.403621307987645,False,opposite_direction
743,assignment_isolation,plus_one_randomisation,True,ok,91.97282261408584,3.4902726365277332,98.16632212764932,86.1893075234833,34.24349404555729,1.0,0.001,1.0,0.001,,,,,False,True,False,True,False,0.007071067811865475,0.0070726732132728185,24,24,24,0,0.0,{},0.8059774659863945,0.7280465949820786,0.0,False,True,False,True,False,False,0.0,98.16632212764932,86.1893075234833,98.16632212764932,96.75,1.1911244931836846,0.004191548662919099,False,0.5159408898396219,False,0.014930555555555558,False,False,0.6776452029420362,0.014930555555555558,True,True,0.958161730615667,0.17270356938234763,14.752037549212684,False,opposite_direction
744,assignment_isolation,plus_one_randomisation,True,ok,77.30390062088034,4.148909710113462,84.37722707534265,70.55893879594545,33.149086236347124,1.0,0.001,1.0,0.001,,,,,False,True,False,True,False,0.007071067811865475,0.007015142639538679,24,24,24,0,0.0,{},0.8156352124183006,0.6678571428571428,0.0,False,True,False,True,False,False,0.0,84.37722707534265,70.55893879594545,84.37722707534265,97.33333333333333,1.1471200486651485,0.011749162908733566,False,0.5231232965190435,False,0.029166666666666674,False,False,0.6245855882778972,0.029166666666666674,True,True,0.6426017666946586,0.13032225782836737,12.63060583137322,False,opposite_direction
745,assignment_isolation,plus_one_randomisation,True,ok,84.35840512503462,3.9195696277430256,90.80398397671553,77.20981352900617,33.75717443347833,1.0,0.001,1.0,0.001,,,,,False,True,False,True,False,0.007071067811865475,0.00704087785431896,24,24,24,0,0.0,{},0.7886087843642611,0.7029829545454546,0.0,False,True,False,True,False,False,0.0,90.80398397671553,77.20981352900617,90.80398397671553,96.20833333333333,1.1656528987025643,0.0028217575433478717,False,0.5179690481144469,False,0.018749999999999933,False,False,0.6532259454801643,0.018749999999999933,True,True,-1.5488587353565937,0.1724846487984054,12.588874844866568,False,opposite_direction
746,assignment_isolation,plus_one_randomisation,True,ok,96.61409200467263,3.123127846407996,102.80723877270522,91.99879748260196,35.07662650317068,1.0,0.001,1.0,0.001,,,,,False,True,False,True,False,0.007071067811865475,0.007051724856763648,24,24,24,0,0.0,{},0.7951420230675549,0.7124542124542125,0.0,False,True,False,True,False,False,0.0,102.80723877270522,91.99879748260196,102.80723877270522,96.20833333333333,1.213080235927733,0.009480267421911989,False,0.5104905887434424,False,0.007291666666666696,False,False,0.6886664135973369,0.007291666666666696,True,True,-0.1900240056336556,0.07730436618840655,13.888025931353699,False,opposite_direction
747,assignment_isolation,plus_one_randomisation,True,ok,95.05455977048867,3.458581965989892,100.66130975483028,88.9429555377245,35.39465410681946,1.0,0.001,1.0,0.001,,,,,False,True,False,True,False,0.007071067811865475,0.007016183367314409,24,24,24,0,0.0,{},0.7882080800997349,0.7113553113553116,0.0,False,True,False,True,False,False,0.0,100.66130975483027,88.9429555377245,100.66130975483027,95.79166666666667,1.2152691474438089,0.019537363345418078,False,0.5168594060651529,False,0.026388888888888906,False,False,0.682287490138744,0.026388888888888906,True,True,0.056892727686124286,0.18367210526873318,13.563317362128195,False,opposite_direction
748,assignment_isolation,plus_one_randomisation,True,ok,92.68837230783349,4.138854263156287,99.40247198506391,85.6082289802079,34.194524318717974,1.0,0.001,1.0,0.001,,,,,False,True,False,True,False,0.007071067811865475,0.007041382363679718,24,24,24,0,0.0,{},0.7977253401360543,0.6870879120879121,0.0,False,True,False,True,False,False,0.0,99.40247198506391,85.6082289802079,99.40247198506391,96.54166666666667,1.1828832856371083,0.015650351890159724,False,0.5107799905841418,False,0.018402777777777768,False,False,0.6829305773165019,0.018402777777777768,True,True,0.04854131486617505,0.14839025922663665,14.907745814435392,False,opposite_direction
749,assignment_isolation,plus_one_randomisation,True,ok,93.40947761645067,4.055805702415131,99.64809326978595,85.92846004191722,34.55532495960876,1.0,0.001,1.0,0.001,,,,,False,True,False,True,False,0.007071067811865475,0.007059903976832508,24,24,24,0,0.0,{},0.7889482821637426,0.6833333333333332,0.0,False,True,False,True,False,False,0.0,99.64809326978595,85.92846004191722,99.64809326978595,95.20833333333333,1.1902036048154494,0.01434553500393025,False,0.5054342864700286,False,0.01736111111111116,False,False,0.6834930965710405,0.01736111111111116,True,True,-2.015750617761423,0.22675143599400777,13.868491201544067,False,opposite_direction
750,assignment_isolation,plus_one_randomisation,True,ok,95.09394428752898,4.802580940564188,103.86127781054846,87.46876657868762,34.78451876054505,1.0,0.001,1.0,0.001,,,,,False,True,False,True,False,0.007071067811865475,0.007036728569175257,24,24,24,0,0.0,{},0.7912371134020618,0.7304029304029304,0.0,False,True,False,True,False,False,0.0,103.86127781054846,87.46876657868762,103.86127781054846,97.41666666666667,1.2079346389089793,0.03335636007172793,False,0.5301648221820822,False,0.01666666666666672,False,False,0.6845877802580509,0.01666666666666672,True,True,1.1923703362389406,0.22622108897756907,14.25650180174307,False,opposite_direction
751,assignment_isolation,plus_one_randomisation,True,ok,94.59237980426133,4.586754666849355,103.47685056006515,87.00172656991369,35.07488868948363,1.0,0.001,1.0,0.001,,,,,False,True,False,True,False,0.007071067811865475,0.0070657467855434536,24,24,24,0,0.0,{},0.788771458215431,0.6787037037037036,0.0,False,True,False,True,False,False,0.0,103.47685056006515,87.00172656991369,103.47685056006515,94.75,1.206185170546705,0.01772596440824705,False,0.4991115636340931,False,0.032638888888888884,False,False,0.68322480680429,0.032638888888888884,True,True,0.4258593180200891,0.07804599376058187,14.294943094357494,False,opposite_direction
752,assignment_isolation,plus_one_randomisation,True,ok,86.06427126181255,3.6454932186892215,92.58362759982538,80.30226186672104,33.49502130587911,1.0,0.001,1.0,0.001,,,,,False,True,False,True,False,0.007071067811865475,0.007066562351279299,24,24,24,0,0.0,{},0.8182185374149659,0.6863918439716311,0.0,False,True,False,True,False,False,0.0,92.58362759982538,80.30226186672104,92.58362759982538,97.5,1.1685862335786388,0.02568229346756368,False,0.5053807628565508,False,0.02430555555555558,False,False,0.6599902256244315,0.02430555555555558,True,True,-0.27506741037150506,0.17255905721205672,12.582909004110023,False,opposite_direction
753,assignment_isolation,plus_one_randomisation,True,ok,87.77612936450096,3.587518684615476,93.69728552709287,81.92790698789271,33.63612701669845,1.0,0.001,1.0,0.001,,,,,False,True,False,True,False,0.007071067811865475,0.007086982888996139,24,24,24,0,0.0,{},0.7957256944444444,0.655232558139535,0.0,False,True,False,True,False,False,0.0,93.69728552709289,81.92790698789271,93.69728552709289,95.83333333333333,1.166797982384587,0.03546371744963786,False,0.5021230725494457,False,0.01909722222222232,False,False,0.668030331381841,0.01909722222222232,True,True,2.400979466749282,0.2264822172012393,14.624886133991039,False,opposite_direction
754,assignment_isolation,plus_one_randomisation,True,ok,89.17631949258491,3.433264996228151,95.76441032051589,83.86671807376716,34.23506581467153,1.0,0.001,1.0,0.001,,,,,False,True,False,True,False,0.007071067811865475,0.007085141034017329,24,24,24,0,0.0,{},0.7931576614408361,0.6998084291187737,0.0,False,True,False,True,False,False,0.0,95.76441032051589,83.86671807376716,95.76441032051589,95.16666666666667,1.183129000915946,0.0027473883093496,False,0.5045537400617265,False,0.018749999999999933,False,False,0.668750899660048,0.018749999999999933,True,True,1.1461641597463925,0.12513417313954567,15.624619038580379,False,opposite_direction
755,assignment_isolation,plus_one_randomisation,True,ok,91.0075102840885,4.220055648567895,97.28479459905252,83.04702526538115,34.09583692454269,1.0,0.001,1.0,0.001,,,,,False,True,False,True,False,0.007071067811865475,0.007074705602115398,24,24,24,0,0.0,{},0.7940201333058474,0.7244565217391303,0.0,False,True,False,True,False,False,0.0,97.28479459905252,83.04702526538115,97.28479459905252,95.5,1.1786406564457643,0.009834304479823832,False,0.5309611202365716,False,0.030555555555555558,False,False,0.6776397317684393,0.030555555555555558,True,True,-1.3525215793034218,0.18938566206370702,12.200336874904972,False,opposite_direction
756,assignment_isolation,plus_one_randomisation,True,ok,90.84431538175569,3.610994996364297,97.8624301970143,85.47569077011482,35.11472328903074,1.0,0.001,1.0,0.001,,,,,False,True,False,True,False,0.007071067811865475,0.007050313467493422,24,24,24,0,0.0,{},0.7946108620215762,0.7316287878787879,0.0,False,True,False,True,False,False,0.0,97.8624301970143,85.47569077011481,97.8624301970143,95.70833333333333,1.2109955808409185,0.009098027321049725,False,0.5144168041679795,False,0.011111111111111072,False,False,0.6669720583206028,0.011111111111111072,True,True,1.2239472167959526,0.1424263148161322,12.910065330871355,False,opposite_direction
757,assignment_isolation,plus_one_randomisation,True,ok,98.09430972786538,3.6121786903716218,104.3485126526721,91.72716696182404,35.294714137639716,1.0,0.001,1.0,0.001,,,,,False,True,False,True,False,0.007071067811865475,0.007009688564734856,24,24,24,0,0.0,{},0.7938106796116505,0.7164794007490637,0.0,False,True,False,True,False,False,0.0,104.34851265267211,91.72716696182404,104.34851265267211,96.33333333333333,1.2141341931443679,0.009655344272657969,False,0.503847221908098,False,0.026736111111111183,False,False,0.6936126079409667,0.026736111111111183,True,True,-0.4109382029442692,0.1013767009142795,14.149144504654396,False,opposite_direction
758,assignment_isolation,plus_one_randomisation,True,ok,95.58394836080997,3.939104677343089,102.48250795441339,89.25699945221194,34.87136412794229,1.0,0.001,1.0,0.001,,,,,False,True,False,True,False,0.007071067811865475,0.007029641378912883,24,24,24,0,0.0,{},0.8041247895622895,0.6868773946360152,0.0,False,True,False,True,False,False,0.0,102.48250795441339,89.25699945221193,102.48250795441339,96.08333333333333,1.2014235526443213,0.033657261243947044,False,0.520818094690214,False,0.027430555555555514,False,False,0.6882952584157223,0.027430555555555514,True,True,-0.7200437411468736,0.1387205334342088,14.63674686105933,False,opposite_direction
759,assignment_isolation,plus_one_randomisation,True,ok,91.3489749652601,3.7152052332929757,97.45685808157783,84.31792477942092,34.37034225929268,1.0,0.001,1.0,0.001,,,,,False,True,False,True,False,0.007071067811865475,0.007065487960836806,24,24,24,0,0.0,{},0.8079579955293095,0.7519474637681158,0.0,False,True,False,True,False,False,0.0,97.45685808157783,84.31792477942092,97.45685808157783,97.20833333333333,1.1971477963888453,0.03657634297865989,False,0.525976467213624,False,0.012847222222222232,False,False,0.6733112771048706,0.012847222222222232,True,True,-0.9276345230450824,0.3280189124006333,13.783981454591776,False,opposite_direction
760,assignment_isolation,plus_one_randomisation,True,ok,90.41961580973786,4.443299209345804,98.16398709519778,83.5946511227319,34.22385904445965,1.0,0.001,1.0,0.001,,,,,False,True,False,True,False,0.007071067811865475,0.007070981014661974,24,24,24,0,0.0,{},0.7910964912280702,0.7207899305555555,0.0,False,True,False,True,False,False,0.0,98.16398709519778,83.5946511227319,98.16398709519778,95.625,1.1832169382115043,0.0026013956856139166,False,0.51047753599031,False,0.02083333333333337,False,False,0.6738556211071103,0.02083333333333337,True,True,1.3218509511177952,0.20477029906469216,14.63184779405792,False,opposite_direction
761,assignment_isolation,plus_one_randomisation,True,ok,89.74179726582707,3.755684304915181,95.86281182251167,83.44322039817125,34.274158512978794,1.0,0.001,1.0,0.001,,,,,False,True,False,True,False,0.007071067811865475,0.007100969071976937,24,24,24,0,0.0,{},0.7958333333333334,0.6666666666666666,0.0,False,True,False,True,False,False,0.0,95.86281182251167,83.44322039817125,95.86281182251167,95.95833333333333,1.1920535749273085,0.0567339502815627,False,0.504410820156767,False,0.023611111111111138,False,False,0.6683045812590249,0.023611111111111138,True,True,1.0180925456628536,0.07229188448076956,13.279934775528895,False,opposite_direction
762,assignment_isolation,plus_one_randomisation,True,ok,88.49613837531712,3.6800304899534395,94.57956112840948,82.09557034798942,34.35146486619904,1.0,0.001,1.0,0.001,,,,,False,True,False,True,False,0.007071067811865475,0.007073507522923148,24,24,24,0,0.0,{},0.7686386064593304,0.7149425287356324,0.0,False,True,False,True,False,False,0.0,94.57956112840948,82.09557034798942,94.57956112840948,93.33333333333333,1.1737307268121926,0.00806153354475067,False,0.5558140777180236,False,0.01215277777777779,False,False,0.6688699431882508,0.01215277777777779,True,True,0.5028288120462598,0.06831836113806997,16.375298399088784,False,opposite_direction
763,assignment_isolation,plus_one_randomisation,True,ok,87.92277899140144,3.2661228128418824,94.04082834452143,82.53214509100692,34.18014741676898,1.0,0.001,1.0,0.001,,,,,False,True,False,True,False,0.007071067811865475,0.007056262482136524,24,24,24,0,0.0,{},0.7821974734042552,0.6867647058823529,0.0,False,True,False,True,False,False,0.0,94.04082834452144,82.53214509100692,94.04082834452144,95.70833333333333,1.179759654521492,0.0019971598426120865,False,0.5273719370409856,False,0.009722222222222188,False,False,0.6645006650528611,0.009722222222222188,True,True,0.5355536635033561,0.19042881372231604,13.881685550083711,False,opposite_direction
764,assignment_isolation,plus_one_randomisation,True,ok,89.10036791970946,3.6586328970231876,95.52371866793591,82.86482099369019,34.58391960863354,1.0,0.001,1.0,0.001,,,,,False,True,False,True,False,0.007071067811865475,0.00710274367069723,24,24,24,0,0.0,{},0.8039382212769309,0.7483695652173913,0.0,False,True,False,True,False,False,0.0,95.52371866793591,82.86482099369019,95.52371866793591,96.16666666666667,1.2044329843961594,0.018362530044669874,False,0.5172320748111702,False,0.023611111111111138,False,False,0.6616926521562081,0.023611111111111138,True,True,-0.8268169355292098,0.09170326090231183,14.676020241321021,False,opposite_direction
765,assignment_isolation,plus_one_randomisation,True,ok,88.10162364735508,3.769821228542447,94.71307220747583,81.25925059591746,34.50588422859176,1.0,0.001,1.0,0.001,,,,,False,True,False,True,False,0.007071067811865475,0.0070628400267675456,24,24,24,0,0.0,{},0.810142006802721,0.7000000000000001,0.0,False,True,False,True,False,False,0.0,94.71307220747583,81.25925059591746,94.71307220747583,97.33333333333333,1.202190614673123,0.02007569964482121,False,0.5072939281529444,False,0.020486111111111094,False,False,0.6580878912488214,0.020486111111111094,True,True,1.2220900107883625,0.19411904293535992,14.123792122267705,False,opposite_direction
766,assignment_isolation,plus_one_randomisation,True,ok,87.33862850407242,3.3435081247547878,94.01499772681206,82.18894512549524,33.99303301380463,1.0,0.001,1.0,0.001,,,,,False,True,False,True,False,0.007071067811865475,0.007103726248740194,24,24,24,0,0.0,{},0.8114142305107527,0.7289930555555555,0.0,False,True,False,True,False,False,0.0,94.01499772681206,82.18894512549524,94.01499772681206,96.0,1.182991853413925,0.009521589783081064,False,0.5026570231238734,False,0.017708333333333326,False,False,0.6609261074122031,0.017708333333333326,True,True,-0.8639841933351379,0.20055468874804788,11.63997019182446,False,opposite_direction
767,assignment_isolation,plus_one_randomisation,True,ok,97.35175197723065,4.2978630897746,104.29018493592442,89.66847460245751,35.57139961700734,1.0,0.001,1.0,0.001,,,,,False,True,False,True,False,0.007071067811865475,0.007052105240204756,24,24,24,0,0.0,{},0.7954526128633272,0.6867063492063492,0.0,False,True,False,True,False,False,0.0,104.29018493592442,89.6684746024575,104.29018493592442,95.33333333333333,1.2246504089787313,0.010915049190328055,False,0.5220935518723469,False,0.006249999999999978,False,False,0.6880080083802884,0.006249999999999978,True,True,-0.818059368848895,0.11007488704395303,14.613825236687406,False,opposite_direction
768,assignment_isolation,plus_one_randomisation,True,ok,88.93868256657795,3.9127061063267883,96.51176412520643,82.69821464964889,34.449047853165624,1.0,0.001,1.0,0.001,,,,,False,True,False,True,False,0.007071067811865475,0.007054852067164717,24,24,24,0,0.0,{},0.784506900866577,0.6287306201550388,0.0,False,True,False,True,False,False,0.0,96.51176412520643,82.69821464964889,96.51176412520643,94.83333333333333,1.1833566253801144,0.01521159284765632,False,0.5086264419195522,False,0.010763888888888906,False,False,0.6676803665696287,0.010763888888888906,True,True,-0.39652937041321673,0.2018576780649046,11.69744277995926,False,opposite_direction
769,assignment_isolation,plus_one_randomisation,True,ok,86.87311740494596,4.060841831323511,93.87159488141688,79.61021395180587,33.9469396960047,1.0,0.001,1.0,0.001,,,,,False,True,False,True,False,0.007071067811865475,0.007079224262387943,24,24,24,0,0.0,{},0.8048250135648398,0.7164658634538152,0.0,False,True,False,True,False,False,0.0,93.8715948814169,79.61021395180587,93.8715948814169,96.20833333333333,1.1785897217364645,0.03205343022086047,False,0.5121966434594578,False,0.023958333333333304,False,False,0.6603081450176405,0.023958333333333304,True,True,0.8135531629296019,0.1823798938259607,13.048617229384229,False,opposite_direction
770,assignment_isolation,plus_one_randomisation,True,ok,83.09686042326072,3.1614018980774454,88.1751790024278,77.23579433488442,33.847359492236755,1.0,0.001,1.0,0.001,,,,,False,True,False,True,False,0.007071067811865475,0.007018017794551616,24,24,24,0,0.0,{},0.7864825961179545,0.7287590579710145,0.0,False,True,False,True,False,False,0.0,88.1751790024278,77.23579433488442,88.1751790024278,95.95833333333333,1.163457735848928,0.031594450020516536,False,0.4929041692010064,False,0.02013888888888893,False,False,0.6480575158926014,0.02013888888888893,True,True,0.05224043553931665,0.20274403121903076,11.838798937921688,False,opposite_direction
771,assignment_isolation,plus_one_randomisation,True,ok,92.95109474125121,3.9851327771454894,100.24839177128534,86.64842279597188,34.55558795616455,1.0,0.001,1.0,0.001,,,,,False,True,False,True,False,0.007071067811865475,0.007052453376056939,24,24,24,0,0.0,{},0.79472493899184,0.699290780141844,0.0,False,True,False,True,False,False,0.0,100.24839177128534,86.64842279597188,100.24839177128534,95.70833333333333,1.1920744824888805,0.003969757222484131,False,0.5064768146250676,False,0.025000000000000022,False,False,0.6811755134032302,0.025000000000000022,True,True,0.9441833804432073,0.16926408148827413,14.667406994012994,False,opposite_direction
772,assignment_isolation,plus_one_randomisation,True,ok,95.07944989136979,3.3794718094237712,101.08434393858157,89.49254142763996,35.11942424441119,1.0,0.001,1.0,0.001,,,,,False,True,False,True,False,0.007071067811865475,0.007080342680029177,24,24,24,0,0.0,{},0.8095228852410528,0.7374542124542126,0.0,False,True,False,True,False,False,0.0,101.08434393858157,89.49254142763998,101.08434393858157,96.79166666666667,1.2231807939359494,0.031193767273698936,False,0.512322889576537,False,0.011458333333333348,False,False,0.6800543047973018,0.011458333333333348,True,True,-0.7883119893350229,0.10471556725472277,14.618946839477717,False,opposite_direction
773,assignment_isolation,plus_one_randomisation,True,ok,90.14596306062053,3.329016942992749,95.713713023131,83.85139294691739,34.050851891953386,1.0,0.001,1.0,0.001,,,,,False,True,False,True,False,0.007071067811865475,0.007033154000867425,24,24,24,0,0.0,{},0.7802808895297251,0.7041218637992831,0.0,False,True,False,True,False,False,0.0,95.713713023131,83.85139294691739,95.713713023131,96.125,1.173995113919107,0.013758000252985163,False,0.5190420842035364,False,0.03402777777777777,False,False,0.6756130495112007,0.03402777777777777,True,True,-0.056600138061420696,0.09775551483689975,13.490472636867015,False,opposite_direction
774,assignment_isolation,plus_one_randomisation,True,ok,91.21934373663309,2.3461245167737776,95.26728617080826,87.39112045635308,34.26039983178832,1.0,0.001,1.0,0.001,,,,,False,True,False,True,False,0.007071067811865475,0.007004878050178613,24,24,24,0,0.0,{},0.797378289473684,0.712087912087912,0.0,False,True,False,True,False,False,0.0,95.26728617080828,87.39112045635308,95.26728617080828,97.04166666666667,1.18206711025391,0.02292259452795096,False,0.5225330420899691,False,0.027430555555555514,False,False,0.6774298040336943,0.027430555555555514,True,True,-0.8654051240785476,0.18411080374841787,13.878192696873457,False,opposite_direction
775,assignment_isolation,plus_one_randomisation,True,ok,92.59325926879137,3.9696157271808934,98.86084952947769,85.50621839631482,34.92261103188272,1.0,0.001,1.0,0.001,,,,,False,True,False,True,False,0.007071067811865475,0.007061878951473398,24,24,24,0,0.0,{},0.7995585430968726,0.7317028985507246,0.0,False,True,False,True,False,False,0.0,98.86084952947768,85.50621839631482,98.86084952947768,96.375,1.2105400870117917,0.006244196758635204,False,0.5149171076946066,False,0.025000000000000022,False,False,0.6741957167139794,0.025000000000000022,True,True,0.3201047414332854,0.21933370155739496,13.184209693566341,False,opposite_direction
776,assignment_isolation,plus_one_randomisation,True,ok,91.33917290076262,3.9623423061507568,98.11866222900022,84.41532790994414,34.121654898889915,1.0,0.001,1.0,0.001,,,,,False,True,False,True,False,0.007071067811865475,0.007057640034875936,24,24,24,0,0.0,{},0.7905991137637909,0.7101532567049805,0.0,False,True,False,True,False,False,0.0,98.11866222900022,84.41532790994414,98.11866222900022,95.29166666666667,1.1754037069840761,0.01888906235010529,False,0.5408795373671577,False,0.030208333333333393,False,False,0.6799498351528028,0.030208333333333393,True,True,0.1751894718207845,0.2144090513361721,13.649400972872154,False,opposite_direction
777,assignment_isolation,plus_one_randomisation,True,ok,92.495414060214,3.595281508848821,98.47275016893371,86.05486066226686,33.88570614853945,1.0,0.001,1.0,0.001,,,,,False,True,False,True,False,0.007071067811865475,0.007069955412829884,24,24,24,0,0.0,{},0.7914473684210526,0.7164772727272726,0.0,False,True,False,True,False,False,0.0,98.47275016893371,86.05486066226688,98.47275016893371,95.83333333333333,1.1726313932499954,0.05397837416975313,False,0.5215199294266231,False,0.01388888888888895,False,False,0.685279361159385,0.01388888888888895,True,True,-0.13706287550989527,0.21431455883087158,14.273224103870328,False,opposite_direction
778,assignment_isolation,plus_one_randomisation,True,ok,93.53661823556014,3.3760030993853265,98.96777082609147,87.89697040744548,34.450707545028045,1.0,0.001,1.0,0.001,,,,,False,True,False,True,False,0.007071067811865475,0.007092603270994913,24,24,24,0,0.0,{},0.7963239734299516,0.7248148148148148,0.0,False,True,False,True,False,False,0.0,98.96777082609147,87.8969704074455,98.96777082609147,95.54166666666667,1.1941811859265916,0.009215848981236136,False,0.5084075861724955,False,0.028819444444444398,False,False,0.6827894848761871,0.028819444444444398,True,True,0.5819779513958538,0.08878528554124195,13.21442962367597,False,opposite_direction
779,assignment_isolation,plus_one_randomisation,True,ok,80.34389963726028,3.8379666175105633,87.71647060841242,73.76146038347625,33.50841917353882,1.0,0.001,1.0,0.001,,,,,False,True,False,True,False,0.007071067811865475,0.007062834279930488,24,24,24,0,0.0,{},0.7915807560137458,0.6446078431372548,0.0,False,True,False,True,False,False,0.0,87.71647060841242,73.76146038347625,87.71647060841242,94.875,1.1526006352998073,0.0016961884351562966,False,0.5063392128365316,False,0.018055555555555602,False,False,0.6383667390996668,0.018055555555555602,True,True,-3.0128303895135398,0.19577654789456644,10.331774399678306,True,selection_limited
780,assignment_isolation,plus_one_randomisation,True,ok,95.55955915351849,4.5420079181442965,103.67313125179246,87.58147861233053,34.73827985702349,1.0,0.001,1.0,0.001,,,,,False,True,False,True,False,0.007071067811865475,0.007104710648820824,24,24,24,0,0.0,{},0.7809609261801265,0.7287500000000001,0.0,False,True,False,True,False,False,0.0,103.67313125179244,87.58147861233051,103.67313125179244,94.75,1.2011972202404704,0.016920147278726587,False,0.5018430417290218,False,0.022916666666666696,False,False,0.6882719441594749,0.022916666666666696,True,True,2.7460029642220687,0.23843712656849672,16.206133818203142,False,opposite_direction
781,assignment_isolation,plus_one_randomisation,True,ok,94.98297812854521,3.6062545371822985,102.28572005667642,89.17452836038632,35.413524494797244,1.0,0.001,1.0,0.001,,,,,False,True,False,True,False,0.007071067811865475,0.0070194573086041654,24,24,24,0,0.0,{},0.7938193491191947,0.6491967871485943,0.0,False,True,False,True,False,False,0.0,102.28572005667642,89.17452836038632,102.28572005667642,95.16666666666667,1.2125094217421772,0.04222228250322958,False,0.5088426477052096,False,0.017013888888888884,False,False,0.6828298871902843,0.017013888888888884,True,True,0.3486415934729042,0.16425416764968226,13.369817095199219,False,opposite_direction
782,assignment_isolation,plus_one_randomisation,True,ok,84.47297114055594,2.947351909098223,89.3208555719808,79.50031062444046,33.37168428887361,1.0,0.001,1.0,0.001,,,,,False,True,False,True,False,0.007071067811865475,0.007106007017166529,24,24,24,0,0.0,{},0.797516835016835,0.7120639534883721,0.0,False,True,False,True,False,False,0.0,89.3208555719808,79.50031062444046,89.3208555719808,95.16666666666667,1.1566878976096904,0.010385955555178896,False,0.5092590641776759,False,0.031597222222222276,False,False,0.6567480334149011,0.031597222222222276,True,True,0.32479531981453835,0.13977551506014863,11.423647923030606,False,opposite_direction
783,assignment_isolation,plus_one_randomisation,True,ok,93.9492973880859,4.248905696167269,100.43173652715893,86.60689530851846,35.28332424743086,1.0,0.001,1.0,0.001,,,,,False,True,False,True,False,0.007071067811865475,0.007063443499574824,24,24,24,0,0.0,{},0.7877975190412188,0.7136015325670497,0.0,False,True,False,True,False,False,0.0,100.43173652715893,86.60689530851846,100.43173652715893,95.0,1.2145566560561376,0.013536055256734757,False,0.49335307591080607,False,0.01041666666666674,False,False,0.6782910705180075,0.01041666666666674,True,True,1.293811855834048,0.1012602782478937,13.910077509990039,False,opposite_direction
784,assignment_isolation,plus_one_randomisation,True,ok,91.00153767151892,4.615652188209197,98.00939492463381,82.70524643183674,34.31959979814125,1.0,0.001,1.0,0.001,,,,,False,True,False,True,False,0.007071067811865475,0.007043100038983902,24,24,24,0,0.0,{},0.7994472789115645,0.6732758620689656,0.0,False,True,False,True,False,False,0.0,98.00939492463381,82.70524643183674,98.00939492463381,95.83333333333333,1.1831351945730548,0.02409863688299172,False,0.5013234229607954,False,0.01909722222222232,False,False,0.6762305864587679,0.01909722222222232,True,True,-0.061281957120863664,0.10353386517212891,13.75641892798711,False,opposite_direction
785,assignment_isolation,plus_one_randomisation,True,ok,90.54711478374833,2.7679604292413695,95.11011177426263,85.21437567223798,34.10489104583769,1.0,0.001,1.0,0.001,,,,,False,True,False,True,False,0.007071067811865475,0.007076732925019415,24,24,24,0,0.0,{},0.8103105888820175,0.7253314393939394,0.0,False,True,False,True,False,False,0.0,95.11011177426263,85.21437567223798,95.11011177426263,96.70833333333333,1.1867286462172242,0.02333005111063667,False,0.5144185456520215,False,0.018750000000000044,False,False,0.6732835268096737,0.018750000000000044,True,True,-0.6002645755255517,0.18079527296980497,14.312221003901728,False,opposite_direction
786,assignment_isolation,plus_one_randomisation,True,ok,92.15952850379402,4.127037071450241,99.02506693469459,85.15407347273569,35.2093365577462,1.0,0.001,1.0,0.001,,,,,False,True,False,True,False,0.007071067811865475,0.007079215960277177,24,24,24,0,0.0,{},0.7991345749158247,0.7235648148148149,0.0,False,True,False,True,False,False,0.0,99.0250669346946,85.15407347273569,99.0250669346946,95.625,1.218705388779994,0.02122137898278996,False,0.5216671793150329,False,0.01388888888888884,False,False,0.6699737297656188,0.01388888888888884,True,True,-1.2276746979166282,0.13915497651172576,12.39695749132987,False,opposite_direction
787,assignment_isolation,plus_one_randomisation,True,ok,95.88659141166185,4.387367295786911,103.04057399754011,88.1341299353231,35.05309205498338,1.0,0.001,1.0,0.001,,,,,False,True,False,True,False,0.007071067811865475,0.007029076135357796,24,24,24,0,0.0,{},0.7853079035973773,0.7084821428571427,0.0,False,True,False,True,False,False,0.0,103.04057399754011,88.13412993532309,103.04057399754011,95.70833333333333,1.2052286914374146,0.00040615612828344405,False,0.49449358536146665,False,0.023263888888888862,False,False,0.6882949320783793,0.023263888888888862,True,True,-0.1460933401532,0.09818161754596182,14.92869231471396,False,opposite_direction
788,assignment_isolation,plus_one_randomisation,True,ok,82.78891764028585,3.0562591895600417,88.60738879093485,78.14836563908715,33.41473900219587,1.0,0.001,1.0,0.001,,,,,False,True,False,True,False,0.007071067811865475,0.007113512326344582,24,24,24,0,0.0,{},0.8097955500017353,0.6954819277108432,0.0,False,True,False,True,False,False,0.0,88.60738879093485,78.14836563908715,88.60738879093485,96.41666666666667,1.1669929232271092,0.018850722146163512,False,0.5290156211310107,False,0.034375000000000044,False,False,0.6453886207370693,0.034375000000000044,True,True,-0.46141917908052954,0.07924594565378572,12.113754031648261,False,opposite_direction
789,assignment_isolation,plus_one_randomisation,True,ok,87.97945245587535,3.3355098846074287,93.83734981492097,82.48277969733468,34.0396186379272,1.0,0.001,1.0,0.001,,,,,False,True,False,True,False,0.007071067811865475,0.007075086702152172,24,24,24,0,0.0,{},0.7842321908602152,0.724810606060606,0.0,False,True,False,True,False,False,0.0,93.83734981492097,82.48277969733468,93.83734981492097,95.25,1.175219391019248,0.01200776396034273,False,0.5177711533750758,False,0.030902777777777835,False,False,0.6661989602751337,0.030902777777777835,True,True,0.711262596204248,0.13469220511453942,13.51371129812501,False,opposite_direction
790,assignment_isolation,plus_one_randomisation,True,ok,91.88332633779669,3.3722252275217466,97.52413953286121,86.41197771032948,35.72009772247722,1.0,0.001,1.0,0.001,,,,,False,True,False,True,False,0.007071067811865475,0.007068161985296366,24,24,24,0,0.0,{},0.7811350166687246,0.6241666666666665,0.0,False,True,False,True,False,False,0.0,97.52413953286121,86.41197771032948,97.52413953286121,93.45833333333333,1.220388629339799,0.025371892407519706,False,0.5008287255720304,False,0.026736111111111183,False,False,0.6683386649630645,0.026736111111111183,True,True,0.9764148931442586,0.1320553313122604,12.925796256896636,False,opposite_direction
791,assignment_isolation,plus_one_randomisation,True,ok,91.67360868862089,3.501780097897641,97.60053013535972,85.18532709486449,34.577821523028,1.0,0.001,1.0,0.001,,,,,False,True,False,True,False,0.007071067811865475,0.007048983118611738,24,24,24,0,0.0,{},0.7914516663087057,0.712063953488372,0.0,False,True,False,True,False,False,0.0,97.60053013535973,85.18532709486449,97.60053013535973,95.66666666666667,1.1919949737994133,0.0032930551282076568,False,0.493656301030661,False,0.010069444444444353,False,False,0.6761932407373984,0.010069444444444353,True,True,-0.07223443282512593,0.11888935626716111,13.817925365434787,False,opposite_direction
792,assignment_isolation,plus_one_randomisation,True,ok,91.41723712788632,4.484119195310644,99.60491462591904,84.11856197051787,34.59094281592561,1.0,0.001,1.0,0.001,,,,,False,True,False,True,False,0.007071067811865475,0.007063345555972627,24,24,24,0,0.0,{},0.8037800276360545,0.6870967741935484,0.0,False,True,False,True,False,False,0.0,99.60491462591904,84.11856197051787,99.60491462591904,95.91666666666667,1.1964371675417143,0.007616774990649342,False,0.5283929968093988,False,0.016666666666666607,False,False,0.6738047469471464,0.016666666666666607,True,True,0.3933261230247902,0.09214207137559484,12.28696707784664,False,opposite_direction
793,assignment_isolation,plus_one_randomisation,True,ok,87.90306242173112,3.8159402354242986,93.89005887912221,80.70347233001102,33.75226341761322,1.0,0.001,1.0,0.001,,,,,False,True,False,True,False,0.007071067811865475,0.00707892688939378,24,24,24,0,0.0,{},0.8079532163742691,0.6966117216117215,0.0,False,True,False,True,False,False,0.0,93.89005887912221,80.70347233001102,93.89005887912221,96.41666666666667,1.1730496373757047,0.02254925982293235,False,0.5182362684669649,False,0.022222222222222254,False,False,0.6665674270586812,0.022222222222222254,True,True,-0.0846315353795543,0.09960801904486181,13.283043992462161,False,opposite_direction
794,assignment_isolation,plus_one_randomisation,True,ok,90.34134964555865,2.7906855834361117,94.64816818678213,84.91190340512283,34.55913928602813,1.0,0.001,1.0,0.001,,,,,False,True,False,True,False,0.007071067811865475,0.007058437863868254,24,24,24,0,0.0,{},0.7892963591775137,0.6787202380952381,0.0,False,True,False,True,False,False,0.0,94.64816818678213,84.91190340512283,94.64816818678213,95.125,1.1895668491338205,0.007757721083161089,False,0.5219501378408276,False,0.02013888888888893,False,False,0.6715607610277285,0.02013888888888893,True,True,0.5653965384312404,0.13058372739977403,15.112774060562614,False,opposite_direction
795,assignment_isolation,plus_one_randomisation,True,ok,87.2019628399035,3.0774375407935914,92.02420884582733,81.82272925238978,33.83794248078987,1.0,0.001,1.0,0.001,,,,,False,True,False,True,False,0.007071067811865475,0.007065896146876048,24,24,24,0,0.0,{},0.8011363636363638,0.7317708333333334,0.0,False,True,False,True,False,False,0.0,92.02420884582733,81.82272925238978,92.02420884582733,95.875,1.170560569198231,0.014043291106042244,False,0.5252952040748684,False,0.026388888888888906,False,False,0.6643477639940534,0.026388888888888906,True,True,0.05890043602042168,0.21399642244476066,13.7189047547601,False,opposite_direction
796,assignment_isolation,plus_one_randomisation,True,ok,93.22278441590362,3.7280630974513556,99.51227280792993,87.34576062149428,34.25402892769904,1.0,0.001,1.0,0.001,,,,,False,True,False,True,False,0.007071067811865475,0.0070413191351480576,24,24,24,0,0.0,{},0.7973247898391814,0.7159340659340662,0.0,False,True,False,True,False,False,0.0,99.51227280792993,87.34576062149428,99.51227280792993,96.45833333333333,1.1844195567173785,0.03523063617899757,False,0.5179975721348884,False,0.02604166666666674,False,False,0.6845119977494875,0.02604166666666674,True,True,0.29946963131772897,0.24621237247740826,14.328576337996386,False,opposite_direction
797,assignment_isolation,plus_one_randomisation,True,ok,87.28908512730759,3.0321844923171635,92.72534082515345,82.5053481804421,34.23435302973117,1.0,0.001,1.0,0.001,,,,,False,True,False,True,False,0.007071067811865475,0.007064008070665967,24,24,24,0,0.0,{},0.799785657259884,0.6659003831417625,0.0,False,True,False,True,False,False,0.0,92.72534082515345,82.5053481804421,92.72534082515345,94.5,1.175436629318775,0.006261989113015306,False,0.5005781915873228,False,0.004513888888888817,False,False,0.6631504378319201,0.004513888888888817,True,True,-0.6157901341635532,0.23316360655807677,12.801595735873574,False,opposite_direction
798,assignment_isolation,plus_one_randomisation,True,ok,91.6418707740141,3.9962286541915018,99.11124175033406,84.54539276865572,34.94292215329254,1.0,0.001,1.0,0.001,,,,,False,True,False,True,False,0.007071067811865475,0.007049043807246657,24,24,24,0,0.0,{},0.7704234850294633,0.6957843137254904,0.0,False,True,False,True,False,False,0.0,99.11124175033406,84.54539276865572,99.11124175033406,94.79166666666667,1.1990699361766428,0.008018041707862475,False,0.4958988135360706,False,0.01388888888888895,False,False,0.6738989266929141,0.01388888888888895,True,True,-0.6084189674738171,0.05909712384344992,13.390951122947223,False,opposite_direction
799,assignment_isolation,plus_one_randomisation,True,ok,88.64941200008646,4.398384023911722,96.87538326943843,81.67562275509643,34.43244619225938,1.0,0.001,1.0,0.001,,,,,False,True,False,True,False,0.007071067811865475,0.007082742097271345,24,24,24,0,0.0,{},0.8097028508771928,0.703021978021978,0.0,False,True,False,True,False,False,0.0,96.87538326943843,81.67562275509643,96.87538326943843,95.41666666666667,1.1911087919673458,0.004642905995497221,False,0.5058412368195648,False,0.01909722222222232,False,False,0.6639920896492095,0.01909722222222232,True,True,1.652279099877622,0.17520151935021838,13.231327113756032,False,opposite_direction
800,assignment_isolation,plus_one_randomisation,True,ok,93.7308755943261,4.478316616266172,100.91313229317197,85.32521595596545,35.21645335421744,1.0,0.001,1.0,0.001,,,,,False,True,False,True,False,0.007071067811865475,0.0070419368536706,24,24,24,0,0.0,{},0.805455326460481,0.7066287878787879,0.0,False,True,False,True,False,False,0.0,100.91313229317196,85.32521595596545,100.91313229317196,96.375,1.2172784744165144,0.004469413050477314,False,0.5138675676981092,False,0.011111111111111183,False,False,0.6766321720896527,0.011111111111111183,True,True,-0.5602057629996898,0.1205002373655708,13.87935699601351,False,opposite_direction
801,assignment_isolation,plus_one_randomisation,True,ok,95.91479582699152,4.370605879242167,103.07293207020062,88.09092752494054,34.076639612508465,1.0,0.001,1.0,0.001,,,,,False,True,False,True,False,0.007071067811865475,0.007058164742324683,24,24,24,0,0.0,{},0.8143817204301076,0.7054659498207886,0.0,False,True,False,True,False,False,0.0,103.07293207020062,88.09092752494054,103.07293207020062,96.5,1.1813598674833081,0.0008438877188442233,False,0.517394116070097,False,0.014236111111111116,False,False,0.6952782255187905,0.014236111111111116,True,True,0.4787783628832599,0.1202590016186919,14.301495544769825,False,opposite_direction
802,assignment_isolation,plus_one_randomisation,True,ok,95.55749941634046,4.102240231331534,102.55354468333138,88.70655557440614,35.12940172565916,1.0,0.001,1.0,0.001,,,,,False,True,False,True,False,0.007071067811865475,0.0070694393997653105,24,24,24,0,0.0,{},0.8093855218855217,0.737037037037037,0.0,False,True,False,True,False,False,0.0,102.55354468333138,88.70655557440614,102.55354468333138,96.54166666666667,1.2200654529690262,0.016118453622287244,False,0.5126762946039612,False,0.018402777777777768,False,False,0.6827650268435889,0.018402777777777768,True,True,-0.42801569728758865,0.2257096202735977,14.175896801795126,False,opposite_direction
803,assignment_isolation,plus_one_randomisation,True,ok,94.53646217018893,4.191214449973627,101.52519095035039,87.1027739083427,35.257549948133615,1.0,0.001,1.0,0.001,,,,,False,True,False,True,False,0.007071067811865475,0.007071346552832192,24,24,24,0,0.0,{},0.8039557950640427,0.7075757575757575,0.0,False,True,False,True,False,False,0.0,101.52519095035039,87.10277390834271,101.52519095035039,96.91666666666667,1.227223011817542,0.002293735558077527,False,0.5321797025057833,False,0.015972222222222276,False,False,0.676785757070967,0.015972222222222276,True,True,-0.33504940477461703,0.10534377019409098,14.333679066806235,False,opposite_direction
804,assignment_isolation,plus_one_randomisation,True,ok,87.51669724770164,3.167561074944775,92.87769758058845,81.88270383803813,34.0519242462145,1.0,0.001,1.0,0.001,,,,,False,True,False,True,False,0.007071067811865475,0.007032977429761707,24,24,24,0,0.0,{},0.7832742316784871,0.7420833333333333,0.0,False,True,False,True,False,False,0.0,92.87769758058845,81.88270383803813,92.87769758058845,96.16666666666667,1.17425702752238,0.02068866215825407,False,0.5297831436589093,False,0.030555555555555558,False,False,0.6645179859110546,0.030555555555555558,True,True,1.0152584388452128,0.18549820910928913,13.585585480470424,False,opposite_direction
805,assignment_isolation,plus_one_randomisation,True,ok,92.18138527626013,3.2083430859717246,97.50747612214124,87.28590893617073,34.370268591834005,1.0,0.001,1.0,0.001,,,,,False,True,False,True,False,0.007071067811865475,0.0070900789245112675,24,24,24,0,0.0,{},0.8118180065548486,0.7252422480620155,0.0,False,True,False,True,False,False,0.0,97.50747612214123,87.28590893617074,97.50747612214123,96.91666666666667,1.1995082362309155,0.03836397219662163,False,0.5169449871113936,False,0.039583333333333304,False,False,0.6759159398671518,0.039583333333333304,True,True,0.8271981281406536,0.15530178518085566,13.799133760666443,False,opposite_direction
806,assignment_isolation,plus_one_randomisation,True,ok,84.70260915474107,3.4448393358818854,90.67497149550847,78.86081539361425,34.42453323989678,1.0,0.001,1.0,0.001,,,,,False,True,False,True,False,0.007071067811865475,0.0070825951418391885,24,24,24,0,0.0,{},0.7826203004651873,0.6801587301587301,0.0,False,True,False,True,False,False,0.0,90.67497149550847,78.86081539361425,90.67497149550847,93.91666666666667,1.181413194496419,0.0200096193303857,False,0.5165372589277994,False,0.008333333333333304,False,False,0.6495633924148605,0.008333333333333304,True,True,0.2616583829427999,0.07343917599628959,13.4802498686203,False,opposite_direction
807,assignment_isolation,plus_one_randomisation,True,ok,96.82692372131724,4.297262458674118,104.04226765331892,89.12304519877387,35.52476687900457,1.0,0.001,1.0,0.001,,,,,False,True,False,True,False,0.007071067811865475,0.007046327604437534,24,24,24,0,0.0,{},0.7909090909090908,0.6979400749063671,0.0,False,True,False,True,False,False,0.0,104.04226765331892,89.12304519877387,104.04226765331892,95.375,1.2223099510125748,0.004659097480220475,False,0.5144522464028073,False,0.012499999999999956,False,False,0.6867844976159577,0.012499999999999956,True,True,0.4570452000678585,0.13740794005421617,15.848756341785448,False,opposite_direction
808,assignment_isolation,plus_one_randomisation,True,ok,82.62362622229286,3.427042768513901,88.64051391670219,77.01487604481659,33.0187981255987,1.0,0.001,1.0,0.001,,,,,False,True,False,True,False,0.007071067811865475,0.0070600148451811775,24,24,24,0,0.0,{},0.8119470597517358,0.704119850187266,0.0,False,True,False,True,False,False,0.0,88.6405139167022,77.01487604481659,88.6405139167022,97.75,1.1523788067925376,0.0028120027706399226,False,0.5183823960026843,False,0.009027777777777746,False,False,0.6495760789360058,0.009027777777777746,True,True,-0.9147571066757128,0.1767380864428288,12.489720863124958,False,opposite_direction
809,assignment_isolation,plus_one_randomisation,True,ok,86.13887124655922,3.7237155229100383,92.12665446619621,79.03722395271109,34.017492529646354,1.0,0.001,1.0,0.001,,,,,False,True,False,True,False,0.007071067811865475,0.00702694558065917,24,24,24,0,0.0,{},0.7757293167793667,0.6914912280701754,0.0,False,True,False,True,False,False,0.0,92.12665446619621,79.03722395271109,92.12665446619621,95.29166666666667,1.1667192247921776,0.013391660432706997,False,0.5130365213209211,False,0.023611111111111138,False,False,0.6609333286595883,0.023611111111111138,True,True,-1.3132774409129735,0.2464058984236251,11.501193614019364,False,opposite_direction
810,assignment_isolation,plus_one_randomisation,True,ok,90.52196751077558,3.8476093518461965,97.62108149190279,84.58928584040171,33.74623130116,1.0,0.001,1.0,0.001,,,,,False,True,False,True,False,0.007071067811865475,0.007099786733697174,24,24,24,0,0.0,{},0.8206123875849967,0.6831275720164609,0.0,False,True,False,True,False,False,0.0,97.62108149190279,84.58928584040171,97.62108149190279,97.125,1.1806090351649243,0.0023613476780667097,False,0.5293058065650905,False,0.021180555555555536,False,False,0.6750804807106705,0.021180555555555536,True,True,-0.911002720813997,0.24357674726353704,12.239216056097883,False,opposite_direction
811,assignment_isolation,plus_one_randomisation,True,ok,89.37768984643303,4.1436527573959125,96.05258735598217,81.79909790367222,33.99256036393995,1.0,0.001,1.0,0.001,,,,,False,True,False,True,False,0.007071067811865475,0.007085408032556671,24,24,24,0,0.0,{},0.8101371790824917,0.7204119850187267,0.0,False,True,False,True,False,False,0.0,96.05258735598217,81.79909790367222,96.05258735598217,97.16666666666667,1.1870729241240159,0.010455854984571996,False,0.5025921556392446,False,0.025347222222222188,False,False,0.6683500082826093,0.025347222222222188,True,True,-0.21409143181830712,0.16096544306327362,14.119305460242032,False,opposite_direction
812,assignment_isolation,plus_one_randomisation,True,ok,89.83941227451271,3.5638407217366215,95.41196972150995,82.6284208209423,34.96475388663188,1.0,0.001,1.0,0.001,,,,,False,True,False,True,False,0.007071067811865475,0.007052978776968656,24,24,24,0,0.0,{},0.8035971625492302,0.6630149812734083,0.0,False,True,False,True,False,False,0.0,95.41196972150995,82.6284208209423,95.41196972150995,96.0,1.2081161041686017,0.004529127754004027,False,0.5251903052154276,False,0.017708333333333326,False,False,0.6636725035462261,0.017708333333333326,True,True,0.5989987739918317,0.1889401970784862,13.309477088477433,False,opposite_direction
813,assignment_isolation,plus_one_randomisation,True,ok,89.85983247957593,3.2341101793454112,96.5077881895568,85.07068771103694,34.46053252481696,1.0,0.001,1.0,0.001,,,,,False,True,False,True,False,0.007071067811865475,0.00707894150545408,24,24,24,0,0.0,{},0.7986595929373523,0.7233333333333334,0.0,False,True,False,True,False,False,0.0,96.50778818955682,85.07068771103694,96.50778818955682,95.5,1.191960869197519,0.04472649675830308,False,0.5180686696466367,False,0.02847222222222212,False,False,0.6688250153105323,0.02847222222222212,True,True,0.33834086765059235,0.12658836803943993,13.189790836128,False,opposite_direction
814,assignment_isolation,plus_one_randomisation,True,ok,93.40951761254541,3.5550335975330793,100.16438118408226,88.47199562147104,34.719202269927635,1.0,0.001,1.0,0.001,,,,,False,True,False,True,False,0.007071067811865475,0.007054828558511541,24,24,24,0,0.0,{},0.799957478565726,0.7102059925093633,0.0,False,True,False,True,False,False,0.0,100.16438118408227,88.47199562147104,100.16438118408227,96.54166666666667,1.2033268372250867,0.01338697039874186,False,0.506875992541633,False,0.025000000000000022,False,False,0.6795660059629052,0.025000000000000022,True,True,-0.3821102102477238,0.1837113379999034,15.094003318005766,False,opposite_direction
815,assignment_isolation,plus_one_randomisation,True,ok,92.38095955661124,4.573750368701324,99.91943595564365,83.46717987088982,34.91542877147619,1.0,0.001,1.0,0.001,,,,,False,True,False,True,False,0.007071067811865475,0.007071640749210475,24,24,24,0,0.0,{},0.798875926930729,0.7075581395348839,0.0,False,True,False,True,False,False,0.0,99.91943595564366,83.46717987088982,99.91943595564366,95.70833333333333,1.2077650291464415,0.008733283143317661,False,0.5084242602019939,False,0.03229166666666672,False,False,0.6741955667523639,0.03229166666666672,True,True,0.8931459763709302,0.1864053796398004,13.917913238000299,False,opposite_direction
816,assignment_isolation,plus_one_randomisation,True,ok,91.1005265266114,4.353477532246506,98.1783010371217,81.82681097761098,33.80142845647424,1.0,0.001,1.0,0.001,,,,,False,True,False,True,False,0.007071067811865475,0.00708239415238587,24,24,24,0,0.0,{},0.816495686026936,0.7454071969696969,0.0,False,True,False,True,False,False,0.0,98.1783010371217,81.82681097761098,98.1783010371217,97.45833333333333,1.1816657314274084,0.01718742080117688,False,0.518496509826179,False,0.03784722222222214,False,False,0.6770794055507725,0.03784722222222214,True,True,-0.3186436187251481,0.13036534202454544,13.700277881959083,False,opposite_direction
817,assignment_isolation,plus_one_randomisation,True,ok,94.51215415965208,3.9078208689305645,101.07945416606127,88.35873064610333,35.4196682979621,1.0,0.001,1.0,0.001,,,,,False,True,False,True,False,0.007071067811865475,0.007053858851339221,24,24,24,0,0.0,{},0.7845887373905331,0.6664772727272728,0.0,False,True,False,True,False,False,0.0,101.07945416606127,88.35873064610333,101.07945416606127,94.66666666666667,1.2154575673902912,0.020725806033928523,False,0.5309833446921661,False,0.023263888888888862,False,False,0.6801801699327087,0.023263888888888862,True,True,1.7978973118144486,0.20445173358873633,13.634486838892887,False,opposite_direction
818,assignment_isolation,plus_one_randomisation,True,ok,91.80551216519815,3.5978634020483313,98.18425591978087,86.0617749023916,34.12562346106353,1.0,0.001,1.0,0.001,,,,,False,True,False,True,False,0.007071067811865475,0.007093562059011001,24,24,24,0,0.0,{},0.8051640070921986,0.7254578754578754,0.0,False,True,False,True,False,False,0.0,98.18425591978087,86.0617749023916,98.18425591978087,96.0,1.185906878132652,0.00443667770159402,False,0.5014500504417967,False,0.028124999999999956,False,False,0.6785765610050537,0.028124999999999956,True,True,-0.28445141687230585,0.1327544846062085,13.288757920408301,False,opposite_direction
819,assignment_isolation,plus_one_randomisation,True,ok,94.0714269121052,5.276520230503501,102.73736542139739,84.58861397099072,34.97846986709808,1.0,0.001,1.0,0.001,,,,,False,True,False,True,False,0.007071067811865475,0.007042718912638627,24,24,24,0,0.0,{},0.7892280701754384,0.6870689655172413,0.0,False,True,False,True,False,False,0.0,102.73736542139739,84.58861397099072,102.73736542139739,96.125,1.2076173483456276,0.0051792355783058346,False,0.5053146252098442,False,0.025347222222222188,False,False,0.6808262322343253,0.025347222222222188,True,True,-0.7099268503328817,0.1495931357377205,13.823851680517544,False,opposite_direction
820,assignment_isolation,plus_one_randomisation,True,ok,92.0117674564558,4.077851701042883,98.57055133897731,84.86126060378598,34.812009012452044,1.0,0.001,1.0,0.001,,,,,False,True,False,True,False,0.007071067811865475,0.007004719197866985,24,24,24,0,0.0,{},0.777948883161512,0.7083333333333334,0.0,False,True,False,True,False,False,0.0,98.5705513389773,84.86126060378598,98.5705513389773,94.625,1.1860220628954095,0.021579828336098457,False,0.5112858540848854,False,0.030902777777777724,False,False,0.6793525585762243,0.030902777777777724,True,True,0.7648488335917029,0.23436094048165088,12.278830262975948,False,opposite_direction
821,assignment_isolation,plus_one_randomisation,True,ok,91.7098946630394,4.219860101561148,99.00175151154565,83.98282016701188,34.270017187629634,1.0,0.001,1.0,0.001,,,,,False,True,False,True,False,0.007071067811865475,0.007006394613284004,24,24,24,0,0.0,{},0.775936329588015,0.6833333333333333,0.0,False,True,False,True,False,False,0.0,99.00175151154565,83.98282016701188,99.00175151154565,95.91666666666667,1.1757797042183913,0.0050216407876970855,False,0.481739518577799,False,0.028819444444444398,False,False,0.6812903639902684,0.028819444444444398,True,True,0.33615099979629354,0.12983263500809963,13.067298306494406,False,opposite_direction
822,assignment_isolation,plus_one_randomisation,True,ok,89.73513713661265,3.7134922443917797,95.86770306003415,82.93140300209308,34.506958067027504,1.0,0.001,1.0,0.001,,,,,False,True,False,True,False,0.007071067811865475,0.007098591659947939,24,24,24,0,0.0,{},0.8179857150690939,0.7233516483516486,0.0,False,True,False,True,False,False,0.0,95.86770306003415,82.93140300209308,95.86770306003415,96.91666666666667,1.2057245653078459,0.0007046366531624021,False,0.5403081021407192,False,0.020486111111111094,False,False,0.6639833599146785,0.020486111111111094,True,True,-0.011281903644049301,0.09251994333572214,13.315399479638154,False,opposite_direction
823,assignment_isolation,plus_one_randomisation,True,ok,92.14978526194402,3.399593374819481,98.47189905541067,86.33699544194127,34.53516865415144,1.0,0.001,1.0,0.001,,,,,False,True,False,True,False,0.007071067811865475,0.007099715462092558,24,24,24,0,0.0,{},0.8114220120614035,0.7166666666666667,0.0,False,True,False,True,False,False,0.0,98.47189905541067,86.33699544194127,98.47189905541067,96.5,1.2043041583701595,0.00478442166820766,False,0.50786546450027,False,0.03437499999999993,False,False,0.6743292650148023,0.03437499999999993,True,True,0.18258436178875415,0.13555118546903774,14.56490614730136,False,opposite_direction
824,assignment_isolation,plus_one_randomisation,True,ok,92.55095011925425,3.0828187166253835,97.30626037979928,86.74028439546785,34.13861578717767,1.0,0.001,1.0,0.001,,,,,False,True,False,True,False,0.007071067811865475,0.007055761945578756,24,24,24,0,0.0,{},0.7921893667861409,0.7414814814814814,0.0,False,True,False,True,False,False,0.0,97.3062603797993,86.74028439546787,97.3062603797993,97.54166666666667,1.1894739025202825,0.03077576799648597,False,0.5263976972424902,False,0.013541666666666563,False,False,0.6804105336863074,0.013541666666666563,True,True,-0.18945004763838288,0.12279032100624367,12.490094635773774,False,opposite_direction
825,assignment_isolation,plus_one_randomisation,True,ok,91.11419421312371,3.564391655515477,96.90828915284848,84.73713387942662,33.954884374618786,1.0,0.001,1.0,0.001,,,,,False,True,False,True,False,0.007071067811865475,0.007075579263560264,24,24,24,0,0.0,{},0.8103928795772826,0.7352314814814815,0.0,False,True,False,True,False,False,0.0,96.90828915284847,84.73713387942662,96.90828915284847,96.29166666666667,1.1787687465741694,0.004827189911678823,False,0.5301374105469648,False,0.020486111111111094,False,False,0.6780254040493855,0.020486111111111094,True,True,1.0177417206531332,0.13799382212519642,13.942539247016127,False,opposite_direction
826,assignment_isolation,plus_one_randomisation,True,ok,94.02987824090586,3.023286407412929,99.51924255538019,89.03874646523707,35.09094417738688,1.0,0.001,1.0,0.001,,,,,False,True,False,True,False,0.007071067811865475,0.0070273998759842,24,24,24,0,0.0,{},0.7914955059335721,0.7221326164874553,0.0,False,True,False,True,False,False,0.0,99.51924255538019,89.03874646523707,99.51924255538019,96.125,1.208865271126657,0.016974808464968016,False,0.518737493396681,False,0.021527777777777812,False,False,0.6802962540657749,0.021527777777777812,True,True,0.6785709558200529,0.10433864077631831,14.438162130023676,False,opposite_direction
827,assignment_isolation,plus_one_randomisation,True,ok,86.35799495338888,3.4045645231095882,92.03462661246856,80.11782641283928,33.66467513445839,1.0,0.001,1.0,0.001,,,,,False,True,False,True,False,0.007071067811865475,0.007088741070867515,24,24,24,0,0.0,{},0.8080955038265307,0.6849321705426357,0.0,False,True,False,True,False,False,0.0,92.03462661246856,80.11782641283928,92.03462661246856,95.91666666666667,1.1685857449353012,0.024883001272692117,False,0.5074338801649823,False,0.016666666666666607,False,False,0.6612930842578615,0.016666666666666607,True,True,-0.11978367105162022,0.13227527811386258,12.849346852079867,False,opposite_direction
828,assignment_isolation,plus_one_randomisation,True,ok,90.32045161471375,4.575194444442226,98.37270929119926,82.68059577914953,34.4317847920246,1.0,0.001,1.0,0.001,,,,,False,True,False,True,False,0.007071067811865475,0.007075017530126238,24,24,24,0,0.0,{},0.8006944444444444,0.6901041666666667,0.0,False,True,False,True,False,False,0.0,98.37270929119926,82.68059577914953,98.37270929119926,95.20833333333333,1.1884872887047992,0.0033576388057990087,False,0.48325289696151275,False,0.02604166666666663,False,False,0.6718112690924237,0.02604166666666663,True,True,-0.37784497535379585,0.17950357689788857,12.408979230073305,False,opposite_direction
829,assignment_isolation,plus_one_randomisation,True,ok,94.50633896756716,4.108158834748245,100.81943997406806,86.2860853225289,34.787559090966944,1.0,0.001,1.0,0.001,,,,,False,True,False,True,False,0.007071067811865475,0.007035755600508327,24,24,24,0,0.0,{},0.7903882474042248,0.7125490196078432,0.0,False,True,False,True,False,False,0.0,100.81943997406806,86.2860853225289,100.81943997406806,95.625,1.1967141619631647,0.02246777555458635,False,0.5041040450915192,False,0.01736111111111116,False,False,0.6856952790856123,0.01736111111111116,True,True,1.8986714145675172,0.16821917463215244,14.74130542641385,False,opposite_direction
830,assignment_isolation,plus_one_randomisation,True,ok,90.64218450853275,3.7611264273619236,98.18439879801014,84.5562578763301,34.32928653738094,1.0,0.001,1.0,0.001,,,,,False,True,False,True,False,0.007071067811865475,0.007064103753498578,24,24,24,0,0.0,{},0.7998281604308389,0.6600980392156862,0.0,False,True,False,True,False,False,0.0,98.18439879801014,84.5562578763301,98.18439879801014,95.83333333333333,1.1869984405459268,0.01020145424940605,False,0.5250545448397528,False,0.00868055555555547,False,False,0.6735862139882883,0.00868055555555547,True,True,0.9530334361486296,0.1483908638505353,14.260371433935182,False,opposite_direction
831,assignment_isolation,plus_one_randomisation,True,ok,86.92555055286182,4.049114121435148,94.0524112994609,80.23581380245842,33.402086052050855,1.0,0.001,1.0,0.001,,,,,False,True,False,True,False,0.007071067811865475,0.007081865330934723,24,24,24,0,0.0,{},0.8177911605593549,0.703021978021978,0.0,False,True,False,True,False,False,0.0,94.0524112994609,80.23581380245842,94.0524112994609,96.5,1.161862983536705,0.026672910875913117,False,0.5010487514539884,False,0.014236111111111116,False,False,0.6659650387411458,0.014236111111111116,True,True,-1.3826209006206902,0.1659148944807069,11.924031886757877,False,opposite_direction
832,assignment_isolation,plus_one_randomisation,True,ok,89.92980827627609,4.113849241329202,98.15165704492921,83.37823246384151,34.60394442138179,1.0,0.001,1.0,0.001,,,,,False,True,False,True,False,0.007071067811865475,0.007031264186204571,24,24,24,0,0.0,{},0.7892993683510638,0.6612599206349206,0.0,False,True,False,True,False,False,0.0,98.15165704492921,83.37823246384151,98.15165704492921,94.375,1.181836798862544,0.013622288331891344,False,0.5044335319524232,False,0.02083333333333337,False,False,0.6722835483358589,0.02083333333333337,True,True,0.0904683793931501,0.16743411603370462,12.743232654107278,False,opposite_direction
833,assignment_isolation,plus_one_randomisation,True,ok,86.96902941729634,4.54064227021708,94.20119234642408,79.07386206911067,34.27820933620634,1.0,0.001,1.0,0.001,,,,,False,True,False,True,False,0.007071067811865475,0.007046702515780264,24,24,24,0,0.0,{},0.7957897021198828,0.71505376344086,0.0,False,True,False,True,False,False,0.0,94.20119234642408,79.07386206911067,94.20119234642408,96.83333333333333,1.1884653100500573,0.03240788347734894,False,0.5061694565164069,False,0.023958333333333304,False,False,0.6575268810851314,0.023958333333333304,True,True,-0.4387190285585859,0.1193216453840178,12.389503659756617,False,opposite_direction
834,assignment_isolation,plus_one_randomisation,True,ok,83.61351543071494,3.0945025586819317,89.21996030599774,78.44444888764382,33.69876928182588,1.0,0.001,1.0,0.001,,,,,False,True,False,True,False,0.007071067811865475,0.007063026935793022,24,24,24,0,0.0,{},0.8057257996632997,0.7400362318840579,0.0,False,True,False,True,False,False,0.0,89.21996030599774,78.44444888764382,89.21996030599774,96.5,1.1690647446039106,0.033193236701484184,False,0.4718097259284739,False,0.004861111111111094,False,False,0.6486056390084898,0.004861111111111094,True,True,-1.4570825982860645,0.13180965661534771,11.344756198617869,False,opposite_direction
835,assignment_isolation,plus_one_randomisation,True,ok,87.31232984182793,3.122615124890439,92.52673397431154,81.58452282358934,33.69340325854033,1.0,0.001,1.0,0.001,,,,,False,True,False,True,False,0.007071067811865475,0.007105921032082922,24,24,24,0,0.0,{},0.8209649122807018,0.7369850187265917,0.0,False,True,False,True,False,False,0.0,92.52673397431154,81.58452282358934,92.52673397431154,96.33333333333333,1.1749612802315164,0.006142455757556316,False,0.4918219695823256,False,0.028472222222222232,False,False,0.6634050539832625,0.028472222222222232,True,True,0.7728220372387103,0.13793408951627734,13.1734438729528,False,opposite_direction
836,assignment_isolation,plus_one_randomisation,True,ok,82.15144106969333,3.9845573699994072,88.35518882121295,75.03825002828984,33.72773475183154,1.0,0.001,1.0,0.001,,,,,False,True,False,True,False,0.007071067811865475,0.007095031491649613,24,24,24,0,0.0,{},0.8085667164550661,0.6899425287356322,0.0,False,True,False,True,False,False,0.0,88.35518882121295,75.03825002828984,88.35518882121295,95.54166666666667,1.1695206972911796,0.015499800627850594,False,0.5027951959140744,False,0.03194444444444444,False,False,0.6414468306275953,0.03194444444444444,True,True,-1.66254363497754,0.2070885586893024,12.023302728008948,False,opposite_direction
837,assignment_isolation,plus_one_randomisation,True,ok,88.54530994987674,4.578395937208298,96.76845798440395,80.6053269161446,33.81236574826306,1.0,0.001,1.0,0.001,,,,,False,True,False,True,False,0.007071067811865475,0.0070930902740911714,24,24,24,0,0.0,{},0.8103065459347292,0.7203972868217052,0.0,False,True,False,True,False,False,0.0,96.76845798440395,80.6053269161446,96.76845798440395,96.83333333333333,1.180031201101918,0.040031479817834066,False,0.5121976495504831,False,0.021180555555555536,False,False,0.6670731222988892,0.021180555555555536,True,True,2.739118941396817,0.18295869431017872,14.893647104019811,False,opposite_direction
838,assignment_isolation,plus_one_randomisation,True,ok,88.82015614109054,2.3388945021915064,93.00291099683776,85.43463722232296,34.455208169388634,1.0,0.001,1.0,0.001,,,,,False,True,False,True,False,0.007071067811865475,0.007049226019624276,24,24,24,0,0.0,{},0.7787751182033096,0.6831521739130436,0.0,False,True,False,True,False,False,0.0,93.00291099683777,85.43463722232296,93.00291099683777,94.08333333333333,1.1779386340690914,0.01116901925244368,False,0.5108579223299737,False,0.0336805555555556,False,False,0.6688983383920856,0.0336805555555556,True,True,-0.4719963199288766,0.08454483804852349,14.656485539028834,False,opposite_direction
839,assignment_isolation,plus_one_randomisation,True,ok,92.76306147939694,3.5532319272196906,98.95964524156972,86.23620332695127,34.50459101872569,1.0,0.001,1.0,0.001,,,,,False,True,False,True,False,0.007071067811865475,0.0070865235122276405,24,24,24,0,0.0,{},0.79502688172043,0.7204166666666666,0.0,False,True,False,True,False,False,0.0,98.95964524156972,86.23620332695127,98.95964524156972,95.04166666666667,1.1918926526973876,0.008676104939432043,False,0.5217514689215594,False,0.014236111111111116,False,False,0.6805032269633365,0.014236111111111116,True,True,1.3391942130676684,0.21704583333107189,14.666079727454285,False,opposite_direction
840,assignment_isolation,plus_one_randomisation,True,ok,90.04716855190411,3.935748327463243,96.68357806239099,82.7716981775295,34.38123108780397,1.0,0.001,1.0,0.001,,,,,False,True,False,True,False,0.007071067811865475,0.007058415203686846,24,24,24,0,0.0,{},0.7853070175438597,0.7236263736263734,0.0,False,True,False,True,False,False,0.0,96.68357806239099,82.7716981775295,96.68357806239099,95.95833333333333,1.1886116361189758,0.011887587003293721,False,0.5099756162876896,False,0.016319444444444442,False,False,0.6706489014668335,0.016319444444444442,True,True,0.7017103508271368,0.08314939879426836,14.090288509425417,False,opposite_direction
841,assignment_isolation,plus_one_randomisation,True,ok,86.0790498216353,3.5271841188807906,91.46294699807588,79.7550985643404,33.23764216008883,1.0,0.001,1.0,0.001,,,,,False,True,False,True,False,0.007071067811865475,0.007068259301103648,24,24,24,0,0.0,{},0.8083333333333333,0.7242509363295881,0.0,False,True,False,True,False,False,0.0,91.46294699807588,79.7550985643404,91.46294699807588,97.16666666666667,1.1579007566384227,0.016646429410647166,False,0.5119691492951196,False,0.014930555555555558,False,False,0.6635571465635343,0.014930555555555558,True,True,-1.2263064167077193,0.140905660889518,11.973764706731206,False,opposite_direction
842,assignment_isolation,plus_one_randomisation,True,ok,92.0375411284427,3.8359069184974075,98.98676320380793,85.9802420230983,34.10153941300227,1.0,0.001,1.0,0.001,,,,,False,True,False,True,False,0.007071067811865475,0.007108461865780985,24,24,24,0,0.0,{},0.8010309278350516,0.6902777777777779,0.0,False,True,False,True,False,False,0.0,98.98676320380793,85.9802420230983,98.98676320380793,95.16666666666667,1.1823935598297406,0.006019021454181733,False,0.5104514433378778,False,0.03680555555555565,False,False,0.680557041559527,0.03680555555555565,True,True,0.5047311216829964,0.21076673490904127,14.910491505587036,False,opposite_direction
843,assignment_isolation,plus_one_randomisation,True,ok,89.4403262118736,3.7382009144618222,96.30764467243111,83.56985890137985,34.25127972267925,1.0,0.001,1.0,0.001,,,,,False,True,False,True,False,0.007071067811865475,0.007064138900942971,24,24,24,0,0.0,{},0.799193754925138,0.6870786516853934,0.0,False,True,False,True,False,False,0.0,96.3076446724311,83.56985890137985,96.3076446724311,95.875,1.1845645335348733,0.02502862886517191,False,0.5086612799376823,False,0.035069444444444486,False,False,0.6694016688072981,0.035069444444444486,True,True,-0.48235783380482555,0.12618232536720272,10.94473304748429,False,opposite_direction
844,assignment_isolation,plus_one_randomisation,True,ok,86.70392975693171,4.3436219500774556,93.75642956424447,79.60044568400046,33.66575578373898,1.0,0.001,1.0,0.001,,,,,False,True,False,True,False,0.007071067811865475,0.007024199722582018,24,24,24,0,0.0,{},0.7912854747162021,0.7120689655172413,0.0,False,True,False,True,False,False,0.0,93.75642956424447,79.60044568400046,93.75642956424447,97.16666666666667,1.1655042909604725,0.019478401899225596,False,0.5067473404804028,False,0.028472222222222232,False,False,0.6638179991064082,0.028472222222222232,True,True,-0.26135979059284886,0.14220459400164906,12.576676963760411,False,opposite_direction
845,assignment_isolation,plus_one_randomisation,True,ok,90.06065263131597,3.436267400744266,96.65224986667563,84.43436498424944,33.927446791384924,1.0,0.001,1.0,0.001,,,,,False,True,False,True,False,0.007071067811865475,0.007087211014880563,24,24,24,0,0.0,{},0.8094255663430421,0.7207865168539327,0.0,False,True,False,True,False,False,0.0,96.65224986667563,84.43436498424944,96.65224986667563,95.66666666666667,1.1759175364840784,0.013335719388682497,False,0.4865382606700684,False,0.019444444444444486,False,False,0.6746672861058962,0.019444444444444486,True,True,0.4951202729293361,0.06542894488781159,13.7982946058374,False,opposite_direction
846,assignment_isolation,plus_one_randomisation,True,ok,88.5027884123084,2.9862414945813596,93.90327922854034,83.78670472938484,34.17504818072318,1.0,0.001,1.0,0.001,,,,,False,True,False,True,False,0.007071067811865475,0.007055447124326963,24,24,24,0,0.0,{},0.7848688497882047,0.6624503968253967,0.0,False,True,False,True,False,False,0.0,93.90327922854034,83.78670472938484,93.90327922854034,95.125,1.1758475435337592,0.049728089601014804,False,0.4957482884018383,False,0.013194444444444509,False,False,0.6682244142096065,0.013194444444444509,True,True,-0.2789127835664368,0.09333890230362012,13.609243584220103,False,opposite_direction
847,assignment_isolation,plus_one_randomisation,True,ok,90.62348588184267,2.674232508871727,95.25621528380081,86.01564100191077,34.71643553025265,1.0,0.001,1.0,0.001,,,,,False,True,False,True,False,0.007071067811865475,0.007027204688549484,24,24,24,0,0.0,{},0.7780814794718756,0.6956597222222222,0.0,False,True,False,True,False,False,0.0,95.25621528380081,86.01564100191077,95.25621528380081,95.25,1.1904748597534331,0.024382240548015497,False,0.5136532215184092,False,0.028124999999999956,False,False,0.6724318954812581,0.028124999999999956,True,True,0.08861672486700974,0.07706984563233144,13.355196724475475,False,opposite_direction
848,assignment_isolation,plus_one_randomisation,True,ok,96.54941784950573,4.382746530676213,103.7502027821423,89.11510642706483,35.95069097442375,1.0,0.001,1.0,0.001,,,,,False,True,False,True,False,0.007071067811865475,0.007092356612566999,24,24,24,0,0.0,{},0.7946322137650517,0.7020175438596492,0.0,False,True,False,True,False,False,0.0,103.7502027821423,89.11510642706484,103.7502027821423,94.875,1.2417772672040857,0.0044215344076086694,False,0.5141499644314672,False,0.03402777777777777,False,False,0.6801454415854189,0.03402777777777777,True,True,-0.868344594706548,0.17286923683018457,12.986770957525296,False,opposite_direction
849,assignment_isolation,plus_one_randomisation,True,ok,94.03363186458279,4.673357872078127,101.83428844514853,85.80756050138312,34.79327764905525,1.0,0.001,1.0,0.001,,,,,False,True,False,True,False,0.007071067811865475,0.00706769703733765,24,24,24,0,0.0,{},0.7875915232487924,0.7159498207885303,0.0,False,True,False,True,False,False,0.0,101.83428844514852,85.80756050138312,101.83428844514852,94.41666666666667,1.1947240434655495,0.019588248215526148,False,0.5157322572128302,False,0.017013888888888884,False,False,0.6845112682390471,0.017013888888888884,True,True,-0.5362712973204508,0.11818031866387406,15.555850429550194,False,opposite_direction
850,assignment_isolation,plus_one_randomisation,True,ok,87.48424142805095,3.6558088735231893,93.70758868494785,81.47060071643924,34.96400899217789,1.0,0.001,1.0,0.001,,,,,False,True,False,True,False,0.007071067811865475,0.00706471146143702,24,24,24,0,0.0,{},0.8017973124300113,0.712087912087912,0.0,False,True,False,True,False,False,0.0,93.70758868494785,81.47060071643924,93.70758868494785,95.125,1.2045726312749494,0.03620604454972662,False,0.5270354350942956,False,0.009375000000000022,False,False,0.654603372695939,0.009375000000000022,True,True,0.04889412101735296,0.12617183393614687,13.197092464917374,False,opposite_direction
851,assignment_isolation,plus_one_randomisation,True,ok,85.617723863425,3.655859774318159,91.60106120229533,79.34697480686796,33.59575589232289,1.0,0.001,1.0,0.001,,,,,False,True,False,True,False,0.007071067811865475,0.007091376645375067,24,24,24,0,0.0,{},0.7978049242424241,0.6767647058823528,0.0,False,True,False,True,False,False,0.0,91.60106120229533,79.34697480686796,91.60106120229533,95.58333333333333,1.1645980537873344,0.030656989474914388,False,0.5117596086019367,False,0.029166666666666563,False,False,0.6593065246296268,0.029166666666666563,True,True,0.25230234341869073,0.156212231591262,14.156500916129177,False,opposite_direction
852,assignment_isolation,plus_one_randomisation,True,ok,88.22244286944014,3.9281862166924104,94.94061578547291,81.47258536444426,34.304576234338626,1.0,0.001,1.0,0.001,,,,,False,True,False,True,False,0.007071067811865475,0.007098389920781268,24,24,24,0,0.0,{},0.8159090909090909,0.7291208791208793,0.0,False,True,False,True,False,False,0.0,94.94061578547291,81.47258536444426,94.94061578547291,96.29166666666667,1.1947478754233585,0.014495005362223751,False,0.5272567429520323,False,0.030902777777777835,False,False,0.6609948948139582,0.030902777777777835,True,True,1.208420448728091,0.25818935066531346,12.131000266788545,False,opposite_direction
853,assignment_isolation,plus_one_randomisation,True,ok,87.64780153496655,3.79260773069691,94.10992889681282,80.93751211187731,33.28047327624594,1.0,0.001,1.0,0.001,,,,,False,True,False,True,False,0.007071067811865475,0.007090522430579545,24,24,24,0,0.0,{},0.8252603092783504,0.6785440613026817,0.0,False,True,False,True,False,False,0.0,94.10992889681283,80.93751211187731,94.10992889681283,97.16666666666667,1.1630446434947457,0.028461798518654633,False,0.5139530526338998,False,0.03402777777777777,False,False,0.668688263073042,0.03402777777777777,True,True,1.4224769071074594,0.14765396829101118,12.712028015492237,False,opposite_direction
854,assignment_isolation,plus_one_randomisation,True,ok,94.0884054999453,4.51316200065553,103.48964363766235,87.34852377063282,34.58657424784016,1.0,0.001,1.0,0.001,,,,,False,True,False,True,False,0.007071067811865475,0.007087686133489165,24,24,24,0,0.0,{},0.8054541591961752,0.7166666666666667,0.0,False,True,False,True,False,False,0.0,103.48964363766235,87.34852377063282,103.48964363766235,95.625,1.1985820063461228,0.043595773810898755,False,0.5152460937132827,False,0.02430555555555558,False,False,0.6835738739438537,0.02430555555555558,True,True,0.09228875742660907,0.12009587073352712,14.355553748081952,False,opposite_direction
855,assignment_isolation,plus_one_randomisation,True,ok,88.64256850319289,4.0898935619920795,95.08311887993199,81.10271096935634,33.954669342818,1.0,0.001,1.0,0.001,,,,,False,True,False,True,False,0.007071067811865475,0.007071664694955555,24,24,24,0,0.0,{},0.8112672423156295,0.7041218637992828,0.0,False,True,False,True,False,False,0.0,95.08311887993199,81.10271096935634,95.08311887993199,96.04166666666667,1.1765787874312923,0.02076735292705515,False,0.5151538121728161,False,0.01041666666666663,False,False,0.668582132279408,0.01041666666666663,True,True,-1.1519602075245674,0.1382443121229668,12.8771399423714,False,opposite_direction
856,assignment_isolation,plus_one_randomisation,True,ok,83.7430676319222,3.131253785375286,90.07252668798903,78.80448887843802,33.593778385800626,1.0,0.001,1.0,0.001,,,,,False,True,False,True,False,0.007071067811865475,0.007083584756685193,24,24,24,0,0.0,{},0.8003436426116839,0.7248263888888891,0.0,False,True,False,True,False,False,0.0,90.07252668798903,78.80448887843802,90.07252668798903,96.16666666666667,1.1667941239571173,0.03387813279408637,False,0.503503079565121,False,0.02881944444444451,False,False,0.6499792165300683,0.02881944444444451,True,True,-1.8915618929595557,0.16770452673091682,12.431261271951538,False,opposite_direction
857,assignment_isolation,plus_one_randomisation,True,ok,94.46192410562833,3.6776073711350636,100.69742080045867,87.8523935447722,35.72299880241187,1.0,0.001,1.0,0.001,,,,,False,True,False,True,False,0.007071067811865475,0.007057882351531909,24,24,24,0,0.0,{},0.7812278368794328,0.6851799242424242,0.0,False,True,False,True,False,False,0.0,100.69742080045869,87.8523935447722,100.69742080045869,94.5,1.2254856562735645,0.02099963430652259,False,0.5406217652002068,False,0.028819444444444398,False,False,0.677014321111059,0.028819444444444398,True,True,-0.24985481381809077,0.098184423496441,13.33602288925804,False,opposite_direction
858,assignment_isolation,plus_one_randomisation,True,ok,86.50330217029712,3.103657571622338,91.89112988993094,80.69759535602779,33.58655364261737,1.0,0.001,1.0,0.001,,,,,False,True,False,True,False,0.007071067811865475,0.0070614977473715465,24,24,24,0,0.0,{},0.808020335793892,0.6816666666666666,0.0,False,True,False,True,False,False,0.0,91.89112988993094,80.69759535602779,91.89112988993094,96.83333333333333,1.1669297523965034,0.004102792617504431,False,0.5467519640243851,False,0.028124999999999956,False,False,0.662474128879159,0.028124999999999956,True,True,-0.2296254395219796,0.21144028789277935,13.736797033000936,False,opposite_direction
859,assignment_isolation,plus_one_randomisation,True,ok,92.60773690620339,4.075771737589391,99.98264257558415,86.08493973993893,34.48904976723446,1.0,0.001,1.0,0.001,,,,,False,True,False,True,False,0.007071067811865475,0.007037437890173393,24,24,24,0,0.0,{},0.7905225830533782,0.6920833333333333,0.0,False,True,False,True,False,False,0.0,99.98264257558417,86.08493973993893,99.98264257558417,95.375,1.1851766423345333,0.0020056894521610132,False,0.5035166885169783,False,0.021180555555555536,False,False,0.6819284418463295,0.021180555555555536,True,True,1.5629673369470145,0.11753894584943542,15.021524942904557,False,opposite_direction
860,assignment_isolation,plus_one_randomisation,True,ok,86.5341510797701,3.3989224893952317,92.90087270388776,81.52614043469808,33.531172464158956,1.0,0.001,1.0,0.001,,,,,False,True,False,True,False,0.007071067811865475,0.007050645630314987,24,24,24,0,0.0,{},0.7882854864433815,0.6992753623188405,0.0,False,True,False,True,False,False,0.0,92.90087270388774,81.52614043469808,92.90087270388774,95.875,1.1574448837147602,0.001071714668530087,False,0.5231591333967455,False,0.028124999999999956,False,False,0.6657001041866263,0.028124999999999956,True,True,-0.1622826944913498,0.06537254470467782,14.996803027245273,False,opposite_direction
861,assignment_isolation,plus_one_randomisation,True,ok,89.90243930665652,3.5093281394046523,96.19116919051312,83.1720856131171,34.16849649689706,1.0,0.001,1.0,0.001,,,,,False,True,False,True,False,0.007071067811865475,0.007083649884472854,24,24,24,0,0.0,{},0.8078919178486998,0.6957854406130268,0.0,False,True,False,True,False,False,0.0,96.19116919051312,83.1720856131171,96.19116919051312,95.83333333333333,1.18470782855121,0.006212445010298279,False,0.5142148544718884,False,0.015625,False,False,0.6712727821414206,0.015625,True,True,1.2516602297275599,0.13521367906874265,14.38152995024446,False,opposite_direction
862,assignment_isolation,plus_one_randomisation,True,ok,88.46978990368471,3.4206969760391877,94.44733991554263,82.66177203694885,34.17530291285697,1.0,0.001,1.0,0.001,,,,,False,True,False,True,False,0.007071067811865475,0.007079672464602756,24,24,24,0,0.0,{},0.8018859649122807,0.7051587301587303,0.0,False,True,False,True,False,False,0.0,94.44733991554263,82.66177203694885,94.44733991554263,96.79166666666667,1.1901851489738204,0.004593029922771307,False,0.49915108425317106,False,0.023263888888888973,False,False,0.6635172676938157,0.023263888888888973,True,True,-0.71235574019105,0.2224905895447192,12.24985611723306,False,opposite_direction
863,assignment_isolation,plus_one_randomisation,True,ok,79.99197353136283,4.005290905878055,86.37323655041146,72.7836132829239,32.90357330329072,1.0,0.001,1.0,0.001,,,,,False,True,False,True,False,0.007071067811865475,0.007091097949523631,24,24,24,0,0.0,{},0.8097268960775799,0.7291213768115941,0.0,False,True,False,True,False,False,0.0,86.37323655041148,72.7836132829239,86.37323655041148,95.5,1.1400613931091048,0.02010026897008329,False,0.5087192509935183,False,0.0253472222222223,False,False,0.6409960683684477,0.0253472222222223,True,True,-0.18172705670893774,0.18875617215830767,12.151913524776493,False,opposite_direction
864,assignment_isolation,plus_one_randomisation,True,ok,86.65984486529612,3.4308968541294433,92.26688300225236,80.91832125541127,33.74418777138189,1.0,0.001,1.0,0.001,,,,,False,True,False,True,False,0.007071067811865475,0.00706356405949039,24,24,24,0,0.0,{},0.8081241319444445,0.6749999999999999,0.0,False,True,False,True,False,False,0.0,92.26688300225236,80.91832125541127,92.26688300225236,97.04166666666667,1.1740105373330894,0.014109444513831853,False,0.5173533101796198,False,0.011805555555555514,False,False,0.6608568643860068,0.011805555555555514,True,True,-0.45707929749289894,0.15871810394098432,14.572167318423848,False,opposite_direction
865,assignment_isolation,plus_one_randomisation,True,ok,86.42621983102674,4.188485635155566,93.20211666181508,78.85210089370186,33.980543595583754,1.0,0.001,1.0,0.001,,,,,False,True,False,True,False,0.007071067811865475,0.007064809509977677,24,24,24,0,0.0,{},0.8057395767585385,0.6901685393258427,0.0,False,True,False,True,False,False,0.0,93.20211666181508,78.85210089370186,93.20211666181508,96.08333333333333,1.1765890802148538,0.012638410151990232,False,0.4939879169627209,False,0.008333333333333304,False,False,0.6589821990568917,0.008333333333333304,True,True,0.769319031167581,0.1971528897336996,13.212799730369957,False,opposite_direction
866,assignment_isolation,plus_one_randomisation,True,ok,90.65890377256602,4.852222926337768,98.48011227288532,82.33516944357142,35.1853521745039,1.0,0.001,1.0,0.001,,,,,False,True,False,True,False,0.007071067811865475,0.007034432700884408,24,24,24,0,0.0,{},0.793470954171142,0.7207831325301206,0.0,False,True,False,True,False,False,0.0,98.48011227288532,82.33516944357142,98.48011227288532,95.41666666666667,1.2088519238554596,0.02305507940531307,False,0.49077257124526813,False,0.01736111111111116,False,False,0.6668701279011566,0.01736111111111116,True,True,-1.6496656821642954,0.09806292808748172,10.938047570986987,False,opposite_direction
867,assignment_isolation,plus_one_randomisation,True,ok,94.01210646923249,3.739341834141194,100.9081067994669,88.05028419146132,34.494998168107685,1.0,0.001,1.0,0.001,,,,,False,True,False,True,False,0.007071067811865475,0.007053148263128824,24,24,24,0,0.0,{},0.8074486554373522,0.6325490196078432,0.0,False,True,False,True,False,False,0.0,100.9081067994669,88.05028419146133,100.9081067994669,95.5,1.1888055652647433,0.010420815718617554,False,0.5134905224008263,False,0.014583333333333282,False,False,0.6861839862199107,0.014583333333333282,True,True,1.2325355886221605,0.2507526110448533,15.666909749912618,False,opposite_direction
868,assignment_isolation,plus_one_randomisation,True,ok,90.327595016231,3.5507005645643015,96.55452765784297,84.00534185231194,34.50855160193194,1.0,0.001,1.0,0.001,,,,,False,True,False,True,False,0.007071067811865475,0.007065854997385779,24,24,24,0,0.0,{},0.8,0.6414529914529914,0.0,False,True,False,True,False,False,0.0,96.55452765784297,84.00534185231194,96.55452765784297,95.54166666666667,1.191675094913136,0.058414054901123016,False,0.5083156858900628,False,0.018055555555555602,False,False,0.6708476986483373,0.018055555555555602,True,True,-0.016170383632874017,0.05061901052121722,12.76505005798692,False,opposite_direction
869,assignment_isolation,plus_one_randomisation,True,ok,93.8089766109847,4.04485909582081,101.06508014881624,87.15608851431537,34.14721240959412,1.0,0.001,1.0,0.001,,,,,False,True,False,True,False,0.007071067811865475,0.007071017617724799,24,24,24,0,0.0,{},0.7844453165881737,0.7248188405797104,0.0,False,True,False,True,False,False,0.0,101.06508014881622,87.15608851431539,101.06508014881622,95.79166666666667,1.1816015295238953,0.005317377445908236,False,0.5024872149615901,False,0.014236111111111116,False,False,0.6875583744246613,0.014236111111111116,True,True,1.6614431574681707,0.24275350914191265,14.855511107340398,False,opposite_direction
870,assignment_isolation,plus_one_randomisation,True,ok,93.31756426462306,3.9990396522885137,100.39456508197438,86.40840663495393,34.170895254296134,1.0,0.001,1.0,0.001,,,,,False,True,False,True,False,0.007071067811865475,0.007098222127399838,24,24,24,0,0.0,{},0.8155388608612999,0.763498263888889,0.0,False,True,False,True,False,False,0.0,100.39456508197436,86.40840663495392,100.39456508197436,97.29166666666667,1.196227463391395,0.0308113517655297,False,0.5093447341534718,False,0.02951388888888884,False,False,0.6813393800101347,0.02951388888888884,True,True,2.1628038341211977,0.27770992019204244,14.908490005123278,False,opposite_direction
871,assignment_isolation,plus_one_randomisation,True,ok,86.35317551120345,3.4661472639667337,91.06362556888517,79.32631209599663,33.85437625121525,1.0,0.001,1.0,0.001,,,,,False,True,False,True,False,0.007071067811865475,0.007110118005240441,24,24,24,0,0.0,{},0.8134105348699763,0.7171245421245421,0.0,False,True,False,True,False,False,0.0,91.06362556888517,79.32631209599663,91.06362556888517,95.16666666666667,1.174097216702301,0.04022589292373323,False,0.5226089034482432,False,0.029861111111111116,False,False,0.6594713913550927,0.029861111111111116,True,True,2.5688137876638635,0.2378941517745612,13.920334558134664,False,opposite_direction
872,assignment_isolation,plus_one_randomisation,True,ok,86.76605970408383,3.9156704642778513,93.93157833851667,80.13500715755255,33.596441879226475,1.0,0.001,1.0,0.001,,,,,False,True,False,True,False,0.007071067811865475,0.007117413484477915,24,24,24,0,0.0,{},0.8120783364892349,0.6922043010752691,0.0,False,True,False,True,False,False,0.0,93.93157833851667,80.13500715755255,93.93157833851667,96.04166666666667,1.1716970320749718,0.02759198586577368,False,0.5248347200524647,False,0.02083333333333337,False,False,0.6620766987238401,0.02083333333333337,True,True,-1.3960195844462944,0.2686399986866643,11.104822753912622,False,opposite_direction
873,assignment_isolation,plus_one_randomisation,True,ok,92.08301571932134,3.4660602722903815,98.28136627745782,86.62781426684181,34.43118528342188,1.0,0.001,1.0,0.001,,,,,False,True,False,True,False,0.007071067811865475,0.007044505937027534,24,24,24,0,0.0,{},0.7958333333333332,0.6886363636363637,0.0,False,True,False,True,False,False,0.0,98.28136627745782,86.62781426684181,98.28136627745782,96.25,1.1897970459906169,0.01863957234937319,False,0.5216104201836745,False,0.02777777777777779,False,False,0.6784836088203705,0.02777777777777779,True,True,-1.4250160020837646,0.11907758835522415,13.597475605187443,False,opposite_direction
874,assignment_isolation,plus_one_randomisation,True,ok,91.50122896276234,3.19638614355705,97.21859160703474,86.24583431229807,34.26507147270035,1.0,0.001,1.0,0.001,,,,,False,True,False,True,False,0.007071067811865475,0.007052321113483305,24,24,24,0,0.0,{},0.7929593472929636,0.7114035087719297,0.0,False,True,False,True,False,False,0.0,97.21859160703474,86.24583431229807,97.21859160703474,95.375,1.1799700948034033,0.022216921831061356,False,0.515342212867273,False,0.036111111111111094,False,False,0.6791907153533145,0.036111111111111094,True,True,0.1978758845472617,0.19631709371461722,12.560906530901635,False,opposite_direction
875,assignment_isolation,plus_one_randomisation,True,ok,86.69739984440109,3.7436949565846613,93.05716041453653,80.69153782180825,33.591526316332356,1.0,0.001,1.0,0.001,,,,,False,True,False,True,False,0.007071067811865475,0.007069496928441263,24,24,24,0,0.0,{},0.8080199652777778,0.6707831325301205,0.0,False,True,False,True,False,False,0.0,93.05716041453654,80.69153782180825,93.05716041453654,95.70833333333333,1.1616174535269117,0.029827169948064888,False,0.5084701754798455,False,0.007638888888888862,False,False,0.6650534199461275,0.007638888888888862,True,True,1.3055946866484398,0.23484311128482366,13.716630882448385,False,opposite_direction
876,assignment_isolation,plus_one_randomisation,True,ok,86.91338146879677,4.1373032289250595,93.85366945139282,79.37206437921718,34.00634447566072,1.0,0.001,1.0,0.001,,,,,False,True,False,True,False,0.007071067811865475,0.007076069730467451,24,24,24,0,0.0,{},0.8092473404255318,0.7075670498084293,0.0,False,True,False,True,False,False,0.0,93.85366945139282,79.37206437921718,93.85366945139282,96.41666666666667,1.1814031229827926,0.0004573088828391911,False,0.49912958234225907,False,0.013541666666666674,False,False,0.6595723044897327,0.013541666666666674,True,True,0.790430880991958,0.18607217173539944,13.449944798812506,False,opposite_direction
877,assignment_isolation,plus_one_randomisation,True,ok,87.73637176196134,5.680310359342138,96.74402500212835,77.89083594963782,34.349959986161174,1.0,0.001,1.0,0.001,,,,,False,True,False,True,False,0.007071067811865475,0.0071144840037217225,24,24,24,0,0.0,{},0.8140454679821157,0.704121376811594,0.0,False,True,False,True,False,False,0.0,96.74402500212835,77.89083594963782,96.74402500212835,94.95833333333333,1.1907105148910504,0.01854970730963943,False,0.5182560711192304,False,0.028124999999999956,False,False,0.6601765808213603,0.028124999999999956,True,True,0.9784512344799551,0.11093008581607952,12.986175667438234,False,opposite_direction
878,assignment_isolation,plus_one_randomisation,True,ok,89.0520831069536,4.881461434725859,97.53853270781728,80.76032297478856,34.14386813289878,1.0,0.001,1.0,0.001,,,,,False,True,False,True,False,0.007071067811865475,0.007068998924707851,24,24,24,0,0.0,{},0.8004769688238771,0.7075925925925924,0.0,False,True,False,True,False,False,0.0,97.53853270781728,80.76032297478856,97.53853270781728,95.29166666666667,1.178061876270323,0.01231147162779357,False,0.5161455247376374,False,0.013194444444444398,False,False,0.6698318238535356,0.013194444444444398,True,True,0.9483047082390326,0.10839960415961343,13.29284317244398,False,opposite_direction
879,assignment_isolation,plus_one_randomisation,True,ok,91.87428709716052,3.4895673557662263,97.55915416090889,85.4934570661629,34.67744291506296,1.0,0.001,1.0,0.001,,,,,False,True,False,True,False,0.007071067811865475,0.007021988641979664,24,24,24,0,0.0,{},0.7932188573883161,0.7018981481481481,0.0,False,True,False,True,False,False,0.0,97.5591541609089,85.49345706616289,97.5591541609089,96.79166666666667,1.1978327322038733,0.024468702557295535,False,0.496457641591975,False,0.018402777777777768,False,False,0.6752068796883368,0.018402777777777768,True,True,-1.6947377189444741,0.2056417415226994,14.213664876238294,False,opposite_direction
880,assignment_isolation,plus_one_randomisation,True,ok,89.38123838487111,3.7086057813944957,95.99599467967394,83.08642748489342,34.61280000569304,1.0,0.001,1.0,0.001,,,,,False,True,False,True,False,0.007071067811865475,0.007008970378863725,24,24,24,0,0.0,{},0.8096376132458606,0.6600694444444445,0.0,False,True,False,True,False,False,0.0,95.99599467967396,83.08642748489342,95.99599467967396,96.70833333333333,1.1928694364807382,0.007171889272884586,False,0.5162181766115169,False,0.031597222222222165,False,False,0.6665378474660606,0.031597222222222165,True,True,-1.0585348910574384,0.11802248661345086,13.35009824215316,False,opposite_direction
881,assignment_isolation,plus_one_randomisation,True,ok,87.14550805428989,3.9669054065942313,94.34510310788889,80.80874500929357,33.90931609217494,1.0,0.001,1.0,0.001,,,,,False,True,False,True,False,0.007071067811865475,0.00705401029468092,24,24,24,0,0.0,{},0.7846788194444445,0.7207870370370372,0.0,False,True,False,True,False,False,0.0,94.34510310788887,80.80874500929357,94.34510310788887,95.33333333333333,1.1677436474202545,0.018905418399826835,False,0.5207662639333263,False,0.04618055555555556,False,False,0.6650138894497842,0.04618055555555556,True,True,0.45953266663122727,0.08238052040958117,13.054764564323206,False,opposite_direction
882,assignment_isolation,plus_one_randomisation,True,ok,93.57786384334669,4.311677170207253,100.45673617938827,85.09981963362242,35.07526624232919,1.0,0.001,1.0,0.001,,,,,False,True,False,True,False,0.007071067811865475,0.0070569933844313575,24,24,24,0,0.0,{},0.7873217417829635,0.7081439393939393,0.0,False,True,False,True,False,False,0.0,100.45673617938827,85.09981963362242,100.45673617938827,95.0,1.2062921275396532,0.00871471073078324,False,0.5193012496166245,False,0.02256944444444442,False,False,0.679327648103137,0.02256944444444442,True,True,1.0483125185438387,0.2961413900275259,14.228217792784102,False,opposite_direction
883,assignment_isolation,plus_one_randomisation,True,ok,83.21590916790166,3.2799229778327232,88.96270607499439,77.79741999598936,33.315263718309176,1.0,0.001,1.0,0.001,,,,,False,True,False,True,False,0.007071067811865475,0.00705163996682609,24,24,24,0,0.0,{},0.8043185763888889,0.6899425287356323,0.0,False,True,False,True,False,False,0.0,88.96270607499439,77.79741999598936,88.96270607499439,96.29166666666667,1.1526507633130838,0.0008838420207823126,False,0.5157935495379026,False,0.015972222222222165,False,False,0.6522823025726439,0.015972222222222165,True,True,0.5634974774632169,0.12640409838987943,14.12663646884826,False,opposite_direction
884,assignment_isolation,plus_one_randomisation,True,ok,91.37441809958615,4.821495592927788,99.66611888981458,82.81071126356522,34.34000723652219,1.0,0.001,1.0,0.001,,,,,False,True,False,True,False,0.007071067811865475,0.00703591842330355,24,24,24,0,0.0,{},0.7821974734042554,0.7207848837209301,0.0,False,True,False,True,False,False,0.0,99.66611888981458,82.81071126356522,99.66611888981458,96.08333333333333,1.1841731585228223,0.013652136424190716,False,0.5052417357341779,False,0.022916666666666696,False,False,0.6774001867585115,0.022916666666666696,True,True,0.21203060689064562,0.13574736162645124,13.685084660240086,False,opposite_direction
885,assignment_isolation,plus_one_randomisation,True,ok,90.59739819069715,4.499690854355474,99.51062488815032,83.87177352398245,34.064213837094535,1.0,0.001,1.0,0.001,,,,,False,True,False,True,False,0.007071067811865475,0.007078919325398433,24,24,24,0,0.0,{},0.807975372279496,0.7520399305555554,0.0,False,True,False,True,False,False,0.0,99.5106248881503,83.87177352398245,99.5106248881503,97.58333333333333,1.191031265387795,0.017574157095024755,False,0.4999262632612505,False,0.028819444444444398,False,False,0.6721528219121464,0.028819444444444398,True,True,-1.6644508167613508,0.182318435395245,12.22762653559292,False,opposite_direction
886,assignment_isolation,plus_one_randomisation,True,ok,95.73068385048786,3.784759458273345,102.41828840775773,89.30567795205776,34.885115620557194,1.0,0.001,1.0,0.001,,,,,False,True,False,True,False,0.007071067811865475,0.007090034206874205,24,24,24,0,0.0,{},0.8225543674916775,0.6635658914728683,0.0,False,True,False,True,False,False,0.0,102.41828840775774,89.30567795205776,102.41828840775774,97.29166666666667,1.2198216106228328,0.00857933753520093,False,0.5393009608125472,False,0.02083333333333337,False,False,0.6834809427205619,0.02083333333333337,True,True,2.30543013175889,0.20228985641240516,14.20254066351447,False,opposite_direction
887,assignment_isolation,plus_one_randomisation,True,ok,86.40781007381575,2.890600930820258,91.49184682205164,81.3710452417626,33.72413439653866,1.0,0.001,1.0,0.001,,,,,False,True,False,True,False,0.007071067811865475,0.007075049458740039,24,24,24,0,0.0,{},0.8079896907216495,0.6742424242424241,0.0,False,True,False,True,False,False,0.0,91.49184682205164,81.3710452417626,91.49184682205164,96.25,1.1704171180442422,0.029193104046989,False,0.4925283356356996,False,0.015625,False,False,0.6609153037421353,0.015625,True,True,0.3251333470699745,0.09711102693483954,13.385488171531236,False,opposite_direction
888,assignment_isolation,plus_one_randomisation,True,ok,86.46147163019332,3.7282464851567085,92.88341175889045,79.94092195973083,34.475455281557906,1.0,0.001,1.0,0.001,,,,,False,True,False,True,False,0.007071067811865475,0.007047386642152699,24,24,24,0,0.0,{},0.7770604395604397,0.7052681992337162,0.0,False,True,False,True,False,False,0.0,92.88341175889043,79.94092195973083,92.88341175889043,94.45833333333333,1.1806692506996468,0.0339758418466009,False,0.5012739583199647,False,0.030208333333333393,False,False,0.6578075094738045,0.030208333333333393,True,True,-0.5980826120550303,0.1055129928542215,12.578214716799462,False,opposite_direction
889,assignment_isolation,plus_one_randomisation,True,ok,91.65369599698379,3.705760689918768,97.67725263296553,84.98481587470556,34.07345267041401,1.0,0.001,1.0,0.001,,,,,False,True,False,True,False,0.007071067811865475,0.007062189579631667,24,24,24,0,0.0,{},0.7934725259467528,0.7075396825396824,0.0,False,True,False,True,False,False,0.0,97.67725263296553,84.98481587470556,97.67725263296553,95.54166666666667,1.1760395453612305,0.02807443803235146,False,0.5022061939245628,False,0.023611111111111138,False,False,0.6809912639394389,0.023611111111111138,True,True,-0.9217574156344804,0.18469850766989376,12.482346269002752,False,opposite_direction
890,assignment_isolation,plus_one_randomisation,True,ok,87.88476513204641,3.6059879394160634,93.00639473567789,81.12995726975296,34.47283771745104,1.0,0.001,1.0,0.001,,,,,False,True,False,True,False,0.007071067811865475,0.007082065658961574,24,24,24,0,0.0,{},0.798341263547449,0.7291187739463604,0.0,False,True,False,True,False,False,0.0,93.00639473567789,81.12995726975296,93.00639473567789,96.25,1.1975877836049786,0.003995227988518287,False,0.5124642564945251,False,0.015625,False,False,0.658615507998781,0.015625,True,True,0.37540434043409115,0.16684605714834597,14.837337155512595,False,opposite_direction
891,assignment_isolation,plus_one_randomisation,True,ok,91.50020409848456,3.8170163610592165,97.70845373322395,85.34455598075245,34.216937066474145,1.0,0.001,1.0,0.001,,,,,False,True,False,True,False,0.007071067811865475,0.007059359286152727,24,24,24,0,0.0,{},0.7947797871184966,0.6914912280701756,0.0,False,True,False,True,False,False,0.0,97.70845373322395,85.34455598075245,97.70845373322395,95.91666666666667,1.1828330750840936,0.002131322198331006,False,0.5286482828237479,False,0.013194444444444398,False,False,0.678310126317099,0.013194444444444398,True,True,1.032483498352935,0.14195054965607112,13.376627524147656,False,opposite_direction
892,assignment_isolation,plus_one_randomisation,True,ok,88.17765765691166,3.3275797439570116,93.62247394777211,81.85709697369691,33.761007142873055,1.0,0.001,1.0,0.001,,,,,False,True,False,True,False,0.007071067811865475,0.0070643215302333105,24,24,24,0,0.0,{},0.7911984908906091,0.7248148148148148,0.0,False,True,False,True,False,False,0.0,93.62247394777211,81.85709697369691,93.62247394777211,96.66666666666667,1.1724497207522762,0.014202710854139787,False,0.5257434537714365,False,0.01736111111111116,False,False,0.6679299401524359,0.01736111111111116,True,True,-1.1255031939681746,0.096883706287042,12.404060044907368,False,opposite_direction
893,assignment_isolation,plus_one_randomisation,True,ok,89.46785485607852,3.7791681129693564,95.62258445252209,83.022720661429,34.30137283109953,1.0,0.001,1.0,0.001,,,,,False,True,False,True,False,0.007071067811865475,0.00705489204677463,24,24,24,0,0.0,{},0.8025432627688172,0.6748148148148148,0.0,False,True,False,True,False,False,0.0,95.62258445252208,83.022720661429,95.62258445252208,95.33333333333333,1.1813926597125928,0.03605367207886678,False,0.5118383994458664,False,0.018055555555555602,False,False,0.6705143105996929,0.018055555555555602,True,True,-0.3385113649010634,0.13254671241780017,14.21826644549353,False,opposite_direction
894,assignment_isolation,plus_one_randomisation,True,ok,94.07539828263543,4.2085526031456295,100.73377819694372,86.74006849516557,35.008870065447816,1.0,0.001,1.0,0.001,,,,,False,True,False,True,False,0.007071067811865475,0.0070771327847557,24,24,24,0,0.0,{},0.790964912280702,0.6435648148148149,0.0,False,True,False,True,False,False,0.0,100.73377819694372,86.74006849516557,100.73377819694372,93.625,1.1986747517426066,0.03768369511240934,False,0.518632004463696,False,0.027083333333333348,False,False,0.6834972115718162,0.027083333333333348,True,True,-2.249289171593891,0.17308147593255419,12.830352419922274,False,opposite_direction
895,assignment_isolation,plus_one_randomisation,True,ok,92.85157928792017,3.38650097973779,98.67330516342119,87.44671315990522,34.88246674803792,1.0,0.001,1.0,0.001,,,,,False,True,False,True,False,0.007071067811865475,0.007070527393603826,24,24,24,0,0.0,{},0.7971470231429636,0.6784313725490194,0.0,False,True,False,True,False,False,0.0,98.67330516342118,87.4467131599052,98.67330516342118,96.70833333333333,1.2127211501307786,0.016383008563499727,False,0.5201073725387773,False,0.020486111111111094,False,False,0.6745575942395468,0.020486111111111094,True,True,0.3799804881178826,0.15127324848981935,14.196530742414199,False,opposite_direction
896,assignment_isolation,plus_one_randomisation,True,ok,86.18850018388734,4.143972692669226,93.52123513025681,79.35408997723653,34.05067907571358,1.0,0.001,1.0,0.001,,,,,False,True,False,True,False,0.007071067811865475,0.007061468669314494,24,24,24,0,0.0,{},0.7964612884160758,0.6414658634538154,0.0,False,True,False,True,False,False,0.0,93.52123513025681,79.35408997723653,93.52123513025681,95.16666666666667,1.172825087739152,0.028625725856393305,False,0.5154359847474725,False,0.03784722222222214,False,False,0.6591549281956509,0.03784722222222214,True,True,-0.4487355949693757,0.05912827822206599,12.274128397001155,False,opposite_direction
897,assignment_isolation,plus_one_randomisation,True,ok,83.00257826836639,3.1849577629349306,88.37794830355776,77.56008514635018,33.9445034507035,1.0,0.001,1.0,0.001,,,,,False,True,False,True,False,0.007071067811865475,0.007101743000697984,24,24,24,0,0.0,{},0.8112787668258793,0.7240530303030303,0.0,False,True,False,True,False,False,0.0,88.37794830355774,77.56008514635018,88.37794830355774,96.125,1.181741787157889,0.015970420088380254,False,0.5141619684433681,False,0.02881944444444451,False,False,0.6414115626670669,0.02881944444444451,True,True,-1.2680369661328486,0.20091615729721915,11.023606016553858,False,opposite_direction
898,assignment_isolation,plus_one_randomisation,True,ok,91.7575962010643,3.6114334172402147,98.21422851826199,86.32433896318331,34.76690677084379,1.0,0.001,1.0,0.001,,,,,False,True,False,True,False,0.007071067811865475,0.007061637112286058,24,24,24,0,0.0,{},0.7992690693298595,0.699810606060606,0.0,False,True,False,True,False,False,0.0,98.214228518262,86.32433896318331,98.214228518262,95.25,1.1980472470087478,0.003870136938888482,False,0.5257029373010292,False,0.010763888888888795,False,False,0.6746756114549236,0.010763888888888795,True,True,1.1444553390396424,0.18299635305242445,14.69817848489219,False,opposite_direction
899,assignment_isolation,plus_one_randomisation,True,ok,94.19078800455877,3.895206009828638,101.36132774696823,87.63822692218164,35.17044254070151,1.0,0.001,1.0,0.001,,,,,False,True,False,True,False,0.007071067811865475,0.007052252566909407,24,24,24,0,0.0,{},0.7767247031720715,0.6836647727272728,0.0,False,True,False,True,False,False,0.0,101.36132774696823,87.63822692218166,101.36132774696823,94.20833333333333,1.2037058056477716,0.001716984270196507,False,0.5401517439013692,False,0.006597222222222143,False,False,0.6824417245820869,0.006597222222222143,True,True,-0.7542119032183617,0.27515294391336503,13.891398071042692,False,opposite_direction
900,assignment_isolation,plus_one_randomisation,True,ok,88.15704631213151,2.9060256216935136,93.35426420373386,83.37819051780586,34.27974144788161,1.0,0.001,1.0,0.001,,,,,False,True,False,True,False,0.007071067811865475,0.007095037913076212,24,24,24,0,0.0,{},0.8034290271132378,0.6748039215686272,0.0,False,True,False,True,False,False,0.0,93.35426420373386,83.37819051780586,93.35426420373386,95.79166666666667,1.1902169402470135,0.010238883630309385,False,0.5288107876331638,False,0.029861111111111116,False,False,0.6621611930378913,0.029861111111111116,True,True,-0.9627062557232761,0.13318803197639031,12.20538689212772,False,opposite_direction
901,assignment_isolation,plus_one_randomisation,True,ok,93.20510329680398,4.454882414528085,100.80440271052719,85.85891922059015,34.97914161079217,1.0,0.001,1.0,0.001,,,,,False,True,False,True,False,0.007071067811865475,0.007042143833523617,24,24,24,0,0.0,{},0.8034863237182825,0.6707831325301205,0.0,False,True,False,True,False,False,0.0,100.80440271052719,85.85891922059015,100.80440271052719,96.58333333333333,1.2104173442153032,0.0261981987207258,False,0.5281805708064846,False,0.018402777777777768,False,False,0.6766420897508454,0.018402777777777768,True,True,1.1419070662355741,0.11491691403419382,14.96699306395796,False,opposite_direction
902,assignment_isolation,plus_one_randomisation,True,ok,89.40380932121123,3.771004847461438,96.38975152922445,82.9835693682761,34.16676808172829,1.0,0.001,1.0,0.001,,,,,False,True,False,True,False,0.007071067811865475,0.007039147053292859,24,24,24,0,0.0,{},0.7945814597499451,0.7242673992673991,0.0,False,True,False,True,False,False,0.0,96.38975152922445,82.9835693682761,96.38975152922445,95.83333333333333,1.1772053829289935,0.019628586001521533,False,0.5268052988265501,False,0.01388888888888884,False,False,0.6715659317178807,0.01388888888888884,True,True,-0.4854617338481158,0.13847888470260053,13.994272686412366,False,opposite_direction
903,assignment_isolation,plus_one_randomisation,True,ok,92.1233047958073,4.131947145791407,99.00389657214062,86.03315825215648,34.6890293319502,1.0,0.001,1.0,0.001,,,,,False,True,False,True,False,0.007071067811865475,0.007025901217516902,24,24,24,0,0.0,{},0.8039531411603776,0.7185897435897435,0.0,False,True,False,True,False,False,0.0,99.00389657214062,86.0331582521565,99.00389657214062,96.41666666666667,1.196575889654511,0.03402901939386073,False,0.5202853545185863,False,0.022916666666666585,False,False,0.6765789213186642,0.022916666666666585,True,True,0.6198576576056742,0.22951977584510316,12.769592104205415,False,opposite_direction
904,assignment_isolation,plus_one_randomisation,True,ok,88.42440807420907,3.7322567143181864,95.35123994807219,82.52241446400298,33.703309947291835,1.0,0.001,1.0,0.001,,,,,False,True,False,True,False,0.007071067811865475,0.0070698479594853885,24,24,24,0,0.0,{},0.8017219387755101,0.7075842696629213,0.0,False,True,False,True,False,False,0.0,95.35123994807219,82.52241446400298,95.35123994807219,95.83333333333333,1.16630175730919,0.012645900771431885,False,0.5203126404459769,False,0.02951388888888895,False,False,0.6709320087733248,0.02951388888888895,True,True,0.9914908994987796,0.11360160620570299,12.38461133882447,False,opposite_direction
905,assignment_isolation,plus_one_randomisation,True,ok,92.80054422376891,3.2685697176736377,98.41949310392148,87.18683555534334,34.96162947215781,1.0,0.001,1.0,0.001,,,,,False,True,False,True,False,0.007071067811865475,0.007054189411443029,24,24,24,0,0.0,{},0.7947807108889584,0.7041203703703702,0.0,False,True,False,True,False,False,0.0,98.41949310392148,87.18683555534334,98.41949310392148,96.375,1.2105729970577788,0.023596990250697402,False,0.4937118339715329,False,0.013194444444444398,False,False,0.6750059760842237,0.013194444444444398,True,True,0.17282076375463867,0.14869202911013077,14.474870928613932,False,opposite_direction
906,assignment_isolation,plus_one_randomisation,True,ok,89.46527410766045,5.138438698832742,98.12363159019326,80.85845487407569,34.74699499477473,1.0,0.001,1.0,0.001,,,,,False,True,False,True,False,0.007071067811865475,0.007085825728430422,24,24,24,0,0.0,{},0.8056303372412792,0.7034313725490194,0.0,False,True,False,True,False,False,0.0,98.12363159019326,80.85845487407569,98.12363159019326,95.41666666666667,1.2025131749219022,0.015321116406326316,False,0.5039535176216521,False,0.01736111111111105,False,False,0.6638526877118545,0.01736111111111105,True,True,-0.037939739012998484,0.1674271071673968,12.409211150380429,False,opposite_direction
907,assignment_isolation,plus_one_randomisation,True,ok,85.00731626587884,3.7918246630482244,91.04168495423676,77.75126020446909,34.11042526187225,1.0,0.001,1.0,0.001,,,,,False,True,False,True,False,0.007071067811865475,0.0070753416081686315,24,24,24,0,0.0,{},0.8030927835051545,0.7317375886524823,0.0,False,True,False,True,False,False,0.0,91.04168495423676,77.75126020446909,91.04168495423676,96.625,1.1861764700731068,0.006483876373283569,False,0.5178897662895553,False,0.008333333333333304,False,False,0.6493932329794605,0.008333333333333304,True,True,-3.101128779623259,0.2661322968275624,12.687387445061736,True,selection_limited
908,assignment_isolation,plus_one_randomisation,True,ok,85.30009815724542,3.33439396064038,90.90268726395608,79.8397275916129,33.59965159365284,1.0,0.001,1.0,0.001,,,,,False,True,False,True,False,0.007071067811865475,0.007087271978939097,24,24,24,0,0.0,{},0.8186403037466867,0.6457859848484848,0.0,False,True,False,True,False,False,0.0,90.90268726395608,79.8397275916129,90.90268726395608,96.29166666666667,1.1683641690176725,0.03470393871587118,False,0.5129413891304777,False,0.020486111111111094,False,False,0.6566321430066274,0.020486111111111094,True,True,0.03850085666947555,0.08610449974135764,11.506514293778293,False,opposite_direction
909,assignment_isolation,plus_one_randomisation,True,ok,89.76292261906279,3.2024936975990004,95.70901684193926,84.53900596957665,34.80008239561507,1.0,0.001,1.0,0.001,,,,,False,True,False,True,False,0.007071067811865475,0.00701757199521652,24,24,24,0,0.0,{},0.8001622886473428,0.67875,0.0,False,True,False,True,False,False,0.0,95.70901684193926,84.53900596957665,95.70901684193926,95.41666666666667,1.19274958396347,0.003859651046411492,False,0.5022853738228802,False,0.03125,False,False,0.6681742393395038,0.03125,True,True,-0.49569310581655274,0.277316385711495,13.870900782580042,False,opposite_direction
910,assignment_isolation,plus_one_randomisation,True,ok,86.42610113854283,3.872302497980856,92.78628490074496,79.5484274170161,33.90743325063353,1.0,0.001,1.0,0.001,,,,,False,True,False,True,False,0.007071067811865475,0.007031460496637393,24,24,24,0,0.0,{},0.7954896907216494,0.6909498207885306,0.0,False,True,False,True,False,False,0.0,92.78628490074497,79.5484274170161,92.78628490074497,97.20833333333333,1.1753364626903227,0.004277116000800305,False,0.5119412358616868,False,0.023611111111111027,False,False,0.6593905356899254,0.023611111111111027,True,True,-0.8371619568775033,0.16020139984369677,12.792317091275065,False,opposite_direction
911,assignment_isolation,plus_one_randomisation,True,ok,95.1222035269227,3.1057613460032765,100.15232796554861,90.1466894185011,35.05283351389404,1.0,0.001,1.0,0.001,,,,,False,True,False,True,False,0.007071067811865475,0.007092552529943656,24,24,24,0,0.0,{},0.790807560137457,0.6613026819923372,0.0,False,True,False,True,False,False,0.0,100.15232796554862,90.14668941850111,100.15232796554862,94.08333333333333,1.205735487700557,0.01945371283334976,False,0.5228823886595364,False,0.021874999999999978,False,False,0.6853372386389768,0.021874999999999978,True,True,1.1204952746938304,0.0976489946061792,15.232747224569668,False,opposite_direction
912,assignment_isolation,plus_one_randomisation,True,ok,92.29113667490923,4.0598593980881,99.31242043261155,85.57670272473082,34.04998448980426,1.0,0.001,1.0,0.001,,,,,False,True,False,True,False,0.007071067811865475,0.007054033278575599,24,24,24,0,0.0,{},0.819402356902357,0.7066849816849818,0.0,False,True,False,True,False,False,0.0,99.31242043261155,85.57670272473082,99.31242043261155,98.5,1.1919074715854423,0.005212885105470826,False,0.5170864450337297,False,0.013541666666666674,False,False,0.6786592866358858,0.013541666666666674,True,True,1.6702593092468854,0.18743114996133456,14.487327615146317,False,opposite_direction
913,assignment_isolation,plus_one_randomisation,True,ok,92.54777197869875,3.9322289636924093,99.75191503486512,85.99964863763432,34.271848211257364,1.0,0.001,1.0,0.001,,,,,False,True,False,True,False,0.007071067811865475,0.007084482912381367,24,24,24,0,0.0,{},0.8061855670103093,0.6963425925925926,0.0,False,True,False,True,False,False,0.0,99.75191503486512,85.99964863763432,99.75191503486512,96.0,1.1894640036459505,0.020201065223537904,False,0.5203329794114125,False,0.019444444444444375,False,False,0.6804011776330589,0.019444444444444375,True,True,-0.8369260019126648,0.12403323965888118,13.542239526806428,False,opposite_direction
914,assignment_isolation,plus_one_randomisation,True,ok,94.35854147591733,3.856266399401556,101.38463460367167,87.57463303357345,34.342861950304716,1.0,0.001,1.0,0.001,,,,,False,True,False,True,False,0.007071067811865475,0.007083509610688181,24,24,24,0,0.0,{},0.7965024214181287,0.7248168498168499,0.0,False,True,False,True,False,False,0.0,101.38463460367167,87.57463303357345,101.38463460367167,96.29166666666667,1.1935739394021943,0.012256471722915047,False,0.5255620838015724,False,0.013541666666666674,False,False,0.6860696378465087,0.013541666666666674,True,True,1.8612090544753912,0.20262406150956033,13.81088531371993,False,opposite_direction
915,assignment_isolation,plus_one_randomisation,True,ok,87.00907042047608,4.504644311624881,95.20088725705419,80.10032573832586,33.80960751907278,1.0,0.001,1.0,0.001,,,,,False,True,False,True,False,0.007071067811865475,0.007090756598127028,24,24,24,0,0.0,{},0.8039461548105163,0.6787590579710144,0.0,False,True,False,True,False,False,0.0,95.20088725705419,80.10032573832586,95.20088725705419,96.41666666666667,1.1770062467973768,0.030704286930354947,False,0.5182815002833351,False,0.029166666666666674,False,False,0.6614194381063945,0.029166666666666674,True,True,-1.8578432306842498,0.17674704513422293,11.253165454438356,False,opposite_direction
916,assignment_isolation,plus_one_randomisation,True,ok,87.52708743417048,3.7103577182981815,93.94180631201702,81.46005229146047,34.07929751451023,1.0,0.001,1.0,0.001,,,,,False,True,False,True,False,0.007071067811865475,0.00704236605850576,24,24,24,0,0.0,{},0.783238784924548,0.6852059925093632,0.0,False,True,False,True,False,False,0.0,93.94180631201702,81.46005229146047,93.94180631201702,95.29166666666667,1.1714039805344583,0.003917349474336637,False,0.5196838561515068,False,0.03229166666666661,False,False,0.665481770996102,0.03229166666666661,True,True,1.1979543064550762,0.21483177061840047,13.785749851397076,False,opposite_direction
917,assignment_isolation,plus_one_randomisation,True,ok,83.70026486469824,3.347691170304845,89.22692919391946,77.88215549963888,33.944120670386305,1.0,0.001,1.0,0.001,,,,,False,True,False,True,False,0.007071067811865475,0.00707464632432738,24,24,24,0,0.0,{},0.7927808895297248,0.7581597222222223,0.0,False,True,False,True,False,False,0.0,89.22692919391947,77.88215549963888,89.22692919391947,96.29166666666667,1.1782397012714454,0.00997737892345611,False,0.49552954538321187,False,0.018750000000000044,False,False,0.6459265709949576,0.018750000000000044,True,True,0.7151966879859128,0.11252120372315366,13.691486328235333,False,opposite_direction
918,assignment_isolation,plus_one_randomisation,True,ok,83.8296286979374,4.186480720283805,91.43032349227666,77.36130253987142,33.804003691482315,1.0,0.001,1.0,0.001,,,,,False,True,False,True,False,0.007071067811865475,0.006991150688278675,24,24,24,0,0.0,{},0.7995657894736842,0.6946360153256707,0.0,False,True,False,True,False,False,0.0,91.43032349227666,77.36130253987142,91.43032349227666,96.91666666666667,1.1632847699143556,0.032839030422318796,False,0.5008394790786647,False,0.029861111111111116,False,False,0.6515648340365641,0.029861111111111116,True,True,0.7607322684541366,0.143951289392267,12.468070166346678,False,opposite_direction
919,assignment_isolation,plus_one_randomisation,True,ok,88.86953013335095,4.097328392267334,96.43871438395438,81.86677276587257,34.22311286818308,1.0,0.001,1.0,0.001,,,,,False,True,False,True,False,0.007071067811865475,0.007088508627027376,24,24,24,0,0.0,{},0.799078947368421,0.7120833333333334,0.0,False,True,False,True,False,False,0.0,96.43871438395438,81.86677276587257,96.43871438395438,96.08333333333333,1.188963210861523,0.002223151633498208,False,0.5072659558699067,False,0.023958333333333304,False,False,0.6656108978319559,0.023958333333333304,True,True,0.6814115930450234,0.13774324609832586,13.386874885186353,False,opposite_direction
920,assignment_isolation,plus_one_randomisation,True,ok,88.92822049899257,3.1500231191682704,94.38528134156059,83.64433994094536,34.14026552156117,1.0,0.001,1.0,0.001,,,,,False,True,False,True,False,0.007071067811865475,0.007046020308663863,24,24,24,0,0.0,{},0.7904079861111111,0.7083333333333334,0.0,False,True,False,True,False,False,0.0,94.38528134156059,83.64433994094536,94.38528134156059,96.04166666666667,1.1787199481690183,0.0021866400065658595,False,0.5078809049699042,False,0.01215277777777779,False,False,0.6691047378086918,0.01215277777777779,True,True,0.22644121859971938,0.15251216377153493,15.44974506597839,False,opposite_direction
921,assignment_isolation,plus_one_randomisation,True,ok,87.12847162121575,3.654248080498827,93.38802619179984,81.11567114692551,34.09992297284239,1.0,0.001,1.0,0.001,,,,,False,True,False,True,False,0.007071067811865475,0.00706258725141674,24,24,24,0,0.0,{},0.8077753479815335,0.7196886446886446,0.0,False,True,False,True,False,False,0.0,93.38802619179984,81.11567114692551,93.38802619179984,97.08333333333333,1.1864776675218927,0.02588917677298955,False,0.4998235201839728,False,0.01909722222222221,False,False,0.6588759110289812,0.01909722222222221,True,True,-1.4700997115582901,0.15795608811730436,12.354933064047884,False,opposite_direction
922,assignment_isolation,plus_one_randomisation,True,ok,87.99810273121132,3.8138553798829853,94.80007207843495,81.24267227554944,34.77664933083477,1.0,0.001,1.0,0.001,,,,,False,True,False,True,False,0.007071067811865475,0.007041367298055676,24,24,24,0,0.0,{},0.7882507874443359,0.7248148148148148,0.0,False,True,False,True,False,False,0.0,94.80007207843495,81.24267227554944,94.80007207843495,95.25,1.1949431159899693,0.03573950654561589,False,0.5154512812539269,False,0.027430555555555625,False,False,0.6599584275025228,0.027430555555555625,True,True,-1.1055484389409789,0.21615140295040822,12.702865479545368,False,opposite_direction
923,assignment_isolation,plus_one_randomisation,True,ok,90.61035169477991,3.0402190386582384,96.43471885556093,85.64714765161756,34.5108411407251,1.0,0.001,1.0,0.001,,,,,False,True,False,True,False,0.007071067811865475,0.007100567496163465,24,24,24,0,0.0,{},0.787394285369095,0.7124547101449273,0.0,False,True,False,True,False,False,0.0,96.43471885556092,85.64714765161756,96.43471885556092,93.95833333333333,1.187643951364038,0.03159753190050792,False,0.514389165972007,False,0.02430555555555547,False,False,0.6732566916624242,0.02430555555555547,True,True,1.6271579139483985,0.1357796848445624,13.351636951710068,False,opposite_direction
924,assignment_isolation,plus_one_randomisation,True,ok,90.39570173995337,3.5409847688671734,96.76177524011528,84.28912503596115,33.84172432312487,1.0,0.001,1.0,0.001,,,,,False,True,False,True,False,0.007071067811865475,0.007047217469573895,24,24,24,0,0.0,{},0.8059727628164666,0.624812734082397,0.0,False,True,False,True,False,False,0.0,96.76177524011528,84.28912503596115,96.76177524011528,96.25,1.1698778824704734,0.02541677050482043,False,0.5450381296929608,False,0.01736111111111105,False,False,0.6778999891141206,0.01736111111111105,True,True,-1.0764761464370185,0.1121779614217494,12.462926680866488,False,opposite_direction
925,assignment_isolation,plus_one_randomisation,True,ok,88.06764096220763,3.431565267300977,93.5570154253983,81.7320777833984,33.588220828995084,1.0,0.001,1.0,0.001,,,,,False,True,False,True,False,0.007071067811865475,0.007072613337964144,24,24,24,0,0.0,{},0.7894021739130435,0.6748084291187739,0.0,False,True,False,True,False,False,0.0,93.55701542539832,81.7320777833984,93.55701542539832,96.08333333333333,1.1642894186625758,0.005840920222887815,False,0.5082734037755193,False,0.015277777777777724,False,False,0.6700713373242206,0.015277777777777724,True,True,-0.7605891995422489,0.08594407872241026,12.850442055291596,False,opposite_direction
926,assignment_isolation,plus_one_randomisation,True,ok,95.23644061619355,4.251397710790904,103.53010742730548,88.72909121788119,34.831290981027834,1.0,0.001,1.0,0.001,,,,,False,True,False,True,False,0.007071067811865475,0.006996922877346782,24,24,24,0,0.0,{},0.7831623526936029,0.7070199275362318,0.0,False,True,False,True,False,False,0.0,103.53010742730548,88.72909121788119,103.53010742730548,96.20833333333333,1.195234191475423,0.013232937146838852,False,0.48538787422979857,False,0.023958333333333304,False,False,0.688826228938046,0.023958333333333304,True,True,1.9184907954697397,0.19870023480160953,16.606281389436013,False,opposite_direction
927,assignment_isolation,plus_one_randomisation,True,ok,91.4097619329654,3.8380015960174307,97.4706242891331,84.57234231719134,34.02498963437452,1.0,0.001,1.0,0.001,,,,,False,True,False,True,False,0.007071067811865475,0.007052411242017983,24,24,24,0,0.0,{},0.7789491910460994,0.6788530465949822,0.0,False,True,False,True,False,False,0.0,97.47062428913311,84.57234231719134,97.47062428913311,94.95833333333333,1.1691552298916945,0.00592255299744873,False,0.5255039687065786,False,0.018750000000000044,False,False,0.6821393495207823,0.018750000000000044,True,True,-0.5017392532921413,0.20009644610402547,14.426994135933958,False,opposite_direction
928,assignment_isolation,plus_one_randomisation,True,ok,93.32570865955807,4.2807453587234034,100.85161897065426,86.00726622586767,34.33694344486319,1.0,0.001,1.0,0.001,,,,,False,True,False,True,False,0.007071067811865475,0.007088423210403354,24,24,24,0,0.0,{},0.7930961575133486,0.7446886446886446,0.0,False,True,False,True,False,False,0.0,100.85161897065426,86.00726622586767,100.85161897065426,96.45833333333333,1.1952290862574422,0.006122378930210853,False,0.48896749816512936,False,0.02083333333333326,False,False,0.6816697085748097,0.02083333333333326,True,True,1.136810154780803,0.1584550111630381,14.112965327581668,False,opposite_direction
929,assignment_isolation,plus_one_randomisation,True,ok,82.8537112645126,3.212901220517343,88.67498345606721,77.76879381627863,33.99308300868056,1.0,0.001,1.0,0.001,,,,,False,True,False,True,False,0.007071067811865475,0.007073808425645652,24,24,24,0,0.0,{},0.8010416666666667,0.6898809523809525,0.0,False,True,False,True,False,False,0.0,88.67498345606721,77.76879381627863,88.67498345606721,95.125,1.1726305055160353,0.022816967691159453,False,0.5189087392279762,False,0.02013888888888893,False,False,0.643784200724673,0.02013888888888893,True,True,-0.7155303177439866,0.11450205129926572,11.208486196578583,False,opposite_direction
930,assignment_isolation,plus_one_randomisation,True,ok,85.14464015159697,3.2953766236750575,90.2035811187433,78.87493560199115,34.17921453798442,1.0,0.001,1.0,0.001,,,,,False,True,False,True,False,0.007071067811865475,0.007007646641860161,24,24,24,0,0.0,{},0.7892908249158248,0.6679411764705881,0.0,False,True,False,True,False,False,0.0,90.20358111874332,78.87493560199115,90.20358111874332,95.70833333333333,1.171599435488123,0.03487928174250748,False,0.49351585094188555,False,0.03715277777777781,False,False,0.6548548637976745,0.03715277777777781,True,True,-2.214741909932494,0.1539733036277604,12.364424506929629,False,opposite_direction
931,assignment_isolation,plus_one_randomisation,True,ok,91.47572358209207,3.7056520607416683,97.34646557133705,85.07126470418459,34.14424581222235,1.0,0.001,1.0,0.001,,,,,False,True,False,True,False,0.007071067811865475,0.007089378012040055,24,24,24,0,0.0,{},0.8031990699069906,0.7447482638888889,0.0,False,True,False,True,False,False,0.0,97.34646557133705,85.07126470418459,97.34646557133705,96.54166666666667,1.1891949565300246,0.000965430189234495,False,0.5208432071300919,False,0.02673611111111107,False,False,0.6762628740215866,0.02673611111111107,True,True,-0.2690118022472249,0.10470933646009901,14.356270930538553,False,opposite_direction
932,assignment_isolation,plus_one_randomisation,True,ok,90.15458791854014,3.64769940062277,96.65416297696497,84.23839396033843,34.52950908956571,1.0,0.001,1.0,0.001,,,,,False,True,False,True,False,0.007071067811865475,0.007073685084968388,24,24,24,0,0.0,{},0.797088285229202,0.7083333333333334,0.0,False,True,False,True,False,False,0.0,96.65416297696497,84.23839396033843,96.65416297696497,95.0,1.1903315159707628,0.03395224063083502,False,0.5369398507347591,False,0.02256944444444453,False,False,0.6705546472196176,0.02256944444444453,True,True,-0.019290561790631836,0.1554695650723076,12.072734441262362,False,opposite_direction
933,assignment_isolation,plus_one_randomisation,True,ok,84.93406904276752,4.059037340511126,91.76583014392006,77.93381078817886,33.9691054342594,1.0,0.001,1.0,0.001,,,,,False,True,False,True,False,0.007071067811865475,0.007058274328414584,24,24,24,0,0.0,{},0.8007618918430094,0.6596899224806203,0.0,False,True,False,True,False,False,0.0,91.76583014392004,77.93381078817886,91.76583014392004,95.125,1.1692300889904237,0.05024893204880583,False,0.5119811079083246,False,0.013194444444444509,False,False,0.6546794734656377,0.013194444444444509,True,True,0.8517294495935104,0.22044008377617316,11.860456221716289,False,opposite_direction
934,assignment_isolation,plus_one_randomisation,True,ok,89.14306140687188,4.017914593898288,96.06205318807204,81.82337377846136,34.1148732036255,1.0,0.001,1.0,0.001,,,,,False,True,False,True,False,0.007071067811865475,0.007094107924623619,24,24,24,0,0.0,{},0.8127304915935674,0.7484210526315789,0.0,False,True,False,True,False,False,0.0,96.06205318807206,81.82337377846136,96.06205318807206,96.66666666666667,1.1897341524750462,0.006961596392316185,False,0.5177117356449401,False,0.03298611111111105,False,False,0.6665241303779509,0.03298611111111105,True,True,-2.9672091213314773,0.3558315745243755,11.636661510298275,False,opposite_direction
935,assignment_isolation,plus_one_randomisation,True,ok,86.63143423663182,4.826400041158336,94.9568711332713,78.281165550995,34.202437829709176,1.0,0.001,1.0,0.001,,,,,False,True,False,True,False,0.007071067811865475,0.007001351643565641,24,24,24,0,0.0,{},0.7887723819858925,0.7150000000000001,0.0,False,True,False,True,False,False,0.0,94.9568711332713,78.281165550995,94.9568711332713,96.66666666666667,1.177192072395723,0.012912809663444295,False,0.5338184007222759,False,0.02083333333333337,False,False,0.6596955795249876,0.02083333333333337,True,True,-2.2217758038950683,0.17298898178556943,11.86524041417896,False,opposite_direction
936,assignment_isolation,plus_one_randomisation,True,ok,91.61384190841,3.480638743075161,97.20587055901147,84.85074208103275,34.026090280856764,1.0,0.001,1.0,0.001,,,,,False,True,False,True,False,0.007071067811865475,0.007090961113965618,24,24,24,0,0.0,{},0.818200077570922,0.70374531835206,0.0,False,True,False,True,False,False,0.0,97.20587055901147,84.85074208103275,97.20587055901147,95.83333333333333,1.1809879196403015,0.019121960509958,False,0.5005382626225504,False,0.015625,False,False,0.6793234982836569,0.015625,True,True,-0.843079761414389,0.17509055093220713,13.164925380806793,False,opposite_direction
937,assignment_isolation,plus_one_randomisation,True,ok,94.29489589279937,3.0168085475508746,99.41242581044476,89.34619385896963,35.21027759455066,1.0,0.001,1.0,0.001,,,,,False,True,False,True,False,0.007071067811865475,0.007020050027498062,24,24,24,0,0.0,{},0.7769710522342996,0.6902930402930403,0.0,False,True,False,True,False,False,0.0,99.41242581044476,89.34619385896963,99.41242581044476,95.5,1.207761958342655,0.02184887153766202,False,0.5502575518032822,False,0.02499999999999991,False,False,0.6816340124646599,0.02499999999999991,True,True,-0.07215088067051718,0.19237370779611718,13.88993508325725,False,opposite_direction
938,assignment_isolation,plus_one_randomisation,True,ok,91.92274671015036,4.180560313933354,99.1238036945228,85.14418418995626,34.27705318770915,1.0,0.001,1.0,0.001,,,,,False,True,False,True,False,0.007071067811865475,0.007055145449427428,24,24,24,0,0.0,{},0.8179554491487455,0.7197132616487452,0.0,False,True,False,True,False,False,0.0,99.1238036945228,85.14418418995626,99.1238036945228,98.5,1.2000451044840077,0.024851697010982568,False,0.5116611991967692,False,0.017708333333333326,False,False,0.674724025890718,0.017708333333333326,True,True,0.19302458022020336,0.04534747050617679,13.483644270284584,False,opposite_direction
939,assignment_isolation,plus_one_randomisation,True,ok,87.63596113090814,4.582295455460656,95.30516411585799,79.56078427587433,34.10441675192605,1.0,0.001,1.0,0.001,,,,,False,True,False,True,False,0.007071067811865475,0.007066298913031371,24,24,24,0,0.0,{},0.801883865248227,0.7219348659003829,0.0,False,True,False,True,False,False,0.0,95.30516411585798,79.56078427587433,95.30516411585798,95.91666666666667,1.1801023480958552,0.021430351547279822,False,0.4966355978092596,False,0.011111111111111183,False,False,0.6631521499295249,0.011111111111111183,True,True,-1.5043729220481836,0.13954671635781257,12.181211168577518,False,opposite_direction
940,assignment_isolation,plus_one_randomisation,True,ok,90.6062091796797,4.391085185335944,98.29644755700201,83.48113129723808,34.79443440189135,1.0,0.001,1.0,0.001,,,,,False,True,False,True,False,0.007071067811865475,0.007060101008394848,24,24,24,0,0.0,{},0.7984605263157893,0.6742424242424243,0.0,False,True,False,True,False,False,0.0,98.29644755700201,83.48113129723808,98.29644755700201,94.58333333333333,1.194532603472913,0.00765715479645244,False,0.5151272872525996,False,0.02256944444444442,False,False,0.6711017817872268,0.02256944444444442,True,True,1.125915464502524,0.14215491994279533,12.873097378111733,False,opposite_direction
941,assignment_isolation,plus_one_randomisation,True,ok,83.12948252944796,3.5778739426457227,89.44703617671284,77.48005582347527,34.62813143615228,1.0,0.001,1.0,0.001,,,,,False,True,False,True,False,0.007071067811865475,0.007031143290429528,24,24,24,0,0.0,{},0.800718857388316,0.6957875457875459,0.0,False,True,False,True,False,False,0.0,89.44703617671284,77.48005582347527,89.44703617671284,95.41666666666667,1.1891513427856306,0.021614633549982307,False,0.5035180762901552,False,0.02777777777777779,False,False,0.6395183928517266,0.02777777777777779,True,True,-1.5730482819378777,0.17316297918997267,11.535337228494555,False,opposite_direction
942,assignment_isolation,plus_one_randomisation,True,ok,93.88060012019768,3.253847507238919,99.82812998717502,88.29501383177924,34.947688337179706,1.0,0.001,1.0,0.001,,,,,False,True,False,True,False,0.007071067811865475,0.007006660690643089,24,24,24,0,0.0,{},0.7848684210526315,0.6921245421245421,0.0,False,True,False,True,False,False,0.0,99.82812998717502,88.29501383177926,99.82812998717502,95.20833333333333,1.1946399289796232,0.035458335512855974,False,0.5253657712472702,False,0.02777777777777779,False,False,0.6839586881586084,0.02777777777777779,True,True,0.5097330608995007,0.20160670887699653,15.734166411460402,False,opposite_direction
943,assignment_isolation,plus_one_randomisation,True,ok,82.18323124113319,3.5900426289447473,88.53810133365116,75.61457406235027,33.80502769952062,1.0,0.001,1.0,0.001,,,,,False,True,False,True,False,0.007071067811865475,0.007059499062839403,24,24,24,0,0.0,{},0.7952570921985818,0.7081439393939393,0.0,False,True,False,True,False,False,0.0,88.53810133365114,75.61457406235027,88.53810133365114,94.75,1.1614881804736856,0.022657750329068135,False,0.5121681439538031,False,0.010763888888888906,False,False,0.6443500545456476,0.010763888888888906,True,True,1.6211716227790476,0.12673043607996864,13.273001700219279,False,opposite_direction
944,assignment_isolation,plus_one_randomisation,True,ok,91.14985386593453,4.359823382661779,99.04813613501167,84.0311332064018,33.94307300891587,1.0,0.001,1.0,0.001,,,,,False,True,False,True,False,0.007071067811865475,0.007052346879988651,24,24,24,0,0.0,{},0.817615086250893,0.7353732638888888,0.0,False,True,False,True,False,False,0.0,99.04813613501169,84.0311332064018,99.04813613501169,98.08333333333333,1.1853659192116635,5.1469512448370045e-05,False,0.5156545705512713,False,0.009027777777777746,False,False,0.6761374804001102,0.009027777777777746,True,True,-0.6928317550583113,0.1667164381425978,15.434944233134983,False,opposite_direction
945,assignment_isolation,plus_one_randomisation,True,ok,88.12823131735882,4.03284183309434,95.81982927794851,81.74877410887865,33.72553480317865,1.0,0.001,1.0,0.001,,,,,False,True,False,True,False,0.007071067811865475,0.007041233710384387,24,24,24,0,0.0,{},0.7904058313632782,0.7326241134751774,0.0,False,True,False,True,False,False,0.0,95.8198292779485,81.74877410887865,95.8198292779485,96.16666666666667,1.1643670056940998,0.01715621621290127,False,0.49707053178349264,False,0.02187500000000009,False,False,0.6703023859508949,0.02187500000000009,True,True,-1.329464569082152,0.11559182358052582,13.776732310375396,False,opposite_direction
946,assignment_isolation,plus_one_randomisation,True,ok,89.80284358643735,3.690849810113879,95.23061407719737,82.83365107036184,34.18512855109037,1.0,0.001,1.0,0.001,,,,,False,True,False,True,False,0.007071067811865475,0.007028754200765225,24,24,24,0,0.0,{},0.797287326388889,0.6916666666666665,0.0,False,True,False,True,False,False,0.0,95.23061407719736,82.83365107036184,95.23061407719736,96.375,1.1794180590001695,0.016959949330838,False,0.5199419855526665,False,0.023263888888888862,False,False,0.6725184509066271,0.023263888888888862,True,True,0.0435939752669165,0.2628623492590011,12.454003476338281,False,opposite_direction
947,assignment_isolation,plus_one_randomisation,True,ok,86.98509802415157,3.5024234497427993,93.60748535386952,81.77891686579126,33.97646626740321,1.0,0.001,1.0,0.001,,,,,False,True,False,True,False,0.007071067811865475,0.007032895400458357,24,24,24,0,0.0,{},0.7956790961065279,0.683139534883721,0.0,False,True,False,True,False,False,0.0,93.60748535386954,81.77891686579126,93.60748535386954,96.04166666666667,1.1708795328650736,0.013814946009989375,False,0.5063975492695902,False,0.02430555555555558,False,False,0.6633007303562769,0.02430555555555558,True,True,-3.0782508760629694,0.20841442026328943,13.813255089097234,True,selection_limited
948,assignment_isolation,plus_one_randomisation,True,ok,89.661552856659,4.699474699286182,97.76790319557537,81.89223342502012,34.706212524812024,1.0,0.001,1.0,0.001,,,,,False,True,False,True,False,0.007071067811865475,0.007070472109147764,24,24,24,0,0.0,{},0.8142144097222223,0.6666666666666667,0.0,False,True,False,True,False,False,0.0,97.76790319557536,81.89223342502012,97.76790319557536,95.79166666666667,1.2008520517644417,0.01940004239571609,False,0.5465316167515668,False,0.021180555555555536,False,False,0.6652045456066511,0.021180555555555536,True,True,0.6274486300447538,0.2610953238515933,10.949233117620714,False,opposite_direction
949,assignment_isolation,plus_one_randomisation,True,ok,86.07208675845692,2.8716735193778207,90.7642414962688,80.6022592271317,33.42164739739519,1.0,0.001,1.0,0.001,,,,,False,True,False,True,False,0.007071067811865475,0.007076647732444017,24,24,24,0,0.0,{},0.8096523655802006,0.7409176029962548,0.0,False,True,False,True,False,False,0.0,90.76424149626878,80.6022592271317,90.76424149626878,97.125,1.1654427665874076,0.011719403440339903,False,0.5165263903714916,False,0.037847222222222254,False,False,0.6610552014314727,0.037847222222222254,True,True,0.22035419994628866,0.20040241049005988,14.502823663331341,False,opposite_direction
950,assignment_isolation,plus_one_randomisation,True,ok,86.05640530938187,3.545444632113058,92.02613189379609,80.35297984997284,32.92836446111311,1.0,0.001,1.0,0.001,,,,,False,True,False,True,False,0.007071067811865475,0.007107365822727651,24,24,24,0,0.0,{},0.8112630208333335,0.6750508130081302,0.0,False,True,False,True,False,False,0.0,92.02613189379609,80.35297984997284,92.02613189379609,96.29166666666667,1.1482677983717433,0.006332427573847912,False,0.5021540786114164,False,0.026388888888888906,False,False,0.6666127957193466,0.026388888888888906,True,True,-0.5802920499872289,0.08517740698296458,13.443912624580973,False,opposite_direction
951,assignment_isolation,plus_one_randomisation,True,ok,99.3189990977791,2.9877381265360703,104.11758276459727,94.08563191478292,35.074017522041665,1.0,0.001,1.0,0.001,,,,,False,True,False,True,False,0.007071067811865475,0.007053004106822843,24,24,24,0,0.0,{},0.8079027777777776,0.6669089147286822,0.0,False,True,False,True,False,False,0.0,104.11758276459727,94.08563191478292,104.11758276459727,96.70833333333333,1.2163585298926172,0.028410898847943795,False,0.509886278337032,False,0.012499999999999956,False,False,0.6971957327035615,0.012499999999999956,True,True,-0.17879896807942328,0.26346009805638243,15.137480515739442,False,opposite_direction
952,assignment_isolation,plus_one_randomisation,True,ok,94.7823411028413,3.853718934395197,100.95635277482965,88.21753073234883,34.23535369352459,1.0,0.001,1.0,0.001,,,,,False,True,False,True,False,0.007071067811865475,0.007114167585818901,24,24,24,0,0.0,{},0.7950520833333332,0.70875,0.0,False,True,False,True,False,False,0.0,100.95635277482965,88.21753073234883,100.95635277482965,94.08333333333333,1.181204962288512,0.044811749793123946,False,0.5300429995768164,False,0.03229166666666661,False,False,0.6912619505133892,0.03229166666666661,True,True,1.4326507811673193,0.15134002797556634,14.134370872968775,False,opposite_direction
953,assignment_isolation,plus_one_randomisation,True,ok,88.84677492367915,3.448489072824874,94.42825648438586,82.38891167703078,34.046028816627654,1.0,0.001,1.0,0.001,,,,,False,True,False,True,False,0.007071067811865475,0.007037517406174221,24,24,24,0,0.0,{},0.8056405141843974,0.7015917602996254,0.0,False,True,False,True,False,False,0.0,94.42825648438584,82.38891167703078,94.42825648438584,96.95833333333333,1.1796373627465107,0.003317154165749355,False,0.5044835372510359,False,0.018402777777777768,False,False,0.6684717961298189,0.018402777777777768,True,True,-0.41929674207245426,0.14551696932765465,12.663260049459446,False,opposite_direction
954,assignment_isolation,plus_one_randomisation,True,ok,78.98734792862398,3.1864816212811453,84.2211864292928,73.4229909110176,33.09365389258496,1.0,0.001,1.0,0.001,,,,,False,True,False,True,False,0.007071067811865475,0.007125867262024866,24,24,24,0,0.0,{},0.8078248517786559,0.7337912087912088,0.0,False,True,False,True,False,False,0.0,84.2211864292928,73.4229909110176,84.2211864292928,95.75,1.1537769127884412,0.025575877835133258,False,0.5184686342170362,False,0.04236111111111107,False,False,0.6310509284309985,0.04236111111111107,True,True,-0.3427856608877893,0.11943951174803719,11.638005834803725,False,opposite_direction
955,assignment_isolation,plus_one_randomisation,True,ok,94.829058675473,3.1871065804800343,100.04635812512647,89.64130100546856,34.89083138132387,1.0,0.001,1.0,0.001,,,,,False,True,False,True,False,0.007071067811865475,0.007066821411036735,24,24,24,0,0.0,{},0.7966144189634616,0.6963425925925926,0.0,False,True,False,True,False,False,0.0,100.04635812512647,89.64130100546856,100.04635812512647,95.875,1.2071413507539603,0.023668918715274552,False,0.527749684190505,False,0.021180555555555536,False,False,0.6838315469805725,0.021180555555555536,True,True,0.8556827154183757,0.1940116414162563,13.58234046009681,False,opposite_direction
956,assignment_isolation,plus_one_randomisation,True,ok,90.31968248129438,3.6666375972183616,96.66295197979274,84.04318496399458,34.62587711449991,1.0,0.001,1.0,0.001,,,,,False,True,False,True,False,0.007071067811865475,0.0070705220893922185,24,24,24,0,0.0,{},0.8012188573883163,0.6885658914728683,0.0,False,True,False,True,False,False,0.0,96.66295197979274,84.04318496399458,96.66295197979274,95.25,1.1946887203614676,0.0037318367966807,False,0.5229279012011478,False,0.018750000000000044,False,False,0.6698761152985878,0.018750000000000044,True,True,1.4510343829931382,0.17231026413791473,15.917820349845442,False,opposite_direction
957,assignment_isolation,plus_one_randomisation,True,ok,88.64027061548802,3.526746864336143,95.33236396749224,83.17549754262294,34.40632965646934,1.0,0.001,1.0,0.001,,,,,False,True,False,True,False,0.007071067811865475,0.007063112651688778,24,24,24,0,0.0,{},0.7991935483870968,0.6935132575757577,0.0,False,True,False,True,False,False,0.0,95.33236396749224,83.17549754262294,95.33236396749224,96.0,1.1905293321310035,0.006808517288823221,False,0.5088110889359551,False,0.015972222222222165,False,False,0.6641373390127545,0.015972222222222165,True,True,0.6253240603051029,0.17799338254605782,12.111771180477064,False,opposite_direction
958,assignment_isolation,plus_one_randomisation,True,ok,94.62654879698702,4.017758079864815,101.20009536278671,87.1601949795566,34.643514631978285,1.0,0.001,1.0,0.001,,,,,False,True,False,True,False,0.007071067811865475,0.007095298002173471,24,24,24,0,0.0,{},0.7972715968107673,0.723314606741573,0.0,False,True,False,True,False,False,0.0,101.20009536278671,87.1601949795566,101.20009536278671,94.83333333333333,1.1968592985098725,0.03188198783897813,False,0.5212026001586101,False,0.014236111111111116,False,False,0.6861004554760672,0.014236111111111116,True,True,0.1851533070940534,0.1805949002188849,13.617642150093522,False,opposite_direction
959,assignment_isolation,plus_one_randomisation,True,ok,93.52934537121519,3.5600506463749806,100.25547578342548,87.70723324820234,34.353837215519164,1.0,0.001,1.0,0.001,,,,,False,True,False,True,False,0.007071067811865475,0.007082912006669924,24,24,24,0,0.0,{},0.7996598639455782,0.662087912087912,0.0,False,True,False,True,False,False,0.0,100.25547578342548,87.70723324820234,100.25547578342548,94.54166666666667,1.1829563811806694,0.02719820073463277,False,0.5486045269019644,False,0.022916666666666585,False,False,0.686107963041104,0.022916666666666585,True,True,-0.16013718560305804,0.1873239598736811,13.985172634155337,False,opposite_direction
960,assignment_isolation,plus_one_randomisation,True,ok,92.68658762687818,3.3408951899768393,98.46963482218975,87.14929386935371,34.93090168869092,1.0,0.001,1.0,0.001,,,,,False,True,False,True,False,0.007071067811865475,0.007081813765229687,24,24,24,0,0.0,{},0.8048499316077441,0.7066375968992249,0.0,False,True,False,True,False,False,0.0,98.46963482218975,87.14929386935371,98.46963482218975,96.66666666666667,1.2160814785532437,0.02335846103503093,False,0.5258431579929284,False,0.01909722222222221,False,False,0.6728854826813274,0.01909722222222221,True,True,-0.5359536318594313,0.18552099683373394,12.743335244369003,False,opposite_direction
961,assignment_isolation,plus_one_randomisation,True,ok,90.17249030768744,3.405394315331911,95.52646872167193,84.04347419592395,33.987651276878395,1.0,0.001,1.0,0.001,,,,,False,True,False,True,False,0.007071067811865475,0.0070637789763854965,24,24,24,0,0.0,{},0.8040816326530613,0.6731012658227848,0.0,False,True,False,True,False,False,0.0,95.52646872167195,84.04347419592395,95.52646872167195,96.08333333333333,1.1766635230939353,0.0028017890158015105,False,0.5230839439081167,False,0.04131944444444435,False,False,0.6748897506602893,0.04131944444444435,True,True,-1.258221311354229,0.17633350154260893,11.825473407629941,False,opposite_direction
962,assignment_isolation,plus_one_randomisation,True,ok,86.7162459980242,4.199069453970456,93.2737431123354,78.89052804122939,34.01205290006247,1.0,0.001,1.0,0.001,,,,,False,True,False,True,False,0.007071067811865475,0.007083825677809084,24,24,24,0,0.0,{},0.8046459167193316,0.686877394636015,0.0,False,True,False,True,False,False,0.0,93.2737431123354,78.89052804122939,93.2737431123354,94.41666666666667,1.1705636871496858,0.029559761351841105,False,0.511361193982839,False,0.020486111111111094,False,False,0.6622265225850965,0.020486111111111094,True,True,-1.3866793001564826,0.1664832764213258,11.183598299143437,False,opposite_direction
963,assignment_isolation,plus_one_randomisation,True,ok,89.52946219093984,3.4938107215558807,95.11926691327083,83.22852119238424,34.42840807539714,1.0,0.001,1.0,0.001,,,,,False,True,False,True,False,0.007071067811865475,0.007121487652802842,24,24,24,0,0.0,{},0.8074714849747753,0.722037037037037,0.0,False,True,False,True,False,False,0.0,95.11926691327083,83.22852119238424,95.11926691327083,95.16666666666667,1.1959144154711137,0.04769419621835863,False,0.545399902289697,False,0.030902777777777724,False,False,0.6662020536261317,0.030902777777777724,True,True,0.45669452200907823,0.21879595002601843,14.301311141295098,False,opposite_direction
964,assignment_isolation,plus_one_randomisation,True,ok,90.23304073348227,4.0807025690838135,97.93657972624308,83.5669595871642,34.18076167793902,1.0,0.001,1.0,0.001,,,,,False,True,False,True,False,0.007071067811865475,0.007052096040568801,24,24,24,0,0.0,{},0.8070205836373112,0.7196629213483147,0.0,False,True,False,True,False,False,0.0,97.9365797262431,83.5669595871642,97.9365797262431,96.04166666666667,1.1811357175643942,0.00555402030262197,False,0.5154066370102047,False,0.01388888888888884,False,False,0.673743428358092,0.01388888888888884,True,True,1.66786711845717,0.15457442160258125,13.904916215415431,False,opposite_direction
965,assignment_isolation,plus_one_randomisation,True,ok,99.44391757868736,3.36665085379951,105.1511433052186,93.75244687565018,35.52161686558963,1.0,0.001,1.0,0.001,,,,,False,True,False,True,False,0.007071067811865475,0.007060154402789245,24,24,24,0,0.0,{},0.8025989057239058,0.740964912280702,0.0,False,True,False,True,False,False,0.0,105.15114330521858,93.75244687565016,105.15114330521858,96.375,1.2310030374954581,0.03274184561882615,False,0.5011846404167173,False,0.021527777777777812,False,False,0.69356698427795,0.021527777777777812,True,True,0.21027128435832246,0.15827861291504997,13.7983328562321,False,opposite_direction
966,assignment_isolation,plus_one_randomisation,True,ok,89.36002474021802,3.2132819155957657,94.78416228476269,83.99576013883889,33.67019975621346,1.0,0.001,1.0,0.001,,,,,False,True,False,True,False,0.007071067811865475,0.0070758918575058345,24,24,24,0,0.0,{},0.8173429893327606,0.742280701754386,0.0,False,True,False,True,False,False,0.0,94.78416228476267,83.99576013883889,94.78416228476267,97.625,1.1770025604053507,0.004984767647088977,False,0.5196272306760922,False,0.014930555555555558,False,False,0.6714482906337991,0.014930555555555558,True,True,-0.41508793083864987,0.2039373270204925,12.4090629934621,False,opposite_direction
967,assignment_isolation,plus_one_randomisation,True,ok,98.03090584473387,3.168698194932504,103.84489143978871,92.90031555748193,35.028187048032244,1.0,0.001,1.0,0.001,,,,,False,True,False,True,False,0.007071067811865475,0.007008073906850908,24,24,24,0,0.0,{},0.804124149659864,0.7081501831501832,0.0,False,True,False,True,False,False,0.0,103.8448914397887,92.90031555748193,103.8448914397887,97.41666666666667,1.2114429594114013,0.01824981453864296,False,0.5234389285412251,False,0.03749999999999998,False,False,0.6941488962160247,0.03749999999999998,True,True,-0.715300357615807,0.10193004834484974,14.851760113436367,False,opposite_direction
968,assignment_isolation,plus_one_randomisation,True,ok,97.53095778917874,4.410185905252275,104.7486248782962,89.61641011319455,34.47295098594547,1.0,0.001,1.0,0.001,,,,,False,True,False,True,False,0.007071067811865475,0.007071593229964442,24,24,24,0,0.0,{},0.8085702016843972,0.6420833333333333,0.0,False,True,False,True,False,False,0.0,104.7486248782962,89.61641011319455,104.7486248782962,96.91666666666667,1.1999550337892873,0.018196529977364057,False,0.5173062658537169,False,0.018749999999999933,False,False,0.6956479740015052,0.018749999999999933,True,True,2.2169970267098464,0.24069947058092697,14.507297926885757,False,opposite_direction
969,assignment_isolation,plus_one_randomisation,True,ok,90.79583473484523,2.8181193448150683,95.47770627348926,85.77375881676421,35.209132278403914,1.0,0.001,1.0,0.001,,,,,False,True,False,True,False,0.007071067811865475,0.007039965455629056,24,24,24,0,0.0,{},0.777525982074752,0.648235294117647,0.0,False,True,False,True,False,False,0.0,95.47770627348926,85.77375881676421,95.47770627348926,93.875,1.2008004156362908,0.01602176464001215,False,0.49324342263827975,False,0.02499999999999991,False,False,0.6699339442677146,0.02499999999999991,True,True,0.40036822808445643,0.1350101992002144,13.90224682631245,False,opposite_direction
970,assignment_isolation,plus_one_randomisation,True,ok,84.59288495489771,4.305260166702117,91.95531100389094,75.93238125840057,33.414312126452444,1.0,0.001,1.0,0.001,,,,,False,True,False,True,False,0.007071067811865475,0.007091402584050316,24,24,24,0,0.0,{},0.8085855263157895,0.6870426829268294,0.0,False,True,False,True,False,False,0.0,91.95531100389094,75.93238125840057,91.95531100389094,96.33333333333333,1.1628480387178883,0.0012939375147350755,False,0.5110148570696771,False,0.011111111111111183,False,False,0.6552413850228554,0.011111111111111183,True,True,0.6345754377903149,0.19640983667879316,13.890988889196155,False,opposite_direction
971,assignment_isolation,plus_one_randomisation,True,ok,85.9543793871364,4.542815087626248,93.63841757905239,77.27593055434521,33.96640218564682,1.0,0.001,1.0,0.001,,,,,False,True,False,True,False,0.007071067811865475,0.007033366036837521,24,24,24,0,0.0,{},0.7876829065513802,0.6696360153256705,0.0,False,True,False,True,False,False,0.0,93.63841757905239,77.27593055434521,93.63841757905239,95.0,1.1642455176591486,9.588632252526651e-05,False,0.5070743673496693,False,0.02951388888888884,False,False,0.6609250697182228,0.02951388888888884,True,True,-1.0049935276533388,0.19708941915564232,11.598968947668963,False,opposite_direction
972,assignment_isolation,plus_one_randomisation,True,ok,95.05178058693957,3.883383952374981,101.67171831517216,88.94387752920893,34.50688038728376,1.0,0.001,1.0,0.001,,,,,False,True,False,True,False,0.007071067811865475,0.007054810727182358,24,24,24,0,0.0,{},0.7935389046717174,0.67078373015873,0.0,False,True,False,True,False,False,0.0,101.67171831517216,88.94387752920893,101.67171831517216,95.66666666666667,1.190532869553569,0.030846021882818733,False,0.508552459344289,False,0.013541666666666563,False,False,0.6895219964603485,0.013541666666666563,True,True,-2.0008097568023056,0.25546818382459197,13.929578824738112,False,opposite_direction
973,assignment_isolation,plus_one_randomisation,True,ok,91.24679545625763,4.132252423996962,97.44114443545887,83.70793895729174,34.99229176534452,1.0,0.001,1.0,0.001,,,,,False,True,False,True,False,0.007071067811865475,0.007053389088824544,24,24,24,0,0.0,{},0.779122807017544,0.7149224806201552,0.0,False,True,False,True,False,False,0.0,97.44114443545887,83.70793895729174,97.44114443545887,94.33333333333333,1.1985959978756147,0.02360804410250227,False,0.4791309122680491,False,0.015277777777777724,False,False,0.6724525311313947,0.015277777777777724,True,True,-2.3999442966131914,0.17021952589338743,11.172256287169755,False,opposite_direction
974,assignment_isolation,plus_one_randomisation,True,ok,92.58880836403904,3.7055237461969184,98.58624594751916,85.83174329831041,34.18055431981971,1.0,0.001,1.0,0.001,,,,,False,True,False,True,False,0.007071067811865475,0.007070253402754316,24,24,24,0,0.0,{},0.8153333333333335,0.729498106060606,0.0,False,True,False,True,False,False,0.0,98.58624594751916,85.83174329831041,98.58624594751916,96.91666666666667,1.1895516938481543,0.002561918994659825,False,0.5012771568852232,False,0.022222222222222254,False,False,0.6805340532720142,0.022222222222222254,True,True,-0.501152035390816,0.1807375477503516,12.892849446973171,False,opposite_direction
975,assignment_isolation,plus_one_randomisation,True,ok,92.27679840354101,2.651216162042899,97.40162842265428,88.20098118935938,34.23956119552238,1.0,0.001,1.0,0.001,,,,,False,True,False,True,False,0.007071067811865475,0.007102224761072138,24,24,24,0,0.0,{},0.8252050694014981,0.6870738636363636,0.0,False,True,False,True,False,False,0.0,97.40162842265427,88.20098118935938,97.40162842265427,97.41666666666667,1.200077350581375,0.007432829601892121,False,0.5295846552735087,False,0.025000000000000022,False,False,0.6761204540881889,0.025000000000000022,True,True,0.518918227889804,0.21118255985101977,12.223583699489106,False,opposite_direction
976,assignment_isolation,plus_one_randomisation,True,ok,87.72111486074637,3.2724865561793184,94.38826898914958,82.56205875402827,33.98973955559176,1.0,0.001,1.0,0.001,,,,,False,True,False,True,False,0.007071067811865475,0.007030720852833662,24,24,24,0,0.0,{},0.8011949202166594,0.6541152263374485,0.0,False,True,False,True,False,False,0.0,94.38826898914958,82.56205875402827,94.38826898914958,96.66666666666667,1.1747787112356924,0.030467652474181574,False,0.5004960239552377,False,0.01736111111111105,False,False,0.665231773909861,0.01736111111111105,True,True,-0.6718073056982367,0.16125165234704578,13.416272751235056,False,opposite_direction
977,assignment_isolation,plus_one_randomisation,True,ok,83.99590364360233,3.695901213425702,89.91368557815669,77.43352638657025,33.64450895111572,1.0,0.001,1.0,0.001,,,,,False,True,False,True,False,0.007071067811865475,0.007084933436171242,24,24,24,0,0.0,{},0.8238854166666666,0.7280465949820786,0.0,False,True,False,True,False,False,0.0,89.91368557815669,77.43352638657025,89.91368557815669,97.0,1.173831716693159,0.0025013678108906237,False,0.49934760419844243,False,0.03229166666666672,False,False,0.648800020179746,0.03229166666666672,True,True,0.277314575489983,0.1749621322056446,13.123550610274233,False,opposite_direction
978,assignment_isolation,plus_one_randomisation,True,ok,84.89728659671394,4.2904532470376475,92.58042139014005,78.24019735097734,34.01114016450047,1.0,0.001,1.0,0.001,,,,,False,True,False,True,False,0.007071067811865475,0.007097188667784747,24,24,24,0,0.0,{},0.8114144594007816,0.7203183520599251,0.0,False,True,False,True,False,False,0.0,92.58042139014005,78.24019735097734,92.58042139014005,96.0,1.1825327095903562,0.0009410008539031898,False,0.5133510772049514,False,0.015972222222222165,False,False,0.6500931440980988,0.015972222222222165,True,True,0.03250736802279015,0.1056808633237249,13.561293042048703,False,opposite_direction
979,assignment_isolation,plus_one_randomisation,True,ok,100.56804964607255,3.823664432588426,106.89945368429935,94.05508830551112,35.127509126480355,1.0,0.001,1.0,0.001,,,,,False,True,False,True,False,0.007071067811865475,0.007099112778315403,24,24,24,0,0.0,{},0.7934529505582136,0.7166666666666667,0.0,False,True,False,True,False,False,0.0,106.89945368429933,94.05508830551112,106.89945368429933,96.08333333333333,1.2222089672734682,0.023694482794911393,False,0.5146637868461196,False,0.042013888888888906,False,False,0.699767877828599,0.042013888888888906,True,True,1.3563865500639278,0.16307246176148837,15.372050323618293,False,opposite_direction
980,assignment_isolation,plus_one_randomisation,True,ok,93.65693475159122,3.368110086233332,99.05878384353983,88.27023596711949,34.49942796998187,1.0,0.001,1.0,0.001,,,,,False,True,False,True,False,0.007071067811865475,0.007110110205423488,24,24,24,0,0.0,{},0.8061396357742181,0.7159420289855072,0.0,False,True,False,True,False,False,0.0,99.05878384353984,88.27023596711949,99.05878384353984,95.875,1.200911266525972,0.006296908364423923,False,0.5306182274797104,False,0.019444444444444486,False,False,0.6812398332519543,0.019444444444444486,True,True,1.7840129337637574,0.1783880208033341,14.625553467214296,False,opposite_direction
981,assignment_isolation,plus_one_randomisation,True,ok,90.12172746552694,4.2330750935228325,98.14962501851268,83.28794472867487,34.6114617900265,1.0,0.001,1.0,0.001,,,,,False,True,False,True,False,0.007071067811865475,0.007098297183733136,24,24,24,0,0.0,{},0.8034344125859105,0.7207870370370372,0.0,False,True,False,True,False,False,0.0,98.14962501851268,83.28794472867487,98.14962501851268,95.58333333333333,1.2009784372611592,0.014771536488398967,False,0.5077523352390196,False,0.017708333333333437,False,False,0.6670923381557736,0.017708333333333437,True,True,2.250266325656477,0.19936673652567935,13.740129239623167,False,opposite_direction
982,assignment_isolation,plus_one_randomisation,True,ok,88.43096048104117,3.579117499229193,94.09964618380114,81.56991168352393,33.323229906732884,1.0,0.001,1.0,0.001,,,,,False,True,False,True,False,0.007071067811865475,0.0070868126746414075,24,24,24,0,0.0,{},0.8164864812217547,0.6707865168539325,0.0,False,True,False,True,False,False,0.0,94.09964618380114,81.56991168352393,94.09964618380114,96.5,1.1599297934929638,0.0011810559679454168,False,0.5227881082701655,False,0.019444444444444486,False,False,0.6729860400180071,0.019444444444444486,True,True,-0.2978650419519756,0.16131771601876557,14.599446451821485,False,opposite_direction
983,assignment_isolation,plus_one_randomisation,True,ok,83.71192681945563,3.3498400890277193,88.85214635828274,77.18944915205154,34.23497469901427,1.0,0.001,1.0,0.001,,,,,False,True,False,True,False,0.007071067811865475,0.007100519894661771,24,24,24,0,0.0,{},0.7967982456140351,0.7207880434782608,0.0,False,True,False,True,False,False,0.0,88.85214635828272,77.18944915205154,88.85214635828272,94.16666666666667,1.1794479038768555,0.003646443302103711,False,0.5138184966822477,False,0.05034722222222221,False,False,0.6455754901361227,0.05034722222222221,True,True,0.7573421364859999,0.1993915253818803,13.623064243122933,False,opposite_direction
984,assignment_isolation,plus_one_randomisation,True,ok,92.54059829060493,3.525855060164613,98.96880505006916,86.60165807332902,34.53179684969167,1.0,0.001,1.0,0.001,,,,,False,True,False,True,False,0.007071067811865475,0.007050295188343444,24,24,24,0,0.0,{},0.7989583333333332,0.713768115942029,0.0,False,True,False,True,False,False,0.0,98.96880505006918,86.60165807332902,98.96880505006918,95.54166666666667,1.1898518466333803,0.0518089642716928,False,0.5013329771334223,False,0.009722222222222188,False,False,0.6802560283825931,0.009722222222222188,True,True,0.7783363177290009,0.12919669641404408,14.050737116717398,False,opposite_direction
985,assignment_isolation,plus_one_randomisation,True,ok,95.57369688236311,4.452624638001874,103.67742804174637,88.16805108433954,34.875184733293985,1.0,0.001,1.0,0.001,,,,,False,True,False,True,False,0.007071067811865475,0.007053796994710791,24,24,24,0,0.0,{},0.8093532986111112,0.6707865168539325,0.0,False,True,False,True,False,False,0.0,103.67742804174638,88.16805108433954,103.67742804174638,95.95833333333333,1.2048995048323934,0.04432103772465137,False,0.48351934939084895,False,0.013194444444444398,False,False,0.687247195071109,0.013194444444444398,True,True,-0.1813491594831507,0.07565285163550367,13.608920877399926,False,opposite_direction
986,assignment_isolation,plus_one_randomisation,True,ok,86.13150521067864,3.3429156994392946,91.45167315283136,80.50077599530027,33.76771547792147,1.0,0.001,1.0,0.001,,,,,False,True,False,True,False,0.007071067811865475,0.007102731677192755,24,24,24,0,0.0,{},0.8090754908824216,0.7169540229885057,0.0,False,True,False,True,False,False,0.0,91.45167315283136,80.50077599530027,91.45167315283136,96.83333333333333,1.18007479285418,0.011360193128489142,False,0.49224542143206657,False,0.022222222222222254,False,False,0.6565264341402153,0.022222222222222254,True,True,0.6356887264694302,0.16710993088455797,14.349757727294486,False,opposite_direction
987,assignment_isolation,plus_one_randomisation,True,ok,89.32468503546215,3.0822784459625945,94.6493245822547,83.9591600637077,33.79514424804967,1.0,0.001,1.0,0.001,,,,,False,True,False,True,False,0.007071067811865475,0.007083878494506173,24,24,24,0,0.0,{},0.8055995370370371,0.7207890070921985,0.0,False,True,False,True,False,False,0.0,94.64932458225469,83.9591600637077,94.64932458225469,97.08333333333333,1.1794180007522457,0.026612216477104222,False,0.5081398811026461,False,0.02777777777777779,False,False,0.6705408223992594,0.02777777777777779,True,True,-1.1710233469907414,0.18124189800797902,13.610000079944085,False,opposite_direction
988,assignment_isolation,plus_one_randomisation,True,ok,92.64904758319541,4.042070274049632,98.19719525283193,84.29596874533568,35.61986134723288,1.0,0.001,1.0,0.001,,,,,False,True,False,True,False,0.007071067811865475,0.007015675099665707,24,24,24,0,0.0,{},0.770678876946699,0.7018981481481482,0.0,False,True,False,True,False,False,0.0,98.19719525283193,84.29596874533568,98.19719525283193,93.875,1.2106167328313204,0.015117843323338313,False,0.5111324052248502,False,0.0371527777777777,False,False,0.674393627564539,0.0371527777777777,True,True,-1.1871535243176976,0.18440463435175172,12.659786902734101,False,opposite_direction
989,assignment_isolation,plus_one_randomisation,True,ok,90.39618819943188,3.606176415173582,96.42862784879479,84.28502651592115,34.75855057072862,1.0,0.001,1.0,0.001,,,,,False,True,False,True,False,0.007071067811865475,0.007045034840413693,24,24,24,0,0.0,{},0.8030467506151397,0.7235648148148147,0.0,False,True,False,True,False,False,0.0,96.42862784879479,84.28502651592115,96.42862784879479,96.75,1.2043155514785306,0.029776519287819735,False,0.5081625373878508,False,0.020138888888888817,False,False,0.6671922008612791,0.020138888888888817,True,True,0.18749185936282614,0.0915711056180258,14.657092635753456,False,opposite_direction
990,assignment_isolation,plus_one_randomisation,True,ok,89.16154273096926,3.3704868719083336,94.53773293021648,83.32797750586546,33.47483360366566,1.0,0.001,1.0,0.001,,,,,False,True,False,True,False,0.007071067811865475,0.007081268320166551,24,24,24,0,0.0,{},0.7989690721649485,0.7363425925925925,0.0,False,True,False,True,False,False,0.0,94.53773293021648,83.32797750586546,94.53773293021648,95.875,1.1605187739062803,0.012652983619220386,False,0.5144998449514923,False,0.031597222222222165,False,False,0.6758195602315713,0.031597222222222165,True,True,3.2468807338982093,0.3973131327140775,15.311470853203883,True,selection_limited
991,assignment_isolation,plus_one_randomisation,True,ok,85.28328817212349,3.47441820077036,91.02164905509575,78.68385546458913,33.793670274558814,1.0,0.001,1.0,0.001,,,,,False,True,False,True,False,0.007071067811865475,0.007075582579421946,24,24,24,0,0.0,{},0.8120614035087722,0.7289930555555556,0.0,False,True,False,True,False,False,0.0,91.02164905509575,78.68385546458913,91.02164905509575,96.58333333333333,1.1749480521969173,0.026137183935500956,False,0.5195265171186136,False,0.0215277777777777,False,False,0.6543783476873661,0.0215277777777777,True,True,0.6536201218317644,0.14180756015632506,12.148468974273872,False,opposite_direction
992,assignment_isolation,plus_one_randomisation,True,ok,88.44651972527515,3.622546378656418,95.27435741259181,82.81262353678788,33.94750886931144,1.0,0.001,1.0,0.001,,,,,False,True,False,True,False,0.007071067811865475,0.007047502340659541,24,24,24,0,0.0,{},0.7894503546099292,0.6689764492753623,0.0,False,True,False,True,False,False,0.0,95.27435741259181,82.81262353678788,95.27435741259181,96.375,1.1743440159367537,0.0235342530351761,False,0.5118594472762813,False,0.030208333333333393,False,False,0.6684651328719821,0.030208333333333393,True,True,0.41595185182545774,0.2699936520774916,14.329161094309383,False,opposite_direction
993,assignment_isolation,plus_one_randomisation,True,ok,93.86445140067222,4.853153963763687,102.3045071400435,85.25259975481045,34.06301874784146,1.0,0.001,1.0,0.001,,,,,False,True,False,True,False,0.007071067811865475,0.0070362638429916444,24,24,24,0,0.0,{},0.8164921035314763,0.6856431159420288,0.0,False,True,False,True,False,False,0.0,102.3045071400435,85.25259975481045,102.3045071400435,97.0,1.180269327983536,0.04858265886678094,False,0.494620626528768,False,0.028472222222222232,False,False,0.6881595498064093,0.028472222222222232,True,True,-0.7144914253428096,0.05872191487818701,13.979624292010437,False,opposite_direction
994,assignment_isolation,plus_one_randomisation,True,ok,89.97955400708214,3.330379356384426,95.96044394785999,84.77352394401086,33.91081960613155,1.0,0.001,1.0,0.001,,,,,False,True,False,True,False,0.007071067811865475,0.007103607638986615,24,24,24,0,0.0,{},0.7871133609693877,0.7081372549019607,0.0,False,True,False,True,False,False,0.0,95.96044394785999,84.77352394401086,95.96044394785999,94.125,1.1685296891284556,0.03179391944061635,False,0.5345037371804913,False,0.019444444444444375,False,False,0.6766416964164915,0.019444444444444375,True,True,-0.40183700262726524,0.157286301664685,14.771991245314613,False,opposite_direction
995,assignment_isolation,plus_one_randomisation,True,ok,84.67975503009079,3.990290411088924,91.79287520528948,78.25998684089986,34.43913814925015,1.0,0.001,1.0,0.001,,,,,False,True,False,True,False,0.007071067811865475,0.007073015353953657,24,24,24,0,0.0,{},0.8082890070921986,0.7087499999999999,0.0,False,True,False,True,False,False,0.0,91.79287520528948,78.25998684089986,91.79287520528948,96.25,1.1948881353562293,0.014784021633370309,False,0.49937655467555847,False,0.01041666666666674,False,False,0.6449758392464098,0.01041666666666674,True,True,-0.18979113030911293,0.19475435024553386,13.381500261666437,False,opposite_direction
996,assignment_isolation,plus_one_randomisation,True,ok,95.33280221278044,3.316029700414664,101.12318634463877,89.32465516450652,35.437504271904196,1.0,0.001,1.0,0.001,,,,,False,True,False,True,False,0.007071067811865475,0.007034135649013984,24,24,24,0,0.0,{},0.7895606884057972,0.6398809523809523,0.0,False,True,False,True,False,False,0.0,101.12318634463877,89.32465516450652,101.12318634463877,95.125,1.2156014431021407,0.014064755560072285,False,0.5269185530271242,False,0.03229166666666672,False,False,0.6832321704316846,0.03229166666666672,True,True,-0.49027070227533426,0.21087322034665956,13.431028800357998,False,opposite_direction
997,assignment_isolation,plus_one_randomisation,True,ok,89.91718744720794,3.6350142091607864,96.65034404690465,84.14415699732977,34.680501735111854,1.0,0.001,1.0,0.001,,,,,False,True,False,True,False,0.007071067811865475,0.007030876318763165,24,24,24,0,0.0,{},0.7873610634484861,0.6970695970695971,0.0,False,True,False,True,False,False,0.0,96.65034404690465,84.14415699732977,96.65034404690465,95.33333333333333,1.190384391607367,0.02919098803439069,False,0.5053958226315426,False,0.026736111111111183,False,False,0.6695569000971121,0.026736111111111183,True,True,-0.9524586119726511,0.2590993556581577,13.026353461566949,False,opposite_direction
998,assignment_isolation,plus_one_randomisation,True,ok,96.95269839127712,3.121633218714039,101.73741329224914,91.64443702652389,35.16008860162481,1.0,0.001,1.0,0.001,,,,,False,True,False,True,False,0.007071067811865475,0.007029494740898572,24,24,24,0,0.0,{},0.7821770380538398,0.7166666666666667,0.0,False,True,False,True,False,False,0.0,101.73741329224914,91.6444370265239,101.73741329224914,95.79166666666667,1.2095057581491033,0.02493575739583375,False,0.5192710642553512,False,0.021180555555555536,False,False,0.6909041839402157,0.021180555555555536,True,True,-1.0341568678304338,0.20624161286968054,13.658250647102692,False,opposite_direction
999,assignment_isolation,plus_one_randomisation,True,ok,93.45991925163764,3.5348885185049843,100.0540343957019,87.66927040819262,34.62425337464555,1.0,0.001,1.0,0.001,,,,,False,True,False,True,False,0.007071067811865475,0.007038024376599576,24,24,24,0,0.0,{},0.8089773936170214,0.719675925925926,0.0,False,True,False,True,False,False,0.0,100.05403439570189,87.66927040819262,100.05403439570189,97.83333333333333,1.2051597361871782,0.0401920334029681,False,0.5186540753056554,False,0.016666666666666607,False,False,0.6792113885420612,0.016666666666666607,True,True,1.9434093360198124,0.2640294492597814,15.843182402690255,False,opposite_direction
1000,assignment_isolation,plus_one_randomisation,True,ok,88.10736351711257,4.037191778963812,94.87879843505358,80.38923155012354,34.335168931168454,1.0,0.001,1.0,0.001,,,,,False,True,False,True,False,0.007071067811865475,0.0070362614444819714,24,24,24,0,0.0,{},0.7929824561403507,0.6870786516853934,0.0,False,True,False,True,False,False,0.0,94.87879843505358,80.38923155012354,94.87879843505358,96.95833333333333,1.1894432653183797,0.006479995997072841,False,0.5131623097726983,False,0.0371527777777777,False,False,0.6621941325873091,0.0371527777777777,True,True,-2.011490096963961,0.199532852453024,13.944158073041764,False,opposite_direction
1001,assignment_isolation,plus_one_randomisation,True,ok,88.68769994913453,2.889924608831406,93.56196353724279,83.62021650415396,33.75143396286645,1.0,0.001,1.0,0.001,,,,,False,True,False,True,False,0.007071067811865475,0.00708272243818538,24,24,24,0,0.0,{},0.8042774822695035,0.689831349206349,0.0,False,True,False,True,False,False,0.0,93.56196353724279,83.62021650415396,93.56196353724279,96.95833333333333,1.1769419068602442,0.008389429240024412,False,0.4995595889093993,False,0.01805555555555549,False,False,0.668657047517772,0.01805555555555549,True,True,-1.9085348398799513,0.18575453484655263,11.953712770744207,False,opposite_direction
1002,assignment_isolation,plus_one_randomisation,True,ok,86.59792066318141,3.4744648742994158,92.23566630327471,80.89572636567094,33.16931771587032,1.0,0.001,1.0,0.001,,,,,False,True,False,True,False,0.007071067811865475,0.007097182673291888,24,24,24,0,0.0,{},0.8300904045828857,0.651764705882353,0.0,False,True,False,True,False,False,0.0,92.23566630327473,80.89572636567094,92.23566630327473,96.83333333333333,1.1582570897964384,0.012115238471094853,False,0.5000475891910868,False,0.046527777777777835,False,False,0.6657133671110176,0.046527777777777835,True,True,0.21233962782708546,0.1182704556339649,13.617556504841255,False,opposite_direction
1003,assignment_isolation,plus_one_randomisation,True,ok,86.7996128901736,4.287381931612162,94.13518129298821,79.77197790690477,33.242862938669425,1.0,0.001,1.0,0.001,,,,,False,True,False,True,False,0.007071067811865475,0.00705950280339054,24,24,24,0,0.0,{},0.8162456244633776,0.6666666666666666,0.0,False,True,False,True,False,False,0.0,94.13518129298821,79.77197790690477,94.13518129298821,96.70833333333333,1.1539167771119625,0.004416432491087386,False,0.5100327016790582,False,0.015277777777777835,False,False,0.6679980373422156,0.015277777777777835,True,True,0.6090449994455424,0.1198085345538699,13.77041240384405,False,opposite_direction
1004,assignment_isolation,plus_one_randomisation,True,ok,95.07779356659539,3.3498987501321587,100.37476408089296,89.12881524371026,34.152192444591925,1.0,0.001,1.0,0.001,,,,,False,True,False,True,False,0.007071067811865475,0.007071710832324426,24,24,24,0,0.0,{},0.8194865319865319,0.6783730158730159,0.0,False,True,False,True,False,False,0.0,100.37476408089294,89.12881524371026,100.37476408089294,97.29166666666667,1.1911073612816196,0.006685132224736284,False,0.507251172536562,False,0.02083333333333337,False,False,0.6894494609282118,0.02083333333333337,True,True,2.7684826043476956,0.20099507179525522,15.251811983379094,False,opposite_direction
1005,assignment_isolation,plus_one_randomisation,True,ok,87.38393369958185,3.5252402138406174,94.25616800108776,81.77208689176567,33.866606862354985,1.0,0.001,1.0,0.001,,,,,False,True,False,True,False,0.007071067811865475,0.007039671697443427,24,24,24,0,0.0,{},0.8039484649122808,0.683139534883721,0.0,False,True,False,True,False,False,0.0,94.25616800108776,81.77208689176567,94.25616800108776,96.95833333333333,1.1737798971909623,0.009925306590071981,False,0.5067876430198036,False,0.018402777777777768,False,False,0.6640971835808249,0.018402777777777768,True,True,0.10738741102584005,0.33142519274586835,14.513605489163076,False,opposite_direction
1006,assignment_isolation,plus_one_randomisation,True,ok,92.79633043825334,4.0336054001480885,100.02970947790385,86.35689512926699,34.40872353825841,1.0,0.001,1.0,0.001,,,,,False,True,False,True,False,0.007071067811865475,0.007085890405450531,24,24,24,0,0.0,{},0.8137709658762291,0.7435897435897435,0.0,False,True,False,True,False,False,0.0,100.02970947790385,86.35689512926699,100.02970947790385,97.25,1.2022029856888738,0.0028115334992769845,False,0.5147972132171516,False,0.017013888888888884,False,False,0.6775203073678817,0.017013888888888884,True,True,0.14648132482521037,0.16095518105920648,14.836197610767368,False,opposite_direction
1007,assignment_isolation,plus_one_randomisation,True,ok,87.73850188000387,3.7526823577126884,93.17748635119409,80.35634149476749,34.319878816822055,1.0,0.001,1.0,0.001,,,,,False,True,False,True,False,0.007071067811865475,0.007085523935131425,24,24,24,0,0.0,{},0.7873195614856427,0.7325670498084293,0.0,False,True,False,True,False,False,0.0,93.17748635119409,80.35634149476749,93.17748635119409,95.20833333333333,1.1863837809110156,0.0014380796357803172,False,0.48909711133838235,False,0.02083333333333337,False,False,0.6615768883703699,0.02083333333333337,True,True,-0.7228344048206072,0.15572416527734845,13.74121395699849,False,opposite_direction
1008,assignment_isolation,plus_one_randomisation,True,ok,86.74986565136976,3.398966687398866,92.41679789910086,80.59322682338023,33.80521741877137,1.0,0.001,1.0,0.001,,,,,False,True,False,True,False,0.007071067811865475,0.007049638039940925,24,24,24,0,0.0,{},0.795401971423404,0.6870535714285715,0.0,False,True,False,True,False,False,0.0,92.41679789910086,80.59322682338023,92.41679789910086,95.20833333333333,1.162674206935385,0.01649532951321827,False,0.5021431089231375,False,0.01736111111111116,False,False,0.6649384535395195,0.01736111111111116,True,True,0.24189753368127284,0.11193541933755737,13.300213769130078,False,opposite_direction
1009,assignment_isolation,plus_one_randomisation,True,ok,89.04077584330695,4.073424492205113,96.05812859173174,82.10522404198366,34.2011283048711,1.0,0.001,1.0,0.001,,,,,False,True,False,True,False,0.007071067811865475,0.00710621160805916,24,24,24,0,0.0,{},0.7978415834418875,0.7159176029962545,0.0,False,True,False,True,False,False,0.0,96.05812859173174,82.10522404198366,96.05812859173174,96.0,1.1906502030548438,0.02892669311033998,False,0.513853101603913,False,0.029861111111111116,False,False,0.6658021109526493,0.029861111111111116,True,True,0.14069438481290183,0.09522799847040483,13.471403665179784,False,opposite_direction
1010,assignment_isolation,plus_one_randomisation,True,ok,88.50655962826231,3.3610517545299645,94.23035803574933,82.79239827898809,34.04346319340172,1.0,0.001,1.0,0.001,,,,,False,True,False,True,False,0.007071067811865475,0.0071024165245607415,24,24,24,0,0.0,{},0.8067867772108843,0.6732558139534881,0.0,False,True,False,True,False,False,0.0,94.23035803574935,82.79239827898809,94.23035803574935,96.125,1.1852993675781445,0.006444786589873454,False,0.515619206432064,False,0.023263888888888862,False,False,0.6652311933141397,0.023263888888888862,True,True,1.262976329448673,0.12299063522826247,14.916218856881242,False,opposite_direction
1011,assignment_isolation,plus_one_randomisation,True,ok,89.33022350121506,3.292567823746789,95.279318450638,83.98188525685534,34.35752323262443,1.0,0.001,1.0,0.001,,,,,False,True,False,True,False,0.007071067811865475,0.007068373404097395,24,24,24,0,0.0,{},0.8007519040224786,0.7409259259259259,0.0,False,True,False,True,False,False,0.0,95.279318450638,83.98188525685534,95.279318450638,95.66666666666667,1.1876587105067313,0.022254342913754922,False,0.5045189373623186,False,0.013541666666666563,False,False,0.6679665314754385,0.013541666666666563,True,True,1.3448753459850513,0.1435790794355394,13.449614210592978,False,opposite_direction
1012,assignment_isolation,plus_one_randomisation,True,ok,89.12701190136265,3.329980602564788,95.23204505042821,83.56815565692956,33.99424548910844,1.0,0.001,1.0,0.001,,,,,False,True,False,True,False,0.007071067811865475,0.007077457845734206,24,24,24,0,0.0,{},0.797938144329897,0.6687500000000001,0.0,False,True,False,True,False,False,0.0,95.23204505042821,83.56815565692956,95.23204505042821,95.0,1.1725044634603383,0.0023603537539012578,False,0.5080793463312752,False,0.01909722222222221,False,False,0.6718992745667747,0.01909722222222221,True,True,-0.03363123891981034,0.12664823357166644,13.131900821405308,False,opposite_direction
1013,assignment_isolation,plus_one_randomisation,True,ok,85.64129564766127,3.8376508321334035,91.8369157188165,78.8394623120444,33.699613269609245,1.0,0.001,1.0,0.001,,,,,False,True,False,True,False,0.007071067811865475,0.007121282037499305,24,24,24,0,0.0,{},0.8061447368421051,0.7248168498168498,0.0,False,True,False,True,False,False,0.0,91.8369157188165,78.8394623120444,91.8369157188165,96.5,1.1787365881873397,0.01510058337157718,False,0.5087777714084415,False,0.032638888888888884,False,False,0.65475503057048,0.032638888888888884,True,True,0.5431470174564657,0.1345878222188034,13.017685468385675,False,opposite_direction
1014,assignment_isolation,plus_one_randomisation,True,ok,89.09433184983315,4.005133496435247,96.06492023295074,82.65302238354644,34.168918302675536,1.0,0.001,1.0,0.001,,,,,False,True,False,True,False,0.007071067811865475,0.007039749341560428,24,24,24,0,0.0,{},0.7944407870675152,0.6659340659340659,0.0,False,True,False,True,False,False,0.0,96.06492023295074,82.65302238354644,96.06492023295074,95.625,1.176099741941549,0.015154021606252368,False,0.5136229475370998,False,0.01388888888888884,False,False,0.6706282338601564,0.01388888888888884,True,True,-1.3058652865331217,0.2239009858593901,12.040205586128,False,opposite_direction
1015,assignment_isolation,plus_one_randomisation,True,ok,93.44544584827241,4.738360396420498,101.19183814571001,84.32523934343068,35.15274263365017,1.0,0.001,1.0,0.001,,,,,False,True,False,True,False,0.007071067811865475,0.007022565647336804,24,24,24,0,0.0,{},0.794141282750724,0.7250000000000001,0.0,False,True,False,True,False,False,0.0,101.19183814571001,84.32523934343068,101.19183814571001,96.54166666666667,1.2127811064996057,0.0237269944288794,False,0.5139248811283494,False,0.01666666666666672,False,False,0.6768694775452067,0.01666666666666672,True,True,1.4984758373928893,0.15136862198308923,15.972028554763208,False,opposite_direction
1016,assignment_isolation,plus_one_randomisation,True,ok,90.66164998718311,2.847230722175754,96.21192479347592,86.69972723515558,34.61510695350049,1.0,0.001,1.0,0.001,,,,,False,True,False,True,False,0.007071067811865475,0.007097731912910636,24,24,24,0,0.0,{},0.7979599608312478,0.7303370786516853,0.0,False,True,False,True,False,False,0.0,96.21192479347592,86.69972723515558,96.21192479347592,95.41666666666667,1.1999617263922757,0.0017629909483047627,False,0.5097814109198759,False,0.02777777777777768,False,False,0.6696433369938707,0.02777777777777768,True,True,-1.314602561738681,0.15208825258754177,14.533250128813078,False,opposite_direction
1017,assignment_isolation,plus_one_randomisation,True,ok,90.0294600919794,3.908730020652018,96.93857533625018,83.46444461566809,33.83878059008329,1.0,0.001,1.0,0.001,,,,,False,True,False,True,False,0.007071067811865475,0.007060364641143594,24,24,24,0,0.0,{},0.801466836734694,0.6935393258426965,0.0,False,True,False,True,False,False,0.0,96.93857533625017,83.46444461566809,96.93857533625017,95.66666666666667,1.1684016486691404,0.023575880416779774,False,0.5091691530064721,False,0.022916666666666696,False,False,0.6768835317345782,0.022916666666666696,True,True,-0.5572076731821228,0.11280872125507696,14.61652968897656,False,opposite_direction
1018,assignment_isolation,plus_one_randomisation,True,ok,93.0716265469685,4.040371596200421,100.5930765281964,87.06950005765441,34.12080939786495,1.0,0.001,1.0,0.001,,,,,False,True,False,True,False,0.007071067811865475,0.007102417424357342,24,24,24,0,0.0,{},0.8243162213338943,0.674824561403509,0.0,False,True,False,True,False,False,0.0,100.59307652819639,87.06950005765441,100.59307652819639,96.16666666666667,1.1882499470311019,0.033590961736532345,False,0.523586001306075,False,0.0253472222222223,False,False,0.6827878929335203,0.0253472222222223,True,True,0.1622281476084872,0.28561435311552286,13.195835188041766,False,opposite_direction
1019,assignment_isolation,plus_one_randomisation,True,ok,86.77495628734347,4.584777362872159,94.6185583737604,78.64319424038847,34.36689482136515,1.0,0.001,1.0,0.001,,,,,False,True,False,True,False,0.007071067811865475,0.007027584151917466,24,24,24,0,0.0,{},0.7978954081632653,0.6581349206349206,0.0,False,True,False,True,False,False,0.0,94.6185583737604,78.64319424038847,94.6185583737604,95.45833333333333,1.1798404365442672,0.011437340287597181,False,0.48500448174193117,False,0.028124999999999956,False,False,0.6594686294507959,0.028124999999999956,True,True,-0.5596053510906627,0.11516355599246944,12.456770015268848,False,opposite_direction
1020,assignment_isolation,plus_one_randomisation,True,ok,87.46944595380872,2.8299820895221237,92.46517372386225,82.721588388711,34.04210229350684,1.0,0.001,1.0,0.001,,,,,False,True,False,True,False,0.007071067811865475,0.007038927140448654,24,24,24,0,0.0,{},0.7965663965663967,0.7137362637362635,0.0,False,True,False,True,False,False,0.0,92.46517372386226,82.721588388711,92.46517372386226,96.125,1.1746568699885807,0.03756808220835941,False,0.531484750910769,False,0.027083333333333348,False,False,0.6641847523052972,0.027083333333333348,True,True,-0.7209015505976074,0.10957847986607251,14.300732258515426,False,opposite_direction
1021,assignment_isolation,plus_one_randomisation,True,ok,91.32510502255771,3.8647244864709314,98.12809622521964,84.67270575574474,34.29685871866225,1.0,0.001,1.0,0.001,,,,,False,True,False,True,False,0.007071067811865475,0.007054582740825001,24,24,24,0,0.0,{},0.7890215464076471,0.7089473684210523,0.0,False,True,False,True,False,False,0.0,98.12809622521964,84.67270575574474,98.12809622521964,95.91666666666667,1.1847936532662986,0.013543024008140761,False,0.5142835643989241,False,0.03715277777777781,False,False,0.6770134046260942,0.03715277777777781,True,True,-1.0483733088729381,0.11047382012653971,12.759684994119574,False,opposite_direction
1022,assignment_isolation,plus_one_randomisation,True,ok,95.86716912650252,3.6994072889966194,101.83376925238893,89.47014663454927,35.184105243314214,1.0,0.001,1.0,0.001,,,,,False,True,False,True,False,0.007071067811865475,0.0070863698775575894,24,24,24,0,0.0,{},0.8024048128244501,0.7454071969696969,0.0,False,True,False,True,False,False,0.0,101.83376925238893,89.47014663454927,101.83376925238893,96.54166666666667,1.224891802948941,0.013193959647186749,False,0.5072227368348844,False,0.023263888888888862,False,False,0.6825108413003245,0.023263888888888862,True,True,-1.2075303932854666,0.2806838926369374,13.135376411804454,False,opposite_direction
1023,assignment_isolation,plus_one_randomisation,True,ok,86.40558539168877,4.310242737501193,94.2093498888577,79.65249525962123,33.28742867808343,1.0,0.001,1.0,0.001,,,,,False,True,False,True,False,0.007071067811865475,0.007006215858306636,24,24,24,0,0.0,{},0.7977291666666666,0.690038314176245,0.0,False,True,False,True,False,False,0.0,94.20934988885772,79.65249525962123,94.20934988885772,97.0,1.1484699440212478,0.011633773174531143,False,0.4920844869278206,False,0.023263888888888862,False,False,0.6680660450375809,0.023263888888888862,True,True,0.9269322956755065,0.12204484928366008,12.636799374843475,False,opposite_direction
1024,assignment_isolation,plus_one_randomisation,True,ok,91.70104945769988,4.3975006420434175,98.58800685209275,82.71761459897998,34.236149634205695,1.0,0.001,1.0,0.001,,,,,False,True,False,True,False,0.007071067811865475,0.007012355488291187,24,24,24,0,0.0,{},0.7956211734693877,0.6482352941176471,0.0,False,True,False,True,False,False,0.0,98.58800685209275,82.71761459897998,98.58800685209275,96.33333333333333,1.1781677715563121,0.021875528045549493,False,0.5162391733505728,False,0.04097222222222219,False,False,0.6805274258353103,0.04097222222222219,True,True,0.5146496130822736,0.15361481404330904,14.281495290348902,False,opposite_direction
1025,assignment_isolation,plus_one_randomisation,True,ok,92.73111028720068,4.4201833035099085,99.63320187976115,84.06903214993011,33.98794867198145,1.0,0.001,1.0,0.001,,,,,False,True,False,True,False,0.007071067811865475,0.007066604831182035,24,24,24,0,0.0,{},0.8094753401360544,0.7186379928315412,0.0,False,True,False,True,False,False,0.0,99.63320187976115,84.06903214993011,99.63320187976115,96.04166666666667,1.1768892828731947,0.013323609170371111,False,0.5073805069159519,False,0.02256944444444442,False,False,0.6848977990176366,0.02256944444444442,True,True,0.4192496718973568,0.1798718124594338,14.878246425066228,False,opposite_direction
1026,assignment_isolation,plus_one_randomisation,True,ok,90.56329627956036,3.5801490720740294,97.01409079425919,84.7178843513206,34.52487150663473,1.0,0.001,1.0,0.001,,,,,False,True,False,True,False,0.007071067811865475,0.0070642170106787845,24,24,24,0,0.0,{},0.8039503103956229,0.6877394636015325,0.0,False,True,False,True,False,False,0.0,97.01409079425919,84.7178843513206,97.01409079425919,96.0,1.1948179100103637,0.010911504912966401,False,0.5103468265852713,False,0.006597222222222254,False,False,0.6708373669822429,0.006597222222222254,True,True,0.10711865117532747,0.17937722682465077,13.795941449051963,False,opposite_direction
1027,assignment_isolation,plus_one_randomisation,True,ok,95.35870229053678,4.328518958907874,102.01508302563225,86.98100055597516,35.093820610791134,1.0,0.001,1.0,0.001,,,,,False,True,False,True,False,0.007071067811865475,0.007079298434534408,24,24,24,0,0.0,{},0.7969754947433518,0.7088315217391302,0.0,False,True,False,True,False,False,0.0,102.01508302563225,86.98100055597517,102.01508302563225,95.125,1.2115412679075719,0.015888193039348682,False,0.5121706759156773,False,0.007986111111111138,False,False,0.6845165813204336,0.007986111111111138,True,True,-0.08590127047765579,0.12159761199176851,16.21926059665141,False,opposite_direction
1028,assignment_isolation,plus_one_randomisation,True,ok,85.19824188330654,3.6629823996754634,89.96057953471482,75.35456973582845,33.67163670452593,1.0,0.001,1.0,0.001,,,,,False,True,False,True,False,0.007071067811865475,0.00708702653418789,24,24,24,0,0.0,{},0.8153428819444445,0.7331501831501832,0.0,False,True,False,True,False,False,0.0,89.96057953471482,75.35456973582845,89.96057953471482,97.25,1.1766386099500996,0.0017616630910644155,False,0.5044270307122478,False,0.029861111111111116,False,False,0.6534308523060212,0.029861111111111116,True,True,0.42303013662790073,0.11533596744508598,11.505752812699034,False,opposite_direction
1029,assignment_isolation,plus_one_randomisation,True,ok,90.52617492125329,4.649916006457661,97.96565914084175,82.9241080919106,34.848836018825665,1.0,0.001,1.0,0.001,,,,,False,True,False,True,False,0.007071067811865475,0.007045846510042708,24,24,24,0,0.0,{},0.7941812172371261,0.7037037037037036,0.0,False,True,False,True,False,False,0.0,97.96565914084175,82.9241080919106,97.96565914084175,95.58333333333333,1.2002799325661293,0.0009898303682509448,False,0.5198388513998683,False,0.026388888888888906,False,False,0.6689866887460312,0.026388888888888906,True,True,-0.6634591132737868,0.16712341339898415,13.830551383668015,False,opposite_direction
1030,assignment_isolation,plus_one_randomisation,True,ok,88.79470568850049,4.213531452123714,95.37074884335294,80.97193457260067,33.944123573068644,1.0,0.001,1.0,0.001,,,,,False,True,False,True,False,0.007071067811865475,0.007033539175218905,24,24,24,0,0.0,{},0.7928255516154453,0.6575842696629213,0.0,False,True,False,True,False,False,0.0,95.37074884335294,80.97193457260067,95.37074884335294,95.20833333333333,1.1647856088495494,0.00217725286169877,False,0.5038770721828932,False,0.02777777777777779,False,False,0.6729592414130621,0.02777777777777779,True,True,-2.4264819853006716,0.2110676282546165,13.734999325082367,False,opposite_direction
1031,assignment_isolation,plus_one_randomisation,True,ok,92.83507241462227,4.062079403500484,99.56157229926046,85.93937451286372,33.95084776692461,1.0,0.001,1.0,0.001,,,,,False,True,False,True,False,0.007071067811865475,0.0070936428911374215,24,24,24,0,0.0,{},0.807400839054157,0.7111979166666667,0.0,False,True,False,True,False,False,0.0,99.56157229926048,85.93937451286372,99.56157229926048,96.125,1.1806145342243306,0.013993804554441394,False,0.48865686803668246,False,0.03749999999999998,False,False,0.6841752961552536,0.03749999999999998,True,True,-1.0687598971496757,0.16881055679248158,14.782795196875657,False,opposite_direction
1032,assignment_isolation,plus_one_randomisation,True,ok,95.38071027317126,4.587529549707437,102.96051608342825,87.04084268140508,34.89778319300356,1.0,0.001,1.0,0.001,,,,,False,True,False,True,False,0.007071067811865475,0.007087374101923708,24,24,24,0,0.0,{},0.8058803763440859,0.7120786516853934,0.0,False,True,False,True,False,False,0.0,102.96051608342823,87.04084268140508,102.96051608342823,96.29166666666667,1.2135217195406245,0.012608178255267128,False,0.5375162771721366,False,0.011805555555555625,False,False,0.6840193012526115,0.011805555555555625,True,True,0.2742812876943276,0.13792055925196803,14.05475104482989,False,opposite_direction
1033,assignment_isolation,plus_one_randomisation,True,ok,84.4399174418078,3.6852071387678462,90.25397185880517,78.12879167289913,33.8381851198412,1.0,0.001,1.0,0.001,,,,,False,True,False,True,False,0.007071067811865475,0.00701609131322854,24,24,24,0,0.0,{},0.7839870311471813,0.6874542124542125,0.0,False,True,False,True,False,False,0.0,90.25397185880517,78.12879167289913,90.25397185880517,96.70833333333333,1.1673584958231118,0.011369542909032257,False,0.5237820186305027,False,0.038541666666666585,False,False,0.6530324853158564,0.038541666666666585,True,True,-0.16636104840252536,0.1453048545977784,12.609506524696306,False,opposite_direction
1034,assignment_isolation,plus_one_randomisation,True,ok,87.32592017922359,3.7171925667368866,93.76716216798808,80.6087247480599,34.25440481448803,1.0,0.001,1.0,0.001,,,,,False,True,False,True,False,0.007071067811865475,0.007075085344433128,24,24,24,0,0.0,{},0.7970783011272142,0.6992592592592591,0.0,False,True,False,True,False,False,0.0,93.76716216798808,80.6087247480599,93.76716216798808,95.33333333333333,1.1831518915389867,0.003165927062576227,False,0.5424422677042923,False,0.012847222222222232,False,False,0.6608188120101745,0.012847222222222232,True,True,-0.10953635538372174,0.08089903758630664,12.694139012406895,False,opposite_direction
1035,assignment_isolation,plus_one_randomisation,True,ok,94.37219879627314,4.206675877532591,101.94945416113423,87.74333753670885,35.01106533571016,1.0,0.001,1.0,0.001,,,,,False,True,False,True,False,0.007071067811865475,0.007073440341176388,24,24,24,0,0.0,{},0.8061886596461065,0.7120535714285714,0.0,False,True,False,True,False,False,0.0,101.94945416113423,87.74333753670885,101.94945416113423,95.875,1.2124356945796138,0.01140699859333474,False,0.5296050824392031,False,0.014236111111111116,False,False,0.6805424828101589,0.014236111111111116,True,True,1.1780121116696165,0.13847522164761916,15.617705320505404,False,opposite_direction
1036,assignment_isolation,plus_one_randomisation,True,ok,93.99849912245016,3.7048914014639354,100.32545879091684,87.75005104082602,34.45919411575042,1.0,0.001,1.0,0.001,,,,,False,True,False,True,False,0.007071067811865475,0.007066779265025463,24,24,24,0,0.0,{},0.809531720715931,0.6417174796747968,0.0,False,True,False,True,False,False,0.0,100.32545879091684,87.75005104082602,100.32545879091684,96.04166666666667,1.1932363939927326,0.0006741644423449312,False,0.53030448243593,False,0.01909722222222221,False,False,0.6848200702493012,0.01909722222222221,True,True,0.7843846480144062,0.14497926128855845,14.072301484479173,False,opposite_direction
1037,assignment_isolation,plus_one_randomisation,True,ok,86.76440938166799,3.483960201728962,92.64849633425608,80.55074758632253,34.10454947293091,1.0,0.001,1.0,0.001,,,,,False,True,False,True,False,0.007071067811865475,0.006993527164987324,24,24,24,0,0.0,{},0.7999558477237048,0.6734375,0.0,False,True,False,True,False,False,0.0,92.64849633425608,80.55074758632253,92.64849633425608,97.875,1.1798165250958668,0.009519267588949755,False,0.5226420648308093,False,0.060416666666666674,True,False,0.6594297793915108,0.060416666666666674,True,True,-1.8017360147888173,0.10205993047752203,11.458189590124398,False,selection_limited
1038,assignment_isolation,plus_one_randomisation,True,ok,96.28260872365945,3.436689022852849,101.69705420283955,90.3503877072863,34.61892985749955,1.0,0.001,1.0,0.001,,,,,False,True,False,True,False,0.007071067811865475,0.0070788776110169305,24,24,24,0,0.0,{},0.803724337439343,0.7119318181818182,0.0,False,True,False,True,False,False,0.0,101.69705420283954,90.3503877072863,101.69705420283954,95.83333333333333,1.19951682518071,0.06626832914218948,False,0.5256044864380823,False,0.015625,False,False,0.6913725686682197,0.015625,True,True,0.8655669141989671,0.11687497860445589,16.1524725529199,False,opposite_direction
1039,assignment_isolation,plus_one_randomisation,True,ok,93.25879870297081,3.3637831229714825,99.25159117588082,87.82774026127328,34.79363819141703,1.0,0.001,1.0,0.001,,,,,False,True,False,True,False,0.007071067811865475,0.0070739362079450035,24,24,24,0,0.0,{},0.7960364198871037,0.7320199275362317,0.0,False,True,False,True,False,False,0.0,99.25159117588082,87.82774026127328,99.25159117588082,96.08333333333333,1.2062991369040774,0.006998832900965474,False,0.4950265414243473,False,0.017708333333333326,False,False,0.6780899992006214,0.017708333333333326,True,True,-0.06302190290692171,0.07541335265204402,14.84824529051267,False,opposite_direction
1040,assignment_isolation,plus_one_randomisation,True,ok,89.7884462660187,3.3456294194309666,95.421141888912,83.91054494243045,34.4716776232712,1.0,0.001,1.0,0.001,,,,,False,True,False,True,False,0.007071067811865475,0.007068288260081232,24,24,24,0,0.0,{},0.7956053595527279,0.7221014492753622,0.0,False,True,False,True,False,False,0.0,95.421141888912,83.91054494243045,95.421141888912,94.79166666666667,1.1861285412327884,0.018377854622774078,False,0.5138593247643608,False,0.03298611111111116,False,False,0.6703567826407459,0.03298611111111116,True,True,-0.8363431356228098,0.15577037199705246,13.2018687929168,False,opposite_direction
1041,assignment_isolation,plus_one_randomisation,True,ok,82.41846132700371,3.7209939725027286,89.04175278804095,75.98341066216447,32.97882712441188,1.0,0.001,1.0,0.001,,,,,False,True,False,True,False,0.007071067811865475,0.0070819528990419016,24,24,24,0,0.0,{},0.8062074829931972,0.7370689655172411,0.0,False,True,False,True,False,False,0.0,89.04175278804094,75.98341066216447,89.04175278804094,96.91666666666667,1.1496283864694672,0.00843372734260996,False,0.5054091686035652,False,0.033333333333333326,False,False,0.6495380969773574,0.033333333333333326,True,True,1.6986499630747256,0.21615622798557066,12.43534374472994,False,opposite_direction
1042,assignment_isolation,plus_one_randomisation,True,ok,88.40014840035398,3.5967246148043173,95.23692299780927,82.03713263532487,34.01960846705458,1.0,0.001,1.0,0.001,,,,,False,True,False,True,False,0.007071067811865475,0.00702247485588656,24,24,24,0,0.0,{},0.7820614035087718,0.6862745098039216,0.0,False,True,False,True,False,False,0.0,95.23692299780926,82.03713263532487,95.23692299780926,95.125,1.165029287314968,0.064958650188353,False,0.5350399019645018,False,0.028472222222222232,False,False,0.6712351630096011,0.028472222222222232,True,True,-0.43996395041765857,0.19771894945128565,12.495393082186533,False,opposite_direction
1043,assignment_isolation,plus_one_randomisation,True,ok,92.54328014375007,3.676518357642867,99.27901856477595,86.03812413771568,34.62669790585936,1.0,0.001,1.0,0.001,,,,,False,True,False,True,False,0.007071067811865475,0.0070212817122988465,24,24,24,0,0.0,{},0.7901504666595693,0.7083333333333334,0.0,False,True,False,True,False,False,0.0,99.27901856477597,86.03812413771568,99.27901856477597,96.08333333333333,1.1915753527364583,0.0011217359147005154,False,0.5140929498343092,False,0.027430555555555514,False,False,0.6797452084465804,0.027430555555555514,True,True,1.040441482057038,0.11816629680549019,14.369206535486247,False,opposite_direction
1044,assignment_isolation,plus_one_randomisation,True,ok,85.4226896658739,3.488943243530614,91.35010926402224,79.80922546031333,33.61434208142019,1.0,0.001,1.0,0.001,,,,,False,True,False,True,False,0.007071067811865475,0.007083936779697444,24,24,24,0,0.0,{},0.805700077570922,0.7492673992673993,0.0,False,True,False,True,False,False,0.0,91.35010926402224,79.80922546031333,91.35010926402224,96.91666666666667,1.1721104307221941,0.04079092387640481,False,0.5040038135960845,False,0.008333333333333304,False,False,0.655949516270548,0.008333333333333304,True,True,-0.9195532137771236,0.24102024820102208,12.520904545965966,False,opposite_direction
1045,assignment_isolation,plus_one_randomisation,True,ok,92.17647999837693,4.50572629010857,99.03408581890118,84.00156910821522,34.272287689969566,1.0,0.001,1.0,0.001,,,,,False,True,False,True,False,0.007071067811865475,0.007033746034590423,24,24,24,0,0.0,{},0.8087291666666667,0.6968992248062015,0.0,False,True,False,True,False,False,0.0,99.03408581890118,84.00156910821522,99.03408581890118,96.83333333333333,1.1860751950634112,0.04689520549167101,False,0.5112100421068995,False,0.019444444444444375,False,False,0.679981247189325,0.019444444444444375,True,True,-0.11534807287496333,0.14273190404923214,14.246607983783152,False,opposite_direction
1046,assignment_isolation,plus_one_randomisation,True,ok,87.61037293448935,4.172668486934622,94.83392269826113,80.19604632084645,34.11706201012941,1.0,0.001,1.0,0.001,,,,,False,True,False,True,False,0.007071067811865475,0.007065184998576764,24,24,24,0,0.0,{},0.8058888201745344,0.7269713261648746,0.0,False,True,False,True,False,False,0.0,94.83392269826113,80.19604632084645,94.83392269826113,96.70833333333333,1.185214938444366,0.01434857551202643,False,0.5212093736241264,False,0.022916666666666585,False,False,0.6613954099227346,0.022916666666666585,True,True,0.5443273156764029,0.12652973839939025,13.66981771725355,False,opposite_direction
1047,assignment_isolation,plus_one_randomisation,True,ok,90.5702711207178,4.341897976532364,97.8371155574979,82.90498880331391,34.77367975260048,1.0,0.001,1.0,0.001,,,,,False,True,False,True,False,0.007071067811865475,0.007065993006561457,24,24,24,0,0.0,{},0.7870945827489482,0.7019927536231884,0.0,False,True,False,True,False,False,0.0,97.8371155574979,82.90498880331391,97.8371155574979,95.20833333333333,1.1987575049288675,0.0009911410061784315,False,0.5136131534288075,False,0.01909722222222221,False,False,0.6696417104160237,0.01909722222222221,True,True,-2.4172048972954254,0.24329367043940958,12.258611472805448,False,opposite_direction
1048,assignment_isolation,plus_one_randomisation,True,ok,91.26423316711809,3.161368909294952,97.49210912725006,86.73121272671678,33.76999311291125,1.0,0.001,1.0,0.001,,,,,False,True,False,True,False,0.007071067811865475,0.007062489802672383,24,24,24,0,0.0,{},0.8012821135054682,0.7164855072463766,0.0,False,True,False,True,False,False,0.0,97.49210912725006,86.73121272671678,97.49210912725006,97.125,1.1752339425963882,0.02777072533953142,False,0.5077480439983683,False,0.035069444444444375,False,False,0.67970611967245,0.035069444444444375,True,True,1.4886364016009994,0.2674712432813429,14.447877789408679,False,opposite_direction
1049,assignment_isolation,plus_one_randomisation,True,ok,92.93301553023593,4.7958644273696756,101.70880561706666,85.11616465809057,34.442104930560355,1.0,0.001,1.0,0.001,,,,,False,True,False,True,False,0.007071067811865475,0.007035447140237131,24,24,24,0,0.0,{},0.7926206140350875,0.680072463768116,0.0,False,True,False,True,False,False,0.0,101.70880561706666,85.11616465809057,101.70880561706666,96.20833333333333,1.188386582738643,0.006433836752763877,False,0.5367711170864284,False,0.013541666666666674,False,False,0.6822149500136971,0.013541666666666674,True,True,0.11659231494367221,0.176121580935342,14.392912180948725,False,opposite_direction
1050,assignment_isolation,plus_one_randomisation,True,ok,92.53079549384097,4.361100613259234,99.44053282552565,84.53341141814425,34.43065326059769,1.0,0.001,1.0,0.001,,,,,False,True,False,True,False,0.007071067811865475,0.007126717129446725,24,24,24,0,0.0,{},0.803584229390681,0.7492592592592593,0.0,False,True,False,True,False,False,0.0,99.44053282552564,84.53341141814425,99.44053282552564,95.66666666666667,1.2000106748993682,0.006313546935003379,False,0.5072106347673646,False,0.03333333333333344,False,False,0.677142172280107,0.03333333333333344,True,True,0.24723780524490754,0.057516659667488715,13.770834735245053,False,opposite_direction
1051,assignment_isolation,plus_one_randomisation,True,ok,87.57630722486645,3.7765422432306583,93.59860803604168,80.48388588693226,33.243873151740694,1.0,0.001,1.0,0.001,,,,,False,True,False,True,False,0.007071067811865475,0.007090552768933336,24,24,24,0,0.0,{},0.8023490524670174,0.7081460674157303,0.0,False,True,False,True,False,False,0.0,93.59860803604168,80.48388588693226,93.59860803604168,95.79166666666667,1.1535211959154503,0.002662931200326713,False,0.5190922358146496,False,0.038541666666666696,False,False,0.6714441755597165,0.038541666666666696,True,True,0.3932392783984569,0.04836243029507289,13.393033649287426,False,opposite_direction
1052,assignment_isolation,plus_one_randomisation,True,ok,92.87913652649884,3.9469002617051565,99.53676324108781,86.11442959542161,34.867026279215814,1.0,0.001,1.0,0.001,,,,,False,True,False,True,False,0.007071067811865475,0.007044470960779502,24,24,24,0,0.0,{},0.8079896907216495,0.6909498207885306,0.0,False,True,False,True,False,False,0.0,99.53676324108783,86.11442959542161,99.53676324108783,96.04166666666667,1.203547238123541,0.001772095148694114,False,0.4794847407049529,False,0.02430555555555558,False,False,0.6774383534985108,0.02430555555555558,True,True,-0.5607937000459097,0.08629589598386743,14.437558816555157,False,opposite_direction
1053,assignment_isolation,plus_one_randomisation,True,ok,86.30740667587811,3.3196637913102114,92.60330983915054,81.19511905889718,33.11102280487619,1.0,0.001,1.0,0.001,,,,,False,True,False,True,False,0.007071067811865475,0.007082357023581969,24,24,24,0,0.0,{},0.816245791245791,0.7287590579710144,0.0,False,True,False,True,False,False,0.0,92.60330983915054,81.19511905889718,92.60330983915054,97.04166666666667,1.1550466903043475,0.0018272023958223913,False,0.5197305846196281,False,0.028125000000000067,False,False,0.6654928419804129,0.028125000000000067,True,True,0.9893008301507402,0.13313096877203517,13.066131285630593,False,opposite_direction
1054,assignment_isolation,plus_one_randomisation,True,ok,79.43480537111947,3.733726325718447,86.73604126543839,73.26196907100065,32.9590197782764,1.0,0.001,1.0,0.001,,,,,False,True,False,True,False,0.007071067811865475,0.007066212917657121,24,24,24,0,0.0,{},0.8034389594873466,0.7324906367041198,0.0,False,True,False,True,False,False,0.0,86.73604126543837,73.26196907100065,86.73604126543837,95.91666666666667,1.1404547267297418,0.01600085508404981,False,0.5124797689450717,False,0.004513888888888817,False,False,0.63805032195144,0.004513888888888817,True,True,-0.07566110259950992,0.13589865978124557,12.275903163838782,False,opposite_direction
1055,assignment_isolation,plus_one_randomisation,True,ok,92.11954922164568,3.9406675365173474,99.32955477685877,86.03558833430313,35.22491931335206,1.0,0.001,1.0,0.001,,,,,False,True,False,True,False,0.007071067811865475,0.00701973099750896,24,24,24,0,0.0,{},0.7625,0.6268199233716475,0.0,False,True,False,True,False,False,0.0,99.32955477685876,86.03558833430311,99.32955477685876,92.95833333333333,1.1920230283417663,0.018756666905367383,False,0.516740903240361,False,0.018750000000000044,False,False,0.6779500263303657,0.018750000000000044,True,True,0.747603106185955,0.19126188373363892,12.634208677251163,False,opposite_direction
1056,assignment_isolation,plus_one_randomisation,True,ok,94.96666014212043,3.1826998797902353,100.11897216327569,89.52176505969308,34.622657313835774,1.0,0.001,1.0,0.001,,,,,False,True,False,True,False,0.007071067811865475,0.007066810702676433,24,24,24,0,0.0,{},0.7940533577127658,0.6468627450980392,0.0,False,True,False,True,False,False,0.0,100.1189721632757,89.5217650596931,100.1189721632757,95.04166666666667,1.1926441477540117,0.027990382811089908,False,0.49454010780993457,False,0.024652777777777746,False,False,0.6885936384541954,0.024652777777777746,True,True,1.2812009410409138,0.14774026092527093,15.200035540788948,False,opposite_direction
1057,assignment_isolation,plus_one_randomisation,True,ok,91.29502947850126,4.859082896330683,100.35892131695704,83.44077806334374,34.66470010710888,1.0,0.001,1.0,0.001,,,,,False,True,False,True,False,0.007071067811865475,0.007047124253594292,24,24,24,0,0.0,{},0.8141723676650148,0.6267926356589147,0.0,False,True,False,True,False,False,0.0,100.35892131695704,83.44077806334374,100.35892131695704,97.0,1.2029712489052031,0.009556850699985768,False,0.5118822213968383,False,0.019791666666666652,False,False,0.6712998143402397,0.019791666666666652,True,True,0.602350854589257,0.06433286204171729,15.568647533447368,False,opposite_direction
1058,assignment_isolation,plus_one_randomisation,True,ok,90.19882894119594,4.300461050854459,96.99725023023551,82.93699801425115,34.5360906523697,1.0,0.001,1.0,0.001,,,,,False,True,False,True,False,0.007071067811865475,0.0070738107445978025,24,24,24,0,0.0,{},0.8043895091263513,0.7113162878787878,0.0,False,True,False,True,False,False,0.0,96.99725023023551,82.93699801425115,96.99725023023551,95.375,1.192927064624104,0.018370946780500764,False,0.5240574665734865,False,0.012499999999999956,False,False,0.669927010526514,0.012499999999999956,True,True,-0.6406731847287243,0.1663209918246936,13.01885783131992,False,opposite_direction
1059,assignment_isolation,plus_one_randomisation,True,ok,85.5100587620259,3.351556016775693,91.80633783447888,80.08074582771641,34.50783903979844,1.0,0.001,1.0,0.001,,,,,False,True,False,True,False,0.007071067811865475,0.007047624228250756,24,24,24,0,0.0,{},0.7832464989099508,0.6537499999999999,0.0,False,True,False,True,False,False,0.0,91.80633783447888,80.08074582771641,91.80633783447888,94.91666666666667,1.184681882771357,0.03429785063370548,False,0.49856531350897676,False,0.025000000000000022,False,False,0.6521985128406037,0.025000000000000022,True,True,-1.6126640623233466,0.24726559020583444,12.38202738463231,False,opposite_direction
1060,assignment_isolation,plus_one_randomisation,True,ok,88.16610084199753,3.9737575125074507,94.9388351082093,81.78279418378307,34.479277522447795,1.0,0.001,1.0,0.001,,,,,False,True,False,True,False,0.007071067811865475,0.007023404401172933,24,24,24,0,0.0,{},0.8060505319148934,0.737037037037037,0.0,False,True,False,True,False,False,0.0,94.93883510820929,81.78279418378307,94.93883510820929,98.125,1.1994044938285966,0.002444236406645472,False,0.516120903464313,False,0.04340277777777779,True,False,0.6592608818779989,0.04340277777777779,True,True,-0.045085701238185984,0.11576508415103029,12.794964217184598,False,selection_limited
1061,assignment_isolation,plus_one_randomisation,True,ok,91.61744831573215,4.135192205175881,98.6035358434986,84.24541885341247,35.017949533388894,1.0,0.001,1.0,0.001,,,,,False,True,False,True,False,0.007071067811865475,0.007086576283210306,24,24,24,0,0.0,{},0.7801257465472191,0.7113295880149811,0.0,False,True,False,True,False,False,0.0,98.6035358434986,84.24541885341247,98.6035358434986,93.95833333333333,1.2027208380499033,0.006938925845618638,False,0.49678307274894373,False,0.01909722222222232,False,False,0.6726808504187206,0.01909722222222232,True,True,1.3174831202346549,0.184609972227477,14.43352548890193,False,opposite_direction
1062,assignment_isolation,plus_one_randomisation,True,ok,86.14776989211612,3.87678184505981,92.79282713049973,78.77912507311686,34.39897454341477,1.0,0.001,1.0,0.001,,,,,False,True,False,True,False,0.007071067811865475,0.0070585665516429705,24,24,24,0,0.0,{},0.8029668946276072,0.6914772727272727,0.0,False,True,False,True,False,False,0.0,92.79282713049973,78.77912507311686,92.79282713049973,94.20833333333333,1.178356426267994,0.00645381729841928,False,0.4993322745374212,False,0.015972222222222276,False,False,0.6571621027734595,0.015972222222222276,True,True,0.2974988795722915,0.1204479800193292,14.258328426710408,False,opposite_direction
1063,assignment_isolation,plus_one_randomisation,True,ok,90.44070529329072,4.858949646473591,99.8792491711078,82.79620949499709,33.7144423190212,1.0,0.001,1.0,0.001,,,,,False,True,False,True,False,0.007071067811865475,0.007080983482964044,24,24,24,0,0.0,{},0.8097491319444444,0.6983146067415731,0.0,False,True,False,True,False,False,0.0,99.8792491711078,82.79620949499709,99.8792491711078,96.29166666666667,1.1713155742053931,0.013164346647649039,False,0.5115564547098195,False,0.015972222222222165,False,False,0.6776348884677632,0.015972222222222165,True,True,-1.3946385891864086,0.11244350505483086,14.046097988877673,False,opposite_direction
1064,assignment_isolation,plus_one_randomisation,True,ok,87.78185508341328,3.5364706181427543,93.63176893564491,81.65111713492425,34.45381139019683,1.0,0.001,1.0,0.001,,,,,False,True,False,True,False,0.007071067811865475,0.007058721269870499,24,24,24,0,0.0,{},0.797633634868421,0.6649019607843136,0.0,False,True,False,True,False,False,0.0,93.63176893564491,81.65111713492425,93.63176893564491,94.5,1.1820863805670925,0.03661942025446579,False,0.5213159168896919,False,0.009375000000000022,False,False,0.6631459079854851,0.009375000000000022,True,True,-0.562984871377788,0.15253922565410827,12.202015758135133,False,opposite_direction
1065,assignment_isolation,plus_one_randomisation,True,ok,91.41408827785796,3.4043843724771854,97.37572544033755,86.0846113415006,34.11642950855992,1.0,0.001,1.0,0.001,,,,,False,True,False,True,False,0.007071067811865475,0.0070465043835320875,24,24,24,0,0.0,{},0.8010416666666667,0.6899019607843137,0.0,False,True,False,True,False,False,0.0,97.37572544033755,86.0846113415006,97.37572544033755,96.04166666666667,1.1779779145152485,0.0255948208254594,False,0.4936690887854362,False,0.02951388888888895,False,False,0.6794567419346349,0.02951388888888895,True,True,-0.222536401744689,0.10536223988347822,13.863475344750114,False,opposite_direction
1066,assignment_isolation,plus_one_randomisation,True,ok,91.29821850644714,4.220236124620541,98.58585756002786,83.79424644800629,34.447096068259455,1.0,0.001,1.0,0.001,,,,,False,True,False,True,False,0.007071067811865475,0.007067040378467255,24,24,24,0,0.0,{},0.8113333333333332,0.6517647058823529,0.0,False,True,False,True,False,False,0.0,98.58585756002786,83.79424644800629,98.58585756002786,96.5,1.1957044621822888,0.0037051524266305943,False,0.5282428996939069,False,0.017013888888888884,False,False,0.6735508232799896,0.017013888888888884,True,True,0.09746703739498276,0.0743081258448041,14.106099087759329,False,opposite_direction
1067,assignment_isolation,plus_one_randomisation,True,ok,94.5031077477887,4.255132833505872,102.56083242324763,87.51539672436138,34.96736547202801,1.0,0.001,1.0,0.001,,,,,False,True,False,True,False,0.007071067811865475,0.00704281632474898,24,24,24,0,0.0,{},0.7954561033121297,0.6935648148148149,0.0,False,True,False,True,False,False,0.0,102.56083242324763,87.51539672436138,102.56083242324763,96.20833333333333,1.2077738572183812,0.00507436599156816,False,0.5064187915591718,False,0.028125000000000067,False,False,0.682419030264577,0.028125000000000067,True,True,0.14443620547971497,0.1816830571581134,14.635882113822735,False,opposite_direction
1068,assignment_isolation,plus_one_randomisation,True,ok,92.1834653039408,3.6049221446210438,98.47127637491458,85.9460128113762,34.578646991512514,1.0,0.001,1.0,0.001,,,,,False,True,False,True,False,0.007071067811865475,0.007029660753262901,24,24,24,0,0.0,{},0.7759245968456495,0.6919540229885056,0.0,False,True,False,True,False,False,0.0,98.47127637491458,85.9460128113762,98.47127637491458,94.375,1.180703496704085,0.0021227050156077823,False,0.5232644129915018,False,0.02256944444444442,False,False,0.6816384156075044,0.02256944444444442,True,True,0.0186603127581645,0.15776789161516216,13.558665008225681,False,opposite_direction
1069,assignment_isolation,plus_one_randomisation,True,ok,91.52014059071804,3.687950026480153,97.83214550703924,84.95697364559511,34.327651265120934,1.0,0.001,1.0,0.001,,,,,False,True,False,True,False,0.007071067811865475,0.007078618932715826,24,24,24,0,0.0,{},0.7831558475888374,0.7030092592592594,0.0,False,True,False,True,False,False,0.0,97.83214550703924,84.95697364559511,97.83214550703924,96.375,1.192737359774499,0.020253060766988826,False,0.5191306391105319,False,0.011458333333333348,False,False,0.675353553572564,0.011458333333333348,True,True,0.9900529989062512,0.1393876426496193,14.534298838428514,False,opposite_direction
1070,assignment_isolation,plus_one_randomisation,True,ok,98.12197783199622,3.6373934002075794,104.22227727751984,92.10885763836495,34.95309397117688,1.0,0.001,1.0,0.001,,,,,False,True,False,True,False,0.007071067811865475,0.007063875275378687,24,24,24,0,0.0,{},0.7936398698545004,0.7102564102564101,0.0,False,True,False,True,False,False,0.0,104.22227727751984,92.10885763836495,104.22227727751984,96.25,1.2111530312004188,0.022590407057082984,False,0.5335445198831671,False,0.02256944444444442,False,False,0.6945464077382479,0.02256944444444442,True,True,0.8837816008363923,0.297127597496005,15.037506784391146,False,opposite_direction
1071,assignment_isolation,plus_one_randomisation,True,ok,97.91498415924185,3.286301095985604,104.29576730494801,93.09520655373124,35.14958212693922,1.0,0.001,1.0,0.001,,,,,False,True,False,True,False,0.007071067811865475,0.007100796997493287,24,24,24,0,0.0,{},0.7955004295532644,0.7103046594982078,0.0,False,True,False,True,False,False,0.0,104.29576730494801,93.09520655373124,104.29576730494801,94.58333333333333,1.2136810618307277,0.021625346843057166,False,0.4994250597118838,False,0.03819444444444442,False,False,0.693114770230819,0.03819444444444442,True,True,1.1013294389603934,0.1401264865124839,13.089837462967575,False,opposite_direction
1072,assignment_isolation,plus_one_randomisation,True,ok,85.67346296939262,4.798857863810313,94.19603384093065,77.4873721274987,33.81776989224589,1.0,0.001,1.0,0.001,,,,,False,True,False,True,False,0.007071067811865475,0.007061542098827383,24,24,24,0,0.0,{},0.7988607889461627,0.7124551971326164,0.0,False,True,False,True,False,False,0.0,94.19603384093064,77.4873721274987,94.19603384093064,96.04166666666667,1.170157621590019,0.022459902785176317,False,0.5210317297659984,False,0.02256944444444442,False,False,0.6577255270870626,0.02256944444444442,True,True,-2.534848513197515,0.24225835255961742,12.724623351766722,False,opposite_direction
1073,assignment_isolation,plus_one_randomisation,True,ok,83.25210325992077,2.2728760623922817,87.22799087253398,79.42266253432206,32.86915420968602,1.0,0.001,1.0,0.001,,,,,False,True,False,True,False,0.007071067811865475,0.007042027963437451,24,24,24,0,0.0,{},0.7949915824915825,0.7457870370370371,0.0,False,True,False,True,False,False,0.0,87.227990872534,79.42266253432206,87.227990872534,97.45833333333333,1.1425251494842346,0.03424356147719303,False,0.5307413333058342,False,0.023958333333333304,False,False,0.6558824310732061,0.023958333333333304,True,True,-0.3896947335718912,0.12745812589512318,11.77191945457986,False,opposite_direction
1074,assignment_isolation,plus_one_randomisation,True,ok,84.94934275235603,3.639241164685943,91.4645082861707,79.0145280848588,32.97163491513442,1.0,0.001,1.0,0.001,,,,,False,True,False,True,False,0.007071067811865475,0.007054740230070752,24,24,24,0,0.0,{},0.8114884748397742,0.7581597222222223,0.0,False,True,False,True,False,False,0.0,91.4645082861707,79.0145280848588,91.4645082861707,97.625,1.149137604930942,0.01279507607864338,False,0.5112356318794123,False,0.03020833333333328,False,False,0.6614213930417328,0.03020833333333328,True,True,-0.7289731020231475,0.20619519801349515,12.77974368303631,False,opposite_direction
1075,assignment_isolation,plus_one_randomisation,True,ok,94.46747541733798,3.5896776382284092,100.96040415881312,88.21585016289356,34.32413451860859,1.0,0.001,1.0,0.001,,,,,False,True,False,True,False,0.007071067811865475,0.00707521557542429,24,24,24,0,0.0,{},0.8061432645975058,0.7374556737588652,0.0,False,True,False,True,False,False,0.0,100.96040415881312,88.21585016289356,100.96040415881312,96.41666666666667,1.192299421067958,0.0064031362899494544,False,0.5044052141047136,False,0.010763888888888906,False,False,0.6868509434666397,0.010763888888888906,True,True,2.8060454304968254,0.22882527672041225,14.80766030762178,False,opposite_direction
1076,assignment_isolation,plus_one_randomisation,True,ok,81.26224020986832,4.420670045964876,89.25520697795031,74.05434199990906,33.37712213689928,1.0,0.001,1.0,0.001,,,,,False,True,False,True,False,0.007071067811865475,0.007109367940744145,24,24,24,0,0.0,{},0.8099910344572612,0.7268465909090909,0.0,False,True,False,True,False,False,0.0,89.25520697795031,74.05434199990906,89.25520697795031,96.04166666666667,1.1627322749914966,0.023289958518028245,False,0.5142209201483385,False,0.02430555555555558,False,False,0.6394176884409206,0.02430555555555558,True,True,1.196010778638734,0.13272224686667847,13.298949989102889,False,opposite_direction
1077,assignment_isolation,plus_one_randomisation,True,ok,91.95286120759238,3.8386729982447507,98.46867197282468,85.07216545622538,34.88504301603914,1.0,0.001,1.0,0.001,,,,,False,True,False,True,False,0.007071067811865475,0.007057061134346154,24,24,24,0,0.0,{},0.7973761454753725,0.6584821428571428,0.0,False,True,False,True,False,False,0.0,98.46867197282468,85.07216545622538,98.46867197282468,95.16666666666667,1.2008135387656178,0.0017066918671579895,False,0.5116496168072369,False,0.022916666666666696,False,False,0.6746093950219191,0.022916666666666696,True,True,0.5801078470590098,0.10432548094006963,13.204481837987041,False,opposite_direction
1078,assignment_isolation,plus_one_randomisation,True,ok,94.17332243349966,3.1377894732877527,98.82154358684404,87.77609091580325,35.002999698832916,1.0,0.001,1.0,0.001,,,,,False,True,False,True,False,0.007071067811865475,0.007042433090834026,24,24,24,0,0.0,{},0.7881503489907564,0.6935648148148147,0.0,False,True,False,True,False,False,0.0,98.82154358684404,87.77609091580325,98.82154358684404,95.29166666666667,1.203165747229208,0.004856867375987542,False,0.5268581598634527,False,0.012847222222222232,False,False,0.6825357044019642,0.012847222222222232,True,True,0.9861098364283879,0.2304812779850222,13.713429054538908,False,opposite_direction
1079,assignment_isolation,plus_one_randomisation,True,ok,92.92765775710768,3.7908660205154305,99.26715410435091,86.26906526657376,34.07825876093,1.0,0.001,1.0,0.001,,,,,False,True,False,True,False,0.007071067811865475,0.007114556706504801,24,24,24,0,0.0,{},0.817225085910653,0.7220037453183522,0.0,False,True,False,True,False,False,0.0,99.26715410435092,86.26906526657376,99.26715410435092,96.70833333333333,1.192139821770297,0.03437305342537444,False,0.5180836443545452,False,0.022222222222222254,False,False,0.6810654031753187,0.022222222222222254,True,True,0.24875007131036025,0.10128247443234077,14.384918272195991,False,opposite_direction
1080,assignment_isolation,plus_one_randomisation,True,ok,89.43209273110546,3.4215017298276194,95.98721326423274,83.86582983443637,34.171980999988634,1.0,0.001,1.0,0.001,,,,,False,True,False,True,False,0.007071067811865475,0.007040339188696385,24,24,24,0,0.0,{},0.7995659722222224,0.695790378006873,0.0,False,True,False,True,False,False,0.0,95.98721326423272,83.86582983443637,95.98721326423272,96.625,1.1824383236238192,0.008455855732036712,False,0.5031865410576516,False,0.028125000000000067,False,False,0.6700366198929688,0.028125000000000067,True,True,-0.6306307813390781,0.20318066388028905,12.428587899244206,False,opposite_direction
1081,assignment_isolation,plus_one_randomisation,True,ok,94.1421557673616,3.589647085745208,100.14614147628939,87.61686038433578,34.658617177440064,1.0,0.001,1.0,0.001,,,,,False,True,False,True,False,0.007071067811865475,0.006991315728699963,24,24,24,0,0.0,{},0.7954943106538852,0.7050000000000001,0.0,False,True,False,True,False,False,0.0,100.1461414762894,87.61686038433578,100.1461414762894,96.41666666666667,1.189641777557769,0.05469208889491717,False,0.5022873413952702,False,0.043749999999999956,False,False,0.6864229375831393,0.043749999999999956,True,True,-0.8111618819837504,0.07745927765328159,13.820760396903065,False,opposite_direction
1082,assignment_isolation,plus_one_randomisation,True,ok,90.02422862487019,4.63790504338589,98.075403309536,81.71517705969683,33.92720011255861,1.0,0.001,1.0,0.001,,,,,False,True,False,True,False,0.007071067811865475,0.007044972180718173,24,24,24,0,0.0,{},0.7867499902374258,0.7083333333333335,0.0,False,True,False,True,False,False,0.0,98.075403309536,81.71517705969683,98.075403309536,95.0,1.1648207804622177,0.0013545181197691014,False,0.48723401854353454,False,0.02083333333333326,False,False,0.6779777023412678,0.02083333333333326,True,True,-0.06339685602505553,0.10750286413940767,14.197389414649573,False,opposite_direction
1083,assignment_isolation,plus_one_randomisation,True,ok,86.39759331307091,3.5284667200705653,92.38756711215333,80.3705340971331,34.24113874502388,1.0,0.001,1.0,0.001,,,,,False,True,False,True,False,0.007071067811865475,0.007107311690925457,24,24,24,0,0.0,{},0.8212783171521036,0.7242592592592594,0.0,False,True,False,True,False,False,0.0,92.38756711215335,80.3705340971331,92.38756711215335,96.95833333333333,1.1981636405763691,0.02020936312398634,False,0.515351382325011,False,0.023611111111111138,False,False,0.6518116005473596,0.023611111111111138,True,True,-0.5630710844512457,0.11668135928319114,13.79095677425242,False,opposite_direction
1084,assignment_isolation,plus_one_randomisation,True,ok,91.21419704094974,3.2405619956280987,97.8028316322301,86.37884027082424,34.676588596516446,1.0,0.001,1.0,0.001,,,,,False,True,False,True,False,0.007071067811865475,0.007052408851461634,24,24,24,0,0.0,{},0.7929865255923314,0.7457875457875458,0.0,False,True,False,True,False,False,0.0,97.8028316322301,86.37884027082424,97.8028316322301,96.08333333333333,1.1985823629913566,0.016783048175733617,False,0.5304915652937191,False,0.024652777777777857,False,False,0.672324728638921,0.024652777777777857,True,True,0.3622003081878034,0.11887379227321102,14.119923965415138,False,opposite_direction
1085,assignment_isolation,plus_one_randomisation,True,ok,95.92956454370797,4.0090757844065,102.12353903285683,88.5538569856359,34.787367921886705,1.0,0.001,1.0,0.001,,,,,False,True,False,True,False,0.007071067811865475,0.007066174677526029,24,24,24,0,0.0,{},0.8072265070921986,0.7285984848484849,0.0,False,True,False,True,False,False,0.0,102.12353903285684,88.5538569856359,102.12353903285684,96.08333333333333,1.2047584318030693,0.003676274634798478,False,0.5137565515989839,False,0.020486111111111094,False,False,0.6885873889539136,0.020486111111111094,True,True,0.8623362476699831,0.13917240827795102,13.451183347935066,False,opposite_direction
1086,assignment_isolation,plus_one_randomisation,True,ok,89.2451820681374,4.884448116794437,97.99566003523748,80.29733837156343,33.98253123784053,1.0,0.001,1.0,0.001,,,,,False,True,False,True,False,0.007071067811865475,0.00709087504814518,24,24,24,0,0.0,{},0.8096743163705491,0.7287499999999999,0.0,False,True,False,True,False,False,0.0,97.99566003523746,80.29733837156343,97.99566003523746,96.41666666666667,1.1830459635205808,0.0013647173806780773,False,0.5244944047740796,False,0.015972222222222165,False,False,0.6690653708548717,0.015972222222222165,True,True,-0.1295928109036507,0.18267934331382873,12.677148798774232,False,opposite_direction
1087,assignment_isolation,plus_one_randomisation,True,ok,89.01833920605675,4.798548618781239,97.14724419912997,81.56708349093202,34.76999342772903,1.0,0.001,1.0,0.001,,,,,False,True,False,True,False,0.007071067811865475,0.007025613074052823,24,24,24,0,0.0,{},0.7970321494515042,0.7089095744680852,0.0,False,True,False,True,False,False,0.0,97.14724419912996,81.56708349093202,97.14724419912996,96.16666666666667,1.197763631736278,0.009860282291178251,False,0.5140559456308954,False,0.02499999999999991,False,False,0.6634542808066994,0.02499999999999991,True,True,-0.5142715013796945,0.053755327381541415,13.930172452127579,False,opposite_direction
1088,assignment_isolation,plus_one_randomisation,True,ok,94.20622426128098,3.484667474032982,100.19947103303656,88.17760394213921,34.5275162373901,1.0,0.001,1.0,0.001,,,,,False,True,False,True,False,0.007071067811865475,0.0070525511436868036,24,24,24,0,0.0,{},0.8052729997758852,0.7204166666666666,0.0,False,True,False,True,False,False,0.0,100.19947103303656,88.17760394213921,100.19947103303656,97.5,1.2022198506506419,0.030309806225282218,False,0.5303815868115893,False,0.00694444444444442,False,False,0.6829407039845824,0.00694444444444442,True,True,1.1696208703570858,0.2614700211196062,15.421835969651065,False,opposite_direction
1089,assignment_isolation,plus_one_randomisation,True,ok,85.80091876729824,4.179879659373636,92.18728806079054,78.11575737710088,33.9927180967773,1.0,0.001,1.0,0.001,,,,,False,True,False,True,False,0.007071067811865475,0.0070803735434828595,24,24,24,0,0.0,{},0.7895618556701032,0.6824906367041198,0.0,False,True,False,True,False,False,0.0,92.18728806079054,78.11575737710088,92.18728806079054,94.29166666666667,1.1685538315229471,0.027791049552438572,False,0.5092561464352353,False,0.030555555555555558,False,False,0.6588252110993966,0.030555555555555558,True,True,1.2035494845441472,0.08800609138001303,13.922617596911993,False,opposite_direction
1090,assignment_isolation,plus_one_randomisation,True,ok,94.96700191301609,3.2440025176960714,100.11204008176026,89.33249757494312,34.764650958175785,1.0,0.001,1.0,0.001,,,,,False,True,False,True,False,0.007071067811865475,0.007077639820249852,24,24,24,0,0.0,{},0.799124053030303,0.6785440613026817,0.0,False,True,False,True,False,False,0.0,100.11204008176026,89.33249757494313,100.11204008176026,94.54166666666667,1.196211470319181,0.002094357817636826,False,0.49768090005843907,False,0.025694444444444464,False,False,0.6875514511299425,0.025694444444444464,True,True,0.6990693197868248,0.1725592992862005,14.681361379693882,False,opposite_direction
1091,assignment_isolation,plus_one_randomisation,True,ok,94.81297706223101,4.5998342012126106,102.18931745975763,85.98070821369978,35.05058823338221,1.0,0.001,1.0,0.001,,,,,False,True,False,True,False,0.007071067811865475,0.0070434314976617896,24,24,24,0,0.0,{},0.801975945017182,0.6669981060606059,0.0,False,True,False,True,False,False,0.0,102.18931745975765,85.98070821369977,102.18931745975765,96.08333333333333,1.2099673209823558,0.040681356719547535,False,0.5256583015032005,False,0.021180555555555647,False,False,0.6829394233999815,0.021180555555555647,True,True,0.48018582699652074,0.26737031197782846,13.2523145554438,False,opposite_direction
1092,assignment_isolation,plus_one_randomisation,True,ok,87.3966572240759,3.950925231391095,94.3692181842261,80.49052596703231,34.16025824233505,1.0,0.001,1.0,0.001,,,,,False,True,False,True,False,0.007071067811865475,0.007074840718702689,24,24,24,0,0.0,{},0.8134738475177306,0.707638888888889,0.0,False,True,False,True,False,False,0.0,94.3692181842261,80.49052596703231,94.3692181842261,97.16666666666667,1.1911500365556402,0.003639578463785462,False,0.537392711450524,False,0.02673611111111107,False,False,0.658546560581463,0.02673611111111107,True,True,-0.2135853453409984,0.11467730074161794,12.15017172678238,False,opposite_direction
1093,assignment_isolation,plus_one_randomisation,True,ok,94.77787840741708,3.283344904323435,100.27049115814106,88.85145907160195,34.30145238757441,1.0,0.001,1.0,0.001,,,,,False,True,False,True,False,0.007071067811865475,0.007066534437361609,24,24,24,0,0.0,{},0.8144589330067027,0.7405815972222222,0.0,False,True,False,True,False,False,0.0,100.27049115814106,88.85145907160195,100.27049115814106,97.375,1.1959491891414678,0.003659876677981398,False,0.5204926680568969,False,0.013194444444444509,False,False,0.6869295652621237,0.013194444444444509,True,True,-0.1203638892477188,0.12391978266297761,13.662726462549799,False,opposite_direction
1094,assignment_isolation,plus_one_randomisation,True,ok,91.25193284014665,4.529253049215179,98.55632239990186,82.73931046033704,34.64215952827982,1.0,0.001,1.0,0.001,,,,,False,True,False,True,False,0.007071067811865475,0.007077137723206307,24,24,24,0,0.0,{},0.8055519759450173,0.6492248062015503,0.0,False,True,False,True,False,False,0.0,98.55632239990184,82.73931046033704,98.55632239990184,96.08333333333333,1.201590924400883,0.015550524582570285,False,0.5282595562707074,False,0.038541666666666696,False,False,0.6715502799696227,0.038541666666666696,True,True,-0.2046433654027057,0.161697176185362,14.08398578656339,False,opposite_direction
1095,assignment_isolation,plus_one_randomisation,True,ok,91.22835703446326,4.654659274522344,99.65985755012343,83.47898397398974,34.25730469052454,1.0,0.001,1.0,0.001,,,,,False,True,False,True,False,0.007071067811865475,0.00707748086731226,24,24,24,0,0.0,{},0.8128073011382771,0.6899621212121213,0.0,False,True,False,True,False,False,0.0,99.65985755012343,83.47898397398974,99.65985755012343,96.20833333333333,1.1890722512393759,0.01518456839221229,False,0.5103711567470294,False,0.014236111111111116,False,False,0.6753112175465874,0.014236111111111116,True,True,-0.0905831196844844,0.02939508510886767,13.401883087601878,False,opposite_direction
1096,assignment_isolation,plus_one_randomisation,True,ok,93.00611575899642,3.868657708326909,99.11431153259318,86.41508565493957,34.03242344972991,1.0,0.001,1.0,0.001,,,,,False,True,False,True,False,0.007071067811865475,0.007082005861615445,24,24,24,0,0.0,{},0.8079173896771121,0.7037453183520601,0.0,False,True,False,True,False,False,0.0,99.11431153259316,86.41508565493957,99.11431153259316,95.41666666666667,1.1771485794046261,0.009766104242715434,False,0.4962575356518744,False,0.01215277777777779,False,False,0.6858655058503064,0.01215277777777779,True,True,-0.9211665475217897,0.08500460104689375,14.487368835890127,False,opposite_direction
1097,assignment_isolation,plus_one_randomisation,True,ok,92.96658240529077,4.386586773779428,101.41614081363647,85.86525341095567,35.16624993344057,1.0,0.001,1.0,0.001,,,,,False,True,False,True,False,0.007071067811865475,0.0070622044191531895,24,24,24,0,0.0,{},0.7846788194444443,0.6748106060606062,0.0,False,True,False,True,False,False,0.0,101.41614081363646,85.86525341095567,101.41614081363646,93.79166666666667,1.2025924519039366,0.003318454266010506,False,0.5041604719259918,False,0.023958333333333304,False,False,0.6780679545766312,0.023958333333333304,True,True,0.9903864265701586,0.13366935389666346,11.95891378487362,False,opposite_direction
1098,assignment_isolation,plus_one_randomisation,True,ok,93.44253000094857,3.3732034028468676,99.47491891966799,87.79676742374835,34.97211608162767,1.0,0.001,1.0,0.001,,,,,False,True,False,True,False,0.007071067811865475,0.007106459564853764,24,24,24,0,0.0,{},0.8015714939822082,0.6953869047619048,0.0,False,True,False,True,False,False,0.0,99.47491891966799,87.79676742374835,99.47491891966799,95.0,1.2111753056307748,0.0077172206227641375,False,0.5347428024653232,False,0.046875,False,False,0.6773400779963721,0.046875,True,True,0.5378004839820378,0.17883945796222958,14.468803255139328,False,opposite_direction
1099,assignment_isolation,plus_one_randomisation,True,ok,90.83332910975868,4.491228293335685,99.31994778847367,83.18068235441484,34.217683359935144,1.0,0.001,1.0,0.001,,,,,False,True,False,True,False,0.007071067811865475,0.007060644861538269,24,24,24,0,0.0,{},0.797895622895623,0.7051960784313728,0.0,False,True,False,True,False,False,0.0,99.31994778847367,83.18068235441484,99.31994778847367,95.625,1.1812741472991908,0.009756929861160123,False,0.5101699665338836,False,0.01736111111111116,False,False,0.6761299109709257,0.01736111111111116,True,True,1.3468086400687,0.2453209654424995,13.918357349742342,False,opposite_direction
1100,assignment_isolation,plus_one_randomisation,True,ok,88.55686322291861,3.482821381985515,94.8978176823651,82.73605149717676,34.18257123900366,1.0,0.001,1.0,0.001,,,,,False,True,False,True,False,0.007071067811865475,0.007027964372685705,24,24,24,0,0.0,{},0.7978949652777778,0.7431034482758622,0.0,False,True,False,True,False,False,0.0,94.8978176823651,82.73605149717676,94.8978176823651,97.0,1.1830147248495002,0.0082255725643536,False,0.5001310020506102,False,0.018402777777777768,False,False,0.6661727542245578,0.018402777777777768,True,True,-1.2143716696664493,0.20500690101180774,12.42586506325098,False,opposite_direction
1101,assignment_isolation,plus_one_randomisation,True,ok,92.95643072635664,4.004009746714159,101.14197218500821,86.64691014289731,35.249347850645265,1.0,0.001,1.0,0.001,,,,,False,True,False,True,False,0.007071067811865475,0.007040788105257204,24,24,24,0,0.0,{},0.7811384644406714,0.7029265873015873,0.0,False,True,False,True,False,False,0.0,101.14197218500821,86.64691014289731,101.14197218500821,95.70833333333333,1.2139959611031113,0.006861943964978553,False,0.49540624381629084,False,0.027083333333333348,False,False,0.6745861905273011,0.027083333333333348,True,True,2.1469233710048696,0.24062424225682483,14.516140768653681,False,opposite_direction
1102,assignment_isolation,plus_one_randomisation,True,ok,94.25868738777653,4.031906323768296,100.5690429504015,86.93806856581993,35.22466295413461,1.0,0.001,1.0,0.001,,,,,False,True,False,True,False,0.007071067811865475,0.007039315338073111,24,24,24,0,0.0,{},0.8012513426423202,0.6970695970695969,0.0,False,True,False,True,False,False,0.0,100.56904295040151,86.93806856581993,100.56904295040151,96.29166666666667,1.2165826626132334,0.03095307536484652,False,0.5180322046709768,False,0.029166666666666674,False,False,0.6788777390008893,0.029166666666666674,True,True,0.1766914842526053,0.1468452760896168,15.982373507319263,False,opposite_direction
1103,assignment_isolation,plus_one_randomisation,True,ok,91.78812523535366,3.136881996459531,97.75870952698631,86.66891118969916,34.1581642923704,1.0,0.001,1.0,0.001,,,,,False,True,False,True,False,0.007071067811865475,0.007068194855273298,24,24,24,0,0.0,{},0.8134228612769037,0.7124542124542126,0.0,False,True,False,True,False,False,0.0,97.75870952698631,86.66891118969916,97.75870952698631,97.95833333333333,1.1947959303891584,0.014523323391287554,False,0.5031462055810647,False,0.014236111111111116,False,False,0.6757921030093872,0.014236111111111116,True,True,0.4038296988391357,0.1657326805744663,13.869131067161932,False,opposite_direction
1104,assignment_isolation,plus_one_randomisation,True,ok,82.70892564822749,3.278293152557058,88.01941422772173,76.98821219871927,33.132761873963474,1.0,0.001,1.0,0.001,,,,,False,True,False,True,False,0.007071067811865475,0.0070356953207228266,24,24,24,0,0.0,{},0.8002994113844375,0.7186842105263158,0.0,False,True,False,True,False,False,0.0,88.01941422772173,76.98821219871927,88.01941422772173,96.95833333333333,1.147696979072767,0.00878310965432563,False,0.5185354416834145,False,0.02013888888888893,False,False,0.6515771220137184,0.02013888888888893,True,True,-1.6990898148823512,0.18171705923543233,12.278764831904141,False,opposite_direction
1105,assignment_isolation,plus_one_randomisation,True,ok,91.08434830373483,3.6306503850264726,97.46783357112207,84.7354001286711,33.859545735729604,1.0,0.001,1.0,0.001,,,,,False,True,False,True,False,0.007071067811865475,0.007063465575776274,24,24,24,0,0.0,{},0.7956550456342608,0.6748015873015871,0.0,False,True,False,True,False,False,0.0,97.46783357112207,84.7354001286711,97.46783357112207,95.95833333333333,1.171413737089667,0.009550459326344055,False,0.5260941548455308,False,0.019791666666666652,False,False,0.6801682223690872,0.019791666666666652,True,True,-0.06447124413316134,0.14932607582361615,14.414893600485778,False,opposite_direction
1106,assignment_isolation,plus_one_randomisation,True,ok,89.42930456422816,3.8881135478656224,96.44462228490812,82.75943175395153,33.53713267399798,1.0,0.001,1.0,0.001,,,,,False,True,False,True,False,0.007071067811865475,0.007042222370368937,24,24,24,0,0.0,{},0.8010686478569224,0.6852314814814815,0.0,False,True,False,True,False,False,0.0,96.44462228490812,82.75943175395153,96.44462228490812,96.41666666666667,1.1595292921317737,0.013649507656822542,False,0.5064530362709329,False,0.029861111111111116,False,False,0.6772233472940851,0.029861111111111116,True,True,0.48331487617604874,0.22145765500218934,13.486965009891337,False,opposite_direction
1107,assignment_isolation,plus_one_randomisation,True,ok,90.13840975817102,5.265642588700265,99.73172909493117,80.88456037995344,34.18793618280196,1.0,0.001,1.0,0.001,,,,,False,True,False,True,False,0.007071067811865475,0.007065921780474642,24,24,24,0,0.0,{},0.7992906998679494,0.6752422480620153,0.0,False,True,False,True,False,False,0.0,99.73172909493117,80.88456037995344,99.73172909493117,96.125,1.1842131813242212,0.016604953681200792,False,0.5038266528288101,False,0.011458333333333348,False,False,0.6723974181487972,0.011458333333333348,True,True,1.1969251612179408,0.20004578019569758,13.942952522639798,False,opposite_direction
1108,assignment_isolation,plus_one_randomisation,True,ok,87.74330546318288,4.04388265503786,94.46611246319893,80.68638795285923,33.48769305393827,1.0,0.001,1.0,0.001,,,,,False,True,False,True,False,0.007071067811865475,0.007131463975156677,24,24,24,0,0.0,{},0.8252304915935671,0.6767647058823528,0.0,False,True,False,True,False,False,0.0,94.46611246319894,80.68638795285923,94.46611246319894,95.54166666666667,1.1671598347180436,0.014980393419044247,False,0.5065518434423466,False,0.03749999999999998,False,False,0.6677740905171402,0.03749999999999998,True,True,1.1606538935668522,0.12961438125757296,14.149979431534458,False,opposite_direction
1109,assignment_isolation,plus_one_randomisation,True,ok,91.80919738098714,3.810903190468026,98.44066639726466,85.4057035418315,34.31414506178007,1.0,0.001,1.0,0.001,,,,,False,True,False,True,False,0.007071067811865475,0.007046038702129015,24,24,24,0,0.0,{},0.8081632475962373,0.7036516853932584,0.0,False,True,False,True,False,False,0.0,98.44066639726468,85.4057035418315,98.44066639726468,95.66666666666667,1.1824111939629132,0.012543563404292869,False,0.49510301744222096,False,0.032638888888888884,False,False,0.6796574529217271,0.032638888888888884,True,True,1.6071206783632288,0.163897020924658,14.771756971570136,False,opposite_direction
1110,assignment_isolation,plus_one_randomisation,True,ok,87.66543523831456,3.3162429194540026,93.21048934458797,81.7687109310195,33.62944813566715,1.0,0.001,1.0,0.001,,,,,False,True,False,True,False,0.007071067811865475,0.00706810456875518,24,24,24,0,0.0,{},0.8013701664876478,0.7196629213483146,0.0,False,True,False,True,False,False,0.0,93.21048934458797,81.7687109310195,93.21048934458797,95.83333333333333,1.1634587979830182,0.014359553263006836,False,0.5168618134325,False,0.01388888888888895,False,False,0.6686303874990096,0.01388888888888895,True,True,0.01103014520611576,0.08190035187078876,13.418506975387595,False,opposite_direction
1111,assignment_isolation,plus_one_randomisation,True,ok,87.65316615717347,3.687432018148422,93.66618901534038,81.4136731455505,34.44657618553319,1.0,0.001,1.0,0.001,,,,,False,True,False,True,False,0.007071067811865475,0.007047633239551414,24,24,24,0,0.0,{},0.7969539921231651,0.7154121863799281,0.0,False,True,False,True,False,False,0.0,93.66618901534038,81.4136731455505,93.66618901534038,96.58333333333333,1.1929176278189073,0.025778940502242616,False,0.49773421025546144,False,0.023263888888888862,False,False,0.6591028412177398,0.023263888888888862,True,True,0.3779741446727265,0.10443346657350108,13.052295717959055,False,opposite_direction
1112,assignment_isolation,plus_one_randomisation,True,ok,92.99382035126347,3.918477769949863,100.11245546581019,86.70581391888159,34.39039522692738,1.0,0.001,1.0,0.001,,,,,False,True,False,True,False,0.007071067811865475,0.0070440190857730765,24,24,24,0,0.0,{},0.7708333333333333,0.7083841463414635,0.0,False,True,False,True,False,False,0.0,100.11245546581019,86.70581391888159,100.11245546581019,94.83333333333333,1.1795278601820312,0.004646451625777458,False,0.5118374162501927,False,0.031597222222222165,False,False,0.6851062431642142,0.031597222222222165,True,True,-1.3922240206802077,0.20845620108568463,12.697670109640784,False,opposite_direction
1113,assignment_isolation,plus_one_randomisation,True,ok,87.37549993208798,3.353991605587914,93.54717711057978,81.40118677552759,35.129181867170985,1.0,0.001,1.0,0.001,,,,,False,True,False,True,False,0.007071067811865475,0.007077239784492189,24,24,24,0,0.0,{},0.8030381944444445,0.6791176470588235,0.0,False,True,False,True,False,False,0.0,93.54717711057977,81.40118677552759,93.54717711057977,94.16666666666667,1.2062867257722028,0.0005943413721045441,False,0.525908129400534,False,0.01909722222222221,False,False,0.6535667756707033,0.01909722222222221,True,True,-0.6808981495539275,0.15362025038746774,12.431546758365974,False,opposite_direction
1114,assignment_isolation,plus_one_randomisation,True,ok,92.15723057768552,2.390260285728842,96.31816655117476,87.70170673558393,34.742083044664724,1.0,0.001,1.0,0.001,,,,,False,True,False,True,False,0.007071067811865475,0.007040135750928481,24,24,24,0,0.0,{},0.7735399909368981,0.6541193181818183,0.0,False,True,False,True,False,False,0.0,96.31816655117477,87.70170673558393,96.31816655117477,95.79166666666667,1.1969355239882435,0.031936902745192,False,0.5163712155945912,False,0.021180555555555536,False,False,0.6766035863434157,0.021180555555555536,True,True,0.07850457481745303,0.06933012190827421,12.71705550078556,False,opposite_direction
1115,assignment_isolation,plus_one_randomisation,True,ok,84.8197735156087,3.2042094929049934,90.00099687947132,79.27945189447914,34.19926463016353,1.0,0.001,1.0,0.001,,,,,False,True,False,True,False,0.007071067811865475,0.007066480007700398,24,24,24,0,0.0,{},0.7931280244056385,0.6581417624521073,0.0,False,True,False,True,False,False,0.0,90.00099687947132,79.27945189447914,90.00099687947132,96.125,1.1846991669713454,0.03586880146853347,False,0.5086210573098173,False,0.019791666666666652,False,False,0.6490146250421646,0.019791666666666652,True,True,1.7872118602604916,0.24358784787282628,12.56588537547574,False,opposite_direction
1116,assignment_isolation,plus_one_randomisation,True,ok,87.0826912517324,4.234375471180052,94.07412473876902,79.27670971443253,33.719498506823925,1.0,0.001,1.0,0.001,,,,,False,True,False,True,False,0.007071067811865475,0.007064094955686981,24,24,24,0,0.0,{},0.8215063001145475,0.6791182170542636,0.0,False,True,False,True,False,False,0.0,94.07412473876902,79.27670971443253,94.07412473876902,96.33333333333333,1.1689499957451204,0.036260545887548255,False,0.5075185959097179,False,0.018402777777777768,False,False,0.6643508476068647,0.018402777777777768,True,True,-1.6095468108732374,0.28058532748516507,12.563716393345466,False,opposite_direction
1117,assignment_isolation,plus_one_randomisation,True,ok,89.70993995904148,3.6935002578129184,95.85993793557051,83.4765434667972,34.342744077452764,1.0,0.001,1.0,0.001,,,,,False,True,False,True,False,0.007071067811865475,0.0070437579744909995,24,24,24,0,0.0,{},0.8187282986111111,0.7185648148148148,0.0,False,True,False,True,False,False,0.0,95.8599379355705,83.4765434667972,95.8599379355705,98.125,1.1981170756038912,0.02487417596308852,False,0.5249917262435866,False,0.02430555555555558,False,False,0.6662674336183586,0.02430555555555558,True,True,-0.6749874067132191,0.1793267957821709,13.709801336468152,False,opposite_direction
1118,assignment_isolation,plus_one_randomisation,True,ok,92.53120526763813,4.490504204472781,99.72864688785356,84.24298625858596,34.57792557370474,1.0,0.001,1.0,0.001,,,,,False,True,False,True,False,0.007071067811865475,0.007011525618873424,24,24,24,0,0.0,{},0.7988686971618357,0.7039007092198583,0.0,False,True,False,True,False,False,0.0,99.72864688785357,84.24298625858596,99.72864688785357,97.0,1.1938982946551226,0.004496515094513739,False,0.5103929100252333,False,0.025347222222222188,False,False,0.6789951967769725,0.025347222222222188,True,True,-0.4440003881089532,0.1296145641165631,15.3211166431722,False,opposite_direction
1119,assignment_isolation,plus_one_randomisation,True,ok,86.298565812767,4.14464807187914,93.37519262852949,78.546816758317,34.20861350435526,1.0,0.001,1.0,0.001,,,,,False,True,False,True,False,0.007071067811865475,0.007069908947740122,24,24,24,0,0.0,{},0.8055917245370371,0.6837912087912088,0.0,False,True,False,True,False,False,0.0,93.37519262852949,78.546816758317,93.37519262852949,95.08333333333333,1.1791566279338737,0.021604618560374395,False,0.5006458228172076,False,0.012847222222222232,False,False,0.6575747837444628,0.012847222222222232,True,True,1.6640224811263713,0.249919558431344,12.624996260702082,False,opposite_direction
1120,assignment_isolation,plus_one_randomisation,True,ok,92.34394638812849,5.006436464564879,101.34726197093092,83.94129153627657,34.50016959532948,1.0,0.001,1.0,0.001,,,,,False,True,False,True,False,0.007071067811865475,0.007061406321130928,24,24,24,0,0.0,{},0.8020618556701031,0.625968992248062,0.0,False,True,False,True,False,False,0.0,101.34726197093092,83.94129153627657,101.34726197093092,95.04166666666667,1.1875159679772869,0.016861802071799617,False,0.5123652867725175,False,0.010763888888888906,False,False,0.6801976647442992,0.010763888888888906,True,True,-0.23903527551007042,0.07882308358700922,12.37747648870601,False,opposite_direction
1121,assignment_isolation,plus_one_randomisation,True,ok,93.15847971197452,4.607397833132059,100.82349262999968,85.41471881829388,34.72206006964083,1.0,0.001,1.0,0.001,,,,,False,True,False,True,False,0.007071067811865475,0.0070175047144770035,24,24,24,0,0.0,{},0.7930009594298245,0.7280927835051547,0.0,False,True,False,True,False,False,0.0,100.82349262999968,85.41471881829388,100.82349262999968,97.5,1.2029858231773876,0.0361873198583281,False,0.5079909935763486,False,0.03298611111111116,False,False,0.6786962998584524,0.03298611111111116,True,True,-1.7784202752207003,0.18059725075010968,12.597433702986557,False,opposite_direction
1122,assignment_isolation,plus_one_randomisation,True,ok,81.92081811177253,3.5905089692729244,88.23842825335845,75.72327347944052,32.845532279691746,1.0,0.001,1.0,0.001,,,,,False,True,False,True,False,0.007071067811865475,0.007089016414932016,24,24,24,0,0.0,{},0.7978081140350877,0.693103448275862,0.0,False,True,False,True,False,False,0.0,88.23842825335845,75.72327347944052,88.23842825335845,95.125,1.1354803565016192,0.010210640925750128,False,0.5302254121724618,False,0.025000000000000022,False,False,0.65201785457222,0.025000000000000022,True,True,0.33982525472469444,0.20107958676972346,12.083340202450682,False,opposite_direction
1123,assignment_isolation,plus_one_randomisation,True,ok,87.19286272631177,4.372888294859565,94.40300466344848,80.28988732403064,33.42675243009278,1.0,0.001,1.0,0.001,,,,,False,True,False,True,False,0.007071067811865475,0.007019014325955453,24,24,24,0,0.0,{},0.7824596845649476,0.6544061302681992,0.0,False,True,False,True,False,False,0.0,94.40300466344848,80.28988732403064,94.40300466344848,95.54166666666667,1.1466654432938161,0.004983762337649163,False,0.5012171115999166,False,0.025347222222222188,False,False,0.6720265075799162,0.025347222222222188,True,True,-0.8847630840454123,0.12215522922433793,12.457376748338609,False,opposite_direction
1124,assignment_isolation,plus_one_randomisation,True,ok,88.97856411220884,4.866550020537974,97.21168217640972,80.60430748920024,34.44515766504397,1.0,0.001,1.0,0.001,,,,,False,True,False,True,False,0.007071067811865475,0.007014666874040231,24,24,24,0,0.0,{},0.7958782894736842,0.6734375,0.0,False,True,False,True,False,False,0.0,97.21168217640972,80.60430748920024,97.21168217640972,97.54166666666667,1.1931644866813438,0.0027760315465745057,False,0.5048188939159601,False,0.029166666666666563,False,False,0.6647420469723574,0.029166666666666563,True,True,-2.963025782167853,0.25706300853297,12.422024256780917,False,opposite_direction
1125,assignment_isolation,plus_one_randomisation,True,ok,87.87918100108618,2.9394603830043584,92.96686507557308,82.92506853271115,34.68255334070178,1.0,0.001,1.0,0.001,,,,,False,True,False,True,False,0.007071067811865475,0.007064741402630765,24,24,24,0,0.0,{},0.7665770609318996,0.7242424242424242,0.0,False,True,False,True,False,False,0.0,92.96686507557308,82.92506853271115,92.96686507557308,94.45833333333333,1.1906866271715755,0.012699795285576843,False,0.5031637368244448,False,0.025000000000000022,False,False,0.660806365722201,0.025000000000000022,True,True,0.3209789961966697,0.10459549768871257,13.679102968824681,False,opposite_direction
1126,assignment_isolation,plus_one_randomisation,True,ok,90.51905415566421,3.256133369261365,95.86985322943025,84.57554261374978,34.50722032225261,1.0,0.001,1.0,0.001,,,,,False,True,False,True,False,0.007071067811865475,0.007042820865551636,24,24,24,0,0.0,{},0.7966201126915413,0.7037306201550386,0.0,False,True,False,True,False,False,0.0,95.86985322943025,84.57554261374978,95.86985322943025,95.79166666666667,1.189297451097308,0.004675710534645519,False,0.526202977441154,False,0.047222222222222276,False,False,0.6723714885024719,0.047222222222222276,True,True,-1.1287583199457385,0.1797812093544346,12.83564479109412,False,opposite_direction
1127,assignment_isolation,plus_one_randomisation,True,ok,92.34741950018184,5.213801147317294,102.13364253411763,84.03819155712381,34.484033701979925,1.0,0.001,1.0,0.001,,,,,False,True,False,True,False,0.007071067811865475,0.00702971325947541,24,24,24,0,0.0,{},0.8015676567656764,0.7409649122807019,0.0,False,True,False,True,False,False,0.0,102.13364253411764,84.03819155712381,102.13364253411764,97.375,1.1960502086067275,0.022668690285265226,False,0.49874084292981896,False,0.0215277777777777,False,False,0.6776226236383878,0.0215277777777777,True,True,-0.26492518045625646,0.06737362560397925,15.207702075052657,False,opposite_direction
1128,assignment_isolation,plus_one_randomisation,True,ok,93.0362185511511,4.462872486936795,100.8801906084481,85.56901365369168,34.36938493766244,1.0,0.001,1.0,0.001,,,,,False,True,False,True,False,0.007071067811865475,0.007077213857369606,24,24,24,0,0.0,{},0.8113772893772894,0.7159420289855072,0.0,False,True,False,True,False,False,0.0,100.8801906084481,85.56901365369168,100.8801906084481,97.33333333333333,1.1998718985878722,0.0009262998134758433,False,0.4992978609004519,False,0.020486111111111094,False,False,0.6791584831827239,0.020486111111111094,True,True,1.3768822428244936,0.182810695747571,13.725791727813302,False,opposite_direction
1129,assignment_isolation,plus_one_randomisation,True,ok,93.42316219685104,3.030536773485504,97.48497098943392,86.34427969328168,34.9981931904753,1.0,0.001,1.0,0.001,,,,,False,True,False,True,False,0.007071067811865475,0.007028073456528213,24,24,24,0,0.0,{},0.7888104395604395,0.7014367816091952,0.0,False,True,False,True,False,False,0.0,97.48497098943392,86.34427969328168,97.48497098943392,96.29166666666667,1.2068304858401981,0.009033053886211817,False,0.5204599924178228,False,0.022222222222222254,False,False,0.6785683282018508,0.022222222222222254,True,True,-0.8864355510998387,0.22305779137558773,12.954292863170275,False,opposite_direction
1130,assignment_isolation,plus_one_randomisation,True,ok,94.53404558923903,4.0258100025920776,101.95948781100321,88.10895098790118,34.9887287396594,1.0,0.001,1.0,0.001,,,,,False,True,False,True,False,0.007071067811865475,0.0070419136856831755,24,24,24,0,0.0,{},0.8040841584158415,0.6950980392156861,0.0,False,True,False,True,False,False,0.0,101.95948781100321,88.1089509879012,101.95948781100321,95.5,1.203900378555418,0.015562503664570947,False,0.5107998883594014,False,0.019791666666666652,False,False,0.6836797178190495,0.019791666666666652,True,True,-0.7203595571022704,0.1793024609483754,15.821613783982096,False,opposite_direction
1131,assignment_isolation,plus_one_randomisation,True,ok,93.68482848194192,3.996908629148521,100.89012580529034,86.53773650460997,34.332531456007224,1.0,0.001,1.0,0.001,,,,,False,True,False,True,False,0.007071067811865475,0.0070930420054505,24,24,24,0,0.0,{},0.8028947368421053,0.7400537634408602,0.0,False,True,False,True,False,False,0.0,100.89012580529034,86.53773650460998,100.89012580529034,97.0,1.1992072070261006,0.01891222000154016,False,0.5367290827971153,False,0.04236111111111107,False,False,0.681855016969272,0.04236111111111107,True,True,0.1321130860347272,0.2960411747669981,13.921711157720472,False,opposite_direction
1132,assignment_isolation,plus_one_randomisation,True,ok,87.91952776312667,2.949442120492472,92.85297505884085,82.8527154626517,33.620282765506566,1.0,0.001,1.0,0.001,,,,,False,True,False,True,False,0.007071067811865475,0.007053554430475068,24,24,24,0,0.0,{},0.7848873804906262,0.7076241134751773,0.0,False,True,False,True,False,False,0.0,92.85297505884085,82.8527154626517,92.85297505884085,95.91666666666667,1.1612518715465192,0.03230090716617285,False,0.5424054435444049,False,0.023611111111111027,False,False,0.670416890459423,0.023611111111111027,True,True,0.5598369161074604,0.10498383572492094,12.381206848465212,False,opposite_direction
1133,assignment_isolation,plus_one_randomisation,True,ok,83.46624355908465,3.6289797607720073,89.77507321048341,77.70899931166048,33.51693049512743,1.0,0.001,1.0,0.001,,,,,False,True,False,True,False,0.007071067811865475,0.007047245581057667,24,24,24,0,0.0,{},0.8013127062706272,0.7204071969696969,0.0,False,True,False,True,False,False,0.0,89.77507321048341,77.70899931166048,89.77507321048341,96.54166666666667,1.1604088841428049,0.012260355494626,False,0.5150817512375817,False,0.01666666666666672,False,False,0.6508330072827011,0.01666666666666672,True,True,-1.3193257921493424,0.3067639950460021,12.495146451244212,False,opposite_direction
1134,assignment_isolation,plus_one_randomisation,True,ok,84.03716365855,4.543478411117571,92.02563727947017,76.41137170084211,34.36646236044986,1.0,0.001,1.0,0.001,,,,,False,True,False,True,False,0.007071067811865475,0.007082177504223597,24,24,24,0,0.0,{},0.8044425843253971,0.7124526515151516,0.0,False,True,False,True,False,False,0.0,92.02563727947017,76.41137170084211,92.02563727947017,96.45833333333333,1.1952025674159799,0.023886960535160814,False,0.4880393865018215,False,0.01736111111111116,False,False,0.6418359641592168,0.01736111111111116,True,True,-0.3552062068421873,0.15006676202117009,12.205283742089133,False,opposite_direction
1135,assignment_isolation,plus_one_randomisation,True,ok,88.26484467777375,3.679933774638298,95.27925993639838,82.41341107950086,33.71899135195683,1.0,0.001,1.0,0.001,,,,,False,True,False,True,False,0.007071067811865475,0.007102417322142232,24,24,24,0,0.0,{},0.8101300197498356,0.6815686274509802,0.0,False,True,False,True,False,False,0.0,95.27925993639838,82.41341107950086,95.27925993639838,96.125,1.1740022860185118,0.02134611762483298,False,0.5138423347805792,False,0.023611111111111138,False,False,0.6678044266364371,0.023611111111111138,True,True,0.5445020093380012,0.1253097081656324,11.66414890152304,False,opposite_direction
1136,assignment_isolation,plus_one_randomisation,True,ok,91.95426915862312,3.548965673428975,98.50850423761281,85.99233792955306,34.08604256947179,1.0,0.001,1.0,0.001,,,,,False,True,False,True,False,0.007071067811865475,0.007050043054869966,24,24,24,0,0.0,{},0.7950954861111111,0.701846590909091,0.0,False,True,False,True,False,False,0.0,98.50850423761283,85.99233792955306,98.50850423761283,95.58333333333333,1.1747066885808697,0.010461244968130334,False,0.5205620419504945,False,0.023958333333333304,False,False,0.6825685873171495,0.023958333333333304,True,True,1.3510543337948724,0.1732297994004696,14.390048797176119,False,opposite_direction
1137,assignment_isolation,plus_one_randomisation,True,ok,88.90649411494576,4.149059907947505,95.54746318095752,81.63269425057179,34.83438981135682,1.0,0.001,1.0,0.001,,,,,False,True,False,True,False,0.007071067811865475,0.007034924784857202,24,24,24,0,0.0,{},0.7957681713989944,0.7317375886524823,0.0,False,True,False,True,False,False,0.0,95.54746318095754,81.63269425057179,95.54746318095754,96.20833333333333,1.2018326987543202,0.007138901156123172,False,0.5072538556257572,False,0.015972222222222276,False,False,0.6616861662932012,0.015972222222222276,True,True,0.18752308961666178,0.24389267028592856,12.338434442025465,False,opposite_direction
1138,assignment_isolation,plus_one_randomisation,True,ok,97.93572603414634,3.4381992055760753,104.50980641908177,92.74074368325395,34.506072880751105,1.0,0.001,1.0,0.001,,,,,False,True,False,True,False,0.007071067811865475,0.0070726051758723965,24,24,24,0,0.0,{},0.7973566308243727,0.6751488095238095,0.0,False,True,False,True,False,False,0.0,104.50980641908177,92.74074368325394,104.50980641908177,95.5,1.1924677429321444,0.02059660321454978,False,0.5103123457490276,False,0.02881944444444451,False,False,0.6991399231970106,0.02881944444444451,True,True,1.278101536138526,0.19114029940428306,13.817227002502506,False,opposite_direction
1139,assignment_isolation,plus_one_randomisation,True,ok,89.54333698481325,3.7828212735481324,96.06323957239675,83.58114410587682,34.41120207456735,1.0,0.001,1.0,0.001,,,,,False,True,False,True,False,0.007071067811865475,0.007050653672005378,24,24,24,0,0.0,{},0.8038659793814433,0.695787545787546,0.0,False,True,False,True,False,False,0.0,96.06323957239675,83.58114410587682,96.06323957239675,95.66666666666667,1.186532263914569,0.0030791832196858876,False,0.5229369031208715,False,0.008333333333333304,False,False,0.6692119298164938,0.008333333333333304,True,True,-0.219792531279229,0.18334655622917181,12.12987385806159,False,opposite_direction
1140,assignment_isolation,plus_one_randomisation,True,ok,89.66360339124924,3.6957842887803936,95.95715792813931,83.66886202045355,34.171867902325346,1.0,0.001,1.0,0.001,,,,,False,True,False,True,False,0.007071067811865475,0.007093596358068037,24,24,24,0,0.0,{},0.8056140350877193,0.679119850187266,0.0,False,True,False,True,False,False,0.0,95.95715792813932,83.66886202045355,95.95715792813932,95.20833333333333,1.1826130770596879,0.04123584217174747,False,0.5216172012479847,False,0.03298611111111116,False,False,0.6709425024798747,0.03298611111111116,True,True,-1.0767260159404128,0.1926898126066282,11.842926936457244,False,opposite_direction
1141,assignment_isolation,plus_one_randomisation,True,ok,85.73382363555022,3.5716020527578887,92.46282272753093,80.19186152007465,33.46529569324871,1.0,0.001,1.0,0.001,,,,,False,True,False,True,False,0.007071067811865475,0.0070993712739733155,24,24,24,0,0.0,{},0.8046823497440213,0.7233516483516487,0.0,False,True,False,True,False,False,0.0,92.46282272753093,80.19186152007465,92.46282272753093,95.58333333333333,1.1613834847153048,0.014567080812783973,False,0.5129662341780388,False,0.024652777777777857,False,False,0.6608838191186568,0.024652777777777857,True,True,-0.45169722059812456,0.0891914456984079,12.57644656759148,False,opposite_direction
1142,assignment_isolation,plus_one_randomisation,True,ok,85.1407244674806,3.4529293527336447,91.64392412938675,79.26739161884953,33.690878604160446,1.0,0.001,1.0,0.001,,,,,False,True,False,True,False,0.007071067811865475,0.0070912875708494345,24,24,24,0,0.0,{},0.8158316326530612,0.6659090909090908,0.0,False,True,False,True,False,False,0.0,91.64392412938675,79.26739161884953,91.64392412938675,96.125,1.1711853063879676,0.0077002437642352374,False,0.507953070707102,False,0.02881944444444451,False,False,0.6549742115500026,0.02881944444444451,True,True,-0.018522540414392545,0.16189676162308728,12.901089927942524,False,opposite_direction
1143,assignment_isolation,plus_one_randomisation,True,ok,96.85110165533295,4.153432477739757,104.32256811066479,89.79175155803843,35.30170965927087,1.0,0.001,1.0,0.001,,,,,False,True,False,True,False,0.007071067811865475,0.006977547739118183,24,24,24,0,0.0,{},0.794715382996633,0.6874531835205994,0.0,False,True,False,True,False,False,0.0,104.32256811066479,89.79175155803843,104.32256811066479,97.04166666666667,1.2132426892614363,0.0013646850950939909,False,0.49496117381653326,False,0.05347222222222214,False,False,0.6894724172811711,0.05347222222222214,True,True,0.3715070870677872,0.15051949729981318,15.971214628736659,False,opposite_direction
1144,assignment_isolation,plus_one_randomisation,True,ok,87.02608781599675,3.549501734033302,93.26900884313078,80.93273421026554,33.63424787698203,1.0,0.001,1.0,0.001,,,,,False,True,False,True,False,0.007071067811865475,0.0070659252437548685,24,24,24,0,0.0,{},0.797153048638197,0.7651202749140894,0.0,False,True,False,True,False,False,0.0,93.26900884313078,80.93273421026554,93.26900884313078,96.95833333333333,1.1700740132664993,0.009673657585344468,False,0.512639943931899,False,0.005902777777777701,False,False,0.6637405098507378,0.005902777777777701,True,True,0.8628965194301563,0.2602131614635601,13.379451930627729,False,opposite_direction
1145,assignment_isolation,plus_one_randomisation,True,ok,90.0771710549376,3.866464681147309,96.40768096555642,83.01344453824048,34.70889889718034,1.0,0.001,1.0,0.001,,,,,False,True,False,True,False,0.007071067811865475,0.0070549079692487655,24,24,24,0,0.0,{},0.7951045023272467,0.6732758620689657,0.0,False,True,False,True,False,False,0.0,96.40768096555642,83.01344453824048,96.40768096555642,95.45833333333333,1.196214650895203,0.005518281812262622,False,0.5123596411859007,False,0.013541666666666674,False,False,0.6683964261505042,0.013541666666666674,True,True,-0.7909263178921501,0.10866972236088157,12.680782366927927,False,opposite_direction
1146,assignment_isolation,plus_one_randomisation,True,ok,92.62778081498823,4.650193297839487,101.31091624211254,84.35073547726263,34.47492845780557,1.0,0.001,1.0,0.001,,,,,False,True,False,True,False,0.007071067811865475,0.007070735228505842,24,24,24,0,0.0,{},0.7969500473983568,0.6953703703703703,0.0,False,True,False,True,False,False,0.0,101.31091624211255,84.35073547726263,101.31091624211255,96.04166666666667,1.1944495106514803,0.001072233805779551,False,0.5164105103507548,False,0.04166666666666663,False,False,0.6792052973778469,0.04166666666666663,True,True,0.886983817721434,0.10187660078869266,15.018235578714764,False,opposite_direction
1147,assignment_isolation,plus_one_randomisation,True,ok,89.41360802641059,4.06895962835687,95.75456169271322,81.82167668076622,34.83760687396494,1.0,0.001,1.0,0.001,,,,,False,True,False,True,False,0.007071067811865475,0.007024189754509287,24,24,24,0,0.0,{},0.7851294792833148,0.7066287878787879,0.0,False,True,False,True,False,False,0.0,95.75456169271324,81.82167668076622,95.75456169271324,95.75,1.1972475168674679,0.006952676541509539,False,0.5126148248285617,False,0.027083333333333348,False,False,0.6652940063019237,0.027083333333333348,True,True,-0.12046421133863339,0.13327354381641368,13.00722494180536,False,opposite_direction
1148,assignment_isolation,plus_one_randomisation,True,ok,86.31535706247693,2.8372153471224184,91.64730258403203,81.40410506957492,33.30331866073421,1.0,0.001,1.0,0.001,,,,,False,True,False,True,False,0.007071067811865475,0.00705634653871146,24,24,24,0,0.0,{},0.7907967641843973,0.6732954545454546,0.0,False,True,False,True,False,False,0.0,91.64730258403203,81.40410506957492,91.64730258403203,95.91666666666667,1.1507592035506715,0.04052222879383008,False,0.47696266628686734,False,0.018402777777777768,False,False,0.6669274430499961,0.018402777777777768,True,True,1.2106579421688626,0.16385831355291153,14.605960805637464,False,opposite_direction
1149,assignment_isolation,plus_one_randomisation,True,ok,86.63168209387352,3.5496202344327283,92.66797815582716,81.03446041615183,33.90836621441137,1.0,0.001,1.0,0.001,,,,,False,True,False,True,False,0.007071067811865475,0.007062712321629111,24,24,24,0,0.0,{},0.7971141581632653,0.6446496212121211,0.0,False,True,False,True,False,False,0.0,92.66797815582716,81.03446041615183,92.66797815582716,95.25,1.1686403530476699,0.01957719891617739,False,0.5323162074358828,False,0.012499999999999956,False,False,0.6624810450047106,0.012499999999999956,True,True,-1.0112232290833687,0.12416879972098899,13.012840355932308,False,opposite_direction
1150,assignment_isolation,plus_one_randomisation,True,ok,88.79621665438849,4.723693153003739,96.73018827726764,80.12520475819971,34.92160270010815,1.0,0.001,1.0,0.001,,,,,False,True,False,True,False,0.007071067811865475,0.0070098062745176494,24,24,24,0,0.0,{},0.7871031634938408,0.679675925925926,0.0,False,True,False,True,False,False,0.0,96.73018827726764,80.12520475819971,96.73018827726764,96.04166666666667,1.1994993894937769,0.013783291120563163,False,0.4921959583347809,False,0.03125,False,False,0.6619538002306511,0.03125,True,True,-0.42239714635773756,0.28061867904951104,12.930174079053344,False,opposite_direction
1151,assignment_isolation,plus_one_randomisation,True,ok,87.60995657282439,3.110744517820354,93.22543373344,82.55689506872513,34.21516920385792,1.0,0.001,1.0,0.001,,,,,False,True,False,True,False,0.007071067811865475,0.00703974701529602,24,24,24,0,0.0,{},0.8177188552188552,0.7207894736842105,0.0,False,True,False,True,False,False,0.0,93.22543373344,82.55689506872513,93.22543373344,97.125,1.1868921695990156,0.052545417411059774,False,0.5306579186433821,False,0.022222222222222254,False,False,0.660853598290048,0.022222222222222254,True,True,-0.4556224502122967,0.10354106987708109,12.999309872485911,False,opposite_direction
1152,assignment_isolation,plus_one_randomisation,True,ok,87.11292173805298,3.378154984384954,92.66855881162567,81.16479944760923,34.094692629998335,1.0,0.001,1.0,0.001,,,,,False,True,False,True,False,0.007071067811865475,0.007098749065124875,24,24,24,0,0.0,{},0.7931022448594605,0.6874531835205993,0.0,False,True,False,True,False,False,0.0,92.66855881162569,81.16479944760923,92.66855881162569,93.75,1.1717210890697765,0.04925524057884299,False,0.5081857295701657,False,0.03993055555555558,False,False,0.6635852743416355,0.03993055555555558,True,True,2.1171090776762846,0.1262308671961927,13.456826618020655,False,opposite_direction
1153,assignment_isolation,plus_one_randomisation,True,ok,87.52133663643447,3.191121068656877,92.88054075799938,81.43876680564495,33.88749966759341,1.0,0.001,1.0,0.001,,,,,False,True,False,True,False,0.007071067811865475,0.007072689795508263,24,24,24,0,0.0,{},0.8058776451437872,0.7105311355311357,0.0,False,True,False,True,False,False,0.0,92.88054075799938,81.43876680564495,92.88054075799938,96.58333333333333,1.1777286395631212,0.019140244519557058,False,0.5441885306827533,False,0.021874999999999978,False,False,0.6634196309280622,0.021874999999999978,True,True,0.35879907442690745,0.14493045559997406,13.792204613003468,False,opposite_direction
1154,assignment_isolation,plus_one_randomisation,True,ok,86.81624100862741,3.469705373732885,92.28497431386192,80.6851922490706,34.242057762220256,1.0,0.001,1.0,0.001,,,,,False,True,False,True,False,0.007071067811865475,0.007028503131292628,24,24,24,0,0.0,{},0.797053872053872,0.6851259689922481,0.0,False,True,False,True,False,False,0.0,92.28497431386192,80.6851922490706,92.28497431386192,95.79166666666667,1.1777593679009764,0.038129294903215316,False,0.5139445847808805,False,0.022916666666666696,False,False,0.6603272255972408,0.022916666666666696,True,True,-2.396608097708615,0.20318049462068855,12.380978532392207,False,opposite_direction
1155,assignment_isolation,plus_one_randomisation,True,ok,86.55404222781742,4.451998394762123,95.46612728666811,79.41618801243818,34.05770240777508,1.0,0.001,1.0,0.001,,,,,False,True,False,True,False,0.007071067811865475,0.007093622782274018,24,24,24,0,0.0,{},0.8096438019652304,0.7184313725490196,0.0,False,True,False,True,False,False,0.0,95.46612728666811,79.41618801243818,95.46612728666811,96.25,1.1850967579660934,0.012571183336126952,False,0.5297250921651515,False,0.02951388888888895,False,False,0.6567764648941252,0.02951388888888895,True,True,0.18200973446111438,0.07825874738997599,12.203857822315399,False,opposite_direction
1156,assignment_isolation,plus_one_randomisation,True,ok,92.58473594905642,3.427560907415168,98.12800002498071,85.99612900951333,35.00664211785382,1.0,0.001,1.0,0.001,,,,,False,True,False,True,False,0.007071067811865475,0.007050770349673936,24,24,24,0,0.0,{},0.7897219207813349,0.6541182170542635,0.0,False,True,False,True,False,False,0.0,98.12800002498072,85.99612900951333,98.12800002498072,95.41666666666667,1.2055053687198007,0.060447569289941286,False,0.5131621624712841,False,0.02083333333333326,False,False,0.6756890106526433,0.02083333333333326,True,True,0.37601556412371295,0.11171694470175686,14.70068367879202,False,opposite_direction
1157,assignment_isolation,plus_one_randomisation,True,ok,88.72601458874577,4.015956386970928,95.38812348778133,81.54649555213794,33.927073759332664,1.0,0.001,1.0,0.001,,,,,False,True,False,True,False,0.007071067811865475,0.00706564219807739,24,24,24,0,0.0,{},0.8121420389461627,0.6624531835205992,0.0,False,True,False,True,False,False,0.0,95.38812348778133,81.54649555213794,95.38812348778133,96.125,1.1751308422652402,0.020841311432592824,False,0.5051713402802005,False,0.013194444444444509,False,False,0.6693931690085864,0.013194444444444509,True,True,-0.7545605769396486,0.13781946551367127,15.437796510095971,False,opposite_direction
1158,assignment_isolation,plus_one_randomisation,True,ok,88.3271932321331,3.437810899925785,95.65945407726262,83.2478122192394,33.647711363884774,1.0,0.001,1.0,0.001,,,,,False,True,False,True,False,0.007071067811865475,0.007026420672441851,24,24,24,0,0.0,{},0.7888342927631579,0.6914814814814813,0.0,False,True,False,True,False,False,0.0,95.65945407726262,83.2478122192394,95.65945407726262,97.25,1.165747483783546,0.02369558542788841,False,0.5129285943121691,False,0.020486111111111094,False,False,0.6707000955057985,0.020486111111111094,True,True,0.43610545889263064,0.1765560294755119,14.674531375671174,False,opposite_direction
1159,assignment_isolation,plus_one_randomisation,True,ok,88.9424050100727,3.2325161966068294,94.37863360326413,83.40289734004236,34.28590299255071,1.0,0.001,1.0,0.001,,,,,False,True,False,True,False,0.007071067811865475,0.0071171009939962615,24,24,24,0,0.0,{},0.7893772893772892,0.716025641025641,0.0,False,True,False,True,False,False,0.0,94.37863360326413,83.40289734004236,94.37863360326413,94.75,1.1876222742386466,0.001310807792531437,False,0.5131188769522456,False,0.041319444444444464,False,False,0.666344751955781,0.041319444444444464,True,True,1.6395313891704486,0.1811795337504211,15.217169424240357,False,opposite_direction
1160,assignment_isolation,plus_one_randomisation,True,ok,94.09926932716574,4.422710403399163,100.93712516944035,85.89299368785832,34.44298021763221,1.0,0.001,1.0,0.001,,,,,False,True,False,True,False,0.007071067811865475,0.007055743374079182,24,24,24,0,0.0,{},0.7981783824640967,0.697003745318352,0.0,False,True,False,True,False,False,0.0,100.93712516944034,85.89299368785832,100.93712516944034,96.83333333333333,1.1957102279557588,0.0020238303260810236,False,0.506222522898803,False,0.042013888888888906,False,False,0.6844661600122226,0.042013888888888906,True,True,-0.4530895989597935,0.09830190155763249,14.127624707688065,False,opposite_direction
1161,assignment_isolation,plus_one_randomisation,True,ok,87.13821049795285,3.060030454014839,92.07703657965217,81.85945972879047,33.628100480132005,1.0,0.001,1.0,0.001,,,,,False,True,False,True,False,0.007071067811865475,0.007052084679645365,24,24,24,0,0.0,{},0.8159596635683974,0.7158239700374531,0.0,False,True,False,True,False,False,0.0,92.07703657965219,81.85945972879047,92.07703657965219,97.54166666666667,1.171075635021897,0.0035641114170484618,False,0.5094693700978,False,0.030902777777777724,False,False,0.6639042039367545,0.030902777777777724,True,True,1.1811438394599052,0.1497004746269684,14.05938983639765,False,opposite_direction
1162,assignment_isolation,plus_one_randomisation,True,ok,91.6805195350928,4.25620000559992,98.91434553279545,84.7284740095275,34.554034113761006,1.0,0.001,1.0,0.001,,,,,False,True,False,True,False,0.007071067811865475,0.007105442133708279,24,24,24,0,0.0,{},0.8061396357742183,0.6902930402930401,0.0,False,True,False,True,False,False,0.0,98.91434553279545,84.7284740095275,98.91434553279545,94.83333333333333,1.1954746654065413,0.004540472667100076,False,0.49359461500877566,False,0.031597222222222165,False,False,0.6751553589599726,0.031597222222222165,True,True,-0.6368581652369489,0.1339742716197423,13.506759980821409,False,opposite_direction
1163,assignment_isolation,plus_one_randomisation,True,ok,92.04461383654036,4.063482740648332,98.4148306568179,84.95995307233271,34.789037487461165,1.0,0.001,1.0,0.001,,,,,False,True,False,True,False,0.007071067811865475,0.007086320963404645,24,24,24,0,0.0,{},0.8106273305549463,0.722037037037037,0.0,False,True,False,True,False,False,0.0,98.4148306568179,84.95995307233271,98.4148306568179,97.25,1.2155645936337518,0.021151598219606698,False,0.5060543160306653,False,0.024652777777777746,False,False,0.6704694554600165,0.024652777777777746,True,True,1.4283579316273893,0.20113948915928087,14.278480285721894,False,opposite_direction
1164,assignment_isolation,plus_one_randomisation,True,ok,89.53068224754092,4.193718205478255,96.94916256873093,82.47692539171639,34.43156527735838,1.0,0.001,1.0,0.001,,,,,False,True,False,True,False,0.007071067811865475,0.0071226918892913415,24,24,24,0,0.0,{},0.8169736842105262,0.69981684981685,0.0,False,True,False,True,False,False,0.0,96.94916256873093,82.47692539171639,96.94916256873093,96.08333333333333,1.201973684678619,0.005646386003253134,False,0.5008542005269034,False,0.020486111111111094,False,False,0.6642994519742488,0.020486111111111094,True,True,-0.45646929317444385,0.12264019729833076,12.573036515839604,False,opposite_direction
1165,assignment_isolation,plus_one_randomisation,True,ok,85.70321725357553,3.7003818849547896,90.89657463316024,77.9521924750237,34.13259841281362,1.0,0.001,1.0,0.001,,,,,False,True,False,True,False,0.007071067811865475,0.007063300835867381,24,24,24,0,0.0,{},0.8011267006802723,0.7414855072463769,0.0,False,True,False,True,False,False,0.0,90.89657463316024,77.9521924750237,90.89657463316024,96.25,1.1826260153591877,0.005380807866082514,False,0.5057480206837996,False,0.02604166666666674,False,False,0.6537555144516041,0.02604166666666674,True,True,-0.8324786447511203,0.23352276200745078,13.228374091973434,False,opposite_direction
1166,assignment_isolation,plus_one_randomisation,True,ok,97.7963002329493,3.581730413620041,104.242186530477,91.76176957333095,34.67080740782854,1.0,0.001,1.0,0.001,,,,,False,True,False,True,False,0.007071067811865475,0.007077050080307323,24,24,24,0,0.0,{},0.8114258931128294,0.7101259689922479,0.0,False,True,False,True,False,False,0.0,104.242186530477,91.76176957333094,104.242186530477,96.20833333333333,1.2033516959048611,0.00013035971758807287,False,0.5374659536001444,False,0.018749999999999933,False,False,0.6956108284504963,0.018749999999999933,True,True,0.7746678621108254,0.14045767372330392,16.234381107935928,False,opposite_direction
1167,assignment_isolation,plus_one_randomisation,True,ok,96.20878162240412,2.724798966505831,100.81860630829186,91.49886019246793,34.346535908913694,1.0,0.001,1.0,0.001,,,,,False,True,False,True,False,0.007071067811865475,0.007081674754356098,24,24,24,0,0.0,{},0.8059802658176674,0.6837500000000001,0.0,False,True,False,True,False,False,0.0,100.81860630829186,91.49886019246793,100.81860630829186,95.45833333333333,1.1882172328393994,0.01601023266216827,False,0.48777751617845566,False,0.027430555555555514,False,False,0.6943518202544395,0.027430555555555514,True,True,1.306230562662482,0.14054133733382948,13.708374825018698,False,opposite_direction
1168,assignment_isolation,plus_one_randomisation,True,ok,89.95713044058839,4.278481608981167,97.0837835103377,82.18967757614224,34.038777715465976,1.0,0.001,1.0,0.001,,,,,False,True,False,True,False,0.007071067811865475,0.007106476162129927,24,24,24,0,0.0,{},0.8098001700680273,0.7170833333333334,0.0,False,True,False,True,False,False,0.0,97.0837835103377,82.18967757614224,97.0837835103377,95.95833333333333,1.1847851791899477,0.0052238392402063905,False,0.5741175797859684,False,0.023611111111111138,False,False,0.6714739767999431,0.023611111111111138,True,True,-0.5746945695571922,0.24079723223485985,13.70141189403842,False,opposite_direction
1169,assignment_isolation,plus_one_randomisation,True,ok,87.61462778129176,3.985133515089501,94.36421064873785,80.56847026111744,34.06760005748091,1.0,0.001,1.0,0.001,,,,,False,True,False,True,False,0.007071067811865475,0.007132575625540325,24,24,24,0,0.0,{},0.8138736565036193,0.7650877192982457,0.0,False,True,False,True,False,False,0.0,94.36421064873785,80.56847026111744,94.36421064873785,96.54166666666667,1.1937553353107697,0.012809265934224748,False,0.5104523629385862,False,0.028472222222222232,False,False,0.6586642376394825,0.028472222222222232,True,True,-0.4964989164734838,0.14890156277997735,13.015919551536584,False,opposite_direction
1170,assignment_isolation,plus_one_randomisation,True,ok,98.67764492442456,3.616231532891051,103.90143296401342,90.65214706043378,34.71708546818358,1.0,0.001,1.0,0.001,,,,,False,True,False,True,False,0.007071067811865475,0.007066278262219535,24,24,24,0,0.0,{},0.8012810395622894,0.7197132616487454,0.0,False,True,False,True,False,False,0.0,103.90143296401341,90.65214706043378,103.90143296401341,95.79166666666667,1.2005157530309656,0.022478640450868212,False,0.5123301472813141,False,0.010069444444444464,False,False,0.699413068062807,0.010069444444444464,True,True,1.5103061430746163,0.16954212585200132,14.88409016941794,False,opposite_direction
1171,assignment_isolation,plus_one_randomisation,True,ok,89.88623668800471,3.7247185863408805,95.34434737580905,83.46424944033957,34.38048251322081,1.0,0.001,1.0,0.001,,,,,False,True,False,True,False,0.007071067811865475,0.00700840843901433,24,24,24,0,0.0,{},0.7853956228956229,0.6583333333333332,0.0,False,True,False,True,False,False,0.0,95.34434737580905,83.46424944033957,95.34434737580905,96.125,1.181189430439155,0.032897103211243686,False,0.4967913377601905,False,0.03749999999999998,False,False,0.6723069368549761,0.03749999999999998,True,True,-0.1303710893593908,0.08415632735338682,13.502145959493198,False,opposite_direction
1172,assignment_isolation,plus_one_randomisation,True,ok,87.74797318402365,3.941301406002691,94.23206909548524,81.13270588436508,33.997114274042005,1.0,0.001,1.0,0.001,,,,,False,True,False,True,False,0.007071067811865475,0.0070311531158003555,24,24,24,0,0.0,{},0.7937287414965986,0.6992673992673994,0.0,False,True,False,True,False,False,0.0,94.23206909548524,81.13270588436508,94.23206909548524,96.0,1.1710467455212048,0.02704608958142925,False,0.4953701108075064,False,0.022916666666666585,False,False,0.6665459926847142,0.022916666666666585,True,True,0.3133231746202365,0.1743135083143704,12.692397253506336,False,opposite_direction
1173,assignment_isolation,plus_one_randomisation,True,ok,87.02518722306105,3.51186534349771,93.07535946756018,80.99132831779023,34.35755403248917,1.0,0.001,1.0,0.001,,,,,False,True,False,True,False,0.007071067811865475,0.006994679210969304,24,24,24,0,0.0,{},0.7957896925495358,0.7374556737588651,0.0,False,True,False,True,False,False,0.0,93.07535946756018,80.99132831779023,93.07535946756018,97.625,1.1872455970864721,0.016319843300455824,False,0.5075538468984861,False,0.02881944444444451,False,False,0.6581710417585885,0.02881944444444451,True,True,0.052595853995575106,0.16729273394911245,13.140734790182503,False,opposite_direction
1174,assignment_isolation,plus_one_randomisation,True,ok,94.16067424579524,4.130998425591133,100.66081105452595,86.26573092029287,35.0510066097012,1.0,0.001,1.0,0.001,,,,,False,True,False,True,False,0.007071067811865475,0.007039355165406808,24,24,24,0,0.0,{},0.7999581228956228,0.6504016064257027,0.0,False,True,False,True,False,False,0.0,100.66081105452595,86.26573092029287,100.66081105452595,95.45833333333333,1.2053420299877318,0.013507906142160294,False,0.5139458826862005,False,0.029861111111111116,False,False,0.6818420209833319,0.029861111111111116,True,True,0.937886984397612,0.1332985087316228,14.554534954460603,False,opposite_direction
1175,assignment_isolation,plus_one_randomisation,True,ok,90.11380272521315,3.5416900600765717,95.94078468452311,83.54617000023903,33.17144356658763,1.0,0.001,1.0,0.001,,,,,False,True,False,True,False,0.007071067811865475,0.0070874676280754155,24,24,24,0,0.0,{},0.8236666666666668,0.7352807971014494,0.0,False,True,False,True,False,False,0.0,95.94078468452311,83.54617000023903,95.94078468452311,98.04166666666667,1.1639405725348246,0.019838220656432808,False,0.5186748166484337,False,0.03229166666666672,False,False,0.6786118429754892,0.03229166666666672,True,True,0.6607917307416203,0.14851205423636787,14.756721623769913,False,opposite_direction
1176,assignment_isolation,plus_one_randomisation,True,ok,92.40978931579359,4.613670221566745,101.05243866726853,85.01736648334219,34.489180594728424,1.0,0.001,1.0,0.001,,,,,False,True,False,True,False,0.007071067811865475,0.007027718595167808,24,24,24,0,0.0,{},0.8097710268317853,0.72875,0.0,False,True,False,True,False,False,0.0,101.05243866726853,85.01736648334219,101.05243866726853,97.79166666666667,1.1984451653430686,0.010652370030023787,False,0.5262649987568765,False,0.03229166666666661,False,False,0.677141021524804,0.03229166666666661,True,True,-1.0767256760116177,0.06209429288240892,13.421950419344798,False,opposite_direction
1177,assignment_isolation,plus_one_randomisation,True,ok,93.20153051421092,4.7195069757710275,100.54278139647006,83.41569522339374,34.04178624383301,1.0,0.001,1.0,0.001,,,,,False,True,False,True,False,0.007071067811865475,0.00706108957500833,24,24,24,0,0.0,{},0.8039440099923971,0.7207482993197281,0.0,False,True,False,True,False,False,0.0,100.54278139647006,83.41569522339374,100.54278139647006,96.625,1.1814050393107831,0.058566605091965124,False,0.500892984770339,False,0.013541666666666674,False,False,0.6853326579745849,0.013541666666666674,True,True,-0.8115308071664178,0.1614133826830299,13.124698476630991,False,opposite_direction
1178,assignment_isolation,plus_one_randomisation,True,ok,91.39723702856702,3.991291276924316,98.00055867094792,84.7876775748822,34.676465219539395,1.0,0.001,1.0,0.001,,,,,False,True,False,True,False,0.007071067811865475,0.0070347897308454125,24,24,24,0,0.0,{},0.7872804684583801,0.6537499999999999,0.0,False,True,False,True,False,False,0.0,98.00055867094791,84.7876775748822,98.00055867094791,95.91666666666667,1.1945462929727857,0.012566085242775828,False,0.5316107008909943,False,0.018055555555555602,False,False,0.6743055441218267,0.018055555555555602,True,True,1.5984406518311454,0.1962614426628102,13.695352381144444,False,opposite_direction
1179,assignment_isolation,plus_one_randomisation,True,ok,89.54338820902099,3.5579236431503514,96.08261526237601,83.75343009844006,34.132897046694936,1.0,0.001,1.0,0.001,,,,,False,True,False,True,False,0.007071067811865475,0.007074811910926435,24,24,24,0,0.0,{},0.788443208536806,0.6916666666666668,0.0,False,True,False,True,False,False,0.0,96.08261526237601,83.75343009844006,96.08261526237601,94.20833333333333,1.1719328116774839,0.012809656236314691,False,0.5043712289768336,False,0.019444444444444486,False,False,0.6737984925939176,0.019444444444444486,True,True,0.6093030690690665,0.12760844634823404,14.287932861271274,False,opposite_direction
1180,assignment_isolation,plus_one_randomisation,True,ok,94.29445597112664,4.408091203958636,102.21332398214994,86.6408228641565,34.95870701474337,1.0,0.001,1.0,0.001,,,,,False,True,False,True,False,0.007071067811865475,0.007046052051576074,24,24,24,0,0.0,{},0.7951415770609318,0.7316849816849818,0.0,False,True,False,True,False,False,0.0,102.21332398214993,86.6408228641565,102.21332398214993,96.29166666666667,1.2085526215854818,0.016165462395432224,False,0.5026362248671996,False,0.037847222222222254,False,False,0.6813979406085623,0.037847222222222254,True,True,0.6131226497418784,0.15798795455805792,15.136478867019145,False,opposite_direction
1181,assignment_isolation,plus_one_randomisation,True,ok,90.32633808220878,4.007228254793646,96.94663860338777,83.69341578628719,34.36441604922602,1.0,0.001,1.0,0.001,,,,,False,True,False,True,False,0.007071067811865475,0.007045677747191921,24,24,24,0,0.0,{},0.7988678728070175,0.7069597069597068,0.0,False,True,False,True,False,False,0.0,96.94663860338777,83.69341578628719,96.94663860338777,95.75,1.1845983945841343,0.012711142408146282,False,0.5190829904352952,False,0.01666666666666672,False,False,0.6730459975349516,0.01666666666666672,True,True,-0.8637235968427809,0.0678879461207048,13.186168071386442,False,opposite_direction
1182,assignment_isolation,plus_one_randomisation,True,ok,89.57580632909726,4.102468325271789,96.84030126043535,82.75666062077953,35.2436281649419,1.0,0.001,1.0,0.001,,,,,False,True,False,True,False,0.007071067811865475,0.0070449013386898515,24,24,24,0,0.0,{},0.7984906462585033,0.6791193181818183,0.0,False,True,False,True,False,False,0.0,96.84030126043535,82.75666062077953,96.84030126043535,95.5,1.2131855142576649,0.006778551713333306,False,0.5120523199811079,False,0.023611111111111138,False,False,0.6609603241758084,0.023611111111111138,True,True,-1.304209375675896,0.1576337564968421,10.36642224168281,False,opposite_direction
1183,assignment_isolation,plus_one_randomisation,True,ok,86.42912859407424,3.989046466648986,93.47392171454372,79.51091055933828,33.60185093704095,1.0,0.001,1.0,0.001,,,,,False,True,False,True,False,0.007071067811865475,0.007091425554221021,24,24,24,0,0.0,{},0.8104476072607263,0.6707825203252031,0.0,False,True,False,True,False,False,0.0,93.47392171454372,79.51091055933828,93.47392171454372,95.83333333333333,1.1663396784342812,0.009319990132820583,False,0.5207603920159194,False,0.02256944444444453,False,False,0.6623401695568584,0.02256944444444453,True,True,0.17393816280038638,0.14906546795583603,13.524409939293042,False,opposite_direction
1184,assignment_isolation,plus_one_randomisation,True,ok,88.70559753073705,4.090822964098835,95.75116235469389,81.75108496943027,34.160582569458256,1.0,0.001,1.0,0.001,,,,,False,True,False,True,False,0.007071067811865475,0.007057084329558143,24,24,24,0,0.0,{},0.8023962745736939,0.7287634408602152,0.0,False,True,False,True,False,False,0.0,95.7511623546939,81.75108496943027,95.7511623546939,96.04166666666667,1.1812733982087438,0.022810650635974858,False,0.536888568147541,False,0.015625,False,False,0.667357049588746,0.015625,True,True,0.5346448832243126,0.21976914156726401,12.359205063156665,False,opposite_direction
1185,assignment_isolation,plus_one_randomisation,True,ok,89.32377348306265,4.025931243049197,97.58641056023694,83.1778795231141,33.74235396136837,1.0,0.001,1.0,0.001,,,,,False,True,False,True,False,0.007071067811865475,0.007063004005220577,24,24,24,0,0.0,{},0.807812676853424,0.7268817204301075,0.0,False,True,False,True,False,False,0.0,97.58641056023696,83.1778795231141,97.58641056023696,97.0,1.1736016215876093,0.0014897681306861,False,0.5242256696847638,False,0.023263888888888862,False,False,0.6723688015242599,0.023263888888888862,True,True,-0.37745042937526524,0.16898701885574965,14.149859004039225,False,opposite_direction
1186,assignment_isolation,plus_one_randomisation,True,ok,87.18414150900695,4.10914232442126,94.42629819061193,79.30321109319709,33.288741853808666,1.0,0.001,1.0,0.001,,,,,False,True,False,True,False,0.007071067811865475,0.0070617510730532455,24,24,24,0,0.0,{},0.8116076377341758,0.6900183150183151,0.0,False,True,False,True,False,False,0.0,94.42629819061193,79.30321109319709,94.42629819061193,96.75,1.1561262902039762,0.03115851912179315,False,0.5093909809395988,False,0.014930555555555558,False,False,0.6689356147300862,0.014930555555555558,True,True,1.507837129411407,0.24967402170427128,12.295148185883441,False,opposite_direction
1187,assignment_isolation,plus_one_randomisation,True,ok,90.22122404704386,4.00810784963738,97.5544643505306,83.72135614484047,34.42744272615217,1.0,0.001,1.0,0.001,,,,,False,True,False,True,False,0.007071067811865475,0.007086810067577836,24,24,24,0,0.0,{},0.8099633749321759,0.7248148148148148,0.0,False,True,False,True,False,False,0.0,97.55446435053061,83.72135614484047,97.55446435053061,96.75,1.199916565679226,0.010730564397919909,False,0.5243676588520801,False,0.03194444444444444,False,False,0.6678379394142343,0.03194444444444444,True,True,0.7845499672269959,0.16434321159800042,15.552248175854919,False,opposite_direction
1188,assignment_isolation,plus_one_randomisation,True,ok,99.7527252644211,3.8858220654560416,106.7261232410236,93.30966347009631,35.95502580139925,1.0,0.001,1.0,0.001,,,,,False,True,False,True,False,0.007071067811865475,0.00702066356302552,24,24,24,0,0.0,{},0.7832688172043011,0.6779693486590039,0.0,False,True,False,True,False,False,0.0,106.72612324102359,93.30966347009631,106.72612324102359,95.41666666666667,1.2328773987343107,0.0077722258507179984,False,0.5250793170181818,False,0.03125,False,False,0.6941056205745495,0.03125,True,True,-0.1945069731014366,0.0647645490178756,14.3948622064732,False,opposite_direction
1189,assignment_isolation,plus_one_randomisation,True,ok,84.09116363036706,3.6701209361351466,91.93165633493737,78.46915002152647,33.119721560724116,1.0,0.001,1.0,0.001,,,,,False,True,False,True,False,0.007071067811865475,0.007058492171557125,24,24,24,0,0.0,{},0.8090486068164637,0.7333333333333332,0.0,False,True,False,True,False,False,0.0,91.93165633493737,78.46915002152647,91.93165633493737,97.66666666666667,1.1551590942096686,0.011246416626458908,False,0.5085558433025745,False,0.021180555555555536,False,False,0.6555070809193586,0.021180555555555536,True,True,0.5885181653354394,0.13889135242248593,13.054165819683245,False,opposite_direction
1190,assignment_isolation,plus_one_randomisation,True,ok,95.98073107649002,3.087790098849758,101.30919232931302,90.48224499403169,34.74598926357779,1.0,0.001,1.0,0.001,,,,,False,True,False,True,False,0.007071067811865475,0.007049984562447875,24,24,24,0,0.0,{},0.7840309119564439,0.6704022988505747,0.0,False,True,False,True,False,False,0.0,101.30919232931302,90.48224499403169,101.30919232931302,95.5,1.196918383180393,0.01948213133044914,False,0.495956805835447,False,0.013194444444444509,False,False,0.6910373975080835,0.013194444444444509,True,True,0.5794270444278151,0.18021366258449315,15.014941775148664,False,opposite_direction
1191,assignment_isolation,plus_one_randomisation,True,ok,88.71352700831972,3.4527504208443878,96.47465134806419,83.52526048102634,33.75152906575686,1.0,0.001,1.0,0.001,,,,,False,True,False,True,False,0.007071067811865475,0.00705284561927636,24,24,24,0,0.0,{},0.8003395731597034,0.6416666666666666,0.0,False,True,False,True,False,False,0.0,96.47465134806419,83.52526048102634,96.47465134806419,95.625,1.1638943467601064,0.00924799976737454,False,0.5209453559563627,False,0.02430555555555558,False,False,0.6729042244120103,0.02430555555555558,True,True,-0.12528437625339447,0.1123782557180239,13.576900305076336,False,opposite_direction
1192,assignment_isolation,plus_one_randomisation,True,ok,95.87244085448833,3.4110452452120708,102.52416858718983,90.4739437313762,34.578185054916894,1.0,0.001,1.0,0.001,,,,,False,True,False,True,False,0.007071067811865475,0.0070694349185803085,24,24,24,0,0.0,{},0.7769936971618356,0.6914682539682537,0.0,False,True,False,True,False,False,0.0,102.52416858718983,90.4739437313762,102.52416858718983,94.66666666666667,1.1892014824640604,0.017674451894430277,False,0.5508812606580512,False,0.014583333333333282,False,False,0.6928733637235428,0.014583333333333282,True,True,0.31633034387368764,0.1092006221127391,14.654684031384123,False,opposite_direction
1193,assignment_isolation,plus_one_randomisation,True,ok,89.34058328519585,3.7019041553521914,94.64564294248748,82.48397462194717,34.39760741832544,1.0,0.001,1.0,0.001,,,,,False,True,False,True,False,0.007071067811865475,0.00705955772381019,24,24,24,0,0.0,{},0.7968425597794959,0.7075842696629213,0.0,False,True,False,True,False,False,0.0,94.64564294248748,82.48397462194717,94.64564294248748,95.54166666666667,1.1867852501095024,0.021305995520821956,False,0.49845041239346105,False,0.019791666666666652,False,False,0.6682853319069766,0.019791666666666652,True,True,0.9195036297455921,0.13563746474188476,15.216064892709722,False,opposite_direction
1194,assignment_isolation,plus_one_randomisation,True,ok,97.18414948182783,2.964024276254486,102.43975644724078,92.33145384038653,35.14608628009243,1.0,0.001,1.0,0.001,,,,,False,True,False,True,False,0.007071067811865475,0.0070477918200751105,24,24,24,0,0.0,{},0.7961588541666667,0.7046759259259259,0.0,False,True,False,True,False,False,0.0,102.43975644724078,92.33145384038653,102.43975644724078,95.875,1.212698194347506,0.01749019568517447,False,0.5337503088102642,False,0.013541666666666674,False,False,0.6908172834923834,0.013541666666666674,True,True,0.9767218039111978,0.12077505503923681,14.90124356777716,False,opposite_direction
1195,assignment_isolation,plus_one_randomisation,True,ok,92.0225384112232,3.453895421427329,97.76171292701537,86.02153820396344,34.16084915819997,1.0,0.001,1.0,0.001,,,,,False,True,False,True,False,0.007071067811865475,0.007096819025413276,24,24,24,0,0.0,{},0.8060606060606063,0.7550877192982457,0.0,False,True,False,True,False,False,0.0,97.76171292701537,86.02153820396343,97.76171292701537,96.95833333333333,1.193589427621251,0.026654644410203536,False,0.500854277220962,False,0.03020833333333328,False,False,0.6770902944457005,0.03020833333333328,True,True,0.44503316194328435,0.24855094266033975,13.554390924487137,False,opposite_direction
1196,assignment_isolation,plus_one_randomisation,True,ok,88.85230222684773,4.023258305412212,96.23535053140414,82.66972739184482,34.341517587283825,1.0,0.001,1.0,0.001,,,,,False,True,False,True,False,0.007071067811865475,0.007000802493900353,24,24,24,0,0.0,{},0.7999113475177306,0.6684865900383141,0.0,False,True,False,True,False,False,0.0,96.23535053140414,82.66972739184482,96.23535053140414,96.20833333333333,1.1790810476690936,0.017312817910215106,False,0.49037753099214754,False,0.025694444444444464,False,False,0.6686713848197887,0.025694444444444464,True,True,-0.41783453291607014,0.12726863537924357,13.369569117092592,False,opposite_direction
1197,assignment_isolation,plus_one_randomisation,True,ok,86.49849901510333,4.8014819785712834,95.84175187072603,78.87471806138025,33.35857368799025,1.0,0.001,1.0,0.001,,,,,False,True,False,True,False,0.007071067811865475,0.007094954992830802,24,24,24,0,0.0,{},0.8228960396039604,0.7374542124542126,0.0,False,True,False,True,False,False,0.0,95.84175187072601,78.87471806138025,95.84175187072601,97.41666666666667,1.1680024532709217,0.013935230719609797,False,0.49150991630090224,False,0.028819444444444398,False,False,0.662103244723509,0.028819444444444398,True,True,-0.557087457121673,0.07440994228075522,14.719175907075032,False,opposite_direction
1198,assignment_isolation,plus_one_randomisation,True,ok,82.87339595558554,3.7402840950401015,90.6368449901703,77.7251534273882,33.61246764426413,1.0,0.001,1.0,0.001,,,,,False,True,False,True,False,0.007071067811865475,0.007003450540323009,24,24,24,0,0.0,{},0.7847731227106227,0.6685648148148148,0.0,False,True,False,True,False,False,0.0,90.6368449901703,77.7251534273882,90.6368449901703,95.79166666666667,1.1519836950657687,0.005668369299237338,False,0.5243948191515033,False,0.029166666666666674,False,False,0.6508952504328082,0.029166666666666674,True,True,-0.4958148317631289,0.20543895391840036,13.031477504306784,False,opposite_direction
1199,assignment_isolation,plus_one_randomisation,True,ok,88.20792303113375,4.208083442447919,94.88019656953063,80.93716363817187,33.712915925471044,1.0,0.001,1.0,0.001,,,,,False,True,False,True,False,0.007071067811865475,0.00706258422646034,24,24,24,0,0.0,{},0.8014583333333336,0.7120738636363635,0.0,False,True,False,True,False,False,0.0,94.88019656953061,80.93716363817187,94.88019656953061,96.33333333333333,1.168471854996003,0.0035739702244214355,False,0.5124306747934209,False,0.018402777777777768,False,False,0.6693284155271031,0.018402777777777768,True,True,-1.6787270427293508,0.2643045533011828,11.774387174971046,False,opposite_direction
