replicate,inference_route,calibration,route_valid,route_reason,beta_hat,se,ucb,lcb,beta_min,p_infer_less,p_infer_greater,p_rand_less,p_rand_greater,p_seq_less,p_seq_greater,log_e_seq_less,log_e_seq_greater,infer_neg_pass,infer_pos_pass,magnitude_neg_pass,magnitude_pos_pass,component_disagreement,sigma_tau_design,sigma_tau_eff,N,N_eligible,N_estimable,N_nonestimable,nonestimable_fraction,nonestimable_reasons,median_leverage_fraction,min_leverage_fraction_estimable,estimability_summary_max_smd,estimability_summary_fired,estimability_information_sufficient,estimability_support_passed,estimability_opposite_passed,estimability_adequacy_passed,estimability_conclusion_changing,nonestimable_abs_bound_sum,support_ucb_upper,eligible_lcb_lower,eligible_ucb_upper,nbar_ret,sigma_blind,leak_excursion,leak_fired,delivery_p99_ms,delivery_fired,retention_imbalance,retention_fired,balance_fired,gate_required,gate_audited,gate_passed,gate_applicable,collider_inter_z,collider_smd,collider_rank_z,collider_fired,decision
0,assignment_isolation,plus_one_randomisation,True,ok,34.703537338060094,4.562551449476316,42.17578366903654,26.72711275269918,30.241568689761376,1.0,0.001,1.0,0.001,,,,,False,True,False,False,True,0.007071067811865475,0.007054256446010092,24,24,24,0,0.0,{},0.803076192486281,0.7338315217391304,0.0,False,True,False,False,False,False,0.0,42.17578366903654,26.72711275269918,42.17578366903654,95.91666666666667,1.0446543136956208,0.01106793976896486,False,0.49726507670561737,False,0.028472222222222232,False,False,0.33093089767389944,0.028472222222222232,True,False,0.21305447011823983,0.10654056269409755,4.6061349410506685,False,inconclusive
1,assignment_isolation,plus_one_randomisation,True,ok,45.30301195445569,3.104973053711581,50.603550496018045,40.037639066088445,30.002249891080794,1.0,0.001,1.0,0.001,,,,,False,True,False,True,False,0.007071067811865475,0.007024166176336017,24,24,24,0,0.0,{},0.810374149659864,0.6600980392156862,0.0,False,True,False,True,False,False,0.0,50.603550496018045,40.037639066088445,50.603550496018045,96.91666666666667,1.0373321547260275,0.003137112333126799,False,0.4989673297170602,False,0.030902777777777724,False,False,0.43707466632330505,0.030902777777777724,True,True,0.5934523346507146,0.0820946408415488,6.99154758896181,False,opposite_direction
2,assignment_isolation,plus_one_randomisation,True,ok,35.8882250043701,3.3941252047896353,41.18798735395914,29.928197479069283,30.079836860390504,1.0,0.001,1.0,0.001,,,,,False,True,False,False,True,0.007071067811865475,0.007028394917346657,24,24,24,0,0.0,{},0.774542824074074,0.7371093750000001,0.0,False,True,False,False,False,False,0.0,41.18798735395914,29.928197479069283,41.18798735395914,96.08333333333333,1.0361572437310418,0.030151881674740283,False,0.525818035206004,False,0.023958333333333304,False,False,0.3459065104257114,0.023958333333333304,True,False,-0.557168276035788,0.16170040602913285,4.060553315254992,False,inconclusive
3,assignment_isolation,plus_one_randomisation,True,ok,38.54105401966536,2.4027482743921276,42.5805806910643,34.315947383722644,29.73117048569455,1.0,0.001,1.0,0.001,,,,,False,True,False,True,False,0.007071067811865475,0.007063912049679778,24,24,24,0,0.0,{},0.7992234674768783,0.6992753623188405,0.0,False,True,False,True,False,False,0.0,42.5805806910643,34.315947383722644,42.5805806910643,95.79166666666667,1.0277586951666844,0.018877973359677495,False,0.47247468892288863,False,0.019444444444444486,False,False,0.3756970468665024,0.019444444444444486,True,True,0.29824002629883023,0.2358948805043372,6.246843059710369,False,opposite_direction
4,assignment_isolation,plus_one_randomisation,True,ok,36.551697606473205,3.487744655104547,42.529821218446315,30.79293091295104,30.792967177237454,1.0,0.001,1.0,0.001,,,,,False,True,False,False,True,0.007071067811865475,0.007086283168183046,24,24,24,0,0.0,{},0.795786510942761,0.7037306201550385,0.0,False,True,False,False,False,False,0.0,42.529821218446315,30.79293091295104,42.529821218446315,94.79166666666667,1.0622460524247774,0.006663311649173576,False,0.5173118647554336,False,0.03472222222222221,False,False,0.3435255431541519,0.03472222222222221,True,False,1.271870002359222,0.18160318636460074,5.319981139773282,False,inconclusive
5,assignment_isolation,plus_one_randomisation,True,ok,38.47328284697274,3.935974992249197,44.806462690978776,31.230377120896144,30.86218024651917,1.0,0.001,1.0,0.001,,,,,False,True,False,True,False,0.007071067811865475,0.0070894616246941124,24,24,24,0,0.0,{},0.7940647820017184,0.7232558139534883,0.0,False,True,False,True,False,False,0.0,44.806462690978776,31.23037712089614,44.806462690978776,95.08333333333333,1.0667485541782267,0.0035356457142505827,False,0.495475193860948,False,0.018402777777777768,False,False,0.36087075571207194,0.018402777777777768,True,True,-2.5120890941504586,0.23383538134528908,5.063560718678639,False,opposite_direction
6,assignment_isolation,plus_one_randomisation,True,ok,42.0941542694217,3.5259317906321446,49.19288795499712,36.25527820440303,30.139119885830677,1.0,0.001,1.0,0.001,,,,,False,True,False,True,False,0.007071067811865475,0.007072206056189345,24,24,24,0,0.0,{},0.7978942652329749,0.699808429118774,0.0,False,True,False,True,False,False,0.0,49.192887954997126,36.25527820440303,49.192887954997126,95.04166666666667,1.0389927041969758,0.005724528238581778,False,0.5224852733105494,False,0.038541666666666696,False,False,0.40619712299891797,0.038541666666666696,True,True,0.5886594726071712,0.18919343127394422,5.798884627037975,False,opposite_direction
7,assignment_isolation,plus_one_randomisation,True,ok,40.59322857872644,3.724213671867951,47.14699113141616,34.68962718507291,29.952752771986994,1.0,0.001,1.0,0.001,,,,,False,True,False,True,False,0.007071067811865475,0.007046830128293465,24,24,24,0,0.0,{},0.8156075456498388,0.6916666666666668,0.0,False,True,False,True,False,False,0.0,47.146991131416165,34.68962718507291,47.146991131416165,97.08333333333333,1.0398552488560626,0.010382537752899783,False,0.5314082114820315,False,0.02604166666666663,False,False,0.39136973429504957,0.02604166666666663,True,True,0.2673193715329892,0.19302322099909278,5.407145000459723,False,opposite_direction
8,assignment_isolation,plus_one_randomisation,True,ok,36.14702634127048,4.850745869184001,44.74780464604078,28.222716738147177,29.954086130183175,1.0,0.001,1.0,0.001,,,,,False,True,False,False,True,0.007071067811865475,0.007037480927721278,24,24,24,0,0.0,{},0.7949935105621195,0.7255376344086022,0.0,False,True,False,False,False,False,0.0,44.74780464604078,28.22271673814718,44.74780464604078,96.54166666666667,1.0356206593441515,0.015603887165769437,False,0.5304536328722591,False,0.03368055555555549,False,False,0.34872223774715033,0.03368055555555549,True,False,-0.26406060737926396,0.16944833605456378,5.802870149196552,False,inconclusive
9,assignment_isolation,plus_one_randomisation,True,ok,35.56959291198334,4.427661806536927,44.186080541133315,28.436584264542397,29.715496837471857,1.0,0.001,1.0,0.001,,,,,False,True,False,False,True,0.007071067811865475,0.007120426579960218,24,24,24,0,0.0,{},0.7931785088791137,0.7081521739130436,0.0,False,True,False,False,False,False,0.0,44.186080541133315,28.436584264542393,44.186080541133315,94.08333333333333,1.02616065976259,0.03194062059857029,False,0.5282121123493982,False,0.023611111111111138,False,False,0.3461896058975004,0.023611111111111138,True,False,-1.0825113262531985,0.2233357977998656,5.248066984737157,False,inconclusive
10,assignment_isolation,plus_one_randomisation,True,ok,37.07610702982145,4.3890649327312286,45.236465552311955,29.825650312026234,29.967472219693153,1.0,0.001,1.0,0.001,,,,,False,True,False,False,True,0.007071067811865475,0.0070712283529339864,24,24,24,0,0.0,{},0.8041666666666667,0.6748062015503876,0.0,False,True,False,False,False,False,0.0,45.236465552311955,29.825650312026237,45.236465552311955,97.41666666666667,1.0457589991733742,0.023394363217221003,False,0.5121861755994299,False,0.023263888888888862,False,False,0.35448614800666756,0.023263888888888862,True,False,0.4385914566242089,0.1791542873100234,5.180662888900663,False,inconclusive
11,assignment_isolation,plus_one_randomisation,True,ok,42.423470789314024,4.1667938816709915,49.49044182842344,35.08274353197237,29.625679026195737,1.0,0.001,1.0,0.001,,,,,False,True,False,True,False,0.007071067811865475,0.007034007675815063,24,24,24,0,0.0,{},0.7808696472363704,0.696969696969697,0.0,False,True,False,True,False,False,0.0,49.490441828423435,35.08274353197237,49.490441828423435,95.58333333333333,1.0186670096481227,0.009213267869047217,False,0.5315643836258637,False,0.03680555555555565,False,False,0.41739522925144146,0.03680555555555565,True,True,0.7116814025957606,0.2562786050824374,6.1277894620275735,False,opposite_direction
12,assignment_isolation,plus_one_randomisation,True,ok,37.308605835727114,4.63823628773247,45.16216289674031,28.866981249556368,29.418117013261003,1.0,0.001,1.0,0.001,,,,,False,True,False,False,True,0.007071067811865475,0.007094073788271727,24,24,24,0,0.0,{},0.798936855670103,0.6914705882352941,0.0,False,True,False,False,False,False,0.0,45.16216289674031,28.866981249556364,45.16216289674031,95.25,1.0183875211108242,0.03339827667439942,False,0.5356250759779914,False,0.037847222222222254,False,False,0.36677612089675105,0.037847222222222254,True,False,-0.07451563550419667,0.12964805855856604,6.488579007593131,False,inconclusive
13,assignment_isolation,plus_one_randomisation,True,ok,45.082418163849574,4.457372068411404,52.9046995640988,37.94799555629512,30.97368922318634,1.0,0.001,1.0,0.001,,,,,False,True,False,True,False,0.007071067811865475,0.0070206984417594325,24,24,24,0,0.0,{},0.762087912087912,0.6852059925093632,0.0,False,True,False,True,False,False,0.0,52.9046995640988,37.94799555629512,52.9046995640988,94.08333333333333,1.0546287541782813,0.029145232359400405,False,0.4925066752468627,False,0.04062500000000002,False,False,0.4281490791301559,0.04062500000000002,True,True,0.8471160618322015,0.15006864371493492,7.447381820593765,False,opposite_direction
14,assignment_isolation,plus_one_randomisation,True,ok,38.7305736292682,3.277982654441103,45.07007449932183,33.39845686373045,29.414673305714427,1.0,0.001,1.0,0.001,,,,,False,True,False,True,False,0.007071067811865475,0.007085688487716247,24,24,24,0,0.0,{},0.8051075268817203,0.7537760416666666,0.0,False,True,False,True,False,False,0.0,45.07007449932183,33.39845686373045,45.07007449932183,96.66666666666667,1.0246002569536636,0.017947815181434075,False,0.5250725595953911,False,0.02604166666666663,False,False,0.37877978128979894,0.02604166666666663,True,True,-1.4342853148521861,0.18438245600143707,5.29998114353018,False,opposite_direction
15,assignment_isolation,plus_one_randomisation,True,ok,43.89967584302692,3.712570864754294,49.94442161597064,37.468025906404655,31.268288845412535,1.0,0.001,1.0,0.001,,,,,False,True,False,True,False,0.007071067811865475,0.007042202429562113,24,24,24,0,0.0,{},0.8062285223367699,0.6285984848484849,0.0,False,True,False,True,False,False,0.0,49.94442161597064,37.468025906404655,49.94442161597064,96.75,1.0829492656643702,0.0008160447354140187,False,0.5032932567438129,False,0.018055555555555602,False,False,0.40642375911606127,0.018055555555555602,True,True,-0.17778782402683854,0.13170609368068495,7.149117628499823,False,opposite_direction
16,assignment_isolation,plus_one_randomisation,True,ok,46.43051143355589,4.3927424158312,54.76086155864365,39.268634015182236,30.39136038284853,1.0,0.001,1.0,0.001,,,,,False,True,False,True,False,0.007071067811865475,0.00707677266401531,24,24,24,0,0.0,{},0.7958042442375887,0.7120833333333334,0.0,False,True,False,True,False,False,0.0,54.76086155864365,39.268634015182236,54.76086155864365,94.75,1.0467548903997308,0.03901509819241658,False,0.48357389586005195,False,0.025694444444444464,False,False,0.44360394251306445,0.025694444444444464,True,True,0.12735802555699724,0.2232087423770088,8.260673570662197,False,opposite_direction
17,assignment_isolation,plus_one_randomisation,True,ok,38.135045525755864,3.3415242783656143,43.48283120267211,31.405755318760885,29.559755227143487,1.0,0.001,1.0,0.001,,,,,False,True,False,True,False,0.007071067811865475,0.007059871046310148,24,24,24,0,0.0,{},0.8179544026900194,0.7037254901960784,0.0,False,True,False,True,False,False,0.0,43.48283120267211,31.405755318760885,43.48283120267211,97.125,1.028331459257481,0.010884116666134643,False,0.5057462353401584,False,0.014236111111111116,False,False,0.37141910330022115,0.014236111111111116,True,True,1.29606292919281,0.15281247936959608,6.104007797905836,False,opposite_direction
18,assignment_isolation,plus_one_randomisation,True,ok,35.53244156668484,2.910935401360509,40.74351428269491,30.03530298391906,30.13494301851534,1.0,0.001,1.0,0.001,,,,,False,True,False,False,True,0.007071067811865475,0.006986053042035096,24,24,24,0,0.0,{},0.7788265306122449,0.65374531835206,0.0,False,True,False,False,False,False,0.0,40.74351428269491,30.035302983919063,40.74351428269491,96.25,1.032696313660638,0.012994389235194331,False,0.5123788727929637,False,0.03819444444444442,False,False,0.34350048590810406,0.03819444444444442,True,False,-1.011300952174422,0.09913038704847683,5.890991875554427,False,inconclusive
19,assignment_isolation,plus_one_randomisation,True,ok,36.69000859610594,3.302925917007464,42.22538675553701,31.199950076119585,30.03499748482152,1.0,0.001,1.0,0.001,,,,,False,True,False,True,False,0.007071067811865475,0.0070516687280406274,24,24,24,0,0.0,{},0.7996916443345015,0.7150362318840578,0.0,False,True,False,True,False,False,0.0,42.22538675553701,31.19995007611958,42.22538675553701,96.04166666666667,1.037813582230576,0.05181226852237724,False,0.5134456890239074,False,0.02256944444444442,False,False,0.3534338553680969,0.02256944444444442,True,True,-0.9033129465228055,0.16518830592429704,5.295687474179029,False,opposite_direction
20,assignment_isolation,plus_one_randomisation,True,ok,37.2681229178169,3.456416663354285,42.54172813043263,30.544904388716354,29.287775439162814,1.0,0.001,1.0,0.001,,,,,False,True,False,True,False,0.007071067811865475,0.007071260598638526,24,24,24,0,0.0,{},0.809529255319149,0.7624565972222223,0.0,False,True,False,True,False,False,0.0,42.54172813043263,30.54490438871635,42.54172813043263,97.5,1.0224816928026834,0.0037109227723777635,False,0.516161116441399,False,0.015625,False,False,0.3648461265222751,0.015625,True,True,-0.8891441789744734,0.18123403146483613,5.4875941146591805,False,opposite_direction
21,assignment_isolation,plus_one_randomisation,True,ok,36.05190009364346,3.560031644662695,42.11805836715864,29.968487937502612,29.40615685761719,1.0,0.001,1.0,0.001,,,,,False,True,False,True,False,0.007071067811865475,0.00708590096473726,24,24,24,0,0.0,{},0.8011609786504597,0.7164835164835165,0.0,False,True,False,True,False,False,0.0,42.11805836715864,29.968487937502612,42.11805836715864,95.875,1.0201312238000433,0.0019984097126386664,False,0.49490118554141455,False,0.020486111111111094,False,False,0.35330069060519337,0.020486111111111094,True,True,1.5602708540604016,0.24409374458258198,6.545190495596336,False,opposite_direction
22,assignment_isolation,plus_one_randomisation,True,ok,35.54480652947627,4.353080401684492,42.55806663371376,27.497749638941634,30.283355799887783,1.0,0.001,1.0,0.001,,,,,False,True,False,False,True,0.007071067811865475,0.007072917228587889,24,24,24,0,0.0,{},0.8026137459032197,0.7081439393939393,0.0,False,True,False,False,False,False,0.0,42.55806663371376,27.497749638941638,42.55806663371376,96.58333333333333,1.0525038040044228,0.004740262139364974,False,0.5125660678596751,False,0.007986111111111138,False,False,0.33678293383214286,0.007986111111111138,True,False,1.2794306622003309,0.11200096273728792,6.388643340192541,False,inconclusive
23,assignment_isolation,plus_one_randomisation,True,ok,38.18989537952634,4.050475800049152,44.821536417877816,29.997409936705473,29.89405240056495,1.0,0.001,1.0,0.001,,,,,False,True,False,True,False,0.007071067811865475,0.007096269589116814,24,24,24,0,0.0,{},0.8097005208333334,0.7263565891472868,0.0,False,True,False,True,False,False,0.0,44.821536417877816,29.99740993670547,44.821536417877816,96.08333333333333,1.03970212715069,0.037289183858694445,False,0.5055538725635063,False,0.023958333333333304,False,False,0.36777563610297337,0.023958333333333304,True,True,-0.6553844889526989,0.0811452554374888,5.425617694692194,False,opposite_direction
24,assignment_isolation,plus_one_randomisation,True,ok,40.996965054760565,3.818724546499963,47.218388533474865,34.305814313004646,30.048128202929032,1.0,0.001,1.0,0.001,,,,,False,True,False,True,False,0.007071067811865475,0.007116144333950083,24,24,24,0,0.0,{},0.8036236702127659,0.7196886446886446,0.0,False,True,False,True,False,False,0.0,47.218388533474865,34.305814313004646,47.218388533474865,95.25,1.0434332412620302,0.003044382283518419,False,0.5083372815347221,False,0.029861111111111116,False,False,0.3939267543342198,0.029861111111111116,True,True,0.2719610720794018,0.1587528196951119,6.091519192218917,False,opposite_direction
25,assignment_isolation,plus_one_randomisation,True,ok,37.0402422894504,3.199939414449694,42.815861784571624,31.850345914575023,29.25999252944714,1.0,0.001,1.0,0.001,,,,,False,True,False,True,False,0.007071067811865475,0.007101110719785248,24,24,24,0,0.0,{},0.8162677304964538,0.7454545454545455,0.0,False,True,False,True,False,False,0.0,42.81586178457163,31.85034591457502,42.81586178457163,96.79166666666667,1.0220908101462678,0.04043544926483126,False,0.49728923461868335,False,0.023263888888888973,False,False,0.3626768951871164,0.023263888888888973,True,True,0.23212129162309747,0.12011042936417142,5.262338162846456,False,opposite_direction
26,assignment_isolation,plus_one_randomisation,True,ok,38.08419240770244,4.890513016547959,45.79383328883236,28.89893768557463,29.134629826091622,1.0,0.001,1.0,0.001,,,,,False,True,False,False,True,0.007071067811865475,0.0071355024294166725,24,24,24,0,0.0,{},0.8208079769736845,0.766489361702128,0.0,False,True,False,False,False,False,0.0,45.79383328883236,28.898937685574634,45.79383328883236,96.91666666666667,1.0233007713463291,0.008560891116003092,False,0.5086813282370293,False,0.042013888888888906,False,False,0.3727856028476686,0.042013888888888906,True,False,0.9723809927820639,0.2026774401928406,6.762583047312841,False,inconclusive
27,assignment_isolation,plus_one_randomisation,True,ok,40.021982597591965,3.007776443669537,45.16067100978336,34.90214375191218,29.889673150203876,1.0,0.001,1.0,0.001,,,,,False,True,False,True,False,0.007071067811865475,0.0071028057527731964,24,24,24,0,0.0,{},0.8002623895202019,0.7041193181818183,0.0,False,True,False,True,False,False,0.0,45.16067100978336,34.90214375191218,45.16067100978336,94.375,1.0312158756315644,0.0063202821434035945,False,0.5117802159025486,False,0.02951388888888895,False,False,0.3890714307608568,0.02951388888888895,True,True,-0.24397642124053287,0.07458471265013024,5.400290264243845,False,opposite_direction
28,assignment_isolation,plus_one_randomisation,True,ok,36.424923514389405,5.253743397630088,46.62679411254963,28.318452949235187,29.842590352287385,1.0,0.001,1.0,0.001,,,,,False,True,False,False,True,0.007071067811865475,0.0070233141140263215,24,24,24,0,0.0,{},0.7859848863977579,0.6748062015503875,0.0,False,True,False,False,False,False,0.0,46.626794112549625,28.318452949235184,46.626794112549625,95.79166666666667,1.0256813976687436,0.016156935307694627,False,0.5190340739841247,False,0.022916666666666696,False,False,0.355104208624351,0.022916666666666696,True,False,-1.5901336963872414,0.1998901276788081,4.471670973877573,False,inconclusive
29,assignment_isolation,plus_one_randomisation,True,ok,36.72222115599839,3.3420612889310313,42.04465141492999,31.056998247420196,30.457255718993924,1.0,0.001,1.0,0.001,,,,,False,True,False,True,False,0.007071067811865475,0.007022936558257289,24,24,24,0,0.0,{},0.778610402494331,0.6791193181818181,0.0,False,True,False,True,False,False,0.0,42.04465141492999,31.056998247420196,42.04465141492999,95.625,1.0458399882824392,0.028481442321233407,False,0.4975197589955181,False,0.02256944444444442,False,False,0.3509145124243793,0.02256944444444442,True,True,0.8012511302293343,0.21638783063355035,4.9457500891665305,False,opposite_direction
30,assignment_isolation,plus_one_randomisation,True,ok,39.700989128103956,4.262028798955076,47.140098776120126,32.84115433627369,29.940366950208197,1.0,0.001,1.0,0.001,,,,,False,True,False,True,False,0.007071067811865475,0.007092269079766794,24,24,24,0,0.0,{},0.8246666666666667,0.7325925925925927,0.0,False,True,False,True,False,False,0.0,47.14009877612013,32.84115433627369,47.14009877612013,96.08333333333333,1.0407258887136,0.013989485501592003,False,0.5008866128565928,False,0.028125000000000067,False,False,0.3823250656110457,0.028125000000000067,True,True,1.1385115674786128,0.1165452529563125,6.118615499428174,False,opposite_direction
31,assignment_isolation,plus_one_randomisation,True,ok,39.10724943259383,3.349084613567314,45.7845392035131,34.08569401874218,30.316606736806467,1.0,0.001,1.0,0.001,,,,,False,True,False,True,False,0.007071067811865475,0.0070830071578552485,24,24,24,0,0.0,{},0.7950776424159232,0.7204427083333333,0.0,False,True,False,True,False,False,0.0,45.7845392035131,34.08569401874218,45.7845392035131,95.54166666666667,1.0494570797614693,0.032464619178346026,False,0.5214674427141269,False,0.028472222222222232,False,False,0.37327217601624824,0.028472222222222232,True,True,0.43835550194577044,0.19539708333090863,6.085795091454613,False,opposite_direction
32,assignment_isolation,plus_one_randomisation,True,ok,36.5631056524306,3.893515537831084,42.99913453063296,29.284607291901892,29.581187272032068,1.0,0.001,1.0,0.001,,,,,False,True,False,False,True,0.007071067811865475,0.007049833770098711,24,24,24,0,0.0,{},0.791818576388889,0.7120738636363636,0.0,False,True,False,False,False,False,0.0,42.999134530632965,29.284607291901892,42.999134530632965,95.58333333333333,1.0194256761350693,0.06706221421198598,False,0.5185494720189503,False,0.023958333333333304,False,False,0.3587930040955655,0.023958333333333304,True,False,-1.190775623666393,0.17387382539841398,5.224251975612536,False,inconclusive
33,assignment_isolation,plus_one_randomisation,True,ok,41.52006953991527,3.619445844837146,47.45899228638225,34.99214888908097,30.244181817311755,1.0,0.001,1.0,0.001,,,,,False,True,False,True,False,0.007071067811865475,0.0070541832293608,24,24,24,0,0.0,{},0.7936417167812143,0.7053030303030303,0.0,False,True,False,True,False,False,0.0,47.45899228638225,34.99214888908097,47.45899228638225,95.75,1.0438256677126423,0.0048770166354492215,False,0.49539558467926964,False,0.013194444444444509,False,False,0.39882210148873515,0.013194444444444509,True,True,-1.6852251645144294,0.13376477792213642,5.379479637107168,False,opposite_direction
34,assignment_isolation,plus_one_randomisation,True,ok,42.97268122391072,3.033412838029063,48.19348929001334,37.455246819184325,29.79984795874526,1.0,0.001,1.0,0.001,,,,,False,True,False,True,False,0.007071067811865475,0.0070925486023521705,24,24,24,0,0.0,{},0.786408501572672,0.7164874551971323,0.0,False,True,False,True,False,False,0.0,48.19348929001334,37.455246819184325,48.19348929001334,94.58333333333333,1.0277646614582672,0.010493195113209189,False,0.5126097993435978,False,0.02777777777777779,False,False,0.4190228528840705,0.02777777777777779,True,True,1.0895281923236553,0.236360326857913,8.728320161877651,False,opposite_direction
35,assignment_isolation,plus_one_randomisation,True,ok,42.83528583420239,3.937581091016915,48.65481830623389,35.342686405603594,30.63015073608006,1.0,0.001,1.0,0.001,,,,,False,True,False,True,False,0.007071067811865475,0.007109503331499535,24,24,24,0,0.0,{},0.796982841719684,0.6537037037037038,0.0,False,True,False,True,False,False,0.0,48.65481830623389,35.342686405603594,48.65481830623389,94.29166666666667,1.0572922688607822,0.002349418735183364,False,0.5167470216152327,False,0.02187500000000009,False,False,0.40619463530929534,0.02187500000000009,True,True,1.597753839814902,0.16440262097079344,7.22162546550082,False,opposite_direction
36,assignment_isolation,plus_one_randomisation,True,ok,37.78526300352937,3.4354099737240062,43.8226005320042,31.70164216736589,28.937336836247603,1.0,0.001,1.0,0.001,,,,,False,True,False,True,False,0.007071067811865475,0.007062737158307853,24,24,24,0,0.0,{},0.8119583333333333,0.7291198501872661,0.0,False,True,False,True,False,False,0.0,43.8226005320042,31.70164216736589,43.8226005320042,97.125,1.0070873109405751,0.03261028244928185,False,0.5077179969590426,False,0.012499999999999956,False,False,0.3758947594408632,0.012499999999999956,True,True,-0.3869648208512341,0.1982632989237108,5.175687069349531,False,opposite_direction
37,assignment_isolation,plus_one_randomisation,True,ok,42.24741103244785,3.571755892854443,48.87562648401256,36.54237309179398,29.4847226791295,1.0,0.001,1.0,0.001,,,,,False,True,False,True,False,0.007071067811865475,0.007056853982521689,24,24,24,0,0.0,{},0.7887796818996415,0.7113026819923374,0.0,False,True,False,True,False,False,0.0,48.87562648401255,36.54237309179398,48.87562648401255,95.54166666666667,1.016891435161485,0.020238313488589475,False,0.5065105860006792,False,0.013194444444444398,False,False,0.41640747230283265,0.013194444444444398,True,True,-0.03188576953886317,0.11727206251204053,7.134860881493729,False,opposite_direction
38,assignment_isolation,plus_one_randomisation,True,ok,35.59053469591306,3.711694274664212,41.10923372778951,28.339922789184097,29.655352707293243,1.0,0.001,1.0,0.001,,,,,False,True,False,False,True,0.007071067811865475,0.007014644568753471,24,24,24,0,0.0,{},0.7862453054138322,0.6954119850187265,0.0,False,True,False,False,False,False,0.0,41.10923372778951,28.339922789184097,41.10923372778951,96.375,1.0210828075559641,0.03044157928804692,False,0.513977518840746,False,0.028819444444444398,False,False,0.3482175044139627,0.028819444444444398,True,False,-1.661461593636161,0.09335429258289875,6.319007927727712,False,inconclusive
39,assignment_isolation,plus_one_randomisation,True,ok,36.62105180543386,4.053895478035205,43.647240052949755,30.403463771804407,29.787851455851516,1.0,0.001,1.0,0.001,,,,,False,True,False,True,False,0.007071067811865475,0.007027623487745276,24,24,24,0,0.0,{},0.7802716256957328,0.6935393258426965,0.0,False,True,False,True,False,False,0.0,43.64724005294975,30.403463771804407,43.64724005294975,95.58333333333333,1.0233136221174561,0.018813150313253865,False,0.5390611882543417,False,0.031597222222222276,False,False,0.3579627982301557,0.031597222222222276,True,True,-0.4166177486613318,0.13192423456166846,4.760275397244421,False,opposite_direction
40,assignment_isolation,plus_one_randomisation,True,ok,37.548890631461695,3.664383823001628,44.439841086413956,31.639524765841102,30.495668332336912,1.0,0.001,1.0,0.001,,,,,False,True,False,True,False,0.007071067811865475,0.007078654015196748,24,24,24,0,0.0,{},0.8121127435324178,0.685125968992248,0.0,False,True,False,True,False,False,0.0,44.439841086413956,31.639524765841102,44.439841086413956,95.79166666666667,1.0563861788349929,0.0024364868421764417,False,0.5344721312065912,False,0.029861111111111116,False,False,0.3554360922337376,0.029861111111111116,True,True,0.03782786021425903,0.1619357033160397,5.832963800540071,False,opposite_direction
41,assignment_isolation,plus_one_randomisation,True,ok,39.51155192258664,4.053673035273729,46.92433183015413,32.72755742220805,30.739176909535626,1.0,0.001,1.0,0.001,,,,,False,True,False,True,False,0.007071067811865475,0.007059706445915315,24,24,24,0,0.0,{},0.785641447368421,0.7349250936329587,0.0,False,True,False,True,False,False,0.0,46.92433183015413,32.72755742220805,46.92433183015413,94.91666666666667,1.057109852336122,0.02337555657463854,False,0.512356735168662,False,0.0336805555555556,False,False,0.3744315533336291,0.0336805555555556,True,True,0.519575584506854,0.17684021284987053,6.428426010753069,False,opposite_direction
42,assignment_isolation,plus_one_randomisation,True,ok,36.555273357967685,3.0445042040647543,41.631706613319125,31.419221517561027,29.797810881314152,1.0,0.001,1.0,0.001,,,,,False,True,False,True,False,0.007071067811865475,0.0070381363174118515,24,24,24,0,0.0,{},0.7933808479532164,0.6499999999999999,0.0,False,True,False,True,False,False,0.0,41.631706613319125,31.419221517561027,41.631706613319125,96.0,1.0274191458578126,0.011505159580693288,False,0.5275879513004146,False,0.029166666666666674,False,False,0.35580220170258814,0.029166666666666674,True,True,-0.6730860053540043,0.15473666588370258,6.217078270669938,False,opposite_direction
43,assignment_isolation,plus_one_randomisation,True,ok,44.34091940542436,4.249041652822117,51.379423673767405,36.54922207704772,30.121442832531102,1.0,0.001,1.0,0.001,,,,,False,True,False,True,False,0.007071067811865475,0.007082363755859288,24,24,24,0,0.0,{},0.8052555744520031,0.7083333333333333,0.0,False,True,False,True,False,False,0.0,51.379423673767405,36.54922207704772,51.379423673767405,96.41666666666667,1.047369831853665,0.003409496810250534,False,0.5021120574097725,False,0.021180555555555536,False,False,0.42414510118532434,0.021180555555555536,True,True,1.1727815653908602,0.19764564061258466,8.449160058921546,False,opposite_direction
44,assignment_isolation,plus_one_randomisation,True,ok,36.56541850499729,5.200805759317625,45.54216353097638,28.056073092513518,30.498064482835336,1.0,0.001,1.0,0.001,,,,,False,True,False,False,True,0.007071067811865475,0.007044320126121236,24,24,24,0,0.0,{},0.7896795937476115,0.6581439393939393,0.0,False,True,False,False,False,False,0.0,45.54216353097638,28.056073092513518,45.54216353097638,95.54166666666667,1.0499721342137165,0.0184746690833034,False,0.5071327299504514,False,0.012847222222222232,False,False,0.3478965548626162,0.012847222222222232,True,False,-1.2427881823839724,0.1095044188571349,6.298039152990139,False,inconclusive
45,assignment_isolation,plus_one_randomisation,True,ok,36.72339239300209,3.929101029140557,43.893041352143946,30.331765021733283,29.913673262938907,1.0,0.001,1.0,0.001,,,,,False,True,False,True,False,0.007071067811865475,0.007062045438860721,24,24,24,0,0.0,{},0.7946127946127948,0.7081501831501832,0.0,False,True,False,True,False,False,0.0,43.893041352143946,30.331765021733286,43.893041352143946,95.33333333333333,1.0313181165800087,0.007519129366702879,False,0.5133605170105727,False,0.030555555555555558,False,False,0.35609987981781555,0.030555555555555558,True,True,0.6873779511847494,0.21441807752674133,5.161719299051446,False,opposite_direction
46,assignment_isolation,plus_one_randomisation,True,ok,43.584010170820875,3.3491021863081296,48.79612771031454,37.72072096079819,29.74286713250065,1.0,0.001,1.0,0.001,,,,,False,True,False,True,False,0.007071067811865475,0.007070063343035718,24,24,24,0,0.0,{},0.7935546874999999,0.7067375886524822,0.0,False,True,False,True,False,False,0.0,48.79612771031454,37.72072096079819,48.79612771031454,95.875,1.0295058734045772,0.05137218940724814,False,0.512176567412443,False,0.017708333333333326,False,False,0.424139137301863,0.017708333333333326,True,True,0.649495202954416,0.1238596188843065,8.73597963296887,False,opposite_direction
47,assignment_isolation,plus_one_randomisation,True,ok,43.444519219291514,3.237581384890352,48.28350460657892,37.251340129694114,30.088075613784337,1.0,0.001,1.0,0.001,,,,,False,True,False,True,False,0.007071067811865475,0.006987690722717144,24,24,24,0,0.0,{},0.7973985427504335,0.7239149305555554,0.0,False,True,False,True,False,False,0.0,48.28350460657892,37.251340129694114,48.28350460657892,96.91666666666667,1.0348974700201652,0.0024705400529202704,False,0.4994072487190535,False,0.030902777777777724,False,False,0.42066707091412003,0.030902777777777724,True,True,-0.7660386552167396,0.08775378194140468,6.296145171960766,False,opposite_direction
48,assignment_isolation,plus_one_randomisation,True,ok,39.12383821785003,5.5012032746626955,48.61073937132623,29.595910268201965,29.664519465239813,1.0,0.001,1.0,0.001,,,,,False,True,False,False,True,0.007071067811865475,0.007118001056047212,24,24,24,0,0.0,{},0.8248314950980392,0.7363425925925925,0.0,False,True,False,False,False,False,0.0,48.610739371326225,29.595910268201965,48.610739371326225,98.0,1.045149477766803,0.037006095620973414,False,0.5041073234023767,False,0.03749999999999998,False,False,0.375015103937318,0.03749999999999998,True,False,-1.4245028779182867,0.16893174551687024,5.7900575076196,False,inconclusive
49,assignment_isolation,plus_one_randomisation,True,ok,38.34541995635445,3.2267278607783414,43.62372001942827,32.459323580133976,29.432953308288123,1.0,0.001,1.0,0.001,,,,,False,True,False,True,False,0.007071067811865475,0.007087704194437096,24,24,24,0,0.0,{},0.8053766835016837,0.6537254901960784,0.0,False,True,False,True,False,False,0.0,43.62372001942827,32.459323580133976,43.62372001942827,95.66666666666667,1.0202104102899017,0.03150344842837881,False,0.48688626047019656,False,0.023958333333333304,False,False,0.3765768626275042,0.023958333333333304,True,True,-1.1298649486793595,0.26721354651219803,3.7665965260555145,False,opposite_direction
50,assignment_isolation,plus_one_randomisation,True,ok,37.600851343796556,3.0811125775108117,43.28793564187656,33.07422559277828,29.395146007873993,1.0,0.001,1.0,0.001,,,,,False,True,False,True,False,0.007071067811865475,0.007054253401866689,24,24,24,0,0.0,{},0.797307840662038,0.7137037037037038,0.0,False,True,False,True,False,False,0.0,43.28793564187655,33.07422559277828,43.28793564187655,94.91666666666667,1.0101082572873663,0.002611236799010914,False,0.5234675632347723,False,0.019791666666666652,False,False,0.3728635377787841,0.019791666666666652,True,True,-1.1023842892642495,0.13816705857154682,5.212892641740256,False,opposite_direction
51,assignment_isolation,plus_one_randomisation,True,ok,43.3064516641011,3.1856187332581403,48.762217804110115,38.46498321889716,30.532708274449483,1.0,0.001,1.0,0.001,,,,,False,True,False,True,False,0.007071067811865475,0.007071922554563474,24,24,24,0,0.0,{},0.7824438859013327,0.6919540229885058,0.0,False,True,False,True,False,False,0.0,48.762217804110115,38.46498321889716,48.762217804110115,93.625,1.0446450337587538,0.0012128999395112719,False,0.5296443717960554,False,0.011458333333333348,False,False,0.41552136863813693,0.011458333333333348,True,True,0.3320644953021243,0.07399416901037757,7.8571093231078635,False,opposite_direction
52,assignment_isolation,plus_one_randomisation,True,ok,32.914808198127965,3.4802319460333786,38.6145740870422,26.73131247079732,30.035560387376766,1.0,0.001,1.0,0.001,,,,,False,True,False,False,True,0.007071067811865475,0.0070288972573041165,24,24,24,0,0.0,{},0.782778462508599,0.6536979166666667,0.0,False,True,False,False,False,False,0.0,38.6145740870422,26.73131247079732,38.6145740870422,95.58333333333333,1.0320102830272635,0.006246929834669147,False,0.5119558960018745,False,0.023958333333333304,False,False,0.3167730309434198,0.023958333333333304,True,False,1.5283234360383584,0.20683376469971873,6.336627782126192,False,inconclusive
53,assignment_isolation,plus_one_randomisation,True,ok,38.430662875726895,3.9433451692264,46.85767019340583,32.66260431982247,30.66770910169942,1.0,0.001,1.0,0.001,,,,,False,True,False,True,False,0.007071067811865475,0.007074165968662583,24,24,24,0,0.0,{},0.7810942760942761,0.6825842696629214,0.0,False,True,False,True,False,False,0.0,46.85767019340583,32.66260431982247,46.85767019340583,93.70833333333333,1.0500638100571829,0.004179657388617895,False,0.49560372173579204,False,0.019444444444444486,False,False,0.36639746540477525,0.019444444444444486,True,True,-0.4657150480831675,0.1826296648946894,6.224888638880397,False,opposite_direction
54,assignment_isolation,plus_one_randomisation,True,ok,45.01222983685344,3.7122029087268764,51.11067641200798,38.50767001147859,30.44900445626591,1.0,0.001,1.0,0.001,,,,,False,True,False,True,False,0.007071067811865475,0.007082705587250778,24,24,24,0,0.0,{},0.8079364079301076,0.7041232638888888,0.0,False,True,False,True,False,False,0.0,51.11067641200798,38.50767001147859,51.11067641200798,96.41666666666667,1.0588107646991785,0.011999823149579177,False,0.49842564562508457,False,0.027430555555555625,False,False,0.4258647978039653,0.027430555555555625,True,True,0.4832216067452753,0.1260406634758925,8.228728768201227,False,opposite_direction
55,assignment_isolation,plus_one_randomisation,True,ok,39.840377635583174,4.221961098164839,47.579415626395516,32.983966546715145,29.77674686988222,1.0,0.001,1.0,0.001,,,,,False,True,False,True,False,0.007071067811865475,0.007094312172924253,24,24,24,0,0.0,{},0.7995755803650539,0.6954119850187267,0.0,False,True,False,True,False,False,0.0,47.57941562639551,32.983966546715145,47.57941562639551,95.45833333333333,1.0319638213701545,0.004020128971785508,False,0.5382987614360124,False,0.020486111111111094,False,False,0.3869995021145239,0.020486111111111094,True,True,-0.44967761987276356,0.10963544962114534,5.658205710227954,False,opposite_direction
56,assignment_isolation,plus_one_randomisation,True,ok,46.49284240124746,4.6529712753821535,54.23036224509675,38.19716832770105,30.79103486413343,1.0,0.001,1.0,0.001,,,,,False,True,False,True,False,0.007071067811865475,0.0070381979846880485,24,24,24,0,0.0,{},0.7928676602219836,0.6787306201550388,0.0,False,True,False,True,False,False,0.0,54.23036224509675,38.19716832770105,54.23036224509675,96.125,1.0623654680143042,0.004646863136337309,False,0.5175110886933564,False,0.03576388888888893,False,False,0.43794564309541556,0.03576388888888893,True,True,-0.8157505220848472,0.08279657908659929,4.92421222462545,False,opposite_direction
57,assignment_isolation,plus_one_randomisation,True,ok,41.83891801280053,3.8944537863103106,49.24867350733506,35.67054163664607,30.366649932204556,1.0,0.001,1.0,0.001,,,,,False,True,False,True,False,0.007071067811865475,0.00710486993844276,24,24,24,0,0.0,{},0.8015793010752689,0.7337078651685394,0.0,False,True,False,True,False,False,0.0,49.24867350733506,35.67054163664607,49.24867350733506,95.79166666666667,1.0558127061220866,0.03377388980713169,False,0.5221748784920852,False,0.034375000000000044,False,False,0.3973189682740949,0.034375000000000044,True,True,-0.544131375840405,0.15513576835468623,6.614518149426434,False,opposite_direction
58,assignment_isolation,plus_one_randomisation,True,ok,42.1919728475123,3.279487138148908,47.88892196855207,36.58890398132668,30.46466678412386,1.0,0.001,1.0,0.001,,,,,False,True,False,True,False,0.007071067811865475,0.00708769895492617,24,24,24,0,0.0,{},0.7999131944444444,0.7250000000000001,0.0,False,True,False,True,False,False,0.0,47.88892196855207,36.58890398132668,47.88892196855207,96.125,1.058497595787477,0.012273308855219198,False,0.4875770017870349,False,0.014930555555555558,False,False,0.3996592001632463,0.014930555555555558,True,True,0.8312297930559697,0.14141233200263334,6.237854976573292,False,opposite_direction
59,assignment_isolation,plus_one_randomisation,True,ok,37.90038788884971,3.8448486385193203,44.875225023999974,30.89434873814149,30.644821612280193,1.0,0.001,1.0,0.001,,,,,False,True,False,True,False,0.007071067811865475,0.007027166956126056,24,24,24,0,0.0,{},0.7952961791024462,0.7159259259259259,0.0,False,True,False,True,False,False,0.0,44.875225023999974,30.89434873814149,44.875225023999974,96.33333333333333,1.0568069674329403,0.004698405323465758,False,0.5075092277730117,False,0.023611111111111027,False,False,0.35875899259832966,0.023611111111111027,True,True,0.3762208518239174,0.055424991189129795,5.57610067116395,False,opposite_direction
60,assignment_isolation,plus_one_randomisation,True,ok,43.64031363587359,4.422896284996775,50.818088266260276,34.90204036587333,29.632894072090526,1.0,0.001,1.0,0.001,,,,,False,True,False,True,False,0.007071067811865475,0.007089852911715522,24,24,24,0,0.0,{},0.8038299663299664,0.6998062015503876,0.0,False,True,False,True,False,False,0.0,50.818088266260276,34.90204036587333,50.818088266260276,95.79166666666667,1.028123208669846,2.2386601553815526e-06,False,0.5215083088707132,False,0.022916666666666696,False,False,0.4252274533701007,0.022916666666666696,True,True,0.4065393133990784,0.10716240943222559,6.388303710167324,False,opposite_direction
61,assignment_isolation,plus_one_randomisation,True,ok,45.25893553406727,2.3540266639089573,49.018614843878986,41.069174590038884,30.41929776335361,1.0,0.001,1.0,0.001,,,,,False,True,False,True,False,0.007071067811865475,0.007109053641098144,24,24,24,0,0.0,{},0.8076460481099657,0.7567028985507246,0.0,False,True,False,True,False,False,0.0,49.018614843878986,41.069174590038884,49.018614843878986,95.79166666666667,1.0582660024984554,0.020042888819519603,False,0.5005490078551336,False,0.026388888888888906,False,False,0.42834188121573247,0.026388888888888906,True,True,1.3141562742492472,0.10226460687007168,6.692434489337862,False,opposite_direction
62,assignment_isolation,plus_one_randomisation,True,ok,39.409576509239436,4.365732553363022,46.804775838693025,32.05232635063146,29.6213315931606,1.0,0.001,1.0,0.001,,,,,False,True,False,True,False,0.007071067811865475,0.0070083296719206266,24,24,24,0,0.0,{},0.7857725607725607,0.6649621212121212,0.0,False,True,False,True,False,False,0.0,46.804775838693025,32.05232635063146,46.804775838693025,95.54166666666667,1.0145781650539227,0.02534907581729589,False,0.5307651196865849,False,0.03576388888888893,False,False,0.3894043210285869,0.03576388888888893,True,True,0.9006532213553312,0.13995703074485175,5.978967394872922,False,opposite_direction
63,assignment_isolation,plus_one_randomisation,True,ok,43.204063633401546,4.5324294656876,51.52001830165041,35.997179153005796,30.76240313439746,1.0,0.001,1.0,0.001,,,,,False,True,False,True,False,0.007071067811865475,0.006983090599813276,24,24,24,0,0.0,{},0.7814061426116838,0.6514367816091954,0.0,False,True,False,True,False,False,0.0,51.52001830165042,35.997179153005796,51.52001830165042,95.58333333333333,1.0500960531114623,0.008093125475342005,False,0.514871726007333,False,0.030902777777777724,False,False,0.41243488316569216,0.030902777777777724,True,True,1.6455638115739535,0.20591306060005315,6.993574639812255,False,opposite_direction
64,assignment_isolation,plus_one_randomisation,True,ok,40.964032937272236,4.038744566324347,47.87862361782642,34.241650606871715,30.322596451384786,1.0,0.001,1.0,0.001,,,,,False,True,False,True,False,0.007071067811865475,0.007056355056142321,24,24,24,0,0.0,{},0.7974400453315786,0.7207875457875459,0.0,False,True,False,True,False,False,0.0,47.87862361782643,34.241650606871715,47.87862361782643,95.33333333333333,1.0445739832532808,0.031199996294208984,False,0.49246932055005677,False,0.016319444444444442,False,False,0.3931753604331557,0.016319444444444442,True,True,1.4489903706993088,0.12204654106428214,7.786697129403738,False,opposite_direction
65,assignment_isolation,plus_one_randomisation,True,ok,35.52458404901633,3.230374288554468,40.67713319816107,29.585476024786452,29.726182016515498,1.0,0.001,1.0,0.001,,,,,False,True,False,False,True,0.007071067811865475,0.007063868249220371,24,24,24,0,0.0,{},0.8018042875044755,0.7233695652173913,0.0,False,True,False,False,False,False,0.0,40.67713319816107,29.58547602478645,40.67713319816107,96.125,1.0293662003042139,0.0023491168683733264,False,0.5200009510286631,False,0.02013888888888893,False,False,0.3445929738092021,0.02013888888888893,True,False,-0.35209993563957587,0.10884979033241032,6.6828602253512654,False,inconclusive
66,assignment_isolation,plus_one_randomisation,True,ok,37.9121202451254,3.476697458529352,44.02036241810447,32.28762171540739,30.34649793733806,1.0,0.001,1.0,0.001,,,,,False,True,False,True,False,0.007071067811865475,0.007040924329394831,24,24,24,0,0.0,{},0.7872832098367698,0.6826086956521736,0.0,False,True,False,True,False,False,0.0,44.02036241810447,32.28762171540739,44.02036241810447,94.66666666666667,1.0394576587653528,0.012729458453071848,False,0.4865485535971339,False,0.009722222222222299,False,False,0.36509793143768,0.009722222222222299,True,True,-1.7638527073545447,0.21351134491947163,4.881053503872216,False,opposite_direction
67,assignment_isolation,plus_one_randomisation,True,ok,41.1424093084406,3.768790256900025,47.65454626929052,34.887355426078685,29.945097166410637,1.0,0.001,1.0,0.001,,,,,False,True,False,True,False,0.007071067811865475,0.007084787962265942,24,24,24,0,0.0,{},0.8249190938511327,0.743564814814815,0.0,False,True,False,True,False,False,0.0,47.65454626929053,34.887355426078685,47.65454626929053,98.125,1.0507815115657375,0.00826748597253438,False,0.5142795521962368,False,0.01215277777777779,False,False,0.3925499148318,0.01215277777777779,True,True,-0.6688404527138057,0.2202090885827056,6.251720563151167,False,opposite_direction
68,assignment_isolation,plus_one_randomisation,True,ok,39.734946485417275,3.8767125899967816,46.6949678023197,33.05746768242866,29.976382658593913,1.0,0.001,1.0,0.001,,,,,False,True,False,True,False,0.007071067811865475,0.007124709021950085,24,24,24,0,0.0,{},0.8136363636363637,0.5949186991869919,0.0,False,True,False,True,False,False,0.0,46.6949678023197,33.05746768242866,46.6949678023197,95.08333333333333,1.0412824762620343,0.01667794107244508,False,0.5171482049299357,False,0.04062499999999991,False,False,0.3824498006869192,0.04062499999999991,True,True,0.07526626620178221,0.21675633487943477,6.317191156872337,False,opposite_direction
69,assignment_isolation,plus_one_randomisation,True,ok,43.69952894575397,4.466108374059832,51.98140688514158,36.54127296335123,30.87255488624914,1.0,0.001,1.0,0.001,,,,,False,True,False,True,False,0.007071067811865475,0.007038299266106338,24,24,24,0,0.0,{},0.7885196238017724,0.7126373626373625,0.0,False,True,False,True,False,False,0.0,51.98140688514158,36.54127296335123,51.98140688514158,95.5,1.0617248700551303,0.01661274431892352,False,0.5007744711289794,False,0.019791666666666652,False,False,0.4125933952305985,0.019791666666666652,True,True,-1.4548895118307337,0.22515392262689624,6.720806631138216,False,opposite_direction
70,assignment_isolation,plus_one_randomisation,True,ok,41.63207956042328,3.566210879593596,48.086761662421054,36.11807581974951,30.94474925896829,1.0,0.001,1.0,0.001,,,,,False,True,False,True,False,0.007071067811865475,0.007052096272261962,24,24,24,0,0.0,{},0.7934292763157895,0.6992248062015506,0.0,False,True,False,True,False,False,0.0,48.086761662421054,36.11807581974951,48.086761662421054,96.04166666666667,1.0693134976352072,0.005221970100276249,False,0.513214214166498,False,0.01388888888888895,False,False,0.39031780394117704,0.01388888888888895,True,True,-0.3669382426176459,0.19609445394429117,6.5959362764405265,False,opposite_direction
71,assignment_isolation,plus_one_randomisation,True,ok,42.13729844862377,3.2854549140540614,48.083089446690465,36.60591955281284,30.440096410430733,1.0,0.001,1.0,0.001,,,,,False,True,False,True,False,0.007071067811865475,0.007068268555380425,24,24,24,0,0.0,{},0.8188467940367637,0.6331417624521072,0.0,False,True,False,True,False,False,0.0,48.08308944669047,36.60591955281284,48.08308944669047,96.25,1.0554300106789112,0.021929765031895365,False,0.5178573505336723,False,0.02430555555555547,False,False,0.4003014118182324,0.02430555555555547,True,True,-0.6860601298639463,0.10564386080069613,6.244817803295237,False,opposite_direction
72,assignment_isolation,plus_one_randomisation,True,ok,41.704517566743306,4.110576397818496,48.80823387289602,35.274351943677104,30.28184012907819,1.0,0.001,1.0,0.001,,,,,False,True,False,True,False,0.007071067811865475,0.007069189777977998,24,24,24,0,0.0,{},0.8030344202898549,0.7255376344086022,0.0,False,True,False,True,False,False,0.0,48.80823387289602,35.274351943677104,48.80823387289602,95.54166666666667,1.0462086680798677,0.01396217782609122,False,0.5391101529633391,False,0.019791666666666652,False,False,0.399682059338897,0.019791666666666652,True,True,-0.20545079741085534,0.15031289260429123,6.383182287109578,False,opposite_direction
73,assignment_isolation,plus_one_randomisation,True,ok,32.25406048121783,4.186026102851286,39.45243632104939,24.864132198950024,30.11337371771627,1.0,0.001,1.0,0.001,,,,,False,True,False,False,True,0.007071067811865475,0.007106590768947913,24,24,24,0,0.0,{},0.7956160910087718,0.7419540229885059,0.0,False,True,False,False,False,False,0.0,39.45243632104939,24.864132198950028,39.45243632104939,94.79166666666667,1.0417794955626274,0.020919055221374924,False,0.5338490252792338,False,0.03125,False,False,0.3067431046163748,0.03125,True,False,-0.4095878254466723,0.12571129923831129,4.51231121811198,False,inconclusive
74,assignment_isolation,plus_one_randomisation,True,ok,34.150904149647936,4.3602526819639476,42.63027750647167,27.188102816984227,30.54764845483845,1.0,0.001,1.0,0.001,,,,,False,True,False,False,True,0.007071067811865475,0.007087843485223431,24,24,24,0,0.0,{},0.7885678309785452,0.7148313492063493,0.0,False,True,False,False,False,False,0.0,42.63027750647167,27.188102816984227,42.63027750647167,94.79166666666667,1.0540154741620278,0.0061066243024232615,False,0.5182346552330304,False,0.01215277777777779,False,False,0.32219788990165077,0.01215277777777779,True,False,0.7450880859759547,0.08759426781344014,4.949725750895353,False,inconclusive
75,assignment_isolation,plus_one_randomisation,True,ok,36.4817716294867,3.545692705996251,42.03966371743696,29.32187118529833,29.128040053756077,1.0,0.001,1.0,0.001,,,,,False,True,False,True,False,0.007071067811865475,0.00709984571898449,24,24,24,0,0.0,{},0.7788939003436426,0.6820588235294117,0.0,False,True,False,True,False,False,0.0,42.03966371743696,29.32187118529833,42.03966371743696,94.16666666666667,1.0034108151114502,0.04544087236139684,False,0.4983872419108866,False,0.03472222222222221,False,False,0.3639028837201312,0.03472222222222221,True,True,0.8223321496242701,0.08729131402115145,5.223774818305801,False,opposite_direction
76,assignment_isolation,plus_one_randomisation,True,ok,38.320374123664855,4.568510886679297,46.93211174814287,31.005631968654246,30.42453778667985,1.0,0.001,1.0,0.001,,,,,False,True,False,True,False,0.007071067811865475,0.007059516784070148,24,24,24,0,0.0,{},0.7893171591553287,0.6831417624521072,0.0,False,True,False,True,False,False,0.0,46.93211174814288,31.005631968654246,46.93211174814288,95.54166666666667,1.0497004298515225,0.004260615438708212,False,0.5155514217742779,False,0.021527777777777812,False,False,0.3654402731239281,0.021527777777777812,True,True,-0.7428855550684057,0.11549852998636156,5.590703458310745,False,opposite_direction
77,assignment_isolation,plus_one_randomisation,True,ok,39.572646314622524,2.829452069177846,44.852756973352925,34.93549855063522,29.589654639528746,1.0,0.001,1.0,0.001,,,,,False,True,False,True,False,0.007071067811865475,0.007097569700848138,24,24,24,0,0.0,{},0.8033637152777777,0.7013565891472868,0.0,False,True,False,True,False,False,0.0,44.85275697335292,34.93549855063522,44.85275697335292,95.33333333333333,1.0252787492914475,0.0430990323283613,False,0.5293213345195299,False,0.03749999999999998,False,False,0.38690390683958614,0.03749999999999998,True,True,2.0817275014675514,0.26646361672902963,5.111346172434412,False,opposite_direction
78,assignment_isolation,plus_one_randomisation,True,ok,43.31560676388492,3.5532887178673467,49.51999051048571,37.37553332892856,30.358166741203405,1.0,0.001,1.0,0.001,,,,,False,True,False,True,False,0.007071067811865475,0.007022129871012702,24,24,24,0,0.0,{},0.7752652138157896,0.67875,0.0,False,True,False,True,False,False,0.0,49.51999051048571,37.37553332892856,49.51999051048571,94.79166666666667,1.037766108248263,0.027441412485519054,False,0.529810340290822,False,0.03298611111111116,False,False,0.41831107668363554,0.03298611111111116,True,True,-0.664187183092088,0.09593984532234949,5.820120136692152,False,opposite_direction
79,assignment_isolation,plus_one_randomisation,True,ok,35.368401627001695,4.096559923981633,44.41959184473423,29.409665021647324,29.29303380487206,1.0,0.001,1.0,0.001,,,,,False,True,False,True,False,0.007071067811865475,0.007082165388159188,24,24,24,0,0.0,{},0.79284797705314,0.6533730158730159,0.0,False,True,False,True,False,False,0.0,44.419591844734235,29.409665021647324,44.419591844734235,95.625,1.0143460578892558,0.0026593668702691725,False,0.5219224739646304,False,0.04513888888888884,False,False,0.34834883422828933,0.04513888888888884,True,True,-0.29825932264039823,0.18654135610462835,6.629157826615738,False,opposite_direction
80,assignment_isolation,plus_one_randomisation,True,ok,44.0127706889088,3.8832487109033185,50.308290045211436,37.46635179382977,30.168197654774247,1.0,0.001,1.0,0.001,,,,,False,True,False,True,False,0.007071067811865475,0.007057531825542668,24,24,24,0,0.0,{},0.7903904923599322,0.7454343971631207,0.0,False,True,False,True,False,False,0.0,50.308290045211436,37.46635179382977,50.308290045211436,96.08333333333333,1.0435091103162182,0.014553393975919138,False,0.5238081190122462,False,0.029861111111111116,False,False,0.4226047286474172,0.029861111111111116,True,True,1.1645905423115672,0.23257632783385282,6.652127510172724,False,opposite_direction
81,assignment_isolation,plus_one_randomisation,True,ok,38.51759023938016,4.861131057761441,46.71909720930799,29.89128242204356,29.73755572620524,1.0,0.001,1.0,0.001,,,,,False,True,False,True,False,0.007071067811865475,0.007083155840589553,24,24,24,0,0.0,{},0.799589027530204,0.7482558139534885,0.0,False,True,False,True,False,False,0.0,46.71909720930799,29.89128242204356,46.71909720930799,96.16666666666667,1.032795534906787,0.012955909635642832,False,0.5385415625145873,False,0.01805555555555549,False,False,0.37358329867240236,0.01805555555555549,True,True,0.3759398714946388,0.07582754029377668,4.9935688237323275,False,opposite_direction
82,assignment_isolation,plus_one_randomisation,True,ok,39.07106226566491,4.3494909751126265,45.86593377980846,30.545494458198817,30.90950582114745,1.0,0.001,1.0,0.001,,,,,False,True,False,False,True,0.007071067811865475,0.0070555315725987075,24,24,24,0,0.0,{},0.7864148128052088,0.6585755813953488,0.0,False,True,False,False,False,False,0.0,45.86593377980845,30.545494458198817,45.86593377980845,95.58333333333333,1.0660630516386165,0.02797637604268775,False,0.5085598703763337,False,0.017013888888888884,False,False,0.36693016105597454,0.017013888888888884,True,False,-1.6863504639934261,0.15202184362387716,4.760777243231673,False,inconclusive
83,assignment_isolation,plus_one_randomisation,True,ok,40.96138903007368,3.1098587279697107,46.159185769941786,35.88890874790746,29.94492576847528,1.0,0.001,1.0,0.001,,,,,False,True,False,True,False,0.007071067811865475,0.007028589180324084,24,24,24,0,0.0,{},0.7741505930606363,0.7124531835205994,0.0,False,True,False,True,False,False,0.0,46.159185769941786,35.88890874790746,46.159185769941786,95.125,1.026381320828937,0.006282674885292149,False,0.521091056430324,False,0.02881944444444451,False,False,0.4001435762262888,0.02881944444444451,True,True,1.0255839798818043,0.16098910886481943,5.766014815185978,False,opposite_direction
84,assignment_isolation,plus_one_randomisation,True,ok,44.37175737453225,3.900863220365279,50.58024217715693,37.219966195030686,30.22041674524316,1.0,0.001,1.0,0.001,,,,,False,True,False,True,False,0.007071067811865475,0.0070473810857394304,24,24,24,0,0.0,{},0.7832551535344088,0.6742831541218639,0.0,False,True,False,True,False,False,0.0,50.580242177156926,37.219966195030686,50.580242177156926,96.25,1.0447168009148897,0.0044779440239561315,False,0.5117996905982959,False,0.01388888888888884,False,False,0.4254800104203651,0.01388888888888884,True,True,-0.031908448457510306,0.19212888460702976,6.550762719758839,False,opposite_direction
85,assignment_isolation,plus_one_randomisation,True,ok,40.23221577688,3.287598191564516,45.93591972073697,35.22993352744048,29.846328347729614,1.0,0.001,1.0,0.001,,,,,False,True,False,True,False,0.007071067811865475,0.007048214686536854,24,24,24,0,0.0,{},0.7998262191810579,0.7019230769230769,0.0,False,True,False,True,False,False,0.0,45.93591972073697,35.22993352744048,45.93591972073697,96.125,1.03123636011081,0.026044614074912927,False,0.5198290769288,False,0.03402777777777777,False,False,0.39112881209566397,0.03402777777777777,True,True,-1.0444917072294584,0.10865516543024771,5.20064971858974,False,opposite_direction
86,assignment_isolation,plus_one_randomisation,True,ok,44.242645917961376,3.0887244171704924,49.14701565882669,38.931932252164515,29.714611550587904,1.0,0.001,1.0,0.001,,,,,False,True,False,True,False,0.007071067811865475,0.007062485785501281,24,24,24,0,0.0,{},0.8131872852233677,0.7331597222222223,0.0,False,True,False,True,False,False,0.0,49.14701565882669,38.931932252164515,49.14701565882669,97.25,1.0347667217875232,0.024626236919587194,False,0.5187042156038051,False,0.020486111111111094,False,False,0.428236016715234,0.020486111111111094,True,True,-0.3239305395802623,0.20332118160004053,7.549574198228797,False,opposite_direction
87,assignment_isolation,plus_one_randomisation,True,ok,40.361192426770366,3.843666094125851,46.604914458622105,33.25719795638071,30.057559516652326,1.0,0.001,1.0,0.001,,,,,False,True,False,True,False,0.007071067811865475,0.007061871181133092,24,24,24,0,0.0,{},0.8081187758608598,0.6909090909090909,0.0,False,True,False,True,False,False,0.0,46.60491445862211,33.25719795638071,46.60491445862211,95.79166666666667,1.0387412440444672,0.013400615660080172,False,0.49970820583206477,False,0.017013888888888884,False,False,0.38953159118527714,0.017013888888888884,True,True,1.087790306838638,0.16796580711304507,6.109986639385086,False,opposite_direction
88,assignment_isolation,plus_one_randomisation,True,ok,35.98124461265013,5.294263729287916,44.432856607903645,26.252785932384892,28.783581931450573,1.0,0.001,1.0,0.001,,,,,False,True,False,False,True,0.007071067811865475,0.007052845979218586,24,24,24,0,0.0,{},0.8024050461204557,0.7329787234042556,0.0,False,True,False,False,False,False,0.0,44.43285660790364,26.252785932384892,44.43285660790364,97.04166666666667,0.9999041379465751,0.0033158767122117927,False,0.5081524234515445,False,0.027430555555555514,False,False,0.36002532308287405,0.027430555555555514,True,False,0.7252963520453615,0.2142719034555616,5.93324036238106,False,inconclusive
89,assignment_isolation,plus_one_randomisation,True,ok,38.709401984697756,3.2919756535660274,44.29461297353543,33.07685750335885,29.379820026540877,1.0,0.001,1.0,0.001,,,,,False,True,False,True,False,0.007071067811865475,0.007064720987872413,24,24,24,0,0.0,{},0.7989366319444444,0.7159003831417624,0.0,False,True,False,True,False,False,0.0,44.29461297353543,33.07685750335885,44.29461297353543,94.91666666666667,1.0110796956779942,0.008164879027736143,False,0.5302446424984893,False,0.026736111111111183,False,False,0.38373084767384047,0.026736111111111183,True,True,1.7129166729401137,0.23950972716316393,6.27418210824196,False,opposite_direction
90,assignment_isolation,plus_one_randomisation,True,ok,41.754474763909,3.5048659640615494,48.314828944852316,36.14637816512138,29.652697301596195,1.0,0.001,1.0,0.001,,,,,False,True,False,True,False,0.007071067811865475,0.007050746981579133,24,24,24,0,0.0,{},0.7962796985815603,0.7163120567375889,0.0,False,True,False,True,False,False,0.0,48.314828944852316,36.14637816512138,48.314828944852316,96.5,1.0269114480946193,0.017422641944357414,False,0.5067564387339429,False,0.031597222222222276,False,False,0.4076485234249166,0.031597222222222276,True,True,0.02134742914254047,0.06077684583424474,6.7815225421062495,False,opposite_direction
91,assignment_isolation,plus_one_randomisation,True,ok,39.46387316720089,3.3480935901727387,45.18783822129582,33.47258468326871,30.058361351867738,1.0,0.001,1.0,0.001,,,,,False,True,False,True,False,0.007071067811865475,0.007068244489768187,24,24,24,0,0.0,{},0.8094619666048238,0.7291237113402063,0.0,False,True,False,True,False,False,0.0,45.18783822129583,33.47258468326871,45.18783822129583,96.70833333333333,1.0446692661729244,0.004196813676262717,False,0.5444245665049837,False,0.014236111111111116,False,False,0.37853149516849494,0.014236111111111116,True,True,0.16148472133345784,0.19359103338019817,5.348062804068065,False,opposite_direction
92,assignment_isolation,plus_one_randomisation,True,ok,35.63797947125428,4.476159948662252,44.18650395822493,28.39074845232296,29.74830312830304,1.0,0.001,1.0,0.001,,,,,False,True,False,False,True,0.007071067811865475,0.0070516664045593615,24,24,24,0,0.0,{},0.8041243643922216,0.695787037037037,0.0,False,True,False,False,False,False,0.0,44.18650395822493,28.390748452322963,44.18650395822493,96.75,1.031690539647237,0.010921981681013222,False,0.5087061395333464,False,0.023611111111111138,False,False,0.3449316868730377,0.023611111111111138,True,False,0.26749643310493376,0.15502433782958286,6.552113602164229,False,inconclusive
93,assignment_isolation,plus_one_randomisation,True,ok,39.3263635777077,3.78269340857389,46.29994974371649,33.15593065130004,29.707925133491987,1.0,0.001,1.0,0.001,,,,,False,True,False,True,False,0.007071067811865475,0.007111535769314479,24,24,24,0,0.0,{},0.7970168439716312,0.7314257028112449,0.0,False,True,False,True,False,False,0.0,46.29994974371649,33.15593065130004,46.29994974371649,95.20833333333333,1.030725938317144,0.007556405198774127,False,0.5259331892182764,False,0.02951388888888884,False,False,0.3823928675397871,0.02951388888888884,True,True,-0.4308207264664921,0.2316468354797383,5.10553574224692,False,opposite_direction
94,assignment_isolation,plus_one_randomisation,True,ok,38.53297917562342,3.6418119598649206,44.57687338123278,32.42278914420655,29.982056069673316,1.0,0.001,1.0,0.001,,,,,False,True,False,True,False,0.007071067811865475,0.007033792679905919,24,24,24,0,0.0,{},0.8019752692743762,0.6429411764705883,0.0,False,True,False,True,False,False,0.0,44.57687338123278,32.42278914420655,44.57687338123278,95.08333333333333,1.0281895341862017,0.00016101707735640647,False,0.5204844874093097,False,0.023263888888888862,False,False,0.3754549659277592,0.023263888888888862,True,True,-0.3191820804270552,0.1555409558695362,3.8487120332259273,False,opposite_direction
95,assignment_isolation,plus_one_randomisation,True,ok,39.04492867254795,4.60180098820792,46.94128436344911,31.58122939804665,30.1296901011147,1.0,0.001,1.0,0.001,,,,,False,True,False,True,False,0.007071067811865475,0.006994581393533383,24,24,24,0,0.0,{},0.7807152777777778,0.7037500000000002,0.0,False,True,False,True,False,False,0.0,46.94128436344911,31.58122939804665,46.94128436344911,95.95833333333333,1.0322092473310551,0.006260024339574602,False,0.5114310737604025,False,0.03229166666666661,False,False,0.37904497048830693,0.03229166666666661,True,True,-0.17949002749491658,0.16554487482488028,5.0785000338437545,False,opposite_direction
96,assignment_isolation,plus_one_randomisation,True,ok,37.35614351780132,4.26981357209595,44.252771917071364,29.81328536288925,29.897425687697343,1.0,0.001,1.0,0.001,,,,,False,True,False,False,True,0.007071067811865475,0.007047195053362464,24,24,24,0,0.0,{},0.7738917185436708,0.7075490196078431,0.0,False,True,False,False,False,False,0.0,44.252771917071364,29.81328536288925,44.252771917071364,94.75,1.025438693423878,0.017888961160356046,False,0.5148836231372037,False,0.010069444444444464,False,False,0.36464632127308,0.010069444444444464,True,False,0.4511926686371438,0.21687118834174932,5.667123810734166,False,inconclusive
97,assignment_isolation,plus_one_randomisation,True,ok,38.37011108799427,3.9542437725682014,45.396628863507296,32.07854251229767,30.397506849718404,1.0,0.001,1.0,0.001,,,,,False,True,False,True,False,0.007071067811865475,0.0070739593710084595,24,24,24,0,0.0,{},0.7991371983889443,0.7164893617021277,0.0,False,True,False,True,False,False,0.0,45.396628863507296,32.07854251229767,45.396628863507296,95.75,1.0520585780857108,0.03393894360316778,False,0.4920702864973813,False,0.014930555555555558,False,False,0.3650821431182088,0.014930555555555558,True,True,0.4669231112978607,0.07471654974405004,6.542859371902025,False,opposite_direction
98,assignment_isolation,plus_one_randomisation,True,ok,40.21191036153697,3.7393641003317106,45.869334297014035,33.61388996152766,29.307665448499044,1.0,0.001,1.0,0.001,,,,,False,True,False,True,False,0.007071067811865475,0.0071181556665168375,24,24,24,0,0.0,{},0.8124670978942652,0.7244565217391303,0.0,False,True,False,True,False,False,0.0,45.869334297014035,33.61388996152766,45.869334297014035,95.95833333333333,1.0217862617418934,0.02880033309112781,False,0.4967914179147679,False,0.0336805555555556,False,False,0.39457304652623987,0.0336805555555556,True,True,-0.37534290917732527,0.12325686572054699,5.637400586449631,False,opposite_direction
99,assignment_isolation,plus_one_randomisation,True,ok,38.64290746252305,3.648020582581559,44.77734845270281,31.978867584508183,30.111239326828677,1.0,0.001,1.0,0.001,,,,,False,True,False,True,False,0.007071067811865475,0.0070609996782404595,24,24,24,0,0.0,{},0.8059650405105863,0.6816666666666668,0.0,False,True,False,True,False,False,0.0,44.7773484527028,31.978867584508183,44.7773484527028,95.5,1.0388826959073363,0.029103653581362587,False,0.5020544685614658,False,0.01666666666666672,False,False,0.37257546363722877,0.01666666666666672,True,True,0.33741014041530265,0.14786937594731683,4.330022642981051,False,opposite_direction
100,assignment_isolation,plus_one_randomisation,True,ok,36.978770631103345,4.524757834033618,45.165059658799976,29.648338976699158,30.899491971864617,1.0,0.001,1.0,0.001,,,,,False,True,False,False,True,0.007071067811865475,0.007056369138692497,24,24,24,0,0.0,{},0.7956247895622897,0.7207865168539325,0.0,False,True,False,False,False,False,0.0,45.165059658799976,29.648338976699154,45.165059658799976,96.54166666666667,1.0711740212986987,0.004956002692967651,False,0.506121448722953,False,0.021874999999999978,False,False,0.34470459412691046,0.021874999999999978,True,False,-1.9335652554986467,0.1732854450632227,5.644073828612525,False,inconclusive
101,assignment_isolation,plus_one_randomisation,True,ok,39.95411529412624,3.9009669068429598,46.471916975428776,33.341028009810145,30.759165147352068,1.0,0.001,1.0,0.001,,,,,False,True,False,True,False,0.007071067811865475,0.007069938751384333,24,24,24,0,0.0,{},0.7893188822255539,0.7087912087912087,0.0,False,True,False,True,False,False,0.0,46.471916975428776,33.341028009810145,46.471916975428776,95.16666666666667,1.0607245695532066,0.011435501469486894,False,0.5009889619903671,False,0.025694444444444353,False,False,0.37740801095252446,0.025694444444444353,True,True,0.23528547725843565,0.0815469009738137,6.499226165311623,False,opposite_direction
102,assignment_isolation,plus_one_randomisation,True,ok,43.029630050356275,4.069587162099154,50.517662604586846,35.885365188476285,30.700724544939547,1.0,0.001,1.0,0.001,,,,,False,True,False,True,False,0.007071067811865475,0.007044051375574995,24,24,24,0,0.0,{},0.785363724968988,0.704498106060606,0.0,False,True,False,True,False,False,0.0,50.51766260458684,35.885365188476285,50.51766260458684,95.875,1.0587509979514744,0.012612039803652192,False,0.5029455318919674,False,0.017013888888888884,False,False,0.4074658651049225,0.017013888888888884,True,True,-1.259531745695575,0.17495269637502947,6.772683072657573,False,opposite_direction
103,assignment_isolation,plus_one_randomisation,True,ok,38.59530706384658,4.030377677301826,45.14123849104003,31.63630640413138,31.281387655026613,1.0,0.001,1.0,0.001,,,,,False,True,False,True,False,0.007071067811865475,0.007032532964219503,24,24,24,0,0.0,{},0.7828783804847635,0.6670833333333334,0.0,False,True,False,True,False,False,0.0,45.14123849104002,31.63630640413138,45.14123849104002,95.08333333333333,1.072556033714789,0.008981270941461828,False,0.5130309773080244,False,0.014583333333333282,False,False,0.36002247146591904,0.014583333333333282,True,True,-0.25697707876269776,0.15581110133494272,5.775750849503508,False,opposite_direction
104,assignment_isolation,plus_one_randomisation,True,ok,39.551118493365315,3.1303233042600365,44.76927395745994,34.129698972018865,29.501065451642912,1.0,0.001,1.0,0.001,,,,,False,True,False,True,False,0.007071067811865475,0.007048173160250918,24,24,24,0,0.0,{},0.8124954878300331,0.6491769547325102,0.0,False,True,False,True,False,False,0.0,44.76927395745994,34.129698972018865,44.76927395745994,96.58333333333333,1.0217281659564723,0.024238342654770366,False,0.541208378108731,False,0.014583333333333282,False,False,0.3880521969854976,0.014583333333333282,True,True,0.11620384720315892,0.0906146381857871,6.0493492696454805,False,opposite_direction
105,assignment_isolation,plus_one_randomisation,True,ok,39.46337953459454,2.7590528319217484,44.35869446656825,35.415459823230286,29.941696017056277,1.0,0.001,1.0,0.001,,,,,False,True,False,True,False,0.007071067811865475,0.007053808645676043,24,24,24,0,0.0,{},0.801908808479532,0.6914772727272727,0.0,False,True,False,True,False,False,0.0,44.35869446656826,35.415459823230286,44.35869446656826,96.66666666666667,1.0382655562667642,0.013908758004752613,False,0.52504781675138,False,0.02777777777777779,False,False,0.3809108034172101,0.02777777777777779,True,True,0.8696677738116819,0.15200442955623628,5.281777014991492,False,opposite_direction
106,assignment_isolation,plus_one_randomisation,True,ok,45.31737619611706,3.6055700635375563,51.177570976581556,39.321975959650594,30.37384780560027,1.0,0.001,1.0,0.001,,,,,False,True,False,True,False,0.007071067811865475,0.007108961954639458,24,24,24,0,0.0,{},0.8153730285309233,0.6791208791208792,0.0,False,True,False,True,False,False,0.0,51.177570976581556,39.321975959650594,51.177570976581556,95.95833333333333,1.0575900468777946,0.027417490817025904,False,0.5251971069509237,False,0.030555555555555558,False,False,0.42914250017640576,0.030555555555555558,True,True,0.18534518268247618,0.17692951910725685,6.764685139759663,False,opposite_direction
107,assignment_isolation,plus_one_randomisation,True,ok,47.96183282489087,3.7477575373261334,54.6283461888075,41.87650270959109,29.884617144912195,1.0,0.001,1.0,0.001,,,,,False,True,False,True,False,0.007071067811865475,0.007125448772456816,24,24,24,0,0.0,{},0.8248226950354612,0.6884920634920635,0.0,False,True,False,True,False,False,0.0,54.628346188807505,41.87650270959109,54.628346188807505,96.04166666666667,1.0434214654855127,0.023446115381609088,False,0.5352583779742736,False,0.02430555555555558,False,False,0.458731436374255,0.02430555555555558,True,True,-0.4415470957941704,0.09932268547355552,5.674935046806777,False,opposite_direction
108,assignment_isolation,plus_one_randomisation,True,ok,40.21846250165416,3.348487563377712,45.66570485424014,34.50935896017615,29.53096222069395,1.0,0.001,1.0,0.001,,,,,False,True,False,True,False,0.007071067811865475,0.007086645773872687,24,24,24,0,0.0,{},0.8041232591788752,0.7269474637681158,0.0,False,True,False,True,False,False,0.0,45.66570485424014,34.50935896017615,45.66570485424014,96.875,1.0298979298430193,0.0018997862651187925,False,0.4859422606997587,False,0.02430555555555547,False,False,0.3915066803304905,0.02430555555555547,True,True,0.22515117742285365,0.22331748519523975,5.500405262953273,False,opposite_direction
109,assignment_isolation,plus_one_randomisation,True,ok,43.40685663897327,3.8064903477591434,50.10053469579077,36.91326128055916,30.323487452024374,1.0,0.001,1.0,0.001,,,,,False,True,False,True,False,0.007071067811865475,0.007066975842872116,24,24,24,0,0.0,{},0.8011605558840923,0.6909176029962546,0.0,False,True,False,True,False,False,0.0,50.10053469579077,36.91326128055916,50.10053469579077,95.04166666666667,1.0445753670275124,0.011069254606723885,False,0.5156633801241652,False,0.009027777777777746,False,False,0.41649508329356916,0.009027777777777746,True,True,-0.08653218228659712,0.15534783873213368,6.26233411952489,False,opposite_direction
110,assignment_isolation,plus_one_randomisation,True,ok,42.25946385217549,2.5582496449828467,46.537094743933416,37.707514230265666,29.937740146407585,1.0,0.001,1.0,0.001,,,,,False,True,False,True,False,0.007071067811865475,0.007099687065327445,24,24,24,0,0.0,{},0.8009349312641723,0.7000000000000001,0.0,False,True,False,True,False,False,0.0,46.537094743933416,37.707514230265666,46.537094743933416,95.16666666666667,1.036741908227206,0.029209783112384986,False,0.4924263787534994,False,0.027430555555555514,False,False,0.40865760417444613,0.027430555555555514,True,True,0.09925512740185781,0.12015972270919524,7.298461904533015,False,opposite_direction
111,assignment_isolation,plus_one_randomisation,True,ok,36.20695647976963,4.542328837331736,44.064588836465965,28.533281283727476,30.632570560390782,1.0,0.001,1.0,0.001,,,,,False,True,False,False,True,0.007071067811865475,0.007059819207487373,24,24,24,0,0.0,{},0.784589958438191,0.7124531835205992,0.0,False,True,False,False,False,False,0.0,44.064588836465965,28.533281283727476,44.064588836465965,95.41666666666667,1.056231576339374,0.024712676749225334,False,0.5105553543483992,False,0.03125,False,False,0.3421497979528981,0.03125,True,False,0.9639519776408562,0.12991765429009788,5.5624253830258406,False,inconclusive
112,assignment_isolation,plus_one_randomisation,True,ok,41.321644174499916,3.2741772590227485,46.955890685851195,36.015627915833385,29.757115058270262,1.0,0.001,1.0,0.001,,,,,False,True,False,True,False,0.007071067811865475,0.007044352267631954,24,24,24,0,0.0,{},0.8090873317412073,0.6985018726591761,0.0,False,True,False,True,False,False,0.0,46.955890685851195,36.015627915833385,46.955890685851195,96.54166666666667,1.0298151823242747,0.025558545670369037,False,0.4967587666205416,False,0.027083333333333348,False,False,0.4023139667984264,0.027083333333333348,True,True,0.21217993514220782,0.10756149486256321,5.429500418753662,False,opposite_direction
113,assignment_isolation,plus_one_randomisation,True,ok,43.766375635257646,3.328107649557288,49.34551063655348,37.814116230638504,30.376817563525996,1.0,0.001,1.0,0.001,,,,,False,True,False,True,False,0.007071067811865475,0.007085952420784673,24,24,24,0,0.0,{},0.8173208286674134,0.6712546816479401,0.0,False,True,False,True,False,False,0.0,49.34551063655348,37.814116230638504,49.34551063655348,96.5,1.0572414114599173,0.0015073363766865936,False,0.5123889799578821,False,0.043055555555555514,False,False,0.41494089168103604,0.043055555555555514,True,True,0.33807656033093114,0.1530301127816875,6.798976735699462,False,opposite_direction
114,assignment_isolation,plus_one_randomisation,True,ok,39.35761751477026,4.02519235507711,46.62828151297908,32.85391035975191,29.986327498514893,1.0,0.001,1.0,0.001,,,,,False,True,False,True,False,0.007071067811865475,0.007010834832936582,24,24,24,0,0.0,{},0.7890292553191489,0.6998245614035088,0.0,False,True,False,True,False,False,0.0,46.62828151297908,32.85391035975191,46.62828151297908,96.20833333333333,1.031025402427149,0.0020378185220931836,False,0.5102825170834796,False,0.032638888888888884,False,False,0.38258914484916096,0.032638888888888884,True,True,0.8371174493077383,0.18724904549305538,6.5147683143679105,False,opposite_direction
115,assignment_isolation,plus_one_randomisation,True,ok,35.59663652801896,3.8811539552850323,42.35792191829084,28.22325123547874,30.089493451741827,1.0,0.001,1.0,0.001,,,,,False,True,False,False,True,0.007071067811865475,0.0070594440919384835,24,24,24,0,0.0,{},0.7944444444444445,0.6787037037037036,0.0,False,True,False,False,False,False,0.0,42.35792191829084,28.22325123547874,42.35792191829084,94.91666666666667,1.0347290047099702,0.034381908037025226,False,0.5131860264521562,False,0.020138888888888817,False,False,0.343441959911657,0.020138888888888817,True,False,0.5861204477520506,0.13751248936587487,4.440753453022401,False,inconclusive
116,assignment_isolation,plus_one_randomisation,True,ok,33.87915676081215,4.173796294972332,40.883846887303086,26.909537595550425,30.25897272465161,1.0,0.001,1.0,0.001,,,,,False,True,False,False,True,0.007071067811865475,0.007031882170200567,24,24,24,0,0.0,{},0.7819536790780142,0.6874515503875969,0.0,False,True,False,False,False,False,0.0,40.883846887303086,26.90953759555042,40.883846887303086,95.625,1.0403548428796334,0.00765091721784993,False,0.5145947986632251,False,0.015625,False,False,0.32395206632929946,0.015625,True,False,-0.999824594994538,0.13373690341020406,5.564215980785816,False,inconclusive
117,assignment_isolation,plus_one_randomisation,True,ok,44.19680618515745,4.572579914387754,52.68794450727883,36.86119792666648,30.74815375655245,1.0,0.001,1.0,0.001,,,,,False,True,False,True,False,0.007071067811865475,0.007066202387551012,24,24,24,0,0.0,{},0.800262714867978,0.7099321705426358,0.0,False,True,False,True,False,False,0.0,52.687944507278836,36.86119792666648,52.687944507278836,96.29166666666667,1.0660301124381741,0.02273860795340106,False,0.5211157906971658,False,0.018750000000000044,False,False,0.41555669136718215,0.018750000000000044,True,True,1.731579093293175,0.2333416707449516,7.35409601493966,False,opposite_direction
118,assignment_isolation,plus_one_randomisation,True,ok,38.57594722296708,3.8201927406707226,45.22699174451331,32.39633774378004,29.860569410926797,1.0,0.001,1.0,0.001,,,,,False,True,False,True,False,0.007071067811865475,0.007071868148100931,24,24,24,0,0.0,{},0.7926157407407408,0.7270618556701031,0.0,False,True,False,True,False,False,0.0,45.226991744513306,32.39633774378004,45.226991744513306,95.375,1.0311444763722553,0.005691720900789931,False,0.5071720791226715,False,0.030902777777777835,False,False,0.37477954607478337,0.030902777777777835,True,True,-0.7852596184492638,0.10707127789600415,5.620236894320025,False,opposite_direction
119,assignment_isolation,plus_one_randomisation,True,ok,34.580932423923336,3.5566987662900074,40.904059871827975,28.377402891853258,29.306065261661754,1.0,0.001,1.0,0.001,,,,,False,True,False,False,True,0.007071067811865475,0.007030084382656504,24,24,24,0,0.0,{},0.8020618556701029,0.7149812734082397,0.0,False,True,False,False,False,False,0.0,40.904059871827975,28.37740289185326,40.904059871827975,96.45833333333333,1.0117144000388987,0.034679868377532445,False,0.5101731539269351,False,0.02430555555555558,False,False,0.3411064706181446,0.02430555555555558,True,False,-0.24468770866067616,0.20403486561530387,6.724401043169104,False,inconclusive
120,assignment_isolation,plus_one_randomisation,True,ok,41.528175177611864,3.7583903666755556,50.44741540787354,36.2548552888955,30.460061027635167,1.0,0.001,1.0,0.001,,,,,False,True,False,True,False,0.007071067811865475,0.00708498733512136,24,24,24,0,0.0,{},0.7998267463585755,0.7120689655172414,0.0,False,True,False,True,False,False,0.0,50.44741540787354,36.2548552888955,50.44741540787354,96.33333333333333,1.0590784855446649,0.025599264866746168,False,0.5141861857575655,False,0.025000000000000022,False,False,0.3931308622108469,0.025000000000000022,True,True,-0.5919188534174489,0.13079193515938567,5.175931370104474,False,opposite_direction
121,assignment_isolation,plus_one_randomisation,True,ok,28.853679237375786,4.038538190951925,34.746128730233316,21.34202983708895,29.033914044336385,1.0,0.001,1.0,0.001,,,,,False,True,False,False,True,0.007071067811865475,0.007030575439406597,24,24,24,0,0.0,{},0.7787522893772894,0.7203703703703702,0.0,False,True,False,False,False,False,0.0,34.746128730233316,21.342029837088955,34.746128730233316,95.875,0.9993535331645975,0.0719878051557859,True,0.5137419085855851,False,0.029166666666666674,False,False,0.2841359839338046,0.029166666666666674,True,False,-0.746959602495629,0.20071527946183088,3.7624007250897544,False,diagnostic_failure
122,assignment_isolation,plus_one_randomisation,True,ok,28.899260527388503,4.890128937945719,37.131878295251006,20.99205271406704,29.14291653006657,1.0,0.001,1.0,0.001,,,,,False,True,False,False,True,0.007071067811865475,0.007077324731535974,24,24,24,0,0.0,{},0.7949793747286151,0.7037405303030302,0.0,False,True,False,False,False,False,0.0,37.131878295251006,20.99205271406704,37.131878295251006,95.25,1.0064788007837284,0.010402567694249524,False,0.5134301360842071,False,0.008333333333333415,False,False,0.28240538813586413,0.008333333333333415,True,False,-2.1244557641040904,0.15445138385580445,2.87935669932338,False,inconclusive
123,assignment_isolation,plus_one_randomisation,True,ok,42.18531273569103,3.652762919583568,48.207008269231956,35.34387669154253,30.808505486653623,1.0,0.001,1.0,0.001,,,,,False,True,False,True,False,0.007071067811865475,0.0070202401055945215,24,24,24,0,0.0,{},0.7916222952305427,0.6748168498168498,0.0,False,True,False,True,False,False,0.0,48.207008269231956,35.34387669154253,48.207008269231956,95.54166666666667,1.0570341251345539,0.015303317232469884,False,0.5069896350121506,False,0.018055555555555602,False,False,0.40014940671103827,0.018055555555555602,True,True,0.46766504719941887,0.20461074905302093,6.6258434252925635,False,opposite_direction
124,assignment_isolation,plus_one_randomisation,True,ok,45.431760817358,4.696929565551374,54.220156190697466,38.63714381249305,30.749390122501723,1.0,0.001,1.0,0.001,,,,,False,True,False,True,False,0.007071067811865475,0.007075151320790598,24,24,24,0,0.0,{},0.8039450354609927,0.6986865942028986,0.0,False,True,False,True,False,False,0.0,54.22015619069746,38.63714381249305,54.22015619069746,96.33333333333333,1.0676540151698823,0.016142801107812434,False,0.5286009980869344,False,0.025000000000000022,False,False,0.42626187896505474,0.025000000000000022,True,True,-0.6355448698708999,0.1949366374289369,7.503294299813666,False,opposite_direction
125,assignment_isolation,plus_one_randomisation,True,ok,37.76025953970663,3.965715489500372,44.667398021146624,31.39913641807319,29.89460833752379,1.0,0.001,1.0,0.001,,,,,False,True,False,True,False,0.007071067811865475,0.007089850298287503,24,24,24,0,0.0,{},0.8052835051546392,0.6641762452107279,0.0,False,True,False,True,False,False,0.0,44.667398021146624,31.399136418073187,44.667398021146624,96.41666666666667,1.0405812444961706,0.014062153073866941,False,0.5018435177919213,False,0.044791666666666674,False,False,0.36317521980498246,0.044791666666666674,True,True,0.7281417336155871,0.1663309421588748,5.940392787885513,False,opposite_direction
126,assignment_isolation,plus_one_randomisation,True,ok,32.90433734623874,3.2598395852476383,38.849088120929615,27.647192054960573,30.12362375422201,1.0,0.001,1.0,0.001,,,,,False,True,False,False,True,0.007071067811865475,0.0070712054185381856,24,24,24,0,0.0,{},0.8053528553486997,0.7119850187265918,0.0,False,True,False,False,False,False,0.0,38.849088120929615,27.647192054960573,38.849088120929615,96.41666666666667,1.045795404446933,0.03929436299682309,False,0.5267971730755404,False,0.023958333333333415,False,False,0.31215395745853824,0.023958333333333415,True,False,0.3184982373917865,0.1438681014424724,5.334762214023847,False,inconclusive
127,assignment_isolation,plus_one_randomisation,True,ok,44.92189798742942,4.012752132288874,51.83401765400124,38.5710758056562,29.58248491354095,1.0,0.001,1.0,0.001,,,,,False,True,False,True,False,0.007071067811865475,0.007099452289870036,24,24,24,0,0.0,{},0.8290816066142697,0.7073863636363635,0.0,False,True,False,True,False,False,0.0,51.83401765400124,38.5710758056562,51.83401765400124,97.29166666666667,1.035779527019625,0.02324037469293449,False,0.5215535023777126,False,0.02256944444444453,False,False,0.4341687535180526,0.02256944444444453,True,True,0.6686851583481487,0.2360917303547009,6.95688921649923,False,opposite_direction
128,assignment_isolation,plus_one_randomisation,True,ok,45.47179787212004,4.506776037942026,52.576259734022706,36.313231794293884,30.62725438924132,1.0,0.001,1.0,0.001,,,,,False,True,False,True,False,0.007071067811865475,0.007010980197847921,24,24,24,0,0.0,{},0.769594298245614,0.7285984848484849,0.0,False,True,False,True,False,False,0.0,52.576259734022706,36.313231794293884,52.576259734022706,95.875,1.0512584485543939,0.007666459798934971,False,0.5364672968500572,False,0.031597222222222165,False,False,0.43305617922004647,0.031597222222222165,True,True,0.43325682182638164,0.24448292151075965,8.1966628371803,False,opposite_direction
129,assignment_isolation,plus_one_randomisation,True,ok,40.472893779546844,4.723557223296863,49.965980558645725,33.15141148674621,30.393725809297305,1.0,0.001,1.0,0.001,,,,,False,True,False,True,False,0.007071067811865475,0.007055195324829313,24,24,24,0,0.0,{},0.7915090324821956,0.7120923913043476,0.0,False,True,False,True,False,False,0.0,49.965980558645725,33.15141148674621,49.965980558645725,96.5,1.0532383015626725,0.002531550411257255,False,0.504732002463695,False,0.013541666666666674,False,False,0.38517621763180054,0.013541666666666674,True,True,0.7090231255830054,0.13985725351414655,5.541867828662233,False,opposite_direction
130,assignment_isolation,plus_one_randomisation,True,ok,41.11480630202525,3.857629181168266,48.61602453308793,35.458230023414856,30.178985803677627,1.0,0.001,1.0,0.001,,,,,False,True,False,True,False,0.007071067811865475,0.0070807563495687694,24,24,24,0,0.0,{},0.8098566308243728,0.7269946808510638,0.0,False,True,False,True,False,False,0.0,48.61602453308793,35.458230023414856,48.61602453308793,96.08333333333333,1.0473174175784141,0.02309368551910258,False,0.5079053649797712,False,0.029861111111111116,False,False,0.3935916932441919,0.029861111111111116,True,True,0.28798981810447105,0.21556927682356217,5.162539870316742,False,opposite_direction
131,assignment_isolation,plus_one_randomisation,True,ok,38.75497126224893,4.902119056648395,46.753617368709605,30.491476906869757,29.438279592570908,1.0,0.001,1.0,0.001,,,,,False,True,False,True,False,0.007071067811865475,0.007031847012691505,24,24,24,0,0.0,{},0.7985172101449276,0.7038530465949822,0.0,False,True,False,True,False,False,0.0,46.753617368709605,30.491476906869753,46.753617368709605,96.625,1.01741139410731,0.013834175403735317,False,0.5113516142161861,False,0.023958333333333304,False,False,0.38175674074528365,0.023958333333333304,True,True,-0.2301637351294976,0.08141345595155963,6.564798441553916,False,opposite_direction
132,assignment_isolation,plus_one_randomisation,True,ok,36.283856736463726,3.895713362709231,43.039301876192205,29.37333472677262,29.740945482239656,1.0,0.001,1.0,0.001,,,,,False,True,False,False,True,0.007071067811865475,0.007061953615446462,24,24,24,0,0.0,{},0.8033564814814815,0.6920411985018726,0.0,False,True,False,False,False,False,0.0,43.039301876192205,29.373334726772622,43.039301876192205,96.41666666666667,1.0311591322313007,0.017140231165758232,False,0.5098969144249753,False,0.017013888888888884,False,False,0.3516984089303159,0.017013888888888884,True,False,-1.3292703362897444,0.13968238908624186,5.897934618803995,False,inconclusive
133,assignment_isolation,plus_one_randomisation,True,ok,38.90264958157971,4.053813981697879,46.19369413774314,32.5634998103646,30.300383033372572,1.0,0.001,1.0,0.001,,,,,False,True,False,True,False,0.007071067811865475,0.007056460697610482,24,24,24,0,0.0,{},0.782543859649123,0.6742592592592594,0.0,False,True,False,True,False,False,0.0,46.19369413774314,32.5634998103646,46.19369413774314,95.25,1.0433680701954133,0.019716344234874682,False,0.5399170031578243,False,0.010763888888888795,False,False,0.3734921819759276,0.010763888888888795,True,True,-0.6704570387814174,0.19931256858679874,6.512103943398321,False,opposite_direction
134,assignment_isolation,plus_one_randomisation,True,ok,43.629389211827494,3.5528970610930872,49.318591935985424,37.15781553219484,29.851573655540218,1.0,0.001,1.0,0.001,,,,,False,True,False,True,False,0.007071067811865475,0.007062901345248122,24,24,24,0,0.0,{},0.8145189003436428,0.6886363636363636,0.0,False,True,False,True,False,False,0.0,49.31859193598543,37.15781553219484,49.31859193598543,97.04166666666667,1.0384832549698602,0.02079529683118982,False,0.5242417767453831,False,0.012500000000000067,False,False,0.4209908036894124,0.012500000000000067,True,True,-0.5847172001561396,0.13292785847832247,6.5518345460359075,False,opposite_direction
135,assignment_isolation,plus_one_randomisation,True,ok,36.80464842779058,3.5695124846364497,42.23991414886016,29.980966730415144,29.96400843831942,1.0,0.001,1.0,0.001,,,,,False,True,False,True,False,0.007071067811865475,0.0071059451755220195,24,24,24,0,0.0,{},0.8020616319444445,0.7268115942028986,0.0,False,True,False,True,False,False,0.0,42.23991414886016,29.980966730415144,42.23991414886016,95.91666666666667,1.0426506211326168,0.008572500846435658,False,0.507828835486629,False,0.03541666666666676,False,False,0.35286803163928737,0.03541666666666676,True,True,0.25562752521356946,0.0892671229992444,6.180690553699961,False,opposite_direction
136,assignment_isolation,plus_one_randomisation,True,ok,38.392244118506405,4.109703222640882,46.0796712715074,31.426275033655358,29.429017840367823,1.0,0.001,1.0,0.001,,,,,False,True,False,True,False,0.007071067811865475,0.007057092341026113,24,24,24,0,0.0,{},0.8077903368794326,0.7352150537634409,0.0,False,True,False,True,False,False,0.0,46.0796712715074,31.426275033655358,46.0796712715074,96.91666666666667,1.0222822192429586,0.0003511488116113364,False,0.4992341664380905,False,0.014236111111111116,False,False,0.376265144416251,0.014236111111111116,True,True,0.6495351177479691,0.19136424580615058,5.730171457098442,False,opposite_direction
137,assignment_isolation,plus_one_randomisation,True,ok,34.57972321289112,3.2152371430234883,40.128680661510174,28.76637214480371,29.430949578681815,1.0,0.001,1.0,0.001,,,,,False,True,False,False,True,0.007071067811865475,0.007049243436672371,24,24,24,0,0.0,{},0.7882010877267573,0.6624521072796935,0.0,False,True,False,False,False,False,0.0,40.128680661510174,28.76637214480371,40.128680661510174,96.04166666666667,1.0165918687395457,0.000593866138153263,False,0.5062307527862233,False,0.02083333333333337,False,False,0.33936126112132314,0.02083333333333337,True,False,-0.7071889883286828,0.13061435535251809,6.054339713350789,False,inconclusive
138,assignment_isolation,plus_one_randomisation,True,ok,38.82295795914959,4.060737216734739,45.51688734544448,31.733880241191134,30.30621322503092,1.0,0.001,1.0,0.001,,,,,False,True,False,True,False,0.007071067811865475,0.007050429594035912,24,24,24,0,0.0,{},0.8057097288676237,0.7316287878787879,0.0,False,True,False,True,False,False,0.0,45.51688734544448,31.733880241191134,45.51688734544448,97.16666666666667,1.053115272516992,0.012802170057905326,False,0.49082978885996426,False,0.021874999999999978,False,False,0.36915351973923577,0.021874999999999978,True,True,0.484404095937547,0.08343616894041504,6.490763475041475,False,opposite_direction
139,assignment_isolation,plus_one_randomisation,True,ok,45.58797927816914,4.281855955209842,52.59640241005052,39.37872993663595,30.321261271910778,1.0,0.001,1.0,0.001,,,,,False,True,False,True,False,0.007071067811865475,0.007060172758737001,24,24,24,0,0.0,{},0.8135229511426317,0.6863553113553114,0.0,False,True,False,True,False,False,0.0,52.59640241005052,39.37872993663595,52.59640241005052,96.54166666666667,1.051695440706208,0.022213658135738574,False,0.5175774638290254,False,0.02013888888888893,False,False,0.43394729070696436,0.02013888888888893,True,True,0.03806879242783133,0.14377444493890895,5.744866153690683,False,opposite_direction
140,assignment_isolation,plus_one_randomisation,True,ok,40.14649023629867,4.674832098445548,48.95500920682019,32.68215425790862,30.151101891694395,1.0,0.001,1.0,0.001,,,,,False,True,False,True,False,0.007071067811865475,0.007081597065235137,24,24,24,0,0.0,{},0.8078289546613457,0.6624537037037037,0.0,False,True,False,True,False,False,0.0,48.95500920682019,32.68215425790862,48.95500920682019,95.625,1.0439750727281225,0.003533316432244885,False,0.5163742169301638,False,0.00868055555555558,False,False,0.3854643684732184,0.00868055555555558,True,True,-2.1052073369391473,0.21504082366360458,5.770422087541612,False,opposite_direction
141,assignment_isolation,plus_one_randomisation,True,ok,40.604587262411435,4.1954232953741455,47.30628165835776,32.14166965140842,30.07333672636351,1.0,0.001,1.0,0.001,,,,,False,True,False,True,False,0.007071067811865475,0.00707202589107556,24,24,24,0,0.0,{},0.7968189964157706,0.6988031914893617,0.0,False,True,False,True,False,False,0.0,47.30628165835776,32.14166965140842,47.30628165835776,95.79166666666667,1.0407809347832948,0.0066712076631625225,False,0.5011391818398947,False,0.021180555555555536,False,False,0.3911288462992776,0.021180555555555536,True,True,-0.867984132013796,0.2618628121934059,6.1821287927085065,False,opposite_direction
142,assignment_isolation,plus_one_randomisation,True,ok,39.318854501305786,3.786398134133037,46.167399609846925,32.58773978430065,29.985071656407385,1.0,0.001,1.0,0.001,,,,,False,True,False,True,False,0.007071067811865475,0.007056697053774166,24,24,24,0,0.0,{},0.7909751773049647,0.6920411985018726,0.0,False,True,False,True,False,False,0.0,46.16739960984692,32.58773978430065,46.16739960984692,95.75,1.0352517185470167,0.00977244810832563,False,0.5246560668369542,False,0.007638888888888862,False,False,0.3806148370067619,0.007638888888888862,True,True,-1.5604363926121205,0.25346051002330594,5.872029350210032,False,opposite_direction
143,assignment_isolation,plus_one_randomisation,True,ok,42.468163544592464,4.086760011459514,49.45276643824859,35.237433013851884,29.738463928608866,1.0,0.001,1.0,0.001,,,,,False,True,False,True,False,0.007071067811865475,0.0070125740119602814,24,24,24,0,0.0,{},0.7820748838790076,0.7155263157894737,0.0,False,True,False,True,False,False,0.0,49.45276643824858,35.237433013851884,49.45276643824858,96.04166666666667,1.0218704451700715,0.019477797893761913,False,0.5104785125381643,False,0.02604166666666663,False,False,0.4165413056298392,0.02604166666666663,True,True,-0.3094907406686962,0.09182256901778275,7.205593014443028,False,opposite_direction
144,assignment_isolation,plus_one_randomisation,True,ok,43.497821349068055,4.759362844354692,50.914818587311984,34.39699192851355,31.054269533030432,1.0,0.001,1.0,0.001,,,,,False,True,False,True,False,0.007071067811865475,0.007058865780289504,24,24,24,0,0.0,{},0.779850372279496,0.6852314814814815,0.0,False,True,False,True,False,False,0.0,50.91481858731199,34.39699192851355,50.91481858731199,94.83333333333333,1.0673497546665252,0.00468104646364348,False,0.5081091543209278,False,0.029166666666666674,False,False,0.4085713156103971,0.029166666666666674,True,True,0.1860899678626616,0.1325046350733176,5.829532867573695,False,opposite_direction
145,assignment_isolation,plus_one_randomisation,True,ok,38.66060664481461,3.8327205205195196,45.25443407723021,31.673778055981792,29.977383171180602,1.0,0.001,1.0,0.001,,,,,False,True,False,True,False,0.007071067811865475,0.007059649203499938,24,24,24,0,0.0,{},0.8115329982517483,0.7166666666666667,0.0,False,True,False,True,False,False,0.0,45.25443407723021,31.673778055981796,45.25443407723021,98.25,1.048849376351925,0.009335182221293724,False,0.5272153494226072,False,0.016319444444444442,False,False,0.36910338771117257,0.016319444444444442,True,True,-1.2089368414079928,0.1936957995280641,3.6166474621303077,False,opposite_direction
146,assignment_isolation,plus_one_randomisation,True,ok,35.00288455743902,4.349498151556947,42.47466270436019,27.94231317060307,30.01770219051234,1.0,0.001,1.0,0.001,,,,,False,True,False,False,True,0.007071067811865475,0.007067715482843829,24,24,24,0,0.0,{},0.7949264575580366,0.6562757201646091,0.0,False,True,False,False,False,False,0.0,42.47466270436019,27.94231317060307,42.47466270436019,94.70833333333333,1.032334886916177,0.019498734330291395,False,0.5392093969882891,False,0.021874999999999978,False,False,0.3382103663919911,0.021874999999999978,True,False,-1.9777920375072235,0.2096618658860288,4.904600127036039,False,inconclusive
147,assignment_isolation,plus_one_randomisation,True,ok,38.628631522255375,3.5793593749745805,44.652531630470264,32.63244396419421,30.517365822746314,1.0,0.001,1.0,0.001,,,,,False,True,False,True,False,0.007071067811865475,0.007041881617414894,24,24,24,0,0.0,{},0.7774641577060933,0.7236263736263734,0.0,False,True,False,True,False,False,0.0,44.652531630470264,32.63244396419421,44.652531630470264,94.625,1.0452224136683335,0.01110701026103227,False,0.5326378209688658,False,0.04027777777777786,False,False,0.3701083257934916,0.04027777777777786,True,True,-0.08120674195819658,0.18119062701515534,5.839003949212003,False,opposite_direction
148,assignment_isolation,plus_one_randomisation,True,ok,36.459490202550256,4.189762726464378,44.07483835263653,29.62943018430471,29.788644137411225,1.0,0.001,1.0,0.001,,,,,False,True,False,False,True,0.007071067811865475,0.007018724956168734,24,24,24,0,0.0,{},0.8033854166666666,0.578968253968254,0.0,False,True,False,False,False,False,0.0,44.07483835263653,29.62943018430471,44.07483835263653,96.29166666666667,1.025825088795243,0.01970713293848645,False,0.49959048371424436,False,0.023958333333333304,False,False,0.35540434667372295,0.023958333333333304,True,False,-1.423074988588769,0.14566599081143455,5.829243432095554,False,inconclusive
149,assignment_isolation,plus_one_randomisation,True,ok,38.149119015154355,2.654405846315584,43.03374462713013,33.515920289333636,29.68887151725062,1.0,0.001,1.0,0.001,,,,,False,True,False,True,False,0.007071067811865475,0.0070535470383639625,24,24,24,0,0.0,{},0.786740577842522,0.7067708333333332,0.0,False,True,False,True,False,False,0.0,43.033744627130126,33.515920289333636,43.033744627130126,95.875,1.0252362417734653,0.006558101504550269,False,0.5442960756291979,False,0.017013888888888884,False,False,0.37271422708114343,0.017013888888888884,True,True,0.24699148696669124,0.11418563393408752,5.521038564551013,False,opposite_direction
150,assignment_isolation,plus_one_randomisation,True,ok,45.4347669416617,4.496913248442728,53.65026701476113,38.322909805913326,30.579313214591494,1.0,0.001,1.0,0.001,,,,,False,True,False,True,False,0.007071067811865475,0.007058510947202698,24,24,24,0,0.0,{},0.7955756013745705,0.7164794007490637,0.0,False,True,False,True,False,False,0.0,53.65026701476112,38.322909805913326,53.65026701476112,95.125,1.0525873809587323,0.03168480891901821,False,0.5070828644494548,False,0.012847222222222232,False,False,0.43219014108745973,0.012847222222222232,True,True,0.3943994945342362,0.12420826205238772,7.112528935604583,False,opposite_direction
151,assignment_isolation,plus_one_randomisation,True,ok,33.917754456342415,3.44999721518512,39.62223495062098,28.16758360165121,29.687698313816355,1.0,0.001,1.0,0.001,,,,,False,True,False,False,True,0.007071067811865475,0.0070306702307653315,24,24,24,0,0.0,{},0.8012312216553288,0.7291203703703704,0.0,False,True,False,False,False,False,0.0,39.62223495062098,28.167583601651206,39.62223495062098,97.625,1.0311546010251649,0.012657589443562784,False,0.517288369714474,False,0.019791666666666652,False,False,0.3274497339124709,0.019791666666666652,True,False,-0.5245108338197672,0.21799993352269612,3.7850862487201598,False,inconclusive
152,assignment_isolation,plus_one_randomisation,True,ok,45.94014410649296,3.975481674081113,52.352604814491805,38.697613938430784,30.535655092072528,1.0,0.001,1.0,0.001,,,,,False,True,False,True,False,0.007071067811865475,0.007054288448290646,24,24,24,0,0.0,{},0.8050886330409357,0.6909090909090909,0.0,False,True,False,True,False,False,0.0,52.352604814491805,38.697613938430784,52.352604814491805,95.83333333333333,1.0543596005512978,0.012079527134878797,False,0.5057433893760451,False,0.01041666666666663,False,False,0.4361055306704132,0.01041666666666663,True,True,-0.3110310436919775,0.14315678428708092,7.2424713027637075,False,opposite_direction
153,assignment_isolation,plus_one_randomisation,True,ok,44.70205726442351,3.026543217424447,49.67579142091442,39.16091501236978,30.234155884341174,1.0,0.001,1.0,0.001,,,,,False,True,False,True,False,0.007071067811865475,0.0071033446795834634,24,24,24,0,0.0,{},0.8044243986254297,0.7204166666666667,0.0,False,True,False,True,False,False,0.0,49.675791420914415,39.16091501236978,49.675791420914415,94.79166666666667,1.0454802200445694,0.013149702532223218,False,0.5346811092242851,False,0.03125,False,False,0.4282484801454507,0.03125,True,True,0.09953615610257742,0.11634856291510391,6.706707406971727,False,opposite_direction
154,assignment_isolation,plus_one_randomisation,True,ok,38.26518106496582,3.797797649240276,45.12779998974245,31.59110259441994,29.4730064421615,1.0,0.001,1.0,0.001,,,,,False,True,False,True,False,0.007071067811865475,0.007099301424001563,24,24,24,0,0.0,{},0.822810799319728,0.757616487455197,0.0,False,True,False,True,False,False,0.0,45.12779998974245,31.59110259441994,45.12779998974245,97.125,1.031040144389162,0.005554698246368126,False,0.5027652286454026,False,0.031597222222222165,False,False,0.3717159191336755,0.031597222222222165,True,True,-0.39346513467068983,0.1286770401347094,5.243345349421554,False,opposite_direction
155,assignment_isolation,plus_one_randomisation,True,ok,35.6973954625521,3.6558914660139004,42.73495065159407,29.266854237040004,29.282630949435053,1.0,0.001,1.0,0.001,,,,,False,True,False,False,True,0.007071067811865475,0.00704108911486925,24,24,24,0,0.0,{},0.8079482216838705,0.6957875457875459,0.0,False,True,False,False,False,False,0.0,42.73495065159407,29.266854237040004,42.73495065159407,96.45833333333333,1.0124878404072846,0.03966806771016436,False,0.5181000509426246,False,0.01388888888888895,False,False,0.35242816755408024,0.01388888888888895,True,False,-0.016888765730555103,0.11638364446552851,5.550793743429211,False,inconclusive
156,assignment_isolation,plus_one_randomisation,True,ok,38.90386563566097,4.0365228963702995,46.31526291905391,32.36430063234428,30.031066799207995,1.0,0.001,1.0,0.001,,,,,False,True,False,True,False,0.007071067811865475,0.007105759283704395,24,24,24,0,0.0,{},0.813772158260234,0.7317028985507246,0.0,False,True,False,True,False,False,0.0,46.31526291905391,32.36430063234428,46.31526291905391,95.875,1.0447297066778798,0.027343932829535934,False,0.534328805720993,False,0.030902777777777835,False,False,0.3730039369420731,0.030902777777777835,True,True,1.647932865454724,0.23682243023838875,7.728249108566835,False,opposite_direction
157,assignment_isolation,plus_one_randomisation,True,ok,37.98065562796235,2.879824964450341,42.33627259948985,31.800778804765862,29.525654333431394,1.0,0.001,1.0,0.001,,,,,False,True,False,True,False,0.007071067811865475,0.007070017118412132,24,24,24,0,0.0,{},0.7842948717948719,0.6992673992673993,0.0,False,True,False,True,False,False,0.0,42.33627259948985,31.800778804765866,42.33627259948985,95.20833333333333,1.0184213191216138,0.030580095405856465,False,0.5225831672902723,False,0.01041666666666663,False,False,0.373574654733033,0.01041666666666663,True,True,0.2862054590794391,0.14234557803280803,6.273315611134183,False,opposite_direction
158,assignment_isolation,plus_one_randomisation,True,ok,34.500579325211184,4.380235536362206,43.217010587217175,27.442439340437197,29.96634175454143,1.0,0.001,1.0,0.001,,,,,False,True,False,False,True,0.007071067811865475,0.007055443543615081,24,24,24,0,0.0,{},0.7912301888840644,0.7138888888888889,0.0,False,True,False,False,False,False,0.0,43.217010587217175,27.442439340437193,43.217010587217175,96.08333333333333,1.0362202717182933,0.010271400747157378,False,0.5161595787754235,False,0.025694444444444353,False,False,0.33172288022878044,0.025694444444444353,True,False,0.6504216252799938,0.09965003809489612,6.455875814285906,False,inconclusive
159,assignment_isolation,plus_one_randomisation,True,ok,40.61949273296584,4.774545450559222,48.51242115019707,32.75521468074039,30.064119135142494,1.0,0.001,1.0,0.001,,,,,False,True,False,True,False,0.007071067811865475,0.0070348140006807995,24,24,24,0,0.0,{},0.7978076078655976,0.6899621212121212,0.0,False,True,False,True,False,False,0.0,48.51242115019707,32.75521468074039,48.51242115019707,95.5,1.0334103173025544,0.00718019382766508,False,0.48529832467216205,False,0.0253472222222223,False,False,0.39408622471025834,0.0253472222222223,True,True,-2.3246135916651167,0.29302619937446606,5.744191078982851,False,opposite_direction
160,assignment_isolation,plus_one_randomisation,True,ok,43.65015697960541,4.173943243336989,50.87150298716528,35.765146714161276,31.516404316718113,1.0,0.001,1.0,0.001,,,,,False,True,False,True,False,0.007071067811865475,0.007037223697546642,24,24,24,0,0.0,{},0.7998245419621751,0.7186141304347827,0.0,False,True,False,True,False,False,0.0,50.87150298716528,35.765146714161276,50.87150298716528,96.91666666666667,1.0917099246904687,0.03989687858408788,False,0.525955303949392,False,0.021180555555555536,False,False,0.40089257516167054,0.021180555555555536,True,True,-0.8363551948573846,0.15291952957230825,5.845432827200502,False,opposite_direction
161,assignment_isolation,plus_one_randomisation,True,ok,36.79921483935675,3.768377735893359,42.42853165818507,28.981123895660367,30.145527917365747,1.0,0.001,1.0,0.001,,,,,False,True,False,False,True,0.007071067811865475,0.007018701532108521,24,24,24,0,0.0,{},0.7931279577048211,0.7016666666666667,0.0,False,True,False,False,False,False,0.0,42.42853165818507,28.981123895660364,42.42853165818507,95.83333333333333,1.0356379820822335,0.0005358360297437273,False,0.514474706423717,False,0.03298611111111116,False,False,0.35531312367473933,0.03298611111111116,True,False,0.46147539200033405,0.17974525085215054,4.777311726549411,False,inconclusive
162,assignment_isolation,plus_one_randomisation,True,ok,40.90012320623752,4.818807807542344,49.028041952612284,32.41136721256082,29.421107234151574,1.0,0.001,1.0,0.001,,,,,False,True,False,True,False,0.007071067811865475,0.007051411566736091,24,24,24,0,0.0,{},0.8078947368421052,0.7190860215053759,0.0,False,True,False,True,False,False,0.0,49.028041952612284,32.41136721256082,49.028041952612284,97.58333333333333,1.0246909616141036,0.013720631652117041,False,0.5109810248395608,False,0.014930555555555558,False,False,0.4002041722743435,0.014930555555555558,True,True,0.7492469111746594,0.17260966892191748,7.561827845420136,False,opposite_direction
163,assignment_isolation,plus_one_randomisation,True,ok,37.5437441619298,2.759290545288519,42.31429543883252,33.14733910049948,30.214488978459922,1.0,0.001,1.0,0.001,,,,,False,True,False,True,False,0.007071067811865475,0.007074842982486996,24,24,24,0,0.0,{},0.7940723841082826,0.7119850187265916,0.0,False,True,False,True,False,False,0.0,42.31429543883252,33.14733910049948,42.31429543883252,95.58333333333333,1.0449443192171992,0.026460715347438907,False,0.5394230321606996,False,0.010069444444444353,False,False,0.3594447981873929,0.010069444444444353,True,True,0.6076368480136118,0.14813895666739985,6.444854935678319,False,opposite_direction
164,assignment_isolation,plus_one_randomisation,True,ok,41.67568479031517,2.8717832874468314,46.038515384437744,36.04495869369683,29.406476102145536,1.0,0.001,1.0,0.001,,,,,False,True,False,True,False,0.007071067811865475,0.007035811582747223,24,24,24,0,0.0,{},0.8189455526434997,0.7037677304964539,0.0,False,True,False,True,False,False,0.0,46.038515384437744,36.04495869369683,46.038515384437744,97.08333333333333,1.0192941436586163,0.013177321660615192,False,0.517057711174793,False,0.00868055555555558,False,False,0.4098982421965217,0.00868055555555558,True,True,-0.70077309235037,0.21392066429469664,5.422338514548878,False,opposite_direction
165,assignment_isolation,plus_one_randomisation,True,ok,40.1505948101263,3.6031042001707774,47.14709482056061,34.37567570213074,30.34829713516772,1.0,0.001,1.0,0.001,,,,,False,True,False,True,False,0.007071067811865475,0.007052332192469469,24,24,24,0,0.0,{},0.7906043729372938,0.7124531835205992,0.0,False,True,False,True,False,False,0.0,47.14709482056062,34.37567570213074,47.14709482056062,95.29166666666667,1.0446349562393102,0.010933052208105512,False,0.5136166120438378,False,0.014583333333333393,False,False,0.3852571211977501,0.014583333333333393,True,True,1.6891211857816493,0.20995635215046937,6.256341284981603,False,opposite_direction
166,assignment_isolation,plus_one_randomisation,True,ok,40.067971997878345,3.435447041984581,45.70836162591199,32.723988938663254,29.676824366753213,1.0,0.001,1.0,0.001,,,,,False,True,False,True,False,0.007071067811865475,0.007041943802795064,24,24,24,0,0.0,{},0.786840767234729,0.7236263736263734,0.0,False,True,False,True,False,False,0.0,45.708361625911984,32.723988938663254,45.708361625911984,95.29166666666667,1.0200170874434014,0.004600150249749459,False,0.5017397908311918,False,0.025347222222222188,False,False,0.39383809371324285,0.025347222222222188,True,True,-2.1840961236111367,0.18260816068596475,6.584088639032587,False,opposite_direction
167,assignment_isolation,plus_one_randomisation,True,ok,42.32761768389074,4.327981774843786,49.874621495349,35.35274093374691,31.29325854140299,1.0,0.001,1.0,0.001,,,,,False,True,False,True,False,0.007071067811865475,0.007027975016239236,24,24,24,0,0.0,{},0.7923103017802866,0.7029829545454546,0.0,False,True,False,True,False,False,0.0,49.874621495349,35.35274093374691,49.874621495349,95.58333333333333,1.0750832300041433,0.05548953160840726,False,0.5381290460978199,False,0.039583333333333304,False,False,0.3947440303969394,0.039583333333333304,True,True,-0.6615417393458763,0.18956681423840596,6.74725337226223,False,opposite_direction
168,assignment_isolation,plus_one_randomisation,True,ok,43.3066591508023,4.035971551711001,50.456659227475015,36.64188502841959,30.331921296425463,1.0,0.001,1.0,0.001,,,,,False,True,False,True,False,0.007071067811865475,0.007049743581773665,24,24,24,0,0.0,{},0.8047385414561863,0.7242673992673995,0.0,False,True,False,True,False,False,0.0,50.45665922747501,36.64188502841959,50.45665922747501,96.16666666666667,1.0484688375952602,0.009467831888680896,False,0.4944879430961704,False,0.014583333333333282,False,False,0.41403239466595765,0.014583333333333282,True,True,-0.5438577035952654,0.1490397766734836,5.170990749752671,False,opposite_direction
169,assignment_isolation,plus_one_randomisation,True,ok,36.29685845766971,4.2073952931647876,43.349882913242055,29.050311094859204,29.919575083601952,1.0,0.001,1.0,0.001,,,,,False,True,False,False,True,0.007071067811865475,0.007098791331731219,24,24,24,0,0.0,{},0.8031140442222917,0.7280465949820786,0.0,False,True,False,False,False,False,0.0,43.349882913242055,29.0503110948592,43.349882913242055,96.29166666666667,1.0420875034694064,0.00015651347404973075,False,0.5023877368466306,False,0.028124999999999956,False,False,0.3479572900026748,0.028124999999999956,True,False,0.4679043836525603,0.16607630078167512,4.4499582408058735,False,inconclusive
170,assignment_isolation,plus_one_randomisation,True,ok,39.972893185877076,3.557748233255601,45.83041280536696,34.24921354375763,29.302875922141133,1.0,0.001,1.0,0.001,,,,,False,True,False,True,False,0.007071067811865475,0.00710001479457079,24,24,24,0,0.0,{},0.8057272727272728,0.6446629213483147,0.0,False,True,False,True,False,False,0.0,45.83041280536696,34.24921354375763,45.83041280536696,95.04166666666667,1.0141367619163224,0.03420587059361421,False,0.5382367588501233,False,0.026388888888888906,False,False,0.3951895961422853,0.026388888888888906,True,True,-0.6663374995759276,0.13268058027765772,5.575917567843597,False,opposite_direction
171,assignment_isolation,plus_one_randomisation,True,ok,35.99479975046825,4.254422534028058,43.43699425439602,29.070737942873876,29.63923186056614,1.0,0.001,1.0,0.001,,,,,False,True,False,False,True,0.007071067811865475,0.007079760802140945,24,24,24,0,0.0,{},0.8129991319444445,0.6732954545454545,0.0,False,True,False,False,False,False,0.0,43.43699425439602,29.070737942873876,43.43699425439602,95.70833333333333,1.026432536258854,0.0347255366419889,False,0.5201150285168663,False,0.014583333333333282,False,False,0.3504448248024611,0.014583333333333282,True,False,-0.8875239855650371,0.11077889427821921,5.768192997158086,False,inconclusive
172,assignment_isolation,plus_one_randomisation,True,ok,40.69758277476162,3.112562150746675,45.42019663801142,35.32335071388435,29.848122483332542,1.0,0.001,1.0,0.001,,,,,False,True,False,True,False,0.007071067811865475,0.007059308659470553,24,24,24,0,0.0,{},0.7889641514500537,0.6818981481481481,0.0,False,True,False,True,False,False,0.0,45.42019663801142,35.32335071388435,45.42019663801142,96.0,1.032249806979551,0.014870962026710588,False,0.5175099603728954,False,0.012499999999999956,False,False,0.39529455508623573,0.012499999999999956,True,True,-2.911025818816651,0.32270044122151187,6.750681360611788,False,opposite_direction
173,assignment_isolation,plus_one_randomisation,True,ok,35.51390846215293,4.031644114135273,41.54119500115568,27.777548679832016,29.855807814873526,1.0,0.001,1.0,0.001,,,,,False,True,False,False,True,0.007071067811865475,0.0070225261639713455,24,24,24,0,0.0,{},0.7686374904652935,0.6291164658634538,0.0,False,True,False,False,False,False,0.0,41.54119500115568,27.777548679832012,41.54119500115568,94.5,1.0190795837126574,0.0012635457501251007,False,0.5157690661022096,False,0.016319444444444442,False,False,0.34814737634586196,0.016319444444444442,True,False,-0.6388870238585039,0.08217391284716347,3.71189455382695,False,inconclusive
174,assignment_isolation,plus_one_randomisation,True,ok,47.43192762934677,3.0224271946400805,53.00503533749951,42.82023352901577,30.013045836150855,1.0,0.001,1.0,0.001,,,,,False,True,False,True,False,0.007071067811865475,0.0070820221906254715,24,24,24,0,0.0,{},0.8077753479815336,0.6600732600732603,0.0,False,True,False,True,False,False,0.0,53.0050353374995,42.82023352901577,53.0050353374995,96.25,1.0426480327513665,0.055269571946551264,False,0.5070189961146587,False,0.02256944444444442,False,False,0.454309305912725,0.02256944444444442,True,True,0.5983394403966398,0.18778280163020297,6.493961636666146,False,opposite_direction
175,assignment_isolation,plus_one_randomisation,True,ok,36.967343887513394,3.964303719187455,43.53573020123439,29.7956212512835,29.583542378891693,1.0,0.001,1.0,0.001,,,,,False,True,False,True,False,0.007071067811865475,0.0070797438137384355,24,24,24,0,0.0,{},0.8103954081632654,0.6998207885304659,0.0,False,True,False,True,False,False,0.0,43.53573020123438,29.795621251283496,43.53573020123438,96.04166666666667,1.0262840205017303,0.013537666526134159,False,0.4904338838972899,False,0.03993055555555558,False,False,0.3603988274966257,0.03993055555555558,True,True,-0.8622509271073256,0.14041624508029565,4.703862140684342,False,opposite_direction
176,assignment_isolation,plus_one_randomisation,True,ok,32.16128167255687,3.4383068462059665,38.54198391255958,26.874145792135252,30.125047160776163,1.0,0.001,1.0,0.001,,,,,False,True,False,False,True,0.007071067811865475,0.007058211089074566,24,24,24,0,0.0,{},0.8049285585096764,0.7337912087912085,0.0,False,True,False,False,False,False,0.0,38.54198391255958,26.874145792135252,38.54198391255958,96.91666666666667,1.0466262352003222,0.022504247603221686,False,0.5088273797311023,False,0.021180555555555536,False,False,0.30424200794775286,0.021180555555555536,True,False,0.33305005322346665,0.2652037855083349,4.593417352459987,False,inconclusive
177,assignment_isolation,plus_one_randomisation,True,ok,33.10122337258154,3.9556776311623683,39.681852912412715,26.574508931931046,30.327074514070862,1.0,0.001,1.0,0.001,,,,,False,True,False,False,True,0.007071067811865475,0.007038838341564753,24,24,24,0,0.0,{},0.7918661347517731,0.6482142857142857,0.0,False,True,False,False,False,False,0.0,39.681852912412715,26.574508931931046,39.681852912412715,95.08333333333333,1.0407674779964293,0.026377891847969657,False,0.5306716004696562,False,0.027083333333333348,False,False,0.3158161978290114,0.027083333333333348,True,False,-0.4760192816561025,0.1323970657828413,3.0403913604660504,False,inconclusive
178,assignment_isolation,plus_one_randomisation,True,ok,40.25345945859343,3.3441481804545874,45.83768497363671,34.543587857888,30.52155123945399,1.0,0.001,1.0,0.001,,,,,False,True,False,True,False,0.007071067811865475,0.007088202979983784,24,24,24,0,0.0,{},0.8041230354532165,0.7211647727272728,0.0,False,True,False,True,False,False,0.0,45.837684973636705,34.543587857888,45.837684973636705,95.125,1.0550185299188304,0.06722048658417933,False,0.511420333980037,False,0.023263888888888862,False,False,0.3823951435465611,0.023263888888888862,True,True,0.06219374572570039,0.1306418308886426,4.397615802833765,False,opposite_direction
179,assignment_isolation,plus_one_randomisation,True,ok,35.615911456137106,2.8009687200160176,40.44558020732187,30.450041244929455,29.67163230927005,1.0,0.001,1.0,0.001,,,,,False,True,False,True,False,0.007071067811865475,0.007064182587058698,24,24,24,0,0.0,{},0.8093851863662131,0.7159420289855073,0.0,False,True,False,True,False,False,0.0,40.44558020732187,30.450041244929455,40.44558020732187,96.16666666666667,1.0277456331853752,0.045509687624728484,False,0.5294612292049367,False,0.02187500000000009,False,False,0.3461013486115001,0.02187500000000009,True,True,-1.6588569954933594,0.17230433276346366,4.81567768169513,False,opposite_direction
180,assignment_isolation,plus_one_randomisation,True,ok,37.87469644572087,4.446896447678675,44.87411813945474,30.12287196906981,28.689103988039673,1.0,0.001,1.0,0.001,,,,,False,True,False,True,False,0.007071067811865475,0.00705068575411509,24,24,24,0,0.0,{},0.813578947368421,0.6998188405797102,0.0,False,True,False,True,False,False,0.0,44.87411813945474,30.12287196906981,44.87411813945474,97.54166666666667,0.9988802672742868,0.019651110837258838,False,0.5289776904355252,False,0.014236111111111116,False,False,0.37997214398511103,0.014236111111111116,True,True,0.2151853874291873,0.11569300365948162,6.614217308943532,False,opposite_direction
181,assignment_isolation,plus_one_randomisation,True,ok,41.759756811656416,4.923193815572874,50.256965738125174,33.043481455244866,29.620671954169783,1.0,0.001,1.0,0.001,,,,,False,True,False,True,False,0.007071067811865475,0.007035415388218254,24,24,24,0,0.0,{},0.7791225737215378,0.7120738636363636,0.0,False,True,False,True,False,False,0.0,50.25696573812517,33.043481455244866,50.25696573812517,95.0,1.0155854207459667,0.0768072897593999,True,0.524425899350697,False,0.01909722222222221,False,False,0.41219691727142493,0.01909722222222221,True,True,0.6256624542860891,0.20802892295280234,7.256246974629778,False,diagnostic_failure
182,assignment_isolation,plus_one_randomisation,True,ok,37.81045770842976,4.014126842684093,44.760129608685524,31.197912797140333,30.65071888742532,1.0,0.001,1.0,0.001,,,,,False,True,False,True,False,0.007071067811865475,0.007072393681252397,24,24,24,0,0.0,{},0.8049609616573901,0.6735648148148149,0.0,False,True,False,True,False,False,0.0,44.760129608685524,31.197912797140333,44.760129608685524,96.54166666666667,1.0649629349794483,0.0558454682455074,False,0.5092775884302337,False,0.021874999999999978,False,False,0.3550112992106309,0.021874999999999978,True,True,-0.8197718488080667,0.1376753703122406,5.4929994738604115,False,opposite_direction
183,assignment_isolation,plus_one_randomisation,True,ok,44.50661265918103,3.2412473302349785,50.103454501712726,38.7336335633083,30.389058746865274,1.0,0.001,1.0,0.001,,,,,False,True,False,True,False,0.007071067811865475,0.007084519470397535,24,24,24,0,0.0,{},0.8153061224489796,0.7120738636363636,0.0,False,True,False,True,False,False,0.0,50.103454501712726,38.7336335633083,50.103454501712726,96.66666666666667,1.0583663488231727,0.012958691448874324,False,0.5303474916303408,False,0.02083333333333326,False,False,0.4213780544013025,0.02083333333333326,True,True,0.5063194704717351,0.13028613638060546,5.184318284526402,False,opposite_direction
184,assignment_isolation,plus_one_randomisation,True,ok,43.3260826152129,3.7545421103628276,50.04159209733428,36.97013652840272,29.772892772773158,1.0,0.001,1.0,0.001,,,,,False,True,False,True,False,0.007071067811865475,0.007063108550427195,24,24,24,0,0.0,{},0.7932044800224705,0.7113295880149813,0.0,False,True,False,True,False,False,0.0,50.04159209733428,36.97013652840272,50.04159209733428,95.16666666666667,1.0257212369023607,0.013055202131769587,False,0.5219062394035924,False,0.0038194444444444864,False,False,0.4232098539689975,0.0038194444444444864,True,True,0.7483487892575419,0.11141961339919512,6.69590248022424,False,opposite_direction
185,assignment_isolation,plus_one_randomisation,True,ok,38.41336553501315,3.275765265086375,44.45920905567782,32.76179699089636,30.41331916932249,1.0,0.001,1.0,0.001,,,,,False,True,False,True,False,0.007071067811865475,0.007063847297930704,24,24,24,0,0.0,{},0.7982922335600908,0.7102564102564103,0.0,False,True,False,True,False,False,0.0,44.45920905567781,32.76179699089636,44.45920905567781,95.66666666666667,1.0506436676509172,0.0019682557295417594,False,0.5251782042781352,False,0.026388888888888906,False,False,0.3660177528557821,0.026388888888888906,True,True,-0.03625112531083868,0.16647892947404513,6.142365798935012,False,opposite_direction
186,assignment_isolation,plus_one_randomisation,True,ok,35.37789127927906,3.1994174214906232,40.789526944803406,29.90345236052393,29.90008805965387,1.0,0.001,1.0,0.001,,,,,False,True,False,True,False,0.007071067811865475,0.007069395767922291,24,24,24,0,0.0,{},0.7702506525635029,0.6453815261044178,0.0,False,True,False,True,False,False,0.0,40.789526944803406,29.90345236052393,40.789526944803406,91.375,1.0102723389736723,0.0064210682845435695,False,0.4934572501139553,False,0.014583333333333282,False,False,0.3499235177993799,0.014583333333333282,True,True,-0.276526623452618,0.08149539688267642,6.380087700072972,False,opposite_direction
187,assignment_isolation,plus_one_randomisation,True,ok,34.1686503099163,3.5035330637307207,39.96106064018666,27.366627495812242,29.416536033202327,1.0,0.001,1.0,0.001,,,,,False,True,False,False,True,0.007071067811865475,0.007071070959210712,24,24,24,0,0.0,{},0.8014375777192597,0.6954119850187267,0.0,False,True,False,False,False,False,0.0,39.96106064018666,27.366627495812242,39.96106064018666,96.125,1.0196823615210069,0.021660424992840915,False,0.5042335098178261,False,0.012847222222222232,False,False,0.33399995423225093,0.012847222222222232,True,False,0.2574745187243578,0.23692350197979556,5.0765862770594,False,inconclusive
188,assignment_isolation,plus_one_randomisation,True,ok,46.5714904727385,3.19674727700755,51.34964824840907,41.04038234387926,29.953546831282125,1.0,0.001,1.0,0.001,,,,,False,True,False,True,False,0.007071067811865475,0.007090022610533435,24,24,24,0,0.0,{},0.8014511928763441,0.7051971326164872,0.0,False,True,False,True,False,False,0.0,51.34964824840907,41.04038234387926,51.34964824840907,95.70833333333333,1.0388210858482048,0.019611436326793564,False,0.5177016689069771,False,0.013194444444444398,False,False,0.4480985841930332,0.013194444444444398,True,True,2.0415073501052916,0.17914674242553555,8.364649777501231,False,opposite_direction
189,assignment_isolation,plus_one_randomisation,True,ok,41.65198888765475,4.221611320992345,49.12943806982527,34.69189540433697,31.020842817260565,1.0,0.001,1.0,0.001,,,,,False,True,False,True,False,0.007071067811865475,0.007054873589033123,24,24,24,0,0.0,{},0.7747790542516635,0.686379928315412,0.0,False,True,False,True,False,False,0.0,49.12943806982528,34.69189540433697,49.12943806982528,93.5,1.058080326294112,0.013355557611304228,False,0.5289292940061797,False,0.023958333333333304,False,False,0.3946849563826928,0.023958333333333304,True,True,-0.9173992580177972,0.16351380006091798,3.5487631431848556,False,opposite_direction
190,assignment_isolation,plus_one_randomisation,True,ok,41.592830223008754,2.925649941313804,46.23969268439792,35.19210272719195,29.696873927343276,1.0,0.001,1.0,0.001,,,,,False,True,False,True,False,0.007071067811865475,0.007092741143670432,24,24,24,0,0.0,{},0.8212876624103944,0.7037545787545788,0.0,False,True,False,True,False,False,0.0,46.239692684397916,35.19210272719195,46.239692684397916,96.41666666666667,1.0341199254218074,0.004840833762432961,False,0.5035786258402193,False,0.012499999999999956,False,False,0.4032656961218857,0.012499999999999956,True,True,-0.3485978858313784,0.09172465778168587,6.510276246213761,False,opposite_direction
191,assignment_isolation,plus_one_randomisation,True,ok,42.33363371343017,3.3551690045217097,48.44489949125194,37.32308318545497,30.445915975057353,1.0,0.001,1.0,0.001,,,,,False,True,False,True,False,0.007071067811865475,0.007108655384679893,24,24,24,0,0.0,{},0.7995972360787791,0.7493589743589743,0.0,False,True,False,True,False,False,0.0,48.44489949125194,37.32308318545497,48.44489949125194,95.79166666666667,1.059132694371546,0.0377332218987051,False,0.5482296918187105,False,0.027430555555555514,False,False,0.4007603636851073,0.027430555555555514,True,True,-0.249204752729554,0.21235327532620282,5.850154260516377,False,opposite_direction
192,assignment_isolation,plus_one_randomisation,True,ok,49.0293596355527,3.8476940343001864,55.77746982701767,43.171345964601635,30.9493735657738,1.0,0.001,1.0,0.001,,,,,False,True,False,True,False,0.007071067811865475,0.007067021712237427,24,24,24,0,0.0,{},0.7832456140350879,0.7066287878787879,0.0,False,True,False,True,False,False,0.0,55.77746982701766,43.171345964601635,55.77746982701766,95.0,1.0659089176928227,0.017668079086069616,False,0.512663682117675,False,0.015625,False,False,0.4590267519298117,0.015625,True,True,0.9428728018271471,0.1549606335964094,7.153100295251812,False,opposite_direction
193,assignment_isolation,plus_one_randomisation,True,ok,36.650594209630256,4.794733532585231,44.15261380220097,28.212464969578512,30.373673764376147,1.0,0.001,1.0,0.001,,,,,False,True,False,False,True,0.007071067811865475,0.0070760585433527895,24,24,24,0,0.0,{},0.810546875,0.725,0.0,False,True,False,False,False,False,0.0,44.15261380220097,28.21246496957851,44.15261380220097,96.20833333333333,1.0540594138038115,0.010620543323870343,False,0.5083678820779756,False,0.022222222222222254,False,False,0.34732655738837076,0.022222222222222254,True,False,-0.5246851836757811,0.20027699952194108,6.017646057566674,False,inconclusive
194,assignment_isolation,plus_one_randomisation,True,ok,37.233317034290415,3.6890819445212184,43.60280030175194,30.958202552816573,30.392701108524086,1.0,0.001,1.0,0.001,,,,,False,True,False,True,False,0.007071067811865475,0.006997075113652201,24,24,24,0,0.0,{},0.7626315789473683,0.690909090909091,0.0,False,True,False,True,False,False,0.0,43.60280030175195,30.958202552816573,43.60280030175195,95.08333333333333,1.0368311554559715,0.02205688546021362,False,0.5190974154961102,False,0.04236111111111107,False,False,0.359254632169628,0.04236111111111107,True,True,-0.0948035205684761,0.16650048965971412,4.088667318008736,False,opposite_direction
195,assignment_isolation,plus_one_randomisation,True,ok,44.515640326301614,4.874430938097617,54.443340312994096,37.042067660001585,30.182688381150122,1.0,0.001,1.0,0.001,,,,,False,True,False,True,False,0.007071067811865475,0.007054386605592698,24,24,24,0,0.0,{},0.8140727124183007,0.7121863799283152,0.0,False,True,False,True,False,False,0.0,54.44334031299409,37.042067660001585,54.44334031299409,97.41666666666667,1.0507606818671564,0.019383673007314018,False,0.5233924662021445,False,0.025347222222222188,False,False,0.4244342532077628,0.025347222222222188,True,True,-1.1474316350525848,0.11922484246368788,7.652662383163429,False,opposite_direction
196,assignment_isolation,plus_one_randomisation,True,ok,37.9821301411622,3.7864023821761927,44.47660831753265,31.646620800967856,30.591105189251305,1.0,0.001,1.0,0.001,,,,,False,True,False,True,False,0.007071067811865475,0.00707208861506926,24,24,24,0,0.0,{},0.7902015165097863,0.6770833333333334,0.0,False,True,False,True,False,False,0.0,44.47660831753265,31.646620800967856,44.47660831753265,94.29166666666667,1.0503874439877035,0.012449411678405771,False,0.5155670275510241,False,0.01805555555555549,False,False,0.3618501295970096,0.01805555555555549,True,True,1.8946384856484253,0.2290416908366809,6.27690284994206,False,opposite_direction
197,assignment_isolation,plus_one_randomisation,True,ok,37.25847432928996,3.441926102084959,42.70177161337892,31.490891971909285,29.711137793933002,1.0,0.001,1.0,0.001,,,,,False,True,False,True,False,0.007071067811865475,0.007100274398894015,24,24,24,0,0.0,{},0.8017964457417583,0.7102314814814814,0.0,False,True,False,True,False,False,0.0,42.70177161337892,31.49089197190928,42.70177161337892,95.66666666666667,1.0316793593129132,0.01631556690039722,False,0.5186830713380444,False,0.03680555555555565,False,False,0.3613747801716394,0.03680555555555565,True,True,-0.21434452249187655,0.10080180464806417,4.428961990909002,False,opposite_direction
198,assignment_isolation,plus_one_randomisation,True,ok,41.896129872697756,4.99738617101687,50.996448080978524,33.52126768378238,30.292581276049887,1.0,0.001,1.0,0.001,,,,,False,True,False,True,False,0.007071067811865475,0.007059709565168499,24,24,24,0,0.0,{},0.8201215822867607,0.6470588235294117,0.0,False,True,False,True,False,False,0.0,50.996448080978524,33.52126768378238,50.996448080978524,96.33333333333333,1.0494975154631476,0.0037339727704333338,False,0.51177566441132,False,0.016319444444444442,False,False,0.4002601727193505,0.016319444444444442,True,True,0.4319354610595858,0.2121484527324722,6.754641091662005,False,opposite_direction
199,assignment_isolation,plus_one_randomisation,True,ok,34.03504965917902,4.02592055766206,41.9015480243988,27.171967299262786,30.072722913039723,1.0,0.001,1.0,0.001,,,,,False,True,False,False,True,0.007071067811865475,0.007028322170568349,24,24,24,0,0.0,{},0.7867506094858157,0.683909574468085,0.0,False,True,False,False,False,False,0.0,41.9015480243988,27.171967299262786,41.9015480243988,96.16666666666667,1.0363505908584627,0.003624637478251944,False,0.5258719018153641,False,0.023263888888888862,False,False,0.3268985042544529,0.023263888888888862,True,False,0.18542649584231477,0.2126382353231785,6.525979612276319,False,inconclusive
200,assignment_isolation,plus_one_randomisation,True,ok,40.711858755202634,4.4394148773226645,48.33699926116799,33.371079824995284,30.618824730029626,1.0,0.001,1.0,0.001,,,,,False,True,False,True,False,0.007071067811865475,0.007048457437099308,24,24,24,0,0.0,{},0.785374149659864,0.7113553113553114,0.0,False,True,False,True,False,False,0.0,48.33699926116799,33.371079824995284,48.33699926116799,94.875,1.0510623924910358,0.009326612132972568,False,0.5190778706755371,False,0.021527777777777812,False,False,0.38829565718810777,0.021527777777777812,True,True,0.6230129561120809,0.20576715542314636,5.555464358617087,False,opposite_direction
201,assignment_isolation,plus_one_randomisation,True,ok,45.03720525153083,4.55515741646305,52.48145707865171,36.45017264419636,29.74751807627743,1.0,0.001,1.0,0.001,,,,,False,True,False,True,False,0.007071067811865475,0.007084989557025618,24,24,24,0,0.0,{},0.8061437074829932,0.6742424242424243,0.0,False,True,False,True,False,False,0.0,52.48145707865171,36.45017264419636,52.48145707865171,96.5,1.0351984488119417,0.012256563722842208,False,0.5089848036951505,False,0.015277777777777724,False,False,0.43547409184300767,0.015277777777777724,True,True,-0.7483247478982157,0.2617278849824425,7.328572471727305,False,opposite_direction
202,assignment_isolation,plus_one_randomisation,True,ok,35.87763035374606,3.6719205200409317,41.844519477123505,29.058151821740953,29.884844433523234,1.0,0.001,1.0,0.001,,,,,False,True,False,False,True,0.007071067811865475,0.007050150323067769,24,24,24,0,0.0,{},0.8062049390202818,0.7065891472868217,0.0,False,True,False,False,False,False,0.0,41.844519477123505,29.058151821740953,41.844519477123505,97.0,1.037540953385621,0.00025856682911517734,False,0.5090895296617862,False,0.02013888888888893,False,False,0.3453128375504214,0.02013888888888893,True,False,0.2427922534452431,0.1676511977105691,5.919883768750506,False,inconclusive
203,assignment_isolation,plus_one_randomisation,True,ok,39.70890301319304,4.052463014612654,47.16855478792375,32.907948689128034,30.424687478503827,1.0,0.001,1.0,0.001,,,,,False,True,False,True,False,0.007071067811865475,0.007033327665362679,24,24,24,0,0.0,{},0.7822480354532163,0.6732758620689655,0.0,False,True,False,True,False,False,0.0,47.168554787923746,32.907948689128034,47.168554787923746,95.54166666666667,1.045811437807417,0.024169986281770462,False,0.508814074040328,False,0.03541666666666665,False,False,0.38050719824423296,0.03541666666666665,True,True,0.2279780096470608,0.14563589276493913,3.482649726473204,False,opposite_direction
204,assignment_isolation,plus_one_randomisation,True,ok,44.22338880451926,3.702902828792158,51.11700518527085,38.141948687886774,30.026897585777643,1.0,0.001,1.0,0.001,,,,,False,True,False,True,False,0.007071067811865475,0.007054870224564562,24,24,24,0,0.0,{},0.7954787234042553,0.7333333333333332,0.0,False,True,False,True,False,False,0.0,51.11700518527085,38.141948687886774,51.11700518527085,95.91666666666667,1.037329037492437,0.06258936426238519,False,0.5528867020673325,False,0.018055555555555602,False,False,0.42703059946648025,0.018055555555555602,True,True,0.16424475906308061,0.1847466525933538,7.51927126938809,False,opposite_direction
205,assignment_isolation,plus_one_randomisation,True,ok,45.9803673795976,4.116678460737409,52.59665151053609,38.92172655785556,30.53058735095199,1.0,0.001,1.0,0.001,,,,,False,True,False,True,False,0.007071067811865475,0.007033117369293816,24,24,24,0,0.0,{},0.7845873212808696,0.6992509363295881,0.0,False,True,False,True,False,False,0.0,52.596651510536084,38.92172655785556,52.596651510536084,95.375,1.0485045132802193,0.006799926791798824,False,0.500876492475177,False,0.036111111111111094,False,False,0.43880491118152903,0.036111111111111094,True,True,0.33957647608879105,0.16554975374341932,6.69982370230638,False,opposite_direction
206,assignment_isolation,plus_one_randomisation,True,ok,29.993441182536532,3.5161209851611783,35.807118154396726,24.127559458264184,29.78209326532922,1.0,0.001,1.0,0.001,,,,,False,True,False,False,True,0.007071067811865475,0.0070578465535598295,24,24,24,0,0.0,{},0.8019752692743763,0.7083333333333333,0.0,False,True,False,False,False,False,0.0,35.807118154396726,24.127559458264184,35.807118154396726,96.5,1.032431133282663,0.00966344319913888,False,0.48966876100167334,False,0.006597222222222143,False,False,0.2860809424838876,0.006597222222222143,True,False,-1.2015845867461625,0.1689193885217292,3.9968633087823853,False,inconclusive
207,assignment_isolation,plus_one_randomisation,True,ok,43.329938271874425,4.271719582645777,50.6335594911621,35.80161300794643,30.041772157654236,1.0,0.001,1.0,0.001,,,,,False,True,False,True,False,0.007071067811865475,0.007106824406043928,24,24,24,0,0.0,{},0.7964758255166628,0.7280092592592593,0.0,False,True,False,True,False,False,0.0,50.63355949116211,35.80161300794643,50.63355949116211,94.91666666666667,1.0400216414914285,0.010566586879805087,False,0.5068675827043306,False,0.030555555555555558,False,False,0.41755714337879674,0.030555555555555558,True,True,-0.39768338689052485,0.15858193318531358,5.554519979143525,False,opposite_direction
208,assignment_isolation,plus_one_randomisation,True,ok,35.923050259904805,3.5506578065713756,42.30232081988882,30.43446231841387,29.986505553089188,1.0,0.001,1.0,0.001,,,,,False,True,False,True,False,0.007071067811865475,0.007092370064757709,24,24,24,0,0.0,{},0.7936362617878576,0.7119850187265918,0.0,False,True,False,True,False,False,0.0,42.30232081988882,30.434462318413875,42.30232081988882,95.41666666666667,1.038722098906862,0.004178452423167319,False,0.5134653356073968,False,0.02083333333333326,False,False,0.34535922100408556,0.02083333333333326,True,True,-0.6727094816409098,0.13774427271619832,5.595761500517129,False,opposite_direction
209,assignment_isolation,plus_one_randomisation,True,ok,40.69354054828932,3.545334950706392,46.71089967040376,34.37582235097712,29.8922109942739,1.0,0.001,1.0,0.001,,,,,False,True,False,True,False,0.007071067811865475,0.0070898764513015865,24,24,24,0,0.0,{},0.8207500000000001,0.743486590038314,0.0,False,True,False,True,False,False,0.0,46.71089967040376,34.37582235097712,46.71089967040376,97.41666666666667,1.045883576091407,0.02190079449382853,False,0.5210859134986087,False,0.021527777777777812,False,False,0.3900627910648785,0.021527777777777812,True,True,-0.4860512371119252,0.10081184627075604,5.221781257372658,False,opposite_direction
210,assignment_isolation,plus_one_randomisation,True,ok,40.423837987070215,4.899041100300153,47.9590233203894,32.038245381259344,29.567562978228484,1.0,0.001,1.0,0.001,,,,,False,True,False,True,False,0.007071067811865475,0.007123512888877958,24,24,24,0,0.0,{},0.8296879295532646,0.6581460674157305,0.0,False,True,False,True,False,False,0.0,47.9590233203894,32.038245381259344,47.9590233203894,96.125,1.0325186994256843,0.01627634104534137,False,0.5198169104838455,False,0.03923611111111114,False,False,0.39251558931216385,0.03923611111111114,True,True,-1.06280860339902,0.2119281005270989,6.037118645615621,False,opposite_direction
211,assignment_isolation,plus_one_randomisation,True,ok,41.31689360895394,4.025764914909969,49.23799713403456,35.35255852816352,30.39102174981804,1.0,0.001,1.0,0.001,,,,,False,True,False,True,False,0.007071067811865475,0.007008947801934164,24,24,24,0,0.0,{},0.7956095573095402,0.6849999999999999,0.0,False,True,False,True,False,False,0.0,49.23799713403455,35.35255852816352,49.23799713403455,95.95833333333333,1.043300653644372,0.0021750652145078194,False,0.5050430839419169,False,0.03888888888888886,False,False,0.39706636000713025,0.03888888888888886,True,True,-1.0918736514657463,0.3097022937388728,5.353055340646192,False,opposite_direction
212,assignment_isolation,plus_one_randomisation,True,ok,39.35476012638167,2.955295518991118,44.398093989112134,34.17703041290668,29.751112961725784,1.0,0.001,1.0,0.001,,,,,False,True,False,True,False,0.007071067811865475,0.007086265693750815,24,24,24,0,0.0,{},0.8077693209478808,0.7280219780219779,0.0,False,True,False,True,False,False,0.0,44.398093989112134,34.17703041290668,44.398093989112134,96.41666666666667,1.0350628217943505,0.014047892830016721,False,0.514105893192036,False,0.023958333333333415,False,False,0.3810402893037956,0.023958333333333415,True,True,1.5972887294650362,0.29064730581273995,5.860359270478853,False,opposite_direction
213,assignment_isolation,plus_one_randomisation,True,ok,52.683240611875924,3.487222800402926,58.48275011844896,46.65484810944133,30.479542183438785,1.0,0.001,1.0,0.001,,,,,False,True,False,True,False,0.007071067811865475,0.0070651587392323,24,24,24,0,0.0,{},0.8012803819444444,0.7067028985507243,0.0,False,True,False,True,False,False,0.0,58.48275011844896,46.65484810944133,58.48275011844896,96.66666666666667,1.0586166962986356,0.013629388956867211,False,0.5280931321301389,False,0.00868055555555558,False,False,0.4930826947058023,0.00868055555555558,True,True,0.964748202170284,0.21914649562334743,7.295891525345367,False,opposite_direction
214,assignment_isolation,plus_one_randomisation,True,ok,37.138829949033656,2.8868679048556576,42.080974600454354,32.19576182856755,29.548038329913414,1.0,0.001,1.0,0.001,,,,,False,True,False,True,False,0.007071067811865475,0.0070521448693992754,24,24,24,0,0.0,{},0.8045103092783505,0.6319444444444445,0.0,False,True,False,True,False,False,0.0,42.080974600454354,32.19576182856755,42.080974600454354,97.125,1.0267989105747972,0.012854484725995045,False,0.5011941258208751,False,0.010069444444444464,False,False,0.3619479572869077,0.010069444444444464,True,True,-1.2603813800347134,0.13594014677853794,4.817059006431382,False,opposite_direction
215,assignment_isolation,plus_one_randomisation,True,ok,39.795859966493104,2.7402466638249567,44.27733101894624,34.868792235057875,30.420523345258054,1.0,0.001,1.0,0.001,,,,,False,True,False,True,False,0.007071067811865475,0.007071574612147214,24,24,24,0,0.0,{},0.8000212585034012,0.6581372549019607,0.0,False,True,False,True,False,False,0.0,44.277331018946235,34.868792235057875,44.277331018946235,96.04166666666667,1.054102049086501,0.0175166686384072,False,0.5073835382015853,False,0.01909722222222221,False,False,0.37829482626989286,0.01909722222222221,True,True,1.0856667788869738,0.18990486713500218,6.527121859238248,False,opposite_direction
216,assignment_isolation,plus_one_randomisation,True,ok,40.898169187245884,3.525020266447741,47.07808574251854,35.18547366972918,30.28236509897364,1.0,0.001,1.0,0.001,,,,,False,True,False,True,False,0.007071067811865475,0.007020181284073029,24,24,24,0,0.0,{},0.8060175279789334,0.7207865168539327,0.0,False,True,False,True,False,False,0.0,47.07808574251854,35.18547366972918,47.07808574251854,97.33333333333333,1.0486701860852337,0.03968202734154774,False,0.5169908673869754,False,0.021180555555555536,False,False,0.3909917487624842,0.021180555555555536,True,True,0.7820386035693064,0.13787964948509523,5.894889541646654,False,opposite_direction
217,assignment_isolation,plus_one_randomisation,True,ok,37.105204971970814,3.953552979466399,43.88180633759309,30.12629655655512,30.609092044959016,1.0,0.001,1.0,0.001,,,,,False,True,False,False,True,0.007071067811865475,0.007040483841383825,24,24,24,0,0.0,{},0.8020616319444446,0.6534883720930232,0.0,False,True,False,False,False,False,0.0,43.88180633759308,30.12629655655512,43.88180633759308,97.08333333333333,1.0616840611164684,0.0013668277667187709,False,0.5047264529612875,False,0.01736111111111105,False,False,0.349201581219182,0.01736111111111105,True,False,-1.9610464184331144,0.17277156259717683,5.073792012506061,False,inconclusive
218,assignment_isolation,plus_one_randomisation,True,ok,35.35125500072032,3.093743369618841,41.70024089310282,30.47712738445074,30.314446801546236,1.0,0.001,1.0,0.001,,,,,False,True,False,True,False,0.007071067811865475,0.007091440111874625,24,24,24,0,0.0,{},0.7999142072752232,0.7102059925093632,0.0,False,True,False,True,False,False,0.0,41.70024089310282,30.47712738445074,41.70024089310282,95.83333333333333,1.0522341398180077,0.007060451666848395,False,0.4956834568073761,False,0.01388888888888895,False,False,0.33492549880038447,0.01388888888888895,True,True,0.756695438339961,0.12846288775385994,6.418312231150713,False,opposite_direction
219,assignment_isolation,plus_one_randomisation,True,ok,35.99000415860578,4.297270610528684,42.3615134013457,27.826236022162597,29.63359416603968,1.0,0.001,1.0,0.001,,,,,False,True,False,False,True,0.007071067811865475,0.0070896897553289024,24,24,24,0,0.0,{},0.7998290553334735,0.7291218637992831,0.0,False,True,False,False,False,False,0.0,42.3615134013457,27.8262360221626,42.3615134013457,96.04166666666667,1.0294645784517629,0.01678969343558132,False,0.494688617416402,False,0.02256944444444442,False,False,0.34931222230401826,0.02256944444444442,True,False,-1.1759293289869206,0.19293097007645651,5.625612820176094,False,inconclusive
220,assignment_isolation,plus_one_randomisation,True,ok,44.24333048269557,3.3080242555901136,50.06857899807993,38.67260279426693,29.654857336877946,1.0,0.001,1.0,0.001,,,,,False,True,False,True,False,0.007071067811865475,0.007021228046254231,24,24,24,0,0.0,{},0.7927794357026586,0.6825757575757577,0.0,False,True,False,True,False,False,0.0,50.06857899807992,38.67260279426693,50.06857899807992,95.83333333333333,1.0191479131040606,0.009298661250822148,False,0.5110988277708219,False,0.01736111111111116,False,False,0.43457238032941964,0.01736111111111116,True,True,-0.046192996709243324,0.09743171562769433,7.417808210012181,False,opposite_direction
221,assignment_isolation,plus_one_randomisation,True,ok,38.55492394089132,3.6361385201045313,44.13334452690912,31.30491449590653,30.120500633816647,1.0,0.001,1.0,0.001,,,,,False,True,False,True,False,0.007071067811865475,0.007074415959883866,24,24,24,0,0.0,{},0.7978951890034365,0.6983516483516484,0.0,False,True,False,True,False,False,0.0,44.13334452690912,31.30491449590653,44.13334452690912,95.91666666666667,1.0434456212657048,0.014809992640651679,False,0.5321380128084185,False,0.025347222222222188,False,False,0.3700287672039207,0.025347222222222188,True,True,1.391053061683067,0.22230013443528793,5.529707939266275,False,opposite_direction
222,assignment_isolation,plus_one_randomisation,True,ok,40.21235655419088,4.258265400697532,46.166444076427126,32.43804104896909,29.231300741596517,1.0,0.001,1.0,0.001,,,,,False,True,False,True,False,0.007071067811865475,0.007046079283317992,24,24,24,0,0.0,{},0.7936925871029132,0.7083333333333333,0.0,False,True,False,True,False,False,0.0,46.166444076427126,32.43804104896909,46.166444076427126,97.0,1.0142652311721492,0.021602839687712233,False,0.5172054621308384,False,0.03402777777777777,False,False,0.3975157284150262,0.03402777777777777,True,True,-0.3970821039332026,0.10163745641540597,5.773762221799345,False,opposite_direction
223,assignment_isolation,plus_one_randomisation,True,ok,36.863495850239794,4.1001139373523925,43.56184898063398,29.508003453226408,30.76733639723671,1.0,0.001,1.0,0.001,,,,,False,True,False,False,True,0.007071067811865475,0.007048924821761661,24,24,24,0,0.0,{},0.7929279912527336,0.7243589743589745,0.0,False,True,False,False,False,False,0.0,43.56184898063398,29.508003453226408,43.56184898063398,96.66666666666667,1.0661569802428394,0.010174599763594886,False,0.5058783511012789,False,0.02083333333333326,False,False,0.3452766773495737,0.02083333333333326,True,False,0.5421500255995451,0.1984463126658358,5.172989324209741,False,inconclusive
224,assignment_isolation,plus_one_randomisation,True,ok,43.422739997116004,2.8764136709113908,48.29796881866604,37.43886168175268,30.2612166950964,1.0,0.001,1.0,0.001,,,,,False,True,False,True,False,0.007071067811865475,0.007062294278770268,24,24,24,0,0.0,{},0.8186631944444445,0.6862887596899224,0.0,False,True,False,True,False,False,0.0,48.29796881866604,37.43886168175268,48.29796881866604,96.79166666666667,1.0512867337643204,0.0005517335534033223,False,0.49313627481740246,False,0.030208333333333393,False,False,0.4140294708877057,0.030208333333333393,True,True,1.578021585835195,0.13652805110634308,7.032789068614487,False,opposite_direction
225,assignment_isolation,plus_one_randomisation,True,ok,42.89510106241173,4.5028039610686035,50.293169204972145,33.89812867364911,30.092562145241114,1.0,0.001,1.0,0.001,,,,,False,True,False,True,False,0.007071067811865475,0.007007274662842471,24,24,24,0,0.0,{},0.8039454971926714,0.6804659498207888,0.0,False,True,False,True,False,False,0.0,50.293169204972145,33.89812867364911,50.293169204972145,96.54166666666667,1.0359426352055356,0.033184200022151354,False,0.5076116248895286,False,0.023263888888888862,False,False,0.4150401119752026,0.023263888888888862,True,True,0.5412152084304879,0.14573618321631676,7.297327487440487,False,opposite_direction
226,assignment_isolation,plus_one_randomisation,True,ok,40.62888449825436,3.5260794705045657,47.021165790731104,34.80366928023895,29.268834617683993,1.0,0.001,1.0,0.001,,,,,False,True,False,True,False,0.007071067811865475,0.007112496545395978,24,24,24,0,0.0,{},0.8261168384879725,0.6909259259259259,0.0,False,True,False,True,False,False,0.0,47.0211657907311,34.80366928023895,47.0211657907311,96.91666666666667,1.0247000038403566,0.002337332387880573,False,0.5132139844404203,False,0.029166666666666674,False,False,0.397543421222029,0.029166666666666674,True,True,-1.6182147901199313,0.1924993837666238,6.768741137443469,False,opposite_direction
227,assignment_isolation,plus_one_randomisation,True,ok,47.433168756172826,3.3955660816131585,53.42429798600725,41.649608739487434,30.101115899335046,1.0,0.001,1.0,0.001,,,,,False,True,False,True,False,0.007071067811865475,0.007052853526490984,24,24,24,0,0.0,{},0.8030927835051546,0.7166666666666668,0.0,False,True,False,True,False,False,0.0,53.42429798600725,41.649608739487434,53.42429798600725,95.58333333333333,1.0377877755930611,0.017617152765865726,False,0.5348224437278143,False,0.010763888888888906,False,False,0.45631117364346657,0.010763888888888906,True,True,-0.42780901154425444,0.17255690194782758,8.392796453776544,False,opposite_direction
228,assignment_isolation,plus_one_randomisation,True,ok,34.69503860615881,4.0002002747122285,40.88529918659408,27.400512946443794,29.897599654906504,1.0,0.001,1.0,0.001,,,,,False,True,False,False,True,0.007071067811865475,0.0070483823298995866,24,24,24,0,0.0,{},0.794317563199619,0.6791187739463602,0.0,False,True,False,False,False,False,0.0,40.88529918659408,27.400512946443794,40.88529918659408,95.0,1.0269695880316432,0.015243148755742236,False,0.49629879823384226,False,0.01041666666666674,False,False,0.33691249742210155,0.01041666666666674,True,False,0.6716758609329905,0.08254779479975574,4.818756679369307,False,inconclusive
229,assignment_isolation,plus_one_randomisation,True,ok,37.21391258123667,5.1921417394077105,45.452841076213446,28.114877465301518,30.778285406451566,1.0,0.001,1.0,0.001,,,,,False,True,False,False,True,0.007071067811865475,0.007022111518827999,24,24,24,0,0.0,{},0.7943840579710146,0.7164794007490636,0.0,False,True,False,False,False,False,0.0,45.452841076213446,28.114877465301518,45.452841076213446,96.66666666666667,1.0624794055832445,0.03248678219036997,False,0.5092132895230769,False,0.03472222222222221,False,False,0.35000079207949525,0.03472222222222221,True,False,-0.43521569109043307,0.12955323875947075,5.798833715183007,False,inconclusive
230,assignment_isolation,plus_one_randomisation,True,ok,42.79384438087874,3.6474023959314144,48.29981948253038,36.11891183026423,30.460874534457705,1.0,0.001,1.0,0.001,,,,,False,True,False,True,False,0.007071067811865475,0.007053150770667748,24,24,24,0,0.0,{},0.8025074838187701,0.7124542124542125,0.0,False,True,False,True,False,False,0.0,48.29981948253038,36.11891183026423,48.29981948253038,97.25,1.0593521314141627,0.00028837101460485486,False,0.48824593697269647,False,0.028124999999999956,False,False,0.4050197535019067,0.028124999999999956,True,True,0.5181695046558449,0.19830854337142106,5.718093080581886,False,opposite_direction
231,assignment_isolation,plus_one_randomisation,True,ok,38.54593185690333,4.09191663544991,45.87292666472355,31.13109980807463,29.661778858706846,1.0,0.001,1.0,0.001,,,,,False,True,False,True,False,0.007071067811865475,0.007036161740203952,24,24,24,0,0.0,{},0.7742268041237114,0.6787405303030303,0.0,False,True,False,True,False,False,0.0,45.87292666472356,31.131099808074634,45.87292666472356,94.91666666666667,1.0166565197613755,0.01973296802151152,False,0.5090947913048584,False,0.016319444444444442,False,False,0.37994407365212396,0.016319444444444442,True,True,2.06782867131879,0.16424517113700154,6.1510031128950375,False,opposite_direction
232,assignment_isolation,plus_one_randomisation,True,ok,37.157542827796114,3.5126764670173727,43.712470952577924,31.30836147594218,29.459372016811177,1.0,0.001,1.0,0.001,,,,,False,True,False,True,False,0.007071067811865475,0.007104941484860458,24,24,24,0,0.0,{},0.7976477879481312,0.6815686274509805,0.0,False,True,False,True,False,False,0.0,43.712470952577924,31.30836147594218,43.712470952577924,95.25,1.021377971002903,0.014719443983041577,False,0.5051845181710847,False,0.019444444444444375,False,False,0.3641317196781043,0.019444444444444375,True,True,-2.0158952014310616,0.27761994407049734,5.123049748317829,False,opposite_direction
233,assignment_isolation,plus_one_randomisation,True,ok,45.104141643958485,3.9452387209374975,51.78765672708688,37.74448527042706,30.360691604794916,1.0,0.001,1.0,0.001,,,,,False,True,False,True,False,0.007071067811865475,0.007047761188121351,24,24,24,0,0.0,{},0.8025126556553226,0.6659003831417625,0.0,False,True,False,True,False,False,0.0,51.78765672708689,37.74448527042706,51.78765672708689,95.83333333333333,1.047348322769369,0.009016764232682275,False,0.5093114149127937,False,0.01388888888888884,False,False,0.43122681894047743,0.01388888888888884,True,True,2.4516568414073157,0.23693816820619826,7.36037211735173,False,opposite_direction
234,assignment_isolation,plus_one_randomisation,True,ok,36.22260995080649,3.408536368666031,41.49884173453919,29.994662954027806,29.632003429021054,1.0,0.001,1.0,0.001,,,,,False,True,False,True,False,0.007071067811865475,0.007015144789974782,24,24,24,0,0.0,{},0.7874574652777777,0.6852807971014493,0.0,False,True,False,True,False,False,0.0,41.49884173453919,29.994662954027806,41.49884173453919,95.58333333333333,1.0161521599848313,0.018283506597588744,False,0.5102902485612207,False,0.029861111111111116,False,False,0.35650318332313885,0.029861111111111116,True,True,-1.3561462621930984,0.20205372210992278,5.747301454315433,False,opposite_direction
235,assignment_isolation,plus_one_randomisation,True,ok,43.96965176816919,5.026839881183471,52.83663129660977,34.897594180469746,30.355245650828397,1.0,0.001,1.0,0.001,,,,,False,True,False,True,False,0.007071067811865475,0.00706189734584312,24,24,24,0,0.0,{},0.7961458333333333,0.6877394636015326,0.0,False,True,False,True,False,False,0.0,52.83663129660977,34.897594180469746,52.83663129660977,96.0,1.0501728173824454,0.026123973784050656,False,0.5107544515471636,False,0.019444444444444375,False,False,0.4195836494071145,0.019444444444444375,True,True,-1.2635069860326529,0.1698928367174216,6.181057709420296,False,opposite_direction
236,assignment_isolation,plus_one_randomisation,True,ok,39.78001104519223,2.774590068510596,45.07608189023471,35.1366859047218,29.54086494042851,1.0,0.001,1.0,0.001,,,,,False,True,False,True,False,0.007071067811865475,0.0070904708598087856,24,24,24,0,0.0,{},0.7997921933150762,0.6537306201550389,0.0,False,True,False,True,False,False,0.0,45.07608189023471,35.1366859047218,45.07608189023471,94.41666666666667,1.0176363692879866,0.01003211929216087,False,0.5346680009199541,False,0.020486111111111094,False,False,0.3919079337998279,0.020486111111111094,True,True,1.0047703451126462,0.12466506880685733,5.644198064857078,False,opposite_direction
237,assignment_isolation,plus_one_randomisation,True,ok,37.628916474325095,3.7920826354932027,43.661812123599866,31.065566580425386,29.546301689733895,1.0,0.001,1.0,0.001,,,,,False,True,False,True,False,0.007071067811865475,0.007092800646725116,24,24,24,0,0.0,{},0.8184747807017545,0.7081541218637992,0.0,False,True,False,True,False,False,0.0,43.661812123599866,31.065566580425386,43.661812123599866,96.375,1.0286629110237506,0.01156514027682636,False,0.5132053407083483,False,0.018402777777777768,False,False,0.36621113913149383,0.018402777777777768,True,True,-1.0859977462257129,0.14198515393915734,4.843841011865855,False,opposite_direction
238,assignment_isolation,plus_one_randomisation,True,ok,37.22978099899905,3.4283653036185378,43.327153160038655,31.63642470646298,29.891862825424663,1.0,0.001,1.0,0.001,,,,,False,True,False,True,False,0.007071067811865475,0.0070924106502467475,24,24,24,0,0.0,{},0.8098741319444446,0.7374547101449275,0.0,False,True,False,True,False,False,0.0,43.327153160038655,31.63642470646298,43.327153160038655,97.58333333333333,1.0471398386662867,0.0031739311933565487,False,0.5008478077342987,False,0.02013888888888893,False,False,0.35553136183955597,0.02013888888888893,True,True,-2.1994140322224576,0.3082429307563756,4.9493952143752695,False,opposite_direction
239,assignment_isolation,plus_one_randomisation,True,ok,45.091425165411245,4.460800845085852,53.36586338995046,38.21792606477423,30.537763896047686,1.0,0.001,1.0,0.001,,,,,False,True,False,True,False,0.007071067811865475,0.007025822460335386,24,24,24,0,0.0,{},0.7930475673720383,0.7233695652173912,0.0,False,True,False,True,False,False,0.0,53.36586338995047,38.21792606477423,53.36586338995047,96.125,1.0517743732261,0.0007515987675670182,False,0.5267777092429256,False,0.021527777777777812,False,False,0.4293566294450928,0.021527777777777812,True,True,0.24997357972758696,0.12461851446025396,6.168377188108072,False,opposite_direction
240,assignment_isolation,plus_one_randomisation,True,ok,44.64799165318655,3.998994588131431,50.1905741597492,36.49516909292793,30.172440549514683,1.0,0.001,1.0,0.001,,,,,False,True,False,True,False,0.007071067811865475,0.007064643854328559,24,24,24,0,0.0,{},0.784559611487803,0.7003314393939394,0.0,False,True,False,True,False,False,0.0,50.1905741597492,36.49516909292793,50.1905741597492,95.58333333333333,1.0419858069693029,0.00025414395539937655,False,0.5106471348177408,False,0.021180555555555647,False,False,0.4291355438312908,0.021180555555555647,True,True,-0.30704783725743284,0.2371483794118005,7.050359965724975,False,opposite_direction
241,assignment_isolation,plus_one_randomisation,True,ok,39.134150937144476,4.07643378653068,46.06735678934497,31.334610087080705,29.976720059831525,1.0,0.001,1.0,0.001,,,,,False,True,False,True,False,0.007071067811865475,0.0070720181640383534,24,24,24,0,0.0,{},0.8197425529970761,0.723404255319149,0.0,False,True,False,True,False,False,0.0,46.06735678934498,31.334610087080705,46.06735678934498,96.375,1.0405900755498187,0.00715584382459883,False,0.5197689596404702,False,0.009722222222222188,False,False,0.37680115884615717,0.009722222222222188,True,True,-0.1493068480991308,0.20206761811396878,6.051836958386551,False,opposite_direction
242,assignment_isolation,plus_one_randomisation,True,ok,41.4638360867332,3.425614800875868,47.70739493096956,35.54553479038811,29.838937117195115,1.0,0.001,1.0,0.001,,,,,False,True,False,True,False,0.007071067811865475,0.0070164490051008496,24,24,24,0,0.0,{},0.7886286332714905,0.6602059925093633,0.0,False,True,False,True,False,False,0.0,47.70739493096956,35.54553479038811,47.70739493096956,96.125,1.026334441496017,0.013669461259207833,False,0.5191059484802512,False,0.025347222222222188,False,False,0.4050565010500249,0.025347222222222188,True,True,-0.1900269497306832,0.16477211106122833,6.452224603503108,False,opposite_direction
243,assignment_isolation,plus_one_randomisation,True,ok,33.10836225577632,3.474600310529777,38.454811494605096,26.83716551500178,29.076204635461714,1.0,0.001,1.0,0.001,,,,,False,True,False,False,True,0.007071067811865475,0.007076848954294465,24,24,24,0,0.0,{},0.818918095588751,0.6707854406130269,0.0,False,True,False,False,False,False,0.0,38.454811494605096,26.837165515001782,38.454811494605096,96.91666666666667,1.0128540795422492,0.015878545001492238,False,0.5107462990228008,False,0.010763888888888906,False,False,0.32526657095555,0.010763888888888906,True,False,0.24336455789226316,0.16639201128150236,5.432705297987719,False,inconclusive
244,assignment_isolation,plus_one_randomisation,True,ok,39.951386428229746,3.15728852259074,45.555670579442506,35.223787029041176,30.19339291731125,1.0,0.001,1.0,0.001,,,,,False,True,False,True,False,0.007071067811865475,0.007015704416014502,24,24,24,0,0.0,{},0.8049886116062586,0.7359375,0.0,False,True,False,True,False,False,0.0,45.555670579442506,35.223787029041176,45.555670579442506,97.04166666666667,1.0433555476086984,0.00404257853268505,False,0.5390606832860529,False,0.019444444444444486,False,False,0.3837923651885574,0.019444444444444486,True,True,1.1730604881512223,0.14390397612904268,5.753456430784241,False,opposite_direction
245,assignment_isolation,plus_one_randomisation,True,ok,43.02187685803631,3.875550391021189,49.46329606149651,35.56491231679206,30.27851458926571,1.0,0.001,1.0,0.001,,,,,False,True,False,True,False,0.007071067811865475,0.007023542258611522,24,24,24,0,0.0,{},0.7789635774218153,0.6779554263565891,0.0,False,True,False,True,False,False,0.0,49.4632960614965,35.56491231679206,49.4632960614965,95.625,1.0397920529525664,0.04428739492240892,False,0.5166283514102601,False,0.03472222222222221,False,False,0.4147308217250505,0.03472222222222221,True,True,-0.8115696824535023,0.08390839132219162,6.21399319670924,False,opposite_direction
246,assignment_isolation,plus_one_randomisation,True,ok,41.06912046131867,3.5896975880312274,46.77688080977524,34.78097973235502,29.550183467011994,1.0,0.001,1.0,0.001,,,,,False,True,False,True,False,0.007071067811865475,0.0070827031023978065,24,24,24,0,0.0,{},0.7995614035087721,0.7124556737588652,0.0,False,True,False,True,False,False,0.0,46.77688080977524,34.78097973235502,46.77688080977524,95.66666666666667,1.0235511347023496,0.019687801636731006,False,0.4932171778524424,False,0.017708333333333437,False,False,0.40230246667448183,0.017708333333333437,True,True,0.05405645403169005,0.1131829997527585,6.286843309656088,False,opposite_direction
247,assignment_isolation,plus_one_randomisation,True,ok,38.9443611839175,4.416287383301269,46.54089138526629,30.8514722739053,30.41248600127832,1.0,0.001,1.0,0.001,,,,,False,True,False,True,False,0.007071067811865475,0.007031627578463205,24,24,24,0,0.0,{},0.7991847826086956,0.7171648550724637,0.0,False,True,False,True,False,False,0.0,46.54089138526629,30.8514722739053,46.54089138526629,96.33333333333333,1.049460461595346,0.024559511405390182,False,0.5247533870953976,False,0.03576388888888882,False,False,0.3716721474068376,0.03576388888888882,True,True,-2.493777626312819,0.2424656539354512,5.543581120227006,False,opposite_direction
248,assignment_isolation,plus_one_randomisation,True,ok,48.39740662678273,4.0778007535720775,55.549736321364655,41.240233512562206,31.04005120376289,1.0,0.001,1.0,0.001,,,,,False,True,False,True,False,0.007071067811865475,0.007019897288894225,24,24,24,0,0.0,{},0.7811384644406715,0.6767926356589147,0.0,False,True,False,True,False,False,0.0,55.549736321364655,41.240233512562206,55.549736321364655,95.5,1.0646941723818732,0.001119520153333044,False,0.5166518114855679,False,0.0215277777777777,False,False,0.45398016835748733,0.0215277777777777,True,True,-1.2420292119496672,0.18067455363302862,7.508138387676397,False,opposite_direction
249,assignment_isolation,plus_one_randomisation,True,ok,39.308859391835085,3.075573367083,44.028100579771476,33.67330326563282,29.973756785502616,1.0,0.001,1.0,0.001,,,,,False,True,False,True,False,0.007071067811865475,0.007062220613314936,24,24,24,0,0.0,{},0.8042053950292989,0.7364149305555556,0.0,False,True,False,True,False,False,0.0,44.02810057977147,33.67330326563282,44.02810057977147,96.54166666666667,1.0399437748225748,0.020314487588739782,False,0.5194055167436936,False,0.01805555555555549,False,False,0.3787629457414114,0.01805555555555549,True,True,0.5252288552934807,0.09155631409948975,5.102631596406118,False,opposite_direction
250,assignment_isolation,plus_one_randomisation,True,ok,35.78867406403018,3.4083538458364324,41.65131059423335,30.120829761461373,30.059451583861637,1.0,0.001,1.0,0.001,,,,,False,True,False,True,False,0.007071067811865475,0.007035169099052698,24,24,24,0,0.0,{},0.7915199652777778,0.691998106060606,0.0,False,True,False,True,False,False,0.0,41.65131059423335,30.12082976146137,41.65131059423335,96.625,1.0393704165286,0.012678895125138147,False,0.5225439218406429,False,0.035069444444444486,False,False,0.34377017436017887,0.035069444444444486,True,True,0.8472194985289648,0.21136353666808927,5.982239232832656,False,opposite_direction
251,assignment_isolation,plus_one_randomisation,True,ok,45.01976846414677,3.3103207316023036,49.654636271872775,37.55988748231901,30.005499356507762,1.0,0.001,1.0,0.001,,,,,False,True,False,True,False,0.007071067811865475,0.0070334962002552934,24,24,24,0,0.0,{},0.8112664350814285,0.6620833333333334,0.0,False,True,False,True,False,False,0.0,49.65463627187277,37.55988748231901,49.65463627187277,96.95833333333333,1.0390457996560218,0.027549193304930223,False,0.5116893195017654,False,0.02673611111111107,False,False,0.433763004220804,0.02673611111111107,True,True,1.9092054337982338,0.19881430879446238,6.969411516109844,False,opposite_direction
252,assignment_isolation,plus_one_randomisation,True,ok,34.97891832771244,3.477524899492676,40.78520169094304,29.724715510476234,30.422381348422256,1.0,0.001,1.0,0.001,,,,,False,True,False,False,True,0.007071067811865475,0.007028767312997697,24,24,24,0,0.0,{},0.794770622895623,0.6748039215686273,0.0,False,True,False,False,False,False,0.0,40.78520169094304,29.724715510476234,40.78520169094304,95.66666666666667,1.045737537399811,0.03288628865768061,False,0.505216448396454,False,0.024652777777777857,False,False,0.3333625198087187,0.024652777777777857,True,False,-0.9394266695014334,0.10877737729055459,4.445239963907363,False,inconclusive
253,assignment_isolation,plus_one_randomisation,True,ok,41.92259692229486,3.998637566980254,48.35176538660009,34.784674549051495,30.323616310517426,1.0,0.001,1.0,0.001,,,,,False,True,False,True,False,0.007071067811865475,0.007072508648781441,24,24,24,0,0.0,{},0.7982508977180586,0.6823033707865169,0.0,False,True,False,True,False,False,0.0,48.351765386600086,34.784674549051495,48.351765386600086,95.54166666666667,1.048143851014255,0.00496993646005272,False,0.5130563215335036,False,0.023611111111111138,False,False,0.4010297526699028,0.023611111111111138,True,True,-0.8759030434321566,0.27205359423318737,6.736579506781058,False,opposite_direction
254,assignment_isolation,plus_one_randomisation,True,ok,41.709093380842454,4.674622958507423,48.9868833167952,32.90855629848204,30.329018584431484,1.0,0.001,1.0,0.001,,,,,False,True,False,True,False,0.007071067811865475,0.007082561347601816,24,24,24,0,0.0,{},0.7948684210526316,0.6626453488372095,0.0,False,True,False,True,False,False,0.0,48.9868833167952,32.90855629848204,48.9868833167952,96.125,1.0530206379731384,0.02397236602294646,False,0.5134550222651617,False,0.009375000000000022,False,False,0.3971357771821873,0.009375000000000022,True,True,0.5635146594045712,0.11378284804050914,6.324495493138003,False,opposite_direction
255,assignment_isolation,plus_one_randomisation,True,ok,38.5886205629975,3.764133187396741,44.319573001114414,32.194408290628324,28.990541512693405,1.0,0.001,1.0,0.001,,,,,False,True,False,True,False,0.007071067811865475,0.007101938901319966,24,24,24,0,0.0,{},0.8269765979308392,0.7124561403508771,0.0,False,True,False,True,False,False,0.0,44.319573001114414,32.194408290628324,44.319573001114414,98.125,1.0197485548162175,0.012949080992073944,False,0.493152225562459,False,0.02777777777777779,False,False,0.37919594664692946,0.02777777777777779,True,True,-0.17044962995181936,0.10370346538369371,5.172737217086996,False,opposite_direction
256,assignment_isolation,plus_one_randomisation,True,ok,40.34246292326933,4.740282992077803,48.51072173390271,32.63387811557662,30.632858644543013,1.0,0.001,1.0,0.001,,,,,False,True,False,True,False,0.007071067811865475,0.0070607131108854386,24,24,24,0,0.0,{},0.8076460481099655,0.7269230769230768,0.0,False,True,False,True,False,False,0.0,48.51072173390272,32.63387811557662,48.51072173390272,97.04166666666667,1.0653326082143624,0.02426257677148782,False,0.5350967592097825,False,0.024652777777777857,False,False,0.3794734670368361,0.024652777777777857,True,True,0.49979525672603364,0.13995217527482287,4.867285373009982,False,opposite_direction
257,assignment_isolation,plus_one_randomisation,True,ok,39.408013216311424,3.756061499834546,46.07222085382108,33.101442667549506,29.561921184340036,1.0,0.001,1.0,0.001,,,,,False,True,False,True,False,0.007071067811865475,0.007057361752229714,24,24,24,0,0.0,{},0.8122815878079035,0.7030344202898551,0.0,False,True,False,True,False,False,0.0,46.07222085382108,33.101442667549506,46.07222085382108,96.16666666666667,1.0229568620029166,0.033162404885525035,False,0.5172035476987882,False,0.01666666666666672,False,False,0.38615840220584935,0.01666666666666672,True,True,-0.35677013192339413,0.19271894793877972,7.271190522097673,False,opposite_direction
258,assignment_isolation,plus_one_randomisation,True,ok,38.271784313644694,3.7311743473753607,44.70970788840796,31.450564337131592,30.786374958643982,1.0,0.001,1.0,0.001,,,,,False,True,False,True,False,0.007071067811865475,0.00707569021269046,24,24,24,0,0.0,{},0.7974750905797101,0.7075925925925926,0.0,False,True,False,True,False,False,0.0,44.70970788840796,31.450564337131592,44.70970788840796,95.375,1.063688942844426,0.007698646576558235,False,0.5205269071785343,False,0.006597222222222254,False,False,0.3599789617309284,0.006597222222222254,True,True,-1.0354107634722653,0.23138220222942357,5.963309739402788,False,opposite_direction
259,assignment_isolation,plus_one_randomisation,True,ok,36.76447553067707,3.5874487551186114,42.91869392280875,30.053861639373153,29.91644318272681,1.0,0.001,1.0,0.001,,,,,False,True,False,True,False,0.007071067811865475,0.0070513459079862865,24,24,24,0,0.0,{},0.8103114035087718,0.7,0.0,False,True,False,True,False,False,0.0,42.91869392280875,30.053861639373153,42.91869392280875,96.91666666666667,1.0383678109818582,0.03878874682998557,False,0.4835197655912518,False,0.022916666666666696,False,False,0.3539867392191847,0.022916666666666696,True,True,-2.0082017843785596,0.2447179821288083,3.5779649617724067,False,opposite_direction
260,assignment_isolation,plus_one_randomisation,True,ok,47.04545502530252,3.682293282017624,53.699060160205505,40.38351410929242,30.149135905942142,1.0,0.001,1.0,0.001,,,,,False,True,False,True,False,0.007071067811865475,0.007075545779355426,24,24,24,0,0.0,{},0.8031039562289561,0.7363425925925927,0.0,False,True,False,True,False,False,0.0,53.699060160205505,40.38351410929242,53.699060160205505,96.45833333333333,1.047549842460033,0.008129581636402984,False,0.5006124316288352,False,0.015625,False,False,0.44884315416001286,0.015625,True,True,0.9494114404073647,0.18482743814411504,7.614336947542834,False,opposite_direction
261,assignment_isolation,plus_one_randomisation,True,ok,37.827840669476245,3.5754515044621162,44.59233660843645,32.35422587703437,29.555386933881994,1.0,0.001,1.0,0.001,,,,,False,True,False,True,False,0.007071067811865475,0.007066091596060506,24,24,24,0,0.0,{},0.8109161319166842,0.6684313725490195,0.0,False,True,False,True,False,False,0.0,44.59233660843645,32.35422587703437,44.59233660843645,96.29166666666667,1.0246611457160397,0.006988428418114489,False,0.5237621053060374,False,0.012499999999999956,False,False,0.36969622055120643,0.012499999999999956,True,True,-0.14260868801462237,0.0984063020412311,5.276902457229612,False,opposite_direction
262,assignment_isolation,plus_one_randomisation,True,ok,32.33354374817157,3.7665268643765595,38.72129364540393,25.962325874355834,29.653153833675535,1.0,0.001,1.0,0.001,,,,,False,True,False,False,True,0.007071067811865475,0.007045769109907352,24,24,24,0,0.0,{},0.7934818756235451,0.651947463768116,0.0,False,True,False,False,False,False,0.0,38.72129364540393,25.962325874355837,38.72129364540393,95.29166666666667,1.019757160757442,0.01072584747059812,False,0.5108241410953929,False,0.016319444444444442,False,False,0.3147700325589538,0.016319444444444442,True,False,0.6018632404754277,0.162537979222163,4.580407329446834,False,inconclusive
263,assignment_isolation,plus_one_randomisation,True,ok,33.668644499562795,4.087522637184422,40.79950730884474,26.46354406421871,30.06594045971004,1.0,0.001,1.0,0.001,,,,,False,True,False,False,True,0.007071067811865475,0.007065175766319102,24,24,24,0,0.0,{},0.7994242205969269,0.6916666666666667,0.0,False,True,False,False,False,False,0.0,40.79950730884474,26.46354406421871,40.79950730884474,95.45833333333333,1.0377068696512841,0.01966685015964747,False,0.5081768811832919,False,0.015972222222222276,False,False,0.3226730804602118,0.015972222222222276,True,False,0.14615506641439174,0.09489536395548437,4.62712569598106,False,inconclusive
264,assignment_isolation,plus_one_randomisation,True,ok,38.35741046657896,4.219573729274007,46.0118694449219,30.75059101466841,29.89972038964618,1.0,0.001,1.0,0.001,,,,,False,True,False,True,False,0.007071067811865475,0.007038666480234973,24,24,24,0,0.0,{},0.7860654793549531,0.6953703703703703,0.0,False,True,False,True,False,False,0.0,46.0118694449219,30.750591014668412,46.0118694449219,95.20833333333333,1.026750681491267,0.022809654285928314,False,0.5030017258006352,False,0.015625,False,False,0.37423716984522604,0.015625,True,True,-0.26133068946525045,0.10737616089678037,6.373690999315473,False,opposite_direction
265,assignment_isolation,plus_one_randomisation,True,ok,42.20133475747847,2.8181151301222167,46.67697607795106,37.78727309002377,30.093519117674862,1.0,0.001,1.0,0.001,,,,,False,True,False,True,False,0.007071067811865475,0.007055819849696422,24,24,24,0,0.0,{},0.819391089769241,0.6914912280701754,0.0,False,True,False,True,False,False,0.0,46.67697607795106,37.78727309002377,46.67697607795106,96.91666666666667,1.0451766514320724,0.0232350234601619,False,0.5077780955137758,False,0.017708333333333326,False,False,0.4048301251187377,0.017708333333333326,True,True,0.33755055060492495,0.09796909067209034,5.190915705236023,False,opposite_direction
266,assignment_isolation,plus_one_randomisation,True,ok,38.16976896728291,3.8862973898972433,43.656622724807384,30.8761475437205,29.784857567984847,1.0,0.001,1.0,0.001,,,,,False,True,False,True,False,0.007071067811865475,0.007044590564026011,24,24,24,0,0.0,{},0.8017642543859649,0.6992424242424243,0.0,False,True,False,True,False,False,0.0,43.656622724807384,30.876147543720503,43.656622724807384,96.91666666666667,1.0328102110925768,0.024703313580969336,False,0.4994314928530386,False,0.017708333333333326,False,False,0.3701069199289008,0.017708333333333326,True,True,-1.4448523301415594,0.1869015154579983,6.1621367784878,False,opposite_direction
267,assignment_isolation,plus_one_randomisation,True,ok,31.592670228798493,4.521893380441072,40.409218995527155,24.337126736896987,28.96292051261534,1.0,0.001,1.0,0.001,,,,,False,True,False,False,True,0.007071067811865475,0.007084359455388144,24,24,24,0,0.0,{},0.8020614035087719,0.6529693486590036,0.0,False,True,False,False,False,False,0.0,40.409218995527155,24.337126736896987,40.409218995527155,95.375,1.0019134830003507,0.06997295381380157,True,0.5067648040869349,False,0.043749999999999956,False,False,0.31289387496811394,0.043749999999999956,True,False,-0.0781654021575258,0.24048043683902967,4.128753598032071,False,diagnostic_failure
268,assignment_isolation,plus_one_randomisation,True,ok,39.0027115210875,4.095461857374905,45.651017485239294,32.31591430349602,29.60116545608726,1.0,0.001,1.0,0.001,,,,,False,True,False,True,False,0.007071067811865475,0.007083202112710147,24,24,24,0,0.0,{},0.8029639175257732,0.6903532608695652,0.0,False,True,False,True,False,False,0.0,45.651017485239294,32.31591430349602,45.651017485239294,96.25,1.028510709074029,0.009260968541393709,False,0.5015271205167422,False,0.01388888888888895,False,False,0.38001703360221395,0.01388888888888895,True,True,1.6283061731373596,0.16150252415933328,6.053653064005939,False,opposite_direction
269,assignment_isolation,plus_one_randomisation,True,ok,40.98052816466562,2.6439533542694376,45.123103555690406,36.23066886210861,30.246722331720136,1.0,0.001,1.0,0.001,,,,,False,True,False,True,False,0.007071067811865475,0.007055311770290429,24,24,24,0,0.0,{},0.7852213541666666,0.7113799283154121,0.0,False,True,False,True,False,False,0.0,45.1231035556904,36.23066886210861,45.1231035556904,95.66666666666667,1.043625914352298,0.010026536711141119,False,0.502342622720866,False,0.019444444444444486,False,False,0.39369460256226585,0.019444444444444486,True,True,-0.137044966411234,0.10803481227525784,6.469029901973235,False,opposite_direction
270,assignment_isolation,plus_one_randomisation,True,ok,37.38080702932658,3.6891389717251335,43.5667998229261,30.938832726045188,30.117379035317235,1.0,0.001,1.0,0.001,,,,,False,True,False,True,False,0.007071067811865475,0.007054504389448344,24,24,24,0,0.0,{},0.799297934449248,0.697003745318352,0.0,False,True,False,True,False,False,0.0,43.5667998229261,30.938832726045188,43.5667998229261,96.58333333333333,1.0440102968030822,0.013338301898098232,False,0.5255298245564946,False,0.01666666666666672,False,False,0.358153441145737,0.01666666666666672,True,True,1.5341106272060738,0.3536147047590167,6.339984970800826,True,selection_limited
271,assignment_isolation,plus_one_randomisation,True,ok,40.804233868085255,4.101738226610399,47.27649079324345,33.62352668626064,30.339359924020744,1.0,0.001,1.0,0.001,,,,,False,True,False,True,False,0.007071067811865475,0.007005385522614317,24,24,24,0,0.0,{},0.7747973629164797,0.7041198501872659,0.0,False,True,False,True,False,False,0.0,47.27649079324345,33.62352668626064,47.27649079324345,95.5,1.0385087134862974,0.012432354129177252,False,0.537469240136985,False,0.023611111111111138,False,False,0.3939340975603184,0.023611111111111138,True,True,-1.7869906671030082,0.20854019085912046,5.05710983841519,False,opposite_direction
272,assignment_isolation,plus_one_randomisation,True,ok,42.40643267465082,3.1891093149885474,48.22630401133922,37.37412255963463,29.51615866930069,1.0,0.001,1.0,0.001,,,,,False,True,False,True,False,0.007071067811865475,0.007014130868328922,24,24,24,0,0.0,{},0.7949889520202019,0.6106199186991869,0.0,False,True,False,True,False,False,0.0,48.22630401133922,37.37412255963463,48.22630401133922,95.75,1.0129152193088198,0.023945608318960608,False,0.5201194932904665,False,0.02673611111111107,False,False,0.4195518804810545,0.02673611111111107,True,True,-0.8823813765597204,0.1108966568854088,4.831363597050532,False,opposite_direction
273,assignment_isolation,plus_one_randomisation,True,ok,40.213522836773706,2.6627457033938464,44.21023256010321,35.27040653846983,29.69160581530572,1.0,0.001,1.0,0.001,,,,,False,True,False,True,False,0.007071067811865475,0.007088377568572769,24,24,24,0,0.0,{},0.8059727813440685,0.7242831541218637,0.0,False,True,False,True,False,False,0.0,44.21023256010321,35.27040653846983,44.21023256010321,95.875,1.0303937639358958,0.024036683516709262,False,0.5084457165718606,False,0.015277777777777835,False,False,0.3912680641573653,0.015277777777777835,True,True,2.0303159840971854,0.15627283071405607,5.042363468212913,False,opposite_direction
274,assignment_isolation,plus_one_randomisation,True,ok,38.79443456848313,4.184891158076781,45.83916411959769,32.11530901810464,30.498139767134692,1.0,0.001,1.0,0.001,,,,,False,True,False,True,False,0.007071067811865475,0.007049215866078687,24,24,24,0,0.0,{},0.7927631578947367,0.6914794007490636,0.0,False,True,False,True,False,False,0.0,45.83916411959769,32.11530901810464,45.83916411959769,95.66666666666667,1.051391558428312,0.013854417200710695,False,0.5259274644776979,False,0.011805555555555514,False,False,0.36949758062992616,0.011805555555555514,True,True,0.7123869576256286,0.1152992700225761,6.3648007785225165,False,opposite_direction
275,assignment_isolation,plus_one_randomisation,True,ok,44.797560416914145,4.268358833740797,51.81190076739647,37.760772426044845,30.245269273516715,1.0,0.001,1.0,0.001,,,,,False,True,False,True,False,0.007071067811865475,0.007082366705131221,24,24,24,0,0.0,{},0.8009856630824372,0.6632034632034632,0.0,False,True,False,True,False,False,0.0,51.81190076739647,37.760772426044845,51.81190076739647,95.20833333333333,1.0450651142628413,0.0424983025445249,False,0.48541215899763,False,0.02777777777777779,False,False,0.42929891414378896,0.02777777777777779,True,True,-0.02254203082757318,0.12726476695926894,7.055284543672227,False,opposite_direction
276,assignment_isolation,plus_one_randomisation,True,ok,40.7693041574475,3.8881692548051605,46.97287074646209,33.23853874541548,30.314315334042867,1.0,0.001,1.0,0.001,,,,,False,True,False,True,False,0.007071067811865475,0.0070563409608897145,24,24,24,0,0.0,{},0.8034347380050506,0.6825925925925925,0.0,False,True,False,True,False,False,0.0,46.97287074646209,33.23853874541548,46.97287074646209,96.25,1.0492952212173308,0.03838340365502224,False,0.5103591161649808,False,0.02256944444444453,False,False,0.3895125398516526,0.02256944444444453,True,True,-0.34888372828424646,0.17609115953684756,5.912656630058217,False,opposite_direction
277,assignment_isolation,plus_one_randomisation,True,ok,36.14548780352425,5.309881605992996,46.378448055310116,27.069669824875113,30.73708896773163,1.0,0.001,1.0,0.001,,,,,False,True,False,False,True,0.007071067811865475,0.0070408307703183366,24,24,24,0,0.0,{},0.8052482358870967,0.7081481481481481,0.0,False,True,False,False,False,False,0.0,46.378448055310116,27.06966982487511,46.378448055310116,97.04166666666667,1.0659473834869535,0.014579260705063064,False,0.5397550169517844,False,0.026388888888888906,False,False,0.3382393522036079,0.026388888888888906,True,False,0.5055694417301365,0.19863211161048938,5.276589461563866,False,inconclusive
278,assignment_isolation,plus_one_randomisation,True,ok,39.215643133001045,3.017151712968094,44.60473043399649,34.42188700966801,29.20593393494633,1.0,0.001,1.0,0.001,,,,,False,True,False,True,False,0.007071067811865475,0.0070635674447330375,24,24,24,0,0.0,{},0.794053357712766,0.7363799283154119,0.0,False,True,False,True,False,False,0.0,44.60473043399649,34.42188700966801,44.60473043399649,96.95833333333333,1.0156820326485505,0.015074967210794665,False,0.5132219993607016,False,0.019791666666666652,False,False,0.3870379817664138,0.019791666666666652,True,True,2.3079152066252515,0.2796532118156083,5.660153841832794,False,opposite_direction
279,assignment_isolation,plus_one_randomisation,True,ok,33.79110726666844,4.103562713371807,41.32950973923013,26.901399508866835,29.40214622085142,1.0,0.001,1.0,0.001,,,,,False,True,False,False,True,0.007071067811865475,0.007056547640277879,24,24,24,0,0.0,{},0.7947495404411765,0.6953921568627449,0.0,False,True,False,False,False,False,0.0,41.32950973923013,26.901399508866835,41.32950973923013,95.625,1.0144415743425639,0.003743118972470504,False,0.5080100884633328,False,0.015625,False,False,0.3318866961443582,0.015625,True,False,1.4948569992160898,0.15981321554268532,7.32822866405513,False,inconclusive
280,assignment_isolation,plus_one_randomisation,True,ok,44.37825418047775,4.028921138562499,50.7992656046868,36.66888631375937,29.288096689818303,1.0,0.001,1.0,0.001,,,,,False,True,False,True,False,0.007071067811865475,0.007043024402937358,24,24,24,0,0.0,{},0.7945725945017181,0.6583333333333334,0.0,False,True,False,True,False,False,0.0,50.7992656046868,36.66888631375937,50.7992656046868,95.08333333333333,1.0057094855980786,0.0026727274458231815,False,0.5213170168705151,False,0.02013888888888893,False,False,0.44141203343599716,0.02013888888888893,True,True,-0.5040358660998278,0.1679376981695915,7.8052010642280285,False,opposite_direction
281,assignment_isolation,plus_one_randomisation,True,ok,43.25212829443499,3.5490052899500624,49.135852590483516,37.017924304978266,29.98206828419413,1.0,0.001,1.0,0.001,,,,,False,True,False,True,False,0.007071067811865475,0.007076711432721258,24,24,24,0,0.0,{},0.7929390486525593,0.7029693486590038,0.0,False,True,False,True,False,False,0.0,49.135852590483516,37.017924304978266,49.135852590483516,95.125,1.034690388621465,0.039688796559205604,False,0.5136997066590011,False,0.014930555555555558,False,False,0.4189267896634162,0.014930555555555558,True,True,0.5921159193909205,0.14481736921550856,6.059986004938255,False,opposite_direction
282,assignment_isolation,plus_one_randomisation,True,ok,38.768049989784615,4.019562288825164,45.89276623186953,31.78162283057477,30.57332674684271,1.0,0.001,1.0,0.001,,,,,False,True,False,True,False,0.007071067811865475,0.007063691849600601,24,24,24,0,0.0,{},0.7898104977116704,0.7124561403508771,0.0,False,True,False,True,False,False,0.0,45.89276623186953,31.781622830574765,45.89276623186953,95.70833333333333,1.0563779413062075,0.013055665981665975,False,0.5084559840107611,False,0.027083333333333348,False,False,0.3674390248284934,0.027083333333333348,True,True,-2.240001828144514,0.2100629944914753,5.014263420971745,False,opposite_direction
283,assignment_isolation,plus_one_randomisation,True,ok,45.40292166362092,3.8913576197295665,52.15940087738787,38.054157751401036,30.606404991502217,1.0,0.001,1.0,0.001,,,,,False,True,False,True,False,0.007071067811865475,0.007058128891154821,24,24,24,0,0.0,{},0.8017390816751577,0.712087912087912,0.0,False,True,False,True,False,False,0.0,52.15940087738787,38.054157751401036,52.15940087738787,95.95833333333333,1.0580672158788782,0.0014022509119468204,False,0.5298008669428725,False,0.016319444444444442,False,False,0.4297383756969277,0.016319444444444442,True,True,-0.6398989338930237,0.05781584189841088,4.515399886775564,False,opposite_direction
284,assignment_isolation,plus_one_randomisation,True,ok,36.85099744048153,3.3661262585097265,42.24976528760355,30.627483676326055,30.08277576073666,1.0,0.001,1.0,0.001,,,,,False,True,False,True,False,0.007071067811865475,0.007049406406480241,24,24,24,0,0.0,{},0.803940699198273,0.7159003831417626,0.0,False,True,False,True,False,False,0.0,42.24976528760355,30.627483676326055,42.24976528760355,96.58333333333333,1.0420571903051548,0.026745388449149064,False,0.49203272703612017,False,0.0253472222222223,False,False,0.3535439507034397,0.0253472222222223,True,True,0.7592738331581803,0.1362026582881429,5.302577012967485,False,opposite_direction
285,assignment_isolation,plus_one_randomisation,True,ok,36.27715068037793,3.0799087468022948,41.6343578131982,31.061422983813536,29.23446120731828,1.0,0.001,1.0,0.001,,,,,False,True,False,True,False,0.007071067811865475,0.007077908923163337,24,24,24,0,0.0,{},0.8074759623728696,0.7124531835205994,0.0,False,True,False,True,False,False,0.0,41.6343578131982,31.061422983813532,41.6343578131982,96.70833333333333,1.0174240933390215,0.0022707630345986615,False,0.5003108209723731,False,0.011805555555555625,False,False,0.3565975820165763,0.011805555555555625,True,True,-0.47231019226152077,0.1284029057741069,6.191255096683201,False,opposite_direction
286,assignment_isolation,plus_one_randomisation,True,ok,38.478427240963704,3.064829801463351,43.65178792898299,33.439740688438675,30.08717909995313,1.0,0.001,1.0,0.001,,,,,False,True,False,True,False,0.007071067811865475,0.007096902225778827,24,24,24,0,0.0,{},0.8058774214181286,0.7000000000000001,0.0,False,True,False,True,False,False,0.0,43.65178792898299,33.439740688438675,43.65178792898299,95.375,1.0426476604309511,0.02113361740156242,False,0.5197484325451864,False,0.020486111111111094,False,False,0.3695632170977196,0.020486111111111094,True,True,0.509362933210587,0.19982721184515276,7.676454561363754,False,opposite_direction
287,assignment_isolation,plus_one_randomisation,True,ok,39.555912591891364,3.0818163825250338,45.05620731805689,34.61232951530269,30.06072370211354,1.0,0.001,1.0,0.001,,,,,False,True,False,True,False,0.007071067811865475,0.007072031045594934,24,24,24,0,0.0,{},0.7790348544232921,0.6888888888888889,0.0,False,True,False,True,False,False,0.0,45.05620731805689,34.61232951530269,45.05620731805689,95.125,1.036718693680999,0.017272781426175096,False,0.513802622718913,False,0.030555555555555558,False,False,0.3824017398274733,0.030555555555555558,True,True,1.6690729993667355,0.18625828542644374,5.4871401592207825,False,opposite_direction
288,assignment_isolation,plus_one_randomisation,True,ok,41.73828815221183,4.1033186518757905,48.781393433263695,34.64474453525375,30.63833644129481,1.0,0.001,1.0,0.001,,,,,False,True,False,True,False,0.007071067811865475,0.007064883554056104,24,24,24,0,0.0,{},0.7997895622895623,0.6831417624521073,0.0,False,True,False,True,False,False,0.0,48.781393433263695,34.64474453525375,48.781393433263695,95.95833333333333,1.0601847218260418,0.0006877545533229715,False,0.4778897688695936,False,0.013194444444444398,False,False,0.3947178471829618,0.013194444444444398,True,True,-0.3515590795985744,0.24056662171891074,5.0205967180815865,False,opposite_direction
289,assignment_isolation,plus_one_randomisation,True,ok,40.07976018568149,3.8453580735861848,46.996016357067454,33.76328879815989,29.83519891230524,1.0,0.001,1.0,0.001,,,,,False,True,False,True,False,0.007071067811865475,0.007053155544102551,24,24,24,0,0.0,{},0.7889445080091534,0.6669540229885057,0.0,False,True,False,True,False,False,0.0,46.996016357067454,33.76328879815989,46.996016357067454,95.16666666666667,1.0264193539553683,0.053397135991075775,False,0.4986074116230695,False,0.014236111111111116,False,False,0.3914784862450897,0.014236111111111116,True,True,0.34195137585082497,0.210159075753469,6.642507958816287,False,opposite_direction
290,assignment_isolation,plus_one_randomisation,True,ok,45.77443659951422,3.0371974426857697,50.512175199907105,40.11864890561463,30.6291460426306,1.0,0.001,1.0,0.001,,,,,False,True,False,True,False,0.007071067811865475,0.007043457073805767,24,24,24,0,0.0,{},0.7859263204966329,0.6971929824561401,0.0,False,True,False,True,False,False,0.0,50.5121751999071,40.11864890561463,50.5121751999071,95.625,1.0548154666232523,0.035683825099711526,False,0.511642061096105,False,0.02256944444444442,False,False,0.4344146134864804,0.02256944444444442,True,True,0.9595766208032945,0.16294868935688098,7.565902050923212,False,opposite_direction
291,assignment_isolation,plus_one_randomisation,True,ok,42.73664646706775,3.854253947335688,48.722433295717494,35.31572415071005,30.146222560554737,1.0,0.001,1.0,0.001,,,,,False,True,False,True,False,0.007071067811865475,0.007006322184329678,24,24,24,0,0.0,{},0.7874990757172433,0.6718992248062016,0.0,False,True,False,True,False,False,0.0,48.72243329571749,35.31572415071005,48.72243329571749,96.0,1.0347337776222754,0.02632649295484985,False,0.5184162232909291,False,0.032638888888888884,False,False,0.4140067301126882,0.032638888888888884,True,True,-1.2236293601968447,0.1755397262955528,6.260118291681319,False,opposite_direction
292,assignment_isolation,plus_one_randomisation,True,ok,45.811776459720186,3.504577304939731,51.71093181048356,40.089746371191566,30.42543057692085,1.0,0.001,1.0,0.001,,,,,False,True,False,True,False,0.007071067811865475,0.007046583035711219,24,24,24,0,0.0,{},0.8035967196637426,0.7279829545454545,0.0,False,True,False,True,False,False,0.0,51.710931810483565,40.089746371191566,51.710931810483565,96.875,1.0550940381993588,0.0032411900914165372,False,0.5205310304632403,False,0.02430555555555558,False,False,0.43464486368015537,0.02430555555555558,True,True,-0.8656208531003324,0.14508415076376044,7.17409041704869,False,opposite_direction
293,assignment_isolation,plus_one_randomisation,True,ok,46.77790469546134,2.662829996382736,50.638192314428615,41.91757217599097,30.629276774296585,1.0,0.001,1.0,0.001,,,,,False,True,False,True,False,0.007071067811865475,0.007062014967885746,24,24,24,0,0.0,{},0.7888876827326676,0.6510162601626016,0.0,False,True,False,True,False,False,0.0,50.638192314428615,41.91757217599097,50.638192314428615,95.29166666666667,1.0557542582197441,0.0258560064844675,False,0.5270431243902609,False,0.002777777777777768,False,False,0.44313764335008043,0.002777777777777768,True,True,2.233640134844846,0.16079414637650583,7.1941721873192614,False,opposite_direction
294,assignment_isolation,plus_one_randomisation,True,ok,38.582574421659395,3.1999974918462337,44.18312116106829,33.18366684031717,30.01292996534583,1.0,0.001,1.0,0.001,,,,,False,True,False,True,False,0.007071067811865475,0.007068872613991056,24,24,24,0,0.0,{},0.8149865319865319,0.7004166666666667,0.0,False,True,False,True,False,False,0.0,44.18312116106829,33.18366684031717,44.18312116106829,97.625,1.0481153418354412,0.00559007346692357,False,0.5298981415882921,False,0.0253472222222223,False,False,0.36860081096084507,0.0253472222222223,True,True,0.41139067537613805,0.19899188515238186,5.002035134387429,False,opposite_direction
295,assignment_isolation,plus_one_randomisation,True,ok,41.566548101652586,3.896973120531605,48.248481517955526,34.9414380474433,30.888931113994786,1.0,0.001,1.0,0.001,,,,,False,True,False,True,False,0.007071067811865475,0.006991994264610901,24,24,24,0,0.0,{},0.7761895519077193,0.6741203703703705,0.0,False,True,False,True,False,False,0.0,48.248481517955526,34.9414380474433,48.248481517955526,95.70833333333333,1.0564497012133247,0.0034823090682059715,False,0.5321113188342754,False,0.0336805555555556,False,False,0.39448212047966885,0.0336805555555556,True,True,0.28141442747516965,0.12785047458976032,6.334652497470564,False,opposite_direction
296,assignment_isolation,plus_one_randomisation,True,ok,37.64717538644637,4.073689638281721,44.88551785128962,31.305997490363097,29.11995246297418,1.0,0.001,1.0,0.001,,,,,False,True,False,True,False,0.007071067811865475,0.0070887361872738995,24,24,24,0,0.0,{},0.8039545068027211,0.7447132616487455,0.0,False,True,False,True,False,False,0.0,44.88551785128962,31.305997490363097,44.88551785128962,96.79166666666667,1.0154264320332473,0.02952265654577043,False,0.5156007827213602,False,0.028472222222222232,False,False,0.37132471983246484,0.028472222222222232,True,True,-0.3891683325460001,0.1584100592737496,5.025082677293498,False,opposite_direction
297,assignment_isolation,plus_one_randomisation,True,ok,38.53308173030306,3.7773984251381334,46.08879733735106,33.258483014996735,29.90418356614371,1.0,0.001,1.0,0.001,,,,,False,True,False,True,False,0.007071067811865475,0.007052738236378456,24,24,24,0,0.0,{},0.7952513676664779,0.7291213768115941,0.0,False,True,False,True,False,False,0.0,46.08879733735106,33.258483014996735,46.08879733735106,96.25,1.034570495079606,0.003185795517878576,False,0.5365002558123291,False,0.01909722222222221,False,False,0.3730788414490334,0.01909722222222221,True,True,-0.13934766361454806,0.10037570020871343,6.265471017574151,False,opposite_direction
298,assignment_isolation,plus_one_randomisation,True,ok,33.44234201961416,3.2271619268013945,38.95163835623126,27.17214483044817,29.337421185704123,1.0,0.001,1.0,0.001,,,,,False,True,False,False,True,0.007071067811865475,0.007053820562749348,24,24,24,0,0.0,{},0.8006793478260869,0.6882616487455198,0.0,False,True,False,False,False,False,0.0,38.95163835623126,27.172144830448172,38.95163835623126,96.5,1.0164359209236296,0.008292274394691521,False,0.49255648908907207,False,0.020486111111111094,False,False,0.3275412161907425,0.020486111111111094,True,False,0.6480268621396639,0.07594492888865809,4.631313955983807,False,inconclusive
299,assignment_isolation,plus_one_randomisation,True,ok,41.88895638659259,4.032569232563418,48.77492060604206,35.16011975512985,29.692491505146794,1.0,0.001,1.0,0.001,,,,,False,True,False,True,False,0.007071067811865475,0.007036407788500213,24,24,24,0,0.0,{},0.7996666666666665,0.7075842696629211,0.0,False,True,False,True,False,False,0.0,48.77492060604206,35.16011975512985,48.77492060604206,97.08333333333333,1.029295290154755,0.05035464260272615,False,0.506100981639953,False,0.03472222222222221,False,False,0.40801120463947466,0.03472222222222221,True,True,0.5994343822274636,0.11908365445336318,6.576877460989334,False,opposite_direction
300,assignment_isolation,plus_one_randomisation,True,ok,39.745754718673204,3.677890815507099,46.053001975376525,33.36302408365649,30.855445691380506,1.0,0.001,1.0,0.001,,,,,False,True,False,True,False,0.007071067811865475,0.007099518826895175,24,24,24,0,0.0,{},0.7936245126705653,0.6857526881720429,0.0,False,True,False,True,False,False,0.0,46.053001975376525,33.36302408365649,46.053001975376525,94.25,1.0633382169774106,0.00439299311815925,False,0.5031821459618915,False,0.023263888888888862,False,False,0.37444514435588716,0.023263888888888862,True,True,-0.2568249277250901,0.09134415189257798,5.9041577959413685,False,opposite_direction
301,assignment_isolation,plus_one_randomisation,True,ok,37.69429229221074,4.05281335010249,43.67327039775325,28.9465131019491,29.619003205440364,1.0,0.001,1.0,0.001,,,,,False,True,False,False,True,0.007071067811865475,0.007067062099206894,24,24,24,0,0.0,{},0.788214830597643,0.7248062015503877,0.0,False,True,False,False,False,False,0.0,43.67327039775325,28.946513101949098,43.67327039775325,96.66666666666667,1.0290055619260088,0.014215807942987406,False,0.5198625903029703,False,0.00868055555555558,False,False,0.3667428690505052,0.00868055555555558,True,False,0.6660630503912712,0.2657231453187721,6.957178909925671,False,inconclusive
302,assignment_isolation,plus_one_randomisation,True,ok,40.24294625667021,3.7422211543061774,47.236863047797435,33.99323187975972,29.82810524768801,1.0,0.001,1.0,0.001,,,,,False,True,False,True,False,0.007071067811865475,0.007085536237019461,24,24,24,0,0.0,{},0.8047078861531987,0.7388297872340426,0.0,False,True,False,True,False,False,0.0,47.236863047797435,33.99323187975972,47.236863047797435,96.375,1.0374103825025565,0.01631437466158013,False,0.4884169547246974,False,0.023611111111111138,False,False,0.3888813081357254,0.023611111111111138,True,True,1.5128878218646051,0.2578138616263564,5.948893963161932,False,opposite_direction
303,assignment_isolation,plus_one_randomisation,True,ok,35.9454554041312,4.716454691328805,43.96967718214866,27.979584118852166,29.57238170895046,1.0,0.001,1.0,0.001,,,,,False,True,False,False,True,0.007071067811865475,0.007055472936725054,24,24,24,0,0.0,{},0.8241769865841072,0.7130952380952381,0.0,False,True,False,False,False,False,0.0,43.969677182148665,27.97958411885217,43.969677182148665,97.83333333333333,1.031872084130001,0.019711332924502875,False,0.5020155246284239,False,0.016319444444444442,False,False,0.34800218951219836,0.016319444444444442,True,False,-0.06894415605395758,0.08272768409481251,5.630915341189356,False,inconclusive
304,assignment_isolation,plus_one_randomisation,True,ok,44.65263042113477,3.2831664632885125,50.388727969342995,39.26255262682142,29.5115502295618,1.0,0.001,1.0,0.001,,,,,False,True,False,True,False,0.007071067811865475,0.007104038204206262,24,24,24,0,0.0,{},0.8123348057171588,0.6787306201550388,0.0,False,True,False,True,False,False,0.0,50.388727969342995,39.26255262682142,50.388727969342995,96.16666666666667,1.0279680045189759,0.01716883039451489,False,0.5151928416336844,False,0.03541666666666665,False,False,0.4348194183631243,0.03541666666666665,True,True,-0.05266894978876719,0.11916118117430678,6.51819940066479,False,opposite_direction
305,assignment_isolation,plus_one_randomisation,True,ok,42.95282937108621,3.223965218504976,48.22139848903975,37.24231592900739,30.16442480841853,1.0,0.001,1.0,0.001,,,,,False,True,False,True,False,0.007071067811865475,0.007063463390256178,24,24,24,0,0.0,{},0.782672064777328,0.6683908045977012,0.0,False,True,False,True,False,False,0.0,48.22139848903975,37.24231592900739,48.22139848903975,95.41666666666667,1.0406264769747633,0.02687601731964068,False,0.5166501116401587,False,0.02951388888888884,False,False,0.4137487244658278,0.02951388888888884,True,True,-0.27523591533998865,0.20944413872952108,5.934043568044014,False,opposite_direction
306,assignment_isolation,plus_one_randomisation,True,ok,39.59402174131697,3.74856724373012,46.14007602519536,33.21411072690392,29.846071585614773,1.0,0.001,1.0,0.001,,,,,False,True,False,True,False,0.007071067811865475,0.007069583935208788,24,24,24,0,0.0,{},0.8143900343642612,0.7295880149812733,0.0,False,True,False,True,False,False,0.0,46.14007602519536,33.21411072690392,46.14007602519536,96.58333333333333,1.0368170507999657,0.03144577219542101,False,0.542755424135586,False,0.009722222222222299,False,False,0.38273990470217056,0.009722222222222299,True,True,-0.3701234606631855,0.1418216409235322,5.52627992455661,False,opposite_direction
307,assignment_isolation,plus_one_randomisation,True,ok,37.584111583155284,3.6380183196027387,43.75398993188315,31.50305868544776,29.41617765002423,1.0,0.001,1.0,0.001,,,,,False,True,False,True,False,0.007071067811865475,0.007079964224303658,24,24,24,0,0.0,{},0.8151346187250306,0.6916666666666667,0.0,False,True,False,True,False,False,0.0,43.75398993188315,31.50305868544776,43.75398993188315,95.875,1.0196238738282113,0.006676624681800651,False,0.5137703559392629,False,0.034375000000000044,False,False,0.36911106280644046,0.034375000000000044,True,True,-0.9906313948435626,0.1515754860211817,6.090179643963109,False,opposite_direction
308,assignment_isolation,plus_one_randomisation,True,ok,36.99474987840916,3.0888920590667093,41.603770117255955,30.225635109918137,29.561021136960637,1.0,0.001,1.0,0.001,,,,,False,True,False,True,False,0.007071067811865475,0.007063165749922819,24,24,24,0,0.0,{},0.7970416236670106,0.6664750957854406,0.0,False,True,False,True,False,False,0.0,41.603770117255955,30.22563510991814,41.603770117255955,95.45833333333333,1.0199896335434206,0.026818034910617187,False,0.5055795413929978,False,0.015277777777777724,False,False,0.36298903314110886,0.015277777777777724,True,True,-0.6873798149013158,0.1362999348711869,5.210334252816106,False,opposite_direction
309,assignment_isolation,plus_one_randomisation,True,ok,47.568081281957895,2.8641676809950294,52.58448532495235,42.742650281825846,30.21817959448953,1.0,0.001,1.0,0.001,,,,,False,True,False,True,False,0.007071067811865475,0.007102119478530273,24,24,24,0,0.0,{},0.812105088127702,0.7454257246376811,0.0,False,True,False,True,False,False,0.0,52.58448532495235,42.74265028182585,52.58448532495235,97.16666666666667,1.0577546145487204,0.016556229625655106,False,0.5215977352688349,False,0.028819444444444398,False,False,0.4494165865721719,0.028819444444444398,True,True,0.4120933333369654,0.15053919735070906,6.624269254968982,False,opposite_direction
310,assignment_isolation,plus_one_randomisation,True,ok,35.046254472081294,4.0932724009516175,42.680939313233566,28.265862690152456,30.171379813915244,1.0,0.001,1.0,0.001,,,,,False,True,False,False,True,0.007071067811865475,0.007061410990736206,24,24,24,0,0.0,{},0.7995556664080108,0.665909090909091,0.0,False,True,False,False,False,False,0.0,42.68093931323356,28.265862690152456,42.68093931323356,95.5,1.041018269615614,0.04334776633101141,False,0.5077129514969475,False,0.01840277777777788,False,False,0.3356567394453651,0.01840277777777788,True,False,1.019836661927619,0.18105835345388663,4.724695468244621,False,inconclusive
311,assignment_isolation,plus_one_randomisation,True,ok,38.12070843009741,4.140729239265339,45.12932973595434,30.983213279039006,30.39527483078315,1.0,0.001,1.0,0.001,,,,,False,True,False,True,False,0.007071067811865475,0.007051932097643597,24,24,24,0,0.0,{},0.7915107212475634,0.700374531835206,0.0,False,True,False,True,False,False,0.0,45.12932973595434,30.983213279039006,45.12932973595434,96.33333333333333,1.0518952519772913,0.01161647537340165,False,0.49684386285387194,False,0.03541666666666665,False,False,0.36268047743150866,0.03541666666666665,True,True,-0.5146521349220745,0.13289203275540593,5.252376039732154,False,opposite_direction
312,assignment_isolation,plus_one_randomisation,True,ok,42.29751335546218,4.544124084550017,50.079136019197236,34.53005580651817,30.39091841369031,1.0,0.001,1.0,0.001,,,,,False,True,False,True,False,0.007071067811865475,0.007030444252986586,24,24,24,0,0.0,{},0.778893783244681,0.7083333333333334,0.0,False,True,False,True,False,False,0.0,50.07913601919724,34.53005580651817,50.07913601919724,95.79166666666667,1.0455876927694994,0.026808037054429266,False,0.5091088836234671,False,0.017013888888888884,False,False,0.40558893876629476,0.017013888888888884,True,True,-0.33152922803256735,0.18618400243807048,7.1448428142292695,False,opposite_direction
313,assignment_isolation,plus_one_randomisation,True,ok,38.925272506145326,2.762635700190948,44.33996598475029,34.10549865454301,29.596989094922378,1.0,0.001,1.0,0.001,,,,,False,True,False,True,False,0.007071067811865475,0.0071066675999902065,24,24,24,0,0.0,{},0.8058879341210167,0.7422429078014182,0.0,False,True,False,True,False,False,0.0,44.3399659847503,34.10549865454301,44.3399659847503,96.375,1.0324421701556377,0.028996459184027677,False,0.522321185111912,False,0.025000000000000022,False,False,0.37777014293700434,0.025000000000000022,True,True,0.019731175669912646,0.09913187603609709,5.499445599116591,False,opposite_direction
314,assignment_isolation,plus_one_randomisation,True,ok,44.62779269098409,4.736982063829402,52.43116619116954,36.937759823415206,30.794342005971465,1.0,0.001,1.0,0.001,,,,,False,True,False,True,False,0.007071067811865475,0.0070847533903286046,24,24,24,0,0.0,{},0.7882706207482993,0.6696078431372547,0.0,False,True,False,True,False,False,0.0,52.43116619116953,36.937759823415206,52.43116619116953,95.16666666666667,1.0641628651070574,0.04847673769128752,False,0.5094940113071074,False,0.022222222222222143,False,False,0.4202503732920317,0.022222222222222143,True,True,0.2305772714078928,0.22432703465669573,8.302203904378937,False,opposite_direction
315,assignment_isolation,plus_one_randomisation,True,ok,40.05381814080562,3.839130599689217,46.998702426134095,33.2935483614128,29.51450489618227,1.0,0.001,1.0,0.001,,,,,False,True,False,True,False,0.007071067811865475,0.007076625035761005,24,24,24,0,0.0,{},0.8112379385964913,0.6837500000000001,0.0,False,True,False,True,False,False,0.0,46.998702426134095,33.2935483614128,46.998702426134095,97.66666666666667,1.0320598284902067,0.01778813204557675,False,0.49633807012088643,False,0.023958333333333304,False,False,0.38906240418557786,0.023958333333333304,True,True,0.77776712680268,0.1222583421254409,6.580238857966905,False,opposite_direction
316,assignment_isolation,plus_one_randomisation,True,ok,39.064871083744166,5.212324920971541,47.62343174162661,29.84903789361989,30.500986415538364,1.0,0.001,1.0,0.001,,,,,False,True,False,False,True,0.007071067811865475,0.007066362519950317,24,24,24,0,0.0,{},0.8052721088435375,0.6409003831417625,0.0,False,True,False,False,False,False,0.0,47.62343174162661,29.84903789361989,47.62343174162661,96.375,1.057942340572252,0.0035691134199780077,False,0.5161714654084819,False,0.027083333333333348,False,False,0.3697779584487953,0.027083333333333348,True,False,0.22755566525563184,0.17144768058123844,6.954065346789635,False,inconclusive
317,assignment_isolation,plus_one_randomisation,True,ok,39.782930551444856,3.7932604796009532,46.19385981498393,33.47408970565238,30.553275817238276,1.0,0.001,1.0,0.001,,,,,False,True,False,True,False,0.007071067811865475,0.0070663800788627286,24,24,24,0,0.0,{},0.8044547872340425,0.704119850187266,0.0,False,True,False,True,False,False,0.0,46.19385981498393,33.47408970565238,46.19385981498393,96.25,1.0590711731870424,0.0022091323388701875,False,0.5320205898578529,False,0.015625,False,False,0.37635297496155484,0.015625,True,True,-1.4749980793191666,0.14042528754146785,6.699411761609985,False,opposite_direction
318,assignment_isolation,plus_one_randomisation,True,ok,48.7279070090568,3.827973676663193,55.70660497990188,42.485046912452596,30.045999663139142,1.0,0.001,1.0,0.001,,,,,False,True,False,True,False,0.007071067811865475,0.007051065495642356,24,24,24,0,0.0,{},0.8116180428722487,0.7242337164750957,0.0,False,True,False,True,False,False,0.0,55.706604979901876,42.485046912452596,55.706604979901876,97.20833333333333,1.0443910938321508,0.008982361740722184,False,0.5100693309678977,False,0.012847222222222232,False,False,0.46512180024532396,0.012847222222222232,True,True,-0.18967941670263924,0.08728059009396993,6.908380827510809,False,opposite_direction
319,assignment_isolation,plus_one_randomisation,True,ok,42.613049192030594,4.088293859333004,49.04042799869662,35.9818764959066,30.99181926955048,1.0,0.001,1.0,0.001,,,,,False,True,False,True,False,0.007071067811865475,0.007046192234022284,24,24,24,0,0.0,{},0.80394379034186,0.7196759259259258,0.0,False,True,False,True,False,False,0.0,49.04042799869662,35.9818764959066,49.04042799869662,97.08333333333333,1.0758306231890027,0.024559702535933335,False,0.5147816187919761,False,0.02777777777777779,False,False,0.39714021878651673,0.02777777777777779,True,True,1.3575767554857525,0.16962498475627588,6.83954498887602,False,opposite_direction
320,assignment_isolation,plus_one_randomisation,True,ok,45.30534014216918,3.0020730166455403,50.17587517861369,40.44675822589846,30.09003890452559,1.0,0.001,1.0,0.001,,,,,False,True,False,True,False,0.007071067811865475,0.007040495421306459,24,24,24,0,0.0,{},0.7878806818181818,0.740036231884058,0.0,False,True,False,True,False,False,0.0,50.17587517861369,40.44675822589846,50.17587517861369,96.20833333333333,1.0389683540615102,0.012782274274463148,False,0.5127184045250912,False,0.014236111111111116,False,False,0.4364364309511462,0.014236111111111116,True,True,0.12376658223140202,0.14842599735270287,7.529514629679817,False,opposite_direction
321,assignment_isolation,plus_one_randomisation,True,ok,41.0375001058809,4.376275102983646,48.89895855313186,34.56392602627653,30.147031702001513,1.0,0.001,1.0,0.001,,,,,False,True,False,True,False,0.007071067811865475,0.00703700542721622,24,24,24,0,0.0,{},0.7853088261891843,0.7070788530465949,0.0,False,True,False,True,False,False,0.0,48.898958553131855,34.56392602627653,48.898958553131855,95.16666666666667,1.0347724962935223,0.023495945465483822,False,0.5199429995807038,False,0.025694444444444353,False,False,0.39763324054522703,0.025694444444444353,True,True,-0.8866625957837212,0.18947746693316708,5.679629352476577,False,opposite_direction
322,assignment_isolation,plus_one_randomisation,True,ok,41.3568381810515,5.240216189740468,50.89015265764408,32.958575398696,30.295929768572258,1.0,0.001,1.0,0.001,,,,,False,True,False,True,False,0.007071067811865475,0.007034743879155794,24,24,24,0,0.0,{},0.7806959219858155,0.7173076923076924,0.0,False,True,False,True,False,False,0.0,50.89015265764408,32.958575398696,50.89015265764408,95.70833333333333,1.0425033439329785,0.014719524219672476,False,0.5068210906968627,False,0.014583333333333282,False,False,0.3977561144271775,0.014583333333333282,True,True,1.3346167019847528,0.24610915651029985,6.412510871348065,False,opposite_direction
323,assignment_isolation,plus_one_randomisation,True,ok,40.46098109881964,3.924178695935174,47.00215869868058,33.24077948131352,29.819025739262212,1.0,0.001,1.0,0.001,,,,,False,True,False,True,False,0.007071067811865475,0.007092962631964301,24,24,24,0,0.0,{},0.7991496598639456,0.718103448275862,0.0,False,True,False,True,False,False,0.0,47.00215869868058,33.24077948131352,47.00215869868058,95.625,1.034134078962464,0.014938492115349967,False,0.536092366794427,False,0.02430555555555558,False,False,0.3922605090205421,0.02430555555555558,True,True,1.5626160576855106,0.3237962994000153,7.611721059276459,False,opposite_direction
324,assignment_isolation,plus_one_randomisation,True,ok,36.101064875153035,4.146273206803629,43.14085020270531,29.229221008980563,29.80460922849002,1.0,0.001,1.0,0.001,,,,,False,True,False,False,True,0.007071067811865475,0.007057240430778813,24,24,24,0,0.0,{},0.7824803079126386,0.6988031914893617,0.0,False,True,False,False,False,False,0.0,43.14085020270531,29.229221008980563,43.14085020270531,95.16666666666667,1.0259608268754887,0.023412515184758335,False,0.5237407947424658,False,0.010069444444444353,False,False,0.3516996675001227,0.010069444444444353,True,False,0.44413396870146127,0.14494732806371874,5.930604847268619,False,inconclusive
325,assignment_isolation,plus_one_randomisation,True,ok,43.489277453042575,3.5985904853374753,49.996955895946826,37.388401267399935,31.372429467291973,1.0,0.001,1.0,0.001,,,,,False,True,False,True,False,0.007071067811865475,0.007041977506728321,24,24,24,0,0.0,{},0.8114205236970217,0.6957885304659497,0.0,False,True,False,True,False,False,0.0,49.996955895946826,37.388401267399935,49.996955895946826,95.45833333333333,1.0792441746469115,0.024246077633252275,False,0.5308758675493666,False,0.012499999999999956,False,False,0.4040201170367874,0.012499999999999956,True,True,1.6581077629223475,0.1712532877597301,7.598637028111321,False,opposite_direction
326,assignment_isolation,plus_one_randomisation,True,ok,41.6282922006994,3.4389926155991954,47.58261294044901,35.365409003819025,30.275198821107942,1.0,0.001,1.0,0.001,,,,,False,True,False,True,False,0.007071067811865475,0.007074861823148661,24,24,24,0,0.0,{},0.7935546875,0.6242156862745099,0.0,False,True,False,True,False,False,0.0,47.58261294044902,35.365409003819025,47.58261294044902,95.91666666666667,1.0488708342408617,0.007367845434137833,False,0.5080300046086935,False,0.016666666666666607,False,False,0.39793673364058196,0.016666666666666607,True,True,-1.4627554228690922,0.19320961446905083,3.852792950998775,False,opposite_direction
327,assignment_isolation,plus_one_randomisation,True,ok,42.287363013633666,3.0699234965373554,47.36796711856685,37.04387573191785,31.015320113840808,1.0,0.001,1.0,0.001,,,,,False,True,False,True,False,0.007071067811865475,0.007048886525558018,24,24,24,0,0.0,{},0.807063137755102,0.6749999999999999,0.0,False,True,False,True,False,False,0.0,47.367967118566845,37.04387573191785,47.367967118566845,96.04166666666667,1.0712643081532944,0.010488466816541944,False,0.5260102004167726,False,0.01041666666666663,False,False,0.39577970323479017,0.01041666666666663,True,True,0.1589437754072732,0.1705059279790374,6.980373179490428,False,opposite_direction
328,assignment_isolation,plus_one_randomisation,True,ok,32.30005442256356,3.3104670667173854,38.67993636855676,27.14785945375269,29.282430685072665,1.0,0.001,1.0,0.001,,,,,False,True,False,False,True,0.007071067811865475,0.007050633558080469,24,24,24,0,0.0,{},0.7923541710498629,0.6989463601532568,0.0,False,True,False,False,False,False,0.0,38.67993636855676,27.14785945375269,38.67993636855676,97.04166666666667,1.016914395785831,0.03556649553736007,False,0.4936742955959437,False,0.009027777777777857,False,False,0.31536763747962715,0.009027777777777857,True,False,-0.38149772572541824,0.1678088014167497,5.426412960231124,False,inconclusive
329,assignment_isolation,plus_one_randomisation,True,ok,42.999916768633575,3.569506812873503,49.55954444368336,36.892292058665255,30.65780458072,1.0,0.001,1.0,0.001,,,,,False,True,False,True,False,0.007071067811865475,0.007051228845218819,24,24,24,0,0.0,{},0.7850546007876834,0.7164855072463767,0.0,False,True,False,True,False,False,0.0,49.55954444368336,36.892292058665255,49.55954444368336,94.70833333333333,1.0518891191214819,0.0040445441773851514,False,0.497534245528214,False,0.018402777777777768,False,False,0.4098183593809843,0.018402777777777768,True,True,-0.21403617646210832,0.1779278959150981,5.11967751291475,False,opposite_direction
330,assignment_isolation,plus_one_randomisation,True,ok,34.2983900265034,4.838448783936737,42.95858598077452,26.947139929854615,30.23335505524761,1.0,0.001,1.0,0.001,,,,,False,True,False,False,True,0.007071067811865475,0.0070719993623723715,24,24,24,0,0.0,{},0.8122854425275265,0.7409420289855071,0.0,False,True,False,False,False,False,0.0,42.95858598077452,26.947139929854615,42.95858598077452,97.125,1.0535716537541209,0.014067879005999352,False,0.5065738866656175,False,0.036805555555555536,False,False,0.32383886205681717,0.036805555555555536,True,False,-0.9909134857994285,0.14368146475835636,5.747303913477877,False,inconclusive
331,assignment_isolation,plus_one_randomisation,True,ok,43.782440246738894,4.066682420710467,50.66568349032502,36.48243248293874,31.104543664919905,1.0,0.001,1.0,0.001,,,,,False,True,False,True,False,0.007071067811865475,0.007061069609976716,24,24,24,0,0.0,{},0.7983676975945017,0.6825757575757575,0.0,False,True,False,True,False,False,0.0,50.66568349032502,36.48243248293874,50.66568349032502,96.04166666666667,1.0762029432493474,0.013944389785386434,False,0.5483091393600734,False,0.01736111111111116,False,False,0.40786801354411645,0.01736111111111116,True,True,1.156898848475791,0.20160367754567252,7.03447035808597,False,opposite_direction
332,assignment_isolation,plus_one_randomisation,True,ok,38.780623393765445,4.528081146856252,45.62606460915269,30.353021062771262,29.557338708817763,1.0,0.001,1.0,0.001,,,,,False,True,False,True,False,0.007071067811865475,0.007034398592282726,24,24,24,0,0.0,{},0.809769825268817,0.7204212454212451,0.0,False,True,False,True,False,False,0.0,45.626064609152685,30.353021062771262,45.626064609152685,97.875,1.0284855479742994,0.029543307169617495,False,0.5070390146834303,False,0.029166666666666674,False,False,0.37781523463789646,0.029166666666666674,True,True,-2.3446004382708687,0.17323046536160264,3.9698218696852647,False,opposite_direction
333,assignment_isolation,plus_one_randomisation,True,ok,42.5033095907888,3.8587837643472875,48.35307606956976,34.69562993991063,30.302360496798155,1.0,0.001,1.0,0.001,,,,,False,True,False,True,False,0.007071067811865475,0.007072631777248794,24,24,24,0,0.0,{},0.7872766857078853,0.7298460144927538,0.0,False,True,False,True,False,False,0.0,48.35307606956976,34.69562993991063,48.35307606956976,96.33333333333333,1.0517579583286185,0.03166919412981453,False,0.49187873279756855,False,0.009722222222222188,False,False,0.4051737247500106,0.009722222222222188,True,True,-1.097279876340327,0.19540073028744248,5.768722705623366,False,opposite_direction
334,assignment_isolation,plus_one_randomisation,True,ok,40.29039881698208,3.4073408014222606,45.578527143513355,33.7426332960356,30.799716407778416,1.0,0.001,1.0,0.001,,,,,False,True,False,True,False,0.007071067811865475,0.007106426079612084,24,24,24,0,0.0,{},0.7988619916051527,0.7003745318352059,0.0,False,True,False,True,False,False,0.0,45.578527143513355,33.7426332960356,45.578527143513355,95.45833333333333,1.0692392403268092,0.0017924222604871797,False,0.49833071706713455,False,0.023958333333333304,False,False,0.3775572616469379,0.023958333333333304,True,True,1.3725339110849792,0.22291397056924078,6.75202385681493,False,opposite_direction
335,assignment_isolation,plus_one_randomisation,True,ok,38.323762631161344,3.6764440265327907,43.68644605575178,30.50830631087687,29.350641565054026,1.0,0.001,1.0,0.001,,,,,False,True,False,True,False,0.007071067811865475,0.00705913201283783,24,24,24,0,0.0,{},0.7996491228070177,0.74005376344086,0.0,False,True,False,True,False,False,0.0,43.68644605575178,30.508306310876872,43.68644605575178,96.33333333333333,1.0167804817227797,0.01627163930655921,False,0.5155618853610859,False,0.030208333333333393,False,False,0.3776589223764029,0.030208333333333393,True,True,1.961155859052101,0.15248815400072316,7.185017351240741,False,opposite_direction
336,assignment_isolation,plus_one_randomisation,True,ok,38.15685173018408,3.277871864845656,44.053610993176505,32.87716529564584,30.67157456303089,1.0,0.001,1.0,0.001,,,,,False,True,False,True,False,0.007071067811865475,0.007025562934612142,24,24,24,0,0.0,{},0.7920280612244899,0.7070199275362317,0.0,False,True,False,True,False,False,0.0,44.053610993176505,32.87716529564584,44.053610993176505,95.54166666666667,1.0531339441014136,0.0134758659315802,False,0.5143574730174127,False,0.05486111111111114,False,False,0.3625941986759144,0.05486111111111114,True,True,0.033262962214368016,0.2079414394571282,5.4376979970873345,False,opposite_direction
337,assignment_isolation,plus_one_randomisation,True,ok,39.444520625140605,4.172530853755119,46.0744209197536,31.572774723387376,29.267548819763043,1.0,0.001,1.0,0.001,,,,,False,True,False,True,False,0.007071067811865475,0.00706839020620354,24,24,24,0,0.0,{},0.8033363731109953,0.7325842696629212,0.0,False,True,False,True,False,False,0.0,46.0744209197536,31.57277472338738,46.0744209197536,97.58333333333333,1.0217971729370545,0.003066719409546811,False,0.5144035494084627,False,0.025000000000000022,False,False,0.3869660910925773,0.025000000000000022,True,True,0.1791427039463304,0.13418563358425428,7.067198853504008,False,opposite_direction
338,assignment_isolation,plus_one_randomisation,True,ok,41.67926718132691,4.755362518603732,51.603934626232785,34.068333761295435,30.664504354291243,1.0,0.001,1.0,0.001,,,,,False,True,False,True,False,0.007071067811865475,0.007071531039986808,24,24,24,0,0.0,{},0.8059684564947722,0.6874521072796936,0.0,False,True,False,True,False,False,0.0,51.603934626232785,34.068333761295435,51.603934626232785,96.0,1.0623191789525726,0.013844491101353027,False,0.5112308386489899,False,0.015277777777777835,False,False,0.3933591765315802,0.015277777777777835,True,True,-0.5161491446985501,0.10180727073988323,4.725049412806018,False,opposite_direction
339,assignment_isolation,plus_one_randomisation,True,ok,40.965286927415534,3.6787331265281944,46.93695886014955,34.61258515604883,30.204964547322955,1.0,0.001,1.0,0.001,,,,,False,True,False,True,False,0.007071067811865475,0.007039718533311901,24,24,24,0,0.0,{},0.7789452687569985,0.7287037037037036,0.0,False,True,False,True,False,False,0.0,46.93695886014955,34.61258515604883,46.93695886014955,94.54166666666667,1.0337493678411633,0.0021176114317688855,False,0.5182195554206904,False,0.018750000000000044,False,False,0.39732555901824185,0.018750000000000044,True,True,-0.08301866617286278,0.08368754670620968,6.56586936598483,False,opposite_direction
340,assignment_isolation,plus_one_randomisation,True,ok,41.798382289150574,2.9683887023363105,47.06592074024545,36.61708250450498,30.34806158930511,1.0,0.001,1.0,0.001,,,,,False,True,False,True,False,0.007071067811865475,0.007069539347055539,24,24,24,0,0.0,{},0.7970247784409477,0.7019662921348314,0.0,False,True,False,True,False,False,0.0,47.06592074024545,36.61708250450498,47.06592074024545,96.08333333333333,1.0515165383631284,0.0035930626467707877,False,0.5145422984894129,False,0.021180555555555647,False,False,0.3985585049856538,0.021180555555555647,True,True,-1.8019032352661777,0.15132206870343173,6.044026892407057,False,opposite_direction
341,assignment_isolation,plus_one_randomisation,True,ok,39.006699408834805,4.345209213820003,46.38052488276645,31.684430291326322,30.677589932776172,1.0,0.001,1.0,0.001,,,,,False,True,False,True,False,0.007071067811865475,0.007049729789752246,24,24,24,0,0.0,{},0.7964397893772894,0.671072796934866,0.0,False,True,False,True,False,False,0.0,46.38052488276645,31.684430291326322,46.38052488276645,95.33333333333333,1.05581080610552,0.01703133900017923,False,0.5230551334190892,False,0.018055555555555602,False,False,0.3699787703237168,0.018055555555555602,True,True,-1.6140685890278623,0.1714844547332372,5.4759936516309375,False,opposite_direction
342,assignment_isolation,plus_one_randomisation,True,ok,39.70106361671994,3.5277054663163683,45.20143513016532,33.59234677067989,29.53172145691911,1.0,0.001,1.0,0.001,,,,,False,True,False,True,False,0.007071067811865475,0.007076502259034284,24,24,24,0,0.0,{},0.8117900821944939,0.6874526515151517,0.0,False,True,False,True,False,False,0.0,45.20143513016532,33.59234677067989,45.20143513016532,96.54166666666667,1.026679318204198,0.030214402924709803,False,0.5272475997784536,False,0.009375000000000022,False,False,0.3876396791820007,0.009375000000000022,True,True,-0.5309217816562751,0.1603651755284403,6.86894508285316,False,opposite_direction
343,assignment_isolation,plus_one_randomisation,True,ok,40.371853310836826,4.141469619763864,47.536257995654,33.80705942326303,29.84134957202294,1.0,0.001,1.0,0.001,,,,,False,True,False,True,False,0.007071067811865475,0.007054585302113579,24,24,24,0,0.0,{},0.7999570264043948,0.7081501831501832,0.0,False,True,False,True,False,False,0.0,47.53625799565399,33.80705942326303,47.53625799565399,96.125,1.0319962759718737,0.0251723904688393,False,0.5080593679365416,False,0.011458333333333348,False,False,0.3922067814656037,0.011458333333333348,True,True,-0.09135048325044756,0.22012232138756327,6.9230120600331295,False,opposite_direction
344,assignment_isolation,plus_one_randomisation,True,ok,44.68707832280652,3.717720560663405,50.86386080516189,38.16487909861277,29.38831828903067,1.0,0.001,1.0,0.001,,,,,False,True,False,True,False,0.007071067811865475,0.007080087581977422,24,24,24,0,0.0,{},0.7926537442726231,0.7149621212121212,0.0,False,True,False,True,False,False,0.0,50.86386080516189,38.16487909861277,50.86386080516189,95.79166666666667,1.0182331545795336,0.005601778049065761,False,0.5325318382352251,False,0.029861111111111116,False,False,0.43912622322059447,0.029861111111111116,True,True,2.499168461660033,0.27852031131920724,8.78919256191003,False,opposite_direction
345,assignment_isolation,plus_one_randomisation,True,ok,33.425746245372665,4.675848269676511,41.50290995119676,25.069983481818426,30.01363266992091,1.0,0.001,1.0,0.001,,,,,False,True,False,False,True,0.007071067811865475,0.00711942270373315,24,24,24,0,0.0,{},0.8039413846556103,0.6946220930232558,0.0,False,True,False,False,False,False,0.0,41.50290995119676,25.069983481818426,41.50290995119676,95.54166666666667,1.0443107607149136,0.037823453633246615,False,0.5254287717335411,False,0.03749999999999998,False,False,0.317990178799567,0.03749999999999998,True,False,-0.593396362183925,0.2138046384384841,5.212889360897376,False,inconclusive
346,assignment_isolation,plus_one_randomisation,True,ok,40.340004843418235,4.709905280835731,48.92264807306507,32.35512142085561,29.858347310229,1.0,0.001,1.0,0.001,,,,,False,True,False,True,False,0.007071067811865475,0.0070163165779698,24,24,24,0,0.0,{},0.8072600945017181,0.615909090909091,0.0,False,True,False,True,False,False,0.0,48.92264807306507,32.35512142085561,48.92264807306507,96.79166666666667,1.0305378090070372,0.012856266582317512,False,0.5263348464587589,False,0.03194444444444444,False,False,0.39245400706656386,0.03194444444444444,True,True,0.28231115085638464,0.18873037036186613,6.620990849314524,False,opposite_direction
347,assignment_isolation,plus_one_randomisation,True,ok,32.98978466414161,2.823236051249549,38.04482529700162,28.448710439256956,29.73361778108712,1.0,0.001,1.0,0.001,,,,,False,True,False,False,True,0.007071067811865475,0.007036330088958115,24,24,24,0,0.0,{},0.7865006311803071,0.7075842696629214,0.0,False,True,False,False,False,False,0.0,38.04482529700162,28.448710439256956,38.04482529700162,95.08333333333333,1.0200375578729486,0.017496007702547185,False,0.5445353658394245,False,0.028472222222222232,False,False,0.32156701961673373,0.028472222222222232,True,False,-0.5037807879373889,0.1721927753091173,2.9492000542241845,False,inconclusive
348,assignment_isolation,plus_one_randomisation,True,ok,45.096034469305096,4.3451906876751645,53.431759802173396,37.63708856961717,30.36767964422811,1.0,0.001,1.0,0.001,,,,,False,True,False,True,False,0.007071067811865475,0.00707578493063466,24,24,24,0,0.0,{},0.8043070330969269,0.7484042553191491,0.0,False,True,False,True,False,False,0.0,53.431759802173396,37.63708856961717,53.431759802173396,97.20833333333333,1.059273203817732,0.006444202243494293,False,0.5213526884763869,False,0.014583333333333393,False,False,0.42645373116298857,0.014583333333333393,True,True,0.07416460117655024,0.12360982985486295,6.703508070924905,False,opposite_direction
349,assignment_isolation,plus_one_randomisation,True,ok,45.04437249676058,3.4869590488449216,51.05386651845235,39.27626670351016,29.92930407465912,1.0,0.001,1.0,0.001,,,,,False,True,False,True,False,0.007071067811865475,0.007070604962411164,24,24,24,0,0.0,{},0.8131722813238771,0.7186842105263158,0.0,False,True,False,True,False,False,0.0,51.053866518452345,39.27626670351016,51.053866518452345,97.25,1.043441250282095,0.0064154902610573435,False,0.5129193720341786,False,0.024652777777777746,False,False,0.4322308048979176,0.024652777777777746,True,True,0.25633176007710606,0.11248742450128371,6.529100223043381,False,opposite_direction
350,assignment_isolation,plus_one_randomisation,True,ok,44.05251116249652,3.221906652800704,49.195910236339586,38.37740722282796,30.45440563156047,1.0,0.001,1.0,0.001,,,,,False,True,False,True,False,0.007071067811865475,0.0070475677244026735,24,24,24,0,0.0,{},0.8079749103942652,0.6564980158730156,0.0,False,True,False,True,False,False,0.0,49.195910236339586,38.37740722282796,49.195910236339586,96.29166666666667,1.0530615167394053,0.000683096456336073,False,0.5212320821534604,False,0.040277777777777746,False,False,0.4192289500045918,0.040277777777777746,True,True,0.9278443856552936,0.2022317011428513,5.339322165329148,False,opposite_direction
351,assignment_isolation,plus_one_randomisation,True,ok,35.377912480061866,3.93111135196954,41.55480495209292,28.795947641331242,29.97456580793334,1.0,0.001,1.0,0.001,,,,,False,True,False,False,True,0.007071067811865475,0.007050870267259662,24,24,24,0,0.0,{},0.7917464757107153,0.7280344202898551,0.0,False,True,False,False,False,False,0.0,41.55480495209292,28.795947641331242,41.55480495209292,96.125,1.036057372753854,0.023000389256132386,False,0.5309925932496993,False,0.019791666666666652,False,False,0.3407489535296837,0.019791666666666652,True,False,-0.28272261785490427,0.15942812937880438,5.844616920723923,False,inconclusive
352,assignment_isolation,plus_one_randomisation,True,ok,37.40789053848296,4.622010866254747,44.78121681108596,29.70520169137888,29.755928096747827,1.0,0.001,1.0,0.001,,,,,False,True,False,False,True,0.007071067811865475,0.0071197327317769335,24,24,24,0,0.0,{},0.8165369057846505,0.7420411985018727,0.0,False,True,False,False,False,False,0.0,44.78121681108596,29.70520169137888,44.78121681108596,96.95833333333333,1.0430371250582395,0.0006719069084020429,False,0.5295956907974153,False,0.02499999999999991,False,False,0.3587723010016455,0.02499999999999991,True,False,-0.19668539487336556,0.21195474889553917,5.742562413408089,False,inconclusive
353,assignment_isolation,plus_one_randomisation,True,ok,37.71601325966188,3.650359896927364,43.6694224066495,30.909481038636848,29.831959839603517,1.0,0.001,1.0,0.001,,,,,False,True,False,True,False,0.007071067811865475,0.007110491039332115,24,24,24,0,0.0,{},0.8112630208333333,0.6771978021978025,0.0,False,True,False,True,False,False,0.0,43.669422406649495,30.90948103863685,43.669422406649495,96.0,1.0391709559111677,0.004232570144443026,False,0.5281746561721768,False,0.027430555555555625,False,False,0.3632444601521793,0.027430555555555625,True,True,0.676531367052172,0.13833305777155444,5.489637726988112,False,opposite_direction
354,assignment_isolation,plus_one_randomisation,True,ok,36.894039400254854,3.5243675442080575,42.6969396142209,30.807560676975573,30.838353990797497,1.0,0.001,1.0,0.001,,,,,False,True,False,False,True,0.007071067811865475,0.007075026770217392,24,24,24,0,0.0,{},0.7998245419621751,0.6914772727272726,0.0,False,True,False,False,False,False,0.0,42.6969396142209,30.807560676975573,42.6969396142209,94.29166666666667,1.0593169886677982,0.013183209552217953,False,0.4901315299538523,False,0.023263888888888862,False,False,0.34792814958907137,0.023263888888888862,True,False,-0.9908080048950116,0.12958411997773478,4.765825722059748,False,inconclusive
355,assignment_isolation,plus_one_randomisation,True,ok,46.75234127365159,4.62378403561723,54.17329170610621,36.568291975057356,30.107977105299028,1.0,0.001,1.0,0.001,,,,,False,True,False,True,False,0.007071067811865475,0.007092441721049458,24,24,24,0,0.0,{},0.8124350815595054,0.7317204301075271,0.0,False,True,False,True,False,False,0.0,54.173291706106205,36.568291975057356,54.173291706106205,96.125,1.046804386241544,0.03427380257337729,False,0.48930617936918996,False,0.03194444444444444,False,False,0.4464996873188158,0.03194444444444444,True,True,1.6205219567091003,0.17877137193475653,9.467969709557742,False,opposite_direction
356,assignment_isolation,plus_one_randomisation,True,ok,40.62238154729085,4.11299197408945,47.04049253465176,32.95902677927683,29.820740264408542,1.0,0.001,1.0,0.001,,,,,False,True,False,True,False,0.007071067811865475,0.007053377268629469,24,24,24,0,0.0,{},0.7809650817652329,0.6995519713261646,0.0,False,True,False,True,False,False,0.0,47.040492534651754,32.95902677927683,47.040492534651754,94.75,1.0237057616713432,0.009586429201462751,False,0.530058301615865,False,0.015972222222222276,False,False,0.3978666229548301,0.015972222222222276,True,True,0.15368992224910022,0.15020142493251556,6.175688446288894,False,opposite_direction
357,assignment_isolation,plus_one_randomisation,True,ok,35.64994949490663,3.061921431363783,41.07974944495635,30.425839845702587,29.760544009538112,1.0,0.001,1.0,0.001,,,,,False,True,False,True,False,0.007071067811865475,0.007092249448558448,24,24,24,0,0.0,{},0.7992402365236524,0.7530219780219779,0.0,False,True,False,True,False,False,0.0,41.07974944495635,30.425839845702587,41.07974944495635,96.54166666666667,1.0369367540190264,0.0021307804673766717,False,0.5137327019557327,False,0.03402777777777777,False,False,0.3432117994678091,0.03402777777777777,True,True,-0.36014565614901145,0.12856494718938397,5.246547582403871,False,opposite_direction
358,assignment_isolation,plus_one_randomisation,True,ok,34.37403151724823,3.9228854014016066,41.58605739793784,27.674139619149393,30.229989064603053,1.0,0.001,1.0,0.001,,,,,False,True,False,False,True,0.007071067811865475,0.007095783296045442,24,24,24,0,0.0,{},0.7779301485551486,0.6750508130081302,0.0,False,True,False,False,False,False,0.0,41.58605739793784,27.67413961914939,41.58605739793784,93.29166666666667,1.0359284588480926,0.017972520715029753,False,0.5036644889321471,False,0.022222222222222143,False,False,0.33052416741476826,0.022222222222222143,True,False,-2.597828314741039,0.1812005249562287,6.097553475515014,False,inconclusive
359,assignment_isolation,plus_one_randomisation,True,ok,41.69078737020045,4.009885658281751,48.434399291988356,34.028745494407616,29.743917381392794,1.0,0.001,1.0,0.001,,,,,False,True,False,True,False,0.007071067811865475,0.007090419183740763,24,24,24,0,0.0,{},0.799915824915825,0.7620879120879119,0.0,False,True,False,True,False,False,0.0,48.43439929198835,34.028745494407616,48.43439929198835,96.29166666666667,1.0347476139990064,0.030898352979515542,False,0.5278678345036644,False,0.017708333333333326,False,False,0.4039674934286467,0.017708333333333326,True,True,0.9095029120375073,0.15959049749002596,5.330026577885321,False,opposite_direction
360,assignment_isolation,plus_one_randomisation,True,ok,37.80243710427735,3.907374704545086,43.833088841860274,31.1745311030407,29.094866346170075,1.0,0.001,1.0,0.001,,,,,False,True,False,True,False,0.007071067811865475,0.007065951103951215,24,24,24,0,0.0,{},0.7993162213338944,0.6878314393939394,0.0,False,True,False,True,False,False,0.0,43.833088841860274,31.174531103040703,43.833088841860274,96.0,1.0071464242725645,0.0029840962891702753,False,0.49751196077237575,False,0.012499999999999956,False,False,0.3760472450180923,0.012499999999999956,True,True,0.14227564644753152,0.20810921606666163,6.803969213430084,False,opposite_direction
361,assignment_isolation,plus_one_randomisation,True,ok,42.19792022331693,4.279885443669903,48.65429790363667,34.38664383171152,29.998895709240244,1.0,0.001,1.0,0.001,,,,,False,True,False,True,False,0.007071067811865475,0.007089333343639283,24,24,24,0,0.0,{},0.8138138825324178,0.7081460674157304,0.0,False,True,False,True,False,False,0.0,48.65429790363667,34.38664383171152,48.65429790363667,96.0,1.0418766059362072,0.014756607873204044,False,0.5129428548285769,False,0.019444444444444375,False,False,0.40607215116390255,0.019444444444444375,True,True,0.1745882698510556,0.0854415723922146,8.41941501460881,False,opposite_direction
362,assignment_isolation,plus_one_randomisation,True,ok,35.4631188378328,4.492904733134027,43.24374577876952,28.541514669121455,30.218333603155436,1.0,0.001,1.0,0.001,,,,,False,True,False,False,True,0.007071067811865475,0.007069168212921645,24,24,24,0,0.0,{},0.8090382996632998,0.612037037037037,0.0,False,True,False,False,False,False,0.0,43.24374577876952,28.541514669121455,43.24374577876952,94.91666666666667,1.0405910127055389,0.014351762810765493,False,0.498983402943431,False,0.020138888888888817,False,False,0.3400423459070292,0.020138888888888817,True,False,-0.814769245900963,0.12605718330950463,3.559520086620221,False,inconclusive
363,assignment_isolation,plus_one_randomisation,True,ok,41.76650966688931,2.7836711797404874,46.55601644147409,37.09525852638968,29.517398560418904,1.0,0.001,1.0,0.001,,,,,False,True,False,True,False,0.007071067811865475,0.007045714289039468,24,24,24,0,0.0,{},0.7984452201933405,0.7233695652173912,0.0,False,True,False,True,False,False,0.0,46.55601644147409,37.09525852638968,46.55601644147409,96.70833333333333,1.0225982878338113,0.012819722875438973,False,0.5226910723572132,False,0.012499999999999956,False,False,0.40946879448493717,0.012499999999999956,True,True,-1.236172262310931,0.12571131244302086,5.2749081837756036,False,opposite_direction
364,assignment_isolation,plus_one_randomisation,True,ok,45.2299725632432,3.710050660733618,51.66213592643041,38.662852593384855,30.83954071014105,1.0,0.001,1.0,0.001,,,,,False,True,False,True,False,0.007071067811865475,0.0070469491314243664,24,24,24,0,0.0,{},0.7973777115549828,0.7042156862745098,0.0,False,True,False,True,False,False,0.0,51.66213592643041,38.662852593384855,51.66213592643041,95.75,1.0632819310465165,0.010377198536184025,False,0.5125001696668762,False,0.03368055555555549,False,False,0.4261178852631551,0.03368055555555549,True,True,-0.44749157618399593,0.1565168579791584,5.071665445687732,False,opposite_direction
365,assignment_isolation,plus_one_randomisation,True,ok,37.708553418461996,4.263385433204705,45.36836702084908,30.46264822377829,30.319049535988814,1.0,0.001,1.0,0.001,,,,,False,True,False,True,False,0.007071067811865475,0.007054822060386656,24,24,24,0,0.0,{},0.807591788750226,0.701947463768116,0.0,False,True,False,True,False,False,0.0,45.368367020849085,30.46264822377829,45.368367020849085,96.33333333333333,1.0496873059063094,0.04527349480154779,False,0.4990866620308149,False,0.014930555555555558,False,False,0.3593892209430332,0.014930555555555558,True,True,-1.2260618120224194,0.1405248964666569,4.911739579035999,False,opposite_direction
366,assignment_isolation,plus_one_randomisation,True,ok,39.92994207130884,3.848511875277744,46.31262559253587,33.30806802227157,30.000960601919505,1.0,0.001,1.0,0.001,,,,,False,True,False,True,False,0.007071067811865475,0.007059981416007857,24,24,24,0,0.0,{},0.8037541254125413,0.7331501831501832,0.0,False,True,False,True,False,False,0.0,46.31262559253587,33.30806802227157,46.31262559253587,96.625,1.0410065840341123,0.02817566879165289,False,0.49870959958945793,False,0.042013888888888906,False,False,0.3844628883626922,0.042013888888888906,True,True,-1.5129550238835605,0.24145734080726072,7.312809025721262,False,opposite_direction
367,assignment_isolation,plus_one_randomisation,True,ok,39.40700374712795,4.014911738255694,47.79569420633491,33.06844378734119,30.195189604078113,1.0,0.001,1.0,0.001,,,,,False,True,False,True,False,0.007071067811865475,0.007018038924173596,24,24,24,0,0.0,{},0.7816491228070177,0.6946496212121213,0.0,False,True,False,True,False,False,0.0,47.79569420633491,33.06844378734119,47.79569420633491,95.83333333333333,1.0372461586057766,0.0045087108566330865,False,0.5225817779569932,False,0.02430555555555558,False,False,0.38073706185038847,0.02430555555555558,True,True,-0.38314563241269634,0.08173972411131565,5.617932847822598,False,opposite_direction
368,assignment_isolation,plus_one_randomisation,True,ok,38.01813597521303,3.828614832809234,44.208441783861836,31.781502408062227,30.004552727276046,1.0,0.001,1.0,0.001,,,,,False,True,False,True,False,0.007071067811865475,0.007013021011018705,24,24,24,0,0.0,{},0.7975436263531169,0.6831481481481483,0.0,False,True,False,True,False,False,0.0,44.208441783861836,31.781502408062227,44.208441783861836,96.45833333333333,1.0333136784926071,0.005447238444230012,False,0.5296512941215212,False,0.01909722222222221,False,False,0.36840505698328085,0.01909722222222221,True,True,1.3200942357252021,0.19850505686377895,7.527020843618576,False,opposite_direction
369,assignment_isolation,plus_one_randomisation,True,ok,42.100276442447644,4.103917001815727,49.153011736743956,34.696966200084226,30.493754841672526,1.0,0.001,1.0,0.001,,,,,False,True,False,True,False,0.007071067811865475,0.007029486083942164,24,24,24,0,0.0,{},0.8019069220430106,0.7,0.0,False,True,False,True,False,False,0.0,49.153011736743956,34.696966200084226,49.153011736743956,97.375,1.0576165046816342,0.008063309388263398,False,0.5230851733125829,False,0.02187500000000009,False,False,0.3991224941846128,0.02187500000000009,True,True,-0.28094772426163367,0.1914417996616005,6.5222201380307006,False,opposite_direction
370,assignment_isolation,plus_one_randomisation,True,ok,39.89881629643636,3.4875981349668534,45.874022892851926,33.77550926391645,29.99769416947603,1.0,0.001,1.0,0.001,,,,,False,True,False,True,False,0.007071067811865475,0.007067130035580002,24,24,24,0,0.0,{},0.7890366430260047,0.7159090909090909,0.0,False,True,False,True,False,False,0.0,45.87402289285192,33.77550926391645,45.87402289285192,95.70833333333333,1.0369930282772515,0.016535515239153895,False,0.4874617600854454,False,0.014930555555555558,False,False,0.38566870433709877,0.014930555555555558,True,True,0.7425682020420452,0.1264837453945133,5.528903227991636,False,opposite_direction
371,assignment_isolation,plus_one_randomisation,True,ok,37.25077200438015,3.7424380192369022,43.455643873419525,31.250178069978077,29.12480754301536,1.0,0.001,1.0,0.001,,,,,False,True,False,True,False,0.007071067811865475,0.0070547879262309295,24,24,24,0,0.0,{},0.8090528921313183,0.704119850187266,0.0,False,True,False,True,False,False,0.0,43.455643873419525,31.250178069978077,43.455643873419525,96.16666666666667,1.007463481753538,0.02131227788352592,False,0.5221503779635984,False,0.03541666666666665,False,False,0.37028873800201056,0.03541666666666665,True,True,-2.6395676803182915,0.22856787453807528,5.117496804326454,False,opposite_direction
372,assignment_isolation,plus_one_randomisation,True,ok,32.96323809163167,3.965671171762564,39.785584769377365,26.557160640852068,29.565709377496024,1.0,0.001,1.0,0.001,,,,,False,True,False,False,True,0.007071067811865475,0.007090015357497883,24,24,24,0,0.0,{},0.8142918096872616,0.7566666666666667,0.0,False,True,False,False,False,False,0.0,39.785584769377365,26.55716064085207,39.785584769377365,96.75,1.0309342560617514,0.0016062700174874283,False,0.5219867761162023,False,0.03229166666666661,False,False,0.3176331471923026,0.03229166666666661,True,False,-1.344203314735269,0.21412857004125468,4.457035912337299,False,inconclusive
373,assignment_isolation,plus_one_randomisation,True,ok,41.890149301292546,4.331374175738206,50.313404322955535,34.95091158424211,30.686282612536704,1.0,0.001,1.0,0.001,,,,,False,True,False,True,False,0.007071067811865475,0.007059446547914598,24,24,24,0,0.0,{},0.7836060754088872,0.7483695652173913,0.0,False,True,False,True,False,False,0.0,50.313404322955535,34.95091158424211,50.313404322955535,95.625,1.0591821742555805,0.03157975855536893,False,0.5003252931748071,False,0.01041666666666663,False,False,0.3965374291052693,0.01041666666666663,True,True,0.12044703466098132,0.2995847506785948,6.56993701058495,False,opposite_direction
374,assignment_isolation,plus_one_randomisation,True,ok,37.61817694015956,3.672288904097772,43.923054302476906,31.925311670491812,29.969889976686922,1.0,0.001,1.0,0.001,,,,,False,True,False,True,False,0.007071067811865475,0.0071057611286280764,24,24,24,0,0.0,{},0.8162037037037035,0.737087912087912,0.0,False,True,False,True,False,False,0.0,43.923054302476906,31.925311670491812,43.923054302476906,97.125,1.0493763513284349,0.02738580189633334,False,0.5184805499636359,False,0.027430555555555625,False,False,0.3586028165052397,0.027430555555555625,True,True,-0.33104319119208436,0.1734211607202554,4.411214220863148,False,opposite_direction
375,assignment_isolation,plus_one_randomisation,True,ok,36.94790481430308,3.784434895858369,43.30566762521071,30.431347080473692,30.03949446176259,1.0,0.001,1.0,0.001,,,,,False,True,False,True,False,0.007071067811865475,0.007041038959901053,24,24,24,0,0.0,{},0.7998290193602695,0.720430107526882,0.0,False,True,False,True,False,False,0.0,43.30566762521071,30.43134708047369,43.30566762521071,96.41666666666667,1.038425699600518,0.009586555697857544,False,0.5122481966633946,False,0.014236111111111116,False,False,0.35581247654553466,0.014236111111111116,True,True,-2.489507579396726,0.268169694457536,3.2002947729795785,False,opposite_direction
376,assignment_isolation,plus_one_randomisation,True,ok,43.130319194356126,3.0433886789800884,48.76145042590158,37.606927839821516,30.082794251209755,1.0,0.001,1.0,0.001,,,,,False,True,False,True,False,0.007071067811865475,0.007029968145591809,24,24,24,0,0.0,{},0.8025588768115942,0.7384057971014494,0.0,False,True,False,True,False,False,0.0,48.76145042590158,37.606927839821516,48.76145042590158,97.54166666666667,1.0443272752635095,0.0009660278879616978,False,0.5119143237023502,False,0.022916666666666696,False,False,0.4139825480361432,0.022916666666666696,True,True,0.8323497753156202,0.1829356340115472,5.935380320486953,False,opposite_direction
377,assignment_isolation,plus_one_randomisation,True,ok,37.65246672062788,4.295664548294003,45.94126819852496,30.607242483285578,30.049134452030984,1.0,0.001,1.0,0.001,,,,,False,True,False,True,False,0.007071067811865475,0.007066786730339924,24,24,24,0,0.0,{},0.8039428906428736,0.716468253968254,0.0,False,True,False,True,False,False,0.0,45.94126819852496,30.607242483285578,45.94126819852496,95.875,1.0396248326996993,0.0001497511077382372,False,0.5224073639008842,False,0.029861111111111116,False,False,0.36244503567162367,0.029861111111111116,True,True,-1.21258421880007,0.2956559307377953,6.092602962028181,False,opposite_direction
378,assignment_isolation,plus_one_randomisation,True,ok,38.86648738543413,4.117505208913435,44.7132276637054,29.548624131563216,29.483737938429808,1.0,0.001,1.0,0.001,,,,,False,True,False,True,False,0.007071067811865475,0.007064319523246638,24,24,24,0,0.0,{},0.8044396929824561,0.6817049808429118,0.0,False,True,False,True,False,False,0.0,44.7132276637054,29.548624131563216,44.7132276637054,97.33333333333333,1.0274333993977747,0.004993584958013607,False,0.5231146107635479,False,0.026388888888888906,False,False,0.379067021025936,0.026388888888888906,True,True,0.8663241323098203,0.18480065058733486,7.234141231508618,False,opposite_direction
379,assignment_isolation,plus_one_randomisation,True,ok,45.0275192259561,4.05155666847223,52.68766150295643,38.324641697807216,29.477118066989405,1.0,0.001,1.0,0.001,,,,,False,True,False,True,False,0.007071067811865475,0.007053398017060797,24,24,24,0,0.0,{},0.7813407521463234,0.7100980392156865,0.0,False,True,False,True,False,False,0.0,52.68766150295644,38.324641697807216,52.68766150295644,96.25,1.0198910619711328,0.017317403579879438,False,0.49544827990104695,False,0.02604166666666663,False,False,0.4416314822013325,0.02604166666666663,True,True,-1.0579440694751086,0.11827545626412414,7.981509119694346,False,opposite_direction
380,assignment_isolation,plus_one_randomisation,True,ok,39.77898728559816,4.230652661213063,46.590340140595835,32.02381526588548,30.31304486235245,1.0,0.001,1.0,0.001,,,,,False,True,False,True,False,0.007071067811865475,0.007076094646733236,24,24,24,0,0.0,{},0.8103101549898308,0.715925925925926,0.0,False,True,False,True,False,False,0.0,46.590340140595835,32.02381526588548,46.590340140595835,97.20833333333333,1.0574137376183006,0.0023717950218286057,False,0.5194644700282176,False,0.019791666666666763,False,False,0.3769189316730048,0.019791666666666763,True,True,-1.4736603402067305,0.1443148203162884,5.12034548283388,False,opposite_direction
381,assignment_isolation,plus_one_randomisation,True,ok,38.81364659100422,3.163656907523581,44.229368411801005,33.8154354850491,29.598380952886078,1.0,0.001,1.0,0.001,,,,,False,True,False,True,False,0.007071067811865475,0.0070538371749252924,24,24,24,0,0.0,{},0.8103949652777778,0.7505376344086022,0.0,False,True,False,True,False,False,0.0,44.229368411801005,33.8154354850491,44.229368411801005,97.25,1.029456963070696,0.021693953953698657,False,0.4843375280156624,False,0.005555555555555536,False,False,0.3777793318003541,0.005555555555555536,True,True,0.8860367557326301,0.17053525123350108,6.517792534452763,False,opposite_direction
382,assignment_isolation,plus_one_randomisation,True,ok,41.2322779370187,3.4543963095956736,46.43599978452731,34.29769601273249,30.473736487352788,1.0,0.001,1.0,0.001,,,,,False,True,False,True,False,0.007071067811865475,0.007092329009580543,24,24,24,0,0.0,{},0.7987090307800317,0.7291193181818183,0.0,False,True,False,True,False,False,0.0,46.435999784527304,34.29769601273249,46.435999784527304,95.29166666666667,1.0549018347416546,0.010281659594588313,False,0.5076708983827728,False,0.021874999999999978,False,False,0.3918651596185574,0.021874999999999978,True,True,0.20040124299244763,0.08807383403346541,6.377450277078368,False,opposite_direction
383,assignment_isolation,plus_one_randomisation,True,ok,36.779071485035246,4.57428307695392,44.769554509991096,29.598196155306866,29.713691606255015,1.0,0.001,1.0,0.001,,,,,False,True,False,False,True,0.007071067811865475,0.00706161773065205,24,24,24,0,0.0,{},0.7888745704467355,0.6900000000000001,0.0,False,True,False,False,False,False,0.0,44.76955450999109,29.598196155306866,44.76955450999109,94.66666666666667,1.0207734428017294,0.0072317478857117515,False,0.5105980919200733,False,0.03020833333333328,False,False,0.3605030370048168,0.03020833333333328,True,False,0.7079370130243937,0.16656353070958066,6.4263203052219025,False,inconclusive
384,assignment_isolation,plus_one_randomisation,True,ok,40.02656245500154,3.5961378796506587,46.19723138317284,34.003127457598296,30.392080317306988,1.0,0.001,1.0,0.001,,,,,False,True,False,True,False,0.007071067811865475,0.007074568161934039,24,24,24,0,0.0,{},0.8026909722222222,0.7158914728682171,0.0,False,True,False,True,False,False,0.0,46.19723138317284,34.003127457598296,46.19723138317284,95.79166666666667,1.0521901519053913,0.027036136788306388,False,0.5226053339705433,False,0.015972222222222276,False,False,0.38124029939200965,0.015972222222222276,True,True,-0.6979939757118127,0.10637852955825565,5.225409948378439,False,opposite_direction
385,assignment_isolation,plus_one_randomisation,True,ok,48.37522400906292,3.537293012051631,55.262730464922065,42.812108408075936,30.700799165654857,1.0,0.001,1.0,0.001,,,,,False,True,False,True,False,0.007071067811865475,0.007065005553745485,24,24,24,0,0.0,{},0.7986666666666667,0.722003745318352,0.0,False,True,False,True,False,False,0.0,55.262730464922065,42.812108408075936,55.262730464922065,96.45833333333333,1.0651286569169658,0.007571158389162811,False,0.5133321844699299,False,0.02951388888888895,False,False,0.4536114883889753,0.02951388888888895,True,True,1.6789096919721567,0.18394694962717548,7.235103738816082,False,opposite_direction
386,assignment_isolation,plus_one_randomisation,True,ok,37.161122458471105,4.675603083918232,45.411846743190104,29.762262809154375,30.67417545008185,1.0,0.001,1.0,0.001,,,,,False,True,False,False,True,0.007071067811865475,0.0070843672753113296,24,24,24,0,0.0,{},0.8057388913012011,0.7204119850187267,0.0,False,True,False,False,False,False,0.0,45.411846743190104,29.762262809154375,45.411846743190104,95.83333333333333,1.0636586274900888,0.023197848840634406,False,0.5177193380716231,False,0.02083333333333326,False,False,0.3490723576009492,0.02083333333333326,True,False,0.4081088219109153,0.12004531687371348,5.941486421393593,False,inconclusive
387,assignment_isolation,plus_one_randomisation,True,ok,41.772403890870116,4.378008081873047,49.71352035396836,34.86852954709456,30.469041551230006,1.0,0.001,1.0,0.001,,,,,False,True,False,True,False,0.007071067811865475,0.007071776669858538,24,24,24,0,0.0,{},0.7988679971170329,0.6803030303030302,0.0,False,True,False,True,False,False,0.0,49.71352035396836,34.86852954709456,49.71352035396836,95.91666666666667,1.0551261173407251,0.03534531059416228,False,0.4948777506269691,False,0.021874999999999978,False,False,0.39694431071389763,0.021874999999999978,True,True,0.3346782157110862,0.13515439323029835,6.3765798992637786,False,opposite_direction
388,assignment_isolation,plus_one_randomisation,True,ok,35.08855661515377,3.754854155876154,41.318942802023415,28.54001303662645,29.961095268726556,1.0,0.001,1.0,0.001,,,,,False,True,False,False,True,0.007071067811865475,0.007023912683725457,24,24,24,0,0.0,{},0.7751704456911328,0.6825670498084294,0.0,False,True,False,False,False,False,0.0,41.318942802023415,28.54001303662645,41.318942802023415,95.58333333333333,1.02872165002045,0.0023952267641044376,False,0.5129721785559606,False,0.029861111111111116,False,False,0.3403498798020481,0.029861111111111116,True,False,-0.16907053544610748,0.20410114853792524,4.0828576064291715,False,inconclusive
389,assignment_isolation,plus_one_randomisation,True,ok,41.20116795554703,3.6417151841297395,47.616865331302776,35.00320774659837,30.271322054628406,1.0,0.001,1.0,0.001,,,,,False,True,False,True,False,0.007071067811865475,0.007083691998352349,24,24,24,0,0.0,{},0.8029119720804987,0.7120588235294116,0.0,False,True,False,True,False,False,0.0,47.61686533130277,35.00320774659837,47.61686533130277,96.41666666666667,1.0527787710732537,0.015944423956386504,False,0.5124337291089884,False,0.015277777777777835,False,False,0.39236328109447344,0.015277777777777835,True,True,-0.18654459128568274,0.09732654166172408,5.4686743677738585,False,opposite_direction
390,assignment_isolation,plus_one_randomisation,True,ok,43.59598569316358,4.490429853978654,51.71753773015043,36.79983953273996,30.6299284936857,1.0,0.001,1.0,0.001,,,,,False,True,False,True,False,0.007071067811865475,0.007112210343160225,24,24,24,0,0.0,{},0.7867485535647629,0.7124515503875967,0.0,False,True,False,True,False,False,0.0,51.71753773015043,36.79983953273996,51.71753773015043,94.29166666666667,1.057687168755353,0.0313659049223836,False,0.4893044718626323,False,0.027083333333333348,False,False,0.41317874955686273,0.027083333333333348,True,True,1.347152210213426,0.2450628462379734,5.7133815102186,False,opposite_direction
391,assignment_isolation,plus_one_randomisation,True,ok,36.165223892840764,4.248590491331883,44.98135383198364,29.336257453945503,29.342538594298684,1.0,0.001,1.0,0.001,,,,,False,True,False,False,True,0.007071067811865475,0.007048273225455729,24,24,24,0,0.0,{},0.8061855670103093,0.703853046594982,0.0,False,True,False,False,False,False,0.0,44.98135383198363,29.336257453945503,44.98135383198363,98.0,1.0236782071007662,0.02654099084488406,False,0.48755908783823365,False,0.009375000000000022,False,False,0.35317771490790045,0.009375000000000022,True,False,-1.0728288130604207,0.2099885246391067,4.607436027177136,False,inconclusive
392,assignment_isolation,plus_one_randomisation,True,ok,44.827214251282705,3.928400085329107,52.679169902273465,38.59188706344442,30.321625559068437,1.0,0.001,1.0,0.001,,,,,False,True,False,True,False,0.007071067811865475,0.007049121124780043,24,24,24,0,0.0,{},0.8024059321739734,0.641470588235294,0.0,False,True,False,True,False,False,0.0,52.679169902273465,38.59188706344442,52.679169902273465,96.5,1.0498351620214756,0.015315953492515319,False,0.5104749129568562,False,0.015972222222222276,False,False,0.42768422849866944,0.015972222222222276,True,True,-0.06259249869711046,0.12742568410458963,6.522066543512808,False,opposite_direction
393,assignment_isolation,plus_one_randomisation,True,ok,42.396550682353386,3.7308521165846398,49.49780110265576,36.50245904594343,30.30122236846742,1.0,0.001,1.0,0.001,,,,,False,True,False,True,False,0.007071067811865475,0.007113726037153797,24,24,24,0,0.0,{},0.8020166487647691,0.72481884057971,0.0,False,True,False,True,False,False,0.0,49.49780110265576,36.50245904594343,49.49780110265576,96.5,1.0587439587323713,0.0017484139477538074,False,0.5087105948676678,False,0.028125000000000067,False,False,0.40150244089437526,0.028125000000000067,True,True,-0.6155700150158058,0.13746763502547665,5.487804275638039,False,opposite_direction
394,assignment_isolation,plus_one_randomisation,True,ok,45.504891583059305,3.5366553615524112,52.512938138046,39.86984739890463,30.990169013096605,1.0,0.001,1.0,0.001,,,,,False,True,False,True,False,0.007071067811865475,0.007042611860188016,24,24,24,0,0.0,{},0.7892186469506057,0.6779116465863454,0.0,False,True,False,True,False,False,0.0,52.512938138046,39.86984739890463,52.512938138046,95.83333333333333,1.0682822194539263,0.01464721077164365,False,0.5079812480705982,False,0.015625,False,False,0.42668411773323367,0.015625,True,True,2.1322777981667467,0.1971919146931017,6.678608432500572,False,opposite_direction
395,assignment_isolation,plus_one_randomisation,True,ok,36.64501594990275,3.80563779554715,43.58076255878069,30.280579420632307,30.198424362762037,1.0,0.001,1.0,0.001,,,,,False,True,False,True,False,0.007071067811865475,0.007039668956189511,24,24,24,0,0.0,{},0.7932074652777779,0.6816287878787878,0.0,False,True,False,True,False,False,0.0,43.58076255878069,30.280579420632307,43.58076255878069,96.70833333333333,1.04529403998994,0.024179689444235382,False,0.49084031295259306,False,0.015277777777777835,False,False,0.3503322763935761,0.015277777777777835,True,True,0.05282611456087389,0.07632766761453788,5.5476006590695786,False,opposite_direction
396,assignment_isolation,plus_one_randomisation,True,ok,37.86731705216658,3.6918212805409008,44.402474173460334,32.019606240352395,30.21335237983641,1.0,0.001,1.0,0.001,,,,,False,True,False,True,False,0.007071067811865475,0.007052778792534879,24,24,24,0,0.0,{},0.7894727510265025,0.7164874551971326,0.0,False,True,False,True,False,False,0.0,44.40247417346033,32.019606240352395,44.40247417346033,96.54166666666667,1.0468551138098658,0.020499837465631703,False,0.4938354275742544,False,0.0253472222222223,False,False,0.36197837580304193,0.0253472222222223,True,True,-2.9989695563604575,0.2913427987306325,5.049528838980131,False,opposite_direction
397,assignment_isolation,plus_one_randomisation,True,ok,38.92744773685085,3.0380991844440572,44.28877788368606,33.474407780592706,29.97253117785902,1.0,0.001,1.0,0.001,,,,,False,True,False,True,False,0.007071067811865475,0.007037284090549354,24,24,24,0,0.0,{},0.7998681877566256,0.6983516483516486,0.0,False,True,False,True,False,False,0.0,44.28877788368606,33.474407780592706,44.28877788368606,95.5,1.030623864075066,0.027348312770952315,False,0.5135509322246505,False,0.03402777777777788,False,False,0.3784734422710502,0.03402777777777788,True,True,0.5476701507619584,0.18576846911934433,6.477038167131759,False,opposite_direction
398,assignment_isolation,plus_one_randomisation,True,ok,40.51677064349716,3.244285021423214,46.37045972811096,35.5267041645614,30.294341951587597,1.0,0.001,1.0,0.001,,,,,False,True,False,True,False,0.007071067811865475,0.007057381744618997,24,24,24,0,0.0,{},0.7947211476466796,0.6959786821705426,0.0,False,True,False,True,False,False,0.0,46.37045972811095,35.5267041645614,46.37045972811095,95.70833333333333,1.0458033148582788,0.0007375306181711524,False,0.5008022122347136,False,0.021527777777777812,False,False,0.3883792735409278,0.021527777777777812,True,True,-1.883199437788307,0.16221798156966344,5.651562796228686,False,opposite_direction
399,assignment_isolation,plus_one_randomisation,True,ok,38.19464975266131,4.084611962139103,45.323702945055246,31.780907621966605,29.872152239275863,1.0,0.001,1.0,0.001,,,,,False,True,False,True,False,0.007071067811865475,0.007079003506072154,24,24,24,0,0.0,{},0.8018795289855072,0.6705992509363298,0.0,False,True,False,True,False,False,0.0,45.32370294505525,31.780907621966605,45.32370294505525,95.75,1.0346132524255967,0.00502140409640718,False,0.5099858316581419,False,0.01805555555555549,False,False,0.369690262487538,0.01805555555555549,True,True,-0.7180926731674527,0.21906382345681416,5.091345030232254,False,opposite_direction
400,assignment_isolation,plus_one_randomisation,True,ok,40.675383487471215,3.17035263920267,46.72061289127144,35.78684348673846,30.14927796791848,1.0,0.001,1.0,0.001,,,,,False,True,False,True,False,0.007071067811865475,0.007036642764257187,24,24,24,0,0.0,{},0.7871563573883161,0.6768199233716473,0.0,False,True,False,True,False,False,0.0,46.720612891271436,35.78684348673846,46.720612891271436,96.0,1.0393170216070313,0.018147009834627754,False,0.5288629500355543,False,0.029166666666666674,False,False,0.39237348875144673,0.029166666666666674,True,True,-1.0190394291835831,0.08198951019174482,5.8716996504945085,False,opposite_direction
401,assignment_isolation,plus_one_randomisation,True,ok,34.169358799682946,4.385618369931577,41.43646479135122,26.006961787313564,29.045951490716845,1.0,0.001,1.0,0.001,,,,,False,True,False,False,True,0.007071067811865475,0.007087669931842412,24,24,24,0,0.0,{},0.8181082026875701,0.6659259259259258,0.0,False,True,False,False,False,False,0.0,41.43646479135122,26.00696178731356,41.43646479135122,96.75,1.012475641116675,0.02450093805027628,False,0.49893723806065265,False,0.020138888888888817,False,False,0.3365357564729232,0.020138888888888817,True,False,-0.6126419946754654,0.2282853414835974,5.494605710282171,False,inconclusive
402,assignment_isolation,plus_one_randomisation,True,ok,48.210914426836666,3.708439491551549,54.52369224001378,41.54452719279452,29.7993811796112,1.0,0.001,1.0,0.001,,,,,False,True,False,True,False,0.007071067811865475,0.007086720116016424,24,24,24,0,0.0,{},0.8078949937519526,0.6664835164835166,0.0,False,True,False,True,False,False,0.0,54.52369224001378,41.54452719279452,54.52369224001378,96.625,1.0379281346245322,0.023122110357212105,False,0.5173105270506191,False,0.028125000000000067,False,False,0.4632083063889212,0.028125000000000067,True,True,-1.4869212192935166,0.2872629456359202,5.334203727045403,False,opposite_direction
403,assignment_isolation,plus_one_randomisation,True,ok,36.01062423412946,5.0061587920130295,45.58813480669051,27.959015368049336,30.26307638868576,1.0,0.001,1.0,0.001,,,,,False,True,False,False,True,0.007071067811865475,0.007092053984478098,24,24,24,0,0.0,{},0.7970175438596492,0.6624537037037037,0.0,False,True,False,False,False,False,0.0,45.58813480669051,27.959015368049336,45.58813480669051,94.66666666666667,1.0441277875062458,0.00928958182021387,False,0.534617242898613,False,0.0215277777777777,False,False,0.34435690682472153,0.0215277777777777,True,False,0.24317054976404595,0.1033146530619959,6.085344344389606,False,inconclusive
404,assignment_isolation,plus_one_randomisation,True,ok,45.2023207215153,3.8170817082795665,52.011567959938844,38.80302786963407,30.482189317142044,1.0,0.001,1.0,0.001,,,,,False,True,False,True,False,0.007071067811865475,0.0070737669493917575,24,24,24,0,0.0,{},0.8015022888056597,0.6612887596899224,0.0,False,True,False,True,False,False,0.0,52.011567959938844,38.80302786963407,52.011567959938844,95.70833333333333,1.0547311796351972,0.007121946860310288,False,0.5163048974440984,False,0.01666666666666672,False,False,0.42921089520238376,0.01666666666666672,True,True,0.3513018665391129,0.18465676883804652,5.6926241428991755,False,opposite_direction
405,assignment_isolation,plus_one_randomisation,True,ok,41.03286772438285,4.1553638420251735,48.069467798071344,33.96546080806194,30.48450575455714,1.0,0.001,1.0,0.001,,,,,False,True,False,True,False,0.007071067811865475,0.007074226379389657,24,24,24,0,0.0,{},0.8039411609299518,0.6874509803921568,0.0,False,True,False,True,False,False,0.0,48.069467798071344,33.96546080806194,48.069467798071344,95.66666666666667,1.054650194097915,0.028916849393527358,False,0.4891967425545192,False,0.015277777777777724,False,False,0.3900458184355293,0.015277777777777724,True,True,-0.2620418591341263,0.10682956397632544,6.720752668266867,False,opposite_direction
406,assignment_isolation,plus_one_randomisation,True,ok,43.63514803942095,4.376474927876321,51.159222054760576,36.13116959628626,30.448689204552274,1.0,0.001,1.0,0.001,,,,,False,True,False,True,False,0.007071067811865475,0.0070707755556457435,24,24,24,0,0.0,{},0.8007623970640887,0.7037634408602151,0.0,False,True,False,True,False,False,0.0,51.15922205476058,36.13116959628626,51.15922205476058,96.08333333333333,1.0551876221821834,0.003637573588205832,False,0.5035776157560125,False,0.029861111111111116,False,False,0.41450903431892283,0.029861111111111116,True,True,-0.07277760001119248,0.07796416120944698,4.2516746418042874,False,opposite_direction
407,assignment_isolation,plus_one_randomisation,True,ok,30.35851906424715,4.30788077281392,38.9002423178248,23.35444653509266,30.06066579983815,1.0,0.001,1.0,0.001,,,,,False,True,False,False,True,0.007071067811865475,0.007041170044104316,24,24,24,0,0.0,{},0.7931686291355031,0.7030092592592591,0.0,False,True,False,False,False,False,0.0,38.9002423178248,23.35444653509266,38.9002423178248,96.83333333333333,1.0414199028433784,0.00042645301367324773,False,0.5022536705903665,False,0.012499999999999956,False,False,0.28716527516197266,0.012499999999999956,True,False,-0.5385270645895466,0.1221167507480225,4.441595606587451,False,inconclusive
408,assignment_isolation,plus_one_randomisation,True,ok,41.23053288371623,3.2091593831686516,46.01727059685972,34.06879410483069,29.12412933192212,1.0,0.001,1.0,0.001,,,,,False,True,False,True,False,0.007071067811865475,0.007085375602345457,24,24,24,0,0.0,{},0.8059621526221425,0.6720037453183522,0.0,False,True,False,True,False,False,0.0,46.017270596859724,34.06879410483069,46.017270596859724,95.08333333333333,1.0060927791579781,0.000780219887575262,False,0.5092550827319358,False,0.016319444444444442,False,False,0.4108303272052542,0.016319444444444442,True,True,-0.5124755914567903,0.11331365544823989,6.814070427810581,False,opposite_direction
409,assignment_isolation,plus_one_randomisation,True,ok,37.69169939320665,3.629595062775376,43.679901317805694,31.156778087457283,29.49499253247418,1.0,0.001,1.0,0.001,,,,,False,True,False,True,False,0.007071067811865475,0.007092326774323903,24,24,24,0,0.0,{},0.8158222853535353,0.7081417624521075,0.0,False,True,False,True,False,False,0.0,43.679901317805694,31.156778087457283,43.679901317805694,96.75,1.02880370348868,0.010178169546067796,False,0.5329430115453058,False,0.030208333333333393,False,False,0.36679118313360637,0.030208333333333393,True,True,0.7086387288784638,0.14610340553771256,5.275424219567618,False,opposite_direction
410,assignment_isolation,plus_one_randomisation,True,ok,42.19960732252246,4.192498399965934,49.693717578311464,34.99403156373232,30.49712400145657,1.0,0.001,1.0,0.001,,,,,False,True,False,True,False,0.007071067811865475,0.007047793256601978,24,24,24,0,0.0,{},0.7825716845878135,0.703021978021978,0.0,False,True,False,True,False,False,0.0,49.693717578311464,34.99403156373232,49.693717578311464,94.54166666666667,1.0449455788282023,0.031187489092688283,False,0.48906989240118165,False,0.013541666666666674,False,False,0.40490268842684113,0.013541666666666674,True,True,2.034522635855852,0.14565442272964788,8.142003291955431,False,opposite_direction
411,assignment_isolation,plus_one_randomisation,True,ok,43.35978162170239,4.112095790725569,50.07887483437502,36.73668486078985,30.22765717400724,1.0,0.001,1.0,0.001,,,,,False,True,False,True,False,0.007071067811865475,0.007057096038362219,24,24,24,0,0.0,{},0.8041236930710615,0.6795880149812734,0.0,False,True,False,True,False,False,0.0,50.07887483437502,36.73668486078985,50.07887483437502,96.33333333333333,1.0468605016986412,0.048565041645573806,False,0.5069288548843384,False,0.021527777777777812,False,False,0.4151588162956859,0.021527777777777812,True,True,0.8114555183812555,0.27526496236791914,6.8672792410192,False,opposite_direction
412,assignment_isolation,plus_one_randomisation,True,ok,39.18268196274574,3.59392909343793,45.54394494795729,33.1100752438869,29.550498603846748,1.0,0.001,1.0,0.001,,,,,False,True,False,True,False,0.007071067811865475,0.00710828606576225,24,24,24,0,0.0,{},0.8144770408163265,0.7164814814814813,0.0,False,True,False,True,False,False,0.0,45.54394494795729,33.1100752438869,45.54394494795729,96.66666666666667,1.032614184071652,0.020374037650968,False,0.5250914650432157,False,0.02256944444444442,False,False,0.38025834072462017,0.02256944444444442,True,True,-2.6972906514176067,0.29118978891613395,3.505282030216758,False,opposite_direction
413,assignment_isolation,plus_one_randomisation,True,ok,41.229799395999756,4.786168056194935,48.4963038489562,32.22025556591231,30.255183191547065,1.0,0.001,1.0,0.001,,,,,False,True,False,True,False,0.007071067811865475,0.0070735467546150215,24,24,24,0,0.0,{},0.807094387755102,0.7151041666666665,0.0,False,True,False,True,False,False,0.0,48.49630384895621,32.22025556591231,48.49630384895621,96.875,1.0532049156658012,0.010105563567044977,False,0.5132299966652278,False,0.00347222222222221,False,False,0.3924779899242943,0.00347222222222221,True,True,-0.9624170941479315,0.1505278020754607,5.5054463878413955,False,opposite_direction
414,assignment_isolation,plus_one_randomisation,True,ok,48.58293777093004,4.046662764740525,55.677945205037894,42.03154619949056,30.52305242332193,1.0,0.001,1.0,0.001,,,,,False,True,False,True,False,0.007071067811865475,0.0070872592759682815,24,24,24,0,0.0,{},0.7997330893006942,0.6946220930232558,0.0,False,True,False,True,False,False,0.0,55.677945205037894,42.03154619949056,55.677945205037894,95.875,1.0590805112636703,0.02046170632362996,False,0.48463710796799697,False,0.015277777777777835,False,False,0.45786475347363037,0.015277777777777835,True,True,0.537286112326834,0.15737371658406368,6.931164772824012,False,opposite_direction
415,assignment_isolation,plus_one_randomisation,True,ok,38.355865672730424,3.680617923774211,45.6066965543407,32.92359529665712,29.597844854704373,1.0,0.001,1.0,0.001,,,,,False,True,False,True,False,0.007071067811865475,0.007029589194599123,24,24,24,0,0.0,{},0.7919261341941755,0.6464814814814814,0.0,False,True,False,True,False,False,0.0,45.606696554340694,32.92359529665712,45.606696554340694,95.25,1.0152956645994524,0.022872928354438368,False,0.5145380253531078,False,0.022222222222222254,False,False,0.3785478632333532,0.022222222222222254,True,True,0.9723231875674048,0.13590433270068875,5.680512148646096,False,opposite_direction
416,assignment_isolation,plus_one_randomisation,True,ok,40.32573241502748,4.086448805683903,47.1823140810821,32.820532161216825,30.2067011873575,1.0,0.001,1.0,0.001,,,,,False,True,False,True,False,0.007071067811865475,0.007081362422160541,24,24,24,0,0.0,{},0.808274231678487,0.7120879120879118,0.0,False,True,False,True,False,False,0.0,47.1823140810821,32.820532161216825,47.1823140810821,96.45833333333333,1.0504127935573406,0.0030401348147363065,False,0.5279350576857723,False,0.015625,False,False,0.3848022159548659,0.015625,True,True,0.25206569503996695,0.21354995798680787,5.345913737751473,False,opposite_direction
417,assignment_isolation,plus_one_randomisation,True,ok,40.30481360201912,4.186444302852245,47.104626083732455,33.083074948805915,30.67868259776736,1.0,0.001,1.0,0.001,,,,,False,True,False,True,False,0.007071067811865475,0.007016595820183605,24,24,24,0,0.0,{},0.7906453861531986,0.6664855072463769,0.0,False,True,False,True,False,False,0.0,47.104626083732455,33.083074948805915,47.104626083732455,96.16666666666667,1.055468927374725,0.009630486145843787,False,0.5015507392124411,False,0.023263888888888862,False,False,0.38272552980253005,0.023263888888888862,True,True,-0.8457373452414195,0.12112023257063,4.824787215590019,False,opposite_direction
418,assignment_isolation,plus_one_randomisation,True,ok,41.189858021691656,4.750250585890974,49.84920121267824,33.09188194048232,30.593441444281215,1.0,0.001,1.0,0.001,,,,,False,True,False,True,False,0.007071067811865475,0.007058397424606141,24,24,24,0,0.0,{},0.8021646505376345,0.6623983739837399,0.0,False,True,False,True,False,False,0.0,49.849201212678246,33.09188194048232,49.849201212678246,95.45833333333333,1.0549001866763246,0.003999296202494038,False,0.5133878022866716,False,0.021180555555555536,False,False,0.391459061993063,0.021180555555555536,True,True,-1.683989847081595,0.2619755821011284,5.0247455538236645,False,opposite_direction
419,assignment_isolation,plus_one_randomisation,True,ok,37.21051919427048,3.069067068612514,43.276683988586946,32.14148338486199,29.145536874478523,1.0,0.001,1.0,0.001,,,,,False,True,False,True,False,0.007071067811865475,0.007085154147003439,24,24,24,0,0.0,{},0.8067584219858157,0.6957890070921983,0.0,False,True,False,True,False,False,0.0,43.276683988586946,32.14148338486199,43.276683988586946,96.04166666666667,1.011861824869217,0.010675099181347644,False,0.5211327105498667,False,0.02256944444444442,False,False,0.3682175654950548,0.02256944444444442,True,True,-0.3974104829085431,0.10899242788091604,5.382746902849462,False,opposite_direction
420,assignment_isolation,plus_one_randomisation,True,ok,36.613357066119455,4.38205588719816,46.01518248632439,29.75672829346429,29.520860504215804,1.0,0.001,1.0,0.001,,,,,False,True,False,True,False,0.007071067811865475,0.007044332859736838,24,24,24,0,0.0,{},0.7912378781299755,0.7030092592592593,0.0,False,True,False,True,False,False,0.0,46.01518248632439,29.75672829346429,46.01518248632439,96.875,1.023398423930527,0.018328943787571553,False,0.5129697104829204,False,0.03298611111111105,False,False,0.3578534697700102,0.03298611111111105,True,True,0.7953946771006813,0.20151549575339198,5.628190759304181,False,opposite_direction
421,assignment_isolation,plus_one_randomisation,True,ok,46.73158469047049,3.6845534373519415,52.95763487000277,39.661496240621304,30.183781830458862,1.0,0.001,1.0,0.001,,,,,False,True,False,True,False,0.007071067811865475,0.007072499319892963,24,24,24,0,0.0,{},0.8037779717150016,0.7076007326007326,0.0,False,True,False,True,False,False,0.0,52.95763487000277,39.661496240621304,52.95763487000277,96.95833333333333,1.0510155525200242,0.00792831494787616,False,0.5204089444980259,False,0.01666666666666672,False,False,0.44461665088125973,0.01666666666666672,True,True,-0.5670317888774274,0.13122874248678773,6.725658765471838,False,opposite_direction
422,assignment_isolation,plus_one_randomisation,True,ok,41.27263882672408,4.651168598128056,48.818497640046516,32.641257277539445,29.6516107829743,1.0,0.001,1.0,0.001,,,,,False,True,False,True,False,0.007071067811865475,0.007096323085353724,24,24,24,0,0.0,{},0.8140567010309276,0.7029693486590037,0.0,False,True,False,True,False,False,0.0,48.81849764004651,32.641257277539445,48.81849764004651,95.91666666666667,1.0303830693297569,0.02136311435086459,False,0.4914039815452076,False,0.0336805555555556,False,False,0.40161685020325316,0.0336805555555556,True,True,0.35336339892988716,0.09924520374538476,7.723777688240876,False,opposite_direction
423,assignment_isolation,plus_one_randomisation,True,ok,46.031074519800164,4.047708821501187,53.34347919760287,39.452881545114884,31.082359351641102,1.0,0.001,1.0,0.001,,,,,False,True,False,True,False,0.007071067811865475,0.007043033062115736,24,24,24,0,0.0,{},0.7914893416336539,0.7248207885304658,0.0,False,True,False,True,False,False,0.0,53.34347919760287,39.452881545114884,53.34347919760287,95.29166666666667,1.0684917420512188,0.011936874922778508,False,0.4939278714517303,False,0.025347222222222188,False,False,0.4313750205621055,0.025347222222222188,True,True,-0.06112023425464269,0.15982119582065984,6.081542167253295,False,opposite_direction
424,assignment_isolation,plus_one_randomisation,True,ok,37.62473754593475,3.603286081646493,44.259967550643175,31.709957957979864,29.890726040079482,1.0,0.001,1.0,0.001,,,,,False,True,False,True,False,0.007071067811865475,0.007055833707516897,24,24,24,0,0.0,{},0.8041356547935494,0.7120923913043476,0.0,False,True,False,True,False,False,0.0,44.259967550643175,31.709957957979864,44.259967550643175,97.0,1.0385817151729282,0.03245455094003937,False,0.4906718790771227,False,0.01805555555555549,False,False,0.36254556642477564,0.01805555555555549,True,True,-0.1819560688432037,0.15055331106796072,5.317401507665032,False,opposite_direction
425,assignment_isolation,plus_one_randomisation,True,ok,38.539928319680264,5.09651856505298,47.264143010723416,29.91061481402064,28.86114549860702,1.0,0.001,1.0,0.001,,,,,False,True,False,True,False,0.007071067811865475,0.007091481383532098,24,24,24,0,0.0,{},0.829890873015873,0.7138297872340424,0.0,False,True,False,True,False,False,0.0,47.264143010723416,29.910614814020636,47.264143010723416,98.04166666666667,1.0132716187444961,0.005435051792919446,False,0.5436266709029077,False,0.018402777777777768,False,False,0.3811785115256406,0.018402777777777768,True,True,-0.4452885566585159,0.1644186004684976,4.43849261752965,False,opposite_direction
426,assignment_isolation,plus_one_randomisation,True,ok,42.25609058483832,4.588033105265089,50.06778637248789,34.23757392349226,30.254278421400798,1.0,0.001,1.0,0.001,,,,,False,True,False,True,False,0.007071067811865475,0.007035807820497795,24,24,24,0,0.0,{},0.7945856153350516,0.6824537037037037,0.0,False,True,False,True,False,False,0.0,50.06778637248789,34.23757392349226,50.06778637248789,94.875,1.0366846461940638,0.016570124697313927,False,0.5395898178247494,False,0.018402777777777768,False,False,0.4086476491535786,0.018402777777777768,True,True,0.3854283425359855,0.14297408062710143,5.225294462154893,False,opposite_direction
427,assignment_isolation,plus_one_randomisation,True,ok,36.13714961281814,4.074798645686248,42.760170443313356,28.210361302314972,30.453401396086562,1.0,0.001,1.0,0.001,,,,,False,True,False,False,True,0.007071067811865475,0.007059931804677534,24,24,24,0,0.0,{},0.7971009537835753,0.7186141304347828,0.0,False,True,False,False,False,False,0.0,42.76017044331335,28.210361302314976,42.76017044331335,96.58333333333333,1.05647059109068,0.029347879187386093,False,0.5184243192648469,False,0.03229166666666672,False,False,0.3413705726591353,0.03229166666666672,True,False,-0.12518950778160337,0.10551381577949075,6.762286287923588,False,inconclusive
428,assignment_isolation,plus_one_randomisation,True,ok,45.72580543435723,3.5160917583179434,50.83528321615211,39.88329056714027,30.478012601834035,1.0,0.001,1.0,0.001,,,,,False,True,False,True,False,0.007071067811865475,0.007103214082874797,24,24,24,0,0.0,{},0.8100398936170211,0.6900000000000004,0.0,False,True,False,True,False,False,0.0,50.83528321615211,39.88329056714027,50.83528321615211,95.70833333333333,1.0589767601758158,0.025053343614247638,False,0.5173003701998407,False,0.028472222222222232,False,False,0.432329028413087,0.028472222222222232,True,True,0.9927071540111447,0.12385143326069323,7.400707730560807,False,opposite_direction
429,assignment_isolation,plus_one_randomisation,True,ok,38.16867424891964,3.8278808451064115,45.554753284651234,32.392302862785385,29.226809418602315,1.0,0.001,1.0,0.001,,,,,False,True,False,True,False,0.007071067811865475,0.007061787301364317,24,24,24,0,0.0,{},0.7963860544217687,0.7124542124542125,0.0,False,True,False,True,False,False,0.0,45.554753284651234,32.392302862785385,45.554753284651234,96.04166666666667,1.0113369820935028,0.004572483479915904,False,0.5137438372704873,False,0.02604166666666663,False,False,0.3781665315957223,0.02604166666666663,True,True,0.9017438962305567,0.15372406930421728,4.357806542400129,False,opposite_direction
430,assignment_isolation,plus_one_randomisation,True,ok,38.03892455516793,3.589730686939308,43.954306572744024,31.943062077872895,29.623576908290207,1.0,0.001,1.0,0.001,,,,,False,True,False,True,False,0.007071067811865475,0.007039630126802811,24,24,24,0,0.0,{},0.798284845853235,0.6636704119850187,0.0,False,True,False,True,False,False,0.0,43.954306572744024,31.943062077872895,43.954306572744024,95.79166666666667,1.0205192629679691,0.03986593157992584,False,0.5025503720635816,False,0.032638888888888884,False,False,0.37337325431754903,0.032638888888888884,True,True,-1.1396111770390769,0.11839666635682167,3.59670186631756,False,opposite_direction
431,assignment_isolation,plus_one_randomisation,True,ok,37.49817263277168,4.097853719823002,44.390212566570696,30.384667953620113,30.088188871220527,1.0,0.001,1.0,0.001,,,,,False,True,False,True,False,0.007071067811865475,0.007069851928440192,24,24,24,0,0.0,{},0.7764464352370287,0.7268981481481482,0.0,False,True,False,True,False,False,0.0,44.39021256657069,30.384667953620113,44.39021256657069,94.58333333333333,1.0343884836069508,0.031764400921775404,False,0.5137213351695373,False,0.01215277777777779,False,False,0.3628000741089853,0.01215277777777779,True,True,-0.9355514424801235,0.20525419348133847,5.310799713546528,False,opposite_direction
432,assignment_isolation,plus_one_randomisation,True,ok,37.21503037970718,3.497330268918933,43.669958451561264,31.363224765202034,29.89730096343369,1.0,0.001,1.0,0.001,,,,,False,True,False,True,False,0.007071067811865475,0.0070891286527615185,24,24,24,0,0.0,{},0.8150380272489737,0.7113026819923374,0.0,False,True,False,True,False,False,0.0,43.669958451561264,31.363224765202034,43.669958451561264,96.375,1.0403441780869436,5.691981443385184e-05,False,0.5274957432582801,False,0.020138888888888817,False,False,0.3578075370115066,0.020138888888888817,True,True,-0.2731626163959123,0.08918566632956826,5.116582287685688,False,opposite_direction
433,assignment_isolation,plus_one_randomisation,True,ok,36.85909463949872,4.048707541824707,43.49251518890974,29.633312367079515,29.193447084325722,1.0,0.001,1.0,0.001,,,,,False,True,False,True,False,0.007071067811865475,0.007088873528446319,24,24,24,0,0.0,{},0.8136145833333335,0.7250000000000001,0.0,False,True,False,True,False,False,0.0,43.49251518890974,29.633312367079515,43.49251518890974,97.54166666666667,1.021945408870735,0.02702499190210079,False,0.4952320330959582,False,0.032638888888888884,False,False,0.3608878479662216,0.032638888888888884,True,True,-0.6306277495496567,0.23001832230387184,5.9180865640881795,False,opposite_direction
434,assignment_isolation,plus_one_randomisation,True,ok,35.17206821499316,4.344782030533308,42.845847682771755,27.64219074523265,29.55140154667968,1.0,0.001,1.0,0.001,,,,,False,True,False,False,True,0.007071067811865475,0.007076268857739719,24,24,24,0,0.0,{},0.8077855376683502,0.6914728682170543,0.0,False,True,False,False,False,False,0.0,42.845847682771755,27.64219074523265,42.845847682771755,95.70833333333333,1.0228861294083735,0.00033376105809231944,False,0.5021278302349205,False,0.009375000000000022,False,False,0.3432651923658977,0.009375000000000022,True,False,1.8527850288872132,0.13631987825432118,6.756733430803283,False,inconclusive
435,assignment_isolation,plus_one_randomisation,True,ok,42.41163563748824,4.141384801657191,49.74974396292093,35.51049268598499,29.907349104298273,1.0,0.001,1.0,0.001,,,,,False,True,False,True,False,0.007071067811865475,0.0070452994854489324,24,24,24,0,0.0,{},0.7993230240549827,0.7248263888888888,0.0,False,True,False,True,False,False,0.0,49.749743962920924,35.51049268598499,49.749743962920924,96.91666666666667,1.0371620511844741,0.007159442583132942,False,0.5115483093078234,False,0.026388888888888906,False,False,0.40994977079927664,0.026388888888888906,True,True,0.04565848611862079,0.21347362219515112,6.896551249638838,False,opposite_direction
436,assignment_isolation,plus_one_randomisation,True,ok,50.1428831876273,3.610038721324635,56.261116296001404,44.26901632094019,31.277273343807533,1.0,0.001,1.0,0.001,,,,,False,True,False,True,False,0.007071067811865475,0.007049512170736493,24,24,24,0,0.0,{},0.7780505319148934,0.690934065934066,0.0,False,True,False,True,False,False,0.0,56.261116296001404,44.26901632094019,56.261116296001404,95.79166666666667,1.079000930898374,0.01512128018230261,False,0.5185741035268768,False,0.008333333333333304,False,False,0.46341507998618586,0.008333333333333304,True,True,2.235899600707196,0.16023371365298353,8.86128329018703,False,opposite_direction
437,assignment_isolation,plus_one_randomisation,True,ok,32.83761472926076,3.8890474097235517,39.49715306135417,26.15839883473563,30.310325933415974,1.0,0.001,1.0,0.001,,,,,False,True,False,False,True,0.007071067811865475,0.0070547039689330335,24,24,24,0,0.0,{},0.7930009594298246,0.6914772727272728,0.0,False,True,False,False,False,False,0.0,39.49715306135417,26.15839883473563,39.49715306135417,95.70833333333333,1.0459580868754799,0.050570270145390506,False,0.5211019424646595,False,0.007638888888888862,False,False,0.3114158382398291,0.007638888888888862,True,False,2.0880937783472833,0.14453269499137342,6.497580693075101,False,inconclusive
438,assignment_isolation,plus_one_randomisation,True,ok,36.500199181207414,4.25126970430659,43.453557336208476,28.673066834483585,29.542485339815485,1.0,0.001,1.0,0.001,,,,,False,True,False,False,True,0.007071067811865475,0.007025720098521781,24,24,24,0,0.0,{},0.794990723562152,0.6718627450980393,0.0,False,True,False,False,False,False,0.0,43.45355733620848,28.67306683448358,43.45355733620848,95.95833333333333,1.0165979388946118,0.00978277618402832,False,0.5152508719876716,False,0.028819444444444398,False,False,0.35918772830708773,0.028819444444444398,True,False,-0.5451186835287478,0.23262086668122023,6.452727992824339,False,inconclusive
439,assignment_isolation,plus_one_randomisation,True,ok,41.85394780235767,3.936682798889763,49.13276653129833,35.07921791129116,29.510072234050458,1.0,0.001,1.0,0.001,,,,,False,True,False,True,False,0.007071067811865475,0.007075423365025348,24,24,24,0,0.0,{},0.8223625886524824,0.6916666666666667,0.0,False,True,False,True,False,False,0.0,49.13276653129833,35.07921791129116,49.13276653129833,97.16666666666667,1.0290852666986712,0.014675146494760196,False,0.5073833050703296,False,0.011458333333333348,False,False,0.40775561540192096,0.011458333333333348,True,True,0.6645497256936435,0.12024777252662704,6.750022107930935,False,opposite_direction
440,assignment_isolation,plus_one_randomisation,True,ok,39.52555168951474,4.139259442443098,46.13447166468356,31.396291470853548,30.073674502346133,1.0,0.001,1.0,0.001,,,,,False,True,False,True,False,0.007071067811865475,0.007038599599952424,24,24,24,0,0.0,{},0.8031036308098163,0.6954301075268817,0.0,False,True,False,True,False,False,0.0,46.13447166468356,31.396291470853544,46.13447166468356,97.08333333333333,1.0428338010588332,0.022666466755023974,False,0.5425971278016998,False,0.02083333333333337,False,False,0.3798177435965733,0.02083333333333337,True,True,-1.1971079235901123,0.19283145959329673,4.963211340573056,False,opposite_direction
441,assignment_isolation,plus_one_randomisation,True,ok,36.63089159982565,4.26661198225751,43.848718241981715,29.59497026834009,30.356311643576714,1.0,0.001,1.0,0.001,,,,,False,True,False,False,True,0.007071067811865475,0.007083490190152149,24,24,24,0,0.0,{},0.8162082903336773,0.7081501831501832,0.0,False,True,False,False,False,False,0.0,43.848718241981715,29.59497026834009,43.848718241981715,96.375,1.0554763326032353,0.018773454088121953,False,0.531384532013714,False,0.03229166666666661,False,False,0.3466394501033079,0.03229166666666661,True,False,1.0163847515808908,0.09373420558970744,5.262617239930082,False,inconclusive
442,assignment_isolation,plus_one_randomisation,True,ok,35.80206182564407,4.229365464191138,42.66376041878502,28.162887690049942,29.517192220031767,1.0,0.001,1.0,0.001,,,,,False,True,False,False,True,0.007071067811865475,0.007058268921995741,24,24,24,0,0.0,{},0.7935452713694173,0.73375,0.0,False,True,False,False,False,False,0.0,42.66376041878502,28.162887690049942,42.66376041878502,95.54166666666667,1.018215386332953,0.0030070435640392234,False,0.524339505092892,False,0.02673611111111107,False,False,0.35142734477211834,0.02673611111111107,True,False,-0.05295148161188199,0.12149139312141324,4.8253799904351204,False,inconclusive
443,assignment_isolation,plus_one_randomisation,True,ok,39.73717792747105,4.01368263571828,46.680079979560645,32.511863748594585,30.359212980474258,1.0,0.001,1.0,0.001,,,,,False,True,False,True,False,0.007071067811865475,0.0070987164282589645,24,24,24,0,0.0,{},0.8120833333333333,0.6791187739463602,0.0,False,True,False,True,False,False,0.0,46.680079979560645,32.511863748594585,46.680079979560645,95.625,1.0537220427300031,0.016242058103113764,False,0.5036714018262366,False,0.02256944444444442,False,False,0.37786362066539775,0.02256944444444442,True,True,1.6220925800552903,0.13389550045533316,7.703881992566431,False,opposite_direction
444,assignment_isolation,plus_one_randomisation,True,ok,43.01464138938882,3.868945289129342,49.905140616178244,37.05642813083154,29.52864403942297,1.0,0.001,1.0,0.001,,,,,False,True,False,True,False,0.007071067811865475,0.007073535419763988,24,24,24,0,0.0,{},0.7904294779294779,0.6931034482758621,0.0,False,True,False,True,False,False,0.0,49.905140616178244,37.05642813083154,49.905140616178244,95.16666666666667,1.01880829049258,0.013502761028403561,False,0.5340062478435641,False,0.022916666666666696,False,False,0.42302356620980347,0.022916666666666696,True,True,1.1132245066850066,0.11378809624227683,7.410895903498971,False,opposite_direction
445,assignment_isolation,plus_one_randomisation,True,ok,42.33051429897568,3.6137002356796137,49.15514587852761,35.971293732382776,29.847357369547645,1.0,0.001,1.0,0.001,,,,,False,True,False,True,False,0.007071067811865475,0.0070349778746810875,24,24,24,0,0.0,{},0.7937293729372938,0.7352059925093632,0.0,False,True,False,True,False,False,0.0,49.15514587852761,35.971293732382776,49.15514587852761,97.5,1.0366709616370637,0.025571309591530537,False,0.5049498790919424,False,0.02083333333333337,False,False,0.4093656806141896,0.02083333333333337,True,True,-0.632702676598638,0.07316223118979474,4.238427066082522,False,opposite_direction
446,assignment_isolation,plus_one_randomisation,True,ok,39.82374105015017,4.333989258403641,46.537281279026644,32.14107893593814,29.950790808637457,1.0,0.001,1.0,0.001,,,,,False,True,False,True,False,0.007071067811865475,0.007118174633648054,24,24,24,0,0.0,{},0.8039921035314762,0.6954257246376813,0.0,False,True,False,True,False,False,0.0,46.537281279026644,32.14107893593814,46.537281279026644,95.0,1.0389837122706058,0.009574954293143572,False,0.5479153284058558,False,0.02083333333333337,False,False,0.3841823476541184,0.02083333333333337,True,True,0.38083783389378106,0.06279200136482536,7.465125034429001,False,opposite_direction
447,assignment_isolation,plus_one_randomisation,True,ok,42.55220648592166,3.7494314475535924,49.25440405421794,36.53153236635503,30.06095257427936,1.0,0.001,1.0,0.001,,,,,False,True,False,True,False,0.007071067811865475,0.007097203127796961,24,24,24,0,0.0,{},0.8139482821637427,0.6654829545454545,0.0,False,True,False,True,False,False,0.0,49.254404054217936,36.53153236635503,49.254404054217936,96.33333333333333,1.0470038341084307,0.0038988945265977667,False,0.5265747511708246,False,0.025347222222222188,False,False,0.40746589595660904,0.025347222222222188,True,True,-0.5027659424360141,0.1749759993736667,5.252136004610425,False,opposite_direction
448,assignment_isolation,plus_one_randomisation,True,ok,36.79091048595807,3.4067261722930158,43.659038689824186,31.36915764491754,30.436415231430598,1.0,0.001,1.0,0.001,,,,,False,True,False,True,False,0.007071067811865475,0.007027555043039506,24,24,24,0,0.0,{},0.7842746554336177,0.6636363636363636,0.0,False,True,False,True,False,False,0.0,43.65903868982419,31.36915764491754,43.65903868982419,95.875,1.0471778540178154,0.02369900851447059,False,0.5170124347421492,False,0.028124999999999956,False,False,0.3511318920558008,0.028124999999999956,True,True,0.7532244546279802,0.1512819886970485,5.19489436148298,False,opposite_direction
449,assignment_isolation,plus_one_randomisation,True,ok,40.13583885305419,3.5288014250667628,45.87124419535167,33.76541140670367,30.538015124669087,1.0,0.001,1.0,0.001,,,,,False,True,False,True,False,0.007071067811865475,0.007035617026262904,24,24,24,0,0.0,{},0.7988738259790891,0.7102150537634412,0.0,False,True,False,True,False,False,0.0,45.87124419535167,33.76541140670367,45.87124419535167,95.5,1.0498196253430412,0.010433253826931839,False,0.4830271176336177,False,0.02847222222222212,False,False,0.3831798488826226,0.02847222222222212,True,True,0.6182265341568505,0.1896246028729493,6.802193652232027,False,opposite_direction
450,assignment_isolation,plus_one_randomisation,True,ok,37.246312212603904,2.7958300893916714,41.97068638651654,32.02317323566706,29.859085089311282,1.0,0.001,1.0,0.001,,,,,False,True,False,True,False,0.007071067811865475,0.007040141234651079,24,24,24,0,0.0,{},0.7811403037466869,0.6953869047619047,0.0,False,True,False,True,False,False,0.0,41.97068638651654,32.02317323566706,41.97068638651654,96.625,1.0331719955070156,0.04320287425689409,False,0.5134262112210766,False,0.019444444444444486,False,False,0.36070963334167794,0.019444444444444486,True,True,-1.4492285565488137,0.18295980948008586,3.5373468953321128,False,opposite_direction
451,assignment_isolation,plus_one_randomisation,True,ok,38.28819267601491,5.34968671059434,47.42324640834572,29.69103685930769,30.890056072277737,1.0,0.001,1.0,0.001,,,,,False,True,False,False,True,0.007071067811865475,0.007065108843181398,24,24,24,0,0.0,{},0.7957474226804124,0.6957848837209302,0.0,False,True,False,False,False,False,0.0,47.42324640834571,29.69103685930769,47.42324640834571,95.70833333333333,1.067535766812258,0.015966237091858994,False,0.5086065018554555,False,0.018402777777777768,False,False,0.3587886346555889,0.018402777777777768,True,False,0.40852110680185033,0.20826364974188633,5.262215458613518,False,inconclusive
452,assignment_isolation,plus_one_randomisation,True,ok,35.71194845978497,2.867814777926226,40.43094946604029,30.504255911351787,29.717674090321065,1.0,0.001,1.0,0.001,,,,,False,True,False,True,False,0.007071067811865475,0.007049856399741096,24,24,24,0,0.0,{},0.805358111774281,0.6482558139534884,0.0,False,True,False,True,False,False,0.0,40.43094946604029,30.504255911351787,40.43094946604029,96.83333333333333,1.030807409716088,0.037683055304960585,False,0.4927547232955379,False,0.013541666666666674,False,False,0.345998587318542,0.013541666666666674,True,True,-0.45973571817972353,0.09752990937998798,4.706943117346741,False,opposite_direction
453,assignment_isolation,plus_one_randomisation,True,ok,38.632264745478636,3.0607059549183373,43.48862192209542,31.98401354374421,30.34996546804034,1.0,0.001,1.0,0.001,,,,,False,True,False,True,False,0.007071067811865475,0.007053731377250214,24,24,24,0,0.0,{},0.7864258931128293,0.6650383141762453,0.0,False,True,False,True,False,False,0.0,43.48862192209541,31.98401354374421,43.48862192209541,94.58333333333333,1.041008870169624,0.0023120175726232413,False,0.5198339540112474,False,0.01736111111111105,False,False,0.3716873283084959,0.01736111111111105,True,True,1.3231009422646078,0.22135968062116657,6.970051631161194,False,opposite_direction
454,assignment_isolation,plus_one_randomisation,True,ok,36.325943957471246,3.803643280286035,42.22758964387014,30.242157129040727,29.911958245960566,1.0,0.001,1.0,0.001,,,,,False,True,False,True,False,0.007071067811865475,0.007044579537370046,24,24,24,0,0.0,{},0.7784313997338066,0.701947463768116,0.0,False,True,False,True,False,False,0.0,42.22758964387014,30.24215712904073,42.22758964387014,94.41666666666667,1.0237508116528073,0.005672996466409501,False,0.5052678546664057,False,0.036111111111111094,False,False,0.35479364020070037,0.036111111111111094,True,True,0.7140691243314006,0.13593356260725573,6.997384926986276,False,opposite_direction
455,assignment_isolation,plus_one_randomisation,True,ok,30.509230342608806,4.456461361266739,38.2616819525935,22.645629978884152,29.26135694965257,1.0,0.001,1.0,0.001,,,,,False,True,False,False,True,0.007071067811865475,0.007075539337626567,24,24,24,0,0.0,{},0.7992573864485283,0.7035984848484849,0.0,False,True,False,False,False,False,0.0,38.2616819525935,22.64562997888415,38.2616819525935,95.95833333333333,1.0140639978092174,0.005758331350807326,False,0.5202169606966474,False,0.019791666666666652,False,False,0.29730194119157866,0.019791666666666652,True,False,-1.8025862786200872,0.17339466943194248,4.862469094555163,False,inconclusive
456,assignment_isolation,plus_one_randomisation,True,ok,42.79563952961493,3.29484778523484,48.5631012549012,37.06761489063938,30.381759176165286,1.0,0.001,1.0,0.001,,,,,False,True,False,True,False,0.007071067811865475,0.007059818347678686,24,24,24,0,0.0,{},0.7873669426374927,0.7029693486590041,0.0,False,True,False,True,False,False,0.0,48.5631012549012,37.06761489063938,48.5631012549012,95.375,1.0473545490680018,0.031905322994665065,False,0.5329329262976347,False,0.009027777777777746,False,False,0.40963927267127165,0.009027777777777746,True,True,-0.04769237050040827,0.16008112816765552,6.530502837183349,False,opposite_direction
457,assignment_isolation,plus_one_randomisation,True,ok,43.34277938928707,4.733704542756674,50.84922361386921,34.653055347933474,29.94634703102102,1.0,0.001,1.0,0.001,,,,,False,True,False,True,False,0.007071067811865475,0.007039863502739605,24,24,24,0,0.0,{},0.8074940582293524,0.7436613475177304,0.0,False,True,False,True,False,False,0.0,50.84922361386921,34.653055347933474,50.84922361386921,97.66666666666667,1.0417206633653138,0.01320979765075185,False,0.5140721703206279,False,0.021180555555555536,False,False,0.41701025150010534,0.021180555555555536,True,True,-0.8866862848658995,0.20244499096608456,8.405261315657398,False,opposite_direction
458,assignment_isolation,plus_one_randomisation,True,ok,42.36168170023067,3.9663705531487348,49.5491042188658,35.654546954852464,29.838272612764875,1.0,0.001,1.0,0.001,,,,,False,True,False,True,False,0.007071067811865475,0.0070633882111888,24,24,24,0,0.0,{},0.8082903868618154,0.6824906367041198,0.0,False,True,False,True,False,False,0.0,49.5491042188658,35.654546954852464,49.5491042188658,96.875,1.0372002571645307,0.0032426739247015915,False,0.4931886285831104,False,0.02604166666666674,False,False,0.40945708789947677,0.02604166666666674,True,True,-0.0879672299404602,0.0898424606215933,7.173823411819312,False,opposite_direction
459,assignment_isolation,plus_one_randomisation,True,ok,35.04312302929214,4.529205533431551,42.13613109418411,26.907596354040436,29.810720786673045,1.0,0.001,1.0,0.001,,,,,False,True,False,False,True,0.007071067811865475,0.007022066457081947,24,24,24,0,0.0,{},0.7970588768115943,0.6998207885304657,0.0,False,True,False,False,False,False,0.0,42.13613109418411,26.907596354040436,42.13613109418411,97.16666666666667,1.0317300233988558,0.0049224907298111645,False,0.5334671980512117,False,0.05138888888888893,True,False,0.3388331672408076,0.05138888888888893,True,False,-0.6068735201939488,0.07724678861318507,4.094972524060496,False,selection_limited
460,assignment_isolation,plus_one_randomisation,True,ok,40.605423210618284,4.4342975110792064,47.84675611885685,32.810676830298824,30.163117701434956,1.0,0.001,1.0,0.001,,,,,False,True,False,True,False,0.007071067811865475,0.007082178844246205,24,24,24,0,0.0,{},0.8166666666666667,0.670407196969697,0.0,False,True,False,True,False,False,0.0,47.84675611885685,32.810676830298824,47.84675611885685,96.25,1.0478846820435945,0.02445405765659784,False,0.5065427908814062,False,0.03819444444444442,False,False,0.38845689424110436,0.03819444444444442,True,True,0.03163773892621541,0.15230371473062407,6.641620329945707,False,opposite_direction
461,assignment_isolation,plus_one_randomisation,True,ok,36.12823731717544,3.3515497722809835,41.90021759570567,30.180991274789797,30.30198981577874,1.0,0.001,1.0,0.001,,,,,False,True,False,False,True,0.007071067811865475,0.0070795012859074915,24,24,24,0,0.0,{},0.7840913247019237,0.698369565217391,0.0,False,True,False,False,False,False,0.0,41.90021759570567,30.1809912747898,41.90021759570567,94.54166666666667,1.0429306823156408,0.0072112826340046616,False,0.4913046145113145,False,0.015972222222222165,False,False,0.34596107918826696,0.015972222222222165,True,False,-1.485953394989459,0.2426918790804536,5.601884537098696,False,inconclusive
462,assignment_isolation,plus_one_randomisation,True,ok,40.259284368102776,2.9492429114185668,44.882179073556465,35.43256608561102,30.08059572623757,1.0,0.001,1.0,0.001,,,,,False,True,False,True,False,0.007071067811865475,0.007026813140690334,24,24,24,0,0.0,{},0.7981359089517199,0.7041218637992831,0.0,False,True,False,True,False,False,0.0,44.882179073556465,35.43256608561102,44.882179073556465,96.20833333333333,1.0366238286384712,0.023908227721886253,False,0.5145422150826393,False,0.017708333333333326,False,False,0.3893395935169511,0.017708333333333326,True,True,0.2167194768226196,0.15780730533596013,5.1696956436181285,False,opposite_direction
463,assignment_isolation,plus_one_randomisation,True,ok,40.45323435544375,4.694871407080367,47.9426740550973,31.124574802445338,30.09885764433933,1.0,0.001,1.0,0.001,,,,,False,True,False,True,False,0.007071067811865475,0.007075011823816636,24,24,24,0,0.0,{},0.8039109071463637,0.7002873563218391,0.0,False,True,False,True,False,False,0.0,47.94267405509729,31.124574802445338,47.94267405509729,94.91666666666667,1.0373335546977376,0.009658393897624197,False,0.518332392563916,False,0.020138888888888817,False,False,0.39096437205656137,0.020138888888888817,True,True,-0.34771055737787043,0.0384507049699664,6.285669142401575,False,opposite_direction
464,assignment_isolation,plus_one_randomisation,True,ok,39.70807222798817,4.285215807607267,48.00151502842816,33.39542309595131,29.856022959960224,1.0,0.001,1.0,0.001,,,,,False,True,False,True,False,0.007071067811865475,0.00708228710985931,24,24,24,0,0.0,{},0.8054793729372937,0.7286516853932583,0.0,False,True,False,True,False,False,0.0,48.00151502842815,33.39542309595131,48.00151502842815,96.45833333333333,1.038353822257481,0.022035158729919634,False,0.5116699412931355,False,0.02951388888888895,False,False,0.38328381079020996,0.02951388888888895,True,True,0.9197376228096136,0.1636133686671266,6.60688547129333,False,opposite_direction
465,assignment_isolation,plus_one_randomisation,True,ok,33.11461559887155,3.8472447076741094,39.34042808069886,25.211856242458193,28.75806905380985,1.0,0.001,1.0,0.001,,,,,False,True,False,False,True,0.007071067811865475,0.00703476161924282,24,24,24,0,0.0,{},0.8103114478114477,0.7207899305555555,0.0,False,True,False,False,False,False,0.0,39.34042808069886,25.211856242458193,39.34042808069886,97.70833333333333,0.9998731693971742,0.0004617933146336175,False,0.5052423472037236,False,0.01736111111111116,False,False,0.3298537116244932,0.01736111111111116,True,False,-1.026826796650491,0.22453045979237377,4.786552549668394,False,inconclusive
466,assignment_isolation,plus_one_randomisation,True,ok,38.9493755592077,4.360304134203357,45.69875503269993,30.79715996339821,29.693465272789872,1.0,0.001,1.0,0.001,,,,,False,True,False,True,False,0.007071067811865475,0.007074037857308264,24,24,24,0,0.0,{},0.8090277777777778,0.6624503968253967,0.0,False,True,False,True,False,False,0.0,45.69875503269993,30.79715996339821,45.69875503269993,96.0,1.0290438557169026,0.015350605408487945,False,0.5052370116459163,False,0.021180555555555536,False,False,0.37928556869642044,0.021180555555555536,True,True,0.5704645947323407,0.16619200211921556,7.535218376574715,False,opposite_direction
467,assignment_isolation,plus_one_randomisation,True,ok,37.490483449566426,3.070239348128931,42.96158214201417,31.94455469828087,29.555361481477814,1.0,0.001,1.0,0.001,,,,,False,True,False,True,False,0.007071067811865475,0.007011940268273522,24,24,24,0,0.0,{},0.7974066773173918,0.7124561403508771,0.0,False,True,False,True,False,False,0.0,42.96158214201417,31.94455469828087,42.96158214201417,96.25,1.0165877139966446,0.01879553337463275,False,0.5530639756386431,False,0.03993055555555558,False,False,0.36929689205481087,0.03993055555555558,True,True,0.17354971794988105,0.2482969680649036,6.462699781526378,False,opposite_direction
468,assignment_isolation,plus_one_randomisation,True,ok,35.47341711716304,4.7063855114515105,44.16853235472595,27.72131042878908,29.91724119757949,1.0,0.001,1.0,0.001,,,,,False,True,False,False,True,0.007071067811865475,0.00707830417019047,24,24,24,0,0.0,{},0.7969440027052714,0.6825490196078432,0.0,False,True,False,False,False,False,0.0,44.16853235472595,27.72131042878908,44.16853235472595,94.33333333333333,1.0283793771446592,0.010429409776001064,False,0.5379852261508749,False,0.010763888888888906,False,False,0.3444177080109543,0.010763888888888906,True,False,-1.083948140795428,0.15871116854146008,3.884051719438873,False,inconclusive
469,assignment_isolation,plus_one_randomisation,True,ok,39.64847220465736,5.174118625776584,47.8095790727907,30.28461572169995,29.773548481765726,1.0,0.001,1.0,0.001,,,,,False,True,False,True,False,0.007071067811865475,0.007031460036567613,24,24,24,0,0.0,{},0.7945900537634409,0.6366465863453815,0.0,False,True,False,True,False,False,0.0,47.80957907279069,30.28461572169995,47.80957907279069,96.5,1.0282761711650372,0.01173214219042581,False,0.5291679689770353,False,0.022916666666666696,False,False,0.386509839655833,0.022916666666666696,True,True,0.006374333758244615,0.09269291043946508,4.631405622121203,False,opposite_direction
470,assignment_isolation,plus_one_randomisation,True,ok,42.43611692442858,3.6279431399064554,48.451835710791485,36.312626324377916,29.75210157225951,1.0,0.001,1.0,0.001,,,,,False,True,False,True,False,0.007071067811865475,0.007122119970097772,24,24,24,0,0.0,{},0.8138101374570448,0.7583333333333332,0.0,False,True,False,True,False,False,0.0,48.45183571079148,36.312626324377916,48.45183571079148,96.375,1.0401096670656418,0.009374153268221705,False,0.50810845456189,False,0.027083333333333348,False,False,0.4090335065581087,0.027083333333333348,True,True,1.0121749354421379,0.17030826875978555,6.630134972389557,False,opposite_direction
471,assignment_isolation,plus_one_randomisation,True,ok,43.7986965113883,2.910539504181754,48.89950534609979,39.218166786711954,30.35839732285415,1.0,0.001,1.0,0.001,,,,,False,True,False,True,False,0.007071067811865475,0.007083282393903967,24,24,24,0,0.0,{},0.7931100113328949,0.7207885304659496,0.0,False,True,False,True,False,False,0.0,48.899505346099794,39.218166786711954,48.899505346099794,96.125,1.0541479724986438,0.008581282185567071,False,0.515644893077776,False,0.016319444444444442,False,False,0.41643957672676957,0.016319444444444442,True,True,1.0131698550256634,0.20764839044234767,6.002644059496738,False,opposite_direction
472,assignment_isolation,plus_one_randomisation,True,ok,43.65736390195347,3.3157908961780183,49.428340219220445,37.960763915596516,29.562853502514297,1.0,0.001,1.0,0.001,,,,,False,True,False,True,False,0.007071067811865475,0.007049698921273467,24,24,24,0,0.0,{},0.8032077962764053,0.6946496212121211,0.0,False,True,False,True,False,False,0.0,49.428340219220445,37.960763915596516,49.428340219220445,96.58333333333333,1.02408975170525,0.018655458593165704,False,0.5142369796327513,False,0.014930555555555558,False,False,0.4270153458733411,0.014930555555555558,True,True,0.09922521497695348,0.15306281987314893,7.298407514346113,False,opposite_direction
473,assignment_isolation,plus_one_randomisation,True,ok,32.75007892048397,3.0824437665320876,38.959541089013086,28.01056961341721,29.33438798326753,1.0,0.001,1.0,0.001,,,,,False,True,False,False,True,0.007071067811865475,0.007107184531981692,24,24,24,0,0.0,{},0.803906921176976,0.6896067415730337,0.0,False,True,False,False,False,False,0.0,38.959541089013086,28.010569613417214,38.959541089013086,94.70833333333333,1.014468869930132,0.025624266365868714,False,0.54347767189974,False,0.02881944444444451,False,False,0.3209388285379611,0.02881944444444451,True,False,-1.3419194840028563,0.2264014842735088,3.3694359356272856,False,inconclusive
474,assignment_isolation,plus_one_randomisation,True,ok,41.85154742010315,4.084707549803117,48.27346896589762,33.50560111562793,30.23515077257059,1.0,0.001,1.0,0.001,,,,,False,True,False,True,False,0.007071067811865475,0.0071094472646214225,24,24,24,0,0.0,{},0.7863683935112507,0.6955197132616489,0.0,False,True,False,True,False,False,0.0,48.27346896589762,33.50560111562793,48.27346896589762,94.83333333333333,1.0466427948704746,0.001202768766416663,False,0.508510361800719,False,0.029861111111111116,False,False,0.4009243741413466,0.029861111111111116,True,True,0.43212515092962495,0.14593479022313724,7.053246225247678,False,opposite_direction
475,assignment_isolation,plus_one_randomisation,True,ok,36.12088483580027,3.8548478149722816,42.62861772884722,29.61540358376056,28.890085016245667,1.0,0.001,1.0,0.001,,,,,False,True,False,True,False,0.007071067811865475,0.0070679284221742324,24,24,24,0,0.0,{},0.7901305857487924,0.7041193181818182,0.0,False,True,False,True,False,False,0.0,42.62861772884722,29.615403583760564,42.62861772884722,95.5,0.9977291311441029,0.01733242157884574,False,0.5282832790015547,False,0.013194444444444509,False,False,0.3622968435558178,0.013194444444444509,True,True,2.3040682065142652,0.3585798435200515,6.7348145224072296,False,opposite_direction
476,assignment_isolation,plus_one_randomisation,True,ok,37.38315167091731,3.7486634545885495,44.33666190137725,31.803189419085157,30.700584500475998,1.0,0.001,1.0,0.001,,,,,False,True,False,True,False,0.007071067811865475,0.007060515281341592,24,24,24,0,0.0,{},0.8061391843971633,0.7159498207885303,0.0,False,True,False,True,False,False,0.0,44.33666190137725,31.803189419085157,44.33666190137725,96.75,1.0660523515349896,0.05013913537636485,False,0.5412689401924952,False,0.016319444444444442,False,False,0.35043468636256025,0.016319444444444442,True,True,-0.543917367257051,0.13078580721663982,5.6075596315543175,False,opposite_direction
477,assignment_isolation,plus_one_randomisation,True,ok,44.03551385911161,4.328703135269738,51.188475247425224,36.44650024938961,29.84729487027467,1.0,0.001,1.0,0.001,,,,,False,True,False,True,False,0.007071067811865475,0.007059116813681776,24,24,24,0,0.0,{},0.7876842581998474,0.7124509803921569,0.0,False,True,False,True,False,False,0.0,51.188475247425224,36.44650024938961,51.188475247425224,95.83333333333333,1.0312967431503626,0.01893380807158657,False,0.5120845987260717,False,0.00868055555555558,False,False,0.4276830698669585,0.00868055555555558,True,True,0.9005920363104212,0.1480633531621895,7.513765538984173,False,opposite_direction
478,assignment_isolation,plus_one_randomisation,True,ok,32.88005373312826,3.9720866142524986,39.790956821803306,26.555281070083975,29.704499443408984,1.0,0.001,1.0,0.001,,,,,False,True,False,False,True,0.007071067811865475,0.007036031559012752,24,24,24,0,0.0,{},0.8077794693146076,0.722163120567376,0.0,False,True,False,False,False,False,0.0,39.790956821803306,26.555281070083975,39.790956821803306,96.75,1.027887319235168,0.009135146534254538,False,0.5300786073801605,False,0.020138888888888817,False,False,0.31778154832716476,0.020138888888888817,True,False,-0.27521455722039956,0.19519429404991212,4.900151127854793,False,inconclusive
479,assignment_isolation,plus_one_randomisation,True,ok,39.425766008202494,4.500377210689372,46.9745700291228,31.786667051377517,29.39063097488773,1.0,0.001,1.0,0.001,,,,,False,True,False,True,False,0.007071067811865475,0.00703109864642019,24,24,24,0,0.0,{},0.7895614035087719,0.7124521072796937,0.0,False,True,False,True,False,False,0.0,46.97457002912281,31.786667051377517,46.97457002912281,96.45833333333333,1.0147801936976,0.04782971593411319,False,0.5417383498936703,False,0.02083333333333326,False,False,0.389487651334161,0.02083333333333326,True,True,-0.5009537681714024,0.12757585209452602,6.235481146993648,False,opposite_direction
480,assignment_isolation,plus_one_randomisation,True,ok,35.82808214478057,4.99538272121647,44.44667056604244,26.837330795912578,29.266517864291576,1.0,0.001,1.0,0.001,,,,,False,True,False,False,True,0.007071067811865475,0.007062350731855964,24,24,24,0,0.0,{},0.804966992222825,0.6685648148148148,0.0,False,True,False,False,False,False,0.0,44.44667056604245,26.837330795912578,44.44667056604245,95.83333333333333,1.0116927466894456,0.03521179204046502,False,0.5179950648943494,False,0.03472222222222232,False,False,0.3540701172258933,0.03472222222222232,True,False,0.4491513232968191,0.07863627215401003,7.0062052721982715,False,inconclusive
481,assignment_isolation,plus_one_randomisation,True,ok,40.39079403209156,4.177145315799217,48.255476891845575,33.94776872222437,30.098307235177877,1.0,0.001,1.0,0.001,,,,,False,True,False,True,False,0.007071067811865475,0.007053141650999311,24,24,24,0,0.0,{},0.8068934240362811,0.740925925925926,0.0,False,True,False,True,False,False,0.0,48.255476891845575,33.94776872222437,48.255476891845575,97.16666666666667,1.0462930333101077,0.03555066457167846,False,0.5063974549539769,False,0.03749999999999998,False,False,0.3869724786746983,0.03749999999999998,True,True,-0.7750046399886322,0.12391203629910243,6.733621246095213,False,opposite_direction
482,assignment_isolation,plus_one_randomisation,True,ok,41.89553698576969,2.7440732312126883,46.48389917007856,36.955947467400435,29.59167877326712,1.0,0.001,1.0,0.001,,,,,False,True,False,True,False,0.007071067811865475,0.007013861688989841,24,24,24,0,0.0,{},0.7942217196637427,0.688768115942029,0.0,False,True,False,True,False,False,0.0,46.48389917007856,36.955947467400435,46.48389917007856,96.33333333333333,1.018556441766445,0.025119570112852936,False,0.5222651797069798,False,0.025347222222222188,False,False,0.4123291204263687,0.025347222222222188,True,True,-0.5074584764232497,0.11559297392868047,6.298889779202279,False,opposite_direction
483,assignment_isolation,plus_one_randomisation,True,ok,35.784282091962325,3.580155195775219,41.214795956296236,29.040079140691255,30.0622178017729,1.0,0.001,1.0,0.001,,,,,False,True,False,False,True,0.007071067811865475,0.00704948703621262,24,24,24,0,0.0,{},0.8047118721225863,0.720787037037037,0.0,False,True,False,False,False,False,0.0,41.214795956296236,29.04007914069125,41.214795956296236,97.0,1.0436008031089048,0.0298349606189416,False,0.49115347502881324,False,0.014583333333333282,False,False,0.34225393848335817,0.014583333333333282,True,False,1.4679957989286911,0.18437084799228026,7.066088885313077,False,inconclusive
484,assignment_isolation,plus_one_randomisation,True,ok,45.04829430341879,3.9421306309447703,51.31694566671035,37.97262016781144,30.782675763796707,1.0,0.001,1.0,0.001,,,,,False,True,False,True,False,0.007071067811865475,0.007074423932087994,24,24,24,0,0.0,{},0.7995325596389427,0.6863026819923372,0.0,False,True,False,True,False,False,0.0,51.31694566671035,37.97262016781144,51.31694566671035,95.75,1.065459251423428,0.00010287186229322829,False,0.5188115116310816,False,0.0371527777777777,False,False,0.42361005140917957,0.0371527777777777,True,True,-0.591901603831898,0.20713579964592227,6.894090506329803,False,opposite_direction
485,assignment_isolation,plus_one_randomisation,True,ok,38.476658194298814,4.458153267734712,45.88923724011902,30.82542110763422,29.489654420681294,1.0,0.001,1.0,0.001,,,,,False,True,False,True,False,0.007071067811865475,0.007130552340185833,24,24,24,0,0.0,{},0.8165789473684211,0.7399621212121211,0.0,False,True,False,True,False,False,0.0,45.88923724011902,30.825421107634224,45.88923724011902,95.95833333333333,1.0299216979250463,0.011878801334993163,False,0.5135678620768663,False,0.03402777777777777,False,False,0.37424500574224145,0.03402777777777777,True,True,-0.6570410826559194,0.15065814597532698,7.02190386719989,False,opposite_direction
486,assignment_isolation,plus_one_randomisation,True,ok,39.69898568232505,3.924858183611392,46.292076604139105,32.35874054781136,30.84096314021912,1.0,0.001,1.0,0.001,,,,,False,True,False,True,False,0.007071067811865475,0.007001542217691592,24,24,24,0,0.0,{},0.7922033913013294,0.6863553113553114,0.0,False,True,False,True,False,False,0.0,46.292076604139105,32.35874054781136,46.292076604139105,95.625,1.0557895826429617,0.034549233581602876,False,0.5142844044602941,False,0.04340277777777779,False,False,0.3767352367667849,0.04340277777777779,True,True,1.876884017791779,0.18107580787976266,6.983351479591416,False,opposite_direction
487,assignment_isolation,plus_one_randomisation,True,ok,39.0318283209395,5.059420426908652,47.25991355546659,29.74384605214732,30.85021541306987,1.0,0.001,1.0,0.001,,,,,False,True,False,False,True,0.007071067811865475,0.007026479801486278,24,24,24,0,0.0,{},0.7864254313811507,0.7018199233716473,0.0,False,True,False,False,False,False,0.0,47.25991355546659,29.74384605214732,47.25991355546659,95.375,1.0584815267163943,0.041682343475609535,False,0.4957788863710718,False,0.034375000000000044,False,False,0.3692613055108016,0.034375000000000044,True,False,-0.06095936225574637,0.22109551480056872,3.5129752410867328,False,inconclusive
488,assignment_isolation,plus_one_randomisation,True,ok,37.444144020367496,3.3852027305662777,43.07004251786399,30.92959939782236,29.4672711147403,1.0,0.001,1.0,0.001,,,,,False,True,False,True,False,0.007071067811865475,0.007037616049838416,24,24,24,0,0.0,{},0.7945361949973309,0.7384982638888887,0.0,False,True,False,True,False,False,0.0,43.07004251786399,30.92959939782236,43.07004251786399,96.29166666666667,1.017489285102837,0.01241155949634973,False,0.5101687353888915,False,0.026388888888888906,False,False,0.36848863031034296,0.026388888888888906,True,True,-0.6780645200887229,0.19007788910535364,5.31799558522396,False,opposite_direction
489,assignment_isolation,plus_one_randomisation,True,ok,37.10431094944135,4.6767095551834785,44.61883144766381,28.238629775563584,29.20551000877963,1.0,0.001,1.0,0.001,,,,,False,True,False,False,True,0.007071067811865475,0.007090560548721433,24,24,24,0,0.0,{},0.8166224747474748,0.7083333333333334,0.0,False,True,False,False,False,False,0.0,44.61883144766381,28.238629775563584,44.61883144766381,96.875,1.019110383809061,0.012052062683210341,False,0.5267253346946754,False,0.01041666666666663,False,False,0.3644295912111035,0.01041666666666663,True,False,1.5129727296261655,0.22303150220451629,6.674361807692894,False,inconclusive
490,assignment_isolation,plus_one_randomisation,True,ok,37.025849930627174,3.3779528698018777,42.79316347394241,31.390495127679166,30.311692660161395,1.0,0.001,1.0,0.001,,,,,False,True,False,True,False,0.007071067811865475,0.007030019473973439,24,24,24,0,0.0,{},0.8016640064964158,0.6998148148148147,0.0,False,True,False,True,False,False,0.0,42.79316347394241,31.390495127679163,42.79316347394241,96.54166666666667,1.0468732850769953,0.03587772961857518,False,0.5062150009431111,False,0.012847222222222232,False,False,0.35358930321778587,0.012847222222222232,True,True,-0.9455675024114273,0.19167282169945649,4.9893103142116315,False,opposite_direction
491,assignment_isolation,plus_one_randomisation,True,ok,39.41120406629971,3.0711446137913874,44.487355355907425,33.880838014214035,29.288395230267188,1.0,0.001,1.0,0.001,,,,,False,True,False,True,False,0.007071067811865475,0.007064931974709547,24,24,24,0,0.0,{},0.8143009308986753,0.6992337164750959,0.0,False,True,False,True,False,False,0.0,44.487355355907425,33.880838014214035,44.487355355907425,97.29166666666667,1.0204961884476855,0.020677897133872115,False,0.5172207851889984,False,0.01909722222222221,False,False,0.38713441724822256,0.01909722222222221,True,True,0.6163081688569223,0.06429655034436646,5.668524941296912,False,opposite_direction
492,assignment_isolation,plus_one_randomisation,True,ok,40.23427131037875,2.841441510788511,44.86976288501819,35.354103712623726,30.11212330623182,1.0,0.001,1.0,0.001,,,,,False,True,False,True,False,0.007071067811865475,0.007067210027606569,24,24,24,0,0.0,{},0.8124572098167264,0.7081417624521074,0.0,False,True,False,True,False,False,0.0,44.86976288501819,35.354103712623726,44.86976288501819,96.54166666666667,1.0454825263711682,0.008506912531460343,False,0.5068612746066015,False,0.013194444444444509,False,False,0.3857545128282059,0.013194444444444509,True,True,-0.716984615851252,0.2811534563572574,5.8863977916072665,False,opposite_direction
493,assignment_isolation,plus_one_randomisation,True,ok,40.175184191430226,3.4093523807943296,45.8833877064668,33.97510353393668,29.801080533711005,1.0,0.001,1.0,0.001,,,,,False,True,False,True,False,0.007071067811865475,0.007086340892956886,24,24,24,0,0.0,{},0.8149236841201126,0.6742156862745097,0.0,False,True,False,True,False,False,0.0,45.8833877064668,33.97510353393668,45.8833877064668,95.29166666666667,1.0307456660190877,0.011439323857604463,False,0.5044045402734005,False,0.03541666666666665,False,False,0.39075676560806527,0.03541666666666665,True,True,-1.682266396867433,0.2016242068168197,4.961890564400726,False,opposite_direction
494,assignment_isolation,plus_one_randomisation,True,ok,50.75688796489721,4.201578747192991,58.59220696750447,44.01843807638211,30.917381781577546,1.0,0.001,1.0,0.001,,,,,False,True,False,True,False,0.007071067811865475,0.0071014303113995465,24,24,24,0,0.0,{},0.8143116582491583,0.7697811447811447,0.0,False,True,False,True,False,False,0.0,58.59220696750447,44.01843807638212,58.59220696750447,97.08333333333333,1.08166028063099,0.009845751592442251,False,0.5048214764171438,False,0.01388888888888884,False,False,0.46758576654678735,0.01388888888888884,True,True,1.3108565376490466,0.1820926786832461,6.910149582043179,False,opposite_direction
495,assignment_isolation,plus_one_randomisation,True,ok,39.70378294641454,3.662713599790874,45.543456290239,33.04186269602414,29.710373176016933,1.0,0.001,1.0,0.001,,,,,False,True,False,True,False,0.007071067811865475,0.007102785744159565,24,24,24,0,0.0,{},0.809775828460039,0.6791182170542635,0.0,False,True,False,True,False,False,0.0,45.543456290239,33.04186269602414,45.543456290239,94.79166666666667,1.0272872668794144,0.03615647231334811,False,0.506655989389061,False,0.02256944444444442,False,False,0.38743414530309495,0.02256944444444442,True,True,-0.11627315757534476,0.13987896196631058,5.701406839154756,False,opposite_direction
496,assignment_isolation,plus_one_randomisation,True,ok,40.087969982877745,3.7034207977124796,46.404945927410786,33.65857504532298,30.816466336158843,1.0,0.001,1.0,0.001,,,,,False,True,False,True,False,0.007071067811865475,0.007024985657595156,24,24,24,0,0.0,{},0.7725328701628567,0.6658823529411766,0.0,False,True,False,True,False,False,0.0,46.404945927410786,33.65857504532298,46.404945927410786,94.04166666666667,1.0496836737772437,0.0029002610128853207,False,0.5104636777978329,False,0.018402777777777768,False,False,0.3827651488682577,0.018402777777777768,True,True,-0.810481838938785,0.17497860074984847,6.365982875987055,False,opposite_direction
497,assignment_isolation,plus_one_randomisation,True,ok,32.93748368117581,3.3693493236137058,38.7339340830293,26.904439748832218,30.397572799140022,1.0,0.001,1.0,0.001,,,,,False,True,False,False,True,0.007071067811865475,0.007010791666641692,24,24,24,0,0.0,{},0.8093217655098843,0.7120833333333334,0.0,False,True,False,False,False,False,0.0,38.7339340830293,26.904439748832218,38.7339340830293,97.0,1.0494502140474413,0.015923780587199732,False,0.5139873313296075,False,0.025000000000000022,False,False,0.3113158160509348,0.025000000000000022,True,False,-0.37551130177489767,0.05490152757482984,4.58329262728411,False,inconclusive
498,assignment_isolation,plus_one_randomisation,True,ok,40.38326719432205,3.0413215917109366,44.911793991649525,34.37043548099292,30.01554272374022,1.0,0.001,1.0,0.001,,,,,False,True,False,True,False,0.007071067811865475,0.007084289157853519,24,24,24,0,0.0,{},0.8032743044008424,0.6863026819923371,0.0,False,True,False,True,False,False,0.0,44.911793991649525,34.37043548099292,44.911793991649525,96.70833333333333,1.045549102387654,0.012772099795325337,False,0.5216396743604066,False,0.017708333333333326,False,False,0.3871784211255911,0.017708333333333326,True,True,-0.6449396546848537,0.11137221268564561,4.759275366855702,False,opposite_direction
499,assignment_isolation,plus_one_randomisation,True,ok,44.037260674055524,4.255390908674533,51.536865361103274,37.01304583429652,29.968879913768184,1.0,0.001,1.0,0.001,,,,,False,True,False,True,False,0.007071067811865475,0.007082832064402381,24,24,24,0,0.0,{},0.8221301020408163,0.7064980158730158,0.0,False,True,False,True,False,False,0.0,51.536865361103274,37.01304583429652,51.536865361103274,97.125,1.0459549424573955,0.009001613254931921,False,0.5257066130520305,False,0.015972222222222165,False,False,0.4218696662008181,0.015972222222222165,True,True,-0.5494540225297236,0.19525126629018136,6.234203076119575,False,opposite_direction
500,assignment_isolation,plus_one_randomisation,True,ok,38.76099487115098,2.954083763288438,44.378692091851995,34.06965059105201,30.054376431251452,1.0,0.001,1.0,0.001,,,,,False,True,False,True,False,0.007071067811865475,0.007019244070784151,24,24,24,0,0.0,{},0.7919354838709677,0.7164750957854404,0.0,False,True,False,True,False,False,0.0,44.378692091851995,34.06965059105201,44.378692091851995,97.04166666666667,1.0390757113763711,0.0057503160133304055,False,0.5118872673000225,False,0.023958333333333304,False,False,0.3736742947024907,0.023958333333333304,True,True,0.9577710402476773,0.09841568663490138,6.5921563530117115,False,opposite_direction
501,assignment_isolation,plus_one_randomisation,True,ok,44.62005811109467,4.77466354140314,52.24898498175611,35.774456326789206,30.593769913357526,1.0,0.001,1.0,0.001,,,,,False,True,False,True,False,0.007071067811865475,0.007090614011649743,24,24,24,0,0.0,{},0.8031773462073002,0.7457890070921985,0.0,False,True,False,True,False,False,0.0,52.24898498175611,35.774456326789206,52.24898498175611,96.45833333333333,1.0652627032423978,0.004567683655109599,False,0.5184787438573999,False,0.015625,False,False,0.4197549055095463,0.015625,True,True,0.2898802249176807,0.12172524851956058,7.460240075493177,False,opposite_direction
502,assignment_isolation,plus_one_randomisation,True,ok,32.16311362712462,5.661880391873932,41.10923759155071,22.036525545208065,30.5730781188395,1.0,0.001,1.0,0.001,,,,,False,True,False,False,True,0.007071067811865475,0.007032645239161024,24,24,24,0,0.0,{},0.8178872053872053,0.6919981060606061,0.0,False,True,False,False,False,False,0.0,41.10923759155071,22.036525545208065,41.10923759155071,97.16666666666667,1.0597087798871514,0.00986600077915978,False,0.5122796430828434,False,0.023263888888888862,False,False,0.3001651109610164,0.023263888888888862,True,False,0.45037226544631553,0.18358793107645388,4.543331149759945,False,inconclusive
503,assignment_isolation,plus_one_randomisation,True,ok,44.724812499954616,3.865015371466495,51.7756783769255,38.00271426437919,29.675238169615135,1.0,0.001,1.0,0.001,,,,,False,True,False,True,False,0.007071067811865475,0.007107590474857224,24,24,24,0,0.0,{},0.8054287194198744,0.7331541218637991,0.0,False,True,False,True,False,False,0.0,51.7756783769255,38.00271426437919,51.7756783769255,96.54166666666667,1.0362010076561794,0.0041994961976629195,False,0.5271415404183618,False,0.03194444444444444,False,False,0.4321655606166777,0.03194444444444444,True,True,0.3224482531034654,0.09773298510497458,6.276786176033071,False,opposite_direction
504,assignment_isolation,plus_one_randomisation,True,ok,51.61328966515373,3.009388112395451,56.65632767502961,46.64777970573314,30.898522244722304,1.0,0.001,1.0,0.001,,,,,False,True,False,True,False,0.007071067811865475,0.007073751816887722,24,24,24,0,0.0,{},0.80511746629659,0.7232954545454544,0.0,False,True,False,True,False,False,0.0,56.65632767502961,46.64777970573314,56.65632767502961,96.20833333333333,1.0719237112631055,0.0013483609859153368,False,0.5454083160362606,False,0.009027777777777746,False,False,0.47871713559616574,0.009027777777777746,True,True,0.7975953512807996,0.20082053633712998,6.929029384196973,False,opposite_direction
505,assignment_isolation,plus_one_randomisation,True,ok,40.41386422602702,3.4088825241129395,46.382897939764646,34.3855901933185,30.47954890831324,1.0,0.001,1.0,0.001,,,,,False,True,False,True,False,0.007071067811865475,0.007074652855997834,24,24,24,0,0.0,{},0.8032938415750916,0.7233870967741933,0.0,False,True,False,True,False,False,0.0,46.38289793976465,34.3855901933185,46.38289793976465,96.83333333333333,1.0609529263696227,0.019415690600773965,False,0.48726041075652304,False,0.015972222222222165,False,False,0.38175982308271106,0.015972222222222165,True,True,0.6150394344100505,0.1292131592160569,6.915024653131284,False,opposite_direction
506,assignment_isolation,plus_one_randomisation,True,ok,40.94487801337489,4.3754460165845,47.97647444791065,33.388331333067455,30.84202449382744,1.0,0.001,1.0,0.001,,,,,False,True,False,True,False,0.007071067811865475,0.007068075363736822,24,24,24,0,0.0,{},0.796462347847688,0.6620253164556963,0.0,False,True,False,True,False,False,0.0,47.97647444791065,33.388331333067455,47.97647444791065,95.33333333333333,1.0642323170824166,0.01387861064577236,False,0.526224288830334,False,0.011111111111111183,False,False,0.38564974245702804,0.011111111111111183,True,True,0.6442653054418922,0.09470907691281676,6.937122698135369,False,opposite_direction
507,assignment_isolation,plus_one_randomisation,True,ok,43.95252602152093,4.199322309914152,51.582262790191,36.93732408692091,29.323781589141557,1.0,0.001,1.0,0.001,,,,,False,True,False,True,False,0.007071067811865475,0.007059560603001629,24,24,24,0,0.0,{},0.8253787878787879,0.6787306201550388,0.0,False,True,False,True,False,False,0.0,51.582262790191,36.93732408692091,51.582262790191,97.45833333333333,1.0218264525307819,0.04021277009661346,False,0.507595125308042,False,0.015972222222222276,False,False,0.4307300755889232,0.015972222222222276,True,True,1.5228404660611898,0.19391320510591487,7.239531137475874,False,opposite_direction
508,assignment_isolation,plus_one_randomisation,True,ok,41.90393631490888,3.521748196217106,47.50552735993582,35.190697560838004,30.102151574486104,1.0,0.001,1.0,0.001,,,,,False,True,False,True,False,0.007071067811865475,0.007059106266572447,24,24,24,0,0.0,{},0.8,0.6815891472868219,0.0,False,True,False,True,False,False,0.0,47.50552735993582,35.190697560838004,47.50552735993582,95.41666666666667,1.0378375566289997,0.015737806853336738,False,0.515690986126187,False,0.02256944444444453,False,False,0.40481987912524925,0.02256944444444453,True,True,0.6323205872257613,0.23441772375985062,5.992432526614118,False,opposite_direction
509,assignment_isolation,plus_one_randomisation,True,ok,43.426038936803536,4.43052526515421,50.27215413055811,35.993530685109214,30.88847696157131,1.0,0.001,1.0,0.001,,,,,False,True,False,True,False,0.007071067811865475,0.007038239021597226,24,24,24,0,0.0,{},0.7869298245614036,0.6852807971014492,0.0,False,True,False,True,False,False,0.0,50.27215413055811,35.993530685109214,50.27215413055811,94.25,1.0552884628041839,0.009967009685673451,False,0.5267508630659379,False,0.027083333333333348,False,False,0.41251306643333374,0.027083333333333348,True,True,-0.6922034274838434,0.08711807645076308,6.489629909646609,False,opposite_direction
510,assignment_isolation,plus_one_randomisation,True,ok,42.36753108337609,4.9939286109880205,51.536686737470845,34.01360077885471,30.071725960434012,1.0,0.001,1.0,0.001,,,,,False,True,False,True,False,0.007071067811865475,0.007072969739960045,24,24,24,0,0.0,{},0.8064023160810716,0.720425724637681,0.0,False,True,False,True,False,False,0.0,51.53668673747084,34.01360077885471,51.53668673747084,96.41666666666667,1.044254164479698,0.021542376683395516,False,0.5010206359852803,False,0.017708333333333326,False,False,0.4067711621557655,0.017708333333333326,True,True,-0.8031676629651653,0.17785870330716438,5.535231046106731,False,opposite_direction
511,assignment_isolation,plus_one_randomisation,True,ok,35.63815006605983,4.406765376236696,42.68144980036698,27.30644078745387,29.918232755438527,1.0,0.001,1.0,0.001,,,,,False,True,False,False,True,0.007071067811865475,0.0070640316993951565,24,24,24,0,0.0,{},0.8081521931689342,0.6791158536585364,0.0,False,True,False,False,False,False,0.0,42.68144980036698,27.30644078745387,42.68144980036698,95.66666666666667,1.0335676347772857,0.010028087656922677,False,0.5274137778181843,False,0.004861111111111094,False,False,0.3442726293862801,0.004861111111111094,True,False,-0.28636705550699315,0.1879627568108329,5.868490797039315,False,inconclusive
512,assignment_isolation,plus_one_randomisation,True,ok,47.15456734404569,4.114793656880736,53.696446938513475,39.27149220534223,30.62772526745252,1.0,0.001,1.0,0.001,,,,,False,True,False,True,False,0.007071067811865475,0.007003318596564431,24,24,24,0,0.0,{},0.7655187700433879,0.7081395348837207,0.0,False,True,False,True,False,False,0.0,53.696446938513475,39.27149220534223,53.696446938513475,94.66666666666667,1.043487314076376,0.018048553195117962,False,0.5012582969952135,False,0.0371527777777777,False,False,0.45147371715663626,0.0371527777777777,True,True,-1.1853972269513697,0.19211177802301146,7.211040813863373,False,opposite_direction
513,assignment_isolation,plus_one_randomisation,True,ok,40.935315249425166,2.8161394351415536,46.18278675033065,36.37340941258313,30.1409830914085,1.0,0.001,1.0,0.001,,,,,False,True,False,True,False,0.007071067811865475,0.007052902296369689,24,24,24,0,0.0,{},0.809355376766091,0.6870833333333334,0.0,False,True,False,True,False,False,0.0,46.18278675033065,36.37340941258313,46.18278675033065,96.5,1.0441405012526728,0.008112953401847008,False,0.5108338808248852,False,0.010069444444444464,False,False,0.3930620186750211,0.010069444444444464,True,True,0.5882146107909626,0.27639457063500306,6.54277235202177,False,opposite_direction
514,assignment_isolation,plus_one_randomisation,True,ok,30.247348521733,3.709786860976098,36.271966613026564,23.926357295540107,29.619808501957806,1.0,0.001,1.0,0.001,,,,,False,True,False,False,True,0.007071067811865475,0.0070852017462983965,24,24,24,0,0.0,{},0.7858884970157353,0.7137037037037036,0.0,False,True,False,False,False,False,0.0,36.271966613026564,23.92635729554011,36.271966613026564,95.41666666666667,1.0249828339500275,0.015266599584613546,False,0.5389614874466635,False,0.01736111111111116,False,False,0.29106216305586363,0.01736111111111116,True,False,-0.6841990102549629,0.17337303928144304,4.194149557474851,False,inconclusive
515,assignment_isolation,plus_one_randomisation,True,ok,36.97810995365605,3.5035203306064147,43.455166832597364,31.123175502269277,29.992718390906145,1.0,0.001,1.0,0.001,,,,,False,True,False,True,False,0.007071067811865475,0.007029122840421208,24,24,24,0,0.0,{},0.7818850698174007,0.6232142857142857,0.0,False,True,False,True,False,False,0.0,43.455166832597364,31.123175502269277,43.455166832597364,95.91666666666667,1.0323667440732929,0.03032765646993832,False,0.47829184864578456,False,0.028819444444444398,False,False,0.35829684428294634,0.028819444444444398,True,True,-0.3343571080095979,0.08255760427476978,4.688426005517746,False,opposite_direction
516,assignment_isolation,plus_one_randomisation,True,ok,39.72571994743041,4.010521351093996,46.95346579224424,32.97774211269089,30.222657165542934,1.0,0.001,1.0,0.001,,,,,False,True,False,True,False,0.007071067811865475,0.00702075073209088,24,24,24,0,0.0,{},0.8036132742570712,0.727017543859649,0.0,False,True,False,True,False,False,0.0,46.95346579224424,32.97774211269089,46.95346579224424,97.75,1.0489253611158633,0.009951239526985265,False,0.4992535831755763,False,0.032638888888888884,False,False,0.37951809377919626,0.032638888888888884,True,True,-0.3136780310337398,0.1334426611713511,6.466954985456663,False,opposite_direction
517,assignment_isolation,plus_one_randomisation,True,ok,36.06817762723662,4.897052093723453,46.1826023454062,28.59928041350104,29.80839623310803,1.0,0.001,1.0,0.001,,,,,False,True,False,False,True,0.007071067811865475,0.007068607621465816,24,24,24,0,0.0,{},0.793504055838521,0.6968992248062015,0.0,False,True,False,False,False,False,0.0,46.1826023454062,28.599280413501038,46.1826023454062,95.125,1.0275189128401567,0.009513269297069566,False,0.5106315442274415,False,0.02673611111111107,False,False,0.35080490061258296,0.02673611111111107,True,False,-1.3515457773033939,0.208326197971726,4.338034681294772,False,inconclusive
518,assignment_isolation,plus_one_randomisation,True,ok,42.00989728537992,3.780611091525184,48.010670497041765,34.57833018982809,30.102862244335174,1.0,0.001,1.0,0.001,,,,,False,True,False,True,False,0.007071067811865475,0.007072319702896564,24,24,24,0,0.0,{},0.8067080553164012,0.7370833333333333,0.0,False,True,False,True,False,False,0.0,48.010670497041765,34.57833018982809,48.010670497041765,96.875,1.04772073261329,0.021095216791723635,False,0.5239577525248885,False,0.01909722222222221,False,False,0.4020255154029295,0.01909722222222221,True,True,-0.92768794402328,0.1150848834727608,5.78392277055382,False,opposite_direction
519,assignment_isolation,plus_one_randomisation,True,ok,36.93087926055791,3.9500200457488384,43.475934433973364,30.391206904846356,29.830190534576758,1.0,0.001,1.0,0.001,,,,,False,True,False,True,False,0.007071067811865475,0.007081906997644022,24,24,24,0,0.0,{},0.8057114512471655,0.7237455197132617,0.0,False,True,False,True,False,False,0.0,43.47593443397337,30.391206904846356,43.47593443397337,96.70833333333333,1.0387432154001395,0.006611345756653642,False,0.5186362433752209,False,0.021180555555555536,False,False,0.3555276401447315,0.021180555555555536,True,True,0.9110873288078868,0.11373108366836097,6.105931610917298,False,opposite_direction
520,assignment_isolation,plus_one_randomisation,True,ok,36.55260087930622,3.6175024741539854,42.42905352423921,30.424930065865304,29.534071529700473,1.0,0.001,1.0,0.001,,,,,False,True,False,True,False,0.007071067811865475,0.0070998095574294675,24,24,24,0,0.0,{},0.8340215924426451,0.7179924242424243,0.0,False,True,False,True,False,False,0.0,42.42905352423921,30.4249300658653,42.42905352423921,97.45833333333333,1.0350218456048457,0.0008272266063728088,False,0.5096733430136258,False,0.024652777777777857,False,False,0.3530424138962861,0.024652777777777857,True,True,0.07274611913118757,0.14318419813575567,5.28248532817247,False,opposite_direction
521,assignment_isolation,plus_one_randomisation,True,ok,44.6507933963851,4.004508098336952,50.56628536387517,35.090678724761624,30.563338938754768,1.0,0.001,1.0,0.001,,,,,False,True,False,True,False,0.007071067811865475,0.0070290687915341606,24,24,24,0,0.0,{},0.7848852040816325,0.6816375968992248,0.0,False,True,False,True,False,False,0.0,50.56628536387516,35.090678724761624,50.56628536387516,95.66666666666667,1.0506278688222632,0.009266283434993075,False,0.5106691045273292,False,0.018749999999999933,False,False,0.42573917629999153,0.018749999999999933,True,True,1.6244450816004596,0.16353268007965904,4.876343949045891,False,opposite_direction
522,assignment_isolation,plus_one_randomisation,True,ok,34.90623389597899,3.7900329915336752,41.4092881518437,29.086509054460237,29.900978087420448,1.0,0.001,1.0,0.001,,,,,False,True,False,False,True,0.007071067811865475,0.0070475079715828295,24,24,24,0,0.0,{},0.8020287372076025,0.7185897435897437,0.0,False,True,False,False,False,False,0.0,41.4092881518437,29.086509054460237,41.4092881518437,96.75,1.0363738868319325,0.019018225533459276,False,0.5260176351675585,False,0.018402777777777768,False,False,0.33582376223484856,0.018402777777777768,True,False,0.5580731546792242,0.060967490273023846,5.548441699509769,False,inconclusive
523,assignment_isolation,plus_one_randomisation,True,ok,41.80712008266494,3.5662694582377443,47.81850718884435,36.07823984042013,29.92324072107771,1.0,0.001,1.0,0.001,,,,,False,True,False,True,False,0.007071067811865475,0.007115160838890454,24,24,24,0,0.0,{},0.8004065393518518,0.6982954545454546,0.0,False,True,False,True,False,False,0.0,47.81850718884434,36.07823984042013,47.81850718884434,94.08333333333333,1.0325704692800028,0.01257249278402826,False,0.5465936945098627,False,0.028819444444444398,False,False,0.40593821217149756,0.028819444444444398,True,True,-0.3826943845788383,0.13718791315938406,4.66040821353582,False,opposite_direction
524,assignment_isolation,plus_one_randomisation,True,ok,40.1888546846816,3.8752717050614782,46.5900061157345,33.566646396451596,30.6557060254916,1.0,0.001,1.0,0.001,,,,,False,True,False,True,False,0.007071067811865475,0.007053550115988687,24,24,24,0,0.0,{},0.7971449652777778,0.7077898550724637,0.0,False,True,False,True,False,False,0.0,46.5900061157345,33.566646396451596,46.5900061157345,95.91666666666667,1.0588540991443454,0.011129906308438416,False,0.5053913141303018,False,0.021527777777777812,False,False,0.3803597152646665,0.021527777777777812,True,True,1.5999544865942188,0.17524640783998807,6.010733334104796,False,opposite_direction
525,assignment_isolation,plus_one_randomisation,True,ok,38.21110863129215,4.1646548377337504,45.05058356272792,30.870999357310478,30.098227464122683,1.0,0.001,1.0,0.001,,,,,False,True,False,True,False,0.007071067811865475,0.007112506943089021,24,24,24,0,0.0,{},0.798414777204671,0.7352564102564102,0.0,False,True,False,True,False,False,0.0,45.05058356272792,30.870999357310478,45.05058356272792,95.33333333333333,1.045095594217165,0.006534782199547632,False,0.5533138715643304,False,0.021527777777777812,False,False,0.3660236041059289,0.021527777777777812,True,True,0.4823194835582375,0.10315023066014575,6.405327719932888,False,opposite_direction
526,assignment_isolation,plus_one_randomisation,True,ok,43.64382965179906,3.404562223865341,48.67970941434087,36.51982775265593,29.754772152345517,1.0,0.001,1.0,0.001,,,,,False,True,False,True,False,0.007071067811865475,0.00713505231236244,24,24,24,0,0.0,{},0.8071854367100546,0.7435648148148148,0.0,False,True,False,True,False,False,0.0,48.67970941434087,36.51982775265593,48.67970941434087,95.20833333333333,1.0357651068140716,0.00574350858537032,False,0.48409907012852965,False,0.03819444444444442,False,False,0.4222055238432516,0.03819444444444442,True,True,-0.28985530060977344,0.24836955670915925,5.51866397921866,False,opposite_direction
527,assignment_isolation,plus_one_randomisation,True,ok,37.803213977103894,3.404078238324236,43.63325909249174,31.732728094061628,29.554110113561077,1.0,0.001,1.0,0.001,,,,,False,True,False,True,False,0.007071067811865475,0.007068589055493791,24,24,24,0,0.0,{},0.8086641752410535,0.7333333333333334,0.0,False,True,False,True,False,False,0.0,43.633259092491734,31.732728094061628,43.633259092491734,97.29166666666667,1.0302875384458956,0.012439365420165065,False,0.513541782834809,False,0.01909722222222232,False,False,0.3673652800546009,0.01909722222222232,True,True,-1.5227261733215882,0.18802381807361018,4.7155463655752,False,opposite_direction
528,assignment_isolation,plus_one_randomisation,True,ok,37.61872562612562,3.875733939943566,44.93883546270917,31.356360770746477,30.019390064224744,1.0,0.001,1.0,0.001,,,,,False,True,False,True,False,0.007071067811865475,0.00708328227300801,24,24,24,0,0.0,{},0.8057200006942277,0.6862887596899225,0.0,False,True,False,True,False,False,0.0,44.93883546270917,31.356360770746477,44.93883546270917,96.16666666666667,1.0426023482061986,0.010965422152770875,False,0.5300662050633802,False,0.027083333333333348,False,False,0.3610333685107362,0.027083333333333348,True,True,-0.7519912296798733,0.14985977460307645,5.687737814446952,False,opposite_direction
529,assignment_isolation,plus_one_randomisation,True,ok,44.70818330400963,3.2050452868793777,50.16746715410845,39.22979960553859,30.35192678359572,1.0,0.001,1.0,0.001,,,,,False,True,False,True,False,0.007071067811865475,0.007054680464564806,24,24,24,0,0.0,{},0.7887623128447597,0.7333333333333334,0.0,False,True,False,True,False,False,0.0,50.167467154108444,39.22979960553859,50.167467154108444,95.33333333333333,1.0453362402904267,0.011096680202271976,False,0.540928886110942,False,0.018402777777777768,False,False,0.42836243900420856,0.018402777777777768,True,True,0.04499377972272524,0.12593648297275725,5.9287065576521725,False,opposite_direction
530,assignment_isolation,plus_one_randomisation,True,ok,45.03549065036493,3.7999461881827834,52.07720199441068,39.020787106693426,30.425263953836666,1.0,0.001,1.0,0.001,,,,,False,True,False,True,False,0.007071067811865475,0.007047758082239582,24,24,24,0,0.0,{},0.7683767213733257,0.6815891472868214,0.0,False,True,False,True,False,False,0.0,52.07720199441068,39.020787106693426,52.07720199441068,93.66666666666667,1.0376428069625985,0.03818779051109603,False,0.5074871891824937,False,0.018055555555555602,False,False,0.4344727851237833,0.018055555555555602,True,True,2.2726439838508212,0.18103763723407176,5.776176016939037,False,opposite_direction
531,assignment_isolation,plus_one_randomisation,True,ok,39.67871119657124,4.3390060081285355,46.773626649037844,31.6744636991818,30.084490711278857,1.0,0.001,1.0,0.001,,,,,False,True,False,True,False,0.007071067811865475,0.007015599771159153,24,24,24,0,0.0,{},0.783244680851064,0.6992753623188405,0.0,False,True,False,True,False,False,0.0,46.773626649037844,31.6744636991818,46.773626649037844,95.95833333333333,1.0337578527291722,0.0028945569275909827,False,0.519851353161067,False,0.027083333333333348,False,False,0.38472703251872353,0.027083333333333348,True,True,0.41284554668961493,0.18819684051921853,5.617178667755497,False,opposite_direction
532,assignment_isolation,plus_one_randomisation,True,ok,38.61246619814175,3.687695075192872,44.94197248037054,32.31524938580168,29.626579284066636,1.0,0.001,1.0,0.001,,,,,False,True,False,True,False,0.007071067811865475,0.007108746027307538,24,24,24,0,0.0,{},0.8035971625492302,0.7041187739463604,0.0,False,True,False,True,False,False,0.0,44.94197248037054,32.31524938580168,44.94197248037054,94.58333333333333,1.0241222953266533,0.04314432392754662,False,0.5377206564920936,False,0.03298611111111116,False,False,0.377778858777646,0.03298611111111116,True,True,-0.6305302732795675,0.1584150211563054,5.66194671157537,False,opposite_direction
533,assignment_isolation,plus_one_randomisation,True,ok,38.174630524085266,4.496781709789759,45.797014464492754,30.1250039941579,30.116710591077723,1.0,0.001,1.0,0.001,,,,,False,True,False,True,False,0.007071067811865475,0.007024552431085125,24,24,24,0,0.0,{},0.7972363945578231,0.6399224806201549,0.0,False,True,False,True,False,False,0.0,45.797014464492754,30.125003994157897,45.797014464492754,96.125,1.037085052296381,0.03376890828917905,False,0.49748741574742866,False,0.027083333333333348,False,False,0.36858183826649826,0.027083333333333348,True,True,-0.9152912931455826,0.07170751310613475,5.2573806485165155,False,opposite_direction
534,assignment_isolation,plus_one_randomisation,True,ok,38.76233159125227,4.541305261359097,45.65985305375387,30.660409576846206,30.232520103057368,1.0,0.001,1.0,0.001,,,,,False,True,False,True,False,0.007071067811865475,0.007114850448019962,24,24,24,0,0.0,{},0.8015350877192982,0.6831325301204821,0.0,False,True,False,True,False,False,0.0,45.65985305375387,30.660409576846206,45.65985305375387,94.70833333333333,1.0466566267243491,0.019577815490767005,False,0.519288430998447,False,0.023611111111111138,False,False,0.3709038746047691,0.023611111111111138,True,True,1.0139895266007748,0.1800632890001185,6.088759676133325,False,opposite_direction
535,assignment_isolation,plus_one_randomisation,True,ok,41.892809889491396,3.7421282170611496,47.97889439525126,35.25189940251498,29.69279356540997,1.0,0.001,1.0,0.001,,,,,False,True,False,True,False,0.007071067811865475,0.007037438807224878,24,24,24,0,0.0,{},0.8024057174416157,0.699250936329588,0.0,False,True,False,True,False,False,0.0,47.97889439525127,35.25189940251498,47.97889439525127,97.04166666666667,1.029235644341569,0.0007237936688715653,False,0.5063900434604177,False,0.026388888888888906,False,False,0.4080718519517492,0.026388888888888906,True,True,0.4440938502136116,0.12559096751741314,5.499503645056295,False,opposite_direction
536,assignment_isolation,plus_one_randomisation,True,ok,38.56635410980282,3.87009495036967,44.92901032042762,31.61242325580516,30.192649805215797,1.0,0.001,1.0,0.001,,,,,False,True,False,True,False,0.007071067811865475,0.007025091940201433,24,24,24,0,0.0,{},0.7877352150537634,0.6833333333333333,0.0,False,True,False,True,False,False,0.0,44.92901032042763,31.612423255805158,44.92901032042763,94.625,1.0316352966367912,0.008850039499695423,False,0.4987017524683204,False,0.025694444444444464,False,False,0.3745009600580968,0.025694444444444464,True,True,0.977590538365872,0.13543768837325093,5.673691349337068,False,opposite_direction
537,assignment_isolation,plus_one_randomisation,True,ok,38.05447374961522,4.107634573148708,45.712398350901324,30.987130708349028,30.663589668037176,1.0,0.001,1.0,0.001,,,,,False,True,False,True,False,0.007071067811865475,0.007039443182705229,24,24,24,0,0.0,{},0.7905251517145573,0.675,0.0,False,True,False,True,False,False,0.0,45.71239835090133,30.987130708349028,45.71239835090133,95.0,1.0519451838688467,0.00975718373746094,False,0.5314425480565524,False,0.02604166666666663,False,False,0.3620083760713391,0.02604166666666663,True,True,0.0434881390089918,0.12219530424852837,5.095109331594074,False,opposite_direction
538,assignment_isolation,plus_one_randomisation,True,ok,34.14051098604905,3.2077870931607326,39.32062299311534,28.24220450327072,29.761887886997794,1.0,0.001,1.0,0.001,,,,,False,True,False,False,True,0.007071067811865475,0.007075749347487052,24,24,24,0,0.0,{},0.789809533763338,0.6704022988505747,0.0,False,True,False,False,False,False,0.0,39.32062299311534,28.242204503270717,39.32062299311534,94.375,1.0228958179202694,0.004526874581907014,False,0.5274563012256983,False,0.01736111111111116,False,False,0.3325906210171139,0.01736111111111116,True,False,1.3092650992434405,0.14165999560224757,5.014235337184572,False,inconclusive
539,assignment_isolation,plus_one_randomisation,True,ok,41.9835028092947,3.0292378910163933,47.24858336855422,37.17666381200562,30.27667862869503,1.0,0.001,1.0,0.001,,,,,False,True,False,True,False,0.007071067811865475,0.00709692138771456,24,24,24,0,0.0,{},0.8088136898096304,0.666025641025641,0.0,False,True,False,True,False,False,0.0,47.24858336855422,37.17666381200562,47.24858336855422,95.375,1.0492174513151022,0.01731630011827365,False,0.5371674727844248,False,0.021180555555555536,False,False,0.40120122442040435,0.021180555555555536,True,True,0.473040651599759,0.13916726817959918,6.48969446806497,False,opposite_direction
540,assignment_isolation,plus_one_randomisation,True,ok,42.109768831241915,3.954841929981152,48.85645309931851,35.52331292768423,30.150808716084878,1.0,0.001,1.0,0.001,,,,,False,True,False,True,False,0.007071067811865475,0.007094341330861432,24,24,24,0,0.0,{},0.8183193509362507,0.7120689655172413,0.0,False,True,False,True,False,False,0.0,48.85645309931851,35.52331292768423,48.85645309931851,96.45833333333333,1.0503908416680587,0.011805163991000915,False,0.5209263761454123,False,0.02430555555555558,False,False,0.40195702694275054,0.02430555555555558,True,True,0.31480406458570354,0.22271314957087712,6.329863815915305,False,opposite_direction
541,assignment_isolation,plus_one_randomisation,True,ok,40.126755593390946,3.587446342574439,46.514511429624505,33.98365914943286,29.221399779165605,1.0,0.001,1.0,0.001,,,,,False,True,False,True,False,0.007071067811865475,0.007057968412153453,24,24,24,0,0.0,{},0.8060606060606061,0.6742337164750958,0.0,False,True,False,True,False,False,0.0,46.5145114296245,33.98365914943286,46.5145114296245,96.33333333333333,1.0121363550315403,0.029591735794880208,False,0.5044333124664446,False,0.006249999999999978,False,False,0.3975038305341103,0.006249999999999978,True,True,-0.3067813827124643,0.10234039946203465,7.402368068110117,False,opposite_direction
542,assignment_isolation,plus_one_randomisation,True,ok,38.028012211038764,2.6700862174184783,42.99314964192146,33.258183311393466,29.989868190595786,1.0,0.001,1.0,0.001,,,,,False,True,False,True,False,0.007071067811865475,0.007059397229449434,24,24,24,0,0.0,{},0.7960653676364162,0.7158436213991769,0.0,False,True,False,True,False,False,0.0,42.99314964192146,33.258183311393466,42.99314964192146,95.83333333333333,1.0362641614995023,0.002019546644940622,False,0.5135880536557974,False,0.01736111111111105,False,False,0.3674202398018766,0.01736111111111105,True,True,-1.184752383681847,0.09690685693529756,6.481041439779786,False,opposite_direction
543,assignment_isolation,plus_one_randomisation,True,ok,32.60120370596983,4.451154793247292,41.38805197671539,25.588474697015773,29.703990365389334,1.0,0.001,1.0,0.001,,,,,False,True,False,False,True,0.007071067811865475,0.007082241626892118,24,24,24,0,0.0,{},0.7950520833333332,0.6992156862745098,0.0,False,True,False,False,False,False,0.0,41.38805197671539,25.588474697015773,41.38805197671539,95.16666666666667,1.0261195647002141,0.008518711308472636,False,0.5167796840993601,False,0.012500000000000067,False,False,0.3154592834457815,0.012500000000000067,True,False,-2.2334866647311706,0.158826751760104,3.609779458095363,False,inconclusive
544,assignment_isolation,plus_one_randomisation,True,ok,39.44423607972298,4.108506822256801,46.010712793219376,32.260506610469896,31.133904886585658,1.0,0.001,1.0,0.001,,,,,False,True,False,True,False,0.007071067811865475,0.007069355310453721,24,24,24,0,0.0,{},0.8124570401077097,0.694593253968254,0.0,False,True,False,True,False,False,0.0,46.010712793219376,32.260506610469896,46.010712793219376,96.08333333333333,1.0787167923068957,0.0014414864917526335,False,0.5102575631654924,False,0.028125000000000067,False,False,0.3660606583946427,0.028125000000000067,True,True,-0.6855513929087766,0.09798814229339474,6.343700940553166,False,opposite_direction
545,assignment_isolation,plus_one_randomisation,True,ok,43.49159612880294,4.330389296305524,51.28938690696929,36.22954815749016,30.936475694875043,1.0,0.001,1.0,0.001,,,,,False,True,False,True,False,0.007071067811865475,0.007067867104334471,24,24,24,0,0.0,{},0.7862670068027211,0.7041208791208791,0.0,False,True,False,True,False,False,0.0,51.28938690696929,36.22954815749016,51.28938690696929,95.0,1.065592165972437,0.019606543715479575,False,0.5190604817321309,False,0.01909722222222221,False,False,0.409180704586413,0.01909722222222221,True,True,-0.7723156110362644,0.2946535257899239,5.50933555781295,False,opposite_direction
546,assignment_isolation,plus_one_randomisation,True,ok,35.50705011183004,3.5380250798218786,42.07486664199628,30.020141618180098,29.288959290846694,1.0,0.001,1.0,0.001,,,,,False,True,False,True,False,0.007071067811865475,0.007082743979954758,24,24,24,0,0.0,{},0.7957456140350877,0.6954119850187265,0.0,False,True,False,True,False,False,0.0,42.07486664199628,30.020141618180094,42.07486664199628,95.95833333333333,1.0160541089747548,0.007435610374124379,False,0.49426077406486657,False,0.014930555555555558,False,False,0.349166285399362,0.014930555555555558,True,True,-2.5120098342655726,0.22389906954082558,3.7168575208918484,False,opposite_direction
547,assignment_isolation,plus_one_randomisation,True,ok,34.94747223143167,3.7172713311953993,40.94648519443507,28.875761260288396,30.472352122192277,1.0,0.001,1.0,0.001,,,,,False,True,False,False,True,0.007071067811865475,0.007070429043338702,24,24,24,0,0.0,{},0.7971134868421053,0.7326315789473685,0.0,False,True,False,False,False,False,0.0,40.94648519443507,28.875761260288396,40.94648519443507,96.25,1.056871337090262,0.01710877110319188,False,0.5204656368192451,False,0.01215277777777779,False,False,0.3293015094664318,0.01215277777777779,True,False,-0.984154165609178,0.1534521691732508,5.70289670714755,False,inconclusive
548,assignment_isolation,plus_one_randomisation,True,ok,45.205156948933904,4.754829803404775,53.99889111074544,37.690357438450775,30.04787265729874,1.0,0.001,1.0,0.001,,,,,False,True,False,True,False,0.007071067811865475,0.0070505622806612345,24,24,24,0,0.0,{},0.8187278368794327,0.7159340659340658,0.0,False,True,False,True,False,False,0.0,53.99889111074544,37.690357438450775,53.99889111074544,97.75,1.0472873810542274,0.025351490311389117,False,0.5098654409771952,False,0.029166666666666674,False,False,0.4321824344182401,0.029166666666666674,True,True,0.3651196860267098,0.06340232336409007,6.558240871824796,False,opposite_direction
549,assignment_isolation,plus_one_randomisation,True,ok,42.26504854733522,2.855849266699579,47.21694855087894,37.324517001998494,30.244218118596756,1.0,0.001,1.0,0.001,,,,,False,True,False,True,False,0.007071067811865475,0.0070390004189807434,24,24,24,0,0.0,{},0.7966277942227211,0.7129213483146067,0.0,False,True,False,True,False,False,0.0,47.21694855087893,37.324517001998494,47.21694855087893,96.29166666666667,1.044522281708048,0.002528798909560766,False,0.5135952655470967,False,0.015277777777777835,False,False,0.4056903949435386,0.015277777777777835,True,True,0.3509241265090118,0.0876984850887817,5.3118307084553305,False,opposite_direction
550,assignment_isolation,plus_one_randomisation,True,ok,43.49183349545047,3.5530095350244797,50.23741299139746,37.89795808622247,29.972001311208533,1.0,0.001,1.0,0.001,,,,,False,True,False,True,False,0.007071067811865475,0.007062686711520312,24,24,24,0,0.0,{},0.803921074256686,0.7207875457875457,0.0,False,True,False,True,False,False,0.0,50.23741299139746,37.89795808622247,50.23741299139746,96.66666666666667,1.0406245346636445,0.011876025394268795,False,0.4958222124688895,False,0.01215277777777779,False,False,0.4188480118932943,0.01215277777777779,True,True,1.180659641160579,0.1364624651980144,7.486070642406445,False,opposite_direction
551,assignment_isolation,plus_one_randomisation,True,ok,38.63509387492656,3.195931520956716,44.65766856678023,33.68866233323652,29.77136959638574,1.0,0.001,1.0,0.001,,,,,False,True,False,True,False,0.007071067811865475,0.007117217630190215,24,24,24,0,0.0,{},0.8112453054138322,0.6899812734082399,0.0,False,True,False,True,False,False,0.0,44.65766856678024,33.68866233323652,44.65766856678024,95.79166666666667,1.036914456301111,0.00022599532846850247,False,0.5136601716194249,False,0.028124999999999956,False,False,0.373224884220814,0.028124999999999956,True,True,0.2332585015473189,0.24140600204709753,6.330442681114466,False,opposite_direction
552,assignment_isolation,plus_one_randomisation,True,ok,39.29575464066311,4.400118573259006,46.46083060510671,32.02119785207495,30.377854722238425,1.0,0.001,1.0,0.001,,,,,False,True,False,True,False,0.007071067811865475,0.007051603813077834,24,24,24,0,0.0,{},0.8016680231506603,0.658433734939759,0.0,False,True,False,True,False,False,0.0,46.46083060510671,32.02119785207495,46.46083060510671,95.66666666666667,1.0475996148925655,0.018704915594077262,False,0.509062541714096,False,0.015277777777777724,False,False,0.37580159549127956,0.015277777777777724,True,True,0.14008772654428514,0.14964729123514348,5.838557932149129,False,opposite_direction
553,assignment_isolation,plus_one_randomisation,True,ok,33.547002487818716,4.565310386508503,41.6086951148757,26.113592851476866,29.532333011353046,1.0,0.001,1.0,0.001,,,,,False,True,False,False,True,0.007071067811865475,0.007090691367253637,24,24,24,0,0.0,{},0.7984435483870966,0.6600980392156861,0.0,False,True,False,False,False,False,0.0,41.6086951148757,26.113592851476866,41.6086951148757,94.45833333333333,1.0175985582222102,0.0017181192275577439,False,0.5315216826050728,False,0.023611111111111027,False,False,0.3282362343001607,0.023611111111111027,True,False,-0.07484127008758949,0.2282500018615677,4.677409208992788,False,inconclusive
554,assignment_isolation,plus_one_randomisation,True,ok,38.640865246451455,4.172692385743351,46.331815446424606,31.965004288109107,29.24092409500681,1.0,0.001,1.0,0.001,,,,,False,True,False,True,False,0.007071067811865475,0.007057740256781818,24,24,24,0,0.0,{},0.7957901542812142,0.6402777777777778,0.0,False,True,False,True,False,False,0.0,46.331815446424606,31.96500428810911,46.331815446424606,95.95833333333333,1.0108067119035766,0.008780971002113698,False,0.490207321569341,False,0.018402777777777768,False,False,0.3831448951598011,0.018402777777777768,True,True,0.26136247653664635,0.07105000116046237,6.26064862304918,False,opposite_direction
555,assignment_isolation,plus_one_randomisation,True,ok,42.92194499523769,4.334244382274451,49.85112099183121,35.31899404885968,30.74023466750532,1.0,0.001,1.0,0.001,,,,,False,True,False,True,False,0.007071067811865475,0.007089313157376887,24,24,24,0,0.0,{},0.8072762881748445,0.7291213768115942,0.0,False,True,False,True,False,False,0.0,49.85112099183121,35.31899404885968,49.85112099183121,96.45833333333333,1.0701661765283532,0.026424746110351595,False,0.5084922109217362,False,0.02256944444444442,False,False,0.40213829766194675,0.02256944444444442,True,True,0.7638987416790828,0.11439976173337336,6.783788503829239,False,opposite_direction
556,assignment_isolation,plus_one_randomisation,True,ok,39.0242505354596,3.3725056566231215,44.643388887197474,32.84988031681499,30.23377061511481,1.0,0.001,1.0,0.001,,,,,False,True,False,True,False,0.007071067811865475,0.007142377048721533,24,24,24,0,0.0,{},0.8183881625566893,0.7457899305555555,0.0,False,True,False,True,False,False,0.0,44.64338888719747,32.84988031681499,44.64338888719747,96.08333333333333,1.0583495311115965,0.015835303355137914,False,0.501279574473146,False,0.033333333333333326,False,False,0.3692348507013022,0.033333333333333326,True,True,-1.0291066487987182,0.2950576651986463,4.021901850881702,False,opposite_direction
557,assignment_isolation,plus_one_randomisation,True,ok,37.59712574946641,3.384774744718622,43.68465898681326,31.384618510282518,29.211091434936296,1.0,0.001,1.0,0.001,,,,,False,True,False,True,False,0.007071067811865475,0.007066077380023475,24,24,24,0,0.0,{},0.8037779717150018,0.7269927536231887,0.0,False,True,False,True,False,False,0.0,43.68465898681327,31.384618510282518,43.68465898681327,97.0,1.0164406954107008,0.000732398907700511,False,0.510445244003909,False,0.03402777777777777,False,False,0.3704351746638856,0.03402777777777777,True,True,0.5362364069192503,0.1095969813547817,6.29275370923387,False,opposite_direction
558,assignment_isolation,plus_one_randomisation,True,ok,44.25331465447201,4.866013107155648,53.20020670149519,36.422561421205835,31.08305612235193,1.0,0.001,1.0,0.001,,,,,False,True,False,True,False,0.007071067811865475,0.007025594654580675,24,24,24,0,0.0,{},0.791939692982456,0.7266666666666667,0.0,False,True,False,True,False,False,0.0,53.2002067014952,36.422561421205835,53.2002067014952,97.08333333333333,1.075843612937438,0.011405717079823227,False,0.5111807525100739,False,0.02430555555555558,False,False,0.41234223193801367,0.02430555555555558,True,True,-0.8354304697756273,0.12105615998387376,5.08758166003472,False,opposite_direction
559,assignment_isolation,plus_one_randomisation,True,ok,35.1850947289147,4.415245095562902,43.09420444581887,26.52974950462398,30.503788384181348,1.0,0.001,1.0,0.001,,,,,False,True,False,False,True,0.007071067811865475,0.0070592319664683715,24,24,24,0,0.0,{},0.7928662724643666,0.7113026819923375,0.0,False,True,False,False,False,False,0.0,43.09420444581887,26.52974950462398,43.09420444581887,95.5,1.0521627507511153,0.052555068533923555,False,0.5302540557163978,False,0.03368055555555549,False,False,0.33327434456157806,0.03368055555555549,True,False,2.3625674075702667,0.2751599321502599,6.5976866223570925,False,inconclusive
560,assignment_isolation,plus_one_randomisation,True,ok,42.50929686552562,3.57103240432472,48.027681559218586,35.089434990655704,29.847308935670334,1.0,0.001,1.0,0.001,,,,,False,True,False,True,False,0.007071067811865475,0.007101975274424958,24,24,24,0,0.0,{},0.7982448107448108,0.7204071969696969,0.0,False,True,False,True,False,False,0.0,48.027681559218586,35.089434990655704,48.027681559218586,95.625,1.0364302143104627,0.0016172777491638565,False,0.5094074842811214,False,0.03645833333333337,False,False,0.41116968225418954,0.03645833333333337,True,True,0.5651414227491258,0.1272391493788805,6.16891372625972,False,opposite_direction
561,assignment_isolation,plus_one_randomisation,True,ok,40.835813855377815,3.8430590740264763,47.56804610831918,34.36819417775007,30.40494485276765,1.0,0.001,1.0,0.001,,,,,False,True,False,True,False,0.007071067811865475,0.007059562109140937,24,24,24,0,0.0,{},0.7947012061403509,0.6846078431372549,0.0,False,True,False,True,False,False,0.0,47.56804610831918,34.36819417775007,47.56804610831918,95.95833333333333,1.0513161499741428,0.03315687716100193,False,0.49032917204522486,False,0.02673611111111107,False,False,0.3893967258784359,0.02673611111111107,True,True,-0.7066356373776469,0.17029190077985798,5.915364284983998,False,opposite_direction
562,assignment_isolation,plus_one_randomisation,True,ok,38.62769690704965,4.757770782213857,47.044324188493846,31.075481942159783,30.285986236807396,1.0,0.001,1.0,0.001,,,,,False,True,False,True,False,0.007071067811865475,0.00707404085566877,24,24,24,0,0.0,{},0.79310911643026,0.7166666666666667,0.0,False,True,False,True,False,False,0.0,47.044324188493846,31.075481942159783,47.044324188493846,94.95833333333333,1.0438685914047552,0.03296941173192136,False,0.5200717691431351,False,0.010069444444444464,False,False,0.37059373569992327,0.010069444444444464,True,True,0.7053143681376173,0.1905632695985077,5.844017077873404,False,opposite_direction
563,assignment_isolation,plus_one_randomisation,True,ok,47.02267824731789,3.93377882127191,52.91199192846227,39.639505163858416,30.15767832073496,1.0,0.001,1.0,0.001,,,,,False,True,False,True,False,0.007071067811865475,0.0070817485211059645,24,24,24,0,0.0,{},0.8005432330174598,0.7697132616487454,0.0,False,True,False,True,False,False,0.0,52.91199192846227,39.639505163858416,52.91199192846227,96.5,1.0489917340278327,0.0018968709770903116,False,0.509691080303753,False,0.022222222222222143,False,False,0.4480556127706679,0.022222222222222143,True,True,0.13705213125504778,0.22092243838761266,6.119186524893495,False,opposite_direction
564,assignment_isolation,plus_one_randomisation,True,ok,36.81291201960312,4.089389086671315,44.12446581350188,30.259618432216495,30.200552835527375,1.0,0.001,1.0,0.001,,,,,False,True,False,True,False,0.007071067811865475,0.007042270847265677,24,24,24,0,0.0,{},0.7934587813620073,0.7017241379310346,0.0,False,True,False,True,False,False,0.0,44.12446581350188,30.259618432216495,44.12446581350188,95.83333333333333,1.0410124382803716,0.0025904967099771,False,0.5342598461837162,False,0.01909722222222232,False,False,0.3535325009118377,0.01909722222222232,True,True,0.11598424093547059,0.18977424534424092,4.151120702910809,False,opposite_direction
565,assignment_isolation,plus_one_randomisation,True,ok,39.79666393998647,4.410108696397138,48.26034536656856,32.290362651032744,30.04458062847098,1.0,0.001,1.0,0.001,,,,,False,True,False,True,False,0.007071067811865475,0.0070650623802277265,24,24,24,0,0.0,{},0.7930311176278917,0.7159259259259259,0.0,False,True,False,True,False,False,0.0,48.26034536656855,32.290362651032744,48.26034536656855,95.08333333333333,1.034914211290864,0.01232636225496857,False,0.5340873564418572,False,0.009722222222222299,False,False,0.38545072790698226,0.009722222222222299,True,True,-0.212900349988711,0.1956173374707888,6.655992718016781,False,opposite_direction
566,assignment_isolation,plus_one_randomisation,True,ok,38.74237883650316,2.9869100241730475,43.656740492452705,33.21230155186256,30.955635427805344,1.0,0.001,1.0,0.001,,,,,False,True,False,True,False,0.007071067811865475,0.007056606541213901,24,24,24,0,0.0,{},0.793201754385965,0.6787545787545786,0.0,False,True,False,True,False,False,0.0,43.656740492452705,33.21230155186256,43.656740492452705,95.54166666666667,1.0675839524492492,0.004142847956158106,False,0.5128700195065778,False,0.01666666666666672,False,False,0.3631971438845583,0.01666666666666672,True,True,-1.4047950457098597,0.25259000433154327,4.690882193340268,False,opposite_direction
567,assignment_isolation,plus_one_randomisation,True,ok,41.221962814939694,3.8183080251469623,48.2055245507402,35.10659224511221,30.507788190099575,1.0,0.001,1.0,0.001,,,,,False,True,False,True,False,0.007071067811865475,0.007041929996926046,24,24,24,0,0.0,{},0.7984989522888459,0.6669981060606059,0.0,False,True,False,True,False,False,0.0,48.2055245507402,35.10659224511221,48.2055245507402,95.70833333333333,1.0508659179112183,0.05001245832010872,False,0.4996464064150266,False,0.023611111111111138,False,False,0.39328284232880384,0.023611111111111138,True,True,-1.7978429811274013,0.15521979821140106,5.993640544171609,False,opposite_direction
568,assignment_isolation,plus_one_randomisation,True,ok,43.40481061960548,3.521952100166665,48.989359473272096,37.19465740141177,30.25273543539991,1.0,0.001,1.0,0.001,,,,,False,True,False,True,False,0.007071067811865475,0.007021495502566849,24,24,24,0,0.0,{},0.7905839563548192,0.7076007326007328,0.0,False,True,False,True,False,False,0.0,48.989359473272096,37.19465740141177,48.989359473272096,96.79166666666667,1.0449205246697129,0.011325273204187648,False,0.5349005978704198,False,0.021527777777777812,False,False,0.4163407159274368,0.021527777777777812,True,True,-0.7101808691361735,0.2007229935802862,5.041957888342337,False,opposite_direction
569,assignment_isolation,plus_one_randomisation,True,ok,52.30023140389327,4.268104206190815,59.95382167311979,45.22754989048619,31.149790461314392,1.0,0.001,1.0,0.001,,,,,False,True,False,True,False,0.007071067811865475,0.007037066542774983,24,24,24,0,0.0,{},0.7871148883505372,0.6787306201550386,0.0,False,True,False,True,False,False,0.0,59.95382167311979,45.22754989048619,59.95382167311979,96.16666666666667,1.0748035026220055,0.026752623702124688,False,0.5241195544732751,False,0.01666666666666672,False,False,0.48329128340174743,0.01666666666666672,True,True,0.9726317185891951,0.24030515604805475,7.054524656219055,False,opposite_direction
570,assignment_isolation,plus_one_randomisation,True,ok,31.882631832708537,3.2912030568772264,37.74180425451075,26.858517925629485,29.47187091706058,1.0,0.001,1.0,0.001,,,,,False,True,False,False,True,0.007071067811865475,0.00704553951006176,24,24,24,0,0.0,{},0.801140114011401,0.7279829545454545,0.0,False,True,False,False,False,False,0.0,37.74180425451075,26.858517925629485,37.74180425451075,95.75,1.0159243194813852,0.01056490604510476,False,0.48634644205664435,False,0.009374999999999911,False,False,0.3112880308634954,0.009374999999999911,True,False,-0.5604131604000031,0.14999864156734824,3.9413859121898898,False,inconclusive
571,assignment_isolation,plus_one_randomisation,True,ok,45.87966156341688,3.5465697029396774,52.079865143527705,39.738904435786885,30.152763506648334,1.0,0.001,1.0,0.001,,,,,False,True,False,True,False,0.007071067811865475,0.0070446183075534964,24,24,24,0,0.0,{},0.800673185941043,0.6541182170542635,0.0,False,True,False,True,False,False,0.0,52.079865143527705,39.738904435786885,52.079865143527705,96.25,1.0419693927042013,0.011645061936311134,False,0.5000810752983751,False,0.04166666666666663,False,False,0.4405094147453248,0.04166666666666663,True,True,-1.3879305189942648,0.1292770244916228,6.123998670101427,False,opposite_direction
572,assignment_isolation,plus_one_randomisation,True,ok,39.17761673343617,2.6038329177127055,43.22135406423923,34.52306989393889,29.541186492241415,1.0,0.001,1.0,0.001,,,,,False,True,False,True,False,0.007071067811865475,0.007096922038875266,24,24,24,0,0.0,{},0.8161384644406715,0.6901685393258429,0.0,False,True,False,True,False,False,0.0,43.22135406423923,34.52306989393889,43.22135406423923,96.58333333333333,1.0301941231337375,0.05429604325023432,False,0.5213256828800746,False,0.018402777777777768,False,False,0.38111937698194964,0.018402777777777768,True,True,0.32633150060961363,0.0761518305926035,5.214451727429724,False,opposite_direction
573,assignment_isolation,plus_one_randomisation,True,ok,34.71149724698423,4.224650053215711,42.1957310312656,27.92667605176099,28.973561947336805,1.0,0.001,1.0,0.001,,,,,False,True,False,False,True,0.007071067811865475,0.0070751170821643375,24,24,24,0,0.0,{},0.8117259837962962,0.6788043478260869,0.0,False,True,False,False,False,False,0.0,42.1957310312656,27.92667605176099,42.1957310312656,95.95833333333333,1.0040304248929082,0.004903909806791571,False,0.5472994237536519,False,0.018055555555555602,False,False,0.3452357005769406,0.018055555555555602,True,False,-0.9908276319724701,0.14843619292556315,5.768990086905188,False,inconclusive
574,assignment_isolation,plus_one_randomisation,True,ok,32.09114005813587,3.669048802949843,39.10670743709332,26.487957941492432,29.23808129582345,1.0,0.001,1.0,0.001,,,,,False,True,False,False,True,0.007071067811865475,0.007055145275897412,24,24,24,0,0.0,{},0.8011363636363636,0.6718253968253969,0.0,False,True,False,False,False,False,0.0,39.10670743709332,26.487957941492436,39.10670743709332,94.875,1.0046174767276728,0.005951148023524804,False,0.5101273428826091,False,0.016666666666666607,False,False,0.31730635220070824,0.016666666666666607,True,False,-0.7027225145994102,0.11351498793214697,4.939154037071538,False,inconclusive
575,assignment_isolation,plus_one_randomisation,True,ok,44.53823018582094,3.0555849191298265,51.251296468302876,40.25972239703709,30.288814594579932,1.0,0.001,1.0,0.001,,,,,False,True,False,True,False,0.007071067811865475,0.007055934126474059,24,24,24,0,0.0,{},0.801636983873826,0.7124547101449274,0.0,False,True,False,True,False,False,0.0,51.251296468302876,40.25972239703709,51.251296468302876,96.54166666666667,1.0499393067570215,0.02681359174370512,False,0.5210924377270781,False,0.013194444444444509,False,False,0.42496679937031845,0.013194444444444509,True,True,0.10926015024891508,0.15766310283022464,5.964252728209876,False,opposite_direction
576,assignment_isolation,plus_one_randomisation,True,ok,40.45532650014892,3.6866257999553462,46.46157143793422,34.26722674316189,29.827915414964654,1.0,0.001,1.0,0.001,,,,,False,True,False,True,False,0.007071067811865475,0.007071056949206469,24,24,24,0,0.0,{},0.8294400187441424,0.691998106060606,0.0,False,True,False,True,False,False,0.0,46.46157143793422,34.26722674316189,46.46157143793422,97.41666666666667,1.0408637285766054,0.02218363610659527,False,0.4963140371585287,False,0.004513888888888928,False,False,0.38964516045343744,0.004513888888888928,True,True,0.1558782223341421,0.10414328838616213,6.641018232406291,False,opposite_direction
577,assignment_isolation,plus_one_randomisation,True,ok,34.451502022414815,4.490832864937197,42.0978347218315,27.41978863832501,29.513264200131058,1.0,0.001,1.0,0.001,,,,,False,True,False,False,True,0.007071067811865475,0.007068049023448666,24,24,24,0,0.0,{},0.8015407986111112,0.725,0.0,False,True,False,False,False,False,0.0,42.0978347218315,27.419788638325013,42.0978347218315,96.04166666666667,1.0221547402818274,0.012116669592524916,False,0.5142759887300927,False,0.02604166666666663,False,False,0.3360744663548696,0.02604166666666663,True,False,-1.4569458342115837,0.21733351554120722,3.7217263933906652,False,inconclusive
578,assignment_isolation,plus_one_randomisation,True,ok,43.95980943969056,4.387397167086888,51.186526321093645,36.33281560661146,29.48863330189788,1.0,0.001,1.0,0.001,,,,,False,True,False,True,False,0.007071067811865475,0.0070247783886686855,24,24,24,0,0.0,{},0.7954861111111111,0.6581521739130435,0.0,False,True,False,True,False,False,0.0,51.186526321093645,36.33281560661146,51.186526321093645,95.33333333333333,1.0112992066628417,0.004904871525901774,False,0.5076064426416595,False,0.03749999999999998,False,False,0.4351163876625151,0.03749999999999998,True,True,-0.7466727958996576,0.24276427307004855,6.456647465181467,False,opposite_direction
579,assignment_isolation,plus_one_randomisation,True,ok,35.43743512055691,3.7238588495411302,41.24529640710844,29.19979766444544,29.186344409635012,1.0,0.001,1.0,0.001,,,,,False,True,False,True,False,0.007071067811865475,0.007047240263006825,24,24,24,0,0.0,{},0.7996211734693877,0.7270833333333333,0.0,False,True,False,True,False,False,0.0,41.24529640710844,29.19979766444544,41.24529640710844,96.54166666666667,1.0104764156638566,0.0212037416646343,False,0.49802536350532634,False,0.025000000000000022,False,False,0.35046747769033354,0.025000000000000022,True,True,0.738154111311411,0.1525359198815524,6.3142369608725435,False,opposite_direction
580,assignment_isolation,plus_one_randomisation,True,ok,38.827065143857546,3.057751758081319,43.96867715717885,33.51979005869118,30.469506324125305,1.0,0.001,1.0,0.001,,,,,False,True,False,True,False,0.007071067811865475,0.007058945447686513,24,24,24,0,0.0,{},0.7934955858451538,0.7083333333333333,0.0,False,True,False,True,False,False,0.0,43.96867715717885,33.51979005869118,43.96867715717885,95.75,1.052312281350916,0.0041965139954528545,False,0.51791776775813,False,0.011111111111111072,False,False,0.3694844055676065,0.011111111111111072,True,True,0.5110768687546261,0.1463888962183455,5.965450936999098,False,opposite_direction
581,assignment_isolation,plus_one_randomisation,True,ok,44.29155703118024,4.174412839357601,51.31407021388908,37.516940867236436,31.178961376289397,1.0,0.001,1.0,0.001,,,,,False,True,False,True,False,0.007071067811865475,0.007073818457237502,24,24,24,0,0.0,{},0.7925198075834752,0.6957854406130269,0.0,False,True,False,True,False,False,0.0,51.31407021388909,37.516940867236436,51.31407021388909,94.75,1.0734335563515613,0.033244320355308915,False,0.5091519008962402,False,0.014236111111111116,False,False,0.4136069279899614,0.014236111111111116,True,True,-0.48142599477274484,0.10293670416157476,5.594550274478282,False,opposite_direction
582,assignment_isolation,plus_one_randomisation,True,ok,35.036986648899166,3.606314963499198,41.058396449559844,28.272192412143276,30.036939255013234,1.0,0.001,1.0,0.001,,,,,False,True,False,False,True,0.007071067811865475,0.007081734699490117,24,24,24,0,0.0,{},0.7988910512658671,0.7149812734082397,0.0,False,True,False,False,False,False,0.0,41.058396449559844,28.272192412143273,41.058396449559844,96.25,1.043435726530132,0.015377666236610616,False,0.5100640217927916,False,0.02256944444444442,False,False,0.3347357352023866,0.02256944444444442,True,False,0.20455935587668136,0.12710787767408482,5.427365682403489,False,inconclusive
583,assignment_isolation,plus_one_randomisation,True,ok,45.06594030724195,4.830845521187023,52.174638099266794,34.649249166156274,31.030398168528674,1.0,0.001,1.0,0.001,,,,,False,True,False,True,False,0.007071067811865475,0.007072155325812474,24,24,24,0,0.0,{},0.8062285223367698,0.6816479400749065,0.0,False,True,False,True,False,False,0.0,52.174638099266794,34.649249166156274,52.174638099266794,95.79166666666667,1.0739226643353774,0.023323273424964795,False,0.5181524440056225,False,0.029166666666666674,False,False,0.42051352427172156,0.029166666666666674,True,True,0.5864382478820073,0.11055438856607801,7.28640510047422,False,opposite_direction
584,assignment_isolation,plus_one_randomisation,True,ok,38.45346123184451,3.4513865788243336,44.93515575406812,32.76129115076297,29.60865123551012,1.0,0.001,1.0,0.001,,,,,False,True,False,True,False,0.007071067811865475,0.007054433761750367,24,24,24,0,0.0,{},0.8155438596491227,0.7416666666666667,0.0,False,True,False,True,False,False,0.0,44.93515575406812,32.76129115076297,44.93515575406812,97.29166666666667,1.0301218765162543,0.009554155456269402,False,0.5215266463381292,False,0.01388888888888895,False,False,0.3739387100719732,0.01388888888888895,True,True,-0.7512420599596207,0.2356460405705031,4.943993107676432,False,opposite_direction
585,assignment_isolation,plus_one_randomisation,True,ok,37.62577562160839,3.5675566349421333,43.81553034805383,31.835855473946193,29.57823779361789,1.0,0.001,1.0,0.001,,,,,False,True,False,True,False,0.007071067811865475,0.007068460127586246,24,24,24,0,0.0,{},0.8037759992765419,0.6666666666666665,0.0,False,True,False,True,False,False,0.0,43.815530348053834,31.835855473946193,43.815530348053834,96.375,1.0262408749546892,0.029459357505788934,False,0.5354659474611585,False,0.023263888888888862,False,False,0.3670732777549224,0.023263888888888862,True,True,2.3954832961283072,0.23441522775042561,6.744090633411987,False,opposite_direction
586,assignment_isolation,plus_one_randomisation,True,ok,35.942936422891094,4.227663100288626,42.69488407697694,28.183993144219677,29.852569638651445,1.0,0.001,1.0,0.001,,,,,False,True,False,False,True,0.007071067811865475,0.0070675058332407064,24,24,24,0,0.0,{},0.806139417693169,0.7102836879432625,0.0,False,True,False,False,False,False,0.0,42.69488407697694,28.18399314421968,42.69488407697694,95.95833333333333,1.0333780874506884,0.025521018734972346,False,0.48660507554943705,False,0.016666666666666607,False,False,0.3474430374077729,0.016666666666666607,True,False,-2.0717661024786236,0.23159157483752263,4.996257401124793,False,inconclusive
587,assignment_isolation,plus_one_randomisation,True,ok,37.82568841092447,4.199627302990253,45.174392913552765,30.776071886738038,29.6647953226856,1.0,0.001,1.0,0.001,,,,,False,True,False,True,False,0.007071067811865475,0.007053127448962591,24,24,24,0,0.0,{},0.8053676602219837,0.6986263736263736,0.0,False,True,False,True,False,False,0.0,45.174392913552765,30.776071886738038,45.174392913552765,96.41666666666667,1.0272334395112344,0.03448979580447001,False,0.5118687590732813,False,0.037847222222222254,False,False,0.3687195906457748,0.037847222222222254,True,True,0.48815656220727593,0.15436541373239643,6.757399810801842,False,opposite_direction
588,assignment_isolation,plus_one_randomisation,True,ok,33.36590861449472,4.4707822968644395,40.51058130887899,25.424324989194297,30.204564875095986,1.0,0.001,1.0,0.001,,,,,False,True,False,False,True,0.007071067811865475,0.007083013233681484,24,24,24,0,0.0,{},0.8063172043010752,0.7454343971631203,0.0,False,True,False,False,False,False,0.0,40.51058130887899,25.424324989194293,40.51058130887899,96.875,1.0528499940376777,0.005823641360883052,False,0.5017171169794485,False,0.01388888888888884,False,False,0.31459766047963306,0.01388888888888884,True,False,-1.8022151628530265,0.1988650733343585,5.979891055785822,False,inconclusive
589,assignment_isolation,plus_one_randomisation,True,ok,36.335962681278424,4.368975206690311,43.389687597054376,28.653018714843768,30.45523469373339,1.0,0.001,1.0,0.001,,,,,False,True,False,False,True,0.007071067811865475,0.007038283371669478,24,24,24,0,0.0,{},0.8079385964912278,0.6870967741935485,0.0,False,True,False,False,False,False,0.0,43.389687597054376,28.653018714843768,43.389687597054376,96.75,1.0542028596941173,0.022133556786720163,False,0.5316203677143436,False,0.03541666666666665,False,False,0.34413565985568373,0.03541666666666665,True,False,0.17843201147594281,0.16599971423158047,6.305594654954679,False,inconclusive
590,assignment_isolation,plus_one_randomisation,True,ok,45.558134688269625,4.717591914240999,54.95732091797348,38.39309247220509,31.026213920933913,1.0,0.001,1.0,0.001,,,,,False,True,False,True,False,0.007071067811865475,0.007046720239251037,24,24,24,0,0.0,{},0.7999122807017545,0.7164893617021278,0.0,False,True,False,True,False,False,0.0,54.95732091797348,38.39309247220509,54.95732091797348,96.33333333333333,1.0729367252639936,0.02192478726275318,False,0.517194666058483,False,0.04062500000000002,False,False,0.42536937767196775,0.04062500000000002,True,True,0.15873099028455262,0.1529649012008058,6.117113105817936,False,opposite_direction
591,assignment_isolation,plus_one_randomisation,True,ok,38.52321999601816,4.245833830104741,45.76087582449913,30.459411282142195,29.99489724809015,1.0,0.001,1.0,0.001,,,,,False,True,False,True,False,0.007071067811865475,0.007098193710514343,24,24,24,0,0.0,{},0.7974454594511254,0.7124526515151516,0.0,False,True,False,True,False,False,0.0,45.76087582449913,30.459411282142195,45.76087582449913,95.375,1.0396388626898507,0.003920827644418359,False,0.524522260509395,False,0.029861111111111116,False,False,0.37111010225971897,0.029861111111111116,True,True,0.16197833109876308,0.15314932740508314,5.231178227635876,False,opposite_direction
592,assignment_isolation,plus_one_randomisation,True,ok,41.531770292925835,3.4652603228707552,46.961766926896665,35.89124824608076,30.176621835492426,1.0,0.001,1.0,0.001,,,,,False,True,False,True,False,0.007071067811865475,0.00707708303137755,24,24,24,0,0.0,{},0.7988915770609317,0.6535440613026821,0.0,False,True,False,True,False,False,0.0,46.961766926896665,35.89124824608076,46.961766926896665,96.29166666666667,1.0478262343227487,0.012443536707343114,False,0.5286720499449484,False,0.023958333333333304,False,False,0.3974085342251057,0.023958333333333304,True,True,-1.0921003793680297,0.19003171205100505,6.197475852976804,False,opposite_direction
593,assignment_isolation,plus_one_randomisation,True,ok,38.86910480297419,3.499281073195943,46.65509368190363,33.874717742965935,30.81407262273686,1.0,0.001,1.0,0.001,,,,,False,True,False,True,False,0.007071067811865475,0.0070346132191319985,24,24,24,0,0.0,{},0.792557668887456,0.7120786516853932,0.0,False,True,False,True,False,False,0.0,46.65509368190363,33.874717742965935,46.65509368190363,96.16666666666667,1.0628491053679734,0.03681526647776136,False,0.5331446600989235,False,0.023611111111111138,False,False,0.3661102122648533,0.023611111111111138,True,True,0.6183974438692977,0.190814952960643,5.671317928852507,False,opposite_direction
594,assignment_isolation,plus_one_randomisation,True,ok,41.950326403330436,4.40312603697127,51.95552639810569,35.79103313037534,31.07053989770076,1.0,0.001,1.0,0.001,,,,,False,True,False,True,False,0.007071067811865475,0.0070811884030619575,24,24,24,0,0.0,{},0.8206097906055461,0.6825670498084292,0.0,False,True,False,True,False,False,0.0,51.95552639810569,35.79103313037534,51.95552639810569,96.875,1.0827565294488959,0.03763665500872098,False,0.5066066990438669,False,0.01909722222222221,False,False,0.3883971288258586,0.01909722222222221,True,True,-0.1774643924959535,0.0850852127277663,5.48790615124269,False,opposite_direction
595,assignment_isolation,plus_one_randomisation,True,ok,37.54260187934631,4.058476719254274,44.93762669507097,30.17758743397329,29.614081685316766,1.0,0.001,1.0,0.001,,,,,False,True,False,True,False,0.007071067811865475,0.007085918795215862,24,24,24,0,0.0,{},0.8054555456203099,0.6331372549019607,0.0,False,True,False,True,False,False,0.0,44.93762669507097,30.17758743397329,44.93762669507097,95.91666666666667,1.0275701599317508,0.03209741202854096,False,0.5073400375051366,False,0.016666666666666607,False,False,0.36574396949546406,0.016666666666666607,True,True,0.19660150696509268,0.19433543150560548,6.676811129197366,False,opposite_direction
596,assignment_isolation,plus_one_randomisation,True,ok,39.72198839593424,4.895691760492438,48.21530052160285,31.440053999543426,29.70267559069647,1.0,0.001,1.0,0.001,,,,,False,True,False,True,False,0.007071067811865475,0.007079121936750006,24,24,24,0,0.0,{},0.8074594464767395,0.7184865900383142,0.0,False,True,False,True,False,False,0.0,48.21530052160285,31.440053999543426,48.21530052160285,96.375,1.032112801805258,0.0353619221748148,False,0.5078664771971473,False,0.013194444444444398,False,False,0.3857765592382089,0.013194444444444398,True,True,-0.17491083083282832,0.1429581359579856,5.589714967801249,False,opposite_direction
597,assignment_isolation,plus_one_randomisation,True,ok,38.20737813501995,4.689485070978871,45.70293692079247,29.86218177979363,29.928550259759316,1.0,0.001,1.0,0.001,,,,,False,True,False,False,True,0.007071067811865475,0.007071846159223263,24,24,24,0,0.0,{},0.7842410680240982,0.6719348659003831,0.0,False,True,False,False,False,False,0.0,45.70293692079247,29.86218177979363,45.70293692079247,94.25,1.0273754137508808,0.0360433944000466,False,0.5167190243185442,False,0.025347222222222188,False,False,0.3725002958892265,0.025347222222222188,True,False,-0.7086171142668712,0.0949616739168094,5.14527038329988,False,inconclusive
598,assignment_isolation,plus_one_randomisation,True,ok,39.19683472134951,4.433277103535388,46.42262653510398,31.207702372209866,29.945088669394586,1.0,0.001,1.0,0.001,,,,,False,True,False,True,False,0.007071067811865475,0.007081797658135203,24,24,24,0,0.0,{},0.7931466041340978,0.7248039215686274,0.0,False,True,False,True,False,False,0.0,46.42262653510398,31.207702372209866,46.42262653510398,94.54166666666667,1.0309812065045927,0.009691131400191288,False,0.5463355470366363,False,0.015972222222222165,False,False,0.38101316899922005,0.015972222222222165,True,True,0.24150745576794505,0.11202861326525178,5.493143172958371,False,opposite_direction
599,assignment_isolation,plus_one_randomisation,True,ok,36.9477871961458,4.468902302116883,45.28469352477552,29.75167529943176,29.983130586713294,1.0,0.001,1.0,0.001,,,,,False,True,False,False,True,0.007071067811865475,0.0070213866428819865,24,24,24,0,0.0,{},0.8025824652777778,0.6749999999999999,0.0,False,True,False,False,False,False,0.0,45.28469352477552,29.751675299431763,45.28469352477552,95.83333333333333,1.0304529490936274,0.0005432423939766723,False,0.4920595729172688,False,0.03993055555555558,False,False,0.35868351241416524,0.03993055555555558,True,False,-0.7820854170818307,0.284849826388325,5.571622097281796,False,inconclusive
600,assignment_isolation,plus_one_randomisation,True,ok,43.4899351695598,4.1386396497082805,49.926640981826544,35.543883523990246,30.866984173175727,1.0,0.001,1.0,0.001,,,,,False,True,False,True,False,0.007071067811865475,0.007099175390637539,24,24,24,0,0.0,{},0.8129654255319149,0.7446629213483148,0.0,False,True,False,True,False,False,0.0,49.926640981826544,35.543883523990246,49.926640981826544,96.29166666666667,1.0751435686326662,0.010979062258375933,False,0.5136500961098682,False,0.027430555555555625,False,False,0.40555916583685153,0.027430555555555625,True,True,-0.3446361564871121,0.24749193825927565,6.2181660187491135,False,opposite_direction
601,assignment_isolation,plus_one_randomisation,True,ok,41.36687531897027,4.3109794051367984,49.22813483965507,34.0839083142941,29.71909745501606,1.0,0.001,1.0,0.001,,,,,False,True,False,True,False,0.007071067811865475,0.007028191164190422,24,24,24,0,0.0,{},0.7993968167842287,0.6914855072463768,0.0,False,True,False,True,False,False,0.0,49.22813483965507,34.0839083142941,49.22813483965507,96.75,1.0272465064041352,0.004239018587706106,False,0.5319559518592609,False,0.012847222222222232,False,False,0.4037567062353333,0.012847222222222232,True,True,0.30264535100794193,0.06279443907303887,6.573113895731027,False,opposite_direction
602,assignment_isolation,plus_one_randomisation,True,ok,36.44939423643152,3.8765358517504787,43.24886921409039,30.14768678881037,30.425496737002824,1.0,0.001,1.0,0.001,,,,,False,True,False,False,True,0.007071067811865475,0.007047215176557758,24,24,24,0,0.0,{},0.7811340445269016,0.6862887596899224,0.0,False,True,False,False,False,False,0.0,43.248869214090384,30.147686788810365,43.248869214090384,93.58333333333333,1.0371091576708447,0.0008680383468500766,False,0.4873675984804032,False,0.015277777777777724,False,False,0.3512555159675362,0.015277777777777724,True,False,-0.9642867750958318,0.1824554997991222,5.404371945160073,False,inconclusive
603,assignment_isolation,plus_one_randomisation,True,ok,38.755921601061196,3.2777012438052395,44.67408887191682,33.0861011624861,30.29044963828195,1.0,0.001,1.0,0.001,,,,,False,True,False,True,False,0.007071067811865475,0.007044450383553026,24,24,24,0,0.0,{},0.7923933276059565,0.6702107279693483,0.0,False,True,False,True,False,False,0.0,44.67408887191683,33.0861011624861,44.67408887191683,95.91666666666667,1.044888327947094,0.004023683657691121,False,0.4892469564297404,False,0.025000000000000022,False,False,0.37148693674976435,0.025000000000000022,True,True,1.3004834978844546,0.1548066110609576,6.057242995140153,False,opposite_direction
604,assignment_isolation,plus_one_randomisation,True,ok,38.29063309858373,3.1620549710154386,43.78599634866708,32.68136262763371,29.19252426959249,1.0,0.001,1.0,0.001,,,,,False,True,False,True,False,0.007071067811865475,0.007123763809748999,24,24,24,0,0.0,{},0.8176302027365858,0.727996254681648,0.0,False,True,False,True,False,False,0.0,43.78599634866708,32.68136262763371,43.78599634866708,96.45833333333333,1.0212240711992049,0.0138573395147785,False,0.4938210698706352,False,0.03993055555555558,False,False,0.37564301832073643,0.03993055555555558,True,True,0.1916480798443939,0.24367017150629422,5.251039816557399,False,opposite_direction
605,assignment_isolation,plus_one_randomisation,True,ok,41.46051829182946,3.432631775200748,46.95167458083432,35.30448241363844,30.109371427229572,1.0,0.001,1.0,0.001,,,,,False,True,False,True,False,0.007071067811865475,0.007036865911489875,24,24,24,0,0.0,{},0.7671599746789654,0.6957875457875458,0.0,False,True,False,True,False,False,0.0,46.95167458083432,35.30448241363844,46.95167458083432,94.54166666666667,1.0300601741999076,0.021742639179684664,False,0.5131271525729838,False,0.026388888888888906,False,False,0.40356607258284893,0.026388888888888906,True,True,-1.516791795752098,0.1289440721538493,5.746781434457946,False,opposite_direction
606,assignment_isolation,plus_one_randomisation,True,ok,44.88113158194827,3.2856220608700006,51.12906881718345,39.65156730330805,30.435093317016964,1.0,0.001,1.0,0.001,,,,,False,True,False,True,False,0.007071067811865475,0.007009349909923958,24,24,24,0,0.0,{},0.7786128026479409,0.7081417624521071,0.0,False,True,False,True,False,False,0.0,51.12906881718345,39.65156730330805,51.12906881718345,96.08333333333333,1.045553868767001,0.011133322039666667,False,0.5302889805636367,False,0.028125000000000067,False,False,0.42987885112924396,0.028125000000000067,True,True,-0.913396840462839,0.20873063546541845,7.068238688734332,False,opposite_direction
607,assignment_isolation,plus_one_randomisation,True,ok,41.2919563378073,3.5078946117635814,48.06971729363208,35.5632554610339,31.06613659410555,1.0,0.001,1.0,0.001,,,,,False,True,False,True,False,0.007071067811865475,0.007062216640390275,24,24,24,0,0.0,{},0.7920103092783506,0.6739463601532568,0.0,False,True,False,True,False,False,0.0,48.069717293632074,35.5632554610339,48.069717293632074,94.875,1.0684991526244192,0.0023789642717273168,False,0.5147895836035535,False,0.030208333333333393,False,False,0.38739012119384414,0.030208333333333393,True,True,1.141186481798977,0.19495106777142093,5.7385448480349135,False,opposite_direction
608,assignment_isolation,plus_one_randomisation,True,ok,42.40698520596563,3.93035805485372,49.63841699898959,35.72088523152053,29.335976482330473,1.0,0.001,1.0,0.001,,,,,False,True,False,True,False,0.007071067811865475,0.0070671925679355145,24,24,24,0,0.0,{},0.7999540441176471,0.7018199233716471,0.0,False,True,False,True,False,False,0.0,49.63841699898959,35.72088523152053,49.63841699898959,96.875,1.020289309281291,0.01420863008303237,False,0.5212694844233794,False,0.03125,False,False,0.4165850201993722,0.03125,True,True,-0.10462946088765315,0.12394128731963949,6.399492568848973,False,opposite_direction
609,assignment_isolation,plus_one_randomisation,True,ok,45.301963995382444,4.347544079931119,52.08556272733159,36.62550809159015,30.67054144759715,1.0,0.001,1.0,0.001,,,,,False,True,False,True,False,0.007071067811865475,0.007085832247254944,24,24,24,0,0.0,{},0.8006089380196523,0.6696759259259262,0.0,False,True,False,True,False,False,0.0,52.08556272733159,36.62550809159015,52.08556272733159,95.20833333333333,1.0602781095742315,0.012519909940510193,False,0.5244805748934753,False,0.02256944444444442,False,False,0.4279482398287085,0.02256944444444442,True,True,0.6759966090160793,0.14546266916649997,7.631508541501073,False,opposite_direction
610,assignment_isolation,plus_one_randomisation,True,ok,45.041384084547325,4.401445429750503,52.4282717594282,37.21054848011966,29.83584102397816,1.0,0.001,1.0,0.001,,,,,False,True,False,True,False,0.007071067811865475,0.0070747105906403115,24,24,24,0,0.0,{},0.8122845379103607,0.6766666666666664,0.0,False,True,False,True,False,False,0.0,52.428271759428206,37.21054848011966,52.428271759428206,96.66666666666667,1.0376606288636547,0.004581315809784679,False,0.5356235863551424,False,0.02430555555555558,False,False,0.43452025735592575,0.02430555555555558,True,True,1.2471352195832448,0.2328848130746543,8.07060950029244,False,opposite_direction
611,assignment_isolation,plus_one_randomisation,True,ok,40.59252983157992,3.27378955720052,47.092588857480465,35.30700830653392,30.209301761271476,1.0,0.001,1.0,0.001,,,,,False,True,False,True,False,0.007071067811865475,0.00707358773102388,24,24,24,0,0.0,{},0.7956165431701031,0.6833333333333332,0.0,False,True,False,True,False,False,0.0,47.09258885748047,35.30700830653392,47.09258885748047,96.0,1.046853845038908,0.02191072800860817,False,0.5260499537087492,False,0.007291666666666585,False,False,0.3887190620104944,0.007291666666666585,True,True,-0.7416905657457399,0.21152826573240793,5.557056301854603,False,opposite_direction
612,assignment_isolation,plus_one_randomisation,True,ok,38.6791408687437,3.512794206479309,44.51730570010299,32.540617914174426,30.0875864650066,1.0,0.001,1.0,0.001,,,,,False,True,False,True,False,0.007071067811865475,0.007037393091541661,24,24,24,0,0.0,{},0.7864729267310788,0.6982954545454546,0.0,False,True,False,True,False,False,0.0,44.51730570010299,32.540617914174426,44.51730570010299,95.54166666666667,1.0348218079862908,0.0053329574855331624,False,0.512599081537148,False,0.03541666666666665,False,False,0.37443799498476243,0.03541666666666665,True,True,0.19319277868294912,0.08588656799502989,5.820713128022174,False,opposite_direction
613,assignment_isolation,plus_one_randomisation,True,ok,34.95761093290681,4.148068940591975,42.739183362146534,27.96008496341809,28.752258992973296,1.0,0.001,1.0,0.001,,,,,False,True,False,False,True,0.007071067811865475,0.007091307359423356,24,24,24,0,0.0,{},0.8207896925495357,0.6279116465863455,0.0,False,True,False,False,False,False,0.0,42.73918336214653,27.960084963418087,42.73918336214653,97.08333333333333,1.0044784532065614,0.04918044047110176,False,0.5139445632917535,False,0.03125,False,False,0.34765086074206225,0.03125,True,False,-0.8829305197256078,0.10629583332751022,4.576821545100932,False,inconclusive
614,assignment_isolation,plus_one_randomisation,True,ok,36.79326002848179,3.0505676790398257,41.99397506167042,31.147607348182127,28.94583819153048,1.0,0.001,1.0,0.001,,,,,False,True,False,True,False,0.007071067811865475,0.007034567714633251,24,24,24,0,0.0,{},0.8007224304904716,0.7416666666666667,0.0,False,True,False,True,False,False,0.0,41.99397506167042,31.147607348182124,41.99397506167042,97.54166666666667,1.0055151880436612,0.042120568146427034,False,0.4957228429277898,False,0.025694444444444353,False,False,0.36632543294667486,0.025694444444444353,True,True,1.1070887485354177,0.1544659790927608,6.446646323870797,False,opposite_direction
615,assignment_isolation,plus_one_randomisation,True,ok,39.2132289656685,4.181273617079966,45.77242044933804,31.21798406831365,30.139912432470556,1.0,0.001,1.0,0.001,,,,,False,True,False,True,False,0.007071067811865475,0.007012352056119122,24,24,24,0,0.0,{},0.8041236930710614,0.6331417624521072,0.0,False,True,False,True,False,False,0.0,45.77242044933805,31.21798406831365,45.77242044933805,95.58333333333333,1.0331581078785261,0.03985799943300135,False,0.507687502090532,False,0.026388888888888906,False,False,0.38035641688278626,0.026388888888888906,True,True,-0.08730049391536364,0.11823274405124407,5.0096457510700425,False,opposite_direction
616,assignment_isolation,plus_one_randomisation,True,ok,42.18668543886131,4.219367164577114,48.84481472083456,34.38938813536088,29.380465429505186,1.0,0.001,1.0,0.001,,,,,False,True,False,True,False,0.007071067811865475,0.007014185245178845,24,24,24,0,0.0,{},0.797539162964695,0.6920411985018726,0.0,False,True,False,True,False,False,0.0,48.84481472083456,34.38938813536088,48.84481472083456,96.125,1.0102388912222688,0.010983163267371717,False,0.5125046293566408,False,0.03923611111111114,False,False,0.4185058964008233,0.03923611111111114,True,True,-0.595280072694872,0.12815428424996775,6.098849259185874,False,opposite_direction
617,assignment_isolation,plus_one_randomisation,True,ok,36.60011310583099,3.670751014069094,43.60303982794495,30.758086407374677,30.621262245741207,1.0,0.001,1.0,0.001,,,,,False,True,False,True,False,0.007071067811865475,0.007041560901418849,24,24,24,0,0.0,{},0.7996171875000001,0.6933734939759038,0.0,False,True,False,True,False,False,0.0,43.60303982794495,30.758086407374677,43.60303982794495,94.91666666666667,1.0503481431625254,0.012243444998816548,False,0.5046889588868753,False,0.018055555555555602,False,False,0.34811263209951787,0.018055555555555602,True,True,0.4654346119942431,0.25011291982505246,4.831066047360881,False,opposite_direction
618,assignment_isolation,plus_one_randomisation,True,ok,42.342684988550666,3.4559841184865507,47.85300800789309,36.03823831850784,29.88028960631765,1.0,0.001,1.0,0.001,,,,,False,True,False,True,False,0.007071067811865475,0.0070596434176321025,24,24,24,0,0.0,{},0.8165824915824915,0.6499999999999999,0.0,False,True,False,True,False,False,0.0,47.85300800789309,36.03823831850784,47.85300800789309,97.58333333333333,1.0418984613957893,0.009544509800887713,False,0.5158417291803018,False,0.014583333333333282,False,False,0.407446524426351,0.014583333333333282,True,True,0.004205210586708103,0.09807460442298682,6.179828275569307,False,opposite_direction
619,assignment_isolation,plus_one_randomisation,True,ok,37.96116935548898,4.653359599934536,46.720988552519955,30.870750094296405,30.38384212014582,1.0,0.001,1.0,0.001,,,,,False,True,False,True,False,0.007071067811865475,0.0070576399401677875,24,24,24,0,0.0,{},0.8046440972222222,0.7067028985507244,0.0,False,True,False,True,False,False,0.0,46.72098855251996,30.870750094296408,46.72098855251996,96.20833333333333,1.0516677078859276,0.029839114418201085,False,0.49956698630534424,False,0.022916666666666696,False,False,0.36118519409038286,0.022916666666666696,True,True,2.569303401567152,0.23854232478864568,6.887509705890413,False,opposite_direction
620,assignment_isolation,plus_one_randomisation,True,ok,39.90475873054482,3.867203583203134,46.003608963335985,33.4473825507231,29.871653559412746,1.0,0.001,1.0,0.001,,,,,False,True,False,True,False,0.007071067811865475,0.007076360656918797,24,24,24,0,0.0,{},0.8019736842105263,0.724812734082397,0.0,False,True,False,True,False,False,0.0,46.003608963335985,33.4473825507231,46.003608963335985,96.04166666666667,1.0357836979403863,0.026702985395969697,False,0.5211910886855688,False,0.00868055555555558,False,False,0.3861840205835651,0.00868055555555558,True,True,0.07932373467037064,0.09190220566252177,6.048342432392693,False,opposite_direction
621,assignment_isolation,plus_one_randomisation,True,ok,34.1481428390308,3.40842516335862,40.17795351559099,28.22786451659612,29.176043100302707,1.0,0.001,1.0,0.001,,,,,False,True,False,False,True,0.007071067811865475,0.007063382511351023,24,24,24,0,0.0,{},0.7914551096067054,0.6946496212121211,0.0,False,True,False,False,False,False,0.0,40.17795351559099,28.227864516596117,40.17795351559099,94.75,1.0029949150457105,0.010865618729968196,False,0.5266089008052856,False,0.027430555555555514,False,False,0.33968717283272065,0.027430555555555514,True,False,0.10641946785853117,0.09785267360538424,4.366200779433148,False,inconclusive
622,assignment_isolation,plus_one_randomisation,True,ok,43.9036564325389,4.035202246275436,50.922944038764456,37.373952363568435,29.739480438881028,1.0,0.001,1.0,0.001,,,,,False,True,False,True,False,0.007071067811865475,0.007079195943217271,24,24,24,0,0.0,{},0.8029863768424037,0.7200980392156862,0.0,False,True,False,True,False,False,0.0,50.922944038764456,37.373952363568435,50.922944038764456,95.41666666666667,1.0282516967287272,0.046157159646232404,False,0.5253293747597301,False,0.01388888888888895,False,False,0.42766573337798947,0.01388888888888895,True,True,-1.8811681229049841,0.22383373293056677,6.113405260394559,False,opposite_direction
623,assignment_isolation,plus_one_randomisation,True,ok,34.05676833835813,3.8537884702558407,41.162565107457795,27.811571019404113,29.08426596507035,1.0,0.001,1.0,0.001,,,,,False,True,False,False,True,0.007071067811865475,0.007061732971450543,24,24,24,0,0.0,{},0.8041300415988426,0.6768465909090909,0.0,False,True,False,False,False,False,0.0,41.162565107457795,27.811571019404113,41.162565107457795,96.41666666666667,1.0083596517570215,0.04795261234682545,False,0.49992492756843154,False,0.018750000000000044,False,False,0.33681216480700976,0.018750000000000044,True,False,0.17647200800482038,0.05762683644058228,4.892570146872971,False,inconclusive
624,assignment_isolation,plus_one_randomisation,True,ok,40.27735334292124,3.7975572676761327,46.59370106255382,33.298639804450296,29.400487490135404,1.0,0.001,1.0,0.001,,,,,False,True,False,True,False,0.007071067811865475,0.007061684153496086,24,24,24,0,0.0,{},0.7905699421425905,0.6434027777777778,0.0,False,True,False,True,False,False,0.0,46.593701062553826,33.298639804450296,46.593701062553826,95.75,1.0157859844116808,0.03448378166485562,False,0.5109636016938092,False,0.019791666666666652,False,False,0.39756228008932065,0.019791666666666652,True,True,-0.4744945912385679,0.13895124660414088,4.512150353878555,False,opposite_direction
625,assignment_isolation,plus_one_randomisation,True,ok,41.44161678471648,3.0238202509675682,46.68377991366754,36.389428522550666,30.011277627033706,1.0,0.001,1.0,0.001,,,,,False,True,False,True,False,0.007071067811865475,0.007085582304680858,24,24,24,0,0.0,{},0.7953965454874301,0.7291208791208791,0.0,False,True,False,True,False,False,0.0,46.68377991366754,36.389428522550666,46.68377991366754,95.75,1.0403978047221387,0.0264494266465216,False,0.5224202628057084,False,0.016319444444444442,False,False,0.3993806002020637,0.016319444444444442,True,True,0.2087528308268631,0.11459905207352666,6.235048355814304,False,opposite_direction
626,assignment_isolation,plus_one_randomisation,True,ok,39.79528081993251,2.9890281177090507,44.39870947600104,33.9728601412865,30.553882238603308,1.0,0.001,1.0,0.001,,,,,False,True,False,True,False,0.007071067811865475,0.007054623352531745,24,24,24,0,0.0,{},0.782488952020202,0.749810606060606,0.0,False,True,False,True,False,False,0.0,44.39870947600104,33.9728601412865,44.39870947600104,95.79166666666667,1.0548096667264564,0.05999883096527219,False,0.5578355175060677,False,0.015277777777777724,False,False,0.3780296593822323,0.015277777777777724,True,True,-1.8525220465105798,0.21666860174862995,3.5833721434949775,False,opposite_direction
627,assignment_isolation,plus_one_randomisation,True,ok,36.9203161962661,4.010701269945033,43.49445720446199,29.604093287493072,29.922421401838285,1.0,0.001,1.0,0.001,,,,,False,True,False,False,True,0.007071067811865475,0.00710453683944064,24,24,24,0,0.0,{},0.8058490490006447,0.7207880434782611,0.0,False,True,False,False,False,False,0.0,43.49445720446199,29.604093287493072,43.49445720446199,95.83333333333333,1.040544856795128,0.015124706062998828,False,0.5113528154545196,False,0.02951388888888884,False,False,0.3547782288246678,0.02951388888888884,True,False,-1.779273236061122,0.2252862628240436,3.349843994500089,False,inconclusive
628,assignment_isolation,plus_one_randomisation,True,ok,35.5682571622201,4.720927918858523,43.933248426802336,27.43160726995133,29.982846026240683,1.0,0.001,1.0,0.001,,,,,False,True,False,False,True,0.007071067811865475,0.007041532412612848,24,24,24,0,0.0,{},0.7941066247582205,0.6541198501872659,0.0,False,True,False,False,False,False,0.0,43.93324842680234,27.43160726995133,43.93324842680234,94.45833333333333,1.0259594137976116,0.01072486541880296,False,0.521798012579027,False,0.030555555555555558,False,False,0.34624744231376137,0.030555555555555558,True,False,0.3320538639416689,0.22719273122586858,6.282041089089131,False,inconclusive
629,assignment_isolation,plus_one_randomisation,True,ok,35.47810735203214,3.6643748016280333,41.85263566145601,29.72899500749137,29.601170245453652,1.0,0.001,1.0,0.001,,,,,False,True,False,True,False,0.007071067811865475,0.007033949720577685,24,24,24,0,0.0,{},0.7912335337915235,0.7164912280701756,0.0,False,True,False,True,False,False,0.0,41.85263566145601,29.728995007491374,41.85263566145601,96.25,1.0213592200392998,0.003570060099285778,False,0.5301104260079346,False,0.03125,False,False,0.3469614131201227,0.03125,True,True,-0.27724190962271006,0.07919696668864572,5.266280860830475,False,opposite_direction
630,assignment_isolation,plus_one_randomisation,True,ok,45.50898205717084,4.437300511348659,54.64135987825156,38.70059024585852,30.70293834292972,1.0,0.001,1.0,0.001,,,,,False,True,False,True,False,0.007071067811865475,0.007078473788117446,24,24,24,0,0.0,{},0.7840927000501469,0.6916666666666667,0.0,False,True,False,True,False,False,0.0,54.64135987825156,38.70059024585852,54.64135987825156,94.45833333333333,1.0561113553478565,0.007521110002444061,False,0.5128097777463354,False,0.025000000000000022,False,False,0.43147801207723724,0.025000000000000022,True,True,1.6529428000415856,0.16205142188206362,8.765279987683979,False,opposite_direction
631,assignment_isolation,plus_one_randomisation,True,ok,39.79801778647843,4.2818851160921785,47.222191388207506,32.25589247666063,30.29832399934098,1.0,0.001,1.0,0.001,,,,,False,True,False,True,False,0.007071067811865475,0.007056731617372102,24,24,24,0,0.0,{},0.795084754655067,0.6886704119850188,0.0,False,True,False,True,False,False,0.0,47.222191388207506,32.25589247666063,47.222191388207506,95.79166666666667,1.046299638285433,0.03349102446200587,False,0.5259342577783133,False,0.021180555555555536,False,False,0.3811967173041172,0.021180555555555536,True,True,-0.7122435301420053,0.13877217479907447,5.538918045414766,False,opposite_direction
632,assignment_isolation,plus_one_randomisation,True,ok,38.535833616212365,4.149168156145006,45.40680717025739,30.980823184624434,30.616768260041965,1.0,0.001,1.0,0.001,,,,,False,True,False,True,False,0.007071067811865475,0.007063981305169048,24,24,24,0,0.0,{},0.7952799409237378,0.7166666666666667,0.0,False,True,False,True,False,False,0.0,45.40680717025739,30.980823184624438,45.40680717025739,94.25,1.0498314333885952,0.012200759294290998,False,0.5077534131498592,False,0.04062500000000002,False,False,0.3675181987615873,0.04062500000000002,True,True,-0.4810857837336275,0.06968793188971005,5.2973018554748865,False,opposite_direction
633,assignment_isolation,plus_one_randomisation,True,ok,43.273158171122354,3.8485237028120967,49.18239306847236,36.19996201625371,30.399262271605263,1.0,0.001,1.0,0.001,,,,,False,True,False,True,False,0.007071067811865475,0.00706901171721317,24,24,24,0,0.0,{},0.8059791666666667,0.7113677536231884,0.0,False,True,False,True,False,False,0.0,49.18239306847236,36.19996201625371,49.18239306847236,96.5,1.0554931200589497,0.0011845347727073591,False,0.5098587365295651,False,0.021180555555555536,False,False,0.41100073312957336,0.021180555555555536,True,True,-0.7608140706827787,0.16085919185836547,6.389758475444227,False,opposite_direction
634,assignment_isolation,plus_one_randomisation,True,ok,39.58830366478351,5.178008740551666,48.00290733102408,29.611483260064713,30.861495563092195,1.0,0.001,1.0,0.001,,,,,False,True,False,False,True,0.007071067811865475,0.007026006302653927,24,24,24,0,0.0,{},0.7934667209260264,0.6623015873015874,0.0,False,True,False,False,False,False,0.0,48.00290733102408,29.611483260064713,48.00290733102408,96.66666666666667,1.065942748123831,0.02606060380776426,False,0.5325529658905536,False,0.02604166666666674,False,False,0.3719844798103014,0.02604166666666674,True,False,1.4960511707789603,0.1564158112338122,6.461946730361214,False,inconclusive
635,assignment_isolation,plus_one_randomisation,True,ok,42.430724834519594,3.6624895692236072,48.33423256787633,36.177515016037916,30.15859551400526,1.0,0.001,1.0,0.001,,,,,False,True,False,True,False,0.007071067811865475,0.00705111579945868,24,24,24,0,0.0,{},0.7872766857078853,0.7351799242424242,0.0,False,True,False,True,False,False,0.0,48.334232567876334,36.177515016037916,48.334232567876334,96.08333333333333,1.0422286193618409,0.00368040234454735,False,0.49645648930119957,False,0.015277777777777724,False,False,0.4081582743551293,0.015277777777777724,True,True,0.9300883464895751,0.16889222455008435,5.8240405888727,False,opposite_direction
636,assignment_isolation,plus_one_randomisation,True,ok,38.64797094429103,4.686002893946043,45.96525325867951,29.948243407729514,30.290990017494714,1.0,0.001,1.0,0.001,,,,,False,True,False,False,True,0.007071067811865475,0.007055190509951395,24,24,24,0,0.0,{},0.7832005360623782,0.6954343971631206,0.0,False,True,False,False,False,False,0.0,45.9652532586795,29.948243407729517,45.9652532586795,95.29166666666667,1.0430849494368604,0.015999748678939645,False,0.5020840707400588,False,0.023611111111111138,False,False,0.37108101565304247,0.023611111111111138,True,False,-0.5266661268256378,0.11499535864087539,5.244354983921566,False,inconclusive
637,assignment_isolation,plus_one_randomisation,True,ok,35.30836648007446,4.388402559856303,42.58376179525966,27.90823871080302,29.39894306735813,1.0,0.001,1.0,0.001,,,,,False,True,False,False,True,0.007071067811865475,0.007110264301649412,24,24,24,0,0.0,{},0.8207820811170212,0.6992248062015507,0.0,False,True,False,False,False,False,0.0,42.58376179525966,27.90823871080302,42.58376179525966,96.08333333333333,1.0244989006733571,0.014326264431854096,False,0.5034031631662607,False,0.029166666666666674,False,False,0.34409690025578793,0.029166666666666674,True,False,0.6851574264438647,0.14481012132942578,5.507137277116855,False,inconclusive
638,assignment_isolation,plus_one_randomisation,True,ok,38.52851614049353,4.819506620221591,47.46991749153513,30.435687807245266,30.092011162478897,1.0,0.001,1.0,0.001,,,,,False,True,False,True,False,0.007071067811865475,0.007080109521682229,24,24,24,0,0.0,{},0.7898589683652796,0.7164855072463767,0.0,False,True,False,True,False,False,0.0,47.469917491535135,30.435687807245262,47.469917491535135,95.66666666666667,1.041937131852987,0.013127479650696237,False,0.5229422749107325,False,0.027430555555555514,False,False,0.37031931926259043,0.027430555555555514,True,True,0.583494467402212,0.1780822863665037,6.389558541640557,False,opposite_direction
639,assignment_isolation,plus_one_randomisation,True,ok,48.741662039883046,3.7223737455329773,55.06548165311413,41.83415579095954,30.86786100796968,1.0,0.001,1.0,0.001,,,,,False,True,False,True,False,0.007071067811865475,0.007106126158773376,24,24,24,0,0.0,{},0.8154931972789115,0.7187500000000001,0.0,False,True,False,True,False,False,0.0,55.06548165311413,41.83415579095954,55.06548165311413,95.875,1.0738957962235518,0.008085078284233589,False,0.5233126710928824,False,0.017708333333333326,False,False,0.4533345593001076,0.017708333333333326,True,True,0.7895075652573604,0.09213749083318724,6.8550729164263835,False,opposite_direction
640,assignment_isolation,plus_one_randomisation,True,ok,36.093097714143646,3.3565597694528706,42.057680009508765,30.18638574695133,30.161852533816106,1.0,0.001,1.0,0.001,,,,,False,True,False,True,False,0.007071067811865475,0.007082904880854599,24,24,24,0,0.0,{},0.8044351374570446,0.6498062015503875,0.0,False,True,False,True,False,False,0.0,42.057680009508765,30.18638574695133,42.057680009508765,95.125,1.0418057762473896,0.03124860388277729,False,0.5353212466342223,False,0.018402777777777768,False,False,0.3459997472280296,0.018402777777777768,True,True,1.1092352562974488,0.11699008068250036,6.2349134242857165,False,opposite_direction
641,assignment_isolation,plus_one_randomisation,True,ok,38.93004539082076,3.019657061578649,43.630299684721976,33.24398393925133,29.329686727424,1.0,0.001,1.0,0.001,,,,,False,True,False,True,False,0.007071067811865475,0.00705119120308338,24,24,24,0,0.0,{},0.7994570035460995,0.7081481481481483,0.0,False,True,False,True,False,False,0.0,43.63029968472197,33.24398393925133,43.63029968472197,95.79166666666667,1.012054230788089,0.04777269782312811,False,0.4904954530763757,False,0.022222222222222254,False,False,0.38557582095019305,0.022222222222222254,True,True,-0.620746443730969,0.1224821545985059,5.1314915733023945,False,opposite_direction
642,assignment_isolation,plus_one_randomisation,True,ok,31.1406522663805,3.772283686550783,38.14024759493461,24.745538281161856,29.64707712595915,1.0,0.001,1.0,0.001,,,,,False,True,False,False,True,0.007071067811865475,0.0070427573562049295,24,24,24,0,0.0,{},0.7881335958296362,0.6657196969696969,0.0,False,True,False,False,False,False,0.0,38.14024759493461,24.745538281161856,38.14024759493461,94.95833333333333,1.0173283686715882,0.011438060170565744,False,0.5272085184517473,False,0.033333333333333326,False,False,0.30296564999347864,0.033333333333333326,True,False,-0.9333791124787885,0.13968992229354105,5.4882575392764945,False,inconclusive
643,assignment_isolation,plus_one_randomisation,True,ok,32.919668899075596,4.133923822988424,40.00532957753975,26.727310262765684,30.1806375771575,1.0,0.001,1.0,0.001,,,,,False,True,False,False,True,0.007071067811865475,0.0070631733294689285,24,24,24,0,0.0,{},0.7834908361970219,0.6851259689922481,0.0,False,True,False,False,False,False,0.0,40.00532957753975,26.727310262765684,40.00532957753975,95.08333333333333,1.0393228549054718,0.005375939554041915,False,0.5253141409015161,False,0.009722222222222299,False,False,0.3144164443106144,0.009722222222222299,True,False,-0.4190668580492084,0.13174456111801705,5.013234461426668,False,inconclusive
644,assignment_isolation,plus_one_randomisation,True,ok,39.20618545102122,3.3235016889839635,45.84800817195846,33.9154836381647,29.68444722127581,1.0,0.001,1.0,0.001,,,,,False,True,False,True,False,0.007071067811865475,0.007114360470934781,24,24,24,0,0.0,{},0.8054216185625354,0.7197010869565219,0.0,False,True,False,True,False,False,0.0,45.84800817195846,33.9154836381647,45.84800817195846,95.04166666666667,1.0294182381840793,0.008202572724219715,False,0.519676707866116,False,0.017013888888888884,False,False,0.3816957487087999,0.017013888888888884,True,True,1.1801784090321117,0.1790508550107872,6.722621612310838,False,opposite_direction
645,assignment_isolation,plus_one_randomisation,True,ok,39.58765231925236,3.3874438052656313,45.506766577237556,33.92278427112463,30.285595918351433,1.0,0.001,1.0,0.001,,,,,False,True,False,True,False,0.007071067811865475,0.007015733205234936,24,24,24,0,0.0,{},0.773521505376344,0.672037037037037,0.0,False,True,False,True,False,False,0.0,45.506766577237556,33.92278427112463,45.506766577237556,94.79166666666667,1.0343422691410769,0.046905844159523265,False,0.5226248849010517,False,0.04513888888888884,False,False,0.38360900500274087,0.04513888888888884,True,True,-0.7374809689689964,0.11661391087404595,4.553550433581964,False,opposite_direction
646,assignment_isolation,plus_one_randomisation,True,ok,41.37960748630311,3.0918012213444714,47.10694128780227,36.473034119466604,30.760898761553417,1.0,0.001,1.0,0.001,,,,,False,True,False,True,False,0.007071067811865475,0.007060174844395005,24,24,24,0,0.0,{},0.8090622979823757,0.691470588235294,0.0,False,True,False,True,False,False,0.0,47.10694128780227,36.473034119466604,47.10694128780227,96.54166666666667,1.0669446183762432,0.0072021657588630566,False,0.49815793013083237,False,0.0253472222222223,False,False,0.38879553064600664,0.0253472222222223,True,True,-0.5987343048045113,0.17712313015935652,4.519629782908902,False,opposite_direction
647,assignment_isolation,plus_one_randomisation,True,ok,47.28577680010945,4.590814367760971,56.960153285546,40.09197274500895,30.510379981426812,1.0,0.001,1.0,0.001,,,,,False,True,False,True,False,0.007071067811865475,0.007037951269339696,24,24,24,0,0.0,{},0.8002047872340423,0.7124531835205995,0.0,False,True,False,True,False,False,0.0,56.960153285546,40.09197274500895,56.960153285546,96.41666666666667,1.0542410741573134,0.018911035185269192,False,0.5136261067150744,False,0.017013888888888884,False,False,0.4483044841239709,0.017013888888888884,True,True,1.2842071561319808,0.13942057689317391,7.94936377015919,False,opposite_direction
648,assignment_isolation,plus_one_randomisation,True,ok,43.24081353986967,3.579208005562395,49.02544856983084,36.42962133453335,30.153565404836108,1.0,0.001,1.0,0.001,,,,,False,True,False,True,False,0.007071067811865475,0.0070171507686180275,24,24,24,0,0.0,{},0.7863668837041056,0.7291182170542633,0.0,False,True,False,True,False,False,0.0,49.02544856983084,36.42962133453335,49.02544856983084,95.95833333333333,1.0363604511634095,0.03091694106763533,False,0.5332434456076867,False,0.03888888888888886,False,False,0.41815829998458814,0.03888888888888886,True,True,0.02571276231197308,0.1498037269631729,5.7124602725619695,False,opposite_direction
649,assignment_isolation,plus_one_randomisation,True,ok,40.58203649185486,3.564510864214265,46.35494077960971,34.27822638429334,30.272136378741646,1.0,0.001,1.0,0.001,,,,,False,True,False,True,False,0.007071067811865475,0.007096422023507971,24,24,24,0,0.0,{},0.7973939393939393,0.6940860215053763,0.0,False,True,False,True,False,False,0.0,46.35494077960971,34.27822638429334,46.35494077960971,95.33333333333333,1.0487570658523404,0.0038711935046939336,False,0.5009945147366468,False,0.012847222222222232,False,False,0.387903407194733,0.012847222222222232,True,True,0.4673948558161408,0.10007157934695886,5.384724914464555,False,opposite_direction
650,assignment_isolation,plus_one_randomisation,True,ok,34.4204658504137,3.297483081567015,40.17933428931013,28.888404513613246,30.159686492954133,1.0,0.001,1.0,0.001,,,,,False,True,False,False,True,0.007071067811865475,0.00712676625037613,24,24,24,0,0.0,{},0.7954824561403511,0.7374526515151516,0.0,False,True,False,False,False,False,0.0,40.17933428931013,28.88840451361325,40.17933428931013,94.95833333333333,1.0472632976199139,0.034008208390500214,False,0.5118542257482137,False,0.028124999999999956,False,False,0.32717351893082774,0.028124999999999956,True,False,1.3367394591444266,0.14745520841553833,5.780673614254057,False,inconclusive
651,assignment_isolation,plus_one_randomisation,True,ok,35.07635853266766,3.5718421106769678,40.74275610733274,28.032126879802895,30.08376131648167,1.0,0.001,1.0,0.001,,,,,False,True,False,False,True,0.007071067811865475,0.007081099799550525,24,24,24,0,0.0,{},0.7963947990543736,0.693258426966292,0.0,False,True,False,False,False,False,0.0,40.74275610733274,28.0321268798029,40.74275610733274,95.66666666666667,1.0417971738779737,0.02588787917200677,False,0.5276827483469481,False,0.010763888888888906,False,False,0.33569622882195616,0.010763888888888906,True,False,0.14704092527588358,0.11859039249534502,5.037551565061411,False,inconclusive
652,assignment_isolation,plus_one_randomisation,True,ok,40.96046567658653,4.1085450156651655,48.17967637603013,33.892911071062336,29.735710298026653,1.0,0.001,1.0,0.001,,,,,False,True,False,True,False,0.007071067811865475,0.007066691953756512,24,24,24,0,0.0,{},0.79978046845838,0.6947010869565217,0.0,False,True,False,True,False,False,0.0,48.17967637603013,33.892911071062336,48.17967637603013,95.5,1.02675344187024,0.02638421394664063,False,0.4971126160308254,False,0.014930555555555558,False,False,0.39998954843500667,0.014930555555555558,True,True,-1.748818987701825,0.15660644568030374,4.846484369581949,False,opposite_direction
653,assignment_isolation,plus_one_randomisation,True,ok,45.26965667165541,3.164270956009415,50.2769780990022,38.32523285594744,30.05944758075938,1.0,0.001,1.0,0.001,,,,,False,True,False,True,False,0.007071067811865475,0.007078962962509541,24,24,24,0,0.0,{},0.8099066773173917,0.6908730158730159,0.0,False,True,False,True,False,False,0.0,50.2769780990022,38.32523285594744,50.2769780990022,96.25,1.043808931318988,0.0005716729472636843,False,0.5067288427572402,False,0.01388888888888895,False,False,0.4341643487562678,0.01388888888888895,True,True,-0.3944213377692984,0.10702501051738697,6.6749655266686885,False,opposite_direction
654,assignment_isolation,plus_one_randomisation,True,ok,42.29922507747844,3.8342233557045646,48.686194342952355,35.33045185926621,30.430971242623187,1.0,0.001,1.0,0.001,,,,,False,True,False,True,False,0.007071067811865475,0.007040300203870998,24,24,24,0,0.0,{},0.7898864527329749,0.7038530465949822,0.0,False,True,False,True,False,False,0.0,48.686194342952355,35.33045185926621,48.686194342952355,96.29166666666667,1.0511661037633826,0.026946438963246083,False,0.5078979457591886,False,0.022222222222222254,False,False,0.40346326783020586,0.022222222222222254,True,True,0.07351857840049289,0.10969528684552142,7.4466430216796,False,opposite_direction
655,assignment_isolation,plus_one_randomisation,True,ok,40.632754774549426,3.9444766313088433,46.641522438124035,32.87185587094057,30.145602745569462,1.0,0.001,1.0,0.001,,,,,False,True,False,True,False,0.007071067811865475,0.007050873844764247,24,24,24,0,0.0,{},0.7998254368648096,0.7000000000000001,0.0,False,True,False,True,False,False,0.0,46.641522438124035,32.87185587094057,46.641522438124035,95.75,1.0399352793908252,0.03020472132463712,False,0.49926976831096165,False,0.02673611111111107,False,False,0.39172381478393414,0.02673611111111107,True,True,-0.8241814633109795,0.16159853767357643,6.2787972671050065,False,opposite_direction
656,assignment_isolation,plus_one_randomisation,True,ok,36.38787428088461,4.518199204089845,42.787248996319725,28.300259468393246,29.70953647706627,1.0,0.001,1.0,0.001,,,,,False,True,False,False,True,0.007071067811865475,0.00709768640599302,24,24,24,0,0.0,{},0.8287482993197279,0.6983333333333335,0.0,False,True,False,False,False,False,0.0,42.787248996319725,28.300259468393246,42.787248996319725,97.0,1.0384092658383004,0.02043288245234541,False,0.49589451506421794,False,0.023611111111111138,False,False,0.3501728589208539,0.023611111111111138,True,False,0.04866129278555265,0.09803735281967234,4.757694764105066,False,inconclusive
657,assignment_isolation,plus_one_randomisation,True,ok,46.63295497815748,3.7031321330150835,52.96032208419804,40.15606960172014,30.804497943229933,1.0,0.001,1.0,0.001,,,,,False,True,False,True,False,0.007071067811865475,0.007075994725507937,24,24,24,0,0.0,{},0.7934738005050508,0.715925925925926,0.0,False,True,False,True,False,False,0.0,52.96032208419805,40.15606960172014,52.96032208419805,95.58333333333333,1.0655227474941071,0.009488605090793746,False,0.5009607423016689,False,0.027430555555555514,False,False,0.4379630701938133,0.027430555555555514,True,True,0.5567345123568739,0.10965018606900404,7.730450180283155,False,opposite_direction
658,assignment_isolation,plus_one_randomisation,True,ok,40.195297859669616,4.280607322346763,47.14246136793497,32.5909061034303,29.949536667214907,1.0,0.001,1.0,0.001,,,,,False,True,False,True,False,0.007071067811865475,0.007090783545873659,24,24,24,0,0.0,{},0.8139270714012983,0.6753745318352059,0.0,False,True,False,True,False,False,0.0,47.14246136793497,32.5909061034303,47.14246136793497,95.95833333333333,1.0401493182540418,0.01834292123991204,False,0.5128756693482428,False,0.025347222222222188,False,False,0.38737953278036436,0.025347222222222188,True,True,-0.1577053522265043,0.15141419589107505,6.710310642810146,False,opposite_direction
659,assignment_isolation,plus_one_randomisation,True,ok,40.88853741008034,3.4518382976276847,47.11975707657292,35.32053781017224,29.01110945218091,1.0,0.001,1.0,0.001,,,,,False,True,False,True,False,0.007071067811865475,0.007052303440620607,24,24,24,0,0.0,{},0.7928899985681557,0.7030092592592594,0.0,False,True,False,True,False,False,0.0,47.11975707657292,35.32053781017224,47.11975707657292,95.91666666666667,1.001872304313998,0.008298977261819445,False,0.49607182887159407,False,0.007986111111111027,False,False,0.409157271379879,0.007986111111111027,True,True,0.8782766029443863,0.17146702521592866,6.838351876840513,False,opposite_direction
660,assignment_isolation,plus_one_randomisation,True,ok,42.29362854255975,4.416906674480821,49.574618689326186,34.60554152355976,30.076402091621496,1.0,0.001,1.0,0.001,,,,,False,True,False,True,False,0.007071067811865475,0.0070718071881442635,24,24,24,0,0.0,{},0.7914864390928222,0.6427337398373983,0.0,False,True,False,True,False,False,0.0,49.57461868932618,34.60554152355976,49.57461868932618,94.875,1.0358626934475967,0.008085195820424714,False,0.5264433631972997,False,0.018402777777777768,False,False,0.40932849496502216,0.018402777777777768,True,True,-2.2905169628123923,0.16365131343550784,4.9933781379343865,False,opposite_direction
661,assignment_isolation,plus_one_randomisation,True,ok,46.21554827367777,3.651120655807658,52.16364024280194,39.755423699397305,30.968668120382436,1.0,0.001,1.0,0.001,,,,,False,True,False,True,False,0.007071067811865475,0.007048978091721083,24,24,24,0,0.0,{},0.7887818567961163,0.6374485596707818,0.0,False,True,False,True,False,False,0.0,52.16364024280194,39.755423699397305,52.16364024280194,95.33333333333333,1.0657150090635332,0.03137678179370532,False,0.5120356427028999,False,0.011458333333333237,False,False,0.4341267034349205,0.011458333333333237,True,True,-2.263794261517834,0.18751882661893043,6.182222276716093,False,opposite_direction
662,assignment_isolation,plus_one_randomisation,True,ok,43.704687181265456,3.742326730949708,49.79221037956853,37.425752382313,29.73872766541142,1.0,0.001,1.0,0.001,,,,,False,True,False,True,False,0.007071067811865475,0.0070612665275153795,24,24,24,0,0.0,{},0.7897647527910685,0.6791176470588235,0.0,False,True,False,True,False,False,0.0,49.79221037956853,37.425752382313,49.79221037956853,94.875,1.0227061954547494,0.026355898289162766,False,0.5266092925277008,False,0.018055555555555602,False,False,0.42802451245330914,0.018055555555555602,True,True,-0.3924829719874567,0.13660305302383824,7.690327400781322,False,opposite_direction
663,assignment_isolation,plus_one_randomisation,True,ok,39.174492499923424,3.1335392523688683,44.698744256521145,34.26420389766648,29.135990870710184,1.0,0.001,1.0,0.001,,,,,False,True,False,True,False,0.007071067811865475,0.007122041612140808,24,24,24,0,0.0,{},0.8142060784767191,0.7537590579710144,0.0,False,True,False,True,False,False,0.0,44.698744256521145,34.26420389766648,44.698744256521145,96.04166666666667,1.016796745591239,0.004039043803624415,False,0.5106034355504753,False,0.03472222222222221,False,False,0.3861963020827548,0.03472222222222221,True,True,0.15431908850731071,0.12217071005944181,5.986541173102915,False,opposite_direction
664,assignment_isolation,plus_one_randomisation,True,ok,45.15479691408843,3.520398391011349,51.70289031674229,39.26216815245245,30.138707680807432,1.0,0.001,1.0,0.001,,,,,False,True,False,True,False,0.007071067811865475,0.007032894948382193,24,24,24,0,0.0,{},0.7954364968271742,0.6870833333333334,0.0,False,True,False,True,False,False,0.0,51.70289031674229,39.26216815245245,51.70289031674229,96.41666666666667,1.0406503086177097,0.005719758391686227,False,0.49369567827072863,False,0.010069444444444464,False,False,0.43436899965536235,0.010069444444444464,True,True,-1.7418223621356828,0.20369855038860166,6.185733573612278,False,opposite_direction
665,assignment_isolation,plus_one_randomisation,True,ok,41.094382498697314,3.2199822423006985,46.780451134566206,35.40305367086026,29.677224623171934,1.0,0.001,1.0,0.001,,,,,False,True,False,True,False,0.007071067811865475,0.007037359644240787,24,24,24,0,0.0,{},0.7998281056175794,0.6575757575757576,0.0,False,True,False,True,False,False,0.0,46.78045113456621,35.40305367086026,46.78045113456621,96.5,1.0258094393218689,0.004069386513983232,False,0.5013493860067257,False,0.022222222222222143,False,False,0.4016650816335979,0.022222222222222143,True,True,0.6104918573016411,0.14849916425391738,6.903458464729819,False,opposite_direction
666,assignment_isolation,plus_one_randomisation,True,ok,40.85198955153621,3.5479889816601156,46.91019370940226,34.37965069922704,29.683291608940753,1.0,0.001,1.0,0.001,,,,,False,True,False,True,False,0.007071067811865475,0.00709665197053146,24,24,24,0,0.0,{},0.8281043729372939,0.7404698581560284,0.0,False,True,False,True,False,False,0.0,46.91019370940226,34.37965069922704,46.91019370940226,97.91666666666667,1.0422307455211248,0.014742929822048903,False,0.5088634331383364,False,0.01215277777777779,False,False,0.3929800903899907,0.01215277777777779,True,True,1.2131110830531033,0.1623047178783941,7.384963671989741,False,opposite_direction
667,assignment_isolation,plus_one_randomisation,True,ok,41.081678677010245,3.799873758539206,46.8476169023901,32.60048054310611,30.23431714981056,1.0,0.001,1.0,0.001,,,,,False,True,False,True,False,0.007071067811865475,0.007083269310100198,24,24,24,0,0.0,{},0.796622149328335,0.725,0.0,False,True,False,True,False,False,0.0,46.84761690239011,32.60048054310611,46.84761690239011,95.875,1.0484714557522226,0.002400779452354823,False,0.5390028074221225,False,0.017013888888888884,False,False,0.3928362875764407,0.017013888888888884,True,True,-1.4124372329603794,0.20341616559073109,6.117932491154656,False,opposite_direction
668,assignment_isolation,plus_one_randomisation,True,ok,37.78043442866962,4.4718583932744815,46.58614138913001,31.036642893187718,30.180079972505716,1.0,0.001,1.0,0.001,,,,,False,True,False,True,False,0.007071067811865475,0.007047869286778993,24,24,24,0,0.0,{},0.7966277942227211,0.7207875457875459,0.0,False,True,False,True,False,False,0.0,46.58614138913001,31.036642893187718,46.58614138913001,95.875,1.0413600673041432,0.014662887164983845,False,0.5085534407061592,False,0.020486111111111094,False,False,0.363094584167225,0.020486111111111094,True,True,0.7320336129764129,0.2555887156133521,6.375365721636939,False,opposite_direction
669,assignment_isolation,plus_one_randomisation,True,ok,37.70467480677547,3.690198153487666,44.061035500298274,31.729811529683577,29.919118390167085,1.0,0.001,1.0,0.001,,,,,False,True,False,True,False,0.007071067811865475,0.007092814670950525,24,24,24,0,0.0,{},0.8049026268115942,0.7483333333333336,0.0,False,True,False,True,False,False,0.0,44.06103550029828,31.729811529683577,44.06103550029828,96.0,1.0396161689669932,0.010100700505748891,False,0.4916565621853006,False,0.025694444444444464,False,False,0.36296981132907447,0.025694444444444464,True,True,-1.7960413869144345,0.22775885000480484,5.882279950104566,False,opposite_direction
670,assignment_isolation,plus_one_randomisation,True,ok,40.56670736702253,3.956191338442558,47.83430299247104,34.33646096498778,30.31988193089683,1.0,0.001,1.0,0.001,,,,,False,True,False,True,False,0.007071067811865475,0.007078280121925557,24,24,24,0,0.0,{},0.7965486068164638,0.7159574468085107,0.0,False,True,False,True,False,False,0.0,47.83430299247104,34.33646096498778,47.83430299247104,95.875,1.0506980938423454,0.006496104337403314,False,0.5246280175082388,False,0.015972222222222165,False,False,0.3870291677422433,0.015972222222222165,True,True,-0.6912765899135421,0.11608308409717698,6.226373556023214,False,opposite_direction
671,assignment_isolation,plus_one_randomisation,True,ok,35.24329113138785,3.9289618657051286,42.68145719097682,29.28596457440007,29.810689916264653,1.0,0.001,1.0,0.001,,,,,False,True,False,False,True,0.007071067811865475,0.007071829222633357,24,24,24,0,0.0,{},0.8243230240549828,0.6717871485943775,0.0,False,True,False,False,False,False,0.0,42.68145719097682,29.28596457440007,42.68145719097682,98.125,1.044151774093101,0.025396280446476616,False,0.5069098107451587,False,0.01215277777777779,False,False,0.3365856210952169,0.01215277777777779,True,False,0.7002136657015228,0.1534291081108511,6.230123851526721,False,inconclusive
672,assignment_isolation,plus_one_randomisation,True,ok,41.44026817895948,2.7916003440923296,46.47636115364428,36.75802907728445,30.57804964163071,1.0,0.001,1.0,0.001,,,,,False,True,False,True,False,0.007071067811865475,0.007084156277491689,24,24,24,0,0.0,{},0.8231638488728825,0.6851259689922478,0.0,False,True,False,True,False,False,0.0,46.47636115364427,36.75802907728445,46.47636115364427,96.125,1.0619060505414564,0.0027258910013139644,False,0.5049579414468945,False,0.014583333333333282,False,False,0.39123857114417576,0.014583333333333282,True,True,1.1881045933633492,0.13948049488599457,6.222891435529406,False,opposite_direction
673,assignment_isolation,plus_one_randomisation,True,ok,42.973694792932086,4.308823710774843,49.77552806672268,35.07562480490509,30.768087291160974,1.0,0.001,1.0,0.001,,,,,False,True,False,True,False,0.007071067811865475,0.00706019574999316,24,24,24,0,0.0,{},0.7974324452003022,0.7019946808510638,0.0,False,True,False,True,False,False,0.0,49.77552806672268,35.07562480490509,49.77552806672268,95.41666666666667,1.0609608684884002,0.006159040267642397,False,0.48912825925525527,False,0.02430555555555547,False,False,0.4060986883913225,0.02430555555555547,True,True,0.6332771504178575,0.3072531204171736,6.459632331361469,False,opposite_direction
674,assignment_isolation,plus_one_randomisation,True,ok,42.98347101612777,4.134098937472991,50.179696331544235,36.42685639993247,30.06447404402001,1.0,0.001,1.0,0.001,,,,,False,True,False,True,False,0.007071067811865475,0.0070749081508687415,24,24,24,0,0.0,{},0.8041230354532163,0.6970370370370369,0.0,False,True,False,True,False,False,0.0,50.17969633154424,36.42685639993247,50.17969633154424,95.79166666666667,1.0408982676711394,0.008271814768565523,False,0.5395387034958802,False,0.017708333333333326,False,False,0.4139329384719197,0.017708333333333326,True,True,0.8319804012806542,0.19591099737923767,6.22794920578057,False,opposite_direction
675,assignment_isolation,plus_one_randomisation,True,ok,35.76603678247451,4.1154551814674205,43.356919406919275,29.33659645889667,30.221657607348742,1.0,0.001,1.0,0.001,,,,,False,True,False,False,True,0.007071067811865475,0.007082032864514003,24,24,24,0,0.0,{},0.807270622895623,0.6732142857142857,0.0,False,True,False,False,False,False,0.0,43.356919406919275,29.33659645889667,43.356919406919275,95.5,1.0457982455186636,0.002266707424572484,False,0.5107575339736108,False,0.02013888888888893,False,False,0.34130940275283256,0.02013888888888893,True,False,0.35235626639817946,0.15352354905826304,4.891373427886695,False,inconclusive
676,assignment_isolation,plus_one_randomisation,True,ok,38.34039126240645,2.710084410055889,43.18493689175719,33.87561337823373,29.722231492825298,1.0,0.001,1.0,0.001,,,,,False,True,False,True,False,0.007071067811865475,0.00708345609809219,24,24,24,0,0.0,{},0.7950797872340425,0.6934593023255814,0.0,False,True,False,True,False,False,0.0,43.18493689175719,33.87561337823373,43.18493689175719,95.625,1.02939569428634,0.005716527379468339,False,0.48895269859841634,False,0.015625,False,False,0.37307931657313964,0.015625,True,True,1.1869349360146413,0.21713468318184073,6.028947850726563,False,opposite_direction
677,assignment_isolation,plus_one_randomisation,True,ok,35.85710758941534,4.564931880771902,43.72346789841171,28.060373878545896,30.219960018517313,1.0,0.001,1.0,0.001,,,,,False,True,False,False,True,0.007071067811865475,0.007072045709709433,24,24,24,0,0.0,{},0.8043167662449233,0.6768465909090909,0.0,False,True,False,False,False,False,0.0,43.72346789841171,28.060373878545892,43.72346789841171,96.33333333333333,1.0488110222473375,0.008392583385059077,False,0.5278051798042074,False,0.020138888888888817,False,False,0.34118895215903966,0.020138888888888817,True,False,0.945981243201959,0.18263258809634306,5.214833666189973,False,inconclusive
678,assignment_isolation,plus_one_randomisation,True,ok,38.43823542369228,3.4932988241603224,44.87952043417037,32.64810157234433,30.920740594544778,1.0,0.001,1.0,0.001,,,,,False,True,False,True,False,0.007071067811865475,0.00708339207701507,24,24,24,0,0.0,{},0.7831597033821667,0.7583333333333333,0.0,False,True,False,True,False,False,0.0,44.87952043417037,32.64810157234433,44.87952043417037,95.54166666666667,1.0704282927640547,0.013926910821991153,False,0.5243790658657173,False,0.028819444444444398,False,False,0.35923927773558684,0.028819444444444398,True,True,0.7388303923013275,0.1468996513503331,6.530388275858298,False,opposite_direction
679,assignment_isolation,plus_one_randomisation,True,ok,42.192092477312755,3.805311500528528,49.34271489292404,35.9694234908677,30.595770915631157,1.0,0.001,1.0,0.001,,,,,False,True,False,True,False,0.007071067811865475,0.007092472259529317,24,24,24,0,0.0,{},0.8014026136770497,0.7433333333333333,0.0,False,True,False,True,False,False,0.0,49.34271489292404,35.9694234908677,49.34271489292404,96.45833333333333,1.065611570591393,0.009783570493372034,False,0.5235188214859804,False,0.015625,False,False,0.39698744831827465,0.015625,True,True,0.22866677718279538,0.09870112475192608,5.8239842881117765,False,opposite_direction
680,assignment_isolation,plus_one_randomisation,True,ok,40.04321949733387,2.8452549781095717,44.728345442592484,35.033498594145385,30.168666549500106,1.0,0.001,1.0,0.001,,,,,False,True,False,True,False,0.007071067811865475,0.007077146167296088,24,24,24,0,0.0,{},0.7894355845515686,0.7166666666666667,0.0,False,True,False,True,False,False,0.0,44.728345442592484,35.033498594145385,44.728345442592484,94.91666666666667,1.0400531257668844,0.009234160342785071,False,0.5079211255941009,False,0.019791666666666652,False,False,0.3859295275619512,0.019791666666666652,True,True,-0.616925038831107,0.2040034994108122,5.460011852028799,False,opposite_direction
681,assignment_isolation,plus_one_randomisation,True,ok,44.88221380588089,3.3781451261670044,50.446426059211745,39.50052918104725,30.26092133871727,1.0,0.001,1.0,0.001,,,,,False,True,False,True,False,0.007071067811865475,0.007047254183071217,24,24,24,0,0.0,{},0.7988979935408508,0.7316287878787877,0.0,False,True,False,True,False,False,0.0,50.446426059211745,39.50052918104725,50.446426059211745,96.5,1.047455891233175,0.0025399738846304232,False,0.5024316645794225,False,0.022222222222222143,False,False,0.4291340159360537,0.022222222222222143,True,True,-0.17826131172587611,0.12562022785937013,7.194333685724402,False,opposite_direction
682,assignment_isolation,plus_one_randomisation,True,ok,47.28222273480602,5.312070800356331,55.68736704897374,38.619162932468015,30.91390433085846,1.0,0.001,1.0,0.001,,,,,False,True,False,True,False,0.007071067811865475,0.007105232808242538,24,24,24,0,0.0,{},0.8101380208333335,0.6881793478260869,0.0,False,True,False,True,False,False,0.0,55.68736704897375,38.619162932468015,55.68736704897375,95.58333333333333,1.0737254851514517,0.021463061167103774,False,0.525833807481019,False,0.019444444444444486,False,False,0.4405475189717405,0.019444444444444486,True,True,-0.6587244836666605,0.12697931311556984,6.682991280155501,False,opposite_direction
683,assignment_isolation,plus_one_randomisation,True,ok,40.92524692929965,2.4483458499408663,45.174608799650784,37.18765068497595,29.900250186088748,1.0,0.001,1.0,0.001,,,,,False,True,False,True,False,0.007071067811865475,0.007074025867293009,24,24,24,0,0.0,{},0.8127185374149659,0.6779693486590037,0.0,False,True,False,True,False,False,0.0,45.17460879965078,37.18765068497595,45.17460879965078,97.08333333333333,1.0420386073048724,0.04033861520017386,False,0.5253832188494968,False,0.02777777777777779,False,False,0.39376286977174557,0.02777777777777779,True,True,0.7165188952792773,0.1832052048540456,6.985200181733653,False,opposite_direction
684,assignment_isolation,plus_one_randomisation,True,ok,32.854508180763865,4.067839524408081,39.30643064148549,25.099883614219127,29.920612376621772,1.0,0.001,1.0,0.001,,,,,False,True,False,False,True,0.007071067811865475,0.007041339765518716,24,24,24,0,0.0,{},0.7894724658869396,0.7150709219858158,0.0,False,True,False,False,False,False,0.0,39.30643064148549,25.099883614219127,39.30643064148549,96.125,1.032794602101721,0.01754987244075957,False,0.4883248867062912,False,0.01805555555555549,False,False,0.31588741778101204,0.01805555555555549,True,False,-0.6772349791603857,0.13654716851517043,5.721622454338221,False,inconclusive
685,assignment_isolation,plus_one_randomisation,True,ok,41.596814949379834,3.8654636471110355,47.71790819598261,35.2238226399774,30.302719305336527,1.0,0.001,1.0,0.001,,,,,False,True,False,True,False,0.007071067811865475,0.007068697480741774,24,24,24,0,0.0,{},0.7912298387096774,0.7164682539682539,0.0,False,True,False,True,False,False,0.0,47.71790819598261,35.2238226399774,47.71790819598261,95.75,1.0479978560070577,0.008544662159222536,False,0.506864848143875,False,0.014930555555555558,False,False,0.39796712920405963,0.014930555555555558,True,True,1.4635456114307148,0.14477636110445724,6.706563927395907,False,opposite_direction
686,assignment_isolation,plus_one_randomisation,True,ok,37.20046672928771,3.2914506442936426,42.741369808290365,31.668951540211662,30.163084355092526,1.0,0.001,1.0,0.001,,,,,False,True,False,True,False,0.007071067811865475,0.007094796149079766,24,24,24,0,0.0,{},0.8015977254428339,0.704122340425532,0.0,False,True,False,True,False,False,0.0,42.741369808290365,31.668951540211662,42.741369808290365,95.04166666666667,1.043140233790966,0.00618632775199026,False,0.5413420464787126,False,0.044791666666666674,False,False,0.3566614698639808,0.044791666666666674,True,True,-1.2205672845471098,0.26874223098682964,4.482130011930193,False,opposite_direction
687,assignment_isolation,plus_one_randomisation,True,ok,46.04048219016306,4.0396498267288905,52.58620259221848,38.506711547667905,30.643385622816023,1.0,0.001,1.0,0.001,,,,,False,True,False,True,False,0.007071067811865475,0.0070678215977646305,24,24,24,0,0.0,{},0.7918985545411985,0.7118217054263566,0.0,False,True,False,True,False,False,0.0,52.58620259221848,38.506711547667905,52.58620259221848,96.20833333333333,1.0621813583977227,0.022436004131904195,False,0.5094367581885051,False,0.008333333333333304,False,False,0.4339288755496661,0.008333333333333304,True,True,-0.6367334235081764,0.2454285361232586,5.389652643355259,False,opposite_direction
688,assignment_isolation,plus_one_randomisation,True,ok,39.568872980420345,3.502126296766525,45.560922491916045,33.46680834389906,29.854581928810006,1.0,0.001,1.0,0.001,,,,,False,True,False,True,False,0.007071067811865475,0.007116007518111907,24,24,24,0,0.0,{},0.8183615365131323,0.6957885304659497,0.0,False,True,False,True,False,False,0.0,45.560922491916045,33.46680834389906,45.560922491916045,95.66666666666667,1.0389573444285631,0.0176161672321326,False,0.5228386876440968,False,0.029861111111111116,False,False,0.3816896863478736,0.029861111111111116,True,True,-0.19523208702306014,0.15686041880734514,6.573661229947984,False,opposite_direction
689,assignment_isolation,plus_one_randomisation,True,ok,39.2215055371447,4.526564294866058,46.09598534040468,29.8739319431222,29.84317251134971,1.0,0.001,1.0,0.001,,,,,False,True,False,True,False,0.007071067811865475,0.007094053743586256,24,24,24,0,0.0,{},0.8206194073015549,0.6863162878787878,0.0,False,True,False,True,False,False,0.0,46.095985340404674,29.8739319431222,46.095985340404674,95.83333333333333,1.0362576870429836,0.007269188982353246,False,0.5088811789795649,False,0.02430555555555558,False,False,0.3792765394686984,0.02430555555555558,True,True,-0.23553765586390432,0.11109665943233532,6.357022047435244,False,opposite_direction
690,assignment_isolation,plus_one_randomisation,True,ok,43.537789591057276,3.8480100616747355,50.42734204617261,37.00487462261024,30.84980279889248,1.0,0.001,1.0,0.001,,,,,False,True,False,True,False,0.007071067811865475,0.007067927729877413,24,24,24,0,0.0,{},0.7978058024284982,0.7454343971631203,0.0,False,True,False,True,False,False,0.0,50.42734204617261,37.00487462261024,50.42734204617261,95.66666666666667,1.0663378324263653,0.011259858882236297,False,0.5269440144616417,False,0.038541666666666696,False,False,0.4093273792027338,0.038541666666666696,True,True,-0.00706693983485086,0.08668241602207503,7.314558212573881,False,opposite_direction
691,assignment_isolation,plus_one_randomisation,True,ok,47.83132527694434,3.620330424286314,54.18007171519413,42.01059155671172,30.181899836178314,1.0,0.001,1.0,0.001,,,,,False,True,False,True,False,0.007071067811865475,0.007033435986021356,24,24,24,0,0.0,{},0.7934675975653419,0.6704022988505747,0.0,False,True,False,True,False,False,0.0,54.18007171519414,42.01059155671172,54.18007171519414,95.20833333333333,1.0356704816674585,0.02295637869628473,False,0.5047842301330832,False,0.04166666666666663,False,False,0.46075476555864037,0.04166666666666663,True,True,0.442426571352587,0.16123104589467804,6.59882622510253,False,opposite_direction
692,assignment_isolation,plus_one_randomisation,True,ok,36.81072487386928,4.142751938193324,43.346659354585796,29.809486402768968,29.01951015645096,1.0,0.001,1.0,0.001,,,,,False,True,False,True,False,0.007071067811865475,0.0070568073483700455,24,24,24,0,0.0,{},0.813556701030928,0.723314606741573,0.0,False,True,False,True,False,False,0.0,43.346659354585796,29.809486402768968,43.346659354585796,97.29166666666667,1.0099646299744531,0.04161905630288106,False,0.5128782316899183,False,0.015625,False,False,0.36483414078874193,0.015625,True,True,-0.09945519675033611,0.11957657971275551,6.118695102971908,False,opposite_direction
693,assignment_isolation,plus_one_randomisation,True,ok,45.09702600220252,4.356039719917639,52.80154098478636,38.2607789642216,30.008382599821186,1.0,0.001,1.0,0.001,,,,,False,True,False,True,False,0.007071067811865475,0.007070759358506533,24,24,24,0,0.0,{},0.8040841584158416,0.6957859848484849,0.0,False,True,False,True,False,False,0.0,52.80154098478636,38.2607789642216,52.80154098478636,96.375,1.041503767296374,0.03388023740336345,False,0.5179172065985815,False,0.012847222222222232,False,False,0.4334925684139638,0.012847222222222232,True,True,-0.12259164313561231,0.1715029183740995,6.023032269206271,False,opposite_direction
694,assignment_isolation,plus_one_randomisation,True,ok,37.431058329324024,3.2541515344081864,42.93736797513435,31.77291321364398,29.61105163950655,1.0,0.001,1.0,0.001,,,,,False,True,False,True,False,0.007071067811865475,0.007089086864609166,24,24,24,0,0.0,{},0.8159438434829058,0.6935132575757577,0.0,False,True,False,True,False,False,0.0,42.93736797513435,31.772913213643978,42.93736797513435,96.33333333333333,1.0301546517079332,0.004965679643136611,False,0.5346651170984871,False,0.025000000000000022,False,False,0.3636705768214883,0.025000000000000022,True,True,-0.20894556397230696,0.14684483319884303,5.198917414453709,False,opposite_direction
695,assignment_isolation,plus_one_randomisation,True,ok,44.5945344728843,3.1559086212261827,50.265057051912855,39.58009944670471,30.666934813871645,1.0,0.001,1.0,0.001,,,,,False,True,False,True,False,0.007071067811865475,0.007039446543502092,24,24,24,0,0.0,{},0.7787655856783344,0.7164874551971325,0.0,False,True,False,True,False,False,0.0,50.265057051912855,39.58009944670471,50.265057051912855,95.08333333333333,1.0525217736017234,0.029508952199487112,False,0.5308348185569616,False,0.03923611111111114,False,False,0.42447393393022675,0.03923611111111114,True,True,0.31725837970040965,0.14951664259703404,5.931382064236119,False,opposite_direction
696,assignment_isolation,plus_one_randomisation,True,ok,37.95558236518993,3.638694314957432,43.988459019111595,31.628404903330942,30.370877143738053,1.0,0.001,1.0,0.001,,,,,False,True,False,True,False,0.007071067811865475,0.007082363577982125,24,24,24,0,0.0,{},0.8142074649008539,0.7041193181818182,0.0,False,True,False,True,False,False,0.0,43.988459019111595,31.628404903330942,43.988459019111595,96.20833333333333,1.0549014826655276,0.002350626541408665,False,0.5391646686445887,False,0.015972222222222276,False,False,0.3599786951247092,0.015972222222222276,True,True,0.967792275385579,0.1417373971388497,6.658273335253021,False,opposite_direction
697,assignment_isolation,plus_one_randomisation,True,ok,37.28366046526593,2.982771670675159,42.194432537286794,31.90089159834047,30.28344803397296,1.0,0.001,1.0,0.001,,,,,False,True,False,True,False,0.007071067811865475,0.0070353635229801125,24,24,24,0,0.0,{},0.7972833870390261,0.6532520325203252,0.0,False,True,False,True,False,False,0.0,42.194432537286794,31.90089159834047,42.194432537286794,96.08333333333333,1.0442053151713988,0.0035501062267779943,False,0.5100014972269479,False,0.027430555555555514,False,False,0.35711333154681413,0.027430555555555514,True,True,-1.2719632455572196,0.2529707120999255,6.446811023204673,False,opposite_direction
698,assignment_isolation,plus_one_randomisation,True,ok,45.767012290535064,4.686085269812869,52.97359696594169,37.70727046780594,30.223143843625206,1.0,0.001,1.0,0.001,,,,,False,True,False,True,False,0.007071067811865475,0.0070978383450142745,24,24,24,0,0.0,{},0.82291598842467,0.7338709677419355,0.0,False,True,False,True,False,False,0.0,52.97359696594169,37.70727046780594,52.97359696594169,97.95833333333333,1.061589074154447,0.03439536294096616,False,0.5108680844099914,False,0.025694444444444353,False,False,0.4316780679197784,0.025694444444444353,True,True,-0.4222145898968375,0.1979144260357874,6.460476674650987,False,opposite_direction
699,assignment_isolation,plus_one_randomisation,True,ok,40.9936951260868,3.9153333984221215,47.436659033985705,33.80255049592259,29.983639542123324,1.0,0.001,1.0,0.001,,,,,False,True,False,True,False,0.007071067811865475,0.007037039148826988,24,24,24,0,0.0,{},0.7803784013605443,0.6863026819923375,0.0,False,True,False,True,False,False,0.0,47.436659033985705,33.80255049592259,47.436659033985705,95.16666666666667,1.0291691242662113,0.03321933511173068,False,0.5232224804662831,False,0.010069444444444353,False,False,0.39937420930545403,0.010069444444444353,True,True,0.47989453319040626,0.058596910704643436,6.146623414293865,False,opposite_direction
700,assignment_isolation,plus_one_randomisation,True,ok,42.15865506761998,3.552974621550543,49.18067292574069,37.09810768763267,29.994591809245907,1.0,0.001,1.0,0.001,,,,,False,True,False,True,False,0.007071067811865475,0.007077577617363033,24,24,24,0,0.0,{},0.7979470866360729,0.7320788530465949,0.0,False,True,False,True,False,False,0.0,49.18067292574069,37.09810768763267,49.18067292574069,96.125,1.040676571833452,0.004248656022732386,False,0.48876533450392684,False,0.007986111111111138,False,False,0.40616152315044635,0.007986111111111138,True,True,0.7977313837413141,0.09234401757890015,6.579971616882425,False,opposite_direction
701,assignment_isolation,plus_one_randomisation,True,ok,42.7130197091312,3.526221431136404,48.78072333943405,37.35510955349606,30.13026052017463,1.0,0.001,1.0,0.001,,,,,False,True,False,True,False,0.007071067811865475,0.007082600244500316,24,24,24,0,0.0,{},0.7952893518518518,0.7083333333333334,0.0,False,True,False,True,False,False,0.0,48.78072333943405,37.35510955349606,48.78072333943405,95.54166666666667,1.0429464921233549,0.021471621495014956,False,0.5059459033487455,False,0.011458333333333348,False,False,0.41056613345934956,0.011458333333333348,True,True,2.6426363057245963,0.24185589088842857,8.425968048757209,False,opposite_direction
702,assignment_isolation,plus_one_randomisation,True,ok,40.34941022051787,4.702194056626613,48.579199132005414,32.111132884438135,30.20704628577166,1.0,0.001,1.0,0.001,,,,,False,True,False,True,False,0.007071067811865475,0.007072881562039024,24,24,24,0,0.0,{},0.7809660350177307,0.6801204819277109,0.0,False,True,False,True,False,False,0.0,48.579199132005414,32.111132884438135,48.579199132005414,94.41666666666667,1.0380038946384624,0.01203092088124919,False,0.513302345866694,False,0.020486111111111094,False,False,0.38969629288961355,0.020486111111111094,True,True,1.8896165587394436,0.1637349120347868,7.1363422432069195,False,opposite_direction
703,assignment_isolation,plus_one_randomisation,True,ok,32.81814448038645,3.5388500608965554,39.076433154947026,26.941567780395314,29.697137220525814,1.0,0.001,1.0,0.001,,,,,False,True,False,False,True,0.007071067811865475,0.007067002822739994,24,24,24,0,0.0,{},0.7871527777777777,0.7248148148148147,0.0,False,True,False,False,False,False,0.0,39.076433154947026,26.941567780395314,39.076433154947026,94.41666666666667,1.019633713604651,0.030232884512782058,False,0.5150673146851945,False,0.029166666666666674,False,False,0.3199036876166246,0.029166666666666674,True,False,-0.9331078056684498,0.14665960103031,4.073381084640119,False,inconclusive
704,assignment_isolation,plus_one_randomisation,True,ok,42.08601898926745,4.329642041932115,49.6983640290788,34.82932433525976,30.668298760117388,1.0,0.001,1.0,0.001,,,,,False,True,False,True,False,0.007071067811865475,0.0070658657760051865,24,24,24,0,0.0,{},0.7927652138157896,0.7202107279693486,0.0,False,True,False,True,False,False,0.0,49.69836402907881,34.82932433525976,49.69836402907881,95.875,1.0609080906928177,0.013222979979705162,False,0.5285730054844741,False,0.010763888888888906,False,False,0.39774712978919524,0.010763888888888906,True,True,-0.942719042866381,0.12010990933408898,6.980220095235576,False,opposite_direction
705,assignment_isolation,plus_one_randomisation,True,ok,41.16758759705245,3.5403205159342477,46.84529509565326,34.44154586941299,30.240959274781318,1.0,0.001,1.0,0.001,,,,,False,True,False,True,False,0.007071067811865475,0.00706570431313583,24,24,24,0,0.0,{},0.7987482993197279,0.6179411764705881,0.0,False,True,False,True,False,False,0.0,46.84529509565326,34.44154586941299,46.84529509565326,95.33333333333333,1.043141961966354,0.024051144423500367,False,0.5063181410509694,False,0.011458333333333237,False,False,0.39568636806119567,0.011458333333333237,True,True,1.4717409610862033,0.19112450955652835,5.726442976175744,False,opposite_direction
706,assignment_isolation,plus_one_randomisation,True,ok,37.89268501437486,3.546707409073785,43.613282149308894,31.675599856891886,30.18800010533861,1.0,0.001,1.0,0.001,,,,,False,True,False,True,False,0.007071067811865475,0.00704912656103678,24,24,24,0,0.0,{},0.7893859649122807,0.7124537037037039,0.0,False,True,False,True,False,False,0.0,43.613282149308894,31.675599856891882,43.613282149308894,95.875,1.0418191682359081,0.02084096750341365,False,0.5227591394932775,False,0.017708333333333326,False,False,0.3640470203056432,0.017708333333333326,True,True,0.6626212296902381,0.1295179758331535,6.199725579646627,False,opposite_direction
707,assignment_isolation,plus_one_randomisation,True,ok,42.282805486609206,2.9526973755470904,47.22919766625156,37.03259381563471,29.49731516246046,1.0,0.001,1.0,0.001,,,,,False,True,False,True,False,0.007071067811865475,0.007014549271013071,24,24,24,0,0.0,{},0.7957916624995833,0.7207870370370372,0.0,False,True,False,True,False,False,0.0,47.22919766625156,37.03259381563471,47.22919766625156,97.375,1.0208830618175444,0.007353475582132768,False,0.4843338277049083,False,0.02187500000000009,False,False,0.4151489692435464,0.02187500000000009,True,True,0.9764698408282723,0.1393455122271846,5.266478576517644,False,opposite_direction
708,assignment_isolation,plus_one_randomisation,True,ok,40.111826384823495,5.146274649744668,48.79949175932784,30.899918784887454,30.805349399930424,1.0,0.001,1.0,0.001,,,,,False,True,False,True,False,0.007071067811865475,0.0070051931444262425,24,24,24,0,0.0,{},0.7802505147563488,0.6624537037037037,0.0,False,True,False,True,False,False,0.0,48.79949175932784,30.89991878488745,48.79949175932784,95.20833333333333,1.052819059904647,0.027682574680146923,False,0.5180624913369534,False,0.02256944444444442,False,False,0.3818354644080224,0.02256944444444442,True,True,-0.7508909908430371,0.09270320082410438,6.566289540419639,False,opposite_direction
709,assignment_isolation,plus_one_randomisation,True,ok,44.37415116911435,3.175764235259391,50.277707634804386,39.556171159541044,30.02453801452535,1.0,0.001,1.0,0.001,,,,,False,True,False,True,False,0.007071067811865475,0.007012521640228745,24,24,24,0,0.0,{},0.7832456140350879,0.7076086956521738,0.0,False,True,False,True,False,False,0.0,50.277707634804386,39.556171159541044,50.277707634804386,95.58333333333333,1.029228108506786,0.008166557090674988,False,0.5411103187087284,False,0.029166666666666563,False,False,0.431699443666799,0.029166666666666563,True,True,-1.592661999051073,0.1488452245563518,8.248629573356421,False,opposite_direction
710,assignment_isolation,plus_one_randomisation,True,ok,40.43537841631171,4.122944772841407,46.46484897980922,33.498296321255296,30.212101634118465,1.0,0.001,1.0,0.001,,,,,False,True,False,True,False,0.007071067811865475,0.007026161989390322,24,24,24,0,0.0,{},0.7912915166066424,0.6581395348837211,0.0,False,True,False,True,False,False,0.0,46.46484897980921,33.498296321255296,46.46484897980921,95.79166666666667,1.0388024480596723,0.024442159185232477,False,0.4922898626508739,False,0.015972222222222276,False,False,0.3902320005982851,0.015972222222222276,True,True,-1.0467299955147833,0.23396619212352593,6.093488847210729,False,opposite_direction
711,assignment_isolation,plus_one_randomisation,True,ok,41.6530361362256,4.41067589686621,49.13657007483837,34.01528181451326,30.248027471781953,1.0,0.001,1.0,0.001,,,,,False,True,False,True,False,0.007071067811865475,0.007086949482887897,24,24,24,0,0.0,{},0.7978947368421052,0.6886704119850188,0.0,False,True,False,True,False,False,0.0,49.13657007483837,34.01528181451326,49.13657007483837,95.58333333333333,1.0478943194555168,0.005097602355114873,False,0.5392399361162075,False,0.03437499999999993,False,False,0.39854546354801523,0.03437499999999993,True,True,-0.3668370609130047,0.11364000530675825,5.798364679046588,False,opposite_direction
712,assignment_isolation,plus_one_randomisation,True,ok,43.465333937914465,3.4943222956598903,50.17397427077675,37.614970241564336,29.82886462831118,1.0,0.001,1.0,0.001,,,,,False,True,False,True,False,0.007071067811865475,0.007080780040714514,24,24,24,0,0.0,{},0.813700993555317,0.7101799242424242,0.0,False,True,False,True,False,False,0.0,50.17397427077676,37.614970241564336,50.17397427077676,97.08333333333333,1.040543332513613,0.02032569622635274,False,0.5382025107663774,False,0.00868055555555558,False,False,0.4186300688349615,0.00868055555555558,True,True,0.6624688190128794,0.12468939357404815,4.2209250516117,False,opposite_direction
713,assignment_isolation,plus_one_randomisation,True,ok,36.89724628269275,3.6204866567108045,43.004835689413795,30.68048671460344,29.80974786860259,1.0,0.001,1.0,0.001,,,,,False,True,False,True,False,0.007071067811865475,0.0070352102574708355,24,24,24,0,0.0,{},0.7988723750369712,0.6302681992337166,0.0,False,True,False,True,False,False,0.0,43.004835689413795,30.680486714603443,43.004835689413795,95.41666666666667,1.0242772078061295,0.013135891374216465,False,0.5228181751023024,False,0.02777777777777768,False,False,0.3604210678771656,0.02777777777777768,True,True,-1.0764804616780133,0.142203163737237,5.6744090198321375,False,opposite_direction
714,assignment_isolation,plus_one_randomisation,True,ok,43.35706083900987,4.151578120470339,50.58742133306902,36.282493028977605,30.775609529398185,1.0,0.001,1.0,0.001,,,,,False,True,False,True,False,0.007071067811865475,0.007050982506916978,24,24,24,0,0.0,{},0.781786283891547,0.6812734082397005,0.0,False,True,False,True,False,False,0.0,50.58742133306902,36.282493028977605,50.58742133306902,95.16666666666667,1.058446067351151,0.03173584465954489,False,0.5140706814816268,False,0.017013888888888884,False,False,0.4106529068361142,0.017013888888888884,True,True,-0.6139686070353911,0.17692568517250643,6.611854294493875,False,opposite_direction
715,assignment_isolation,plus_one_randomisation,True,ok,38.202608879849976,4.1448368841773755,44.017853352575614,29.102317102291842,30.103902408131628,1.0,0.001,1.0,0.001,,,,,False,True,False,False,True,0.007071067811865475,0.007086451824005478,24,24,24,0,0.0,{},0.8009530141843972,0.7499999999999999,0.0,False,True,False,False,False,False,0.0,44.01785335257561,29.102317102291845,44.01785335257561,96.16666666666667,1.046005389258184,0.02575732242223909,False,0.5128022045620317,False,0.01666666666666672,False,False,0.36560994297908284,0.01666666666666672,True,False,-0.3840451027181953,0.18725683625280137,4.755783353486958,False,inconclusive
716,assignment_isolation,plus_one_randomisation,True,ok,36.569637668978594,2.88989236313974,41.8723217841473,31.655515330867466,30.74123223329592,1.0,0.001,1.0,0.001,,,,,False,True,False,True,False,0.007071067811865475,0.007026162341826842,24,24,24,0,0.0,{},0.7935606060606062,0.7067375886524825,0.0,False,True,False,True,False,False,0.0,41.8723217841473,31.655515330867463,41.8723217841473,95.79166666666667,1.0569959445021755,0.00922413865083747,False,0.48311345657029015,False,0.014236111111111116,False,False,0.345504692890469,0.014236111111111116,True,True,-0.010725452483362112,0.10773925324858859,6.726383472215773,False,opposite_direction
717,assignment_isolation,plus_one_randomisation,True,ok,40.83514495064008,4.531116929684058,48.41458806984471,32.494472737717345,29.97179133328019,1.0,0.001,1.0,0.001,,,,,False,True,False,True,False,0.007071067811865475,0.007064470311082966,24,24,24,0,0.0,{},0.7928763440860217,0.7101449275362319,0.0,False,True,False,True,False,False,0.0,48.41458806984471,32.494472737717345,48.41458806984471,95.375,1.0339024976333295,0.004094426288413562,False,0.5268524459492865,False,0.018750000000000044,False,False,0.3959999415880982,0.018750000000000044,True,True,-0.37654631445987247,0.12366266275703496,5.520789043953006,False,opposite_direction
718,assignment_isolation,plus_one_randomisation,True,ok,35.84967195851366,4.140496628559307,43.2513370033518,29.30381999215599,30.31151326326881,1.0,0.001,1.0,0.001,,,,,False,True,False,False,True,0.007071067811865475,0.007037984066970683,24,24,24,0,0.0,{},0.7891742176668648,0.7287545787545788,0.0,False,True,False,False,False,False,0.0,43.2513370033518,29.30381999215599,43.2513370033518,96.08333333333333,1.0455623417610975,0.01031210519044739,False,0.5202322878012192,False,0.030902777777777724,False,False,0.3422350704697257,0.030902777777777724,True,False,-3.040485780137984,0.25221545133225665,4.553907935451938,True,selection_limited
719,assignment_isolation,plus_one_randomisation,True,ok,42.43815274322471,4.4460144037339875,48.957306847744135,33.63455582347049,29.242881777220255,1.0,0.001,1.0,0.001,,,,,False,True,False,True,False,0.007071067811865475,0.007084066178756908,24,24,24,0,0.0,{},0.8049064597470983,0.6886704119850188,0.0,False,True,False,True,False,False,0.0,48.95730684774414,33.63455582347049,48.95730684774414,96.29166666666667,1.0164057994486189,0.011021139249463087,False,0.4959066348382459,False,0.020486111111111094,False,False,0.4184473857638725,0.020486111111111094,True,True,2.4038442593724874,0.2654837909898952,7.784142562783,False,opposite_direction
720,assignment_isolation,plus_one_randomisation,True,ok,39.52493149339389,4.149952871288384,46.94140068757428,32.46310596432136,30.209779292577004,1.0,0.001,1.0,0.001,,,,,False,True,False,True,False,0.007071067811865475,0.007045960875738582,24,24,24,0,0.0,{},0.7700636205899363,0.6870833333333333,0.0,False,True,False,True,False,False,0.0,46.94140068757428,32.46310596432136,46.94140068757428,94.66666666666667,1.0355148389887763,0.021246751531057744,False,0.5071759367942948,False,0.021874999999999978,False,False,0.38254910762264527,0.021874999999999978,True,True,-0.7257551716141168,0.11435903731090279,5.6686272326230185,False,opposite_direction
721,assignment_isolation,plus_one_randomisation,True,ok,37.87007386566652,3.999846529423051,44.115248009028875,30.429318616214765,30.237279209887774,1.0,0.001,1.0,0.001,,,,,False,True,False,True,False,0.007071067811865475,0.007078310167869581,24,24,24,0,0.0,{},0.813275989057239,0.6575842696629213,0.0,False,True,False,True,False,False,0.0,44.115248009028875,30.42931861621476,44.115248009028875,96.20833333333333,1.049660004368572,0.016671759422050285,False,0.5274657540370208,False,0.017013888888888884,False,False,0.36100063626602713,0.017013888888888884,True,True,0.7866730653475863,0.13370638417846387,5.631482716442107,False,opposite_direction
722,assignment_isolation,plus_one_randomisation,True,ok,42.84557187663379,4.04295655609373,50.196735125455604,36.070800214598044,30.061337084862934,1.0,0.001,1.0,0.001,,,,,False,True,False,True,False,0.007071067811865475,0.007072173425544888,24,24,24,0,0.0,{},0.7935505319148937,0.7333333333333335,0.0,False,True,False,True,False,False,0.0,50.196735125455604,36.070800214598044,50.196735125455604,96.08333333333333,1.041970036798413,0.004380175775157907,False,0.5298347362992935,False,0.007291666666666696,False,False,0.4122055425755715,0.007291666666666696,True,True,0.7656339930433228,0.06139510550187663,7.229410781522436,False,opposite_direction
723,assignment_isolation,plus_one_randomisation,True,ok,37.49080439512742,2.766476620734783,42.794345166833544,33.54441564927469,29.78633012181881,1.0,0.001,1.0,0.001,,,,,False,True,False,True,False,0.007071067811865475,0.007038800270206002,24,24,24,0,0.0,{},0.7899938127955084,0.729119850187266,0.0,False,True,False,True,False,False,0.0,42.794345166833544,33.54441564927469,42.794345166833544,95.83333333333333,1.026228193921694,0.02464315928459663,False,0.5304606616953338,False,0.02083333333333326,False,False,0.36571601943013443,0.02083333333333326,True,True,-1.6445839266333686,0.23402715052872938,5.617677139473202,False,opposite_direction
724,assignment_isolation,plus_one_randomisation,True,ok,38.91400043461027,4.642008523478896,47.06129978050231,30.543154997427138,30.43437701247553,1.0,0.001,1.0,0.001,,,,,False,True,False,True,False,0.007071067811865475,0.0071013805936302925,24,24,24,0,0.0,{},0.7848958333333333,0.670407196969697,0.0,False,True,False,True,False,False,0.0,47.06129978050231,30.543154997427138,47.06129978050231,94.5,1.0504928814671775,0.00822666236904565,False,0.5373693608429961,False,0.018402777777777768,False,False,0.3709980895647898,0.018402777777777768,True,True,-0.8913776429444737,0.16124928618381992,6.008114701465897,False,opposite_direction
725,assignment_isolation,plus_one_randomisation,True,ok,38.61358351435078,3.999337958428363,45.4143249923473,31.78819478056635,29.949276066576378,1.0,0.001,1.0,0.001,,,,,False,True,False,True,False,0.007071067811865475,0.0070833675099660496,24,24,24,0,0.0,{},0.8117929969017308,0.6541176470588236,0.0,False,True,False,True,False,False,0.0,45.4143249923473,31.788194780566347,45.4143249923473,96.875,1.0440035280273416,0.00837420879754866,False,0.4926327450410993,False,0.02951388888888895,False,False,0.37040488989982184,0.02951388888888895,True,True,-0.2209565205145476,0.12947247666273282,5.068748576981305,False,opposite_direction
726,assignment_isolation,plus_one_randomisation,True,ok,38.81476786212872,3.4939207112019535,45.26573478138031,33.34637512754517,29.324134890378232,1.0,0.001,1.0,0.001,,,,,False,True,False,True,False,0.007071067811865475,0.007060394216236987,24,24,24,0,0.0,{},0.8122807017543858,0.7000000000000001,0.0,False,True,False,True,False,False,0.0,45.26573478138031,33.34637512754517,45.26573478138031,97.45833333333333,1.0219594254480278,0.010697203295964219,False,0.5168612447546785,False,0.022916666666666696,False,False,0.3806223861756932,0.022916666666666696,True,True,-0.7889951988864382,0.20857549318593008,6.178584454694832,False,opposite_direction
727,assignment_isolation,plus_one_randomisation,True,ok,36.39831027806562,3.365066606400069,42.256395880682405,30.37087023660893,30.561196962373412,1.0,0.001,1.0,0.001,,,,,False,True,False,False,True,0.007071067811865475,0.007024122100353323,24,24,24,0,0.0,{},0.781140350877193,0.6649224806201551,0.0,False,True,False,False,False,False,0.0,42.256395880682405,30.370870236608926,42.256395880682405,95.29166666666667,1.0477553279374907,0.007328812609220719,False,0.527389556034617,False,0.030555555555555558,False,False,0.34699456388650507,0.030555555555555558,True,False,-1.8966231204533204,0.3837336805614101,5.075914575254676,False,inconclusive
728,assignment_isolation,plus_one_randomisation,True,ok,37.436829278032434,3.6345817163483907,43.158758032261815,31.04738473580891,30.159760265591675,1.0,0.001,1.0,0.001,,,,,False,True,False,True,False,0.007071067811865475,0.0070697475984040315,24,24,24,0,0.0,{},0.7945423641133651,0.6992424242424242,0.0,False,True,False,True,False,False,0.0,43.15875803226182,31.047384735808908,43.15875803226182,96.16666666666667,1.0454760295421655,0.021199757309464558,False,0.5150155851773123,False,0.0215277777777777,False,False,0.35818875944293993,0.0215277777777777,True,True,1.0784278742593683,0.1781146460423364,6.198674949990331,False,opposite_direction
729,assignment_isolation,plus_one_randomisation,True,ok,45.4701356687988,4.354328874099561,54.44247709007739,38.96522256181437,30.115287233227104,1.0,0.001,1.0,0.001,,,,,False,True,False,True,False,0.007071067811865475,0.007048740168666066,24,24,24,0,0.0,{},0.8023336883297008,0.7030219780219781,0.0,False,True,False,True,False,False,0.0,54.442477090077396,38.96522256181437,54.442477090077396,96.5,1.0426346951600443,0.03485606030300886,False,0.5105426878350929,False,0.020486111111111094,False,False,0.43648172022887144,0.020486111111111094,True,True,0.35195065890856114,0.16235638154195955,6.529982026430621,False,opposite_direction
730,assignment_isolation,plus_one_randomisation,True,ok,37.53330482721953,3.209041311022742,42.77321383644524,31.8880228396275,30.35183144151837,1.0,0.001,1.0,0.001,,,,,False,True,False,True,False,0.007071067811865475,0.0071180107952048535,24,24,24,0,0.0,{},0.7938898382638577,0.6620639534883719,0.0,False,True,False,True,False,False,0.0,42.773213836445244,31.8880228396275,42.773213836445244,94.91666666666667,1.0524095669052134,0.0013029160536130182,False,0.522491692665764,False,0.030208333333333393,False,False,0.3566840354525919,0.030208333333333393,True,True,0.5417615193978831,0.19431909924839164,5.059232591807853,False,opposite_direction
731,assignment_isolation,plus_one_randomisation,True,ok,39.12638981742998,3.3483057065478317,44.480232325677015,33.64065194288179,30.163987860598194,1.0,0.001,1.0,0.001,,,,,False,True,False,True,False,0.007071067811865475,0.007040084137467501,24,24,24,0,0.0,{},0.7966315576870188,0.7295880149812735,0.0,False,True,False,True,False,False,0.0,44.480232325677015,33.64065194288179,44.480232325677015,96.41666666666667,1.0425878695716537,0.020511178319996465,False,0.5044844779117479,False,0.021180555555555536,False,False,0.3759850651803359,0.021180555555555536,True,True,0.8744578519437459,0.1776543739734337,5.322274673884533,False,opposite_direction
732,assignment_isolation,plus_one_randomisation,True,ok,43.52827763624006,3.587571817707572,50.00904234375055,37.37508586272553,30.108771389922186,1.0,0.001,1.0,0.001,,,,,False,True,False,True,False,0.007071067811865475,0.0070917389866097715,24,24,24,0,0.0,{},0.8239282133811736,0.7279554263565893,0.0,False,True,False,True,False,False,0.0,50.00904234375056,37.37508586272553,50.00904234375056,97.70833333333333,1.0553137192552347,0.0033685801437690534,False,0.5124372500172272,False,0.01736111111111116,False,False,0.4134606957531688,0.01736111111111116,True,True,0.90874262668821,0.09640111317688257,7.787382608536661,False,opposite_direction
733,assignment_isolation,plus_one_randomisation,True,ok,40.9561438502924,3.1764882423716982,47.099698813836426,36.463364769008024,29.395728484312205,1.0,0.001,1.0,0.001,,,,,False,True,False,True,False,0.007071067811865475,0.007078604049479206,24,24,24,0,0.0,{},0.806418095588751,0.7204212454212455,0.0,False,True,False,True,False,False,0.0,47.099698813836426,36.463364769008024,47.099698813836426,96.16666666666667,1.0202676892955636,0.005172667975746943,False,0.5228343146902148,False,0.02013888888888893,False,False,0.4024864375182716,0.02013888888888893,True,True,-0.8873370900478865,0.07219747781682931,6.531611302761485,False,opposite_direction
734,assignment_isolation,plus_one_randomisation,True,ok,40.78336024993157,4.235619388691362,48.04746176019409,32.827021405682274,30.179587659076578,1.0,0.001,1.0,0.001,,,,,False,True,False,True,False,0.007071067811865475,0.007063440513355861,24,24,24,0,0.0,{},0.8012009935553169,0.6870588235294118,0.0,False,True,False,True,False,False,0.0,48.04746176019409,32.827021405682274,48.04746176019409,94.29166666666667,1.0349902395277202,0.004001018026796251,False,0.5094502252875522,False,0.002777777777777768,False,False,0.3950777418368893,0.002777777777777768,True,True,-0.7106154207445574,0.147803227649599,5.0527115778559475,False,opposite_direction
735,assignment_isolation,plus_one_randomisation,True,ok,41.25185026678307,3.534476868969476,46.37050919365283,34.42458962683168,29.585076161380442,1.0,0.001,1.0,0.001,,,,,False,True,False,True,False,0.007071067811865475,0.007085924958317071,24,24,24,0,0.0,{},0.8179310838885308,0.7287719298245615,0.0,False,True,False,True,False,False,0.0,46.37050919365283,34.42458962683168,46.37050919365283,97.29166666666667,1.0338965027653215,0.01466360672168603,False,0.5401432668300051,False,0.012152777777777679,False,False,0.40005185668019955,0.012152777777777679,True,True,2.291997971891764,0.21867284667202827,6.6709371716388395,False,opposite_direction
736,assignment_isolation,plus_one_randomisation,True,ok,45.8077461906254,4.578991495635092,53.52037139621255,38.27583001326195,29.924977101607364,1.0,0.001,1.0,0.001,,,,,False,True,False,True,False,0.007071067811865475,0.007061964865294858,24,24,24,0,0.0,{},0.7851413620743519,0.6916666666666668,0.0,False,True,False,True,False,False,0.0,53.520371396212546,38.27583001326195,53.520371396212546,95.95833333333333,1.035072408073289,0.02054494205302834,False,0.49376232216066634,False,0.009375000000000022,False,False,0.4426432582974357,0.009375000000000022,True,True,-0.9043393757121395,0.16276472834386285,6.3493567911568265,False,opposite_direction
737,assignment_isolation,plus_one_randomisation,True,ok,36.61024837736074,3.9156470739736386,43.93923094815665,30.416765024304972,30.13913141961442,1.0,0.001,1.0,0.001,,,,,False,True,False,True,False,0.007071067811865475,0.0070890414737336815,24,24,24,0,0.0,{},0.8096551646974578,0.7517926356589143,0.0,False,True,False,True,False,False,0.0,43.93923094815665,30.416765024304976,43.93923094815665,96.875,1.0514632822750838,0.01364451694865607,False,0.5218746347273715,False,0.02083333333333337,False,False,0.34782560189707024,0.02083333333333337,True,True,0.32272546677049296,0.10873899357510752,6.4265680711021,False,opposite_direction
738,assignment_isolation,plus_one_randomisation,True,ok,38.1348414472997,3.2477374279847635,44.36098137005138,33.02798045793314,29.413676504827986,1.0,0.001,1.0,0.001,,,,,False,True,False,True,False,0.007071067811865475,0.007059451428410687,24,24,24,0,0.0,{},0.7950947788493516,0.7159649122807017,0.0,False,True,False,True,False,False,0.0,44.36098137005138,33.02798045793314,44.36098137005138,96.125,1.017907810824841,0.005124116574141353,False,0.5175734607768426,False,0.01666666666666672,False,False,0.3753256301504558,0.01666666666666672,True,True,0.6269283383817685,0.0931827999948589,4.795559441825461,False,opposite_direction
739,assignment_isolation,plus_one_randomisation,True,ok,44.32796750184628,3.1471143988817754,49.82709167127106,38.98687321261946,30.073790569406523,1.0,0.001,1.0,0.001,,,,,False,True,False,True,False,0.007071067811865475,0.007079973325982983,24,24,24,0,0.0,{},0.7874561209030779,0.7279829545454545,0.0,False,True,False,True,False,False,0.0,49.82709167127106,38.98687321261946,49.82709167127106,95.70833333333333,1.0415129483471675,0.005939173856229755,False,0.5230591555504319,False,0.012847222222222232,False,False,0.42634202526810416,0.012847222222222232,True,True,-0.4664110891111724,0.12020720669103312,5.1496979189674725,False,opposite_direction
740,assignment_isolation,plus_one_randomisation,True,ok,40.483425522279425,4.562337297246364,48.28634916553005,32.84784441073319,29.704802126375945,1.0,0.001,1.0,0.001,,,,,False,True,False,True,False,0.007071067811865475,0.007100251591185737,24,24,24,0,0.0,{},0.7869224861160343,0.7029265873015873,0.0,False,True,False,True,False,False,0.0,48.28634916553005,32.84784441073319,48.28634916553005,94.25,1.0237904765274084,0.052949967639695845,False,0.48446006321942975,False,0.021527777777777812,False,False,0.3964686291585786,0.021527777777777812,True,True,-0.11229826781293079,0.05691601409713087,5.69097235651581,False,opposite_direction
741,assignment_isolation,plus_one_randomisation,True,ok,39.83503265431377,3.93260366691387,46.7857807771943,33.56810587727907,29.48320637577384,1.0,0.001,1.0,0.001,,,,,False,True,False,True,False,0.007071067811865475,0.007034883688887628,24,24,24,0,0.0,{},0.7978134896570312,0.7185648148148148,0.0,False,True,False,True,False,False,0.0,46.7857807771943,33.56810587727907,46.7857807771943,96.54166666666667,1.0189644541618665,0.007041332509594802,False,0.5347408494784454,False,0.02673611111111107,False,False,0.39193875549160384,0.02673611111111107,True,True,0.1954076285550818,0.18030096124428385,7.809980732166219,False,opposite_direction
742,assignment_isolation,plus_one_randomisation,True,ok,47.490680116233904,3.482696240438729,53.318874471931245,41.582400927552534,30.531910277520804,1.0,0.001,1.0,0.001,,,,,False,True,False,True,False,0.007071067811865475,0.007069001376044932,24,24,24,0,0.0,{},0.7951130319148936,0.6954022988505746,0.0,False,True,False,True,False,False,0.0,53.318874471931245,41.582400927552534,53.318874471931245,95.41666666666667,1.0541299879075308,0.005246834052097538,False,0.5113914274861227,False,0.03472222222222221,False,False,0.4501815137076687,0.03472222222222221,True,True,-0.9136143015924635,0.21420560445210196,5.722695052044902,False,opposite_direction
743,assignment_isolation,plus_one_randomisation,True,ok,41.87927537532817,3.497241645231931,48.03430776199108,36.11302250923417,29.904807573344485,1.0,0.001,1.0,0.001,,,,,False,True,False,True,False,0.007071067811865475,0.0070726732132728185,24,24,24,0,0.0,{},0.8059774659863945,0.7280465949820786,0.0,False,True,False,True,False,False,0.0,48.03430776199108,36.11302250923417,48.03430776199108,96.75,1.0402077754438994,0.004191548662919099,False,0.5159408898396219,False,0.014930555555555558,False,False,0.40366506340017383,0.014930555555555558,True,True,0.933058776936718,0.17270356938234763,7.028165786857985,False,opposite_direction
744,assignment_isolation,plus_one_randomisation,True,ok,27.24286212982015,4.145188406396057,34.31832614532526,20.500163653943208,29.72163250521304,1.0,0.001,1.0,0.001,,,,,False,True,False,False,True,0.007071067811865475,0.007015142639538679,24,24,24,0,0.0,{},0.8156352124183006,0.6678571428571428,0.0,False,True,False,False,False,False,0.0,34.31832614532526,20.500163653943208,34.31832614532526,97.33333333333333,1.028513434207551,0.011749162908733566,False,0.5231232965190435,False,0.029166666666666674,False,False,0.25810957715429045,0.029166666666666674,True,False,0.8854437525203976,0.13032225782836743,5.033625569755394,False,inconclusive
745,assignment_isolation,plus_one_randomisation,True,ok,34.34288818748925,3.90835044772665,40.769394788833196,27.204421637887766,29.84151730500448,1.0,0.001,1.0,0.001,,,,,False,True,False,False,True,0.007071067811865475,0.00704087785431896,24,24,24,0,0.0,{},0.7886087843642611,0.7029829545454546,0.0,False,True,False,False,False,False,0.0,40.769394788833196,27.204421637887766,40.769394788833196,96.20833333333333,1.0304432089483084,0.0028217575433478717,False,0.5179690481144469,False,0.018749999999999933,False,False,0.3320801531922977,0.018749999999999933,True,False,-1.481262863774351,0.17248464879840517,5.059308544946069,False,inconclusive
746,assignment_isolation,plus_one_randomisation,True,ok,46.5330817119602,3.1150630250287765,52.67729794540422,41.928654463667485,30.555898935303542,1.0,0.001,1.0,0.001,,,,,False,True,False,True,False,0.007071067811865475,0.007051724856763648,24,24,24,0,0.0,{},0.7951420230675549,0.7124542124542125,0.0,False,True,False,True,False,False,0.0,52.67729794540421,41.928654463667485,52.67729794540421,96.20833333333333,1.056736658699816,0.009480267421911989,False,0.5104905887434424,False,0.007291666666666696,False,False,0.44053824756794385,0.007291666666666696,True,True,-0.12673026237975032,0.07730436618840655,6.456598620393619,False,opposite_direction
747,assignment_isolation,plus_one_randomisation,True,ok,45.023436177197745,3.4528594787784,50.60476379218125,38.92069067371849,30.967142123065003,1.0,0.001,1.0,0.001,,,,,False,True,False,True,False,0.007071067811865475,0.007016183367314409,24,24,24,0,0.0,{},0.7882080800997349,0.7113553113553116,0.0,False,True,False,True,False,False,0.0,50.60476379218125,38.92069067371849,50.60476379218125,95.79166666666667,1.0632513117120042,0.019537363345418078,False,0.5168594060651529,False,0.026388888888888906,False,False,0.42423832223850017,0.026388888888888906,True,True,0.2873595755939975,0.1836721052687332,6.00514902889292,False,opposite_direction
748,assignment_isolation,plus_one_randomisation,True,ok,42.72900579091773,4.126549414014709,49.42630713303086,35.67910714084075,29.82824505356514,1.0,0.001,1.0,0.001,,,,,False,True,False,True,False,0.007071067811865475,0.007041382363679718,24,24,24,0,0.0,{},0.7977253401360543,0.6870879120879121,0.0,False,True,False,True,False,False,0.0,49.42630713303086,35.67910714084075,49.42630713303086,96.54166666666667,1.0318415950133857,0.015650351890159724,False,0.5107799905841418,False,0.018402777777777768,False,False,0.4150756119792227,0.018402777777777768,True,True,0.17453141978130707,0.1483902592266366,7.469714075857505,False,opposite_direction
749,assignment_isolation,plus_one_randomisation,True,ok,43.37330542129203,4.050121472973183,49.63645084652484,35.907336520356694,30.101389158610488,1.0,0.001,1.0,0.001,,,,,False,True,False,True,False,0.007071067811865475,0.007059903976832508,24,24,24,0,0.0,{},0.7889482821637426,0.6833333333333332,0.0,False,True,False,True,False,False,0.0,49.63645084652484,35.907336520356694,49.63645084652484,95.20833333333333,1.0367948189868947,0.01434553500393025,False,0.5054342864700286,False,0.01736111111111116,False,False,0.41924101977906525,0.01736111111111116,True,True,-2.051155694263331,0.2267514359940079,6.471748134930931,False,opposite_direction
750,assignment_isolation,plus_one_randomisation,True,ok,44.986838849581154,4.803538615946957,53.75911230998031,37.38661610433314,30.362127529119697,1.0,0.001,1.0,0.001,,,,,False,True,False,True,False,0.007071067811865475,0.007036728569175257,24,24,24,0,0.0,{},0.7912371134020618,0.7304029304029304,0.0,False,True,False,True,False,False,0.0,53.75911230998031,37.38661610433314,53.75911230998031,97.41666666666667,1.0543617350542556,0.03335636007172793,False,0.5301648221820822,False,0.01666666666666672,False,False,0.4273743157151215,0.01666666666666672,True,True,1.352366946180721,0.22622108897756904,6.695623252455951,False,opposite_direction
751,assignment_isolation,plus_one_randomisation,True,ok,44.61280717835049,4.6041903492099046,53.49562559260451,36.98418812390508,30.586692482567784,1.0,0.001,1.0,0.001,,,,,False,True,False,True,False,0.007071067811865475,0.0070657467855434536,24,24,24,0,0.0,{},0.788771458215431,0.6787037037037036,0.0,False,True,False,True,False,False,0.0,53.49562559260451,36.98418812390508,53.49562559260451,94.75,1.0518412535862787,0.01772596440824705,False,0.4991115636340931,False,0.032638888888888884,False,False,0.42491028163848754,0.032638888888888884,True,True,0.4180903113040062,0.07804599376058186,6.618853990862525,False,opposite_direction
752,assignment_isolation,plus_one_randomisation,True,ok,36.008669579646835,3.6603172032773923,42.53745285606475,30.168871280324097,29.510996781570253,1.0,0.001,1.0,0.001,,,,,False,True,False,True,False,0.007071067811865475,0.007066562351279299,24,24,24,0,0.0,{},0.8182185374149659,0.6863918439716311,0.0,False,True,False,True,False,False,0.0,42.53745285606475,30.168871280324097,42.53745285606475,97.5,1.029590166944406,0.02568229346756368,False,0.5053807628565508,False,0.02430555555555558,False,False,0.34945775232185367,0.02430555555555558,True,True,-0.2815486843004001,0.17255905721205675,5.137288663004938,False,opposite_direction
753,assignment_isolation,plus_one_randomisation,True,ok,37.87000929239935,3.5695848796118894,43.757380931441865,32.03795499595177,29.46812215058306,1.0,0.001,1.0,0.001,,,,,False,True,False,True,False,0.007071067811865475,0.007086982888996139,24,24,24,0,0.0,{},0.7957256944444444,0.655232558139535,0.0,False,True,False,True,False,False,0.0,43.757380931441865,32.03795499595177,43.757380931441865,95.83333333333333,1.0222147589374209,0.03546371744963786,False,0.5021230725494457,False,0.01909722222222232,False,False,0.37103371998232265,0.01909722222222232,True,True,2.357043396877642,0.2264822172012393,7.215132271969865,False,opposite_direction
754,assignment_isolation,plus_one_randomisation,True,ok,39.222128626184166,3.4150058876728195,45.7993313461729,33.92976804138771,30.03319850153589,1.0,0.001,1.0,0.001,,,,,False,True,False,True,False,0.007071067811865475,0.007085141034017329,24,24,24,0,0.0,{},0.7931576614408361,0.6998084291187737,0.0,False,True,False,True,False,False,0.0,45.7993313461729,33.92976804138771,45.7993313461729,95.16666666666667,1.0379167468170785,0.0027473883093496,False,0.5045537400617265,False,0.018749999999999933,False,False,0.3786631669148345,0.018749999999999933,True,True,1.0870959723046438,0.12513417313954567,7.840381490863139,False,opposite_direction
755,assignment_isolation,plus_one_randomisation,True,ok,40.94764292588878,4.228106573542776,47.18056931106073,32.981710197728695,29.757029749243745,1.0,0.001,1.0,0.001,,,,,False,True,False,True,False,0.007071067811865475,0.007074705602115398,24,24,24,0,0.0,{},0.7940201333058474,0.7244565217391303,0.0,False,True,False,True,False,False,0.0,47.18056931106073,32.981710197728695,47.18056931106073,95.5,1.028654763780819,0.009834304479823832,False,0.5309611202365716,False,0.030555555555555558,False,False,0.3991248286916085,0.030555555555555558,True,True,-1.4451278859509502,0.18938566206370705,4.847662919694364,False,opposite_direction
756,assignment_isolation,plus_one_randomisation,True,ok,40.81261701296926,3.600864010628999,47.815456620668876,35.49623417564409,30.947713685006526,1.0,0.001,1.0,0.001,,,,,False,True,False,True,False,0.007071067811865475,0.007050313467493422,24,24,24,0,0.0,{},0.7946108620215762,0.7316287878787879,0.0,False,True,False,True,False,False,0.0,47.815456620668876,35.49623417564409,47.815456620668876,95.70833333333333,1.0672886185431023,0.009098027321049725,False,0.5144168041679795,False,0.011111111111111072,False,False,0.3832650683155703,0.011111111111111072,True,True,1.2978974577123281,0.1424263148161322,5.536018295991137,False,opposite_direction
757,assignment_isolation,plus_one_randomisation,True,ok,48.01629030334767,3.5960781558913752,54.24126968061411,41.66410951644229,30.67175222338566,1.0,0.001,1.0,0.001,,,,,False,True,False,True,False,0.007071067811865475,0.007009688564734856,24,24,24,0,0.0,{},0.7938106796116505,0.7164794007490637,0.0,False,True,False,True,False,False,0.0,54.24126968061412,41.66410951644229,54.24126968061412,96.33333333333333,1.055104823709295,0.009655344272657969,False,0.503847221908098,False,0.026736111111111183,False,False,0.45446609884548894,0.026736111111111183,True,True,-0.13346588988222471,0.10137670091427953,6.507672965510924,False,opposite_direction
758,assignment_isolation,plus_one_randomisation,True,ok,45.71065977316678,3.9424283135963085,52.6281591549293,39.48354229579262,30.372774190311656,1.0,0.001,1.0,0.001,,,,,False,True,False,True,False,0.007071067811865475,0.007029641378912883,24,24,24,0,0.0,{},0.8041247895622895,0.6868773946360152,0.0,False,True,False,True,False,False,0.0,52.6281591549293,39.48354229579262,52.6281591549293,96.08333333333333,1.046433576200371,0.033657261243947044,False,0.520818094690214,False,0.027430555555555514,False,False,0.43716779897383723,0.027430555555555514,True,True,-0.5722990584885133,0.1387205334342089,7.067111469950665,False,opposite_direction
759,assignment_isolation,plus_one_randomisation,True,ok,41.256000208388656,3.7143973500413296,47.3930144187704,34.1635575455982,30.123289541908534,1.0,0.001,1.0,0.001,,,,,False,True,False,True,False,0.007071067811865475,0.007065487960836806,24,24,24,0,0.0,{},0.8079579955293095,0.7519474637681158,0.0,False,True,False,True,False,False,0.0,47.3930144187704,34.1635575455982,47.3930144187704,97.20833333333333,1.049219394529855,0.03657634297865989,False,0.525976467213624,False,0.012847222222222232,False,False,0.39423152653921223,0.012847222222222232,True,True,-0.9585441395203039,0.3280189124006334,6.257036810687257,False,opposite_direction
760,assignment_isolation,plus_one_randomisation,True,ok,40.45602753944027,4.428001591992253,48.178553103102594,33.66612418781588,29.97187389313258,1.0,0.001,1.0,0.001,,,,,False,True,False,True,False,0.007071067811865475,0.007070981014661974,24,24,24,0,0.0,{},0.7910964912280702,0.7207899305555555,0.0,False,True,False,True,False,False,0.0,48.178553103102594,33.66612418781588,48.178553103102594,95.625,1.0362136196921556,0.0026013956856139166,False,0.51047753599031,False,0.02083333333333337,False,False,0.39141814743605025,0.02083333333333337,True,True,1.3207043296295626,0.20477029906469216,7.3089525991354565,False,opposite_direction
761,assignment_isolation,plus_one_randomisation,True,ok,39.61315685613981,3.743217305728412,45.72355947375059,33.31683556354046,30.08152286989758,1.0,0.001,1.0,0.001,,,,,False,True,False,True,False,0.007071067811865475,0.007100969071976937,24,24,24,0,0.0,{},0.7958333333333334,0.6666666666666666,0.0,False,True,False,True,False,False,0.0,45.72355947375059,33.31683556354046,45.72355947375059,95.95833333333333,1.0462339100970237,0.0567339502815627,False,0.504410820156767,False,0.023611111111111138,False,False,0.3794140976359242,0.023611111111111138,True,True,0.8669411334634568,0.07229188448076956,5.873048655698978,False,opposite_direction
762,assignment_isolation,plus_one_randomisation,True,ok,38.73458035213533,3.711569969429932,44.84161842878079,32.27384169132989,30.123489500510114,1.0,0.001,1.0,0.001,,,,,False,True,False,True,False,0.007071067811865475,0.007073507522923148,24,24,24,0,0.0,{},0.7686386064593304,0.7149425287356324,0.0,False,True,False,True,False,False,0.0,44.841618428780784,32.27384169132989,44.841618428780784,93.33333333333333,1.0292680490706945,0.00806153354475067,False,0.5558140777180236,False,0.01215277777777779,False,False,0.3770625511560013,0.01215277777777779,True,True,0.47120200049395655,0.06831836113806997,8.927630011990361,False,opposite_direction
763,assignment_isolation,plus_one_randomisation,True,ok,37.851430887466364,3.286658273397672,44.017486097382836,32.43786144175799,30.081016080880534,1.0,0.001,1.0,0.001,,,,,False,True,False,True,False,0.007071067811865475,0.007056262482136524,24,24,24,0,0.0,{},0.7821974734042552,0.6867647058823529,0.0,False,True,False,True,False,False,0.0,44.017486097382836,32.43786144175799,44.017486097382836,95.70833333333333,1.0382743148095452,0.0019971598426120865,False,0.5273719370409856,False,0.009722222222222188,False,False,0.3649228966549835,0.009722222222222188,True,True,0.561698035837378,0.19042881372231604,6.4068483517870245,False,opposite_direction
764,assignment_isolation,plus_one_randomisation,True,ok,39.09402273362156,3.6490679668536443,45.481572707142405,32.83347736028446,30.471630441884322,1.0,0.001,1.0,0.001,,,,,False,True,False,True,False,0.007071067811865475,0.00710274367069723,24,24,24,0,0.0,{},0.8039382212769309,0.7483695652173913,0.0,False,True,False,True,False,False,0.0,45.48157270714241,32.83347736028446,45.48157270714241,96.16666666666667,1.0612168085011837,0.018362530044669874,False,0.5172320748111702,False,0.023611111111111138,False,False,0.368884831967422,0.023611111111111138,True,True,-1.0318021141071905,0.09170326090231165,7.209331811797612,False,opposite_direction
765,assignment_isolation,plus_one_randomisation,True,ok,38.145300026854635,3.7695131209622414,44.767355946922,31.308696156404334,30.518129000353394,1.0,0.001,1.0,0.001,,,,,False,True,False,True,False,0.007071067811865475,0.0070628400267675456,24,24,24,0,0.0,{},0.810142006802721,0.7000000000000001,0.0,False,True,False,True,False,False,0.0,44.767355946922,31.308696156404334,44.767355946922,97.33333333333333,1.063256574402117,0.02007569964482121,False,0.5072939281529444,False,0.020486111111111094,False,False,0.35889236695496846,0.020486111111111094,True,True,1.270446138589342,0.19411904293535992,6.567659381886803,False,opposite_direction
766,assignment_isolation,plus_one_randomisation,True,ok,37.36763196474653,3.334564031324959,43.964601521259,32.26951415155086,29.904245985469913,1.0,0.001,1.0,0.001,,,,,False,True,False,True,False,0.007071067811865475,0.007103726248740194,24,24,24,0,0.0,{},0.8114142305107527,0.7289930555555555,0.0,False,True,False,True,False,False,0.0,43.964601521259,32.26951415155086,43.964601521259,96.0,1.040697938572605,0.009521589783081064,False,0.5026570231238734,False,0.017708333333333326,False,False,0.35920914994640074,0.017708333333333326,True,True,-1.0686812015014195,0.20055468874804772,3.878223305080315,False,opposite_direction
767,assignment_isolation,plus_one_randomisation,True,ok,47.323238073402706,4.2994303539361365,54.27202771202943,39.674630557049426,30.980061323842055,1.0,0.001,1.0,0.001,,,,,False,True,False,True,False,0.007071067811865475,0.007052105240204756,24,24,24,0,0.0,{},0.7954526128633272,0.6867063492063492,0.0,False,True,False,True,False,False,0.0,54.27202771202943,39.674630557049426,54.27202771202943,95.33333333333333,1.066580038427548,0.010915049190328055,False,0.5220935518723469,False,0.006249999999999978,False,False,0.4437228769468384,0.006249999999999978,True,True,-0.8061646772873243,0.11007488704395303,7.042866719832832,False,opposite_direction
768,assignment_isolation,plus_one_randomisation,True,ok,39.13311031314106,3.907852899769227,46.6797618450714,32.93976048549005,30.272023462471115,1.0,0.001,1.0,0.001,,,,,False,True,False,True,False,0.007071067811865475,0.007054852067164717,24,24,24,0,0.0,{},0.784506900866577,0.6287306201550388,0.0,False,True,False,True,False,False,0.0,46.6797618450714,32.93976048549005,46.6797618450714,94.83333333333333,1.0398719779039007,0.01521159284765632,False,0.5086264419195522,False,0.010763888888888906,False,False,0.37705733177964595,0.010763888888888906,True,True,-0.3575139114800534,0.20185767806490462,4.266753977595045,False,opposite_direction
769,assignment_isolation,plus_one_randomisation,True,ok,37.02436315309743,4.059877008110271,43.920779394261814,29.828881205577705,29.904653535631997,1.0,0.001,1.0,0.001,,,,,False,True,False,False,True,0.007071067811865475,0.007079224262387943,24,24,24,0,0.0,{},0.8048250135648398,0.7164658634538152,0.0,False,True,False,False,False,False,0.0,43.920779394261814,29.828881205577705,43.920779394261814,96.20833333333333,1.0382472648435523,0.03205343022086047,False,0.5121966434594578,False,0.023958333333333304,False,False,0.35664527808991686,0.023958333333333304,True,False,0.7554500564039414,0.18237989382596062,5.404002419518348,False,inconclusive
770,assignment_isolation,plus_one_randomisation,True,ok,33.05930866513445,3.1656359844222304,38.14490084073619,27.23661125286348,30.03658237029319,1.0,0.001,1.0,0.001,,,,,False,True,False,False,True,0.007071067811865475,0.007018017794551616,24,24,24,0,0.0,{},0.7864825961179545,0.7287590579710145,0.0,False,True,False,False,False,False,0.0,38.14490084073619,27.23661125286348,38.14490084073619,95.95833333333333,1.032467366477921,0.031594450020516536,False,0.4929041692010064,False,0.02013888888888893,False,False,0.31812130202133115,0.02013888888888893,True,False,0.26805033366737757,0.20274403121903073,4.414060288230347,False,inconclusive
771,assignment_isolation,plus_one_randomisation,True,ok,42.88979284822317,3.9919089558256236,50.26017017009513,36.57132584776251,30.15671614931419,1.0,0.001,1.0,0.001,,,,,False,True,False,True,False,0.007071067811865475,0.007052453376056939,24,24,24,0,0.0,{},0.79472493899184,0.699290780141844,0.0,False,True,False,True,False,False,0.0,50.26017017009513,36.57132584776251,50.26017017009513,95.70833333333333,1.0403252823497289,0.003969757222484131,False,0.5064768146250676,False,0.025000000000000022,False,False,0.41326833045213346,0.025000000000000022,True,True,1.0174818769068412,0.16926408148827413,6.913128139917747,False,opposite_direction
772,assignment_isolation,plus_one_randomisation,True,ok,45.06469328420576,3.374565581639991,51.09146925998945,39.50079687191218,30.686090420124316,1.0,0.001,1.0,0.001,,,,,False,True,False,True,False,0.007071067811865475,0.007080342680029177,24,24,24,0,0.0,{},0.8095228852410528,0.7374542124542126,0.0,False,True,False,True,False,False,0.0,51.09146925998945,39.50079687191218,51.09146925998945,96.79166666666667,1.0687714064347495,0.031193767273698936,False,0.512322889576537,False,0.011458333333333348,False,False,0.42248057967804586,0.011458333333333348,True,True,-0.8795234806731578,0.10471556725472268,7.053541781449056,False,opposite_direction
773,assignment_isolation,plus_one_randomisation,True,ok,39.991960576288754,3.3306738463197787,45.560874106342126,33.70005254656358,29.7975496768612,1.0,0.001,1.0,0.001,,,,,False,True,False,True,False,0.007071067811865475,0.007033154000867425,24,24,24,0,0.0,{},0.7802808895297251,0.7041218637992831,0.0,False,True,False,True,False,False,0.0,45.56087410634213,33.70005254656358,45.56087410634213,96.125,1.0273510289375052,0.013758000252985163,False,0.5190420842035364,False,0.03402777777777777,False,False,0.39025495818504696,0.03402777777777777,True,True,0.09838875091754423,0.09775551483689977,5.911837576930527,False,opposite_direction
774,assignment_isolation,plus_one_randomisation,True,ok,41.1623723331731,2.3484170006783116,45.24962812135986,37.380365723921614,30.017138784458165,1.0,0.001,1.0,0.001,,,,,False,True,False,True,False,0.007071067811865475,0.007004878050178613,24,24,24,0,0.0,{},0.797378289473684,0.712087912087912,0.0,False,True,False,True,False,False,0.0,45.249628121359855,37.380365723921614,45.249628121359855,97.04166666666667,1.0356642851585462,0.02292259452795096,False,0.5225330420899691,False,0.027430555555555514,False,False,0.39850154952572014,0.027430555555555514,True,True,-0.5760341675658506,0.1841108037484179,6.009765392869947,False,opposite_direction
775,assignment_isolation,plus_one_randomisation,True,ok,42.565965030284644,3.9788835344117803,48.7851533987811,35.44033450022106,30.597180628934534,1.0,0.001,1.0,0.001,,,,,False,True,False,True,False,0.007071067811865475,0.007061878951473398,24,24,24,0,0.0,{},0.7995585430968726,0.7317028985507246,0.0,False,True,False,True,False,False,0.0,48.7851533987811,35.44033450022106,48.7851533987811,96.375,1.0606055104829057,0.006244196758635204,False,0.5149171076946066,False,0.025000000000000022,False,False,0.4023974150131115,0.025000000000000022,True,True,0.3472359613410279,0.219333701557395,5.68692489493549,False,opposite_direction
776,assignment_isolation,plus_one_randomisation,True,ok,41.309132737553405,3.9679094988109895,48.11991982350142,34.35292609308346,29.763849627464353,1.0,0.001,1.0,0.001,,,,,False,True,False,True,False,0.007071067811865475,0.007057640034875936,24,24,24,0,0.0,{},0.7905991137637909,0.7101532567049805,0.0,False,True,False,True,False,False,0.0,48.11991982350142,34.35292609308346,48.11991982350142,95.29166666666667,1.025288465342763,0.01888906235010529,False,0.5408795373671577,False,0.030208333333333393,False,False,0.40396225322441826,0.030208333333333393,True,True,0.19228372827742582,0.21440905133617214,6.013314591951761,False,opposite_direction
777,assignment_isolation,plus_one_randomisation,True,ok,42.65607173110709,3.5949409973782025,48.69307591539138,36.233686804470274,29.423225652732956,1.0,0.001,1.0,0.001,,,,,False,True,False,True,False,0.007071067811865475,0.007069955412829884,24,24,24,0,0.0,{},0.7914473684210526,0.7164772727272726,0.0,False,True,False,True,False,False,0.0,48.69307591539138,36.233686804470274,48.69307591539138,95.83333333333333,1.018205078561138,0.05397837416975313,False,0.5215199294266231,False,0.01388888888888895,False,False,0.41982315978596674,0.01388888888888895,True,True,-0.15611597617813036,0.21431455883087164,6.612585075591642,False,opposite_direction
778,assignment_isolation,plus_one_randomisation,True,ok,43.457191629712916,3.375673180026998,48.9108491577063,37.82313998535078,29.98894876064082,1.0,0.001,1.0,0.001,,,,,False,True,False,True,False,0.007071067811865475,0.007092603270994913,24,24,24,0,0.0,{},0.7963239734299516,0.7248148148148148,0.0,False,True,False,True,False,False,0.0,48.9108491577063,37.82313998535078,48.9108491577063,95.54166666666667,1.0395211288147344,0.009215848981236136,False,0.5084075861724955,False,0.028819444444444398,False,False,0.4189563228968175,0.028819444444444398,True,True,0.4462563989115882,0.08878528554124193,5.831461803386454,False,opposite_direction
779,assignment_isolation,plus_one_randomisation,True,ok,30.36022515523099,3.834304204309941,37.654288862629365,23.815199806941543,29.813407955334537,1.0,0.001,1.0,0.001,,,,,False,True,False,False,True,0.007071067811865475,0.007062834279930488,24,24,24,0,0.0,{},0.7915807560137458,0.6446078431372548,0.0,False,True,False,False,False,False,0.0,37.654288862629365,23.815199806941546,37.654288862629365,94.875,1.0255020617895012,0.0016961884351562966,False,0.5063392128365316,False,0.018055555555555602,False,False,0.2920937543211439,0.018055555555555602,True,False,-3.0867635400470648,0.19577654789456614,2.863273905126361,True,selection_limited
780,assignment_isolation,plus_one_randomisation,True,ok,45.561421358325504,4.5585136211260116,53.76776772530363,37.560413506613635,30.14212371574754,1.0,0.001,1.0,0.001,,,,,False,True,False,True,False,0.007071067811865475,0.007104710648820824,24,24,24,0,0.0,{},0.7809609261801265,0.7287500000000001,0.0,False,True,False,True,False,False,0.0,53.76776772530363,37.560413506613635,53.76776772530363,94.75,1.042269086682481,0.016920147278726587,False,0.5018430417290218,False,0.022916666666666696,False,False,0.43746830072038007,0.022916666666666696,True,True,2.628558584835711,0.23843712656849683,8.48997403794054,False,opposite_direction
781,assignment_isolation,plus_one_randomisation,True,ok,44.88917969926529,3.601863234413303,52.15354724488209,39.144693495805846,30.96024691480326,1.0,0.001,1.0,0.001,,,,,False,True,False,True,False,0.007071067811865475,0.0070194573086041654,24,24,24,0,0.0,{},0.7938193491191947,0.6491967871485943,0.0,False,True,False,True,False,False,0.0,52.1535472448821,39.144693495805846,52.1535472448821,95.16666666666667,1.060035441803547,0.04222228250322958,False,0.5088426477052096,False,0.017013888888888884,False,False,0.4242559771478094,0.017013888888888884,True,True,0.5392839296230628,0.16425416764968231,6.244512469219166,False,opposite_direction
782,assignment_isolation,plus_one_randomisation,True,ok,34.53660128899559,2.9501162207977885,39.39253973862403,29.620854665835296,29.326097472323948,1.0,0.001,1.0,0.001,,,,,False,True,False,True,False,0.007071067811865475,0.007106007017166529,24,24,24,0,0.0,{},0.797516835016835,0.7120639534883721,0.0,False,True,False,True,False,False,0.0,39.39253973862403,29.620854665835296,39.39253973862403,95.16666666666667,1.0164647890328036,0.010385955555178896,False,0.5092590641776759,False,0.031597222222222276,False,False,0.3389576788496581,0.031597222222222276,True,True,0.11735439324856585,0.13977551506014863,3.873228410722127,False,opposite_direction
783,assignment_isolation,plus_one_randomisation,True,ok,43.96201706741019,4.2486710389296665,50.46002838883267,36.60861021355753,30.85639819681468,1.0,0.001,1.0,0.001,,,,,False,True,False,True,False,0.007071067811865475,0.007063443499574824,24,24,24,0,0.0,{},0.7877975190412188,0.7136015325670497,0.0,False,True,False,True,False,False,0.0,50.460028388832676,36.60861021355753,50.460028388832676,95.0,1.0621687329982443,0.013536055256734757,False,0.49335307591080607,False,0.01041666666666674,False,False,0.4148635319415932,0.01041666666666674,True,True,1.3137750030681192,0.10126027824789369,6.611067123681427,False,opposite_direction
784,assignment_isolation,plus_one_randomisation,True,ok,41.37926164326377,4.595987320563827,48.33808191321584,33.138554713758325,30.032203833383644,1.0,0.001,1.0,0.001,,,,,False,True,False,True,False,0.007071067811865475,0.007043100038983902,24,24,24,0,0.0,{},0.7994472789115645,0.6732758620689656,0.0,False,True,False,True,False,False,0.0,48.33808191321584,33.138554713758325,48.33808191321584,95.83333333333333,1.0353313422900818,0.02409863688299172,False,0.5013234229607954,False,0.01909722222222232,False,False,0.4007310457339833,0.01909722222222232,True,True,0.03999095246476983,0.10353386517212894,6.571480830231087,False,opposite_direction
785,assignment_isolation,plus_one_randomisation,True,ok,40.57410861739916,2.763384121386186,45.08239619102454,35.19376311901926,29.85273313565992,1.0,0.001,1.0,0.001,,,,,False,True,False,True,False,0.007071067811865475,0.007076732925019415,24,24,24,0,0.0,{},0.8103105888820175,0.7253314393939394,0.0,False,True,False,True,False,False,0.0,45.08239619102454,35.19376311901926,45.08239619102454,96.70833333333333,1.0387687071731444,0.02333005111063667,False,0.5144185456520215,False,0.018750000000000044,False,False,0.3915966002995542,0.018750000000000044,True,True,-0.6805933905362294,0.18079527296980505,6.748259643712073,False,opposite_direction
786,assignment_isolation,plus_one_randomisation,True,ok,42.12395984754823,4.133769337284337,48.99776589185906,35.093612602477535,30.930000041797246,1.0,0.001,1.0,0.001,,,,,False,True,False,True,False,0.007071067811865475,0.007079215960277177,24,24,24,0,0.0,{},0.7991345749158247,0.7235648148148149,0.0,False,True,False,True,False,False,0.0,48.99776589185907,35.093612602477535,48.99776589185907,95.625,1.0705841521348058,0.02122137898278996,False,0.5216671793150329,False,0.01388888888888884,False,False,0.39449422165746517,0.01388888888888884,True,True,-1.3297904452984053,0.1391549765117258,5.193417754420887,False,opposite_direction
787,assignment_isolation,plus_one_randomisation,True,ok,45.85146975332535,4.385145190955354,52.99304898714943,38.1128930140819,30.510223961232644,1.0,0.001,1.0,0.001,,,,,False,True,False,True,False,0.007071067811865475,0.007029076135357796,24,24,24,0,0.0,{},0.7853079035973773,0.7084821428571427,0.0,False,True,False,True,False,False,0.0,52.99304898714943,38.1128930140819,52.99304898714943,95.70833333333333,1.0490314875098485,0.00040615612828344405,False,0.49449358536146665,False,0.023263888888888862,False,False,0.4374174975134089,0.023263888888888862,True,True,0.01372444059900709,0.09818161754596187,7.3519801858991745,False,opposite_direction
788,assignment_isolation,plus_one_randomisation,True,ok,32.80826615830235,3.0642785862102966,38.60321176984034,28.137953921500475,29.587100170166067,1.0,0.001,1.0,0.001,,,,,False,True,False,False,True,0.007071067811865475,0.007113512326344582,24,24,24,0,0.0,{},0.8097955500017353,0.6954819277108432,0.0,False,True,False,False,False,False,0.0,38.60321176984034,28.13795392150048,38.60321176984034,96.41666666666667,1.0333145656210683,0.018850722146163512,False,0.5290156211310107,False,0.034375000000000044,False,False,0.31523576065695047,0.034375000000000044,True,False,-0.7169651221941538,0.0792459456537858,4.6535470729122865,False,inconclusive
789,assignment_isolation,plus_one_randomisation,True,ok,37.95710605550249,3.3293871953169787,43.78277594163371,32.49710448912238,29.89194480658863,1.0,0.001,1.0,0.001,,,,,False,True,False,True,False,0.007071067811865475,0.007075086702152172,24,24,24,0,0.0,{},0.7842321908602152,0.724810606060606,0.0,False,True,False,True,False,False,0.0,43.78277594163371,32.49710448912238,43.78277594163371,95.25,1.0320207622079058,0.01200776396034273,False,0.5177711533750758,False,0.030902777777777835,False,False,0.3682702197069454,0.030902777777777835,True,True,0.6701782865912204,0.13469220511453942,6.15388859186459,False,opposite_direction
790,assignment_isolation,plus_one_randomisation,True,ok,41.84829353381502,3.362545595382569,47.499481326095236,36.37009529001357,31.40404465970063,1.0,0.001,1.0,0.001,,,,,False,True,False,True,False,0.007071067811865475,0.007068161985296366,24,24,24,0,0.0,{},0.7811350166687246,0.6241666666666665,0.0,False,True,False,True,False,False,0.0,47.499481326095236,36.37009529001357,47.499481326095236,93.45833333333333,1.0729292880366734,0.025371892407519706,False,0.5008287255720304,False,0.026736111111111183,False,False,0.3910296563379012,0.026736111111111183,True,True,0.9678560689094443,0.1320553313122604,5.419204458337149,False,opposite_direction
791,assignment_isolation,plus_one_randomisation,True,ok,41.82033988169899,3.5172096147452803,47.76043098125429,35.331102595010705,30.261482645596097,1.0,0.001,1.0,0.001,,,,,False,True,False,True,False,0.007071067811865475,0.007048983118611738,24,24,24,0,0.0,{},0.7914516663087057,0.712063953488372,0.0,False,True,False,True,False,False,0.0,47.760430981254295,35.331102595010705,47.760430981254295,95.66666666666667,1.0431986060557905,0.0032930551282076568,False,0.493656301030661,False,0.010069444444444353,False,False,0.4019465250628437,0.010069444444444353,True,True,0.008011069890620875,0.11888935626716113,6.176555275612274,False,opposite_direction
792,assignment_isolation,plus_one_randomisation,True,ok,41.442673694124544,4.468798540763618,49.62312483659373,34.185405066559724,30.302736895971474,1.0,0.001,1.0,0.001,,,,,False,True,False,True,False,0.007071067811865475,0.007063345555972627,24,24,24,0,0.0,{},0.8037800276360545,0.6870967741935484,0.0,False,True,False,True,False,False,0.0,49.62312483659374,34.185405066559724,49.62312483659374,95.91666666666667,1.0481160023162486,0.007616774990649342,False,0.5283929968093988,False,0.016666666666666607,False,False,0.3964431979576726,0.016666666666666607,True,True,0.40448891366857753,0.09214207137559483,4.846596821248563,False,opposite_direction
793,assignment_isolation,plus_one_randomisation,True,ok,37.873684567228395,3.819990942720114,43.88840116995832,30.7121136225324,29.602452992898854,1.0,0.001,1.0,0.001,,,,,False,True,False,True,False,0.007071067811865475,0.00707892688939378,24,24,24,0,0.0,{},0.8079532163742691,0.6966117216117215,0.0,False,True,False,True,False,False,0.0,43.88840116995832,30.7121136225324,43.88840116995832,96.41666666666667,1.0288242396991496,0.02254925982293235,False,0.5182362684669649,False,0.022222222222222254,False,False,0.3686132910698189,0.022222222222222254,True,True,-0.16292988611097428,0.09960801904486186,5.803842275893703,False,opposite_direction
794,assignment_isolation,plus_one_randomisation,True,ok,40.39366764103867,2.765088643665011,44.65339883399086,35.023931586658875,30.317852163491363,1.0,0.001,1.0,0.001,,,,,False,True,False,True,False,0.007071067811865475,0.007058437863868254,24,24,24,0,0.0,{},0.7892963591775137,0.6787202380952381,0.0,False,True,False,True,False,False,0.0,44.653398833990856,35.023931586658875,44.653398833990856,95.125,1.0435766808929217,0.007757721083161089,False,0.5219501378408276,False,0.02013888888888893,False,False,0.38802099871586676,0.02013888888888893,True,True,0.6161658119413554,0.13058372739977397,7.508317776451798,False,opposite_direction
795,assignment_isolation,plus_one_randomisation,True,ok,37.14438458161346,3.0764511541269632,41.99365850314553,31.759367995361245,29.74440952082125,1.0,0.001,1.0,0.001,,,,,False,True,False,True,False,0.007071067811865475,0.007065896146876048,24,24,24,0,0.0,{},0.8011363636363638,0.7317708333333334,0.0,False,True,False,True,False,False,0.0,41.99365850314553,31.759367995361245,41.99365850314553,95.875,1.0289524240111265,0.014043291106042244,False,0.5252952040748684,False,0.026388888888888906,False,False,0.3612170313063951,0.026388888888888906,True,True,0.040765465410677555,0.21399642244476072,6.036292739985843,False,opposite_direction
796,assignment_isolation,plus_one_randomisation,True,ok,43.155096502462335,3.7259480654032155,49.41620488677642,37.30131228397004,29.825675621565313,1.0,0.001,1.0,0.001,,,,,False,True,False,True,False,0.007071067811865475,0.0070413191351480576,24,24,24,0,0.0,{},0.7973247898391814,0.7159340659340662,0.0,False,True,False,True,False,False,0.0,49.41620488677642,37.30131228397004,49.41620488677642,96.45833333333333,1.0312980576111075,0.03523063617899757,False,0.5179975721348884,False,0.02604166666666674,False,False,0.41935269984815265,0.02604166666666674,True,True,0.424555055933049,0.2462123724774082,6.728357470960228,False,opposite_direction
797,assignment_isolation,plus_one_randomisation,True,ok,37.28139508877599,3.0391313196310183,42.741055852958254,32.53092184431246,30.140823459214445,1.0,0.001,1.0,0.001,,,,,False,True,False,True,False,0.007071067811865475,0.007064008070665967,24,24,24,0,0.0,{},0.799785657259884,0.6659003831417625,0.0,False,True,False,True,False,False,0.0,42.741055852958254,32.53092184431246,42.741055852958254,94.5,1.034885277400246,0.006261989113015306,False,0.5005781915873228,False,0.004513888888888817,False,False,0.3604413541548719,0.004513888888888817,True,True,-0.6190825286986408,0.23316360655807677,5.524256468717505,False,opposite_direction
798,assignment_isolation,plus_one_randomisation,True,ok,41.53719735129763,3.9926711264789256,49.029750046265704,34.42870827015343,30.646001996350233,1.0,0.001,1.0,0.001,,,,,False,True,False,True,False,0.007071067811865475,0.007049043807246657,24,24,24,0,0.0,{},0.7704234850294633,0.6957843137254904,0.0,False,True,False,True,False,False,0.0,49.02975004626571,34.42870827015343,49.02975004626571,94.79166666666667,1.0516206829133332,0.008018041707862475,False,0.4958988135360706,False,0.01388888888888895,False,False,0.3960215105052459,0.01388888888888895,True,True,-0.5517815876250992,0.05909712384344992,5.8884265547452035,False,opposite_direction
799,assignment_isolation,plus_one_randomisation,True,ok,38.52861333082753,4.411238976367599,46.71715789923536,31.62191697639732,30.30053205210296,1.0,0.001,1.0,0.001,,,,,False,True,False,True,False,0.007071067811865475,0.007082742097271345,24,24,24,0,0.0,{},0.8097028508771928,0.703021978021978,0.0,False,True,False,True,False,False,0.0,46.71715789923536,31.62191697639732,46.71715789923536,95.41666666666667,1.048175024423961,0.004642905995497221,False,0.5058412368195648,False,0.01909722222222232,False,False,0.3680469189903887,0.01909722222222232,True,True,1.58657566680674,0.17520151935021833,5.7743304847208785,False,opposite_direction
800,assignment_isolation,plus_one_randomisation,True,ok,43.70015319582777,4.493894410606805,50.91000785402277,35.239068778162334,30.866029123450918,1.0,0.001,1.0,0.001,,,,,False,True,False,True,False,0.007071067811865475,0.0070419368536706,24,24,24,0,0.0,{},0.805455326460481,0.7066287878787879,0.0,False,True,False,True,False,False,0.0,50.91000785402277,35.239068778162334,50.91000785402277,96.375,1.066903372261092,0.004469413050477314,False,0.5138675676981092,False,0.011111111111111183,False,False,0.4106218523619317,0.011111111111111183,True,True,-0.471953905140814,0.12050023736557078,6.617619347116097,False,opposite_direction
801,assignment_isolation,plus_one_randomisation,True,ok,45.91154038508213,4.3580895407730615,53.06907514587147,38.143579723378465,29.4798491928308,1.0,0.001,1.0,0.001,,,,,False,True,False,True,False,0.007071067811865475,0.007058164742324683,24,24,24,0,0.0,{},0.8143817204301076,0.7054659498207886,0.0,False,True,False,True,False,False,0.0,53.06907514587147,38.143579723378465,53.06907514587147,96.5,1.0219995613384032,0.0008438877188442233,False,0.517394116070097,False,0.014236111111111116,False,False,0.44896818784999265,0.014236111111111116,True,True,0.5179721685443651,0.12025900161869192,6.755779526425917,False,opposite_direction
802,assignment_isolation,plus_one_randomisation,True,ok,45.47806790694032,4.104202136426847,52.45387637916202,38.589514957584115,30.666175914864677,1.0,0.001,1.0,0.001,,,,,False,True,False,True,False,0.007071067811865475,0.0070694393997653105,24,24,24,0,0.0,{},0.8093855218855217,0.737037037037037,0.0,False,True,False,True,False,False,0.0,52.45387637916202,38.589514957584115,52.45387637916202,96.54166666666667,1.0650549104304503,0.016118453622287244,False,0.5126762946039612,False,0.018402777777777768,False,False,0.4276931711581824,0.018402777777777768,True,True,-0.47154815659226706,0.22570962027359773,6.625622286368336,False,opposite_direction
803,assignment_isolation,plus_one_randomisation,True,ok,44.46175434405732,4.191248352245915,51.44288566726609,37.026051152925014,30.91304502301749,1.0,0.001,1.0,0.001,,,,,False,True,False,True,False,0.007071067811865475,0.007071346552832192,24,24,24,0,0.0,{},0.8039557950640427,0.7075757575757575,0.0,False,True,False,True,False,False,0.0,51.44288566726609,37.026051152925014,51.44288566726609,96.91666666666667,1.076002168993794,0.002293735558077527,False,0.5321797025057833,False,0.015972222222222276,False,False,0.41419602087269597,0.015972222222222276,True,True,-0.38104210926581883,0.10534377019409101,6.995645882366094,False,opposite_direction
804,assignment_isolation,plus_one_randomisation,True,ok,37.41072622262144,3.16826524020432,42.7590439866312,31.78698295391827,29.98805670246915,1.0,0.001,1.0,0.001,,,,,False,True,False,True,False,0.007071067811865475,0.007032977429761707,24,24,24,0,0.0,{},0.7832742316784871,0.7420833333333333,0.0,False,True,False,True,False,False,0.0,42.759043986631205,31.78698295391827,42.759043986631205,96.16666666666667,1.034117369403248,0.02068866215825407,False,0.5297831436589093,False,0.030555555555555558,False,False,0.36202023264059857,0.030555555555555558,True,True,1.1913764171992545,0.18549820910928913,6.116811865762781,False,opposite_direction
805,assignment_isolation,plus_one_randomisation,True,ok,42.18875444107389,3.2240646824076493,47.46239718888682,37.30361562593684,30.07446704422102,1.0,0.001,1.0,0.001,,,,,False,True,False,True,False,0.007071067811865475,0.0070900789245112675,24,24,24,0,0.0,{},0.8118180065548486,0.7252422480620155,0.0,False,True,False,True,False,False,0.0,47.46239718888682,37.30361562593684,47.46239718888682,96.91666666666667,1.0495865292239606,0.03836397219662163,False,0.5169449871113936,False,0.039583333333333304,False,False,0.40301673446086195,0.039583333333333304,True,True,0.6830217729266561,0.15530178518085566,6.164194821225976,False,opposite_direction
806,assignment_isolation,plus_one_randomisation,True,ok,34.71231033954819,3.4554734671987504,40.69731584450855,28.854331066811746,30.46978988414982,1.0,0.001,1.0,0.001,,,,,False,True,False,False,True,0.007071067811865475,0.0070825951418391885,24,24,24,0,0.0,{},0.7826203004651873,0.6801587301587301,0.0,False,True,False,False,False,False,0.0,40.69731584450855,28.85433106681175,40.69731584450855,93.91666666666667,1.0456906285935759,0.0200096193303857,False,0.5165372589277994,False,0.008333333333333304,False,False,0.3306700933589998,0.008333333333333304,True,False,0.1734131499417349,0.07343917599628959,6.1122875965897565,False,inconclusive
807,assignment_isolation,plus_one_randomisation,True,ok,46.93099938371588,4.293580685569151,54.132694608452624,39.1877745681821,30.99335507157431,1.0,0.001,1.0,0.001,,,,,False,True,False,True,False,0.007071067811865475,0.007046327604437534,24,24,24,0,0.0,{},0.7909090909090908,0.6979400749063671,0.0,False,True,False,True,False,False,0.0,54.132694608452624,39.1877745681821,54.132694608452624,95.375,1.0663964790615077,0.004659097480220475,False,0.5144522464028073,False,0.012499999999999956,False,False,0.44029255804675177,0.012499999999999956,True,True,0.5526562013042672,0.1374079400542162,8.246720055731505,False,opposite_direction
808,assignment_isolation,plus_one_randomisation,True,ok,32.58774707208101,3.425338655163435,38.653020934252766,27.004795093757174,29.221508531655843,1.0,0.001,1.0,0.001,,,,,False,True,False,False,True,0.007071067811865475,0.0070600148451811775,24,24,24,0,0.0,{},0.8119470597517358,0.704119850187266,0.0,False,True,False,False,False,False,0.0,38.653020934252766,27.004795093757178,38.653020934252766,97.75,1.019850783371811,0.0028120027706399226,False,0.5183823960026843,False,0.009027777777777746,False,False,0.3174114135023871,0.009027777777777746,True,False,-0.9157901853035313,0.1767380864428288,5.111130966170616,False,inconclusive
809,assignment_isolation,plus_one_randomisation,True,ok,36.07478566238425,3.7068181966118883,42.00383674447474,28.987910482914682,29.964709421116183,1.0,0.001,1.0,0.001,,,,,False,True,False,False,True,0.007071067811865475,0.00702694558065917,24,24,24,0,0.0,{},0.7757293167793667,0.6914912280701754,0.0,False,True,False,False,False,False,0.0,42.00383674447474,28.987910482914682,42.00383674447474,95.29166666666667,1.0277183868405184,0.013391660432706997,False,0.5130365213209211,False,0.023611111111111138,False,False,0.35080088138014703,0.023611111111111138,True,False,-1.1653187107863179,0.2464058984236251,4.126370380911619,False,inconclusive
810,assignment_isolation,plus_one_randomisation,True,ok,40.65472765858232,3.8486721993111006,47.79870440068851,34.739420975871376,29.477353198519044,1.0,0.001,1.0,0.001,,,,,False,True,False,True,False,0.007071067811865475,0.007099786733697174,24,24,24,0,0.0,{},0.8206123875849967,0.6831275720164609,0.0,False,True,False,True,False,False,0.0,47.79870440068851,34.739420975871376,47.79870440068851,97.125,1.0312626974059471,0.0023613476780667097,False,0.5293058065650905,False,0.021180555555555536,False,False,0.3952560834584226,0.021180555555555536,True,True,-1.1172140283716072,0.24357674726353726,4.715555979084001,False,opposite_direction
811,assignment_isolation,plus_one_randomisation,True,ok,39.292189482165675,4.144703825113571,45.97541645024225,31.680982145323213,29.83371096986679,1.0,0.001,1.0,0.001,,,,,False,True,False,True,False,0.007071067811865475,0.007085408032556671,24,24,24,0,0.0,{},0.8101371790824917,0.7204119850187267,0.0,False,True,False,True,False,False,0.0,45.97541645024225,31.680982145323213,45.97541645024225,97.16666666666667,1.04183945367173,0.010455854984571996,False,0.5025921556392446,False,0.025347222222222188,False,False,0.3778943063259667,0.025347222222222188,True,True,-0.3316496303089765,0.16096544306327346,6.3000170560591595,False,opposite_direction
812,assignment_isolation,plus_one_randomisation,True,ok,39.915750601663156,3.564749729143992,45.40641262104037,32.73201966974857,30.838071446603802,1.0,0.001,1.0,0.001,,,,,False,True,False,True,False,0.007071067811865475,0.007052978776968656,24,24,24,0,0.0,{},0.8035971625492302,0.6630149812734083,0.0,False,True,False,True,False,False,0.0,45.40641262104037,32.73201966974857,45.40641262104037,96.0,1.0655293286759873,0.004529127754004027,False,0.5251903052154276,False,0.017708333333333326,False,False,0.37529495950045244,0.017708333333333326,True,True,0.660842752104372,0.18894019707848614,5.957326319470362,False,opposite_direction
813,assignment_isolation,plus_one_randomisation,True,ok,39.843852495892264,3.2278133640564506,46.410207046217906,35.07345580218762,30.25350967107931,1.0,0.001,1.0,0.001,,,,,False,True,False,True,False,0.007071067811865475,0.00707894150545408,24,24,24,0,0.0,{},0.7986595929373523,0.7233333333333334,0.0,False,True,False,True,False,False,0.0,46.4102070462179,35.07345580218762,46.4102070462179,95.5,1.0464434830728657,0.04472649675830308,False,0.5180686696466367,False,0.02847222222222212,False,False,0.38159079418943476,0.02847222222222212,True,True,0.2680371840546503,0.12658836803943993,5.613810971920645,False,opposite_direction
814,assignment_isolation,plus_one_randomisation,True,ok,43.509144326115006,3.549385974204966,50.33367221209251,38.5447401579615,30.351235272204175,1.0,0.001,1.0,0.001,,,,,False,True,False,True,False,0.007071067811865475,0.007054828558511541,24,24,24,0,0.0,{},0.799957478565726,0.7102059925093633,0.0,False,True,False,True,False,False,0.0,50.333672212092516,38.5447401579615,50.333672212092516,96.54166666666667,1.0519382231777317,0.01338697039874186,False,0.506875992541633,False,0.025000000000000022,False,False,0.4145875058156939,0.025000000000000022,True,True,-0.3478644817359317,0.1837113379999034,7.40603302120442,False,opposite_direction
815,assignment_isolation,plus_one_randomisation,True,ok,42.28982900513564,4.5864527515849085,49.83876360757553,33.407604265626716,30.625749981690717,1.0,0.001,1.0,0.001,,,,,False,True,False,True,False,0.007071067811865475,0.007071640749210475,24,24,24,0,0.0,{},0.798875926930729,0.7075581395348839,0.0,False,True,False,True,False,False,0.0,49.83876360757554,33.407604265626716,49.83876360757554,95.70833333333333,1.0593800826953004,0.008733283143317661,False,0.5084242602019939,False,0.03229166666666672,False,False,0.40025246380543644,0.03229166666666672,True,True,0.869917877884919,0.1864053796398004,6.412667746315158,False,opposite_direction
816,assignment_isolation,plus_one_randomisation,True,ok,41.17674486233174,4.370272444819297,48.28820822466426,31.90519910205841,29.510495186243293,1.0,0.001,1.0,0.001,,,,,False,True,False,True,False,0.007071067811865475,0.00708239415238587,24,24,24,0,0.0,{},0.816495686026936,0.7454071969696969,0.0,False,True,False,True,False,False,0.0,48.28820822466426,31.905199102058408,48.28820822466426,97.45833333333333,1.0316587928803342,0.01718742080117688,False,0.518496509826179,False,0.03784722222222214,False,False,0.4001896311581432,0.03784722222222214,True,True,-0.4105499896597326,0.13036534202454544,5.811493878395312,False,opposite_direction
817,assignment_isolation,plus_one_randomisation,True,ok,44.584250672695816,3.925916109039506,51.22870279269972,38.35590665225625,30.986352824575974,1.0,0.001,1.0,0.001,,,,,False,True,False,True,False,0.007071067811865475,0.007053858851339221,24,24,24,0,0.0,{},0.7845887373905331,0.6664772727272728,0.0,False,True,False,True,False,False,0.0,51.22870279269972,38.35590665225625,51.22870279269972,94.66666666666667,1.063324385469283,0.020725806033928523,False,0.5309833446921661,False,0.023263888888888862,False,False,0.42017317306395824,0.023263888888888862,True,True,1.890994467859202,0.2044517335887363,6.284856987141125,False,opposite_direction
818,assignment_isolation,plus_one_randomisation,True,ok,41.67490339863651,3.6082768718675116,48.099875721493085,35.92767260341988,29.760253189337416,1.0,0.001,1.0,0.001,,,,,False,True,False,True,False,0.007071067811865475,0.007093562059011001,24,24,24,0,0.0,{},0.8051640070921986,0.7254578754578754,0.0,False,True,False,True,False,False,0.0,48.099875721493085,35.92767260341988,48.099875721493085,96.0,1.0342049572360992,0.00443667770159402,False,0.5014500504417967,False,0.028124999999999956,False,False,0.40402521855211726,0.028124999999999956,True,True,-0.44041366681443594,0.1327544846062085,5.749219263764198,False,opposite_direction
819,assignment_isolation,plus_one_randomisation,True,ok,44.057954135273576,5.269415238948417,52.7027509629502,34.61206706165511,30.604438606283754,1.0,0.001,1.0,0.001,,,,,False,True,False,True,False,0.007071067811865475,0.007042718912638627,24,24,24,0,0.0,{},0.7892280701754384,0.6870689655172413,0.0,False,True,False,True,False,False,0.0,52.7027509629502,34.61206706165511,52.7027509629502,96.125,1.0566057102483863,0.0051792355783058346,False,0.5053146252098442,False,0.025347222222222188,False,False,0.41790201206339506,0.025347222222222188,True,True,-0.610969923981987,0.14959313573772048,6.241432148795146,False,opposite_direction
820,assignment_isolation,plus_one_randomisation,True,ok,42.115437908404,4.078203154688744,48.692316107360455,34.97637197143115,30.40564538357295,1.0,0.001,1.0,0.001,,,,,False,True,False,True,False,0.007071067811865475,0.007004719197866985,24,24,24,0,0.0,{},0.777948883161512,0.7083333333333334,0.0,False,True,False,True,False,False,0.0,48.692316107360455,34.97637197143115,48.692316107360455,94.625,1.0359001759591755,0.021579828336098457,False,0.5112858540848854,False,0.030902777777777724,False,False,0.40760513217908356,0.030902777777777724,True,True,1.060950108526848,0.23436094048165088,4.847287581910087,False,opposite_direction
821,assignment_isolation,plus_one_randomisation,True,ok,41.708055263717114,4.221519264915095,49.02743427205095,34.08707194897905,29.944981645943265,1.0,0.001,1.0,0.001,,,,,False,True,False,True,False,0.007071067811865475,0.007006394613284004,24,24,24,0,0.0,{},0.775936329588015,0.6833333333333333,0.0,False,True,False,True,False,False,0.0,49.02743427205095,34.08707194897905,49.02743427205095,95.91666666666667,1.0273908375862015,0.0050216407876970855,False,0.481739518577799,False,0.028819444444444398,False,False,0.4070104370595602,0.028819444444444398,True,True,0.6218851381671097,0.1298326350080997,5.733430940830172,False,opposite_direction
822,assignment_isolation,plus_one_randomisation,True,ok,39.83072849309709,3.7236492638438783,45.93847639190564,32.98679122745587,30.401180254729855,1.0,0.001,1.0,0.001,,,,,False,True,False,True,False,0.007071067811865475,0.007098591659947939,24,24,24,0,0.0,{},0.8179857150690939,0.7233516483516486,0.0,False,True,False,True,False,False,0.0,45.938476391905645,32.98679122745587,45.938476391905645,96.91666666666667,1.062262566763457,0.0007046366531624021,False,0.5403081021407192,False,0.020486111111111094,False,False,0.3756562031098203,0.020486111111111094,True,True,-0.19582041935204847,0.09251994333572215,5.734194269027731,False,opposite_direction
823,assignment_isolation,plus_one_randomisation,True,ok,42.19036800845419,3.40649541749643,48.57039382484476,36.304920296978345,30.23967036072171,1.0,0.001,1.0,0.001,,,,,False,True,False,True,False,0.007071067811865475,0.007099715462092558,24,24,24,0,0.0,{},0.8114220120614035,0.7166666666666667,0.0,False,True,False,True,False,False,0.0,48.57039382484476,36.304920296978345,48.57039382484476,96.5,1.0545123183807665,0.00478442166820766,False,0.50786546450027,False,0.03437499999999993,False,False,0.4011537038373025,0.03437499999999993,True,True,0.011968124870314843,0.13555118546903774,6.842648705516247,False,opposite_direction
824,assignment_isolation,plus_one_randomisation,True,ok,42.61348245146492,3.0782113749001723,47.33784032713656,36.74486695903218,29.80886056168797,1.0,0.001,1.0,0.001,,,,,False,True,False,True,False,0.007071067811865475,0.007055761945578756,24,24,24,0,0.0,{},0.7921893667861409,0.7414814814814814,0.0,False,True,False,True,False,False,0.0,47.337840327136554,36.74486695903218,47.337840327136554,97.54166666666667,1.0386145098276476,0.03077576799648597,False,0.5263976972424902,False,0.013541666666666563,False,False,0.4113088423502907,0.013541666666666563,True,True,-0.14769732146676842,0.12279032100624367,4.958995223803335,False,opposite_direction
825,assignment_isolation,plus_one_randomisation,True,ok,41.06771490550957,3.56543655655012,46.859914356516995,34.64947850921406,29.59250750107081,1.0,0.001,1.0,0.001,,,,,False,True,False,True,False,0.007071067811865475,0.007075579263560264,24,24,24,0,0.0,{},0.8103928795772826,0.7352314814814815,0.0,False,True,False,True,False,False,0.0,46.859914356517,34.64947850921406,46.859914356517,96.29166666666667,1.0273256298024303,0.004827189911678823,False,0.5301374105469648,False,0.020486111111111094,False,False,0.400813144641918,0.020486111111111094,True,True,0.9669016775354368,0.13799382212519642,6.546713559058525,False,opposite_direction
826,assignment_isolation,plus_one_randomisation,True,ok,43.97153243080356,3.016637204740911,49.47656241848997,38.97777362737856,30.70049947858937,1.0,0.001,1.0,0.001,,,,,False,True,False,True,False,0.007071067811865475,0.0070273998759842,24,24,24,0,0.0,{},0.7914955059335721,0.7221326164874553,0.0,False,True,False,True,False,False,0.0,49.47656241848997,38.97777362737856,49.47656241848997,96.125,1.057616672788894,0.016974808464968016,False,0.518737493396681,False,0.021527777777777812,False,False,0.4167067498504114,0.021527777777777812,True,True,0.8592233194539515,0.10433864077631823,7.129744192573174,False,opposite_direction
827,assignment_isolation,plus_one_randomisation,True,ok,36.34306021164563,3.413245174518496,42.121486370566025,30.120449822931796,29.613751171141754,1.0,0.001,1.0,0.001,,,,,False,True,False,True,False,0.007071067811865475,0.007088741070867515,24,24,24,0,0.0,{},0.8080955038265307,0.6849321705426357,0.0,False,True,False,True,False,False,0.0,42.121486370566025,30.1204498229318,42.121486370566025,95.91666666666667,1.0279679615038142,0.024883001272692117,False,0.5074338801649823,False,0.016666666666666607,False,False,0.3534453136636395,0.016666666666666607,True,True,-0.2517761181560073,0.13227527811386258,5.343037518793486,False,opposite_direction
828,assignment_isolation,plus_one_randomisation,True,ok,40.399469900029764,4.5738446048128285,48.408067914472305,32.75367335892314,30.176288758394577,1.0,0.001,1.0,0.001,,,,,False,True,False,True,False,0.007071067811865475,0.007075017530126238,24,24,24,0,0.0,{},0.8006944444444444,0.6901041666666667,0.0,False,True,False,True,False,False,0.0,48.408067914472305,32.75367335892314,48.408067914472305,95.20833333333333,1.0415996680469686,0.0033576388057990087,False,0.48325289696151275,False,0.02604166666666663,False,False,0.3888230178043334,0.02604166666666663,True,True,-0.4438626183618316,0.1795035768978885,4.994942700844983,False,opposite_direction
829,assignment_isolation,plus_one_randomisation,True,ok,44.45795890831997,4.100639474149604,50.791681562522264,36.23068792049876,30.33227209467816,1.0,0.001,1.0,0.001,,,,,False,True,False,True,False,0.007071067811865475,0.007035755600508327,24,24,24,0,0.0,{},0.7903882474042248,0.7125490196078432,0.0,False,True,False,True,False,False,0.0,50.791681562522264,36.23068792049876,50.791681562522264,95.625,1.0434494551716622,0.02246777555458635,False,0.5041040450915192,False,0.01736111111111116,False,False,0.4267851871656594,0.01736111111111116,True,True,2.080176969139751,0.1682191746321525,7.215250357354579,False,opposite_direction
830,assignment_isolation,plus_one_randomisation,True,ok,40.74310487977477,3.734311443130148,48.32601141579086,34.7312103104421,30.06408877028473,1.0,0.001,1.0,0.001,,,,,False,True,False,True,False,0.007071067811865475,0.007064103753498578,24,24,24,0,0.0,{},0.7998281604308389,0.6600980392156862,0.0,False,True,False,True,False,False,0.0,48.326011415790866,34.7312103104421,48.326011415790866,95.83333333333333,1.039521355851774,0.01020145424940605,False,0.5250545448397528,False,0.00868055555555547,False,False,0.3929539953252846,0.00868055555555547,True,True,0.956330437807082,0.14839086385053527,6.826877154564793,False,opposite_direction
831,assignment_isolation,plus_one_randomisation,True,ok,36.99517134074674,4.059659812788527,44.09874174117089,30.270747262462578,29.273772174635024,1.0,0.001,1.0,0.001,,,,,False,True,False,True,False,0.007071067811865475,0.007081865330934723,24,24,24,0,0.0,{},0.8177911605593549,0.703021978021978,0.0,False,True,False,True,False,False,0.0,44.09874174117089,30.270747262462578,44.09874174117089,96.5,1.018263117614683,0.026672910875913117,False,0.5010487514539884,False,0.014236111111111116,False,False,0.3636318062580808,0.014236111111111116,True,True,-1.503721332969186,0.16591489448070681,4.394469161648786,False,opposite_direction
832,assignment_isolation,plus_one_randomisation,True,ok,39.92054960982604,4.115109257612228,48.11389020688762,33.39346429104893,30.335113053337174,1.0,0.001,1.0,0.001,,,,,False,True,False,True,False,0.007071067811865475,0.007031264186204571,24,24,24,0,0.0,{},0.7892993683510638,0.6612599206349206,0.0,False,True,False,True,False,False,0.0,48.11389020688762,33.39346429104893,48.11389020688762,94.375,1.036042379086037,0.013622288331891344,False,0.5044335319524232,False,0.02083333333333337,False,False,0.3862411952717679,0.02083333333333337,True,True,0.2579555100194396,0.16743411603370462,5.436235166529987,False,opposite_direction
833,assignment_isolation,plus_one_randomisation,True,ok,37.0454040543868,4.532968264304692,44.32239641012892,29.169745212758997,30.298902163064923,1.0,0.001,1.0,0.001,,,,,False,True,False,False,True,0.007071067811865475,0.007046702515780264,24,24,24,0,0.0,{},0.7957897021198828,0.71505376344086,0.0,False,True,False,False,False,False,0.0,44.32239641012891,29.169745212758997,44.32239641012891,96.83333333333333,1.0504981109199487,0.03240788347734894,False,0.5061694565164069,False,0.023958333333333304,False,False,0.3525066847594495,0.023958333333333304,True,False,-0.3881485228467927,0.11932164538401797,5.109252545670375,False,inconclusive
834,assignment_isolation,plus_one_randomisation,True,ok,33.60910170632406,3.1133858990056402,39.25816054356266,28.415685667995977,29.84560670650082,1.0,0.001,1.0,0.001,,,,,False,True,False,False,True,0.007071067811865475,0.007063026935793022,24,24,24,0,0.0,{},0.8057257996632997,0.7400362318840579,0.0,False,True,False,False,False,False,0.0,39.25816054356266,28.415685667995977,39.25816054356266,96.5,1.0353923103269378,0.033193236701484184,False,0.4718097259284739,False,0.004861111111111094,False,False,0.3228335539923813,0.004861111111111094,True,False,-1.4733224260887188,0.13180965661534777,3.877400057544502,False,inconclusive
835,assignment_isolation,plus_one_randomisation,True,ok,37.243414844169955,3.122381167006223,42.44644540118918,31.508534546229633,29.583762917617292,1.0,0.001,1.0,0.001,,,,,False,True,False,True,False,0.007071067811865475,0.007105921032082922,24,24,24,0,0.0,{},0.8209649122807018,0.7369850187265917,0.0,False,True,False,True,False,False,0.0,42.44644540118918,31.50853454622963,42.44644540118918,96.33333333333333,1.0316493019427668,0.006142455757556316,False,0.4918219695823256,False,0.028472222222222232,False,False,0.3612339175873827,0.028472222222222232,True,True,0.586209758557119,0.13793408951627734,5.482960870112874,False,opposite_direction
836,assignment_isolation,plus_one_randomisation,True,ok,32.082415982143836,3.9789525915228947,38.266457180553125,24.92721796381788,29.995073709002256,1.0,0.001,1.0,0.001,,,,,False,True,False,False,True,0.007071067811865475,0.007095031491649613,24,24,24,0,0.0,{},0.8085667164550661,0.6899425287356322,0.0,False,True,False,False,False,False,0.0,38.266457180553125,24.92721796381788,38.266457180553125,95.54166666666667,1.0400894035004138,0.015499800627850594,False,0.5027951959140744,False,0.03194444444444444,False,False,0.30550682952018876,0.03194444444444444,True,False,-1.8545112892419169,0.20708855868930262,4.562679286363792,False,inconclusive
837,assignment_isolation,plus_one_randomisation,True,ok,38.59920551732414,4.590885618014219,46.798588650341074,30.645430332897632,29.70816127052563,1.0,0.001,1.0,0.001,,,,,False,True,False,True,False,0.007071067811865475,0.0070930902740911714,24,24,24,0,0.0,{},0.8103065459347292,0.7203972868217052,0.0,False,True,False,True,False,False,0.0,46.79858865034108,30.645430332897632,46.79858865034108,96.83333333333333,1.0367969365878724,0.040031479817834066,False,0.5121976495504831,False,0.021180555555555536,False,False,0.37291199754411086,0.021180555555555536,True,True,2.678889913934331,0.18295869431017875,7.188746023306147,False,opposite_direction
838,assignment_isolation,plus_one_randomisation,True,ok,38.79744215300259,2.352273161208712,43.02343324764171,35.3212579459683,30.245593688645084,1.0,0.001,1.0,0.001,,,,,False,True,False,True,False,0.007071067811865475,0.007049226019624276,24,24,24,0,0.0,{},0.7787751182033096,0.6831521739130436,0.0,False,True,False,True,False,False,0.0,43.02343324764171,35.3212579459683,43.02343324764171,94.08333333333333,1.0340222918131765,0.01116901925244368,False,0.5108579223299737,False,0.0336805555555556,False,False,0.3759106107503925,0.0336805555555556,True,True,-0.4092348958881788,0.08454483804852339,6.925445817670229,False,opposite_direction
839,assignment_isolation,plus_one_randomisation,True,ok,43.094675599494074,3.551960663231689,49.32100288160429,36.55582647142177,30.057822871885385,1.0,0.001,1.0,0.001,,,,,False,True,False,True,False,0.007071067811865475,0.0070865235122276405,24,24,24,0,0.0,{},0.79502688172043,0.7204166666666666,0.0,False,True,False,True,False,False,0.0,49.321002881604294,36.55582647142177,49.321002881604294,95.04166666666667,1.0382878677691623,0.008676104939432043,False,0.5217514689215594,False,0.014236111111111116,False,False,0.4160124332034957,0.014236111111111116,True,True,1.277634163686483,0.21704583333107189,7.18640778319699,False,opposite_direction
840,assignment_isolation,plus_one_randomisation,True,ok,39.99505413098867,3.9405721731367014,46.638182031742915,32.735458286492346,30.16299121497162,1.0,0.001,1.0,0.001,,,,,False,True,False,True,False,0.007071067811865475,0.007058415203686846,24,24,24,0,0.0,{},0.7853070175438597,0.7236263736263734,0.0,False,True,False,True,False,False,0.0,46.63818203174291,32.735458286492346,46.63818203174291,95.95833333333333,1.0427806452511672,0.011887587003293721,False,0.5099756162876896,False,0.016319444444444442,False,False,0.3844342097824913,0.016319444444444442,True,True,0.7451487806816909,0.08314939879426841,6.463530719117299,False,opposite_direction
841,assignment_isolation,plus_one_randomisation,True,ok,35.99323881540557,3.5300904386733363,41.37576079050244,29.663842897099748,29.203743911870827,1.0,0.001,1.0,0.001,,,,,False,True,False,True,False,0.007071067811865475,0.007068259301103648,24,24,24,0,0.0,{},0.8083333333333333,0.7242509363295881,0.0,False,True,False,True,False,False,0.0,41.37576079050244,29.663842897099745,41.37576079050244,97.16666666666667,1.0173717199721963,0.016646429410647166,False,0.5119691492951196,False,0.014930555555555558,False,False,0.3537003845017038,0.014930555555555558,True,True,-1.2825436207592595,0.14090566088951795,4.627963572685,False,opposite_direction
842,assignment_isolation,plus_one_randomisation,True,ok,41.963991798533954,3.83957209433107,48.90977492500553,35.90483371997562,29.701094005089587,1.0,0.001,1.0,0.001,,,,,False,True,False,True,False,0.007071067811865475,0.007108461865780985,24,24,24,0,0.0,{},0.8010309278350516,0.6902777777777779,0.0,False,True,False,True,False,False,0.0,48.90977492500553,35.90483371997562,48.90977492500553,95.16666666666667,1.0298180925558356,0.006019021454181733,False,0.5104514433378778,False,0.03680555555555565,False,False,0.4085298658300843,0.03680555555555565,True,True,0.2852889567645425,0.21076673490904121,7.227910551878052,False,opposite_direction
843,assignment_isolation,plus_one_randomisation,True,ok,39.566338439254935,3.717034344286115,46.353949492287846,33.78990079631674,30.0092627355194,1.0,0.001,1.0,0.001,,,,,False,True,False,True,False,0.007071067811865475,0.007064138900942971,24,24,24,0,0.0,{},0.799193754925138,0.6870786516853934,0.0,False,True,False,True,False,False,0.0,46.353949492287846,33.78990079631674,46.353949492287846,95.875,1.0378563546193047,0.02502862886517191,False,0.5086612799376823,False,0.035069444444444486,False,False,0.38207732979911513,0.035069444444444486,True,True,-0.48192427989249953,0.12618232536720286,3.3143595716636365,False,opposite_direction
844,assignment_isolation,plus_one_randomisation,True,ok,36.69157352698244,4.337918339439176,43.73621083003205,29.571632592210698,29.62788911785992,1.0,0.001,1.0,0.001,,,,,False,True,False,False,True,0.007071067811865475,0.007024199722582018,24,24,24,0,0.0,{},0.7912854747162021,0.7120689655172413,0.0,False,True,False,False,False,False,0.0,43.73621083003204,29.571632592210694,43.73621083003204,97.16666666666667,1.0257138476494854,0.019478401899225596,False,0.5067473404804028,False,0.028472222222222232,False,False,0.35780649034384643,0.028472222222222232,True,False,-0.05543230013808524,0.14220459400164914,5.156876200482909,False,inconclusive
845,assignment_isolation,plus_one_randomisation,True,ok,40.148327917726604,3.4374164334836164,46.729409449517426,34.52799235224975,29.647878250095108,1.0,0.001,1.0,0.001,,,,,False,True,False,True,False,0.007071067811865475,0.007087211014880563,24,24,24,0,0.0,{},0.8094255663430421,0.7207865168539327,0.0,False,True,False,True,False,False,0.0,46.729409449517426,34.52799235224975,46.729409449517426,95.66666666666667,1.0275886708540791,0.013335719388682497,False,0.4865382606700684,False,0.019444444444444486,False,False,0.39170397914494653,0.019444444444444486,True,True,0.39048139076751837,0.06542894488781155,6.181720853739937,False,opposite_direction
846,assignment_isolation,plus_one_randomisation,True,ok,38.6164017154108,2.9832799431738284,44.04885750812262,33.9374875357164,29.994647711077242,1.0,0.001,1.0,0.001,,,,,False,True,False,True,False,0.007071067811865475,0.007055447124326963,24,24,24,0,0.0,{},0.7848688497882047,0.6624503968253967,0.0,False,True,False,True,False,False,0.0,44.048857508122616,33.9374875357164,44.048857508122616,95.125,1.0320141362704682,0.049728089601014804,False,0.4957482884018383,False,0.013194444444444509,False,False,0.37485842912262923,0.013194444444444509,True,True,-0.2246414389865737,0.09333890230362013,5.904881919091848,False,opposite_direction
847,assignment_isolation,plus_one_randomisation,True,ok,40.6734695186174,2.663951080922983,45.2856602706682,36.148111630933435,30.484798703677278,1.0,0.001,1.0,0.001,,,,,False,True,False,True,False,0.007071067811865475,0.007027204688549484,24,24,24,0,0.0,{},0.7780814794718756,0.6956597222222222,0.0,False,True,False,True,False,False,0.0,45.28566027066821,36.148111630933435,45.28566027066821,95.25,1.0453661473899516,0.024382240548015497,False,0.5136532215184092,False,0.028124999999999956,False,False,0.3900633844971547,0.028124999999999956,True,True,0.2701184207646372,0.07706984563233142,5.960201680713292,False,opposite_direction
848,assignment_isolation,plus_one_randomisation,True,ok,46.48272651291345,4.372130929651133,53.640703768798055,39.039739704647545,31.427648707439147,1.0,0.001,1.0,0.001,,,,,False,True,False,True,False,0.007071067811865475,0.007092356612566999,24,24,24,0,0.0,{},0.7946322137650517,0.7020175438596492,0.0,False,True,False,True,False,False,0.0,53.640703768798055,39.039739704647545,53.640703768798055,94.875,1.0855463043627729,0.0044215344076086694,False,0.5141499644314672,False,0.03402777777777777,False,False,0.4288517925682763,0.03402777777777777,True,True,-1.0331576365518957,0.17286923683018457,5.471870769695643,False,opposite_direction
849,assignment_isolation,plus_one_randomisation,True,ok,44.060357344842224,4.676905595503997,51.831447277241836,35.80768839969252,30.31577159932543,1.0,0.001,1.0,0.001,,,,,False,True,False,True,False,0.007071067811865475,0.00706769703733765,24,24,24,0,0.0,{},0.7875915232487924,0.7159498207885303,0.0,False,True,False,True,False,False,0.0,51.831447277241836,35.80768839969252,51.831447277241836,94.41666666666667,1.0409764090422684,0.019588248215526148,False,0.5157322572128302,False,0.017013888888888884,False,False,0.4240524326734172,0.017013888888888884,True,True,-0.5746695590277696,0.11818031866387413,7.984324959646913,False,opposite_direction
850,assignment_isolation,plus_one_randomisation,True,ok,37.39192621698966,3.6489927730295904,43.58405970769765,31.403865347928683,30.971156233276066,1.0,0.001,1.0,0.001,,,,,False,True,False,True,False,0.007071067811865475,0.00706471146143702,24,24,24,0,0.0,{},0.8017973124300113,0.712087912087912,0.0,False,True,False,True,False,False,0.0,43.584059707697655,31.403865347928683,43.584059707697655,95.125,1.0670117138424025,0.03620604454972662,False,0.5270354350942956,False,0.009375000000000022,False,False,0.35019022811656664,0.009375000000000022,True,True,0.031091878482678505,0.12617183393614687,5.850914770612608,False,opposite_direction
851,assignment_isolation,plus_one_randomisation,True,ok,35.652263153159765,3.640355280150734,41.64227189421593,29.403578232035166,29.56811734131524,1.0,0.001,1.0,0.001,,,,,False,True,False,False,True,0.007071067811865475,0.007091376645375067,24,24,24,0,0.0,{},0.7978049242424241,0.6767647058823528,0.0,False,True,False,False,False,False,0.0,41.64227189421593,29.40357823203517,41.64227189421593,95.58333333333333,1.024979822457876,0.030656989474914388,False,0.5117596086019367,False,0.029166666666666563,False,False,0.3474577539672414,0.029166666666666563,True,False,0.13355870341780274,0.15621223159126207,6.868881396110693,False,inconclusive
852,assignment_isolation,plus_one_randomisation,True,ok,38.112411461467204,3.933824309009941,44.84967544580237,31.39472319132986,30.200983380913353,1.0,0.001,1.0,0.001,,,,,False,True,False,True,False,0.007071067811865475,0.007098389920781268,24,24,24,0,0.0,{},0.8159090909090909,0.7291208791208793,0.0,False,True,False,True,False,False,0.0,44.84967544580237,31.39472319132986,44.84967544580237,96.29166666666667,1.0518293677076243,0.014495005362223751,False,0.5272567429520323,False,0.030902777777777835,False,False,0.3626221169240794,0.030902777777777835,True,True,1.0541980977273155,0.25818935066531346,4.543687439670809,False,opposite_direction
853,assignment_isolation,plus_one_randomisation,True,ok,37.5501276504697,3.7920077768255718,44.003685194779166,30.881787287053356,29.138544468120166,1.0,0.001,1.0,0.001,,,,,False,True,False,True,False,0.007071067811865475,0.007090522430579545,24,24,24,0,0.0,{},0.8252603092783504,0.6785440613026817,0.0,False,True,False,True,False,False,0.0,44.003685194779166,30.881787287053356,44.003685194779166,97.16666666666667,1.0182976600596998,0.028461798518654633,False,0.5139530526338998,False,0.03402777777777777,False,False,0.36926223510499057,0.03402777777777777,True,True,1.3017418347897092,0.14765396829101113,5.152622494432939,False,opposite_direction
854,assignment_isolation,plus_one_randomisation,True,ok,44.0753482499141,4.525076032558186,53.43626158503235,37.289741089164515,30.108363901515695,1.0,0.001,1.0,0.001,,,,,False,True,False,True,False,0.007071067811865475,0.007087686133489165,24,24,24,0,0.0,{},0.8054541591961752,0.7166666666666667,0.0,False,True,False,True,False,False,0.0,53.43626158503235,37.289741089164515,53.43626158503235,95.625,1.043391662738365,0.043595773810898755,False,0.5152460937132827,False,0.02430555555555558,False,False,0.42323673563464637,0.02430555555555558,True,True,-0.009127512813969079,0.12009587073352707,6.661948608609412,False,opposite_direction
855,assignment_isolation,plus_one_randomisation,True,ok,38.64298310258429,4.073570319164948,45.09888499099909,31.200730872335487,29.789268014935047,1.0,0.001,1.0,0.001,,,,,False,True,False,True,False,0.007071067811865475,0.007071664694955555,24,24,24,0,0.0,{},0.8112672423156295,0.7041218637992828,0.0,False,True,False,True,False,False,0.0,45.09888499099909,31.200730872335487,45.09888499099909,96.04166666666667,1.0322415596396204,0.02076735292705515,False,0.5151538121728161,False,0.01041666666666663,False,False,0.37503836491702175,0.01041666666666663,True,True,-1.2077570620819977,0.13824431212296676,5.2290985675927875,False,opposite_direction
856,assignment_isolation,plus_one_randomisation,True,ok,33.752844299069146,3.109373023028224,40.04255227157536,28.812821274252393,29.716156991213257,1.0,0.001,1.0,0.001,,,,,False,True,False,False,True,0.007071067811865475,0.007083584756685193,24,24,24,0,0.0,{},0.8003436426116839,0.7248263888888891,0.0,False,True,False,False,False,False,0.0,40.04255227157536,28.81282127425239,40.04255227157536,96.16666666666667,1.0321148447710848,0.03387813279408637,False,0.503503079565121,False,0.02881944444444451,False,False,0.3254203750283206,0.02881944444444451,True,False,-2.0616203873249535,0.1677045267309167,5.081050456874651,False,inconclusive
857,assignment_isolation,plus_one_randomisation,True,ok,44.4553331795616,3.695978159917496,50.68445461607447,37.895048839577406,31.311635758102902,1.0,0.001,1.0,0.001,,,,,False,True,False,True,False,0.007071067811865475,0.007057882351531909,24,24,24,0,0.0,{},0.7812278368794328,0.6851799242424242,0.0,False,True,False,True,False,False,0.0,50.68445461607447,37.895048839577406,50.68445461607447,94.5,1.0741528366153523,0.02099963430652259,False,0.5406217652002068,False,0.028819444444444398,False,False,0.4148388110427605,0.028819444444444398,True,True,-0.2398227135538565,0.098184423496441,6.235198329014359,False,opposite_direction
858,assignment_isolation,plus_one_randomisation,True,ok,36.46868728625913,3.0939288406541503,41.843701255818864,30.676362745356688,29.566359362840004,1.0,0.001,1.0,0.001,,,,,False,True,False,True,False,0.007071067811865475,0.0070614977473715465,24,24,24,0,0.0,{},0.808020335793892,0.6816666666666666,0.0,False,True,False,True,False,False,0.0,41.843701255818864,30.676362745356688,41.843701255818864,96.83333333333333,1.027252297978145,0.004102792617504431,False,0.5467519640243851,False,0.028124999999999956,False,False,0.3549818796508893,0.028124999999999956,True,True,-0.24049532589232164,0.21144028789277935,6.12081234283416,False,opposite_direction
859,assignment_isolation,plus_one_randomisation,True,ok,42.58948014560932,4.077126007993094,49.97849873392119,36.09091109484913,30.10122040347387,1.0,0.001,1.0,0.001,,,,,False,True,False,True,False,0.007071067811865475,0.007037437890173393,24,24,24,0,0.0,{},0.7905225830533782,0.6920833333333333,0.0,False,True,False,True,False,False,0.0,49.97849873392119,36.09091109484913,49.97849873392119,95.375,1.0343939183228348,0.0020056894521610132,False,0.5035166885169783,False,0.021180555555555536,False,False,0.41273546611021783,0.021180555555555536,True,True,1.7396517873730122,0.11753894584943547,7.166699202079738,False,opposite_direction
860,assignment_isolation,plus_one_randomisation,True,ok,36.52188112692522,3.394867931941352,42.831044887235734,31.541523193876888,29.45158670160329,1.0,0.001,1.0,0.001,,,,,False,True,False,True,False,0.007071067811865475,0.007050645630314987,24,24,24,0,0.0,{},0.7882854864433815,0.6992753623188405,0.0,False,True,False,True,False,False,0.0,42.83104488723573,31.541523193876888,42.83104488723573,95.875,1.016623811215944,0.001071714668530087,False,0.5231591333967455,False,0.028124999999999956,False,False,0.3594003643541557,0.028124999999999956,True,True,-0.13496375634517052,0.06537254470467785,7.392134891040863,False,opposite_direction
861,assignment_isolation,plus_one_randomisation,True,ok,39.9035273909565,3.514028599563168,46.19642020027987,33.20858718026707,29.920575720389323,1.0,0.001,1.0,0.001,,,,,False,True,False,True,False,0.007071067811865475,0.007083649884472854,24,24,24,0,0.0,{},0.8078919178486998,0.6957854406130268,0.0,False,True,False,True,False,False,0.0,46.19642020027987,33.20858718026707,46.19642020027987,95.83333333333333,1.0374217166366553,0.006212445010298279,False,0.5142148544718884,False,0.015625,False,False,0.3855531341298932,0.015625,True,True,1.1943372842376845,0.13521367906874265,6.84102176516672,False,opposite_direction
862,assignment_isolation,plus_one_randomisation,True,ok,38.45495737549598,3.406907128116262,44.3810380349043,32.771934993948676,30.050950872451473,1.0,0.001,1.0,0.001,,,,,False,True,False,True,False,0.007071067811865475,0.007079672464602756,24,24,24,0,0.0,{},0.8018859649122807,0.7051587301587303,0.0,False,True,False,True,False,False,0.0,44.3810380349043,32.771934993948676,44.3810380349043,96.79166666666667,1.046550941542003,0.004593029922771307,False,0.49915108425317106,False,0.023263888888888973,False,False,0.36790899301060387,0.023263888888888973,True,True,-0.805549535253498,0.2224905895447192,4.596670889366775,False,opposite_direction
863,assignment_isolation,plus_one_randomisation,True,ok,29.96640392147142,3.9994491688073257,36.35329860511916,22.70824583505571,29.171753071895473,1.0,0.001,1.0,0.001,,,,,False,True,False,False,True,0.007071067811865475,0.007091097949523631,24,24,24,0,0.0,{},0.8097268960775799,0.7291213768115941,0.0,False,True,False,False,False,False,0.0,36.35329860511916,22.70824583505571,36.35329860511916,95.5,1.010759200528954,0.02010026897008329,False,0.5087192509935183,False,0.0253472222222223,False,False,0.29255114697782647,0.0253472222222223,True,False,-0.3233924334775064,0.18875617215830756,4.688218212133366,False,inconclusive
864,assignment_isolation,plus_one_randomisation,True,ok,36.703274156583994,3.4044472672086585,42.32511615200603,31.055190018110356,29.710115187638642,1.0,0.001,1.0,0.001,,,,,False,True,False,True,False,0.007071067811865475,0.00706356405949039,24,24,24,0,0.0,{},0.8081241319444445,0.6749999999999999,0.0,False,True,False,True,False,False,0.0,42.32511615200603,31.055190018110356,42.32511615200603,97.04166666666667,1.0336591454499016,0.014109444513831853,False,0.5173533101796198,False,0.011805555555555514,False,False,0.35505403519254775,0.011805555555555514,True,True,-0.441703970076135,0.1587181039409844,6.894164809272339,False,opposite_direction
865,assignment_isolation,plus_one_randomisation,True,ok,36.51129244948333,4.203503756885356,43.30341969910864,28.89833014473954,29.98519779598355,1.0,0.001,1.0,0.001,,,,,False,True,False,False,True,0.007071067811865475,0.007064809509977677,24,24,24,0,0.0,{},0.8057395767585385,0.6901685393258427,0.0,False,True,False,False,False,False,0.0,43.30341969910864,28.898330144739543,43.30341969910864,96.08333333333333,1.0382487318249347,0.012638410151990232,False,0.4939879169627209,False,0.008333333333333304,False,False,0.3514760648166047,0.008333333333333304,True,False,0.7802784106703177,0.1971528897336996,5.8818146520524826,False,inconclusive
866,assignment_isolation,plus_one_randomisation,True,ok,40.677954492874186,4.849586136664051,48.4675925587529,32.31140301450455,30.9867852927229,1.0,0.001,1.0,0.001,,,,,False,True,False,True,False,0.007071067811865475,0.007034432700884408,24,24,24,0,0.0,{},0.793470954171142,0.7207831325301206,0.0,False,True,False,True,False,False,0.0,48.4675925587529,32.31140301450455,48.4675925587529,95.41666666666667,1.0646031004443766,0.02305507940531307,False,0.49077257124526813,False,0.01736111111111116,False,False,0.38295876776112225,0.01736111111111116,True,True,-1.5696162147748998,0.09806292808748165,3.463346867384686,False,opposite_direction
867,assignment_isolation,plus_one_randomisation,True,ok,44.262578601802424,3.741257196041929,51.17177078119618,38.321903828500986,30.030889263358656,1.0,0.001,1.0,0.001,,,,,False,True,False,True,False,0.007071067811865475,0.007053148263128824,24,24,24,0,0.0,{},0.8074486554373522,0.6325490196078432,0.0,False,True,False,True,False,False,0.0,51.17177078119618,38.321903828500986,51.17177078119618,95.5,1.0349584050460168,0.010420815718617554,False,0.5134905224008263,False,0.014583333333333282,False,False,0.42834601102283615,0.014583333333333282,True,True,1.3167000922647252,0.2507526110448532,8.286446778867312,False,opposite_direction
868,assignment_isolation,plus_one_randomisation,True,ok,40.24861729405885,3.5467783793642256,46.453514175761924,33.93110731785721,30.227137453840392,1.0,0.001,1.0,0.001,,,,,False,True,False,True,False,0.007071067811865475,0.007065854997385779,24,24,24,0,0.0,{},0.8,0.6414529914529914,0.0,False,True,False,True,False,False,0.0,46.45351417576192,33.93110731785721,46.45351417576192,95.54166666666667,1.0438261017086863,0.058414054901123016,False,0.5083156858900628,False,0.018055555555555602,False,False,0.38651537023502347,0.018055555555555602,True,True,-0.024617626151536832,0.050619010521217374,5.2713128216946235,False,opposite_direction
869,assignment_isolation,plus_one_randomisation,True,ok,43.80986872830829,4.049881765899396,51.04116806950343,37.18999072629548,29.65477760444983,1.0,0.001,1.0,0.001,,,,,False,True,False,True,False,0.007071067811865475,0.007071017617724799,24,24,24,0,0.0,{},0.7844453165881737,0.7248188405797104,0.0,False,True,False,True,False,False,0.0,51.04116806950342,37.18999072629548,51.04116806950342,95.79166666666667,1.0261490793100252,0.005317377445908236,False,0.5024872149615901,False,0.014236111111111116,False,False,0.4276277860663541,0.014236111111111116,True,True,1.682885484343041,0.24275350914191265,7.153320176805432,False,opposite_direction
870,assignment_isolation,plus_one_randomisation,True,ok,43.28404242755716,4.0081450782410055,50.38684095109044,36.37224879293641,29.749096350461805,1.0,0.001,1.0,0.001,,,,,False,True,False,True,False,0.007071067811865475,0.007098222127399838,24,24,24,0,0.0,{},0.8155388608612999,0.763498263888889,0.0,False,True,False,True,False,False,0.0,50.38684095109044,36.37224879293641,50.38684095109044,97.29166666666667,1.0414326519883905,0.0308113517655297,False,0.5093447341534718,False,0.02951388888888884,False,False,0.41656859773194804,0.02951388888888884,True,True,2.044606096316478,0.2777099201920424,7.1224803612513625,False,opposite_direction
871,assignment_isolation,plus_one_randomisation,True,ok,36.36056375602087,3.4748313616997724,41.03908114753134,29.2512665682735,29.790541332075456,1.0,0.001,1.0,0.001,,,,,False,True,False,False,True,0.007071067811865475,0.007110118005240441,24,24,24,0,0.0,{},0.8134105348699763,0.7171245421245421,0.0,False,True,False,False,False,False,0.0,41.03908114753134,29.251266568273497,41.03908114753134,95.16666666666667,1.0331601268473851,0.04022589292373323,False,0.5226089034482432,False,0.029861111111111116,False,False,0.35176227296667,0.029861111111111116,True,False,2.3962949032968903,0.23789415177456114,6.381519444930624,False,inconclusive
872,assignment_isolation,plus_one_randomisation,True,ok,36.918286561732174,3.9378253581423737,44.182578480201286,30.238649189261707,29.472438482590324,1.0,0.001,1.0,0.001,,,,,False,True,False,True,False,0.007071067811865475,0.007117413484477915,24,24,24,0,0.0,{},0.8120783364892349,0.6922043010752691,0.0,False,True,False,True,False,False,0.0,44.18257848020128,30.238649189261707,44.18257848020128,96.04166666666667,1.02786982092338,0.02759198586577368,False,0.5248347200524647,False,0.02083333333333337,False,False,0.3593233119900836,0.02083333333333337,True,True,-1.7037918375372598,0.2686399986866643,3.408634343562655,False,opposite_direction
873,assignment_isolation,plus_one_randomisation,True,ok,42.10900229980748,3.459941695246033,48.2486983538722,36.63668192090243,30.094818842412398,1.0,0.001,1.0,0.001,,,,,False,True,False,True,False,0.007071067811865475,0.007044505937027534,24,24,24,0,0.0,{},0.7958333333333332,0.6886363636363637,0.0,False,True,False,True,False,False,0.0,48.24869835387219,36.63668192090243,48.24869835387219,96.25,1.0399504479320218,0.01863957234937319,False,0.5216104201836745,False,0.02777777777777779,False,False,0.40596770265398485,0.02777777777777779,True,True,-1.3868775392801118,0.11907758835522418,6.074071176611977,False,opposite_direction
874,assignment_isolation,plus_one_randomisation,True,ok,41.50267866447522,3.215020552404051,47.23507215705572,36.201724329837674,29.90149735195508,1.0,0.001,1.0,0.001,,,,,False,True,False,True,False,0.007071067811865475,0.007052321113483305,24,24,24,0,0.0,{},0.7929593472929636,0.7114035087719297,0.0,False,True,False,True,False,False,0.0,47.23507215705572,36.201724329837674,47.23507215705572,95.375,1.0297037522090302,0.022216921831061356,False,0.515342212867273,False,0.036111111111111094,False,False,0.4041140023096304,0.036111111111111094,True,True,0.254231185241669,0.19631709371461722,5.1101479558057,False,opposite_direction
875,assignment_isolation,plus_one_randomisation,True,ok,36.73941857803723,3.7340076081410105,42.99070243504049,30.722416606900676,29.502890534537258,1.0,0.001,1.0,0.001,,,,,False,True,False,True,False,0.007071067811865475,0.007069496928441263,24,24,24,0,0.0,{},0.8080199652777778,0.6707831325301205,0.0,False,True,False,True,False,False,0.0,42.9907024350405,30.722416606900676,42.9907024350405,95.70833333333333,1.0202296928005217,0.029827169948064888,False,0.5084701754798455,False,0.007638888888888862,False,False,0.3602983982629482,0.007638888888888862,True,True,1.3034603569082632,0.23484311128482366,6.5310699791022175,False,opposite_direction
876,assignment_isolation,plus_one_randomisation,True,ok,36.90372894549346,4.1434967823050615,43.86852312627956,29.33750520782432,30.0180017410707,1.0,0.001,1.0,0.001,,,,,False,True,False,False,True,0.007071067811865475,0.007076069730467451,24,24,24,0,0.0,{},0.8092473404255318,0.7075670498084293,0.0,False,True,False,False,False,False,0.0,43.86852312627956,29.33750520782432,43.86852312627956,96.41666666666667,1.0428454322100378,0.0004573088828391911,False,0.49912958234225907,False,0.013541666666666674,False,False,0.35379332770159433,0.013541666666666674,True,False,0.7478729672348773,0.18607217173539944,5.814949049659871,False,inconclusive
877,assignment_isolation,plus_one_randomisation,True,ok,37.66201696944379,5.669471101997391,46.61288009290199,27.81923794034546,30.23422103383734,1.0,0.001,1.0,0.001,,,,,False,True,False,False,True,0.007071067811865475,0.0071144840037217225,24,24,24,0,0.0,{},0.8140454679821157,0.704121376811594,0.0,False,True,False,False,False,False,0.0,46.61288009290198,27.81923794034546,46.61288009290198,94.95833333333333,1.0480421202538215,0.01854970730963943,False,0.5182560711192304,False,0.028124999999999956,False,False,0.3595140825861476,0.028124999999999956,True,False,0.7654948784497102,0.11093008581607952,5.660446263075222,False,inconclusive
878,assignment_isolation,plus_one_randomisation,True,ok,39.011613147657776,4.881762297250046,47.477924948252586,30.675914601383063,29.92066529754334,1.0,0.001,1.0,0.001,,,,,False,True,False,True,False,0.007071067811865475,0.007068998924707851,24,24,24,0,0.0,{},0.8004769688238771,0.7075925925925924,0.0,False,True,False,True,False,False,0.0,47.477924948252586,30.675914601383067,47.477924948252586,95.29166666666667,1.0323492043280598,0.01231147162779357,False,0.5161455247376374,False,0.013194444444444398,False,False,0.3786619559866827,0.013194444444444398,True,True,0.9504424311205187,0.10839960415961344,5.891507990205344,False,opposite_direction
879,assignment_isolation,plus_one_randomisation,True,ok,41.81110451360579,3.479535511389799,47.47127398252395,35.55347674762722,30.409994319530277,1.0,0.001,1.0,0.001,,,,,False,True,False,True,False,0.007071067811865475,0.007021988641979664,24,24,24,0,0.0,{},0.7932188573883161,0.7018981481481481,0.0,False,True,False,True,False,False,0.0,47.47127398252395,35.55347674762722,47.47127398252395,96.79166666666667,1.0504259691606237,0.024468702557295535,False,0.496457641591975,False,0.018402777777777768,False,False,0.39909440383776407,0.018402777777777768,True,True,-1.5265710599482054,0.2056417415226995,6.729196612258955,False,opposite_direction
880,assignment_isolation,plus_one_randomisation,True,ok,39.33252162647026,3.707438145456531,45.93583583736874,33.06150531450556,30.46701200332417,1.0,0.001,1.0,0.001,,,,,False,True,False,True,False,0.007071067811865475,0.007008970378863725,24,24,24,0,0.0,{},0.8096376132458606,0.6600694444444445,0.0,False,True,False,True,False,False,0.0,45.935835837368735,33.06150531450556,45.935835837368735,96.70833333333333,1.049992125273874,0.007171889272884586,False,0.5162181766115169,False,0.031597222222222165,False,False,0.3752833105005098,0.031597222222222165,True,True,-0.8251187322987334,0.11802248661345102,5.7481329199367845,False,opposite_direction
881,assignment_isolation,plus_one_randomisation,True,ok,37.03493520901427,3.963076706415736,44.25654118824654,30.727871519513393,29.816961226262798,1.0,0.001,1.0,0.001,,,,,False,True,False,True,False,0.007071067811865475,0.00705401029468092,24,24,24,0,0.0,{},0.7846788194444445,0.7207870370370372,0.0,False,True,False,True,False,False,0.0,44.25654118824654,30.72787151951339,44.25654118824654,95.33333333333333,1.0268141935596071,0.018905418399826835,False,0.5207662639333263,False,0.04618055555555556,False,False,0.3608902318819507,0.04618055555555556,True,True,0.5046212863458555,0.08238052040958117,5.58469016154344,False,opposite_direction
882,assignment_isolation,plus_one_randomisation,True,ok,43.55937309124432,4.3108592699667545,50.459254722426664,35.074194651029984,30.677840092116767,1.0,0.001,1.0,0.001,,,,,False,True,False,True,False,0.007071067811865475,0.0070569933844313575,24,24,24,0,0.0,{},0.7873217417829635,0.7081439393939393,0.0,False,True,False,True,False,False,0.0,50.459254722426664,35.074194651029984,50.459254722426664,95.0,1.0550579071123645,0.00871471073078324,False,0.5193012496166245,False,0.02256944444444442,False,False,0.4138504669285237,0.02256944444444442,True,True,1.0812735717265332,0.29614139002752593,6.649218973124404,False,opposite_direction
883,assignment_isolation,plus_one_randomisation,True,ok,33.16760204395633,3.2900434730420294,38.923789404825584,27.762615240475444,29.459933467579962,1.0,0.001,1.0,0.001,,,,,False,True,False,False,True,0.007071067811865475,0.00705163996682609,24,24,24,0,0.0,{},0.8043185763888889,0.6899425287356323,0.0,False,True,False,False,False,False,0.0,38.923789404825584,27.762615240475444,38.923789404825584,96.29166666666667,1.0192629746435669,0.0008838420207823126,False,0.5157935495379026,False,0.015972222222222165,False,False,0.3236933747280755,0.015972222222222165,True,False,0.6483933901977298,0.12640409838987943,6.375933267814284,False,inconclusive
884,assignment_isolation,plus_one_randomisation,True,ok,41.3581468871769,4.828429147986043,49.68257650158901,32.8073869723505,30.031921842707344,1.0,0.001,1.0,0.001,,,,,False,True,False,True,False,0.007071067811865475,0.00703591842330355,24,24,24,0,0.0,{},0.7821974734042554,0.7207848837209301,0.0,False,True,False,True,False,False,0.0,49.68257650158901,32.8073869723505,49.68257650158901,96.08333333333333,1.0356141016524423,0.013652136424190716,False,0.5052417357341779,False,0.022916666666666696,False,False,0.40041739865519743,0.022916666666666696,True,True,0.3666400820820664,0.1357473616264512,6.19400212173024,False,opposite_direction
885,assignment_isolation,plus_one_randomisation,True,ok,40.64147823796532,4.49522974332471,49.56063124971661,33.92848559225305,29.850091160148725,1.0,0.001,1.0,0.001,,,,,False,True,False,True,False,0.007071067811865475,0.007078919325398433,24,24,24,0,0.0,{},0.807975372279496,0.7520399305555554,0.0,False,True,False,True,False,False,0.0,49.56063124971661,33.92848559225305,49.56063124971661,97.58333333333333,1.043687431520814,0.017574157095024755,False,0.4999262632612505,False,0.028819444444444398,False,False,0.3903867993789539,0.028819444444444398,True,True,-1.7624711344941346,0.182318435395245,4.9048854571609874,False,opposite_direction
886,assignment_isolation,plus_one_randomisation,True,ok,45.68134563441754,3.7778371645552618,52.343315437251704,39.2870533296362,30.40277143022231,1.0,0.001,1.0,0.001,,,,,False,True,False,True,False,0.007071067811865475,0.007090034206874205,24,24,24,0,0.0,{},0.8225543674916775,0.6635658914728683,0.0,False,True,False,True,False,False,0.0,52.343315437251704,39.2870533296362,52.343315437251704,97.29166666666667,1.0630882814548424,0.00857933753520093,False,0.5393009608125472,False,0.02083333333333337,False,False,0.4303115564858946,0.02083333333333337,True,True,2.240104325960778,0.2022898564124052,6.593975184553238,False,opposite_direction
887,assignment_isolation,plus_one_randomisation,True,ok,36.382469859323784,2.876614542091173,41.43846891031146,31.318885876612793,29.67031885052867,1.0,0.001,1.0,0.001,,,,,False,True,False,True,False,0.007071067811865475,0.007075049458740039,24,24,24,0,0.0,{},0.8079896907216495,0.6742424242424241,0.0,False,True,False,True,False,False,0.0,41.43846891031146,31.318885876612793,41.43846891031146,96.25,1.0297269211468258,0.029193104046989,False,0.4925283356356996,False,0.015625,False,False,0.3532138257903954,0.015625,True,True,0.2694130381943411,0.0971110269348396,5.868850803346639,False,opposite_direction
888,assignment_isolation,plus_one_randomisation,True,ok,36.487631856860865,3.715618514425981,42.851030301174575,29.940811449591138,30.458612465859915,1.0,0.001,1.0,0.001,,,,,False,True,False,False,True,0.007071067811865475,0.007047386642152699,24,24,24,0,0.0,{},0.7770604395604397,0.7052681992337162,0.0,False,True,False,False,False,False,0.0,42.851030301174575,29.940811449591138,42.851030301174575,94.45833333333333,1.043105794070682,0.0339758418466009,False,0.5012739583199647,False,0.030208333333333393,False,False,0.34952083669103945,0.030208333333333393,True,False,-0.549438928368696,0.10551299285422154,5.294442076607935,False,inconclusive
889,assignment_isolation,plus_one_randomisation,True,ok,41.61451901825501,3.7078951944682315,47.651687492986085,34.944481690073324,29.653005236862327,1.0,0.001,1.0,0.001,,,,,False,True,False,True,False,0.007071067811865475,0.007062189579631667,24,24,24,0,0.0,{},0.7934725259467528,0.7075396825396824,0.0,False,True,False,True,False,False,0.0,47.65168749298609,34.944481690073324,47.65168749298609,95.54166666666667,1.0234685382392754,0.02807443803235146,False,0.5022061939245628,False,0.023611111111111138,False,False,0.4076488520192692,0.023611111111111138,True,True,-0.9342777933594734,0.1846985076698938,5.011974881361582,False,opposite_direction
890,assignment_isolation,plus_one_randomisation,True,ok,37.93345890075715,3.589657565935595,43.0525174373648,31.21283628722718,30.44931407763796,1.0,0.001,1.0,0.001,,,,,False,True,False,True,False,0.007071067811865475,0.007082065658961574,24,24,24,0,0.0,{},0.798341263547449,0.7291187739463604,0.0,False,True,False,True,False,False,0.0,43.0525174373648,31.21283628722718,43.0525174373648,96.25,1.057810408803985,0.003995227988518287,False,0.5124642564945251,False,0.015625,False,False,0.3587302705338609,0.015625,True,True,0.30089486055574904,0.16684605714834597,7.223087457956428,False,opposite_direction
891,assignment_isolation,plus_one_randomisation,True,ok,41.54702583882631,3.811331405874284,47.75751354477995,35.40063307569033,29.8787754535601,1.0,0.001,1.0,0.001,,,,,False,True,False,True,False,0.007071067811865475,0.007059359286152727,24,24,24,0,0.0,{},0.7947797871184966,0.6914912280701756,0.0,False,True,False,True,False,False,0.0,47.75751354477995,35.40063307569033,47.75751354477995,95.91666666666667,1.0328687158883498,0.002131322198331006,False,0.5286482828237479,False,0.013194444444444398,False,False,0.40330941665528164,0.013194444444444398,True,True,1.0812950470846967,0.1419505496560711,5.794919696885465,False,opposite_direction
892,assignment_isolation,plus_one_randomisation,True,ok,38.174392980556526,3.3200737798986286,43.610607109012555,31.86164456220345,29.60890665729041,1.0,0.001,1.0,0.001,,,,,False,True,False,True,False,0.007071067811865475,0.0070643215302333105,24,24,24,0,0.0,{},0.7911984908906091,0.7248148148148148,0.0,False,True,False,True,False,False,0.0,43.610607109012555,31.86164456220345,43.610607109012555,96.66666666666667,1.028255886893726,0.014202710854139787,False,0.5257434537714365,False,0.01736111111111116,False,False,0.3718416640150545,0.01736111111111116,True,True,-1.1422182868592987,0.096883706287042,4.734937763753587,False,opposite_direction
893,assignment_isolation,plus_one_randomisation,True,ok,39.47212745951944,3.7770665128168703,45.59386724967152,33.01486242745665,30.112866606221317,1.0,0.001,1.0,0.001,,,,,False,True,False,True,False,0.007071067811865475,0.00705489204677463,24,24,24,0,0.0,{},0.8025432627688172,0.6748148148148148,0.0,False,True,False,True,False,False,0.0,45.59386724967152,33.01486242745665,45.59386724967152,95.33333333333333,1.037133987221641,0.03605367207886678,False,0.5118383994458664,False,0.018055555555555602,False,False,0.3814207723377087,0.018055555555555602,True,True,-0.31034878114231906,0.13254671241780017,6.829340636846969,False,opposite_direction
894,assignment_isolation,plus_one_randomisation,True,ok,44.178720664193825,4.214689309771469,50.880372635447436,36.860173504460654,30.505258825573836,1.0,0.001,1.0,0.001,,,,,False,True,False,True,False,0.007071067811865475,0.0070771327847557,24,24,24,0,0.0,{},0.790964912280702,0.6435648148148149,0.0,False,True,False,True,False,False,0.0,50.880372635447436,36.860173504460654,50.880372635447436,93.625,1.0444748282715233,0.03768369511240934,False,0.518632004463696,False,0.027083333333333348,False,False,0.4237750078391261,0.027083333333333348,True,True,-2.3756498603057823,0.17308147593255419,5.625532697622074,False,opposite_direction
895,assignment_isolation,plus_one_randomisation,True,ok,42.70279783891934,3.3951442525702147,48.545125718627084,37.25228438803978,30.580689633195075,1.0,0.001,1.0,0.001,,,,,False,True,False,True,False,0.007071067811865475,0.007070527393603826,24,24,24,0,0.0,{},0.7971470231429636,0.6784313725490194,0.0,False,True,False,True,False,False,0.0,48.545125718627084,37.25228438803978,48.545125718627084,96.70833333333333,1.063165898548351,0.016383008563499727,False,0.5201073725387773,False,0.020486111111111094,False,False,0.40271788278546067,0.020486111111111094,True,True,0.3496777597390596,0.1512732484898193,6.841129254228104,False,opposite_direction
896,assignment_isolation,plus_one_randomisation,True,ok,36.193478950710194,4.134066873348351,43.5146371366241,29.36934162270857,30.02507501378323,1.0,0.001,1.0,0.001,,,,,False,True,False,False,True,0.007071067811865475,0.007061468669314494,24,24,24,0,0.0,{},0.7964612884160758,0.6414658634538154,0.0,False,True,False,False,False,False,0.0,43.514637136624096,29.36934162270857,43.514637136624096,95.16666666666667,1.0341691324015678,0.028625725856393305,False,0.5154359847474725,False,0.03784722222222214,False,False,0.34970806416832095,0.03784722222222214,True,False,-0.4722160617516497,0.05912827822206596,4.857268068051581,False,inconclusive
897,assignment_isolation,plus_one_randomisation,True,ok,32.97358471391663,3.1808860949335767,38.37539131073471,27.50766060664491,30.16398095295737,1.0,0.001,1.0,0.001,,,,,False,True,False,False,True,0.007071067811865475,0.007101743000697984,24,24,24,0,0.0,{},0.8112787668258793,0.7240530303030303,0.0,False,True,False,False,False,False,0.0,38.37539131073471,27.507660606644908,38.37539131073471,96.125,1.0501269170401017,0.015970420088380254,False,0.5141619684433681,False,0.02881944444444451,False,False,0.311467941310615,0.02881944444444451,True,False,-1.4864163664187109,0.20091615729721912,3.57220400645532,False,inconclusive
898,assignment_isolation,plus_one_randomisation,True,ok,41.66429674586511,3.6166908434177367,48.10011949678921,36.19224255570576,30.443297102876212,1.0,0.001,1.0,0.001,,,,,False,True,False,True,False,0.007071067811865475,0.007061637112286058,24,24,24,0,0.0,{},0.7992690693298595,0.699810606060606,0.0,False,True,False,True,False,False,0.0,48.10011949678921,36.19224255570576,48.10011949678921,95.25,1.0490581898576261,0.003870136938888482,False,0.5257029373010292,False,0.010763888888888795,False,False,0.39821034380665926,0.010763888888888795,True,True,1.1870376406541772,0.1829963530524245,7.032098983967318,False,opposite_direction
899,assignment_isolation,plus_one_randomisation,True,ok,44.24026352040721,3.893086997053985,51.43529767203153,37.63070038215052,30.69579570323437,1.0,0.001,1.0,0.001,,,,,False,True,False,True,False,0.007071067811865475,0.007052252566909407,24,24,24,0,0.0,{},0.7767247031720715,0.6836647727272728,0.0,False,True,False,True,False,False,0.0,51.43529767203153,37.63070038215052,51.43529767203153,94.20833333333333,1.0505613471937894,0.001716984270196507,False,0.5401517439013692,False,0.006597222222222143,False,False,0.42195400059565497,0.006597222222222143,True,True,-0.725182339678118,0.27515294391336487,6.6102479176490725,False,opposite_direction
900,assignment_isolation,plus_one_randomisation,True,ok,38.18320298317544,2.8939578603685248,43.4190473515957,33.40997343080094,30.16738978138448,1.0,0.001,1.0,0.001,,,,,False,True,False,True,False,0.007071067811865475,0.007095037913076212,24,24,24,0,0.0,{},0.8034290271132378,0.6748039215686272,0.0,False,True,False,True,False,False,0.0,43.4190473515957,33.40997343080094,43.4190473515957,95.79166666666667,1.0474331731885722,0.010238883630309385,False,0.5288107876331638,False,0.029861111111111116,False,False,0.36490187015325093,0.029861111111111116,True,True,-1.1348765085445802,0.13318803197639037,4.548183380414345,False,opposite_direction
901,assignment_isolation,plus_one_randomisation,True,ok,43.14273413085133,4.461814211145846,50.757462893700726,35.801305776112734,30.65934672086739,1.0,0.001,1.0,0.001,,,,,False,True,False,True,False,0.007071067811865475,0.007042143833523617,24,24,24,0,0.0,{},0.8034863237182825,0.6707831325301205,0.0,False,True,False,True,False,False,0.0,50.757462893700726,35.801305776112734,50.757462893700726,96.58333333333333,1.0609352695435694,0.0261981987207258,False,0.5281805708064846,False,0.018402777777777768,False,False,0.40769390209458295,0.018402777777777768,True,True,1.2843264422383958,0.11491691403419386,7.246459331029944,False,opposite_direction
902,assignment_isolation,plus_one_randomisation,True,ok,39.38457084969681,3.7682286410746952,46.31255785246016,32.9702860026358,29.982554994519738,1.0,0.001,1.0,0.001,,,,,False,True,False,True,False,0.007071067811865475,0.007039147053292859,24,24,24,0,0.0,{},0.7945814597499451,0.7242673992673991,0.0,False,True,False,True,False,False,0.0,46.312557852460166,32.9702860026358,46.312557852460166,95.83333333333333,1.0330396205191152,0.019628586001521533,False,0.5268052988265501,False,0.01388888888888884,False,False,0.3820957269717369,0.01388888888888884,True,True,-0.3765392169925902,0.13847888470260056,6.266050324951238,False,opposite_direction
903,assignment_isolation,plus_one_randomisation,True,ok,42.357308841665976,4.1153832511424735,49.261153537713525,36.27978419997539,30.355278041709226,1.0,0.001,1.0,0.001,,,,,False,True,False,True,False,0.007071067811865475,0.007025901217516902,24,24,24,0,0.0,{},0.8039531411603776,0.7185897435897435,0.0,False,True,False,True,False,False,0.0,49.26115353771352,36.27978419997539,49.26115353771352,96.41666666666667,1.0470859095216496,0.03402901939386073,False,0.5202853545185863,False,0.022916666666666585,False,False,0.40558120698923156,0.022916666666666585,True,True,0.8084518094924108,0.22951977584510316,4.933897695755019,False,opposite_direction
904,assignment_isolation,plus_one_randomisation,True,ok,38.50207623580298,3.73082058789571,45.445632828161685,32.5850816829765,29.51244130893735,1.0,0.001,1.0,0.001,,,,,False,True,False,True,False,0.007071067811865475,0.0070698479594853885,24,24,24,0,0.0,{},0.8017219387755101,0.7075842696629213,0.0,False,True,False,True,False,False,0.0,45.445632828161685,32.5850816829765,45.445632828161685,95.83333333333333,1.0212769076665644,0.012645900771431885,False,0.5203126404459769,False,0.02951388888888895,False,False,0.3777476373840023,0.02951388888888895,True,True,0.9951158590220084,0.11360160620570298,4.917537907212575,False,opposite_direction
905,assignment_isolation,plus_one_randomisation,True,ok,42.776194192782235,3.2741712794727165,48.39062259840211,37.118949456352354,30.676060117640905,1.0,0.001,1.0,0.001,,,,,False,True,False,True,False,0.007071067811865475,0.007054189411443029,24,24,24,0,0.0,{},0.7947807108889584,0.7041203703703702,0.0,False,True,False,True,False,False,0.0,48.39062259840211,37.118949456352354,48.39062259840211,96.375,1.0621819004205917,0.023596990250697402,False,0.4937118339715329,False,0.013194444444444398,False,False,0.4037800410975727,0.013194444444444398,True,True,0.21528534221715862,0.1486920291101308,6.987732031348714,False,opposite_direction
906,assignment_isolation,plus_one_randomisation,True,ok,39.528812107533206,5.127031309662486,48.16838879227833,30.924478465374804,30.60998502331574,1.0,0.001,1.0,0.001,,,,,False,True,False,True,False,0.007071067811865475,0.007085825728430422,24,24,24,0,0.0,{},0.8056303372412792,0.7034313725490194,0.0,False,True,False,True,False,False,0.0,48.16838879227833,30.924478465374804,48.16838879227833,95.41666666666667,1.0593408230045398,0.015321116406326316,False,0.5039535176216521,False,0.01736111111111105,False,False,0.3737894969609279,0.01736111111111105,True,True,-0.1579063398706075,0.16742710716739687,4.7684462845438285,False,opposite_direction
907,assignment_isolation,plus_one_randomisation,True,ok,35.16374510492141,3.789589382416144,41.2235269964548,27.89334166022163,30.239277871318592,1.0,0.001,1.0,0.001,,,,,False,True,False,False,True,0.007071067811865475,0.0070753416081686315,24,24,24,0,0.0,{},0.8030927835051545,0.7317375886524823,0.0,False,True,False,False,False,False,0.0,41.2235269964548,27.893341660221626,41.2235269964548,96.625,1.0515588594274745,0.006483876373283569,False,0.5178897662895553,False,0.008333333333333304,False,False,0.3332626855957897,0.008333333333333304,True,False,-3.233957842624239,0.2661322968275624,5.06576611074884,True,selection_limited
908,assignment_isolation,plus_one_randomisation,True,ok,35.256813295240356,3.3392086926564306,40.921486833803954,29.798082664252714,29.63414013996507,1.0,0.001,1.0,0.001,,,,,False,True,False,True,False,0.007071067811865475,0.007087271978939097,24,24,24,0,0.0,{},0.8186403037466867,0.6457859848484848,0.0,False,True,False,True,False,False,0.0,40.921486833803954,29.798082664252714,40.921486833803954,96.29166666666667,1.0304710280306628,0.03470393871587118,False,0.5129413891304777,False,0.020486111111111094,False,False,0.34146270024917547,0.020486111111111094,True,True,-0.0771859289813207,0.08610449974135762,4.253036438153644,False,opposite_direction
909,assignment_isolation,plus_one_randomisation,True,ok,39.69987215365234,3.1928006359027234,45.576591052190736,34.47453728555867,30.655654030993745,1.0,0.001,1.0,0.001,,,,,False,True,False,True,False,0.007071067811865475,0.00701757199521652,24,24,24,0,0.0,{},0.8001622886473428,0.67875,0.0,False,True,False,True,False,False,0.0,45.576591052190736,34.47453728555867,45.576591052190736,95.41666666666667,1.0507020694928906,0.003859651046411492,False,0.5022853738228802,False,0.03125,False,False,0.37861047781402607,0.03125,True,True,-0.2808522744747415,0.277316385711495,6.3161385474103895,False,opposite_direction
910,assignment_isolation,plus_one_randomisation,True,ok,36.429068089312835,3.863960389250127,42.783503110561995,29.486441840848777,29.913426767049025,1.0,0.001,1.0,0.001,,,,,False,True,False,False,True,0.007071067811865475,0.007031460496637393,24,24,24,0,0.0,{},0.7954896907216494,0.6909498207885306,0.0,False,True,False,False,False,False,0.0,42.783503110562,29.486441840848773,42.783503110562,97.20833333333333,1.0368918503341007,0.004277116000800305,False,0.5119412358616868,False,0.023611111111111027,False,False,0.3511272395728564,0.023611111111111027,True,False,-0.6887254476690627,0.16020139984369677,5.199909882336399,False,inconclusive
911,assignment_isolation,plus_one_randomisation,True,ok,45.23430501001564,3.1127481337691623,50.27327644132372,40.28737351405991,30.512561950728,1.0,0.001,1.0,0.001,,,,,False,True,False,True,False,0.007071067811865475,0.007092552529943656,24,24,24,0,0.0,{},0.790807560137457,0.6613026819923372,0.0,False,True,False,True,False,False,0.0,50.27327644132372,40.28737351405991,50.27327644132372,94.08333333333333,1.0495607651824166,0.01945371283334976,False,0.5228823886595364,False,0.021874999999999978,False,False,0.43154790770642193,0.021874999999999978,True,True,1.0245630673657513,0.09764899460617918,7.911588678401137,False,opposite_direction
912,assignment_isolation,plus_one_randomisation,True,ok,42.583134825400776,4.04744828677978,49.62322404334667,35.808648004029244,29.76452229668388,1.0,0.001,1.0,0.001,,,,,False,True,False,True,False,0.007071067811865475,0.007054033278575599,24,24,24,0,0.0,{},0.819402356902357,0.7066849816849818,0.0,False,True,False,True,False,False,0.0,49.62322404334666,35.808648004029244,49.62322404334666,98.5,1.0418964074480535,0.005212885105470826,False,0.5170864450337297,False,0.013541666666666674,False,False,0.40973941868658337,0.013541666666666674,True,True,1.7629795935114385,0.18743114996133456,6.891815420362657,False,opposite_direction
913,assignment_isolation,plus_one_randomisation,True,ok,42.55075919234428,3.9223990831484494,49.79865766973435,36.02207758747491,29.872005335682843,1.0,0.001,1.0,0.001,,,,,False,True,False,True,False,0.007071067811865475,0.007084482912381367,24,24,24,0,0.0,{},0.8061855670103093,0.6963425925925926,0.0,False,True,False,True,False,False,0.0,49.79865766973435,36.02207758747491,49.79865766973435,96.0,1.0367598165261285,0.020201065223537904,False,0.5203329794114125,False,0.019444444444444375,False,False,0.41143654895624615,0.019444444444444375,True,True,-0.9654602000596382,0.12403323965888116,6.120758477065917,False,opposite_direction
914,assignment_isolation,plus_one_randomisation,True,ok,44.32828872715971,3.8676149947366927,51.35789271686909,37.51436775471987,29.83031517784099,1.0,0.001,1.0,0.001,,,,,False,True,False,True,False,0.007071067811865475,0.007083509610688181,24,24,24,0,0.0,{},0.7965024214181287,0.7248168498168499,0.0,False,True,False,True,False,False,0.0,51.35789271686909,37.51436775471987,51.35789271686909,96.29166666666667,1.036741983004967,0.012256471722915047,False,0.5255620838015724,False,0.013541666666666674,False,False,0.42824713386587265,0.013541666666666674,True,True,1.80406997643742,0.20262406150956033,6.144407115007508,False,opposite_direction
915,assignment_isolation,plus_one_randomisation,True,ok,37.07738161366078,4.500035607862353,45.21784160081433,30.18526660672927,29.7538355362604,1.0,0.001,1.0,0.001,,,,,False,True,False,True,False,0.007071067811865475,0.007090756598127028,24,24,24,0,0.0,{},0.8039461548105163,0.6787590579710144,0.0,False,True,False,True,False,False,0.0,45.21784160081433,30.18526660672927,45.21784160081433,96.41666666666667,1.0358135708202003,0.030704286930354947,False,0.5182815002833351,False,0.029166666666666674,False,False,0.3580533719596001,0.029166666666666674,True,True,-2.0205665602082683,0.17674704513422293,3.750151312596433,False,opposite_direction
916,assignment_isolation,plus_one_randomisation,True,ok,37.461918564679486,3.7139497180011185,43.898751549729774,31.41185662159492,29.955325979043533,1.0,0.001,1.0,0.001,,,,,False,True,False,True,False,0.007071067811865475,0.00704236605850576,24,24,24,0,0.0,{},0.783238784924548,0.6852059925093632,0.0,False,True,False,True,False,False,0.0,43.898751549729774,31.41185662159492,43.898751549729774,95.29166666666667,1.029651156251633,0.003917349474336637,False,0.5196838561515068,False,0.03229166666666661,False,False,0.36416596640075644,0.03229166666666661,True,True,1.3202610742554641,0.21483177061840047,6.136877536507084,False,opposite_direction
917,assignment_isolation,plus_one_randomisation,True,ok,33.670479416165115,3.342085969840956,39.18719575966116,27.89745480965771,30.131727694620277,1.0,0.001,1.0,0.001,,,,,False,True,False,False,True,0.007071067811865475,0.00707464632432738,24,24,24,0,0.0,{},0.7927808895297248,0.7581597222222223,0.0,False,True,False,False,False,False,0.0,39.18719575966116,27.897454809657706,39.18719575966116,96.29166666666667,1.045907130205176,0.00997737892345611,False,0.49552954538321187,False,0.018750000000000044,False,False,0.3199721600166065,0.018750000000000044,True,False,0.6580753096558797,0.11252120372315376,6.326787437656421,False,inconclusive
918,assignment_isolation,plus_one_randomisation,True,ok,33.955614158670194,4.188619951100739,41.492582610741906,27.528467259505803,29.98014585699213,1.0,0.001,1.0,0.001,,,,,False,True,False,False,True,0.007071067811865475,0.006991150688278675,24,24,24,0,0.0,{},0.7995657894736842,0.6946360153256707,0.0,False,True,False,False,False,False,0.0,41.492582610741906,27.528467259505803,41.492582610741906,96.91666666666667,1.0316957539570253,0.032839030422318796,False,0.5008394790786647,False,0.029861111111111116,False,False,0.3276568489307723,0.029861111111111116,True,False,1.154041746821503,0.14395128939226703,5.06280288996285,False,inconclusive
919,assignment_isolation,plus_one_randomisation,True,ok,38.8465031975077,4.07331294855446,46.396382685466634,31.885174385887158,30.06565650681395,1.0,0.001,1.0,0.001,,,,,False,True,False,True,False,0.007071067811865475,0.007088508627027376,24,24,24,0,0.0,{},0.799078947368421,0.7120833333333334,0.0,False,True,False,True,False,False,0.0,46.39638268546664,31.885174385887158,46.39638268546664,96.08333333333333,1.044526827079917,0.002223151633498208,False,0.5072659558699067,False,0.023958333333333304,False,False,0.37251287808564215,0.023958333333333304,True,True,0.5699015502030184,0.13774324609832583,5.9999671246713975,False,opposite_direction
920,assignment_isolation,plus_one_randomisation,True,ok,38.98598906931843,3.156405185556953,44.502850815283914,33.6809390209697,29.96686423899285,1.0,0.001,1.0,0.001,,,,,False,True,False,True,False,0.007071067811865475,0.007046020308663863,24,24,24,0,0.0,{},0.7904079861111111,0.7083333333333334,0.0,False,True,False,True,False,False,0.0,44.502850815283914,33.6809390209697,44.502850815283914,96.04166666666667,1.0346299339782765,0.0021866400065658595,False,0.5078809049699042,False,0.01215277777777779,False,False,0.3775544502184496,0.01215277777777779,True,True,0.32740443820207626,0.15251216377153493,7.906956602015241,False,opposite_direction
921,assignment_isolation,plus_one_randomisation,True,ok,37.10514196676723,3.6524084391898257,43.36970183551458,31.128796929524373,30.083150626697364,1.0,0.001,1.0,0.001,,,,,False,True,False,True,False,0.007071067811865475,0.00706258725141674,24,24,24,0,0.0,{},0.8077753479815335,0.7196886446886446,0.0,False,True,False,True,False,False,0.0,43.36970183551458,31.128796929524373,43.36970183551458,97.08333333333333,1.0467175077110875,0.02588917677298955,False,0.4998235201839728,False,0.01909722222222221,False,False,0.35443672185426855,0.01909722222222221,True,True,-1.4806268369117146,0.15795608811730424,4.974035978457587,False,opposite_direction
922,assignment_isolation,plus_one_randomisation,True,ok,38.02248886278099,3.8196312799177616,44.87029425435902,31.315837270557786,30.724654139570433,1.0,0.001,1.0,0.001,,,,,False,True,False,True,False,0.007071067811865475,0.007041367298055676,24,24,24,0,0.0,{},0.7882507874443359,0.7248148148148148,0.0,False,True,False,True,False,False,0.0,44.87029425435902,31.31583727055779,44.87029425435902,95.25,1.0557145286190548,0.03573950654561589,False,0.5154512812539269,False,0.027430555555555625,False,False,0.3603499420599239,0.027430555555555625,True,True,-1.0273342558971907,0.21615140295040824,5.109777629870694,False,opposite_direction
923,assignment_isolation,plus_one_randomisation,True,ok,40.703698317088616,3.042812698387572,46.513654159167984,35.72778883946417,30.208220165625857,1.0,0.001,1.0,0.001,,,,,False,True,False,True,False,0.007071067811865475,0.007100567496163465,24,24,24,0,0.0,{},0.787394285369095,0.7124547101449273,0.0,False,True,False,True,False,False,0.0,46.51365415916799,35.72778883946417,46.51365415916799,93.95833333333333,1.0395750661331147,0.03159753190050792,False,0.514389165972007,False,0.02430555555555547,False,False,0.3925505694632291,0.02430555555555547,True,True,1.4677581274922709,0.13577968484456235,5.871269347214783,False,opposite_direction
924,assignment_isolation,plus_one_randomisation,True,ok,40.348881449301864,3.542215086541477,46.672008691301684,34.231248501538126,29.533176061977525,1.0,0.001,1.0,0.001,,,,,False,True,False,True,False,0.007071067811865475,0.007047217469573895,24,24,24,0,0.0,{},0.8059727628164666,0.624812734082397,0.0,False,True,False,True,False,False,0.0,46.67200869130168,34.231248501538126,46.67200869130168,96.25,1.0209352556661822,0.02541677050482043,False,0.5450381296929608,False,0.01736111111111105,False,False,0.3962552735655937,0.01736111111111105,True,True,-1.008013120618483,0.11217796142174946,5.028601241592051,False,opposite_direction
925,assignment_isolation,plus_one_randomisation,True,ok,37.931875261078694,3.4368015757110006,43.43658788468973,31.617734933406105,29.406653026690957,1.0,0.001,1.0,0.001,,,,,False,True,False,True,False,0.007071067811865475,0.007072613337964144,24,24,24,0,0.0,{},0.7894021739130435,0.6748084291187739,0.0,False,True,False,True,False,False,0.0,43.43658788468972,31.61773493340611,43.43658788468972,96.08333333333333,1.0193411294861503,0.005840920222887815,False,0.5082734037755193,False,0.015277777777777724,False,False,0.37273558310380567,0.015277777777777724,True,True,-0.8374770794390611,0.08594407872241035,5.206132380916118,False,opposite_direction
926,assignment_isolation,plus_one_randomisation,True,ok,45.426911031267885,4.252619023468274,53.67430402941497,38.89131555472102,30.35165009878327,1.0,0.001,1.0,0.001,,,,,False,True,False,True,False,0.007071067811865475,0.006996922877346782,24,24,24,0,0.0,{},0.7831623526936029,0.7070199275362318,0.0,False,True,False,True,False,False,0.0,53.67430402941497,38.89131555472102,53.67430402941497,96.20833333333333,1.041515515044331,0.013232937146838852,False,0.48538787422979857,False,0.023958333333333304,False,False,0.4365331630329585,0.023958333333333304,True,True,2.2729497140423156,0.1987002348016095,9.26195902381439,False,opposite_direction
927,assignment_isolation,plus_one_randomisation,True,ok,41.29465711680939,3.8361513423987406,47.35899183593371,34.4635118151142,29.62599017646233,1.0,0.001,1.0,0.001,,,,,False,True,False,True,False,0.007071067811865475,0.007052411242017983,24,24,24,0,0.0,{},0.7789491910460994,0.6788530465949822,0.0,False,True,False,True,False,False,0.0,47.358991835933715,34.4635118151142,47.358991835933715,94.95833333333333,1.0179982926589255,0.00592255299744873,False,0.5255039687065786,False,0.018750000000000044,False,False,0.40669666835386364,0.018750000000000044,True,True,-0.45144141760817685,0.20009644610402547,6.969966667124388,False,opposite_direction
928,assignment_isolation,plus_one_randomisation,True,ok,43.32322246115865,4.271455626476373,50.84879972699244,36.04425319079223,29.91638868462245,1.0,0.001,1.0,0.001,,,,,False,True,False,True,False,0.007071067811865475,0.007088423210403354,24,24,24,0,0.0,{},0.7930961575133486,0.7446886446886446,0.0,False,True,False,True,False,False,0.0,50.84879972699244,36.04425319079223,50.84879972699244,96.45833333333333,1.0413547137374284,0.006122378930210853,False,0.48896749816512936,False,0.02083333333333326,False,False,0.41696934688221554,0.02083333333333326,True,True,1.0281429358755947,0.15845501116303823,6.3870743737685105,False,opposite_direction
929,assignment_isolation,plus_one_randomisation,True,ok,32.865281285214614,3.214609181675862,38.78033408011797,27.833386474469307,30.187019024475102,1.0,0.001,1.0,0.001,,,,,False,True,False,False,True,0.007071067811865475,0.007073808425645652,24,24,24,0,0.0,{},0.8010416666666667,0.6898809523809525,0.0,False,True,False,False,False,False,0.0,38.78033408011797,27.833386474469307,38.78033408011797,95.125,1.041335949718154,0.022816967691159453,False,0.5189087392279762,False,0.02013888888888893,False,False,0.3131984112816983,0.02013888888888893,True,False,-0.7825802602582181,0.11450205129926568,3.7100146300408903,False,inconclusive
930,assignment_isolation,plus_one_randomisation,True,ok,35.221077700269795,3.2881726553500177,40.29694481275534,28.935609225807948,30.2653197554064,1.0,0.001,1.0,0.001,,,,,False,True,False,False,True,0.007071067811865475,0.007007646641860161,24,24,24,0,0.0,{},0.7892908249158248,0.6679411764705881,0.0,False,True,False,False,False,False,0.0,40.29694481275534,28.935609225807948,40.29694481275534,95.70833333333333,1.0374384554944986,0.03487928174250748,False,0.49351585094188555,False,0.03715277777777781,False,False,0.33867072565777634,0.03715277777777781,True,False,-2.003190186431793,0.15397330362776046,4.925958399738835,False,inconclusive
931,assignment_isolation,plus_one_randomisation,True,ok,41.40148098206674,3.691658222989153,47.241791943562774,35.01390176628779,29.838707684590183,1.0,0.001,1.0,0.001,,,,,False,True,False,True,False,0.007071067811865475,0.007089378012040055,24,24,24,0,0.0,{},0.8031990699069906,0.7447482638888889,0.0,False,True,False,True,False,False,0.0,47.24179194356278,35.01390176628779,47.24179194356278,96.54166666666667,1.039239258147163,0.000965430189234495,False,0.5208432071300919,False,0.02673611111111107,False,False,0.3994386400023189,0.02673611111111107,True,True,-0.3924865735133852,0.10470933646009901,6.676423020569769,False,opposite_direction
932,assignment_isolation,plus_one_randomisation,True,ok,40.185599921358886,3.6246263017273823,46.73824715732825,34.31391799399426,30.254843899334453,1.0,0.001,1.0,0.001,,,,,False,True,False,True,False,0.007071067811865475,0.007073685084968388,24,24,24,0,0.0,{},0.797088285229202,0.7083333333333334,0.0,False,True,False,True,False,False,0.0,46.73824715732825,34.31391799399426,46.73824715732825,95.0,1.0429715091152638,0.03395224063083502,False,0.5369398507347591,False,0.02256944444444453,False,False,0.3862222667177275,0.02256944444444453,True,True,-0.060955236044376776,0.1554695650723076,4.522366432991944,False,opposite_direction
933,assignment_isolation,plus_one_randomisation,True,ok,34.86436331287099,4.0569518432631675,41.71679188079294,27.87677549427056,30.01812525138013,1.0,0.001,1.0,0.001,,,,,False,True,False,False,True,0.007071067811865475,0.007058274328414584,24,24,24,0,0.0,{},0.8007618918430094,0.6596899224806203,0.0,False,True,False,False,False,False,0.0,41.71679188079294,27.87677549427056,41.71679188079294,95.125,1.0332357832302184,0.05024893204880583,False,0.5119811079083246,False,0.013194444444444509,False,False,0.3364781904673817,0.013194444444444509,True,False,0.8981219126224586,0.22044008377617313,4.415978199221395,False,inconclusive
934,assignment_isolation,plus_one_randomisation,True,ok,39.17461452147818,4.032639576365884,46.14858646337509,31.8979889122123,29.94957469393867,1.0,0.001,1.0,0.001,,,,,False,True,False,True,False,0.007071067811865475,0.007094107924623619,24,24,24,0,0.0,{},0.8127304915935674,0.7484210526315789,0.0,False,True,False,True,False,False,0.0,46.14858646337509,31.8979889122123,46.14858646337509,96.66666666666667,1.0444720592335217,0.006961596392316185,False,0.5177117356449401,False,0.03298611111111105,False,False,0.3757639886214972,0.03298611111111105,True,True,-3.1912391882268496,0.3558315745243753,4.133917276565327,True,selection_limited
935,assignment_isolation,plus_one_randomisation,True,ok,36.64097844992797,4.806519703447761,44.976852422307346,28.278869082387267,30.227920644967732,1.0,0.001,1.0,0.001,,,,,False,True,False,False,True,0.007071067811865475,0.007001351643565641,24,24,24,0,0.0,{},0.7887723819858925,0.7150000000000001,0.0,False,True,False,False,False,False,0.0,44.97685242230735,28.278869082387263,44.97685242230735,96.66666666666667,1.0403956795545646,0.012912809663444295,False,0.5338184007222759,False,0.02083333333333337,False,False,0.35202177668672524,0.02083333333333337,True,False,-1.965688154266785,0.17298898178556937,4.449981249578958,False,inconclusive
936,assignment_isolation,plus_one_randomisation,True,ok,41.65279116052087,3.458704977988304,47.20429837382648,34.93575502887013,29.621779088708614,1.0,0.001,1.0,0.001,,,,,False,True,False,True,False,0.007071067811865475,0.007090961113965618,24,24,24,0,0.0,{},0.818200077570922,0.70374531835206,0.0,False,True,False,True,False,False,0.0,47.20429837382648,34.93575502887013,47.20429837382648,95.83333333333333,1.0281217434405077,0.019121960509958,False,0.5005382626225504,False,0.015625,False,False,0.40618808773642767,0.015625,True,True,-0.9859479027103332,0.17509055093220707,5.444418919824433,False,opposite_direction
937,assignment_isolation,plus_one_randomisation,True,ok,44.16958790316355,3.0199310811799123,49.323006379681644,39.22299508528804,30.78763363174676,1.0,0.001,1.0,0.001,,,,,False,True,False,True,False,0.007071067811865475,0.007020050027498062,24,24,24,0,0.0,{},0.7769710522342996,0.6902930402930403,0.0,False,True,False,True,False,False,0.0,49.32300637968164,39.22299508528804,49.32300637968164,95.5,1.0560590608228968,0.02184887153766202,False,0.5502575518032822,False,0.02499999999999991,False,False,0.4191516776141711,0.02499999999999991,True,True,0.14215448951388954,0.19237370779611718,6.682523063947048,False,opposite_direction
938,assignment_isolation,plus_one_randomisation,True,ok,41.90786271071641,4.168172337375195,49.0952041564097,35.178816937054144,30.046022163536694,1.0,0.001,1.0,0.001,,,,,False,True,False,True,False,0.007071067811865475,0.007055145449427428,24,24,24,0,0.0,{},0.8179554491487455,0.7197132616487452,0.0,False,True,False,True,False,False,0.0,49.0952041564097,35.178816937054144,49.0952041564097,98.5,1.0519160328373602,0.024851697010982568,False,0.5116611991967692,False,0.017708333333333326,False,False,0.39945162142468216,0.017708333333333326,True,True,0.24365817882449228,0.04534747050617682,5.928505140549678,False,opposite_direction
939,assignment_isolation,plus_one_randomisation,True,ok,37.57181162798252,4.586958099594356,45.22957717040594,29.532189451539686,30.02947596851775,1.0,0.001,1.0,0.001,,,,,False,True,False,False,True,0.007071067811865475,0.007066298913031371,24,24,24,0,0.0,{},0.801883865248227,0.7219348659003829,0.0,False,True,False,False,False,False,0.0,45.22957717040594,29.532189451539683,45.22957717040594,95.91666666666667,1.0390986997464045,0.021430351547279822,False,0.4966355978092596,False,0.011111111111111183,False,False,0.36182895948341787,0.011111111111111183,True,False,-1.5483576312823373,0.13954671635781246,4.736308244493378,False,inconclusive
940,assignment_isolation,plus_one_randomisation,True,ok,40.61577930365448,4.394864581091193,48.29282271256842,33.50336543754932,30.5365854096267,1.0,0.001,1.0,0.001,,,,,False,True,False,True,False,0.007071067811865475,0.007060101008394848,24,24,24,0,0.0,{},0.7984605263157893,0.6742424242424243,0.0,False,True,False,True,False,False,0.0,48.29282271256843,33.50336543754932,48.29282271256843,94.58333333333333,1.048355793033139,0.00765715479645244,False,0.5151272872525996,False,0.02256944444444442,False,False,0.3883804343100688,0.02256944444444442,True,True,1.1684710141841905,0.14215491994279533,5.496960084250698,False,opposite_direction
941,assignment_isolation,plus_one_randomisation,True,ok,33.27458245507,3.5855882677580477,39.61729699474789,27.6991907257217,30.87595141832602,1.0,0.001,1.0,0.001,,,,,False,True,False,False,True,0.007071067811865475,0.007031143290429528,24,24,24,0,0.0,{},0.800718857388316,0.6957875457875459,0.0,False,True,False,False,False,False,0.0,39.61729699474789,27.699190725721696,39.61729699474789,95.41666666666667,1.0602991719776729,0.021614633549982307,False,0.5035180762901552,False,0.02777777777777779,False,False,0.3112813389679877,0.02777777777777779,True,False,-1.4563096456602114,0.17316297918997267,4.46807826077524,False,inconclusive
942,assignment_isolation,plus_one_randomisation,True,ok,43.876739882766266,3.244776177195259,49.84315073617981,38.27751962599472,30.53109160064753,1.0,0.001,1.0,0.001,,,,,False,True,False,True,False,0.007071067811865475,0.007006660690643089,24,24,24,0,0.0,{},0.7848684210526315,0.6921245421245421,0.0,False,True,False,True,False,False,0.0,49.84315073617981,38.27751962599472,49.84315073617981,95.20833333333333,1.0436644836009024,0.035458335512855974,False,0.5253657712472702,False,0.02777777777777779,False,False,0.42126905207623067,0.02777777777777779,True,True,0.8163125100750359,0.20160670887699647,8.071267598208989,False,opposite_direction
943,assignment_isolation,plus_one_randomisation,True,ok,32.217814318398375,3.584498384234069,38.581286189906535,25.65668271757968,30.017560075630097,1.0,0.001,1.0,0.001,,,,,False,True,False,False,True,0.007071067811865475,0.007059499062839403,24,24,24,0,0.0,{},0.7952570921985818,0.7081439393939393,0.0,False,True,False,False,False,False,0.0,38.581286189906535,25.65668271757968,38.581286189906535,94.75,1.0313566829290768,0.022657750329068135,False,0.5121681439538031,False,0.010763888888888906,False,False,0.30973313192430746,0.010763888888888906,True,False,1.6696101754229342,0.12673043607996862,5.730817590182611,False,inconclusive
944,assignment_isolation,plus_one_randomisation,True,ok,41.1319219905113,4.353562265681855,48.96031601840028,33.9853664777188,29.71168057770714,1.0,0.001,1.0,0.001,,,,,False,True,False,True,False,0.007071067811865475,0.007052346879988651,24,24,24,0,0.0,{},0.817615086250893,0.7353732638888888,0.0,False,True,False,True,False,False,0.0,48.96031601840028,33.9853664777188,48.96031601840028,98.08333333333333,1.0375964942851839,5.1469512448370045e-05,False,0.5156545705512713,False,0.009027777777777746,False,False,0.39746297959031224,0.009027777777777746,True,True,-0.6387169462222216,0.16671643814259784,7.868305131881088,False,opposite_direction
945,assignment_isolation,plus_one_randomisation,True,ok,38.021977829627296,4.0333019157965015,45.69383792933371,31.6522217890239,29.57026568551827,1.0,0.001,1.0,0.001,,,,,False,True,False,True,False,0.007071067811865475,0.007041233710384387,24,24,24,0,0.0,{},0.7904058313632782,0.7326241134751774,0.0,False,True,False,True,False,False,0.0,45.69383792933371,31.6522217890239,45.69383792933371,96.16666666666667,1.0209072121394733,0.01715621621290127,False,0.49707053178349264,False,0.02187500000000009,False,False,0.37305657222265776,0.02187500000000009,True,True,-1.2499456406953782,0.11559182358052579,6.269360886890666,False,opposite_direction
946,assignment_isolation,plus_one_randomisation,True,ok,39.83335722813731,3.6803586061231366,45.25849731153785,32.8270959291916,29.969002225195386,1.0,0.001,1.0,0.001,,,,,False,True,False,True,False,0.007071067811865475,0.007028754200765225,24,24,24,0,0.0,{},0.797287326388889,0.6916666666666665,0.0,False,True,False,True,False,False,0.0,45.25849731153786,32.8270959291916,45.25849731153786,96.375,1.0339578621676502,0.016959949330838,False,0.5199419855526665,False,0.023263888888888862,False,False,0.3861736038097752,0.023263888888888862,True,True,0.22431266487835344,0.26286234925900104,4.653574503670595,False,opposite_direction
947,assignment_isolation,plus_one_randomisation,True,ok,36.880144944487554,3.5019853621576624,43.468117698560754,31.64962357964652,29.92830803677417,1.0,0.001,1.0,0.001,,,,,False,True,False,True,False,0.007071067811865475,0.007032895400458357,24,24,24,0,0.0,{},0.7956790961065279,0.683139534883721,0.0,False,True,False,True,False,False,0.0,43.468117698560754,31.64962357964652,43.468117698560754,96.04166666666667,1.0313739827369761,0.013814946009989375,False,0.5063975492695902,False,0.02430555555555558,False,False,0.3576659172415866,0.02430555555555558,True,True,-2.9932312625184747,0.2084144202632894,6.05527645883639,False,opposite_direction
948,assignment_isolation,plus_one_randomisation,True,ok,39.874842003778376,4.694458684462365,47.97039430621659,32.11214169058164,30.56448130693082,1.0,0.001,1.0,0.001,,,,,False,True,False,True,False,0.007071067811865475,0.007070472109147764,24,24,24,0,0.0,{},0.8142144097222223,0.6666666666666667,0.0,False,True,False,True,False,False,0.0,47.9703943062166,32.11214169058164,47.9703943062166,95.79166666666667,1.0575461111552849,0.01940004239571609,False,0.5465316167515668,False,0.021180555555555536,False,False,0.37780016700182284,0.021180555555555536,True,True,0.611894312700442,0.26109532385159323,3.904976009325231,False,opposite_direction
949,assignment_isolation,plus_one_randomisation,True,ok,36.0236926743159,2.867970656724357,40.69476551927137,30.613589877466737,29.40357870798676,1.0,0.001,1.0,0.001,,,,,False,True,False,True,False,0.007071067811865475,0.007076647732444017,24,24,24,0,0.0,{},0.8096523655802006,0.7409176029962548,0.0,False,True,False,True,False,False,0.0,40.69476551927137,30.613589877466737,40.69476551927137,97.125,1.0253291140782446,0.011719403440339903,False,0.5165263903714916,False,0.037847222222222254,False,False,0.3511360075853503,0.037847222222222254,True,True,0.14935183866350402,0.20040241049005988,7.012961096291746,False,opposite_direction
950,assignment_isolation,plus_one_randomisation,True,ok,36.06618327543998,3.537156618230572,41.99754890080856,30.343432834498213,28.826394199246568,1.0,0.001,1.0,0.001,,,,,False,True,False,True,False,0.007071067811865475,0.007107365822727651,24,24,24,0,0.0,{},0.8112630208333335,0.6750508130081302,0.0,False,True,False,True,False,False,0.0,41.99754890080856,30.343432834498213,41.99754890080856,96.29166666666667,1.005225152960601,0.006332427573847912,False,0.5021540786114164,False,0.026388888888888906,False,False,0.35892152967178437,0.026388888888888906,True,True,-0.8017064701562591,0.08517740698296476,5.862461507868973,False,opposite_direction
951,assignment_isolation,plus_one_randomisation,True,ok,49.22885574578638,2.984372375210825,54.063114073809736,43.925165574973306,30.34036953856023,1.0,0.001,1.0,0.001,,,,,False,True,False,True,False,0.007071067811865475,0.007053004106822843,24,24,24,0,0.0,{},0.8079027777777776,0.6669089147286822,0.0,False,True,False,True,False,False,0.0,54.063114073809736,43.925165574973306,54.063114073809736,96.70833333333333,1.052196751202787,0.028410898847943795,False,0.509886278337032,False,0.012499999999999956,False,False,0.4663170301492874,0.012499999999999956,True,True,-0.1402117426333221,0.26346009805638243,7.703561535061224,False,opposite_direction
952,assignment_isolation,plus_one_randomisation,True,ok,44.689925102581505,3.8541741924153974,50.84468922991838,38.1128754864934,29.53737940828939,1.0,0.001,1.0,0.001,,,,,False,True,False,True,False,0.007071067811865475,0.007114167585818901,24,24,24,0,0.0,{},0.7950520833333332,0.70875,0.0,False,True,False,True,False,False,0.0,50.84468922991838,38.1128754864934,50.84468922991838,94.08333333333333,1.0191131495939274,0.044811749793123946,False,0.5300429995768164,False,0.03229166666666661,False,False,0.4387905082742313,0.03229166666666661,True,True,1.2241983809441568,0.1513400279755663,6.637993011081234,False,opposite_direction
953,assignment_isolation,plus_one_randomisation,True,ok,38.82070259093937,3.448309945251812,44.439383540781236,32.344059663581305,29.90947542812203,1.0,0.001,1.0,0.001,,,,,False,True,False,True,False,0.007071067811865475,0.007037517406174221,24,24,24,0,0.0,{},0.8056405141843974,0.7015917602996254,0.0,False,True,False,True,False,False,0.0,44.43938354078123,32.344059663581305,44.43938354078123,96.95833333333333,1.0363127783622736,0.003317154165749355,False,0.5044835372510359,False,0.018402777777777768,False,False,0.37528932783766583,0.018402777777777768,True,True,-0.3088577649724556,0.14551696932765457,5.077121207382372,False,opposite_direction
954,assignment_isolation,plus_one_randomisation,True,ok,28.947167086268866,3.1970370444190697,34.21553618258647,23.3830766672015,29.491851039816137,1.0,0.001,1.0,0.001,,,,,False,True,False,False,True,0.007071067811865475,0.007125867262024866,24,24,24,0,0.0,{},0.8078248517786559,0.7337912087912088,0.0,False,True,False,False,False,False,0.0,34.21553618258647,23.383076667201504,34.21553618258647,95.75,1.0282036838718438,0.025575877835133258,False,0.5184686342170362,False,0.04236111111111107,False,False,0.27630588751069063,0.04236111111111107,True,False,-0.6617441716888967,0.11943951174803713,3.874415430476872,False,inconclusive
955,assignment_isolation,plus_one_randomisation,True,ok,44.82163219621609,3.1891832807513043,50.05496598564337,39.63618538842484,30.432615499638594,1.0,0.001,1.0,0.001,,,,,False,True,False,True,False,0.007071067811865475,0.007066821411036735,24,24,24,0,0.0,{},0.7966144189634616,0.6963425925925926,0.0,False,True,False,True,False,False,0.0,50.05496598564337,39.63618538842484,50.05496598564337,95.875,1.052897484147474,0.023668918715274552,False,0.527749684190505,False,0.021180555555555536,False,False,0.42642629653264613,0.021180555555555536,True,True,0.8480945772520931,0.1940116414162563,6.244126117727967,False,opposite_direction
956,assignment_isolation,plus_one_randomisation,True,ok,40.38201644599261,3.659365063694163,46.67502049467574,34.139728254655815,30.40661564150276,1.0,0.001,1.0,0.001,,,,,False,True,False,True,False,0.007071067811865475,0.0070705220893922185,24,24,24,0,0.0,{},0.8012188573883163,0.6885658914728683,0.0,False,True,False,True,False,False,0.0,46.67502049467574,34.139728254655815,46.67502049467574,95.25,1.0491125065553324,0.0037318367966807,False,0.5229279012011478,False,0.018750000000000044,False,False,0.3858325685833715,0.018750000000000044,True,True,1.4625260919983576,0.17231026413791473,7.93453025849794,False,opposite_direction
957,assignment_isolation,plus_one_randomisation,True,ok,38.65295656509431,3.5240335288543663,45.33776036181312,33.201528821953914,30.26085669891041,1.0,0.001,1.0,0.001,,,,,False,True,False,True,False,0.007071067811865475,0.007063112651688778,24,24,24,0,0.0,{},0.7991935483870968,0.6935132575757577,0.0,False,True,False,True,False,False,0.0,45.33776036181312,33.201528821953914,45.33776036181312,96.0,1.0470874945154707,0.006808517288823221,False,0.5088110889359551,False,0.015972222222222165,False,False,0.3696685394453665,0.015972222222222165,True,True,0.6501559750389789,0.17799338254605787,4.817194985821698,False,opposite_direction
958,assignment_isolation,plus_one_randomisation,True,ok,44.64110354574916,4.0188011702503745,51.28290130696911,37.229381075411446,30.1065088375396,1.0,0.001,1.0,0.001,,,,,False,True,False,True,False,0.007071067811865475,0.007095298002173471,24,24,24,0,0.0,{},0.7972715968107673,0.723314606741573,0.0,False,True,False,True,False,False,0.0,51.28290130696911,37.229381075411446,51.28290130696911,94.83333333333333,1.0401154568369866,0.03188198783897813,False,0.5212026001586101,False,0.014236111111111116,False,False,0.42981761077640646,0.014236111111111116,True,True,0.04196737142888441,0.1805949002188849,6.18341322857153,False,opposite_direction
959,assignment_isolation,plus_one_randomisation,True,ok,43.46590335615869,3.551701597277104,50.182739061304275,37.688265645107045,29.846224202938917,1.0,0.001,1.0,0.001,,,,,False,True,False,True,False,0.007071067811865475,0.007082912006669924,24,24,24,0,0.0,{},0.7996598639455782,0.662087912087912,0.0,False,True,False,True,False,False,0.0,50.18273906130427,37.688265645107045,50.18273906130427,94.54166666666667,1.027739089334273,0.02719820073463277,False,0.5486045269019644,False,0.022916666666666585,False,False,0.423728151721725,0.022916666666666585,True,True,-0.2654973725890014,0.1873239598736811,6.435279162573931,False,opposite_direction
960,assignment_isolation,plus_one_randomisation,True,ok,42.712128854928324,3.3354883194514784,48.50693104941726,37.18409925446872,30.661616324828806,1.0,0.001,1.0,0.001,,,,,False,True,False,True,False,0.007071067811865475,0.007081813765229687,24,24,24,0,0.0,{},0.8048499316077441,0.7066375968992249,0.0,False,True,False,True,False,False,0.0,48.50693104941726,37.18409925446872,48.50693104941726,96.66666666666667,1.0674509363496325,0.02335846103503093,False,0.5258431579929284,False,0.01909722222222221,False,False,0.4011921190349604,0.01909722222222221,True,True,-0.6368994717120586,0.185520996833734,5.418052600605977,False,opposite_direction
961,assignment_isolation,plus_one_randomisation,True,ok,40.34514863507851,3.423756059491701,45.81071792819903,34.22526244736409,29.708054928884213,1.0,0.001,1.0,0.001,,,,,False,True,False,True,False,0.007071067811865475,0.0070637789763854965,24,24,24,0,0.0,{},0.8040816326530613,0.6731012658227848,0.0,False,True,False,True,False,False,0.0,45.81071792819903,34.22526244736409,45.81071792819903,96.08333333333333,1.0285025079290981,0.0028017890158015105,False,0.5230839439081167,False,0.04131944444444435,False,False,0.39328704190276975,0.04131944444444435,True,True,-1.280783587462534,0.1763335015426088,4.218840927529086,False,opposite_direction
962,assignment_isolation,plus_one_randomisation,True,ok,36.74345502192413,4.209724758171518,43.39773326927569,28.90514560402301,29.873705672116458,1.0,0.001,1.0,0.001,,,,,False,True,False,False,True,0.007071067811865475,0.007083825677809084,24,24,24,0,0.0,{},0.8046459167193316,0.686877394636015,0.0,False,True,False,False,False,False,0.0,43.39773326927568,28.90514560402301,43.39773326927568,94.41666666666667,1.0281377358528363,0.029559761351841105,False,0.511361193982839,False,0.020486111111111094,False,False,0.35745319630395367,0.020486111111111094,True,False,-1.5156599882691997,0.16648327642132582,3.931466452314298,False,inconclusive
963,assignment_isolation,plus_one_randomisation,True,ok,39.55504150685501,3.485465473646321,45.148163017914186,33.240841894692714,30.2176138315061,1.0,0.001,1.0,0.001,,,,,False,True,False,True,False,0.007071067811865475,0.007121487652802842,24,24,24,0,0.0,{},0.8074714849747753,0.722037037037037,0.0,False,True,False,True,False,False,0.0,45.148163017914186,33.240841894692714,45.148163017914186,95.16666666666667,1.0496471374191065,0.04769419621835863,False,0.545399902289697,False,0.030902777777777724,False,False,0.37758558930250685,0.030902777777777724,True,True,0.19423726133594457,0.21879595002601834,6.813170772839848,False,opposite_direction
964,assignment_isolation,plus_one_randomisation,True,ok,40.1293066724189,4.064926295838217,47.8545681444525,33.51377913022466,29.914883291211744,1.0,0.001,1.0,0.001,,,,,False,True,False,True,False,0.007071067811865475,0.007052096040568801,24,24,24,0,0.0,{},0.8070205836373112,0.7196629213483147,0.0,False,True,False,True,False,False,0.0,47.85456814445249,33.51377913022466,47.85456814445249,96.04166666666667,1.0337258565196192,0.00555402030262197,False,0.5154066370102047,False,0.01388888888888884,False,False,0.3891686461819361,0.01388888888888884,True,True,1.7561442436243344,0.1545744216025813,6.280291759173599,False,opposite_direction
965,assignment_isolation,plus_one_randomisation,True,ok,49.359371168007804,3.3767291733610687,55.14917221635011,43.63243482680009,30.832995133741967,1.0,0.001,1.0,0.001,,,,,False,True,False,True,False,0.007071067811865475,0.007060154402789245,24,24,24,0,0.0,{},0.8025989057239058,0.740964912280702,0.0,False,True,False,True,False,False,0.0,55.14917221635011,43.6324348268001,55.14917221635011,96.375,1.0685186659250065,0.03274184561882615,False,0.5011846404167173,False,0.021527777777777812,False,False,0.4608500546357431,0.021527777777777812,True,True,0.22267518359606825,0.15827861291504994,6.255048352124488,False,opposite_direction
966,assignment_isolation,plus_one_randomisation,True,ok,39.34730273362635,3.1906771829808678,44.74814453654322,34.013270510785716,29.467699408031674,1.0,0.001,1.0,0.001,,,,,False,True,False,True,False,0.007071067811865475,0.0070758918575058345,24,24,24,0,0.0,{},0.8173429893327606,0.742280701754386,0.0,False,True,False,True,False,False,0.0,44.748144536543215,34.013270510785716,44.748144536543215,97.625,1.030096581060766,0.004984767647088977,False,0.5196272306760922,False,0.014930555555555558,False,False,0.38283818849765316,0.014930555555555558,True,True,-0.4853797941696875,0.20393732702049247,4.660753318221225,False,opposite_direction
967,assignment_isolation,plus_one_randomisation,True,ok,48.0512556990617,3.1745238041033863,53.89441730951261,42.90674559947868,30.431966713114754,1.0,0.001,1.0,0.001,,,,,False,True,False,True,False,0.007071067811865475,0.007008073906850908,24,24,24,0,0.0,{},0.804124149659864,0.7081501831501832,0.0,False,True,False,True,False,False,0.0,53.89441730951261,42.90674559947868,53.89441730951261,97.41666666666667,1.0524835831523864,0.01824981453864296,False,0.5234389285412251,False,0.03749999999999998,False,False,0.4558358632237882,0.03749999999999998,True,True,-0.4408504847438219,0.10193004834484973,7.328128141972298,False,opposite_direction
968,assignment_isolation,plus_one_randomisation,True,ok,47.621870267408156,4.408530848538764,54.86991743730367,39.73815773606899,29.78630768335695,1.0,0.001,1.0,0.001,,,,,False,True,False,True,False,0.007071067811865475,0.007071593229964442,24,24,24,0,0.0,{},0.8085702016843972,0.6420833333333333,0.0,False,True,False,True,False,False,0.0,54.86991743730366,39.73815773606899,54.86991743730366,96.91666666666667,1.0368195591149916,0.018196529977364057,False,0.5173062658537169,False,0.018749999999999933,False,False,0.45840411016116916,0.018749999999999933,True,True,2.234614481268489,0.2406994705809269,6.908635262323873,False,opposite_direction
969,assignment_isolation,plus_one_randomisation,True,ok,40.72910776088822,2.831526393991082,45.43891809697159,35.665163894973375,30.986797703502628,1.0,0.001,1.0,0.001,,,,,False,True,False,True,False,0.007071067811865475,0.007039965455629056,24,24,24,0,0.0,{},0.777525982074752,0.648235294117647,0.0,False,True,False,True,False,False,0.0,45.4389180969716,35.665163894973375,45.4389180969716,93.875,1.0567985392933505,0.01602176464001215,False,0.49324342263827975,False,0.02499999999999991,False,False,0.3863257401210647,0.02499999999999991,True,True,0.5094937700713539,0.13501019920021437,6.375698522307823,False,opposite_direction
970,assignment_isolation,plus_one_randomisation,True,ok,34.59460220794062,4.313250796756306,41.97527794756206,25.94224656352705,29.46801406731017,1.0,0.001,1.0,0.001,,,,,False,True,False,False,True,0.007071067811865475,0.007091402584050316,24,24,24,0,0.0,{},0.8085855263157895,0.6870426829268294,0.0,False,True,False,False,False,False,0.0,41.97527794756206,25.94224656352705,41.97527794756206,96.33333333333333,1.0255133259485967,0.0012939375147350755,False,0.5110148570696771,False,0.011111111111111183,False,False,0.3363833395185292,0.011111111111111183,True,False,0.5180940585953125,0.1964098366787932,6.226161768093094,False,inconclusive
971,assignment_isolation,plus_one_randomisation,True,ok,35.94867238664286,4.525622617467952,43.607931439024256,27.373068104806894,29.883837613265133,1.0,0.001,1.0,0.001,,,,,False,True,False,False,True,0.007071067811865475,0.007033366036837521,24,24,24,0,0.0,{},0.7876829065513802,0.6696360153256705,0.0,False,True,False,False,False,False,0.0,43.60793143902426,27.373068104806894,43.60793143902426,95.0,1.0243099578677162,9.588632252526651e-05,False,0.5070743673496693,False,0.02951388888888884,False,False,0.3507346366681904,0.02951388888888884,True,False,-0.9010445070352601,0.19708941915564238,4.2149532181669915,False,inconclusive
972,assignment_isolation,plus_one_randomisation,True,ok,44.99301940075918,3.8919647963268185,51.59753026498479,38.86808758181994,29.932315091237307,1.0,0.001,1.0,0.001,,,,,False,True,False,True,False,0.007071067811865475,0.007054810727182358,24,24,24,0,0.0,{},0.7935389046717174,0.67078373015873,0.0,False,True,False,True,False,False,0.0,51.59753026498479,38.86808758181994,51.59753026498479,95.66666666666667,1.0327043354253627,0.030846021882818733,False,0.508552459344289,False,0.013541666666666563,False,False,0.43607234131245837,0.013541666666666563,True,True,-2.024447898367426,0.255468183824592,6.241928159998506,False,opposite_direction
973,assignment_isolation,plus_one_randomisation,True,ok,41.41933692076131,4.130345698595754,47.66515136252386,33.944998887140564,30.681159747196325,1.0,0.001,1.0,0.001,,,,,False,True,False,True,False,0.007071067811865475,0.007053389088824544,24,24,24,0,0.0,{},0.779122807017544,0.7149224806201552,0.0,False,True,False,True,False,False,0.0,47.66515136252386,33.944998887140564,47.66515136252386,94.33333333333333,1.0509261733920576,0.02360804410250227,False,0.4791309122680491,False,0.015277777777777724,False,False,0.39515472852082595,0.015277777777777724,True,True,-2.403148653455054,0.17021952589338749,3.9128671744830523,False,opposite_direction
974,assignment_isolation,plus_one_randomisation,True,ok,42.53225388063213,3.692099430758895,48.55317025765858,35.82852771834174,29.81037356656128,1.0,0.001,1.0,0.001,,,,,False,True,False,True,False,0.007071067811865475,0.007070253402754316,24,24,24,0,0.0,{},0.8153333333333335,0.729498106060606,0.0,False,True,False,True,False,False,0.0,48.553170257658586,35.82852771834174,48.553170257658586,96.91666666666667,1.0374606578509187,0.002561918994659825,False,0.5012771568852232,False,0.022222222222222254,False,False,0.41098537629385556,0.022222222222222254,True,True,-0.5530132752739821,0.1807375477503516,5.549589335906688,False,opposite_direction
975,assignment_isolation,plus_one_randomisation,True,ok,42.279160932942055,2.6405876787310443,47.35523009558016,38.19800950323483,29.908212084052096,1.0,0.001,1.0,0.001,,,,,False,True,False,True,False,0.007071067811865475,0.007102224761072138,24,24,24,0,0.0,{},0.8252050694014981,0.6870738636363636,0.0,False,True,False,True,False,False,0.0,47.35523009558016,38.19800950323483,47.35523009558016,97.41666666666667,1.048266001818646,0.007432829601892121,False,0.5295846552735087,False,0.025000000000000022,False,False,0.40438365236719354,0.025000000000000022,True,True,0.33308693209296353,0.21118255985101977,4.823000268448309,False,opposite_direction
976,assignment_isolation,plus_one_randomisation,True,ok,37.87773801786533,3.2685833287689983,44.61170959845966,32.69763049727746,29.914315422645238,1.0,0.001,1.0,0.001,,,,,False,True,False,True,False,0.007071067811865475,0.007030720852833662,24,24,24,0,0.0,{},0.8011949202166594,0.6541152263374485,0.0,False,True,False,True,False,False,0.0,44.61170959845966,32.69763049727746,44.61170959845966,96.66666666666667,1.0339208649197118,0.030467652474181574,False,0.5004960239552377,False,0.01736111111111105,False,False,0.36677680626161274,0.01736111111111105,True,True,-0.5026779254367585,0.16125165234704586,5.866410360269617,False,opposite_direction
977,assignment_isolation,plus_one_randomisation,True,ok,33.94043135463571,3.6813582065838646,39.861908584340874,27.330344969120013,29.774079899359382,1.0,0.001,1.0,0.001,,,,,False,True,False,False,True,0.007071067811865475,0.007084933436171242,24,24,24,0,0.0,{},0.8238854166666666,0.7280465949820786,0.0,False,True,False,False,False,False,0.0,39.861908584340874,27.330344969120016,39.861908584340874,97.0,1.0387953461292918,0.0025013678108906237,False,0.49934760419844243,False,0.03229166666666672,False,False,0.32510325420707153,0.03229166666666672,True,False,0.16599480360426092,0.17496213220564463,5.587605387703633,False,inconclusive
978,assignment_isolation,plus_one_randomisation,True,ok,34.908099733395325,4.271063144671563,42.60903995484451,28.266077240749077,30.10643073248928,1.0,0.001,1.0,0.001,,,,,False,True,False,False,True,0.007071067811865475,0.007097188667784747,24,24,24,0,0.0,{},0.8114144594007816,0.7203183520599251,0.0,False,True,False,False,False,False,0.0,42.60903995484451,28.26607724074908,42.60903995484451,96.0,1.0467699388491762,0.0009410008539031898,False,0.5133510772049514,False,0.015972222222222165,False,False,0.3322939506136147,0.015972222222222165,True,False,-0.13985346687973343,0.10568086332372498,5.987477428883686,False,inconclusive
979,assignment_isolation,plus_one_randomisation,True,ok,50.48803639576651,3.8235837079977624,56.86304426340177,44.000342882428946,30.306032066305946,1.0,0.001,1.0,0.001,,,,,False,True,False,True,False,0.007071067811865475,0.007099112778315403,24,24,24,0,0.0,{},0.7934529505582136,0.7166666666666667,0.0,False,True,False,True,False,False,0.0,56.86304426340177,44.000342882428946,56.86304426340177,96.08333333333333,1.0544529081338738,0.023694482794911393,False,0.5146637868461196,False,0.042013888888888906,False,False,0.4762873459688939,0.042013888888888906,True,True,1.1828213490420953,0.16307246176148843,7.85077464056838,False,opposite_direction
980,assignment_isolation,plus_one_randomisation,True,ok,43.47681642883098,3.3684615690232294,48.79935369594461,38.10188572391312,30.04905730165655,1.0,0.001,1.0,0.001,,,,,False,True,False,True,False,0.007071067811865475,0.007110110205423488,24,24,24,0,0.0,{},0.8061396357742181,0.7159420289855072,0.0,False,True,False,True,False,False,0.0,48.79935369594461,38.10188572391312,48.79935369594461,95.875,1.0459956464623907,0.006296908364423923,False,0.5306182274797104,False,0.019444444444444486,False,False,0.41659801255233425,0.019444444444444486,True,True,1.6155250390898817,0.17838802080333407,7.2371849446890675,False,opposite_direction
981,assignment_isolation,plus_one_randomisation,True,ok,40.21298891510373,4.232614516099674,48.24296009922657,33.40668630840569,30.41407169042889,1.0,0.001,1.0,0.001,,,,,False,True,False,True,False,0.007071067811865475,0.007098297183733136,24,24,24,0,0.0,{},0.8034344125859105,0.7207870370370372,0.0,False,True,False,True,False,False,0.0,48.24296009922657,33.40668630840569,48.24296009922657,95.58333333333333,1.0553337651877366,0.014771536488398967,False,0.5077523352390196,False,0.017708333333333437,False,False,0.3818872700449693,0.017708333333333437,True,True,2.1550884403610757,0.19936673652567938,6.490641231366738,False,opposite_direction
982,assignment_isolation,plus_one_randomisation,True,ok,38.4965838248588,3.564967588261744,44.13700468030427,31.757054989352056,29.103847788431953,1.0,0.001,1.0,0.001,,,,,False,True,False,True,False,0.007071067811865475,0.0070868126746414075,24,24,24,0,0.0,{},0.8164864812217547,0.6707865168539325,0.0,False,True,False,True,False,False,0.0,44.13700468030427,31.757054989352056,44.13700468030427,96.5,1.013059665871876,0.0011810559679454168,False,0.5227881082701655,False,0.019444444444444486,False,False,0.3808225523381326,0.019444444444444486,True,True,-0.4229671539640238,0.16131771601876557,6.9323143197393495,False,opposite_direction
983,assignment_isolation,plus_one_randomisation,True,ok,33.69024148953603,3.359706062094931,38.8135859490051,27.15453730044436,30.37651097891517,1.0,0.001,1.0,0.001,,,,,False,True,False,False,True,0.007071067811865475,0.007100519894661771,24,24,24,0,0.0,{},0.7967982456140351,0.7207880434782608,0.0,False,True,False,False,False,False,0.0,38.8135859490051,27.15453730044436,38.8135859490051,94.16666666666667,1.0465178524640584,0.003646443302103711,False,0.5138184966822477,False,0.05034722222222221,False,False,0.31997319600989055,0.05034722222222221,True,False,0.5987656530039074,0.19939152538188046,6.010927069170095,False,inconclusive
984,assignment_isolation,plus_one_randomisation,True,ok,42.52817118771935,3.5093014480816613,48.86660317647909,36.60460275155795,30.140061199138085,1.0,0.001,1.0,0.001,,,,,False,True,False,True,False,0.007071067811865475,0.007050295188343444,24,24,24,0,0.0,{},0.7989583333333332,0.713768115942029,0.0,False,True,False,True,False,False,0.0,48.86660317647909,36.60460275155795,48.86660317647909,95.54166666666667,1.0385271183986404,0.0518089642716928,False,0.5013329771334223,False,0.009722222222222188,False,False,0.4105293321579838,0.009722222222222188,True,True,0.8707903475404264,0.12919669641404408,6.439136546638548,False,opposite_direction
985,assignment_isolation,plus_one_randomisation,True,ok,45.59718928532126,4.445558805048467,53.63451664585063,38.203111476583956,30.372145002567628,1.0,0.001,1.0,0.001,,,,,False,True,False,True,False,0.007071067811865475,0.007053796994710791,24,24,24,0,0.0,{},0.8093532986111112,0.6707865168539325,0.0,False,True,False,True,False,False,0.0,53.63451664585063,38.203111476583956,53.63451664585063,95.95833333333333,1.0493244051365611,0.04432103772465137,False,0.48351934939084895,False,0.013194444444444398,False,False,0.43497415077808893,0.013194444444444398,True,True,-0.140370810604617,0.07565285163550367,6.211023902909113,False,opposite_direction
986,assignment_isolation,plus_one_randomisation,True,ok,36.187338240568174,3.3378105631147585,41.50640435742012,30.52965577027925,29.828627376061952,1.0,0.001,1.0,0.001,,,,,False,True,False,True,False,0.007071067811865475,0.007102731677192755,24,24,24,0,0.0,{},0.8090754908824216,0.7169540229885057,0.0,False,True,False,True,False,False,0.0,41.50640435742012,30.52965577027925,41.50640435742012,96.83333333333333,1.0424161295408285,0.011360193128489142,False,0.49224542143206657,False,0.022222222222222254,False,False,0.34673739998864106,0.022222222222222254,True,True,0.4602600971331877,0.16710993088455797,6.936303035385609,False,opposite_direction
987,assignment_isolation,plus_one_randomisation,True,ok,39.323107247139134,3.0975248812798943,44.665870216152605,33.94388019957607,29.6064666285692,1.0,0.001,1.0,0.001,,,,,False,True,False,True,False,0.007071067811865475,0.007083878494506173,24,24,24,0,0.0,{},0.8055995370370371,0.7207890070921985,0.0,False,True,False,True,False,False,0.0,44.665870216152605,33.94388019957607,44.665870216152605,97.08333333333333,1.0332371841383787,0.026612216477104222,False,0.5081398811026461,False,0.02777777777777779,False,False,0.3814137285921832,0.02777777777777779,True,True,-1.3027443918752997,0.18124189800797907,6.045722120080199,False,opposite_direction
988,assignment_isolation,plus_one_randomisation,True,ok,42.58248070964327,4.0520341209635395,48.151018183207285,34.14425112720706,31.309740959112258,1.0,0.001,1.0,0.001,,,,,False,True,False,True,False,0.007071067811865475,0.007015675099665707,24,24,24,0,0.0,{},0.770678876946699,0.7018981481481482,0.0,False,True,False,True,False,False,0.0,48.15101818320729,34.14425112720706,48.15101818320729,93.875,1.064128126053473,0.015117843323338313,False,0.5111324052248502,False,0.0371527777777777,False,False,0.40122324864801195,0.0371527777777777,True,True,-0.9961786772913249,0.18440463435175186,5.53081208129748,False,opposite_direction
989,assignment_isolation,plus_one_randomisation,True,ok,40.527550863578426,3.5987128307548444,46.55636412420351,34.4736543126768,30.595445494434315,1.0,0.001,1.0,0.001,,,,,False,True,False,True,False,0.007071067811865475,0.007045034840413693,24,24,24,0,0.0,{},0.8030467506151397,0.7235648148148147,0.0,False,True,False,True,False,False,0.0,46.556364124203505,34.4736543126768,46.556364124203505,96.75,1.0600721321328848,0.029776519287819735,False,0.5081625373878508,False,0.020138888888888817,False,False,0.3831774110188733,0.020138888888888817,True,True,0.27808599284445834,0.0915711056180258,7.058267885212777,False,opposite_direction
990,assignment_isolation,plus_one_randomisation,True,ok,39.1842575034237,3.377149538816399,44.53171967181426,33.301269149086984,29.18107269717112,1.0,0.001,1.0,0.001,,,,,False,True,False,True,False,0.007071067811865475,0.007081268320166551,24,24,24,0,0.0,{},0.7989690721649485,0.7363425925925925,0.0,False,True,False,True,False,False,0.0,44.531719671814265,33.301269149086984,44.531719671814265,95.875,1.0116609722021936,0.012652983619220386,False,0.5144998449514923,False,0.031597222222222165,False,False,0.3882813487822476,0.031597222222222165,True,True,3.234121253750182,0.3973131327140775,7.583950202981556,True,selection_limited
991,assignment_isolation,plus_one_randomisation,True,ok,35.279087728511186,3.4828072616259584,41.055754100908935,28.68904090187023,29.882528632846974,1.0,0.001,1.0,0.001,,,,,False,True,False,False,True,0.007071067811865475,0.007075582579421946,24,24,24,0,0.0,{},0.8120614035087722,0.7289930555555556,0.0,False,True,False,False,False,False,0.0,41.055754100908935,28.68904090187023,41.055754100908935,96.58333333333333,1.0389643541712204,0.026137183935500956,False,0.5195265171186136,False,0.0215277777777777,False,False,0.33873389785881125,0.0215277777777777,True,False,0.6049902534895584,0.14180756015632504,4.644027637183161,False,inconclusive
992,assignment_isolation,plus_one_randomisation,True,ok,38.38285177690387,3.639146129472424,45.242827888273645,32.72712588947747,29.810433979756944,1.0,0.001,1.0,0.001,,,,,False,True,False,True,False,0.007071067811865475,0.007047502340659541,24,24,24,0,0.0,{},0.7894503546099292,0.6689764492753623,0.0,False,True,False,True,False,False,0.0,45.242827888273645,32.72712588947747,45.242827888273645,96.375,1.0312304473172171,0.0235342530351761,False,0.5118594472762813,False,0.030208333333333393,False,False,0.3728209583240545,0.030208333333333393,True,True,0.5139526326375756,0.2699936520774915,6.932362279841415,False,opposite_direction
993,assignment_isolation,plus_one_randomisation,True,ok,43.75894166797726,4.865051326767116,52.27174059760431,35.11511411939313,29.594079770667562,1.0,0.001,1.0,0.001,,,,,False,True,False,True,False,0.007071067811865475,0.0070362638429916444,24,24,24,0,0.0,{},0.8164921035314763,0.6856431159420288,0.0,False,True,False,True,False,False,0.0,52.2717405976043,35.11511411939313,52.2717405976043,97.0,1.025422464808125,0.04858265886678094,False,0.494620626528768,False,0.028472222222222232,False,False,0.4274393254523414,0.028472222222222232,True,True,-0.598811808620023,0.05872191487818711,6.52425594652377,False,opposite_direction
994,assignment_isolation,plus_one_randomisation,True,ok,40.03416365605628,3.3212783503914802,45.97427476963851,34.84743063652715,29.55985514124049,1.0,0.001,1.0,0.001,,,,,False,True,False,True,False,0.007071067811865475,0.007103607638986615,24,24,24,0,0.0,{},0.7871133609693877,0.7081372549019607,0.0,False,True,False,True,False,False,0.0,45.97427476963852,34.84743063652715,45.97427476963852,94.125,1.018600220816554,0.03179391944061635,False,0.5345037371804913,False,0.019444444444444375,False,False,0.3940545324804762,0.019444444444444375,True,True,-0.5885552634972977,0.1572863016646849,7.251329722667546,False,opposite_direction
995,assignment_isolation,plus_one_randomisation,True,ok,34.55443263241374,3.9773018364448163,41.68958383887723,28.154322253762384,30.617189947348002,1.0,0.001,1.0,0.001,,,,,False,True,False,False,True,0.007071067811865475,0.007073015353953657,24,24,24,0,0.0,{},0.8082890070921986,0.7087499999999999,0.0,False,True,False,False,False,False,0.0,41.68958383887723,28.154322253762384,41.68958383887723,96.25,1.0622831746685477,0.014784021633370309,False,0.49937655467555847,False,0.01041666666666674,False,False,0.3235619071797272,0.01041666666666674,True,False,-0.22905245480231584,0.19475435024553364,6.1556058783372025,False,inconclusive
996,assignment_isolation,plus_one_randomisation,True,ok,45.277282619288265,3.300132477300124,51.06798494005366,39.3185021577798,30.97049334276814,1.0,0.001,1.0,0.001,,,,,False,True,False,True,False,0.007071067811865475,0.007034135649013984,24,24,24,0,0.0,{},0.7895606884057972,0.6398809523809523,0.0,False,True,False,True,False,False,0.0,51.06798494005366,39.3185021577798,51.06798494005366,95.125,1.0623709873074318,0.014064755560072285,False,0.5269185530271242,False,0.03229166666666672,False,False,0.42690536600681733,0.03229166666666672,True,True,-0.3709483054399433,0.21087322034665953,5.595041712568192,False,opposite_direction
997,assignment_isolation,plus_one_randomisation,True,ok,39.793535129964646,3.62989406818752,46.471087181759955,33.97505340685686,30.461577826845232,1.0,0.001,1.0,0.001,,,,,False,True,False,True,False,0.007071067811865475,0.007030876318763165,24,24,24,0,0.0,{},0.7873610634484861,0.6970695970695971,0.0,False,True,False,True,False,False,0.0,46.47108718175995,33.97505340685686,46.47108718175995,95.33333333333333,1.045572727458485,0.02919098803439069,False,0.5053958226315426,False,0.026736111111111183,False,False,0.38142310682033936,0.026736111111111183,True,True,-0.820317879347305,0.2590993556581577,5.795738386621761,False,opposite_direction
998,assignment_isolation,plus_one_randomisation,True,ok,46.84910720771976,3.1276954511854154,51.68607858111245,41.52478147687745,30.551421532922053,1.0,0.001,1.0,0.001,,,,,False,True,False,True,False,0.007071067811865475,0.007029494740898572,24,24,24,0,0.0,{},0.7821770380538398,0.7166666666666667,0.0,False,True,False,True,False,False,0.0,51.68607858111245,41.52478147687745,51.68607858111245,95.79166666666667,1.0509677800414332,0.02493575739583375,False,0.5192710642553512,False,0.021180555555555536,False,False,0.4456961463879518,0.021180555555555536,True,True,-0.8828297762614598,0.20624161286968054,6.154388070614107,False,opposite_direction
999,assignment_isolation,plus_one_randomisation,True,ok,43.54533376290789,3.5388139456183407,50.10507089029948,37.76661369056093,30.291247741820587,1.0,0.001,1.0,0.001,,,,,False,True,False,True,False,0.007071067811865475,0.007038024376599576,24,24,24,0,0.0,{},0.8089773936170214,0.719675925925926,0.0,False,True,False,True,False,False,0.0,50.10507089029948,37.76661369056093,50.10507089029948,97.83333333333333,1.054341641458909,0.0401920334029681,False,0.5186540753056554,False,0.016666666666666607,False,False,0.41399588890345335,0.016666666666666607,True,True,2.155009878122731,0.26402944925978145,8.273864514717005,False,opposite_direction
1000,assignment_isolation,plus_one_randomisation,True,ok,37.97719354809901,4.043601977721634,44.74746663010472,30.279320018540453,30.28238198756361,1.0,0.001,1.0,0.001,,,,,False,True,False,False,True,0.007071067811865475,0.0070362614444819714,24,24,24,0,0.0,{},0.7929824561403507,0.6870786516853934,0.0,False,True,False,False,False,False,0.0,44.74746663010472,30.27932001854045,44.74746663010472,96.95833333333333,1.0490461073633748,0.006479995997072841,False,0.5131623097726983,False,0.0371527777777777,False,False,0.36228174043073,0.0371527777777777,True,False,-1.9247979028053617,0.19953285245302396,6.33666176144737,False,inconclusive
1001,assignment_isolation,plus_one_randomisation,True,ok,38.705486086284786,2.884174997369871,43.58419818755197,33.6503867366891,29.569349913150855,1.0,0.001,1.0,0.001,,,,,False,True,False,True,False,0.007071067811865475,0.00708272243818538,24,24,24,0,0.0,{},0.8042774822695035,0.689831349206349,0.0,False,True,False,True,False,False,0.0,43.58419818755197,33.6503867366891,43.58419818755197,96.95833333333333,1.0311089925746653,0.008389429240024412,False,0.4995595889093993,False,0.01805555555555549,False,False,0.3760834223321064,0.01805555555555549,True,True,-2.050295182208331,0.18575453484655266,4.646431861665616,False,opposite_direction
1002,assignment_isolation,plus_one_randomisation,True,ok,36.62720569716692,3.445205401143223,42.18989507672044,30.985864369288237,29.070229313381756,1.0,0.001,1.0,0.001,,,,,False,True,False,True,False,0.007071067811865475,0.007097182673291888,24,24,24,0,0.0,{},0.8300904045828857,0.651764705882353,0.0,False,True,False,True,False,False,0.0,42.18989507672044,30.985864369288237,42.18989507672044,96.83333333333333,1.0151188364095414,0.012115238471094853,False,0.5000475891910868,False,0.046527777777777835,False,False,0.36103468235845715,0.046527777777777835,True,True,0.03842077521665327,0.11827045563396493,5.986375301144715,False,opposite_direction
1003,assignment_isolation,plus_one_randomisation,True,ok,36.67841208943306,4.284010726517702,44.017653182995396,29.65202766636439,29.166313018892094,1.0,0.001,1.0,0.001,,,,,False,True,False,True,False,0.007071067811865475,0.00705950280339054,24,24,24,0,0.0,{},0.8162456244633776,0.6666666666666666,0.0,False,True,False,True,False,False,0.0,44.017653182995396,29.65202766636439,44.017653182995396,96.70833333333333,1.0124127389716853,0.004416432491087386,False,0.5100327016790582,False,0.015277777777777835,False,False,0.3625630003906811,0.015277777777777835,True,True,0.6470086800347326,0.11980853455386993,6.31664412168799,False,opposite_direction
1004,assignment_isolation,plus_one_randomisation,True,ok,45.05441446088636,3.349274839261721,50.328318304695124,39.08701039461798,29.622443910301648,1.0,0.001,1.0,0.001,,,,,False,True,False,True,False,0.007071067811865475,0.007071710832324426,24,24,24,0,0.0,{},0.8194865319865319,0.6783730158730159,0.0,False,True,False,True,False,False,0.0,50.328318304695124,39.08701039461798,50.328318304695124,97.29166666666667,1.0331257958901376,0.006685132224736284,False,0.507251172536562,False,0.02083333333333337,False,False,0.4364721488981995,0.02083333333333337,True,True,2.7958427625240843,0.2009950717952554,7.691115968241155,False,opposite_direction
1005,assignment_isolation,plus_one_randomisation,True,ok,37.433588818960466,3.54499849025615,44.30234112683177,31.831710811283788,29.79811448111754,1.0,0.001,1.0,0.001,,,,,False,True,False,True,False,0.007071067811865475,0.007039671697443427,24,24,24,0,0.0,{},0.8039484649122808,0.683139534883721,0.0,False,True,False,True,False,False,0.0,44.30234112683177,31.831710811283788,44.30234112683177,96.95833333333333,1.0327703597318256,0.009925306590071981,False,0.5067876430198036,False,0.018402777777777768,False,False,0.36274049144035586,0.018402777777777768,True,True,0.25426007747302914,0.33142519274586835,6.73022824081885,False,opposite_direction
1006,assignment_isolation,plus_one_randomisation,True,ok,42.74269504123986,4.039885335401024,49.997094919025635,36.24993594156216,30.09887756502498,1.0,0.001,1.0,0.001,,,,,False,True,False,True,False,0.007071067811865475,0.007085890405450531,24,24,24,0,0.0,{},0.8137709658762291,0.7435897435897435,0.0,False,True,False,True,False,False,0.0,49.997094919025635,36.24993594156216,49.997094919025635,97.25,1.0516217038485465,0.0028115334992769845,False,0.5147972132171516,False,0.017013888888888884,False,False,0.40749246469889844,0.017013888888888884,True,True,0.04560706038025018,0.16095518105920656,7.093500840235911,False,opposite_direction
1007,assignment_isolation,plus_one_randomisation,True,ok,37.7523507311376,3.7433593418154403,43.15790630020804,30.350082221060603,30.232617153393072,1.0,0.001,1.0,0.001,,,,,False,True,False,True,False,0.007071067811865475,0.007085523935131425,24,24,24,0,0.0,{},0.7873195614856427,0.7325670498084293,0.0,False,True,False,True,False,False,0.0,43.15790630020805,30.350082221060603,43.15790630020805,95.20833333333333,1.045093627419718,0.0014380796357803172,False,0.48909711133838235,False,0.02083333333333337,False,False,0.3614685885355291,0.02083333333333337,True,True,-0.8533431772739744,0.1557241652773483,5.970722035867263,False,opposite_direction
1008,assignment_isolation,plus_one_randomisation,True,ok,36.68690496851056,3.399077865808377,42.337230268314244,30.544523710669175,29.706038089533827,1.0,0.001,1.0,0.001,,,,,False,True,False,True,False,0.007071067811865475,0.007049638039940925,24,24,24,0,0.0,{},0.795401971423404,0.6870535714285715,0.0,False,True,False,True,False,False,0.0,42.337230268314244,30.54452371066917,42.337230268314244,95.20833333333333,1.021689754249667,0.01649532951321827,False,0.5021431089231375,False,0.01736111111111116,False,False,0.359227369212457,0.01736111111111116,True,True,0.3174247683043241,0.11193541933755735,5.7645889026859365,False,opposite_direction
1009,assignment_isolation,plus_one_randomisation,True,ok,39.00021098103299,4.065814707502198,46.0439068883292,32.14331041572084,30.041037350324824,1.0,0.001,1.0,0.001,,,,,False,True,False,True,False,0.007071067811865475,0.00710621160805916,24,24,24,0,0.0,{},0.7978415834418875,0.7159176029962545,0.0,False,True,False,True,False,False,0.0,46.0439068883292,32.14331041572084,46.0439068883292,96.0,1.0458241875034306,0.02892669311033998,False,0.513853101603913,False,0.029861111111111116,False,False,0.37355106054488796,0.029861111111111116,True,True,-0.08109747821976097,0.09522799847040486,6.183759028996032,False,opposite_direction
1010,assignment_isolation,plus_one_randomisation,True,ok,38.53222902060597,3.3688968640921204,44.253023560177574,32.81732560547591,29.88773290934828,1.0,0.001,1.0,0.001,,,,,False,True,False,True,False,0.007071067811865475,0.0071024165245607415,24,24,24,0,0.0,{},0.8067867772108843,0.6732558139534881,0.0,False,True,False,True,False,False,0.0,44.253023560177574,32.81732560547591,44.253023560177574,96.125,1.040608316331966,0.006444786589873454,False,0.515619206432064,False,0.023263888888888862,False,False,0.370843338872094,0.023263888888888862,True,True,1.1101951938269294,0.12299063522826248,7.156279093412933,False,opposite_direction
1011,assignment_isolation,plus_one_randomisation,True,ok,39.29017923059785,3.28987681955882,45.22419591078739,33.93032166498557,30.173616963950366,1.0,0.001,1.0,0.001,,,,,False,True,False,True,False,0.007071067811865475,0.007068373404097395,24,24,24,0,0.0,{},0.8007519040224786,0.7409259259259259,0.0,False,True,False,True,False,False,0.0,45.22419591078739,33.93032166498557,45.22419591078739,95.66666666666667,1.0430309185005815,0.022254342913754922,False,0.5045189373623186,False,0.013541666666666563,False,False,0.37743285945410143,0.013541666666666563,True,True,1.3480919718274076,0.14357907943553938,5.6934763091769405,False,opposite_direction
1012,assignment_isolation,plus_one_randomisation,True,ok,39.05155200493807,3.330545539247521,45.14835741733584,33.48213224681114,29.764693496423025,1.0,0.001,1.0,0.001,,,,,False,True,False,True,False,0.007071067811865475,0.007077457845734206,24,24,24,0,0.0,{},0.797938144329897,0.6687500000000001,0.0,False,True,False,True,False,False,0.0,45.14835741733584,33.48213224681114,45.14835741733584,95.0,1.0266218730833847,0.0023603537539012578,False,0.5080793463312752,False,0.01909722222222221,False,False,0.38121678199690445,0.01909722222222221,True,True,-0.11669636925817298,0.12664823357166644,5.700541546524117,False,opposite_direction
1013,assignment_isolation,plus_one_randomisation,True,ok,35.61897063212438,3.8358554647392165,41.83216432175078,28.819331771157636,29.72864632756538,1.0,0.001,1.0,0.001,,,,,False,True,False,False,True,0.007071067811865475,0.007121282037499305,24,24,24,0,0.0,{},0.8061447368421051,0.7248168498168498,0.0,False,True,False,False,False,False,0.0,41.83216432175078,28.819331771157636,41.83216432175078,96.5,1.039841106283082,0.01510058337157718,False,0.5087777714084415,False,0.032638888888888884,False,False,0.3418846225206611,0.032638888888888884,True,False,0.274531186476961,0.13458782221880344,5.551262052095969,False,inconclusive
1014,assignment_isolation,plus_one_randomisation,True,ok,39.31664800517154,3.9863082801547853,46.217476921766234,32.90956973476757,29.94256196181052,1.0,0.001,1.0,0.001,,,,,False,True,False,True,False,0.007071067811865475,0.007039749341560428,24,24,24,0,0.0,{},0.7944407870675152,0.6659340659340659,0.0,False,True,False,True,False,False,0.0,46.217476921766234,32.90956973476757,46.217476921766234,95.625,1.0306278672449727,0.015154021606252368,False,0.5136229475370998,False,0.01388888888888884,False,False,0.3823337037496535,0.01388888888888884,True,True,-1.2191919315113646,0.2239009858593901,4.7223424828937866,False,opposite_direction
1015,assignment_isolation,plus_one_randomisation,True,ok,43.54161637101436,4.7424240583233805,51.32126010323343,34.45068382932683,30.826802355582018,1.0,0.001,1.0,0.001,,,,,False,True,False,True,False,0.007071067811865475,0.007022565647336804,24,24,24,0,0.0,{},0.794141282750724,0.7250000000000001,0.0,False,True,False,True,False,False,0.0,51.32126010323342,34.45068382932683,51.32126010323342,96.54166666666667,1.063534753469258,0.0237269944288794,False,0.5139248811283494,False,0.01666666666666672,False,False,0.41043028367102735,0.01666666666666672,True,True,1.7406750952157832,0.15136862198308915,8.61992797598149,False,opposite_direction
1016,assignment_isolation,plus_one_randomisation,True,ok,40.66555503606963,2.8643282953508895,46.32695191029304,36.6681790024857,30.3665019461439,1.0,0.001,1.0,0.001,,,,,False,True,False,True,False,0.007071067811865475,0.007097731912910636,24,24,24,0,0.0,{},0.7979599608312478,0.7303370786516853,0.0,False,True,False,True,False,False,0.0,46.32695191029304,36.6681790024857,46.32695191029304,95.41666666666667,1.0526802690148656,0.0017629909483047627,False,0.5097814109198759,False,0.02777777777777768,False,False,0.3872445669723037,0.02777777777777768,True,True,-1.5236401525671615,0.1520882525875417,6.9159814709379335,False,opposite_direction
1017,assignment_isolation,plus_one_randomisation,True,ok,40.051509543031436,3.911358446155464,46.97742655673417,33.50990801259444,29.538810290178745,1.0,0.001,1.0,0.001,,,,,False,True,False,True,False,0.007071067811865475,0.007060364641143594,24,24,24,0,0.0,{},0.801466836734694,0.6935393258426965,0.0,False,True,False,True,False,False,0.0,46.97742655673417,33.50990801259444,46.97742655673417,95.66666666666667,1.0199302114593387,0.023575880416779774,False,0.5091691530064721,False,0.022916666666666696,False,False,0.3937089635082576,0.022916666666666696,True,True,-0.5690343980574898,0.11280872125507696,7.031738382936839,False,opposite_direction
1018,assignment_isolation,plus_one_randomisation,True,ok,43.044619274522326,4.041061776635232,50.523816870429876,36.94907149610044,29.642053685456897,1.0,0.001,1.0,0.001,,,,,False,True,False,True,False,0.007071067811865475,0.007102417424357342,24,24,24,0,0.0,{},0.8243162213338943,0.674824561403509,0.0,False,True,False,True,False,False,0.0,50.523816870429876,36.94907149610044,50.523816870429876,96.16666666666667,1.0322782297140114,0.033590961736532345,False,0.523586001306075,False,0.0253472222222223,False,False,0.41791213314896436,0.0253472222222223,True,True,-0.008948721173313327,0.2856143531155229,5.331342678890596,False,opposite_direction
1019,assignment_isolation,plus_one_randomisation,True,ok,36.67242466285026,4.584368460084636,44.47996774458599,28.564098501381434,30.350876967160584,1.0,0.001,1.0,0.001,,,,,False,True,False,False,True,0.007071067811865475,0.007027584151917466,24,24,24,0,0.0,{},0.7978954081632653,0.6581349206349206,0.0,False,True,False,False,False,False,0.0,44.47996774458599,28.564098501381434,44.47996774458599,95.45833333333333,1.041967629504144,0.011437340287597181,False,0.48500448174193117,False,0.028124999999999956,False,False,0.3517813154704422,0.028124999999999956,True,False,-0.3828899663257281,0.11516355599246947,5.054011682187884,False,inconclusive
1020,assignment_isolation,plus_one_randomisation,True,ok,37.46424545834524,2.843772443446506,42.50797464012319,32.72932950812672,29.965575442453783,1.0,0.001,1.0,0.001,,,,,False,True,False,True,False,0.007071067811865475,0.007038927140448654,24,24,24,0,0.0,{},0.7965663965663967,0.7137362637362635,0.0,False,True,False,True,False,False,0.0,42.50797464012319,32.72932950812672,42.50797464012319,96.125,1.0339922238983847,0.03756808220835941,False,0.531484750910769,False,0.027083333333333348,False,False,0.36260355356687923,0.027083333333333348,True,True,-0.6178159759616658,0.10957847986607246,6.694670359725963,False,opposite_direction
1021,assignment_isolation,plus_one_randomisation,True,ok,41.309576202739756,3.865708651057825,48.05587567465712,34.69984568801674,29.986778501027448,1.0,0.001,1.0,0.001,,,,,False,True,False,True,False,0.007071067811865475,0.007054582740825001,24,24,24,0,0.0,{},0.7890215464076471,0.7089473684210523,0.0,False,True,False,True,False,False,0.0,48.05587567465712,34.69984568801674,48.05587567465712,95.91666666666667,1.0359008427377454,0.013543024008140761,False,0.5142835643989241,False,0.03715277777777781,False,False,0.39983652388016155,0.03715277777777781,True,True,-1.0448901494022385,0.11047382012653967,5.449644806555157,False,opposite_direction
1022,assignment_isolation,plus_one_randomisation,True,ok,45.97779018403305,3.7119252056842376,51.94995552300553,39.5273519429322,30.682393267674268,1.0,0.001,1.0,0.001,,,,,False,True,False,True,False,0.007071067811865475,0.0070863698775575894,24,24,24,0,0.0,{},0.8024048128244501,0.7454071969696969,0.0,False,True,False,True,False,False,0.0,51.94995552300552,39.5273519429322,51.94995552300552,96.54166666666667,1.0681701793616463,0.013193959647186749,False,0.5072227368348844,False,0.023263888888888862,False,False,0.4310183148538759,0.023263888888888862,True,True,-1.3313630508593786,0.28068389263693744,5.393609542620052,False,opposite_direction
1023,assignment_isolation,plus_one_randomisation,True,ok,36.47862115225233,4.299154205505994,44.23800355768058,29.69752674719747,29.248882036803725,1.0,0.001,1.0,0.001,,,,,False,True,False,True,False,0.007071067811865475,0.007006215858306636,24,24,24,0,0.0,{},0.7977291666666666,0.690038314176245,0.0,False,True,False,True,False,False,0.0,44.23800355768058,29.69752674719747,44.23800355768058,97.0,1.0091335753310617,0.011633773174531143,False,0.4920844869278206,False,0.023263888888888862,False,False,0.36172894280171985,0.023263888888888862,True,True,1.2167157889065794,0.12204484928366012,5.077854777674207,False,opposite_direction
1024,assignment_isolation,plus_one_randomisation,True,ok,41.540556400641066,4.39398669878605,48.377669811498755,32.59848876798203,29.911451239528592,1.0,0.001,1.0,0.001,,,,,False,True,False,True,False,0.007071067811865475,0.007012355488291187,24,24,24,0,0.0,{},0.7956211734693877,0.6482352941176471,0.0,False,True,False,True,False,False,0.0,48.377669811498755,32.59848876798203,48.377669811498755,96.33333333333333,1.0293420325421563,0.021875528045549493,False,0.5162391733505728,False,0.04097222222222219,False,False,0.4046225473424719,0.04097222222222219,True,True,0.779773400685083,0.15361481404330904,6.706874838736137,False,opposite_direction
1025,assignment_isolation,plus_one_randomisation,True,ok,42.902172390134034,4.389605184403541,49.81527918040393,34.34889622338575,29.511454792453662,1.0,0.001,1.0,0.001,,,,,False,True,False,True,False,0.007071067811865475,0.007066604831182035,24,24,24,0,0.0,{},0.8094753401360544,0.7186379928315412,0.0,False,True,False,True,False,False,0.0,49.81527918040393,34.34889622338575,49.81527918040393,96.04166666666667,1.0218832328609224,0.013323609170371111,False,0.5073805069159519,False,0.02256944444444442,False,False,0.42070525371047696,0.02256944444444442,True,True,0.4342870538566432,0.1798718124594338,7.150841116377275,False,opposite_direction
1026,assignment_isolation,plus_one_randomisation,True,ok,40.69068824515622,3.5631307799926146,47.03794339321035,34.86892902608735,30.326565986427006,1.0,0.001,1.0,0.001,,,,,False,True,False,True,False,0.007071067811865475,0.0070642170106787845,24,24,24,0,0.0,{},0.8039503103956229,0.6877394636015325,0.0,False,True,False,True,False,False,0.0,47.03794339321035,34.86892902608735,47.03794339321035,96.0,1.0495252439311984,0.010911504912966401,False,0.5103468265852713,False,0.006597222222222254,False,False,0.3886666053908625,0.006597222222222254,True,True,0.11213754812203158,0.1793772268246508,6.42414308881078,False,opposite_direction
1027,assignment_isolation,plus_one_randomisation,True,ok,45.51300295933445,4.315932057192083,52.13910509530194,37.07870236094331,30.577142983412255,1.0,0.001,1.0,0.001,,,,,False,True,False,True,False,0.007071067811865475,0.007079298434534408,24,24,24,0,0.0,{},0.7969754947433518,0.7088315217391302,0.0,False,True,False,True,False,False,0.0,52.13910509530194,37.07870236094331,52.13910509530194,95.125,1.0556123538091815,0.015888193039348682,False,0.5121706759156773,False,0.007986111111111138,False,False,0.43171152949013525,0.007986111111111138,True,True,-0.17094733403448592,0.12159761199176851,8.541098183988359,False,opposite_direction
1028,assignment_isolation,plus_one_randomisation,True,ok,35.1104394726401,3.6601597438028244,39.877574998394714,25.197781568034777,29.720540082338616,1.0,0.001,1.0,0.001,,,,,False,True,False,False,True,0.007071067811865475,0.00708702653418789,24,24,24,0,0.0,{},0.8153428819444445,0.7331501831501832,0.0,False,True,False,False,False,False,0.0,39.877574998394714,25.19778156803478,39.877574998394714,97.25,1.038569502169422,0.0017616630910644155,False,0.5044270307122478,False,0.029861111111111116,False,False,0.33715218669824454,0.029861111111111116,True,False,0.31297350839753635,0.11533596744508598,3.978196718202478,False,inconclusive
1029,assignment_isolation,plus_one_randomisation,True,ok,40.42098260779559,4.658047203282977,47.8476044249378,32.792087471469486,30.662322432540034,1.0,0.001,1.0,0.001,,,,,False,True,False,True,False,0.007071067811865475,0.007045846510042708,24,24,24,0,0.0,{},0.7941812172371261,0.7037037037037036,0.0,False,True,False,True,False,False,0.0,47.8476044249378,32.792087471469486,47.8476044249378,95.58333333333333,1.0560860707591078,0.0009898303682509448,False,0.5198388513998683,False,0.026388888888888906,False,False,0.38361985643064794,0.026388888888888906,True,True,-0.5920562942137797,0.1671234133989841,6.339425138249826,False,opposite_direction
1030,assignment_isolation,plus_one_randomisation,True,ok,38.80379212534246,4.197046085960962,45.40853302245125,31.01906196633598,29.737693846932455,1.0,0.001,1.0,0.001,,,,,False,True,False,True,False,0.007071067811865475,0.007033539175218905,24,24,24,0,0.0,{},0.7928255516154453,0.6575842696629213,0.0,False,True,False,True,False,False,0.0,45.40853302245125,31.01906196633598,45.40853302245125,95.20833333333333,1.0204428392065668,0.00217725286169877,False,0.5038770721828932,False,0.02777777777777779,False,False,0.38108943704320963,0.02777777777777779,True,True,-2.359917616198428,0.21106762825461667,6.432213557606156,False,opposite_direction
1031,assignment_isolation,plus_one_randomisation,True,ok,42.89007307289476,4.0824741528098345,49.657659009227274,35.92983409112303,29.499034391238773,1.0,0.001,1.0,0.001,,,,,False,True,False,True,False,0.007071067811865475,0.0070936428911374215,24,24,24,0,0.0,{},0.807400839054157,0.7111979166666667,0.0,False,True,False,True,False,False,0.0,49.657659009227274,35.92983409112303,49.657659009227274,96.125,1.025806159156026,0.013993804554441394,False,0.48865686803668246,False,0.03749999999999998,False,False,0.41901596955333853,0.03749999999999998,True,True,-1.2534906530653986,0.16881055679248158,6.8626084855167235,False,opposite_direction
1032,assignment_isolation,plus_one_randomisation,True,ok,45.29575543687444,4.568326462509954,52.85099065820489,36.96102944829988,30.405479197778746,1.0,0.001,1.0,0.001,,,,,False,True,False,True,False,0.007071067811865475,0.007087374101923708,24,24,24,0,0.0,{},0.8058803763440859,0.7120786516853934,0.0,False,True,False,True,False,False,0.0,52.85099065820489,36.96102944829988,52.85099065820489,96.29166666666667,1.0573081159763336,0.012608178255267128,False,0.5375162771721366,False,0.011805555555555625,False,False,0.4290550747975311,0.011805555555555625,True,True,0.17023733983962278,0.13792055925196806,6.521359891201892,False,opposite_direction
1033,assignment_isolation,plus_one_randomisation,True,ok,34.5741297232036,3.70863720817758,40.407462443528296,28.176349078783424,29.962810072999794,1.0,0.001,1.0,0.001,,,,,False,True,False,False,True,0.007071067811865475,0.00701609131322854,24,24,24,0,0.0,{},0.7839870311471813,0.6874542124542125,0.0,False,True,False,False,False,False,0.0,40.407462443528296,28.17634907878342,40.407462443528296,96.70833333333333,1.03366480127628,0.011369542909032257,False,0.5237820186305027,False,0.038541666666666585,False,False,0.33335258907462306,0.038541666666666585,True,False,0.08858727139259742,0.14530485459777842,5.157717316718441,False,inconclusive
1034,assignment_isolation,plus_one_randomisation,True,ok,37.352407661628355,3.7270954201468705,43.731402248507905,30.56084712717545,30.176692821899255,1.0,0.001,1.0,0.001,,,,,False,True,False,True,False,0.007071067811865475,0.007075085344433128,24,24,24,0,0.0,{},0.7970783011272142,0.6992592592592591,0.0,False,True,False,True,False,False,0.0,43.73140224850791,30.56084712717545,43.73140224850791,95.33333333333333,1.0423071539552802,0.003165927062576227,False,0.5424422677042923,False,0.012847222222222232,False,False,0.35847930353419655,0.012847222222222232,True,True,-0.18109502335349117,0.0808990375863068,5.132815729643258,False,opposite_direction
1035,assignment_isolation,plus_one_randomisation,True,ok,44.32788104350961,4.192087751271706,51.83472451283421,37.75880795545136,30.598336997446776,1.0,0.001,1.0,0.001,,,,,False,True,False,True,False,0.007071067811865475,0.007073440341176388,24,24,24,0,0.0,{},0.8061886596461065,0.7120535714285714,0.0,False,True,False,True,False,False,0.0,51.83472451283421,37.75880795545136,51.83472451283421,95.875,1.059622596877713,0.01140699859333474,False,0.5296050824392031,False,0.014236111111111116,False,False,0.4192372955173676,0.014236111111111116,True,True,1.164833339457883,0.13847522164761927,7.820322183343282,False,opposite_direction
1036,assignment_isolation,plus_one_randomisation,True,ok,43.905730017534985,3.7021179376572917,50.25266770565498,37.65907728889472,29.980949356021167,1.0,0.001,1.0,0.001,,,,,False,True,False,True,False,0.007071067811865475,0.007066779265025463,24,24,24,0,0.0,{},0.809531720715931,0.6417174796747968,0.0,False,True,False,True,False,False,0.0,50.25266770565498,37.65907728889472,50.25266770565498,96.04166666666667,1.0381658891351113,0.0006741644423449312,False,0.53030448243593,False,0.01909722222222221,False,False,0.4237173336748301,0.01909722222222221,True,True,0.791046077478014,0.14497926128855848,6.217399580222879,False,opposite_direction
1037,assignment_isolation,plus_one_randomisation,True,ok,36.70897360776766,3.462063897822335,42.553864269091235,30.55069107168277,30.187376399144657,1.0,0.001,1.0,0.001,,,,,False,True,False,True,False,0.007071067811865475,0.006993527164987324,24,24,24,0,0.0,{},0.7999558477237048,0.6734375,0.0,False,True,False,True,False,False,0.0,42.553864269091235,30.550691071682774,42.553864269091235,97.875,1.0443054101409028,0.009519267588949755,False,0.5226420648308093,False,0.060416666666666674,True,False,0.35132241920673,0.060416666666666674,True,True,-1.494967178983416,0.10205993047752193,4.079257181405656,False,selection_limited
1038,assignment_isolation,plus_one_randomisation,True,ok,46.36775131786226,3.4484484403412217,51.877251397537286,40.31658294610159,30.014285898990487,1.0,0.001,1.0,0.001,,,,,False,True,False,True,False,0.007071067811865475,0.0070788776110169305,24,24,24,0,0.0,{},0.803724337439343,0.7119318181818182,0.0,False,True,False,True,False,False,0.0,51.877251397537286,40.31658294610159,51.877251397537286,95.83333333333333,1.0399697818453482,0.06626832914218948,False,0.5256044864380823,False,0.015625,False,False,0.445777256484974,0.015625,True,True,0.8199653361279268,0.11687497860445592,8.313742949136268,False,opposite_direction
1039,assignment_isolation,plus_one_randomisation,True,ok,43.21116832273621,3.3603027131455185,49.18776972149813,37.79081729505012,30.43128524435558,1.0,0.001,1.0,0.001,,,,,False,True,False,True,False,0.007071067811865475,0.0070739362079450035,24,24,24,0,0.0,{},0.7960364198871037,0.7320199275362317,0.0,False,True,False,True,False,False,0.0,49.187769721498135,37.79081729505012,49.187769721498135,96.08333333333333,1.0550558962300018,0.006998832900965474,False,0.4950265414243473,False,0.017708333333333326,False,False,0.4105869647008975,0.017708333333333326,True,True,-0.1203637914894231,0.07541335265204402,7.279679358411021,False,opposite_direction
1040,assignment_isolation,plus_one_randomisation,True,ok,39.6823199754727,3.361745937452289,45.3715777340133,33.745457526261426,30.239775490330217,1.0,0.001,1.0,0.001,,,,,False,True,False,True,False,0.007071067811865475,0.007068288260081232,24,24,24,0,0.0,{},0.7956053595527279,0.7221014492753622,0.0,False,True,False,True,False,False,0.0,45.3715777340133,33.745457526261426,45.3715777340133,94.79166666666667,1.0405139309303126,0.018377854622774078,False,0.5138593247643608,False,0.03298611111111116,False,False,0.38222123412031045,0.03298611111111116,True,True,-0.8896038469894586,0.15577037199705263,5.872128969728172,False,opposite_direction
1041,assignment_isolation,plus_one_randomisation,True,ok,32.41279899044836,3.7290401861893625,39.07758016685141,25.977637661298644,29.159051492834003,1.0,0.001,1.0,0.001,,,,,False,True,False,False,True,0.007071067811865475,0.0070819528990419016,24,24,24,0,0.0,{},0.8062074829931972,0.7370689655172411,0.0,False,True,False,False,False,False,0.0,39.07758016685141,25.977637661298644,39.07758016685141,96.91666666666667,1.016472574728798,0.00843372734260996,False,0.5054091686035652,False,0.033333333333333326,False,False,0.31670500109095495,0.033333333333333326,True,False,1.6407072346051434,0.2161562279855707,4.935805300287941,False,inconclusive
1042,assignment_isolation,plus_one_randomisation,True,ok,38.36397767500957,3.600992337964518,45.19521803953145,31.970163074387287,29.837244367247877,1.0,0.001,1.0,0.001,,,,,False,True,False,True,False,0.007071067811865475,0.00702247485588656,24,24,24,0,0.0,{},0.7820614035087718,0.6862745098039216,0.0,False,True,False,True,False,False,0.0,45.19521803953145,31.970163074387287,45.19521803953145,95.125,1.0218008115608088,0.064958650188353,False,0.5350399019645018,False,0.028472222222222232,False,False,0.37616279567463873,0.028472222222222232,True,True,-0.24247738113503822,0.19771894945128565,5.109907631485047,False,opposite_direction
1043,assignment_isolation,plus_one_randomisation,True,ok,42.530240352929674,3.6643597762294986,49.26330557262405,36.11475159152377,30.28930984327597,1.0,0.001,1.0,0.001,,,,,False,True,False,True,False,0.007071067811865475,0.0070212817122988465,24,24,24,0,0.0,{},0.7901504666595693,0.7083333333333334,0.0,False,True,False,True,False,False,0.0,49.26330557262404,36.11475159152377,49.26330557262404,96.08333333333333,1.0423169763045217,0.0011217359147005154,False,0.5140929498343092,False,0.027430555555555514,False,False,0.4090722298172759,0.027430555555555514,True,True,1.2607109323415107,0.11816629680549015,6.697654581727386,False,opposite_direction
1044,assignment_isolation,plus_one_randomisation,True,ok,35.414780181567636,3.496809821709655,41.30713650299461,29.820752729531392,29.667274845539964,1.0,0.001,1.0,0.001,,,,,False,True,False,True,False,0.007071067811865475,0.007083936779697444,24,24,24,0,0.0,{},0.805700077570922,0.7492673992673993,0.0,False,True,False,True,False,False,0.0,41.30713650299461,29.820752729531392,41.30713650299461,96.91666666666667,1.0344787416434362,0.04079092387640481,False,0.5040038135960845,False,0.008333333333333304,False,False,0.3416754072101107,0.008333333333333304,True,True,-1.0267295020715361,0.24102024820102197,5.0181858276191305,False,opposite_direction
1045,assignment_isolation,plus_one_randomisation,True,ok,42.14883517072807,4.494839034438823,49.000970858349945,34.01588235087787,29.936289994664776,1.0,0.001,1.0,0.001,,,,,False,True,False,True,False,0.007071067811865475,0.007033746034590423,24,24,24,0,0.0,{},0.8087291666666667,0.6968992248062015,0.0,False,True,False,True,False,False,0.0,49.000970858349945,34.01588235087787,49.000970858349945,96.83333333333333,1.0360175345192546,0.04689520549167101,False,0.5112100421068995,False,0.019444444444444375,False,False,0.40787982306094794,0.019444444444444375,True,True,0.03735986567668797,0.14273190404923214,6.5109951365520145,False,opposite_direction
1046,assignment_isolation,plus_one_randomisation,True,ok,37.61012398262616,4.155367700772737,44.845410226768166,30.226195202773972,30.08984793882201,1.0,0.001,1.0,0.001,,,,,False,True,False,True,False,0.007071067811865475,0.007065184998576764,24,24,24,0,0.0,{},0.8058888201745344,0.7269713261648746,0.0,False,True,False,True,False,False,0.0,44.845410226768166,30.226195202773976,44.845410226768166,96.70833333333333,1.0453109139943786,0.01434857551202643,False,0.5212093736241264,False,0.022916666666666585,False,False,0.3599748343035467,0.022916666666666585,True,True,0.5508315540106247,0.12652973839939022,5.95638059593856,False,opposite_direction
1047,assignment_isolation,plus_one_randomisation,True,ok,40.50165381475051,4.336006702855445,47.66119129491822,32.81745856988816,30.487272978860396,1.0,0.001,1.0,0.001,,,,,False,True,False,True,False,0.007071067811865475,0.007065993006561457,24,24,24,0,0.0,{},0.7870945827489482,0.7019927536231884,0.0,False,True,False,True,False,False,0.0,47.66119129491822,32.81745856988816,47.66119129491822,95.20833333333333,1.050991656570107,0.0009911410061784315,False,0.5136131534288075,False,0.01909722222222221,False,False,0.3862903663582148,0.01909722222222221,True,True,-2.4945295457867367,0.24329367043940964,4.764904439334786,False,opposite_direction
1048,assignment_isolation,plus_one_randomisation,True,ok,41.14171438778289,3.1550959045995888,47.297809206292584,36.59586221767215,29.454446505039826,1.0,0.001,1.0,0.001,,,,,False,True,False,True,False,0.007071067811865475,0.007062489802672383,24,24,24,0,0.0,{},0.8012821135054682,0.7164855072463766,0.0,False,True,False,True,False,False,0.0,47.297809206292584,36.59586221767215,47.297809206292584,97.125,1.0250480412410186,0.02777072533953142,False,0.5077480439983683,False,0.035069444444444375,False,False,0.4024247339126319,0.035069444444444375,True,True,1.5367511100297353,0.2674712432813429,7.057956270910675,False,opposite_direction
1049,assignment_isolation,plus_one_randomisation,True,ok,42.88764475804072,4.792679811912305,51.60694547758227,35.05260734413627,30.060126330635825,1.0,0.001,1.0,0.001,,,,,False,True,False,True,False,0.007071067811865475,0.007035447140237131,24,24,24,0,0.0,{},0.7926206140350875,0.680072463768116,0.0,False,True,False,True,False,False,0.0,51.60694547758228,35.05260734413627,51.60694547758228,96.20833333333333,1.0371912773269347,0.006433836752763877,False,0.5367711170864284,False,0.013541666666666674,False,False,0.4144776403049482,0.013541666666666674,True,True,0.25362921489224116,0.1761215809353419,6.676682313184118,False,opposite_direction
1050,assignment_isolation,plus_one_randomisation,True,ok,42.479817813185235,4.363780519481551,49.40515678778983,34.5120552430124,30.026485806320487,1.0,0.001,1.0,0.001,,,,,False,True,False,True,False,0.007071067811865475,0.007126717129446725,24,24,24,0,0.0,{},0.803584229390681,0.7492592592592593,0.0,False,True,False,True,False,False,0.0,49.40515678778983,34.5120552430124,49.40515678778983,95.66666666666667,1.0465123395882225,0.006313546935003379,False,0.5072106347673646,False,0.03333333333333344,False,False,0.4069676928806303,0.03333333333333344,True,True,-0.04304525241170221,0.057516659667488715,6.1029274711233565,False,opposite_direction
1051,assignment_isolation,plus_one_randomisation,True,ok,37.56264831417456,3.7927475658123724,43.64073217098229,30.466947459249408,29.061562731266424,1.0,0.001,1.0,0.001,,,,,False,True,False,True,False,0.007071067811865475,0.007090552768933336,24,24,24,0,0.0,{},0.8023490524670174,0.7081460674157303,0.0,False,True,False,True,False,False,0.0,43.64073217098229,30.466947459249408,43.64073217098229,95.79166666666667,1.008400207879719,0.002662931200326713,False,0.5190922358146496,False,0.038541666666666696,False,False,0.37312265603016076,0.038541666666666696,True,True,0.26124893564756835,0.04836243029507284,5.691107344802696,False,opposite_direction
1052,assignment_isolation,plus_one_randomisation,True,ok,42.93172630825165,3.9332383569079847,49.57358145917754,36.26599562359791,30.514926706575157,1.0,0.001,1.0,0.001,,,,,False,True,False,True,False,0.007071067811865475,0.007044470960779502,24,24,24,0,0.0,{},0.8079896907216495,0.6909498207885306,0.0,False,True,False,True,False,False,0.0,49.57358145917754,36.26599562359791,49.57358145917754,96.04166666666667,1.0533205632489864,0.001772095148694114,False,0.4794847407049529,False,0.02430555555555558,False,False,0.40862447823378734,0.02430555555555558,True,True,-0.4891652121129556,0.0862958959838674,6.853722924223255,False,opposite_direction
1053,assignment_isolation,plus_one_randomisation,True,ok,36.23489392889382,3.30413703714298,42.50601837835916,31.147842541114358,29.0225009774267,1.0,0.001,1.0,0.001,,,,,False,True,False,True,False,0.007071067811865475,0.007082357023581969,24,24,24,0,0.0,{},0.816245791245791,0.7287590579710144,0.0,False,True,False,True,False,False,0.0,42.50601837835916,31.147842541114358,42.50601837835916,97.04166666666667,1.012422476221261,0.0018272023958223913,False,0.5197305846196281,False,0.028125000000000067,False,False,0.3579998827391256,0.028125000000000067,True,True,0.9247987693035012,0.13313096877203512,5.569776660885672,False,opposite_direction
1054,assignment_isolation,plus_one_randomisation,True,ok,29.464051574780825,3.727315813301528,36.692824926390124,23.340025605648393,29.290583384763654,1.0,0.001,1.0,0.001,,,,,False,True,False,False,True,0.007071067811865475,0.007066212917657121,24,24,24,0,0.0,{},0.8034389594873466,0.7324906367041198,0.0,False,True,False,False,False,False,0.0,36.692824926390124,23.340025605648393,36.692824926390124,95.91666666666667,1.0135187422000524,0.01600085508404981,False,0.5124797689450717,False,0.004513888888888817,False,False,0.2862957828768731,0.004513888888888817,True,False,-0.09808422551221258,0.13589865978124557,4.797105959107774,False,inconclusive
1055,assignment_isolation,plus_one_randomisation,True,ok,42.09254142574235,3.9382395017749086,49.296146097903204,36.06671475965707,30.839697481146175,1.0,0.001,1.0,0.001,,,,,False,True,False,True,False,0.007071067811865475,0.00701973099750896,24,24,24,0,0.0,{},0.7625,0.6268199233716475,0.0,False,True,False,True,False,False,0.0,49.296146097903204,36.06671475965707,49.296146097903204,92.95833333333333,1.0436256576657439,0.018756666905367383,False,0.516740903240361,False,0.018750000000000044,False,False,0.4043887874563188,0.018750000000000044,True,True,0.9639738019628987,0.19126188373363895,5.035966588962972,False,opposite_direction
1056,assignment_isolation,plus_one_randomisation,True,ok,45.03760362469365,3.1747726140997465,50.2086943702073,39.54772837012751,30.072024571649735,1.0,0.001,1.0,0.001,,,,,False,True,False,True,False,0.007071067811865475,0.007066810702676433,24,24,24,0,0.0,{},0.7940533577127658,0.6468627450980392,0.0,False,True,False,True,False,False,0.0,50.2086943702073,39.54772837012751,50.2086943702073,95.04166666666667,1.0358888340485806,0.027990382811089908,False,0.49454010780993457,False,0.024652777777777746,False,False,0.435199128989578,0.024652777777777746,True,True,1.2932598987638366,0.14774026092527098,7.5580158341270405,False,opposite_direction
1057,assignment_isolation,plus_one_randomisation,True,ok,41.4007406261205,4.850625994804139,50.382454080873956,33.49018039303008,30.497158440432393,1.0,0.001,1.0,0.001,,,,,False,True,False,True,False,0.007071067811865475,0.007047124253594292,24,24,24,0,0.0,{},0.8141723676650148,0.6267926356589147,0.0,False,True,False,True,False,False,0.0,50.38245408087395,33.49018039303008,50.38245408087395,97.0,1.0583447906310652,0.009556850699985768,False,0.5118822213968383,False,0.019791666666666652,False,False,0.39218891421692775,0.019791666666666652,True,True,0.7026257873156765,0.06433286204171731,8.029358049114016,False,opposite_direction
1058,assignment_isolation,plus_one_randomisation,True,ok,40.188546662297256,4.306062899194475,47.00848043101507,32.93886230464404,30.300863002105423,1.0,0.001,1.0,0.001,,,,,False,True,False,True,False,0.007071067811865475,0.0070738107445978025,24,24,24,0,0.0,{},0.8043895091263513,0.7113162878787878,0.0,False,True,False,True,False,False,0.0,47.00848043101507,32.93886230464404,47.00848043101507,95.375,1.0466361094694,0.018370946780500764,False,0.5240574665734865,False,0.012499999999999956,False,False,0.3848781286995851,0.012499999999999956,True,True,-0.7267392338355152,0.16632099182469365,5.482781440969178,False,opposite_direction
1059,assignment_isolation,plus_one_randomisation,True,ok,35.47421780672003,3.3440360485168004,41.78181878309862,30.07671706381406,30.566610963168674,1.0,0.001,1.0,0.001,,,,,False,True,False,False,True,0.007071067811865475,0.007047624228250756,24,24,24,0,0.0,{},0.7832464989099508,0.6537499999999999,0.0,False,True,False,False,False,False,0.0,41.78181878309862,30.07671706381406,41.78181878309862,94.91666666666667,1.0493763513856293,0.03429785063370548,False,0.49856531350897676,False,0.025000000000000022,False,False,0.33713640888789476,0.025000000000000022,True,False,-1.5916552837285425,0.24726559020583452,4.922258315668307,False,inconclusive
1060,assignment_isolation,plus_one_randomisation,True,ok,38.135214098144715,3.952669326694105,44.92317821468492,31.76340527561393,30.489741410945157,1.0,0.001,1.0,0.001,,,,,False,True,False,True,False,0.007071067811865475,0.007023404401172933,24,24,24,0,0.0,{},0.8060505319148934,0.737037037037037,0.0,False,True,False,True,False,False,0.0,44.92317821468492,31.76340527561393,44.92317821468492,98.125,1.0606235249607774,0.002444236406645472,False,0.516120903464313,False,0.04340277777777779,True,False,0.35972102401897565,0.04340277777777779,True,True,0.16766396075961923,0.11576508415103029,5.603970479144214,False,selection_limited
1061,assignment_isolation,plus_one_randomisation,True,ok,41.54265873102059,4.131715405598346,48.50692905472288,34.13187266176408,30.66681224330601,1.0,0.001,1.0,0.001,,,,,False,True,False,True,False,0.007071067811865475,0.007086576283210306,24,24,24,0,0.0,{},0.7801257465472191,0.7113295880149811,0.0,False,True,False,True,False,False,0.0,48.50692905472288,34.13187266176408,48.50692905472288,93.95833333333333,1.0532773795456034,0.006938925845618638,False,0.49678307274894373,False,0.01909722222222232,False,False,0.39544800207106806,0.01909722222222232,True,True,1.2450343508290285,0.184609972227477,7.056492025621904,False,opposite_direction
1062,assignment_isolation,plus_one_randomisation,True,ok,36.144198110974195,3.879332940725223,42.77827077086391,28.741443142540337,30.410370892610768,1.0,0.001,1.0,0.001,,,,,False,True,False,False,True,0.007071067811865475,0.0070585665516429705,24,24,24,0,0.0,{},0.8029668946276072,0.6914772727272727,0.0,False,True,False,False,False,False,0.0,42.77827077086391,28.741443142540337,42.77827077086391,94.20833333333333,1.041724540982314,0.00645381729841928,False,0.4993322745374212,False,0.015972222222222276,False,False,0.34654423825526176,0.015972222222222276,True,False,0.33385783781549105,0.12044798001932928,6.608237449089632,False,inconclusive
1063,assignment_isolation,plus_one_randomisation,True,ok,40.53138588855688,4.862403137330184,49.965885786702515,32.941051388483196,29.374343796672317,1.0,0.001,1.0,0.001,,,,,False,True,False,True,False,0.007071067811865475,0.007080983482964044,24,24,24,0,0.0,{},0.8097491319444444,0.6983146067415731,0.0,False,True,False,True,False,False,0.0,49.96588578670251,32.941051388483196,49.96588578670251,96.29166666666667,1.0205307875341643,0.013164346647649039,False,0.5115564547098195,False,0.015972222222222165,False,False,0.3982111389671702,0.015972222222222165,True,True,-1.5034963977747149,0.11244350505483064,6.311356287997372,False,opposite_direction
1064,assignment_isolation,plus_one_randomisation,True,ok,37.722335169673954,3.539692681635782,43.621076940042045,31.56201515680395,30.3200231194035,1.0,0.001,1.0,0.001,,,,,False,True,False,True,False,0.007071067811865475,0.007058721269870499,24,24,24,0,0.0,{},0.797633634868421,0.6649019607843136,0.0,False,True,False,True,False,False,0.0,43.62107694004205,31.56201515680395,43.62107694004205,94.5,1.040258971119929,0.03661942025446579,False,0.5213159168896919,False,0.009375000000000022,False,False,0.36291337774858756,0.009375000000000022,True,True,-0.5621813550954801,0.15253922565410827,4.593313541728149,False,opposite_direction
1065,assignment_isolation,plus_one_randomisation,True,ok,41.39104962180795,3.400534945190139,47.31262920755366,36.06466677886824,29.76538328053882,1.0,0.001,1.0,0.001,,,,,False,True,False,True,False,0.007071067811865475,0.0070465043835320875,24,24,24,0,0.0,{},0.8010416666666667,0.6899019607843137,0.0,False,True,False,True,False,False,0.0,47.31262920755366,36.06466677886824,47.31262920755366,96.04166666666667,1.0277442460020254,0.0255948208254594,False,0.4936690887854362,False,0.02951388888888895,False,False,0.4037968377474416,0.02951388888888895,True,True,-0.1617329007700384,0.10536223988347825,6.464665384227951,False,opposite_direction
1066,assignment_isolation,plus_one_randomisation,True,ok,41.21272608436951,4.213238909998274,48.518887349993186,33.71329637800177,30.159891961690825,1.0,0.001,1.0,0.001,,,,,False,True,False,True,False,0.007071067811865475,0.007067040378467255,24,24,24,0,0.0,{},0.8113333333333332,0.6517647058823529,0.0,False,True,False,True,False,False,0.0,48.518887349993186,33.71329637800177,48.518887349993186,96.5,1.0468899127540192,0.0037051524266305943,False,0.5282428996939069,False,0.017013888888888884,False,False,0.3946970413624512,0.017013888888888884,True,True,0.07019349420108298,0.0743081258448041,6.507697448104633,False,opposite_direction
1067,assignment_isolation,plus_one_randomisation,True,ok,44.462226235963385,4.262980797967171,52.55064192788342,37.477177546533554,30.533310076697063,1.0,0.001,1.0,0.001,,,,,False,True,False,True,False,0.007071067811865475,0.00704281632474898,24,24,24,0,0.0,{},0.7954561033121297,0.6935648148148149,0.0,False,True,False,True,False,False,0.0,52.55064192788342,37.477177546533554,52.55064192788342,96.20833333333333,1.0546214502341373,0.00507436599156816,False,0.5064187915591718,False,0.028125000000000067,False,False,0.42242652315365004,0.028125000000000067,True,True,0.24388458934428572,0.18168305715811336,7.323875391452267,False,opposite_direction
1068,assignment_isolation,plus_one_randomisation,True,ok,42.12705972274662,3.60005551970409,48.41730953616575,35.94834030701933,30.166747923889687,1.0,0.001,1.0,0.001,,,,,False,True,False,True,False,0.007071067811865475,0.007029660753262901,24,24,24,0,0.0,{},0.7759245968456495,0.6919540229885056,0.0,False,True,False,True,False,False,0.0,48.41730953616575,35.94834030701933,48.41730953616575,94.375,1.0300572132469452,0.0021227050156077823,False,0.5232644129915018,False,0.02256944444444442,False,False,0.41000710067901686,0.02256944444444442,True,True,0.16750724378005005,0.15776789161516216,6.153331266401493,False,opposite_direction
1069,assignment_isolation,plus_one_randomisation,True,ok,41.49009504114262,3.683343460398759,47.80168212303005,34.92386544468185,30.034780778881913,1.0,0.001,1.0,0.001,,,,,False,True,False,True,False,0.007071067811865475,0.007078618932715826,24,24,24,0,0.0,{},0.7831558475888374,0.7030092592592594,0.0,False,True,False,True,False,False,0.0,47.80168212303005,34.92386544468185,47.80168212303005,96.375,1.0435786838701817,0.020253060766988826,False,0.5191306391105319,False,0.011458333333333348,False,False,0.3986282374987055,0.011458333333333348,True,True,0.9574417249331827,0.1393876426496193,6.79839874784543,False,opposite_direction
1070,assignment_isolation,plus_one_randomisation,True,ok,48.0509092296215,3.632258930780114,54.16692829950494,41.978391616972566,30.271396066874022,1.0,0.001,1.0,0.001,,,,,False,True,False,True,False,0.007071067811865475,0.007063875275378687,24,24,24,0,0.0,{},0.7936398698545004,0.7102564102564101,0.0,False,True,False,True,False,False,0.0,54.16692829950494,41.978391616972566,54.16692829950494,96.25,1.0489284048873129,0.022590407057082984,False,0.5335445198831671,False,0.02256944444444442,False,False,0.4572759500037821,0.02256944444444442,True,True,0.9204411815451023,0.29712759749600504,7.499684357916091,False,opposite_direction
1071,assignment_isolation,plus_one_randomisation,True,ok,48.03318825021757,3.311785126234375,54.52194092749144,43.09528596189858,30.40879677038577,1.0,0.001,1.0,0.001,,,,,False,True,False,True,False,0.007071067811865475,0.007100796997493287,24,24,24,0,0.0,{},0.7955004295532644,0.7103046594982078,0.0,False,True,False,True,False,False,0.0,54.52194092749144,43.09528596189858,54.52194092749144,94.58333333333333,1.0499863304204344,0.021625346843057166,False,0.4994250597118838,False,0.03819444444444442,False,False,0.4566884559223395,0.03819444444444442,True,True,0.935649928332056,0.14012648651248394,5.520468845883326,False,opposite_direction
1072,assignment_isolation,plus_one_randomisation,True,ok,35.68600335402845,4.7897827693425725,44.22857534534694,27.54695329946656,29.826077057715136,1.0,0.001,1.0,0.001,,,,,False,True,False,False,True,0.007071067811865475,0.007061542098827383,24,24,24,0,0.0,{},0.7988607889461627,0.7124551971326164,0.0,False,True,False,False,False,False,0.0,44.22857534534694,27.546953299466555,44.22857534534694,96.04166666666667,1.0320376388633214,0.022459902785176317,False,0.5210317297659984,False,0.02256944444444442,False,False,0.3452993189349656,0.02256944444444442,True,False,-2.5862195189530612,0.24225835255961747,4.965161633375885,False,inconclusive
1073,assignment_isolation,plus_one_randomisation,True,ok,33.238121914038594,2.264244032524566,37.17511612157369,29.42154470731418,28.981586229161856,1.0,0.001,1.0,0.001,,,,,False,True,False,True,False,0.007071067811865475,0.007042027963437451,24,24,24,0,0.0,{},0.7949915824915825,0.7457870370370371,0.0,False,True,False,True,False,False,0.0,37.17511612157369,29.42154470731418,37.17511612157369,97.45833333333333,1.0073940731035222,0.03424356147719303,False,0.5307413333058342,False,0.023958333333333304,False,False,0.3285271808657877,0.023958333333333304,True,True,-0.2728381364372996,0.12745812589512326,4.254092032293768,False,opposite_direction
1074,assignment_isolation,plus_one_randomisation,True,ok,34.987004258095794,3.6293609430668865,41.443383684017384,28.98932690745952,28.99264599326172,1.0,0.001,1.0,0.001,,,,,False,True,False,False,True,0.007071067811865475,0.007054740230070752,24,24,24,0,0.0,{},0.8114884748397742,0.7581597222222223,0.0,False,True,False,False,False,False,0.0,41.443383684017384,28.989326907459525,41.443383684017384,97.625,1.0104606539245256,0.01279507607864338,False,0.5112356318794123,False,0.03020833333333328,False,False,0.3457899008195325,0.03020833333333328,True,False,-0.6915430437466279,0.20619519801349517,5.111957585976896,False,inconclusive
1075,assignment_isolation,plus_one_randomisation,True,ok,44.68635320290419,3.6064985320238776,51.131836842647374,38.36128509844679,29.830404832899788,1.0,0.001,1.0,0.001,,,,,False,True,False,True,False,0.007071067811865475,0.00707521557542429,24,24,24,0,0.0,{},0.8061432645975058,0.7374556737588652,0.0,False,True,False,True,False,False,0.0,51.131836842647374,38.36128509844679,51.131836842647374,96.41666666666667,1.0362030947410183,0.0064031362899494544,False,0.5044052141047136,False,0.010763888888888906,False,False,0.43180644358980996,0.010763888888888906,True,True,2.8258320307184284,0.2288252767204122,7.139829012938351,False,opposite_direction
1076,assignment_isolation,plus_one_randomisation,True,ok,31.178040453560726,4.411539160911116,39.187129375398705,23.971882315106473,29.62073555796996,1.0,0.001,1.0,0.001,,,,,False,True,False,False,True,0.007071067811865475,0.007109367940744145,24,24,24,0,0.0,{},0.8099910344572612,0.7268465909090909,0.0,False,True,False,False,False,False,0.0,39.187129375398705,23.971882315106473,39.187129375398705,96.04166666666667,1.031874021402358,0.023289958518028245,False,0.5142209201483385,False,0.02430555555555558,False,False,0.2986957858157066,0.02430555555555558,True,False,0.979553017366788,0.13272224686667847,5.63951392570905,False,inconclusive
1077,assignment_isolation,plus_one_randomisation,True,ok,41.93947620229765,3.8373470767344235,48.45310407667168,35.071110843134576,30.575189477002656,1.0,0.001,1.0,0.001,,,,,False,True,False,True,False,0.007071067811865475,0.007057061134346154,24,24,24,0,0.0,{},0.7973761454753725,0.6584821428571428,0.0,False,True,False,True,False,False,0.0,48.45310407667168,35.071110843134576,48.45310407667168,95.16666666666667,1.0524596875924244,0.0017066918671579895,False,0.5116496168072369,False,0.022916666666666696,False,False,0.3995465065815303,0.022916666666666696,True,True,0.6372612527730427,0.1043254809400696,5.7424403211569715,False,opposite_direction
1078,assignment_isolation,plus_one_randomisation,True,ok,44.05044943551179,3.1368416784673827,48.662177824940585,37.69892309677155,30.545837449217277,1.0,0.001,1.0,0.001,,,,,False,True,False,True,False,0.007071067811865475,0.007042433090834026,24,24,24,0,0.0,{},0.7881503489907564,0.6935648148148147,0.0,False,True,False,True,False,False,0.0,48.662177824940585,37.69892309677155,48.662177824940585,95.29166666666667,1.0499587365523653,0.004856867375987542,False,0.5268581598634527,False,0.012847222222222232,False,False,0.42042143614274025,0.012847222222222232,True,True,1.1065072606639588,0.2304812779850223,6.258169180310635,False,opposite_direction
1079,assignment_isolation,plus_one_randomisation,True,ok,42.849297131245066,3.787786121740047,49.162584103484676,36.17166135276247,29.690315961860716,1.0,0.001,1.0,0.001,,,,,False,True,False,True,False,0.007071067811865475,0.007114556706504801,24,24,24,0,0.0,{},0.817225085910653,0.7220037453183522,0.0,False,True,False,True,False,False,0.0,49.162584103484676,36.17166135276247,49.162584103484676,96.70833333333333,1.0386389817444566,0.03437305342537444,False,0.5180836443545452,False,0.022222222222222254,False,False,0.413544357037397,0.022222222222222254,True,True,-0.0040906052381963175,0.10128247443234083,6.666507069301382,False,opposite_direction
1080,assignment_isolation,plus_one_randomisation,True,ok,39.56416486427168,3.4388138836689466,46.1307154766847,33.94873761286147,30.032238203059894,1.0,0.001,1.0,0.001,,,,,False,True,False,True,False,0.007071067811865475,0.007040339188696385,24,24,24,0,0.0,{},0.7995659722222224,0.695790378006873,0.0,False,True,False,True,False,False,0.0,46.13071547668469,33.94873761286147,46.13071547668469,96.625,1.0391925886740125,0.008455855732036712,False,0.5031865410576516,False,0.028125000000000067,False,False,0.38155534587534423,0.028125000000000067,True,True,-0.5188313253253681,0.20318066388028896,5.00415799267593,False,opposite_direction
1081,assignment_isolation,plus_one_randomisation,True,ok,44.10755114748971,3.5917903206174655,50.10240666046801,37.61046964756517,30.22589346999509,1.0,0.001,1.0,0.001,,,,,False,True,False,True,False,0.007071067811865475,0.006991315728699963,24,24,24,0,0.0,{},0.7954943106538852,0.7050000000000001,0.0,False,True,False,True,False,False,0.0,50.10240666046801,37.61046964756517,50.10240666046801,96.41666666666667,1.037490487627488,0.05469208889491717,False,0.5022873413952702,False,0.043749999999999956,False,False,0.42588064810866516,0.043749999999999956,True,True,-0.49592310084160474,0.07745927765328159,6.432179027286489,False,opposite_direction
1082,assignment_isolation,plus_one_randomisation,True,ok,40.01685398876137,4.636406337625025,48.04566551877943,31.686108615478624,29.651358332806034,1.0,0.001,1.0,0.001,,,,,False,True,False,True,False,0.007071067811865475,0.007044972180718173,24,24,24,0,0.0,{},0.7867499902374258,0.7083333333333335,0.0,False,True,False,True,False,False,0.0,48.04566551877943,31.686108615478627,48.04566551877943,95.0,1.0180185290975163,0.0013545181197691014,False,0.48723401854353454,False,0.02083333333333326,False,False,0.39410956236638217,0.02083333333333326,True,True,0.02590433342401744,0.10750286413940767,6.808500900349521,False,opposite_direction
1083,assignment_isolation,plus_one_randomisation,True,ok,36.26881010641924,3.530654249311187,42.243346640086614,30.203791538501314,30.307724192409722,1.0,0.001,1.0,0.001,,,,,False,True,False,False,True,0.007071067811865475,0.007107311690925457,24,24,24,0,0.0,{},0.8212783171521036,0.7242592592592594,0.0,False,True,False,False,False,False,0.0,42.243346640086614,30.20379153850131,42.243346640086614,96.95833333333333,1.0605258611978678,0.02020936312398634,False,0.515351382325011,False,0.023611111111111138,False,False,0.34130036933712093,0.023611111111111138,True,False,-0.7937669748995613,0.11668135928319098,6.162628692989739,False,inconclusive
1084,assignment_isolation,plus_one_randomisation,True,ok,41.192438698096176,3.2261074310129665,47.74716880882248,36.36393237524944,30.43084158947266,1.0,0.001,1.0,0.001,,,,,False,True,False,True,False,0.007071067811865475,0.007052408851461634,24,24,24,0,0.0,{},0.7929865255923314,0.7457875457875458,0.0,False,True,False,True,False,False,0.0,47.74716880882247,36.36393237524944,47.74716880882247,96.08333333333333,1.0518298222619826,0.016783048175733617,False,0.5304915652937191,False,0.024652777777777857,False,False,0.39263621880930616,0.024652777777777857,True,True,0.4105419748963123,0.11887379227321102,6.278842548111001,False,opposite_direction
1085,assignment_isolation,plus_one_randomisation,True,ok,45.90418685220541,4.005593195619615,52.107245580488005,38.495010054914914,30.228009064922002,1.0,0.001,1.0,0.001,,,,,False,True,False,True,False,0.007071067811865475,0.007066174677526029,24,24,24,0,0.0,{},0.8072265070921986,0.7285984848484849,0.0,False,True,False,True,False,False,0.0,52.107245580488005,38.495010054914914,52.107245580488005,96.08333333333333,1.0468584136448023,0.003676274634798478,False,0.5137565515989839,False,0.020486111111111094,False,False,0.4387684176780877,0.020486111111111094,True,True,0.8631845335089028,0.13917240827795097,5.993736346938934,False,opposite_direction
1086,assignment_isolation,plus_one_randomisation,True,ok,39.25351092693278,4.883198767272888,47.995164151498216,30.28922670974473,29.779974430499262,1.0,0.001,1.0,0.001,,,,,False,True,False,True,False,0.007071067811865475,0.00709087504814518,24,24,24,0,0.0,{},0.8096743163705491,0.7287499999999999,0.0,False,True,False,True,False,False,0.0,47.995164151498216,30.289226709744735,47.995164151498216,96.41666666666667,1.0367408565644878,0.0013647173806780773,False,0.5244944047740796,False,0.015972222222222165,False,False,0.37941198430194395,0.015972222222222165,True,True,-0.2632460278893401,0.18267934331382873,5.381740751044759,False,opposite_direction
1087,assignment_isolation,plus_one_randomisation,True,ok,38.960194745999765,4.797608891280617,47.04557030752825,31.494979551380318,30.69663155992509,1.0,0.001,1.0,0.001,,,,,False,True,False,True,False,0.007071067811865475,0.007025613074052823,24,24,24,0,0.0,{},0.7970321494515042,0.7089095744680852,0.0,False,True,False,True,False,False,0.0,47.04557030752826,31.49497955138032,47.04557030752826,96.16666666666667,1.057443653985981,0.009860282291178251,False,0.5140559456308954,False,0.02499999999999991,False,False,0.36893535880940864,0.02499999999999991,True,True,-0.34423654345736454,0.05375532738154133,6.53439694349902,False,opposite_direction
1088,assignment_isolation,plus_one_randomisation,True,ok,44.315108735807996,3.4929264884061246,50.328437326441986,38.325313915847076,30.11719070696986,1.0,0.001,1.0,0.001,,,,,False,True,False,True,False,0.007071067811865475,0.0070525511436868036,24,24,24,0,0.0,{},0.8052729997758852,0.7204166666666666,0.0,False,True,False,True,False,False,0.0,50.328437326441986,38.325313915847076,50.328437326441986,97.5,1.0486559260390949,0.030309806225282218,False,0.5303815868115893,False,0.00694444444444442,False,False,0.4233985453866259,0.00694444444444442,True,True,1.282041944276332,0.2614700211196061,7.804635234707665,False,opposite_direction
1089,assignment_isolation,plus_one_randomisation,True,ok,35.79706386362829,4.181766968713697,42.21946816254216,28.11964236977471,29.92227878856293,1.0,0.001,1.0,0.001,,,,,False,True,False,False,True,0.007071067811865475,0.0070803735434828595,24,24,24,0,0.0,{},0.7895618556701032,0.6824906367041198,0.0,False,True,False,False,False,False,0.0,42.21946816254216,28.11964236977471,42.21946816254216,94.29166666666667,1.0286259965068216,0.027791049552438572,False,0.5092561464352353,False,0.030555555555555558,False,False,0.34764142075357296,0.030555555555555558,True,False,1.1538707167630888,0.08800609138001304,6.424824045666729,False,inconclusive
1090,assignment_isolation,plus_one_randomisation,True,ok,44.865544792540994,3.2380600588829855,49.98210511097937,39.25813638545981,30.207751324539394,1.0,0.001,1.0,0.001,,,,,False,True,False,True,False,0.007071067811865475,0.007077639820249852,24,24,24,0,0.0,{},0.799124053030303,0.6785440613026817,0.0,False,True,False,True,False,False,0.0,49.98210511097937,39.25813638545981,49.98210511097937,94.54166666666667,1.0394138192394373,0.002094357817636826,False,0.49768090005843907,False,0.025694444444444464,False,False,0.43218468685973693,0.025694444444444464,True,True,0.6443645320792827,0.1725592992862005,7.272564539143257,False,opposite_direction
1091,assignment_isolation,plus_one_randomisation,True,ok,44.73708372963575,4.596922188567251,52.18150071404064,35.91358248127519,30.603371208592467,1.0,0.001,1.0,0.001,,,,,False,True,False,True,False,0.007071067811865475,0.0070434314976617896,24,24,24,0,0.0,{},0.801975945017182,0.6669981060606059,0.0,False,True,False,True,False,False,0.0,52.181500714040645,35.91358248127519,52.181500714040645,96.08333333333333,1.0564467228833172,0.040681356719547535,False,0.5256583015032005,False,0.021180555555555647,False,False,0.42425482397547126,0.021180555555555647,True,True,0.5990054064728396,0.26737031197782857,5.822818099209862,False,opposite_direction
1092,assignment_isolation,plus_one_randomisation,True,ok,37.451055208821735,3.937045123104849,44.429765920463765,30.529045863286907,30.13555823826287,1.0,0.001,1.0,0.001,,,,,False,True,False,True,False,0.007071067811865475,0.007074840718702689,24,24,24,0,0.0,{},0.8134738475177306,0.707638888888889,0.0,False,True,False,True,False,False,0.0,44.42976592046377,30.529045863286907,44.42976592046377,97.16666666666667,1.0508108879764064,0.003639578463785462,False,0.537392711450524,False,0.02673611111111107,False,False,0.35643335261263576,0.02673611111111107,True,True,-0.25695214225094776,0.11467730074161797,4.850550581696825,False,opposite_direction
1093,assignment_isolation,plus_one_randomisation,True,ok,44.78920476553433,3.285644463892525,50.31691865968418,38.86947172522813,29.83091649802721,1.0,0.001,1.0,0.001,,,,,False,True,False,True,False,0.007071067811865475,0.007066534437361609,24,24,24,0,0.0,{},0.8144589330067027,0.7405815972222222,0.0,False,True,False,True,False,False,0.0,50.31691865968418,38.86947172522813,50.31691865968418,97.375,1.0400801690276558,0.003659876677981398,False,0.5204926680568969,False,0.013194444444444509,False,False,0.4312088585138801,0.013194444444444509,True,True,-0.14021138730078891,0.12391978266297744,6.089526647898651,False,opposite_direction
1094,assignment_isolation,plus_one_randomisation,True,ok,41.330386784783634,4.542053335459176,48.74457012436928,32.83273939112311,30.372801654537643,1.0,0.001,1.0,0.001,,,,,False,True,False,True,False,0.007071067811865475,0.007077137723206307,24,24,24,0,0.0,{},0.8055519759450173,0.6492248062015503,0.0,False,True,False,True,False,False,0.0,48.74457012436928,32.83273939112311,48.74457012436928,96.08333333333333,1.0535048424717182,0.015550524582570285,False,0.5282595562707074,False,0.038541666666666696,False,False,0.39332988043431094,0.038541666666666696,True,True,-0.27075656269631887,0.16169717618536195,6.476979213836285,False,opposite_direction
1095,assignment_isolation,plus_one_randomisation,True,ok,41.227680090816115,4.6394258243706314,49.66266554175073,33.54108718982445,30.005784811608216,1.0,0.001,1.0,0.001,,,,,False,True,False,True,False,0.007071067811865475,0.00707748086731226,24,24,24,0,0.0,{},0.8128073011382771,0.6899621212121213,0.0,False,True,False,True,False,False,0.0,49.66266554175073,33.54108718982445,49.66266554175073,96.20833333333333,1.0415018466415416,0.01518456839221229,False,0.5103711567470294,False,0.014236111111111116,False,False,0.3968927396134838,0.014236111111111116,True,True,-0.1513958280920373,0.029395085108867642,5.96598832473543,False,opposite_direction
1096,assignment_isolation,plus_one_randomisation,True,ok,43.031794619478525,3.866467664368213,49.08416524386378,36.46563580848351,29.543529345897998,1.0,0.001,1.0,0.001,,,,,False,True,False,True,False,0.007071067811865475,0.007082005861615445,24,24,24,0,0.0,{},0.8079173896771121,0.7037453183520601,0.0,False,True,False,True,False,False,0.0,49.08416524386379,36.46563580848351,49.08416524386379,95.41666666666667,1.0218820781744449,0.009766104242715434,False,0.4962575356518744,False,0.01215277777777779,False,False,0.42194678536237196,0.01215277777777779,True,True,-1.0233883539354003,0.08500460104689374,6.8111194656109895,False,opposite_direction
1097,assignment_isolation,plus_one_randomisation,True,ok,43.08632693189554,4.372561470073431,51.51971050210686,35.96332530759152,30.76005612584985,1.0,0.001,1.0,0.001,,,,,False,True,False,True,False,0.007071067811865475,0.0070622044191531895,24,24,24,0,0.0,{},0.7846788194444443,0.6748106060606062,0.0,False,True,False,True,False,False,0.0,51.519710502106854,35.96332530759152,51.519710502106854,93.79166666666667,1.0519123132862662,0.003318454266010506,False,0.5041604719259918,False,0.023958333333333304,False,False,0.410623779461317,0.023958333333333304,True,True,1.0074827136637128,0.1336693538966635,4.7760875176583575,False,opposite_direction
1098,assignment_isolation,plus_one_randomisation,True,ok,43.60788694795127,3.386460354255631,49.66465094024157,37.79342190195455,30.56421204467477,1.0,0.001,1.0,0.001,,,,,False,True,False,True,False,0.007071067811865475,0.007106459564853764,24,24,24,0,0.0,{},0.8015714939822082,0.6953869047619048,0.0,False,True,False,True,False,False,0.0,49.664650940241565,37.79342190195455,49.664650940241565,95.0,1.0585181285046752,0.0077172206227641375,False,0.5347428024653232,False,0.046875,False,False,0.41297012461066274,0.046875,True,True,0.3189530201744749,0.17883945796222958,7.134438930219937,False,opposite_direction
1099,assignment_isolation,plus_one_randomisation,True,ok,40.93289918622731,4.496761824987911,49.391868444595325,33.278463063874014,29.924075683631642,1.0,0.001,1.0,0.001,,,,,False,True,False,True,False,0.007071067811865475,0.007060644861538269,24,24,24,0,0.0,{},0.797895622895623,0.7051960784313728,0.0,False,True,False,True,False,False,0.0,49.391868444595325,33.278463063874014,49.391868444595325,95.625,1.0330488073978548,0.009756929861160123,False,0.5101699665338836,False,0.01736111111111116,False,False,0.3972805310131195,0.01736111111111116,True,True,1.4044346359917501,0.2453209654424995,6.457438790451155,False,opposite_direction
1100,assignment_isolation,plus_one_randomisation,True,ok,38.690613984178164,3.476076478111853,45.02669356656703,32.8351067569624,30.095312699623555,1.0,0.001,1.0,0.001,,,,,False,True,False,True,False,0.007071067811865475,0.007027964372685705,24,24,24,0,0.0,{},0.7978949652777778,0.7431034482758622,0.0,False,True,False,True,False,False,0.0,45.02669356656704,32.8351067569624,45.02669356656704,97.0,1.041559975803698,0.0082255725643536,False,0.5001310020506102,False,0.018402777777777768,False,False,0.3720623227401455,0.018402777777777768,True,True,-1.068988972736898,0.20500690101180774,4.876802912803853,False,opposite_direction
1101,assignment_isolation,plus_one_randomisation,True,ok,42.94057767252712,4.0102332244363685,51.117126559335006,36.63908851249609,30.947742924740318,1.0,0.001,1.0,0.001,,,,,False,True,False,True,False,0.007071067811865475,0.007040788105257204,24,24,24,0,0.0,{},0.7811384644406714,0.7029265873015873,0.0,False,True,False,True,False,False,0.0,51.117126559335,36.63908851249609,51.117126559335,95.70833333333333,1.0658476597944884,0.006861943964978553,False,0.49540624381629084,False,0.027083333333333348,False,False,0.4039370067889587,0.027083333333333348,True,True,2.3250553904896236,0.24062424225682494,7.137699568267248,False,opposite_direction
1102,assignment_isolation,plus_one_randomisation,True,ok,44.35998418539551,4.020354103526644,50.67632812767544,37.02312031629813,30.89358333923141,1.0,0.001,1.0,0.001,,,,,False,True,False,True,False,0.007071067811865475,0.007039315338073111,24,24,24,0,0.0,{},0.8012513426423202,0.6970695970695969,0.0,False,True,False,True,False,False,0.0,50.67632812767544,37.02312031629813,50.67632812767544,96.29166666666667,1.0669966643951765,0.03095307536484652,False,0.5180322046709768,False,0.029166666666666674,False,False,0.41669262943725105,0.029166666666666674,True,True,0.2928038175152484,0.14684527608961676,8.267595384981222,False,opposite_direction
1103,assignment_isolation,plus_one_randomisation,True,ok,41.75816778196256,3.134213796560037,47.69036672535592,36.600099902756355,29.879039037007924,1.0,0.001,1.0,0.001,,,,,False,True,False,True,False,0.007071067811865475,0.007068194855273298,24,24,24,0,0.0,{},0.8134228612769037,0.7124542124542126,0.0,False,True,False,True,False,False,0.0,47.69036672535592,36.600099902756355,47.69036672535592,97.95833333333333,1.0451192265425606,0.014523323391287554,False,0.5031462055810647,False,0.014236111111111116,False,False,0.40061324527653197,0.014236111111111116,True,True,0.3563749044835371,0.1657326805744663,6.162477542326308,False,opposite_direction
1104,assignment_isolation,plus_one_randomisation,True,ok,32.629994103074615,3.2829460152784464,37.967386643720424,26.90498359645184,29.287977851480743,1.0,0.001,1.0,0.001,,,,,False,True,False,False,True,0.007071067811865475,0.0070356953207228266,24,24,24,0,0.0,{},0.8002994113844375,0.7186842105263158,0.0,False,True,False,False,False,False,0.0,37.967386643720424,26.90498359645184,37.967386643720424,96.95833333333333,1.014516200948193,0.00878310965432563,False,0.5185354416834145,False,0.02013888888888893,False,False,0.3196564842309997,0.02013888888888893,True,False,-1.602530937766363,0.18171705923543233,4.737231157315952,False,inconclusive
1105,assignment_isolation,plus_one_randomisation,True,ok,41.144870433466295,3.6166018259946924,47.55585463116568,34.79388251224085,29.517991380621126,1.0,0.001,1.0,0.001,,,,,False,True,False,True,False,0.007071067811865475,0.007063465575776274,24,24,24,0,0.0,{},0.7956550456342608,0.6748015873015871,0.0,False,True,False,True,False,False,0.0,47.55585463116568,34.79388251224085,47.55585463116568,95.95833333333333,1.0212121823615152,0.009550459326344055,False,0.5260941548455308,False,0.019791666666666652,False,False,0.4039619811838077,0.019791666666666652,True,True,-0.060069701436256125,0.14932607582361612,7.035024353048364,False,opposite_direction
1106,assignment_isolation,plus_one_randomisation,True,ok,39.53683055237908,3.852571293498383,46.48208789790399,32.8909199428515,29.261423565893622,1.0,0.001,1.0,0.001,,,,,False,True,False,True,False,0.007071067811865475,0.007042222370368937,24,24,24,0,0.0,{},0.8010686478569224,0.6852314814814815,0.0,False,True,False,True,False,False,0.0,46.48208789790399,32.8909199428515,46.48208789790399,96.41666666666667,1.011698826013079,0.013649507656822542,False,0.5064530362709329,False,0.029861111111111116,False,False,0.39179720170751503,0.029861111111111116,True,True,0.6147940879073853,0.2214576550021894,5.7235875633158315,False,opposite_direction
1107,assignment_isolation,plus_one_randomisation,True,ok,40.07199722629395,5.2666621069462005,49.65265737445746,30.80588725854665,29.962556703148714,1.0,0.001,1.0,0.001,,,,,False,True,False,True,False,0.007071067811865475,0.007065921780474642,24,24,24,0,0.0,{},0.7992906998679494,0.6752422480620153,0.0,False,True,False,True,False,False,0.0,49.652657374457455,30.80588725854665,49.652657374457455,96.125,1.0378530720404275,0.016604953681200792,False,0.5038266528288101,False,0.011458333333333348,False,False,0.3870411810375063,0.011458333333333348,True,True,1.226546857702006,0.2000457801956976,6.141856092750369,False,opposite_direction
1108,assignment_isolation,plus_one_randomisation,True,ok,37.75180895589341,4.03634600673987,44.441794547803205,30.684390804034926,29.284316702425517,1.0,0.001,1.0,0.001,,,,,False,True,False,True,False,0.007071067811865475,0.007131463975156677,24,24,24,0,0.0,{},0.8252304915935671,0.6767647058823528,0.0,False,True,False,True,False,False,0.0,44.441794547803205,30.684390804034923,44.441794547803205,95.54166666666667,1.0206578932499557,0.014980393419044247,False,0.5065518434423466,False,0.03749999999999998,False,False,0.3704219630161407,0.03749999999999998,True,True,0.8608477913322582,0.12961438125757296,6.686664008192584,False,opposite_direction
1109,assignment_isolation,plus_one_randomisation,True,ok,41.98419837657264,3.820743286760711,48.62661839126598,35.543450921264714,29.97424215411282,1.0,0.001,1.0,0.001,,,,,False,True,False,True,False,0.007071067811865475,0.007046038702129015,24,24,24,0,0.0,{},0.8081632475962373,0.7036516853932584,0.0,False,True,False,True,False,False,0.0,48.62661839126597,35.543450921264714,48.62661839126597,95.66666666666667,1.0328650004179778,0.012543563404292869,False,0.49510301744222096,False,0.032638888888888884,False,False,0.4075296388528422,0.032638888888888884,True,True,1.7442501252024496,0.16389702092465794,7.3769251331189185,False,opposite_direction
1110,assignment_isolation,plus_one_randomisation,True,ok,37.61481354287175,3.3109735862715866,43.16377991937511,31.7048904725692,29.458352653192215,1.0,0.001,1.0,0.001,,,,,False,True,False,True,False,0.007071067811865475,0.00706810456875518,24,24,24,0,0.0,{},0.8013701664876478,0.7196629213483146,0.0,False,True,False,True,False,False,0.0,43.16377991937511,31.7048904725692,43.16377991937511,95.83333333333333,1.0191537913490933,0.014359553263006836,False,0.5168618134325,False,0.01388888888888895,False,False,0.36959783737303886,0.01388888888888895,True,True,-0.01900743723245588,0.08190035187078876,5.681024086857361,False,opposite_direction
1111,assignment_isolation,plus_one_randomisation,True,ok,37.75341259577787,3.679691696252277,43.70803664084442,31.53869247991063,30.429152060030376,1.0,0.001,1.0,0.001,,,,,False,True,False,True,False,0.007071067811865475,0.007047633239551414,24,24,24,0,0.0,{},0.7969539921231651,0.7154121863799281,0.0,False,True,False,True,False,False,0.0,43.70803664084442,31.538692479910633,43.70803664084442,96.58333333333333,1.0537904172675727,0.025778940502242616,False,0.49773421025546144,False,0.023263888888888862,False,False,0.3583753191106788,0.023263888888888862,True,True,0.4586046517710632,0.1044334665735011,5.560980026612103,False,opposite_direction
1112,assignment_isolation,plus_one_randomisation,True,ok,42.99308234107897,3.9220180591359286,50.113873280732754,36.71640582093447,29.926853281990706,1.0,0.001,1.0,0.001,,,,,False,True,False,True,False,0.007071067811865475,0.0070440190857730765,24,24,24,0,0.0,{},0.7708333333333333,0.7083841463414635,0.0,False,True,False,True,False,False,0.0,50.113873280732754,36.71640582093447,50.113873280732754,94.83333333333333,1.0264365088206036,0.004646451625777458,False,0.5118374162501927,False,0.031597222222222165,False,False,0.4197483648742438,0.031597222222222165,True,True,-1.3474416889809244,0.20845620108568466,5.359479351230576,False,opposite_direction
1113,assignment_isolation,plus_one_randomisation,True,ok,37.34070363136602,3.3573882902945056,43.544246899631595,31.345230953498678,31.10751895567436,1.0,0.001,1.0,0.001,,,,,False,True,False,True,False,0.007071067811865475,0.007077239784492189,24,24,24,0,0.0,{},0.8030381944444445,0.6791176470588235,0.0,False,True,False,True,False,False,0.0,43.544246899631595,31.345230953498675,43.544246899631595,94.16666666666667,1.0681884744661456,0.0005943413721045441,False,0.525908129400534,False,0.01909722222222221,False,False,0.3492819055177194,0.01909722222222221,True,True,-0.746605808489677,0.1536202503874678,4.983728790652832,False,opposite_direction
1114,assignment_isolation,plus_one_randomisation,True,ok,42.2136580163633,2.388426881825918,46.35836515637352,37.749861728213524,30.409099322013166,1.0,0.001,1.0,0.001,,,,,False,True,False,True,False,0.007071067811865475,0.007040135750928481,24,24,24,0,0.0,{},0.7735399909368981,0.6541193181818183,0.0,False,True,False,True,False,False,0.0,46.35836515637353,37.749861728213524,46.35836515637353,95.79166666666667,1.0476554092686707,0.031936902745192,False,0.5163712155945912,False,0.021180555555555536,False,False,0.40399422755469305,0.021180555555555536,True,True,0.19050488460735032,0.06933012190827419,5.404571335774884,False,opposite_direction
1115,assignment_isolation,plus_one_randomisation,True,ok,34.767241103223036,3.2012201205867847,39.876902994271255,29.206879805562995,30.342180512946555,1.0,0.001,1.0,0.001,,,,,False,True,False,False,True,0.007071067811865475,0.007066480007700398,24,24,24,0,0.0,{},0.7931280244056385,0.6581417624521073,0.0,False,True,False,False,False,False,0.0,39.876902994271255,29.206879805562995,39.876902994271255,96.125,1.0510856407736182,0.03586880146853347,False,0.5086210573098173,False,0.019791666666666652,False,False,0.329413716345065,0.019791666666666652,True,False,1.816324523499291,0.24358784787282628,5.010439760200112,False,inconclusive
1116,assignment_isolation,plus_one_randomisation,True,ok,37.08743535084712,4.23705126569382,44.07593320226843,29.354285293437634,29.661802353030648,1.0,0.001,1.0,0.001,,,,,False,True,False,False,True,0.007071067811865475,0.007064094955686981,24,24,24,0,0.0,{},0.8215063001145475,0.6791182170542636,0.0,False,True,False,False,False,False,0.0,44.07593320226843,29.35428529343763,44.07593320226843,96.33333333333333,1.0282823075601453,0.036260545887548255,False,0.5075185959097179,False,0.018402777777777768,False,False,0.36088566405665773,0.018402777777777768,True,False,-1.6504926981241994,0.2805853274851653,4.766817014483004,False,inconclusive
1117,assignment_isolation,plus_one_randomisation,True,ok,39.634495259992285,3.7074358203741444,45.891378434209635,33.31245205112402,30.249820363951965,1.0,0.001,1.0,0.001,,,,,False,True,False,True,False,0.007071067811865475,0.0070437579744909995,24,24,24,0,0.0,{},0.8187282986111111,0.7185648148148148,0.0,False,True,False,True,False,False,0.0,45.891378434209635,33.31245205112402,45.891378434209635,98.125,1.0553270359020575,0.02487417596308852,False,0.5249917262435866,False,0.02430555555555558,False,False,0.37627719637460366,0.02430555555555558,True,True,-0.6039815817542347,0.17932679578217098,6.097555791783565,False,opposite_direction
1118,assignment_isolation,plus_one_randomisation,True,ok,42.514337762421356,4.489950088878029,49.71751096621908,34.11419808709081,30.27352297004202,1.0,0.001,1.0,0.001,,,,,False,True,False,True,False,0.007071067811865475,0.007011525618873424,24,24,24,0,0.0,{},0.7988686971618357,0.7039007092198583,0.0,False,True,False,True,False,False,0.0,49.71751096621907,34.11419808709081,49.71751096621907,97.0,1.0452769172081764,0.004496515094513739,False,0.5103929100252333,False,0.025347222222222188,False,False,0.40777329579128613,0.025347222222222188,True,True,-0.19875342995595902,0.12961456411656305,7.605995363800858,False,opposite_direction
1119,assignment_isolation,plus_one_randomisation,True,ok,36.280692669986784,4.120496319539963,43.32399084913097,28.569301843541556,30.170665919829702,1.0,0.001,1.0,0.001,,,,,False,True,False,False,True,0.007071067811865475,0.007069908947740122,24,24,24,0,0.0,{},0.8055917245370371,0.6837912087912088,0.0,False,True,False,False,False,False,0.0,43.32399084913097,28.569301843541556,43.32399084913097,95.08333333333333,1.039970260239179,0.021604618560374395,False,0.5006458228172076,False,0.012847222222222232,False,False,0.34853893592370666,0.012847222222222232,True,False,1.6634704036788956,0.24991955843134406,5.129676759195223,False,inconclusive
1120,assignment_isolation,plus_one_randomisation,True,ok,42.351914598466806,4.988297802964383,51.326758219509045,33.99941470579778,30.085390481449846,1.0,0.001,1.0,0.001,,,,,False,True,False,True,False,0.007071067811865475,0.007061406321130928,24,24,24,0,0.0,{},0.8020618556701031,0.625968992248062,0.0,False,True,False,True,False,False,0.0,51.32675821950905,33.99941470579778,51.32675821950905,95.04166666666667,1.0355566948978172,0.016861802071799617,False,0.5123652867725175,False,0.010763888888888906,False,False,0.4100065093988091,0.010763888888888906,True,True,-0.26996649708884835,0.07882308358700928,4.839971190022104,False,opposite_direction
1121,assignment_isolation,plus_one_randomisation,True,ok,43.21963475947489,4.596437868230874,50.83313388308561,35.47421459646381,30.449356331504035,1.0,0.001,1.0,0.001,,,,,False,True,False,True,False,0.007071067811865475,0.0070175047144770035,24,24,24,0,0.0,{},0.7930009594298245,0.7280927835051547,0.0,False,True,False,True,False,False,0.0,50.8331338830856,35.47421459646381,50.8331338830856,97.5,1.054953073585155,0.0361873198583281,False,0.5079909935763486,False,0.03298611111111116,False,False,0.4107060405055535,0.03298611111111116,True,True,-1.5791488709673083,0.18059725075010963,5.04782392095958,False,opposite_direction
1122,assignment_isolation,plus_one_randomisation,True,ok,31.994644783829333,3.601533216570216,38.228920563469934,25.843884660931707,28.969470128367487,1.0,0.001,1.0,0.001,,,,,False,True,False,False,True,0.007071067811865475,0.007089016414932016,24,24,24,0,0.0,{},0.7978081140350877,0.693103448275862,0.0,False,True,False,False,False,False,0.0,38.228920563469934,25.843884660931707,38.228920563469934,95.125,1.00148367177962,0.010210640925750128,False,0.5302254121724618,False,0.025000000000000022,False,False,0.31734497520050975,0.025000000000000022,True,False,0.20982430683950745,0.20107958676972337,4.674834030244922,False,inconclusive
1123,assignment_isolation,plus_one_randomisation,True,ok,37.10867267713866,4.37879654504181,44.334385782912335,30.216701424787665,29.297347447468777,1.0,0.001,1.0,0.001,,,,,False,True,False,True,False,0.007071067811865475,0.007019014325955453,24,24,24,0,0.0,{},0.7824596845649476,0.6544061302681992,0.0,False,True,False,True,False,False,0.0,44.334385782912335,30.21670142478767,44.334385782912335,95.54166666666667,1.0050110601812803,0.004983762337649163,False,0.5012171115999166,False,0.025347222222222188,False,False,0.3697605612064977,0.025347222222222188,True,True,-0.6974648535047245,0.1221552292243379,5.0420743870807625,False,opposite_direction
1124,assignment_isolation,plus_one_randomisation,True,ok,38.899893958723034,4.8708896796877355,47.13297458297586,30.556720519376675,30.408514589670546,1.0,0.001,1.0,0.001,,,,,False,True,False,True,False,0.007071067811865475,0.007014666874040231,24,24,24,0,0.0,{},0.7958782894736842,0.6734375,0.0,False,True,False,True,False,False,0.0,47.13297458297586,30.55672051937667,47.13297458297586,97.54166666666667,1.053337019210305,0.0027760315465745057,False,0.5048188939159601,False,0.029166666666666563,False,False,0.36982771318288754,0.029166666666666563,True,True,-2.7845514298888987,0.25706300853296976,5.06317528773733,False,opposite_direction
1125,assignment_isolation,plus_one_randomisation,True,ok,37.78667595204164,2.9201619354579647,42.83645109064395,32.86407004968587,30.577587991974298,1.0,0.001,1.0,0.001,,,,,False,True,False,True,False,0.007071067811865475,0.007064741402630765,24,24,24,0,0.0,{},0.7665770609318996,0.7242424242424242,0.0,False,True,False,True,False,False,0.0,42.83645109064395,32.86407004968587,42.83645109064395,94.45833333333333,1.0497590749894092,0.012699795285576843,False,0.5031637368244448,False,0.025000000000000022,False,False,0.36013853435559623,0.025000000000000022,True,True,0.3189787161860291,0.10459549768871258,6.475281136095698,False,opposite_direction
1126,assignment_isolation,plus_one_randomisation,True,ok,40.442312829268865,3.250313834369121,45.74021938645865,34.494528938460476,30.281291922251313,1.0,0.001,1.0,0.001,,,,,False,True,False,True,False,0.007071067811865475,0.007042820865551636,24,24,24,0,0.0,{},0.7966201126915413,0.7037306201550386,0.0,False,True,False,True,False,False,0.0,45.74021938645865,34.494528938460476,45.74021938645865,95.79166666666667,1.0436500814249317,0.004675710534645519,False,0.526202977441154,False,0.047222222222222276,False,False,0.3884664217810966,0.047222222222222276,True,True,-1.0608467339887575,0.1797812093544347,5.35885366757438,False,opposite_direction
1127,assignment_isolation,plus_one_randomisation,True,ok,42.40952986325959,5.188517819458722,52.11054741560057,34.160093182583545,30.188354227676587,1.0,0.001,1.0,0.001,,,,,False,True,False,True,False,0.007071067811865475,0.00702971325947541,24,24,24,0,0.0,{},0.8015676567656764,0.7409649122807019,0.0,False,True,False,True,False,False,0.0,52.11054741560057,34.160093182583545,52.11054741560057,97.375,1.0470581163314798,0.022668690285265226,False,0.49874084292981896,False,0.0215277777777777,False,False,0.40608878769722917,0.0215277777777777,True,True,-0.08819506319625599,0.06737362560397929,7.516007559333651,False,opposite_direction
1128,assignment_isolation,plus_one_randomisation,True,ok,43.0040686503797,4.468075823280031,50.825665916869475,35.53874383768878,30.00181170232186,1.0,0.001,1.0,0.001,,,,,False,True,False,True,False,0.007071067811865475,0.007077213857369606,24,24,24,0,0.0,{},0.8113772893772894,0.7159420289855072,0.0,False,True,False,True,False,False,0.0,50.825665916869475,35.53874383768878,50.825665916869475,97.33333333333333,1.0473952569600196,0.0009262998134758433,False,0.4992978609004519,False,0.020486111111111094,False,False,0.41159540939256045,0.020486111111111094,True,True,1.3387631819587114,0.18281069574757094,5.999129050497484,False,opposite_direction
1129,assignment_isolation,plus_one_randomisation,True,ok,43.542572327456696,3.039855765220523,47.59808367807152,36.43971413015428,30.638057046720697,1.0,0.001,1.0,0.001,,,,,False,True,False,True,False,0.007071067811865475,0.007028073456528213,24,24,24,0,0.0,{},0.7888104395604395,0.7014367816091952,0.0,False,True,False,True,False,False,0.0,47.59808367807151,36.43971413015428,47.59808367807151,96.29166666666667,1.0564814323316642,0.009033053886211817,False,0.5204599924178228,False,0.022222222222222254,False,False,0.4131440073638539,0.022222222222222254,True,True,-0.7414780162163177,0.22305779137558773,5.486524407433666,False,opposite_direction
1130,assignment_isolation,plus_one_randomisation,True,ok,44.54812607116772,4.039925034135723,51.96915040815149,38.16872591452424,30.565870898341,1.0,0.001,1.0,0.001,,,,,False,True,False,True,False,0.007071067811865475,0.0070419136856831755,24,24,24,0,0.0,{},0.8040841584158415,0.6950980392156861,0.0,False,True,False,True,False,False,0.0,51.969150408151485,38.16872591452424,51.969150408151485,95.5,1.0517176493948543,0.015562503664570947,False,0.5107998883594014,False,0.019791666666666652,False,False,0.4243595899778475,0.019791666666666652,True,True,-0.6364631621498447,0.1793024609483754,8.329217266265179,False,opposite_direction
1131,assignment_isolation,plus_one_randomisation,True,ok,43.599760856165325,4.003927166151566,50.84977841862358,36.440078927787674,29.923991450587867,1.0,0.001,1.0,0.001,,,,,False,True,False,True,False,0.007071067811865475,0.0070930420054505,24,24,24,0,0.0,{},0.8028947368421053,0.7400537634408602,0.0,False,True,False,True,False,False,0.0,50.84977841862358,36.440078927787674,50.84977841862358,97.0,1.045220515024199,0.01891222000154016,False,0.5367290827971153,False,0.04236111111111107,False,False,0.41805749009842386,0.04236111111111107,True,True,-0.029130069765920398,0.2960411747669983,6.124118300019601,False,opposite_direction
1132,assignment_isolation,plus_one_randomisation,True,ok,37.85267188343149,2.949928012954703,42.80912677040889,32.77287537015565,29.44311760103948,1.0,0.001,1.0,0.001,,,,,False,True,False,True,False,0.007071067811865475,0.007053554430475068,24,24,24,0,0.0,{},0.7848873804906262,0.7076241134751773,0.0,False,True,False,True,False,False,0.0,42.80912677040889,32.77287537015565,42.80912677040889,95.91666666666667,1.016971679174876,0.03230090716617285,False,0.5424054435444049,False,0.023611111111111027,False,False,0.37282640331685113,0.023611111111111027,True,True,0.6382799103590675,0.10498383572492108,4.765713405038036,False,opposite_direction
1133,assignment_isolation,plus_one_randomisation,True,ok,33.4930072489123,3.616821955575537,39.78569087423344,27.767130504255235,29.678879242072995,1.0,0.001,1.0,0.001,,,,,False,True,False,False,True,0.007071067811865475,0.007047245581057667,24,24,24,0,0.0,{},0.8013127062706272,0.7204071969696969,0.0,False,True,False,False,False,False,0.0,39.78569087423344,27.767130504255235,39.78569087423344,96.54166666666667,1.0275295092702383,0.012260355494626,False,0.5150817512375817,False,0.01666666666666672,False,False,0.32427937074109947,0.01666666666666672,True,False,-1.2601773302335386,0.30676399504600205,5.069594657572795,False,inconclusive
1134,assignment_isolation,plus_one_randomisation,True,ok,34.1132065087303,4.547862460596507,42.09025591236488,26.46006876597424,30.578736886627304,1.0,0.001,1.0,0.001,,,,,False,True,False,False,True,0.007071067811865475,0.007082177504223597,24,24,24,0,0.0,{},0.8044425843253971,0.7124526515151516,0.0,False,True,False,False,False,False,0.0,42.09025591236488,26.46006876597424,42.09025591236488,96.45833333333333,1.0634724183102175,0.023886960535160814,False,0.4880393865018215,False,0.01736111111111116,False,False,0.3187368031487937,0.01736111111111116,True,False,-0.46409982652930615,0.15006676202117006,4.9037331540565345,False,inconclusive
1135,assignment_isolation,plus_one_randomisation,True,ok,38.243617646014734,3.6826200870682047,45.27712376935624,32.400336719978114,29.55024664136954,1.0,0.001,1.0,0.001,,,,,False,True,False,True,False,0.007071067811865475,0.007102417322142232,24,24,24,0,0.0,{},0.8101300197498356,0.6815686274509802,0.0,False,True,False,True,False,False,0.0,45.27712376935623,32.400336719978114,45.27712376935623,96.125,1.028858092084222,0.02134611762483298,False,0.5138423347805792,False,0.023611111111111138,False,False,0.37231105862540304,0.023611111111111138,True,True,0.3733642778827156,0.12530970816563242,4.3648027559071725,False,opposite_direction
1136,assignment_isolation,plus_one_randomisation,True,ok,41.855987407902745,3.5476112168274767,48.37117896904816,35.89722278231115,29.659941973959523,1.0,0.001,1.0,0.001,,,,,False,True,False,True,False,0.007071067811865475,0.007050043054869966,24,24,24,0,0.0,{},0.7950954861111111,0.701846590909091,0.0,False,True,False,True,False,False,0.0,48.37117896904815,35.89722278231115,48.37117896904815,95.58333333333333,1.0221700612125548,0.010461244968130334,False,0.5205620419504945,False,0.023958333333333304,False,False,0.4105065033976069,0.023958333333333304,True,True,1.4419687479180727,0.17322979940046954,6.62025866638927,False,opposite_direction
1137,assignment_isolation,plus_one_randomisation,True,ok,38.99549402860102,4.143893643141637,45.53087063774208,31.678345161574747,30.76174199074856,1.0,0.001,1.0,0.001,,,,,False,True,False,True,False,0.007071067811865475,0.007034924784857202,24,24,24,0,0.0,{},0.7957681713989944,0.7317375886524823,0.0,False,True,False,True,False,False,0.0,45.53087063774208,31.678345161574743,45.53087063774208,96.20833333333333,1.0613209416136293,0.007138901156123172,False,0.5072538556257572,False,0.015972222222222276,False,False,0.36788775841847143,0.015972222222222276,True,True,0.32340987253902337,0.24389267028592856,5.021253576875618,False,opposite_direction
1138,assignment_isolation,plus_one_randomisation,True,ok,47.85522207708713,3.442144362116672,54.42689893023316,42.64029125140541,29.752401408172524,1.0,0.001,1.0,0.001,,,,,False,True,False,True,False,0.007071067811865475,0.0070726051758723965,24,24,24,0,0.0,{},0.7973566308243727,0.6751488095238095,0.0,False,True,False,True,False,False,0.0,54.42689893023316,42.64029125140541,54.42689893023316,95.5,1.0281894168781565,0.02059660321454978,False,0.5103123457490276,False,0.02881944444444451,False,False,0.46407564318347866,0.02881944444444451,True,True,1.265111711057142,0.19114029940428306,6.439661536087677,False,opposite_direction
1139,assignment_isolation,plus_one_randomisation,True,ok,39.51936893881132,3.7712141725401462,45.99507120774023,33.56831460168342,30.227949032601018,1.0,0.001,1.0,0.001,,,,,False,True,False,True,False,0.007071067811865475,0.007050653672005378,24,24,24,0,0.0,{},0.8038659793814433,0.695787545787546,0.0,False,True,False,True,False,False,0.0,45.99507120774023,33.56831460168342,45.99507120774023,95.66666666666667,1.0422895637712837,0.0030791832196858876,False,0.5229369031208715,False,0.008333333333333304,False,False,0.379959536476336,0.008333333333333304,True,True,-0.15469315784023882,0.18334655622917181,5.001867039528792,False,opposite_direction
1140,assignment_isolation,plus_one_randomisation,True,ok,39.84967504179764,3.6955672098949717,46.12068351486317,33.836158967721495,29.895820146395014,1.0,0.001,1.0,0.001,,,,,False,True,False,True,False,0.007071067811865475,0.007093596358068037,24,24,24,0,0.0,{},0.8056140350877193,0.679119850187266,0.0,False,True,False,True,False,False,0.0,46.12068351486317,33.836158967721495,46.12068351486317,95.20833333333333,1.0346284831607155,0.04123584217174747,False,0.5216172012479847,False,0.03298611111111116,False,False,0.38608004411556424,0.03298611111111116,True,True,-1.2397881576353178,0.19268981260662832,4.407997587849277,False,opposite_direction
1141,assignment_isolation,plus_one_randomisation,True,ok,35.747794495147424,3.5626824020722516,42.487618261024956,30.240611705377088,29.405215029054204,1.0,0.001,1.0,0.001,,,,,False,True,False,True,False,0.007071067811865475,0.0070993712739733155,24,24,24,0,0.0,{},0.8046823497440213,0.7233516483516487,0.0,False,True,False,True,False,False,0.0,42.487618261024956,30.240611705377088,42.487618261024956,95.58333333333333,1.0204819766805584,0.014567080812783973,False,0.5129662341780388,False,0.024652777777777857,False,False,0.3500508031542771,0.024652777777777857,True,True,-0.629399283320496,0.0891914456984079,5.04603446300163,False,opposite_direction
1142,assignment_isolation,plus_one_randomisation,True,ok,35.028952140125625,3.4485792262904535,41.52252841112975,29.17737859408659,29.739868000032146,1.0,0.001,1.0,0.001,,,,,False,True,False,False,True,0.007071067811865475,0.0070912875708494345,24,24,24,0,0.0,{},0.8158316326530612,0.6659090909090908,0.0,False,True,False,False,False,False,0.0,41.52252841112975,29.17737859408659,41.52252841112975,96.125,1.033837580337075,0.0077002437642352374,False,0.507953070707102,False,0.02881944444444451,False,False,0.33795569727078956,0.02881944444444451,True,False,-0.13273857533165237,0.1618967616230874,5.309904653772201,False,inconclusive
1143,assignment_isolation,plus_one_randomisation,True,ok,46.84708549122909,4.162685187174483,54.34897812207404,39.80411699545694,30.850627537963437,1.0,0.001,1.0,0.001,,,,,False,True,False,True,False,0.007071067811865475,0.006977547739118183,24,24,24,0,0.0,{},0.794715382996633,0.6874531835205994,0.0,False,True,False,True,False,False,0.0,54.34897812207404,39.80411699545694,54.34897812207404,97.04166666666667,1.060268714485109,0.0013646850950939909,False,0.49496117381653326,False,0.05347222222222214,False,False,0.44196321103157815,0.05347222222222214,True,True,0.8265710300411342,0.15051949729981312,8.076316162308773,False,opposite_direction
1144,assignment_isolation,plus_one_randomisation,True,ok,36.944964193052165,3.540124946553343,43.164042197727795,30.8506073622116,29.580403490904885,1.0,0.001,1.0,0.001,,,,,False,True,False,True,False,0.007071067811865475,0.0070659252437548685,24,24,24,0,0.0,{},0.797153048638197,0.7651202749140894,0.0,False,True,False,True,False,False,0.0,43.1640421977278,30.8506073622116,43.1640421977278,96.95833333333333,1.0290481759317724,0.009673657585344468,False,0.512639943931899,False,0.005902777777777701,False,False,0.3591649350706103,0.005902777777777701,True,True,0.8788304813788469,0.2602131614635601,5.817422858969789,False,opposite_direction
1145,assignment_isolation,plus_one_randomisation,True,ok,40.18135170530642,3.852585389191003,46.442387278056145,33.15513276192034,30.52923049637372,1.0,0.001,1.0,0.001,,,,,False,True,False,True,False,0.007071067811865475,0.0070549079692487655,24,24,24,0,0.0,{},0.7951045023272467,0.6732758620689657,0.0,False,True,False,True,False,False,0.0,46.442387278056145,33.15513276192034,46.442387278056145,95.45833333333333,1.052165697001861,0.005518281812262622,False,0.5123596411859007,False,0.013541666666666674,False,False,0.3827514942793993,0.013541666666666674,True,True,-0.7768749865065908,0.10866972236088157,5.269915858612369,False,opposite_direction
1146,assignment_isolation,plus_one_randomisation,True,ok,42.65713640394008,4.673212186600459,51.361026407505854,34.340680618640135,30.12295768593444,1.0,0.001,1.0,0.001,,,,,False,True,False,True,False,0.007071067811865475,0.007070735228505842,24,24,24,0,0.0,{},0.7969500473983568,0.6953703703703703,0.0,False,True,False,True,False,False,0.0,51.361026407505854,34.340680618640135,51.361026407505854,96.04166666666667,1.0436672003939498,0.001072233805779551,False,0.5164105103507548,False,0.04166666666666663,False,False,0.4097548897389233,0.04166666666666663,True,True,0.8744588913062701,0.10187660078869262,7.738297555122692,False,opposite_direction
1147,assignment_isolation,plus_one_randomisation,True,ok,39.38091353998424,4.062413603890728,45.722818361117845,31.773370606896357,30.698260107715214,1.0,0.001,1.0,0.001,,,,,False,True,False,True,False,0.007071067811865475,0.007024189754509287,24,24,24,0,0.0,{},0.7851294792833148,0.7066287878787879,0.0,False,True,False,True,False,False,0.0,45.722818361117845,31.77337060689636,45.722818361117845,95.75,1.0549925492609105,0.006952676541509539,False,0.5126148248285617,False,0.027083333333333348,False,False,0.3739294851705651,0.027083333333333348,True,True,0.07120161337103764,0.13327354381641374,5.24299797812064,False,opposite_direction
1148,assignment_isolation,plus_one_randomisation,True,ok,36.42615217322693,2.8598850086852017,41.73767544330818,31.406931615999234,29.21711216198189,1.0,0.001,1.0,0.001,,,,,False,True,False,True,False,0.007071067811865475,0.00705634653871146,24,24,24,0,0.0,{},0.7907967641843973,0.6732954545454546,0.0,False,True,False,True,False,False,0.0,41.73767544330818,31.40693161599923,41.73767544330818,95.91666666666667,1.0095648744223884,0.04052222879383008,False,0.47696266628686734,False,0.018402777777777768,False,False,0.36102791137867973,0.018402777777777768,True,True,1.2815685357452902,0.16385831355291133,7.045271434241274,False,opposite_direction
1149,assignment_isolation,plus_one_randomisation,True,ok,36.657387878033,3.526570964952219,42.68047234516824,31.073804494306508,29.840878050316586,1.0,0.001,1.0,0.001,,,,,False,True,False,True,False,0.007071067811865475,0.007062712321629111,24,24,24,0,0.0,{},0.7971141581632653,0.6446496212121211,0.0,False,True,False,True,False,False,0.0,42.68047234516823,31.07380449430651,42.68047234516823,95.25,1.0284557515824215,0.01957719891617739,False,0.5323162074358828,False,0.012499999999999956,False,False,0.3564645473027101,0.012499999999999956,True,True,-1.029279378684386,0.1241687997209889,5.455121572054504,False,opposite_direction
1150,assignment_isolation,plus_one_randomisation,True,ok,38.806824404442345,4.720668780037499,46.72954612608859,30.25941606693776,30.868682390911776,1.0,0.001,1.0,0.001,,,,,False,True,False,False,True,0.007071067811865475,0.0070098062745176494,24,24,24,0,0.0,{},0.7871031634938408,0.679675925925926,0.0,False,True,False,False,False,False,0.0,46.72954612608859,30.25941606693776,46.72954612608859,96.04166666666667,1.0602882691366655,0.013783291120563163,False,0.4921959583347809,False,0.03125,False,False,0.36641663310701456,0.03125,True,False,-0.17783848793950674,0.28061867904951104,5.552530602857475,False,inconclusive
1151,assignment_isolation,plus_one_randomisation,True,ok,37.60711820622765,3.101985436773221,43.28706899149208,32.60040960643909,30.181835805547983,1.0,0.001,1.0,0.001,,,,,False,True,False,True,False,0.007071067811865475,0.00703974701529602,24,24,24,0,0.0,{},0.8177188552188552,0.7207894736842105,0.0,False,True,False,True,False,False,0.0,43.28706899149208,32.60040960643909,43.28706899149208,97.125,1.046979612121542,0.052545417411059774,False,0.5306579186433821,False,0.022222222222222254,False,False,0.3593477851454929,0.022222222222222254,True,True,-0.3410496292764955,0.10354106987708109,5.322212549959526,False,opposite_direction
1152,assignment_isolation,plus_one_randomisation,True,ok,37.10847511812849,3.3721097105200846,42.63769755536745,31.163313674577132,29.94047157849264,1.0,0.001,1.0,0.001,,,,,False,True,False,True,False,0.007071067811865475,0.007098749065124875,24,24,24,0,0.0,{},0.7931022448594605,0.6874531835205993,0.0,False,True,False,True,False,False,0.0,42.63769755536745,31.163313674577136,42.63769755536745,93.75,1.02895434036989,0.04925524057884299,False,0.5081857295701657,False,0.03993055555555558,False,False,0.36085332425575256,0.03993055555555558,True,True,1.9885148635801921,0.12623086719619267,6.089666586281501,False,opposite_direction
1153,assignment_isolation,plus_one_randomisation,True,ok,37.44634786753395,3.19027096354177,42.85166585167832,31.360058283561216,29.793097155676225,1.0,0.001,1.0,0.001,,,,,False,True,False,True,False,0.007071067811865475,0.007072689795508263,24,24,24,0,0.0,{},0.8058776451437872,0.7105311355311357,0.0,False,True,False,True,False,False,0.0,42.85166585167832,31.360058283561216,42.85166585167832,96.58333333333333,1.0354314754912786,0.019140244519557058,False,0.5441885306827533,False,0.021874999999999978,False,False,0.36190059737513985,0.021874999999999978,True,True,0.3214834841691353,0.14493045559997406,6.207475436375823,False,opposite_direction
1154,assignment_isolation,plus_one_randomisation,True,ok,36.64157154475711,3.4634396971246395,42.09571802672975,30.594467142925495,30.18826814875237,1.0,0.001,1.0,0.001,,,,,False,True,False,True,False,0.007071067811865475,0.007028503131292628,24,24,24,0,0.0,{},0.797053872053872,0.6851259689922481,0.0,False,True,False,True,False,False,0.0,42.09571802672975,30.594467142925495,42.09571802672975,95.79166666666667,1.03832882532333,0.038129294903215316,False,0.5139445847808805,False,0.022916666666666696,False,False,0.3527619457653901,0.022916666666666696,True,True,-2.2955864159073482,0.2031804946206886,5.264607991703088,False,opposite_direction
1155,assignment_isolation,plus_one_randomisation,True,ok,36.46018957894115,4.444844092427022,45.358844573389355,29.329515995116306,30.056065871961138,1.0,0.001,1.0,0.001,,,,,False,True,False,False,True,0.007071067811865475,0.007093622782274018,24,24,24,0,0.0,{},0.8096438019652304,0.7184313725490196,0.0,False,True,False,False,False,False,0.0,45.358844573389355,29.329515995116306,45.358844573389355,96.25,1.0458528821352582,0.012571183336126952,False,0.5297250921651515,False,0.02951388888888895,False,False,0.3482805564366145,0.02951388888888895,True,False,0.03563898258163284,0.07825874738997599,4.688383096915743,False,inconclusive
1156,assignment_isolation,plus_one_randomisation,True,ok,42.49348083261997,3.4474476068797504,48.08576228403838,35.875369538564215,30.677164820415836,1.0,0.001,1.0,0.001,,,,,False,True,False,True,False,0.007071067811865475,0.007050770349673936,24,24,24,0,0.0,{},0.7897219207813349,0.6541182170542635,0.0,False,True,False,True,False,False,0.0,48.08576228403839,35.875369538564215,48.08576228403839,95.41666666666667,1.0564134304458888,0.060447569289941286,False,0.5131621624712841,False,0.02083333333333326,False,False,0.40330347329633015,0.02083333333333326,True,True,0.44503141096732546,0.11171694470175682,7.055898661631688,False,opposite_direction
1157,assignment_isolation,plus_one_randomisation,True,ok,38.863870232166015,4.005861789197213,45.39597451309814,31.68429802728597,29.814548003472137,1.0,0.001,1.0,0.001,,,,,False,True,False,True,False,0.007071067811865475,0.00706564219807739,24,24,24,0,0.0,{},0.8121420389461627,0.6624531835205992,0.0,False,True,False,True,False,False,0.0,45.39597451309814,31.684298027285973,45.39597451309814,96.125,1.0326854345179104,0.020841311432592824,False,0.5051713402802005,False,0.013194444444444509,False,False,0.37706933527187786,0.013194444444444509,True,True,-0.7754421524555256,0.13781946551367116,7.732639141412915,False,opposite_direction
1158,assignment_isolation,plus_one_randomisation,True,ok,38.33258932874487,3.430929716040412,45.65803710118587,33.249381618770514,29.54741446636385,1.0,0.001,1.0,0.001,,,,,False,True,False,True,False,0.007071067811865475,0.007026420672441851,24,24,24,0,0.0,{},0.7888342927631579,0.6914814814814813,0.0,False,True,False,True,False,False,0.0,45.65803710118587,33.249381618770514,45.65803710118587,97.25,1.0236899530541028,0.02369558542788841,False,0.5129285943121691,False,0.020486111111111094,False,False,0.37513618339239163,0.020486111111111094,True,True,0.614761226195135,0.17655602947551194,6.69597583884525,False,opposite_direction
1159,assignment_isolation,plus_one_randomisation,True,ok,39.00708633932489,3.214078874127943,44.3645190034718,33.50195284703695,30.09851895095478,1.0,0.001,1.0,0.001,,,,,False,True,False,True,False,0.007071067811865475,0.0071171009939962615,24,24,24,0,0.0,{},0.7893772893772892,0.716025641025641,0.0,False,True,False,True,False,False,0.0,44.3645190034718,33.50195284703695,44.3645190034718,94.75,1.0425763479385208,0.001310807792531437,False,0.5131188769522456,False,0.041319444444444464,False,False,0.37481369520381413,0.041319444444444464,True,True,1.4205035018026573,0.1811795337504211,7.619130657681986,False,opposite_direction
1160,assignment_isolation,plus_one_randomisation,True,ok,43.960256794470126,4.433742713868403,50.84602652684057,35.73206327755412,29.996551042163595,1.0,0.001,1.0,0.001,,,,,False,True,False,True,False,0.007071067811865475,0.007055743374079182,24,24,24,0,0.0,{},0.7981783824640967,0.697003745318352,0.0,False,True,False,True,False,False,0.0,50.84602652684057,35.73206327755412,50.84602652684057,96.83333333333333,1.041349577123721,0.0020238303260810236,False,0.506222522898803,False,0.042013888888888906,False,False,0.4229664649335623,0.042013888888888906,True,True,-0.42793849757838043,0.0983019015576325,6.7753830123332035,False,opposite_direction
1161,assignment_isolation,plus_one_randomisation,True,ok,37.1069547696203,3.049089183258923,42.1098939864987,31.899978895006665,29.57270848928088,1.0,0.001,1.0,0.001,,,,,False,True,False,True,False,0.007071067811865475,0.007052084679645365,24,24,24,0,0.0,{},0.8159596635683974,0.7158239700374531,0.0,False,True,False,True,False,False,0.0,42.1098939864987,31.899978895006665,42.1098939864987,97.54166666666667,1.0298493783157063,0.0035641114170484618,False,0.5094693700978,False,0.030902777777777724,False,False,0.3605118476943262,0.030902777777777724,True,True,1.2791837178066106,0.14970047462696848,6.224377668023207,False,opposite_direction
1162,assignment_isolation,plus_one_randomisation,True,ok,41.62515787175594,4.247759015965149,48.74776078159677,34.74200036859028,30.22150492636102,1.0,0.001,1.0,0.001,,,,,False,True,False,True,False,0.007071067811865475,0.007105442133708279,24,24,24,0,0.0,{},0.8061396357742183,0.6902930402930401,0.0,False,True,False,True,False,False,0.0,48.747760781596774,34.74200036859028,48.747760781596774,94.83333333333333,1.0455810563529928,0.004540472667100076,False,0.49359461500877566,False,0.031597222222222165,False,False,0.39916063293746185,0.031597222222222165,True,True,-0.8562555511315043,0.13397427161974224,6.087205264533962,False,opposite_direction
1163,assignment_isolation,plus_one_randomisation,True,ok,42.02424740406084,4.047292730839612,48.348762899976954,34.90758695416873,30.573966873711836,1.0,0.001,1.0,0.001,,,,,False,True,False,True,False,0.007071067811865475,0.007086320963404645,24,24,24,0,0.0,{},0.8106273305549463,0.722037037037037,0.0,False,True,False,True,False,False,0.0,48.348762899976954,34.90758695416873,48.348762899976954,97.25,1.0682857101755223,0.021151598219606698,False,0.5060543160306653,False,0.024652777777777746,False,False,0.3944066469679949,0.024652777777777746,True,True,1.339162855669335,0.20113948915928076,6.842075270473453,False,opposite_direction
1164,assignment_isolation,plus_one_randomisation,True,ok,39.52766422232784,4.18761624882256,46.805332679194436,32.432491753066756,30.251289826408456,1.0,0.001,1.0,0.001,,,,,False,True,False,True,False,0.007071067811865475,0.0071226918892913415,24,24,24,0,0.0,{},0.8169736842105262,0.69981684981685,0.0,False,True,False,True,False,False,0.0,46.805332679194436,32.432491753066756,46.805332679194436,96.08333333333333,1.0560441852127922,0.005646386003253134,False,0.5008542005269034,False,0.020486111111111094,False,False,0.3749761420143302,0.020486111111111094,True,True,-0.737413565960837,0.12264019729833076,5.200028230649946,False,opposite_direction
1165,assignment_isolation,plus_one_randomisation,True,ok,35.64023437986817,3.6887783629978874,40.791654941921685,27.890091747715807,30.220433700161127,1.0,0.001,1.0,0.001,,,,,False,True,False,False,True,0.007071067811865475,0.007063300835867381,24,24,24,0,0.0,{},0.8011267006802723,0.7414855072463769,0.0,False,True,False,False,False,False,0.0,40.791654941921685,27.890091747715804,40.791654941921685,96.25,1.0470773615591837,0.005380807866082514,False,0.5057480206837996,False,0.02604166666666674,False,False,0.33959887478831985,0.02604166666666674,True,False,-0.8298054341025758,0.23352276200745073,5.750874731503385,False,inconclusive
1166,assignment_isolation,plus_one_randomisation,True,ok,47.94646644175265,3.569788032465195,54.43251868396942,41.8755198325569,29.979265803552973,1.0,0.001,1.0,0.001,,,,,False,True,False,True,False,0.007071067811865475,0.007077050080307323,24,24,24,0,0.0,{},0.8114258931128294,0.7101259689922479,0.0,False,True,False,True,False,False,0.0,54.43251868396942,41.8755198325569,54.43251868396942,96.20833333333333,1.0405180335818294,0.00013035971758807287,False,0.5374659536001444,False,0.018749999999999933,False,False,0.45978560385508677,0.018749999999999933,True,True,0.7324354792860635,0.1404576737233038,8.532179174372683,False,opposite_direction
1167,assignment_isolation,plus_one_randomisation,True,ok,46.171478118912596,2.728283151669041,50.786226520383934,41.48240531816025,29.662400685447928,1.0,0.001,1.0,0.001,,,,,False,True,False,True,False,0.007071067811865475,0.007081674754356098,24,24,24,0,0.0,{},0.8059802658176674,0.6837500000000001,0.0,False,True,False,True,False,False,0.0,50.786226520383934,41.48240531816025,50.786226520383934,95.45833333333333,1.0261697352916885,0.01601023266216827,False,0.48777751617845566,False,0.027430555555555514,False,False,0.44963509172729044,0.027430555555555514,True,True,1.2477159334953054,0.14054133733382948,6.4162698402799005,False,opposite_direction
1168,assignment_isolation,plus_one_randomisation,True,ok,39.887424156660366,4.2991141197474905,47.08285253265656,32.05874024746816,29.778159152657405,1.0,0.001,1.0,0.001,,,,,False,True,False,True,False,0.007071067811865475,0.007106476162129927,24,24,24,0,0.0,{},0.8098001700680273,0.7170833333333334,0.0,False,True,False,True,False,False,0.0,47.08285253265657,32.05874024746816,47.08285253265657,95.95833333333333,1.0364861489018073,0.0052238392402063905,False,0.5741175797859684,False,0.023611111111111138,False,False,0.3857483167344118,0.023611111111111138,True,True,-0.7960614619580577,0.24079723223485985,6.117224814454801,False,opposite_direction
1169,assignment_isolation,plus_one_randomisation,True,ok,37.62914929145681,3.989675408704816,44.36448719907023,30.58952657970735,30.013830804614123,1.0,0.001,1.0,0.001,,,,,False,True,False,True,False,0.007071067811865475,0.007132575625540325,24,24,24,0,0.0,{},0.8138736565036193,0.7650877192982457,0.0,False,True,False,True,False,False,0.0,44.36448719907023,30.58952657970735,44.36448719907023,96.54166666666667,1.0517080920190944,0.012809265934224748,False,0.5104523629385862,False,0.028472222222222232,False,False,0.35788300304648735,0.028472222222222232,True,True,-0.8670221671687328,0.14890156277997732,5.4072598179955085,False,opposite_direction
1170,assignment_isolation,plus_one_randomisation,True,ok,48.66841959015405,3.5925569637123633,53.86942708378973,40.58635428011689,29.953664635285605,1.0,0.001,1.0,0.001,,,,,False,True,False,True,False,0.007071067811865475,0.007066278262219535,24,24,24,0,0.0,{},0.8012810395622894,0.7197132616487454,0.0,False,True,False,True,False,False,0.0,53.86942708378973,40.58635428011689,53.86942708378973,95.79166666666667,1.035796806405948,0.022478640450868212,False,0.5123301472813141,False,0.010069444444444464,False,False,0.46814913183231754,0.010069444444444464,True,True,1.5469638130969086,0.16954212585200137,7.199728846363103,False,opposite_direction
1171,assignment_isolation,plus_one_randomisation,True,ok,39.92895922094642,3.728024632887038,45.40755522771413,33.47060707586412,30.180891904487304,1.0,0.001,1.0,0.001,,,,,False,True,False,True,False,0.007071067811865475,0.00700840843901433,24,24,24,0,0.0,{},0.7853956228956229,0.6583333333333332,0.0,False,True,False,True,False,False,0.0,45.407555227714134,33.47060707586412,45.407555227714134,96.125,1.0369066375115101,0.032897103211243686,False,0.4967913377601905,False,0.03749999999999998,False,False,0.3859970490954192,0.03749999999999998,True,True,0.14451876944381858,0.08415632735338682,6.054768990602854,False,opposite_direction
1172,assignment_isolation,plus_one_randomisation,True,ok,37.71460351274716,3.9424856190601028,44.23906150589519,31.107068617739063,29.87619485078345,1.0,0.001,1.0,0.001,,,,,False,True,False,True,False,0.007071067811865475,0.0070311531158003555,24,24,24,0,0.0,{},0.7937287414965986,0.6992673992673994,0.0,False,True,False,True,False,False,0.0,44.23906150589519,31.107068617739063,44.23906150589519,96.0,1.029099719068824,0.02704608958142925,False,0.4953701108075064,False,0.022916666666666585,False,False,0.36691248144129,0.022916666666666585,True,True,0.48875737964938043,0.17431350831437029,5.443126581848979,False,opposite_direction
1173,assignment_isolation,plus_one_randomisation,True,ok,36.99719608942646,3.515316921525998,43.05239850218549,31.00517112919898,30.41392752005599,1.0,0.001,1.0,0.001,,,,,False,True,False,True,False,0.007071067811865475,0.006994679210969304,24,24,24,0,0.0,{},0.7957896925495358,0.7374556737588651,0.0,False,True,False,True,False,False,0.0,43.05239850218549,31.00517112919898,43.05239850218549,97.625,1.0509712508681026,0.016319843300455824,False,0.5075538468984861,False,0.02881944444444451,False,False,0.35185993011029854,0.02881944444444451,True,True,0.4101667350788594,0.16729273394911245,5.7708085941235,False,opposite_direction
1174,assignment_isolation,plus_one_randomisation,True,ok,44.12607097357208,4.138631578955136,50.69866826937206,36.18793000922788,30.57624356733869,1.0,0.001,1.0,0.001,,,,,False,True,False,True,False,0.007071067811865475,0.007039355165406808,24,24,24,0,0.0,{},0.7999581228956228,0.6504016064257027,0.0,False,True,False,True,False,False,0.0,50.69866826937206,36.18793000922788,50.69866826937206,95.45833333333333,1.0514628552965692,0.013507906142160294,False,0.5139458826862005,False,0.029861111111111116,False,False,0.4205380295626731,0.029861111111111116,True,True,1.0657348861448956,0.13329850873162277,7.326175699863612,False,opposite_direction
1175,assignment_isolation,plus_one_randomisation,True,ok,40.11386212435852,3.55506302409875,45.95001478552628,33.52804352821608,28.8742279421262,1.0,0.001,1.0,0.001,,,,,False,True,False,True,False,0.007071067811865475,0.0070874676280754155,24,24,24,0,0.0,{},0.8236666666666668,0.7352807971014494,0.0,False,True,False,True,False,False,0.0,45.950014785526285,33.52804352821608,45.950014785526285,98.04166666666667,1.0131571553404262,0.019838220656432808,False,0.5186748166484337,False,0.03229166666666672,False,False,0.39697417398584245,0.03229166666666672,True,True,0.5521830371840288,0.14851205423636782,7.012449894548525,False,opposite_direction
1176,assignment_isolation,plus_one_randomisation,True,ok,42.417224679296005,4.593240990197712,51.067626882420726,35.02724561971598,30.22912811055063,1.0,0.001,1.0,0.001,,,,,False,True,False,True,False,0.007071067811865475,0.007027718595167808,24,24,24,0,0.0,{},0.8097710268317853,0.72875,0.0,False,True,False,True,False,False,0.0,51.06762688242073,35.02724561971598,51.06762688242073,97.79166666666667,1.0504149942652738,0.010652370030023787,False,0.5262649987568765,False,0.03229166666666661,False,False,0.40487171460367616,0.03229166666666661,True,True,-0.9037372301377528,0.062094292882409,5.969510426859046,False,opposite_direction
1177,assignment_isolation,plus_one_randomisation,True,ok,43.22399759392465,4.71517313668647,50.563962682054814,33.407016891403096,29.585997127653425,1.0,0.001,1.0,0.001,,,,,False,True,False,True,False,0.007071067811865475,0.00706108957500833,24,24,24,0,0.0,{},0.8039440099923971,0.7207482993197281,0.0,False,True,False,True,False,False,0.0,50.563962682054814,33.407016891403096,50.563962682054814,96.625,1.026768861342468,0.058566605091965124,False,0.500892984770339,False,0.013541666666666674,False,False,0.42181746030644246,0.013541666666666674,True,True,-0.8134243225927646,0.1614133826830299,5.746034141347248,False,opposite_direction
1178,assignment_isolation,plus_one_randomisation,True,ok,41.39120569109817,3.983446545694631,48.056332258661214,34.79848261018985,30.4338120165924,1.0,0.001,1.0,0.001,,,,,False,True,False,True,False,0.007071067811865475,0.0070347897308454125,24,24,24,0,0.0,{},0.7872804684583801,0.6537499999999999,0.0,False,True,False,True,False,False,0.0,48.05633225866122,34.79848261018985,48.05633225866122,95.91666666666667,1.0483939783160507,0.012566085242775828,False,0.5316107008909943,False,0.018055555555555602,False,False,0.3958434111205881,0.018055555555555602,True,True,1.784716510808904,0.19626144266281018,6.130441851340737,False,opposite_direction
1179,assignment_isolation,plus_one_randomisation,True,ok,39.705117009363356,3.5336942800273947,46.12640484360483,34.06061297735289,29.83236212446577,1.0,0.001,1.0,0.001,,,,,False,True,False,True,False,0.007071067811865475,0.007074811910926435,24,24,24,0,0.0,{},0.788443208536806,0.6916666666666668,0.0,False,True,False,True,False,False,0.0,46.12640484360483,34.06061297735289,46.12640484360483,94.20833333333333,1.0242764912593714,0.012809656236314691,False,0.5043712289768336,False,0.019444444444444486,False,False,0.3886006129580524,0.019444444444444486,True,True,0.5810285683798604,0.12760844634823396,6.79384155493364,False,opposite_direction
1180,assignment_isolation,plus_one_randomisation,True,ok,44.19947927533055,4.407348931983583,52.082540783775016,36.536024042041475,30.567278429800492,1.0,0.001,1.0,0.001,,,,,False,True,False,True,False,0.007071067811865475,0.007046052051576074,24,24,24,0,0.0,{},0.7951415770609318,0.7316849816849818,0.0,False,True,False,True,False,False,0.0,52.082540783775016,36.536024042041475,52.082540783775016,96.29166666666667,1.0567371517913655,0.016165462395432224,False,0.5026362248671996,False,0.037847222222222254,False,False,0.419165883337357,0.037847222222222254,True,True,0.719249164832046,0.15798795455805797,7.804746536936475,False,opposite_direction
1181,assignment_isolation,plus_one_randomisation,True,ok,40.421401115729815,4.012352355635483,47.05207160543038,33.77055265362226,30.07813888240688,1.0,0.001,1.0,0.001,,,,,False,True,False,True,False,0.007071067811865475,0.007045677747191921,24,24,24,0,0.0,{},0.7988678728070175,0.7069597069597068,0.0,False,True,False,True,False,False,0.0,47.05207160543038,33.77055265362226,47.05207160543038,95.75,1.036843314349883,0.012711142408146282,False,0.5190829904352952,False,0.01666666666666672,False,False,0.3908402423338016,0.01666666666666672,True,True,-0.7997215534468181,0.06788794612070487,5.946009761762644,False,opposite_direction
1182,assignment_isolation,plus_one_randomisation,True,ok,39.80797433309343,4.110287916298975,47.013797639981085,33.00813774819607,31.12509222114222,1.0,0.001,1.0,0.001,,,,,False,True,False,True,False,0.007071067811865475,0.0070449013386898515,24,24,24,0,0.0,{},0.7984906462585033,0.6791193181818183,0.0,False,True,False,True,False,False,0.0,47.013797639981085,33.00813774819607,47.013797639981085,95.5,1.0714138407062586,0.006778551713333306,False,0.5120523199811079,False,0.023611111111111138,False,False,0.3721429636882143,0.023611111111111138,True,True,-1.2399358753380947,0.15763375649684194,2.9893027160838046,False,opposite_direction
1183,assignment_isolation,plus_one_randomisation,True,ok,36.4577385660254,3.995724440183166,43.50152680547045,29.52636557148205,29.527124971204472,1.0,0.001,1.0,0.001,,,,,False,True,False,False,True,0.007071067811865475,0.007091425554221021,24,24,24,0,0.0,{},0.8104476072607263,0.6707825203252031,0.0,False,True,False,False,False,False,0.0,43.50152680547044,29.52636557148205,43.50152680547044,95.83333333333333,1.024903583690387,0.009319990132820583,False,0.5207603920159194,False,0.02256944444444453,False,False,0.3557203429993159,0.02256944444444453,True,False,0.046556272306880454,0.14906546795583603,5.885419752739169,False,inconclusive
1184,assignment_isolation,plus_one_randomisation,True,ok,38.690541918129945,4.099518865883469,45.77044749125013,31.724647678921308,30.010358093490996,1.0,0.001,1.0,0.001,,,,,False,True,False,True,False,0.007071067811865475,0.007057084329558143,24,24,24,0,0.0,{},0.8023962745736939,0.7287634408602152,0.0,False,True,False,True,False,False,0.0,45.77044749125013,31.724647678921304,45.77044749125013,96.04166666666667,1.0377585807993317,0.022810650635974858,False,0.536888568147541,False,0.015625,False,False,0.3734628845984329,0.015625,True,True,0.5754345956296197,0.21976914156726407,5.0232164130024515,False,opposite_direction
1185,assignment_isolation,plus_one_randomisation,True,ok,39.24508360970655,4.026882892804227,47.464696707540526,33.068916734848564,29.510598884081883,1.0,0.001,1.0,0.001,,,,,False,True,False,True,False,0.007071067811865475,0.007063004005220577,24,24,24,0,0.0,{},0.807812676853424,0.7268817204301075,0.0,False,True,False,True,False,False,0.0,47.464696707540526,33.068916734848564,47.464696707540526,97.0,1.0264158435428692,0.0014897681306861,False,0.5242256696847638,False,0.023263888888888862,False,False,0.38321958402629774,0.023263888888888862,True,True,-0.3931509213241518,0.16898701885574963,6.564516398181392,False,opposite_direction
1186,assignment_isolation,plus_one_randomisation,True,ok,37.262984699482466,4.12056639233315,44.594301149876635,29.310558310295907,29.159549890844694,1.0,0.001,1.0,0.001,,,,,False,True,False,True,False,0.007071067811865475,0.0070617510730532455,24,24,24,0,0.0,{},0.8116076377341758,0.6900183150183151,0.0,False,True,False,True,False,False,0.0,44.594301149876635,29.310558310295907,44.594301149876635,96.75,1.0127184255677397,0.03115851912179315,False,0.5093909809395988,False,0.014930555555555558,False,False,0.36843158055119285,0.014930555555555558,True,True,1.5550950176786673,0.24967402170427128,4.661971209921476,False,opposite_direction
1187,assignment_isolation,plus_one_randomisation,True,ok,40.2670014736431,4.014381363561666,47.55862863325418,33.74924110136283,30.24615527894914,1.0,0.001,1.0,0.001,,,,,False,True,False,True,False,0.007071067811865475,0.007086810067577836,24,24,24,0,0.0,{},0.8099633749321759,0.7248148148148148,0.0,False,True,False,True,False,False,0.0,47.55862863325418,33.74924110136283,47.55862863325418,96.75,1.0541841012126074,0.010730564397919909,False,0.5243676588520801,False,0.03194444444444444,False,False,0.382834426360502,0.03194444444444444,True,True,0.6837685429181526,0.16434321159800044,7.898274517321753,False,opposite_direction
1188,assignment_isolation,plus_one_randomisation,True,ok,49.68985805175344,3.8860607837560726,56.65237483202888,43.23383306284126,31.286055124929682,1.0,0.001,1.0,0.001,,,,,False,True,False,True,False,0.007071067811865475,0.00702066356302552,24,24,24,0,0.0,{},0.7832688172043011,0.6779693486590039,0.0,False,True,False,True,False,False,0.0,56.652374832028876,43.23383306284126,56.652374832028876,95.41666666666667,1.0727810479718933,0.0077722258507179984,False,0.5250793170181818,False,0.03125,False,False,0.4620028560946423,0.03125,True,True,0.0001022655037785505,0.0647645490178755,6.8797660039000545,False,opposite_direction
1189,assignment_isolation,plus_one_randomisation,True,ok,34.273842195301455,3.6706494095144557,42.183496996826655,28.72632442850533,29.216162685677663,1.0,0.001,1.0,0.001,,,,,False,True,False,False,True,0.007071067811865475,0.007058492171557125,24,24,24,0,0.0,{},0.8090486068164637,0.7333333333333332,0.0,False,True,False,False,False,False,0.0,42.183496996826655,28.726324428505325,42.183496996826655,97.66666666666667,1.0190096544861122,0.011246416626458908,False,0.5085558433025745,False,0.021180555555555536,False,False,0.33532926308085476,0.021180555555555536,True,False,0.6144733988484774,0.1388913524224859,5.287053487627334,False,inconclusive
1190,assignment_isolation,plus_one_randomisation,True,ok,45.953306069304894,3.094307496767625,51.33242171982069,40.43139488526198,30.155448843699787,1.0,0.001,1.0,0.001,,,,,False,True,False,True,False,0.007071067811865475,0.007049984562447875,24,24,24,0,0.0,{},0.7840309119564439,0.6704022988505747,0.0,False,True,False,True,False,False,0.0,51.332421719820694,40.43139488526198,51.332421719820694,95.5,1.0387849601943855,0.01948213133044914,False,0.495956805835447,False,0.013194444444444509,False,False,0.4424715617464795,0.013194444444444509,True,True,0.6640404486920826,0.18021366258449315,7.425070390961969,False,opposite_direction
1191,assignment_isolation,plus_one_randomisation,True,ok,38.80851803388144,3.4545791144922933,46.560620437245476,33.61194014405152,29.541271907966124,1.0,0.001,1.0,0.001,,,,,False,True,False,True,False,0.007071067811865475,0.00705284561927636,24,24,24,0,0.0,{},0.8003395731597034,0.6416666666666666,0.0,False,True,False,True,False,False,0.0,46.56062043724548,33.61194014405152,46.56062043724548,95.625,1.0187070133266536,0.00924799976737454,False,0.5209453559563627,False,0.02430555555555558,False,False,0.38179879116699134,0.02430555555555558,True,True,-0.08281897421870729,0.11237825571802386,6.054498289958029,False,opposite_direction
1192,assignment_isolation,plus_one_randomisation,True,ok,45.86963584909412,3.4011055412449522,52.47137703428197,40.52653571734879,29.928822246868297,1.0,0.001,1.0,0.001,,,,,False,True,False,True,False,0.007071067811865475,0.0070694349185803085,24,24,24,0,0.0,{},0.7769936971618356,0.6914682539682537,0.0,False,True,False,True,False,False,0.0,52.47137703428197,40.52653571734879,52.47137703428197,94.66666666666667,1.0293021373982774,0.017674451894430277,False,0.5508812606580512,False,0.014583333333333282,False,False,0.4455702107013497,0.014583333333333282,True,True,0.2998217224402723,0.1092006221127391,7.135511681665826,False,opposite_direction
1193,assignment_isolation,plus_one_randomisation,True,ok,39.5477499703945,3.6830093990340282,44.829409412443226,32.811969251908714,30.224224235645995,1.0,0.001,1.0,0.001,,,,,False,True,False,True,False,0.007071067811865475,0.00705955772381019,24,24,24,0,0.0,{},0.7968425597794959,0.7075842696629213,0.0,False,True,False,True,False,False,0.0,44.829409412443226,32.811969251908714,44.829409412443226,95.54166666666667,1.0427953049942982,0.021305995520821956,False,0.49845041239346105,False,0.019791666666666652,False,False,0.38004984360599736,0.019791666666666652,True,True,0.9546220823160191,0.1356374647418848,7.739573634609883,False,opposite_direction
1194,assignment_isolation,plus_one_randomisation,True,ok,47.25499097811923,2.964634412192752,52.49048887617853,42.416149495110375,30.55589920689491,1.0,0.001,1.0,0.001,,,,,False,True,False,True,False,0.007071067811865475,0.0070477918200751105,24,24,24,0,0.0,{},0.7961588541666667,0.7046759259259259,0.0,False,True,False,True,False,False,0.0,52.49048887617854,42.416149495110375,52.49048887617854,95.875,1.0543160766055113,0.01749019568517447,False,0.5337503088102642,False,0.013541666666666674,False,False,0.447998652742122,0.013541666666666674,True,True,1.0719366218347595,0.12077505503923673,7.412149128245806,False,opposite_direction
1195,assignment_isolation,plus_one_randomisation,True,ok,41.96347269581899,3.457747372067293,47.68000689843615,36.000647796735656,29.828113094522493,1.0,0.001,1.0,0.001,,,,,False,True,False,True,False,0.007071067811865475,0.007096819025413276,24,24,24,0,0.0,{},0.8060606060606063,0.7550877192982457,0.0,False,True,False,True,False,False,0.0,47.68000689843615,36.000647796735656,47.68000689843615,96.95833333333333,1.0422024426452823,0.026654644410203536,False,0.500854277220962,False,0.03020833333333328,False,False,0.403702347749803,0.03020833333333328,True,True,0.31374476468111245,0.24855094266033975,5.9378744026315315,False,opposite_direction
1196,assignment_isolation,plus_one_randomisation,True,ok,38.88468842672235,4.0151109494402055,46.22962258998759,32.72051322421453,30.224441787885908,1.0,0.001,1.0,0.001,,,,,False,True,False,True,False,0.007071067811865475,0.007000802493900353,24,24,24,0,0.0,{},0.7999113475177306,0.6684865900383141,0.0,False,True,False,True,False,False,0.0,46.22962258998759,32.72051322421453,46.22962258998759,96.20833333333333,1.0377254411630878,0.017312817910215106,False,0.49037753099214754,False,0.025694444444444464,False,False,0.37539889778790236,0.025694444444444464,True,True,-0.10985965522738396,0.1272686353792436,5.738652658072029,False,opposite_direction
1197,assignment_isolation,plus_one_randomisation,True,ok,36.69148093534779,4.805589769652345,46.06361767647405,28.996452072874426,29.32520748299873,1.0,0.001,1.0,0.001,,,,,False,True,False,False,True,0.007071067811865475,0.007094954992830802,24,24,24,0,0.0,{},0.8228960396039604,0.7374542124542126,0.0,False,True,False,False,False,False,0.0,46.06361767647405,28.996452072874423,46.06361767647405,97.41666666666667,1.0267799397895923,0.013935230719609797,False,0.49150991630090224,False,0.028819444444444398,False,False,0.35741815179773617,0.028819444444444398,True,False,-0.717207262744042,0.07440994228075522,7.158765657325607,False,inconclusive
1198,assignment_isolation,plus_one_randomisation,True,ok,32.91951571615969,3.7414616590180985,40.76296608341927,27.76167756640826,29.7742628808595,1.0,0.001,1.0,0.001,,,,,False,True,False,False,True,0.007071067811865475,0.007003450540323009,24,24,24,0,0.0,{},0.7847731227106227,0.6685648148148148,0.0,False,True,False,False,False,False,0.0,40.76296608341927,27.761677566408263,40.76296608341927,95.79166666666667,1.020438776895489,0.005668369299237338,False,0.5243948191515033,False,0.029166666666666674,False,False,0.3206947484625217,0.029166666666666674,True,False,-0.21267084562334504,0.20543895391840036,5.346156001498513,False,inconclusive
1199,assignment_isolation,plus_one_randomisation,True,ok,38.26183380822287,4.225425530338685,44.983288493451504,30.964704690727373,29.536967052640083,1.0,0.001,1.0,0.001,,,,,False,True,False,True,False,0.007071067811865475,0.00706258422646034,24,24,24,0,0.0,{},0.8014583333333336,0.7120738636363635,0.0,False,True,False,True,False,False,0.0,44.983288493451504,30.964704690727373,44.983288493451504,96.33333333333333,1.0237356732728824,0.0035739702244214355,False,0.5124306747934209,False,0.018402777777777768,False,False,0.37440852376578654,0.018402777777777768,True,True,-1.7018174409195341,0.2643045533011828,4.231939910697933,False,opposite_direction
