replicate,inference_route,calibration,route_valid,route_reason,beta_hat,se,ucb,lcb,beta_min,p_infer_less,p_infer_greater,p_rand_less,p_rand_greater,p_seq_less,p_seq_greater,log_e_seq_less,log_e_seq_greater,n_evalue_terms,n_evalue_participants,evalue_fold_term_counts,evalue_fold_participant_counts,infer_neg_pass,infer_pos_pass,magnitude_neg_pass,magnitude_pos_pass,component_disagreement,sigma_tau_design,sigma_tau_eff,N,N_eligible,N_estimable,N_nonestimable,nonestimable_fraction,nonestimable_reasons,median_leverage_fraction,min_leverage_fraction_estimable,estimability_summary_max_smd,estimability_summary_fired,estimability_information_sufficient,estimability_support_passed,estimability_opposite_passed,estimability_adequacy_passed,estimability_conclusion_changing,nonestimable_abs_bound_sum,support_ucb_upper,eligible_lcb_lower,eligible_ucb_upper,nbar_ret,sigma_blind,leak_excursion,leak_fired,delivery_p99_ms,delivery_fired,retention_imbalance,retention_fired,balance_fired,gate_required,gate_audited,gate_passed,gate_applicable,collider_inter_z,collider_inter_p,collider_inter_valid,collider_inter_fired,collider_smd,collider_smd_min_p,collider_smd_valid,collider_smd_fired,collider_rank_z,collider_invalid,collider_fired,decision
0,sequential_evalue,martingale_evalue,True,ok,1.0178072523271877,4.423308339918094,9.211420286139113,-5.567691854260383,35.70167114417798,1.0,1.0,,,1.0,1.0,-1.1291714804663644,-0.857795342846527,2230,24,"[460, 447, 467, 477, 379]","[5, 5, 5, 5, 4]",False,False,False,False,False,0.007071067811865475,0.006885787733974276,24,24,24,0,0.0,{},0.7765882117823781,0.681062067066814,0.0,False,True,False,False,True,False,0.0,9.211420286139113,-5.567691854260384,9.211420286139113,92.91666666666667,1.1848380453622267,0.05263417865887399,False,1.2528339629122425,False,0.02013888888888893,False,False,0.004703005780237164,0.02013888888888893,False,False,-1.7288552156643124,0.08383501102890595,True,False,0.12192078378468264,0.2512197744864747,True,False,0.17661280317018863,False,False,forward_only_adequate
1,sequential_evalue,martingale_evalue,True,ok,-8.429215296849998,3.9464358058788127,-1.6493890972679761,-15.509716090499255,32.78866470369522,0.7962338526768202,1.0,,,0.7962338526768202,1.0,0.22786235151417467,-1.2817474354206482,2257,24,"[480, 467, 471, 465, 374]","[5, 5, 5, 5, 4]",False,False,False,False,False,0.007071067811865475,0.007020480061933043,24,24,24,0,0.0,{},0.795060347382943,0.7142545216415179,0.0,False,True,False,False,True,False,0.0,-1.6493890972679761,-15.509716090499255,-1.6493890972679761,94.04166666666667,1.1161452207815221,0.0035803677149501847,False,1.295146306269892,False,0.018750000000000044,False,False,0.0575990294049299,0.018750000000000044,False,False,-0.7664057178461968,0.4434349316622208,True,False,0.1341616902818106,0.20955601908621327,True,False,-0.41780315772156296,False,False,forward_only_adequate
2,sequential_evalue,martingale_evalue,True,ok,-0.02811711698708293,2.072842179263636,3.4746639047362926,-3.4413788000267083,34.41409115868603,1.0,1.0,,,1.0,1.0,-0.7284858933436362,-0.903410322556595,2258,24,"[472, 459, 469, 482, 376]","[5, 5, 5, 5, 4]",False,False,False,False,False,0.007071067811865475,0.006967561284885974,24,24,24,0,0.0,{},0.7975252472297845,0.7225684085451826,0.0,False,True,False,False,True,False,0.0,3.4746639047362926,-3.4413788000267083,3.4746639047362926,94.08333333333333,1.1629029022413493,0.021817323594542082,False,1.2941126895504893,False,0.011458333333333348,False,False,9.652460935003716e-05,0.011458333333333348,False,False,1.0729560575139976,0.2832908325029925,True,False,0.18268806687104713,0.09278849546603733,True,False,0.5377750876168372,False,False,forward_only_adequate
3,sequential_evalue,martingale_evalue,True,ok,-5.244602857745584,3.324693823929966,0.5131813258383167,-11.113859494250569,34.331450422902606,1.0,1.0,,,1.0,1.0,-0.4800503291708689,-1.2592132636801943,2220,24,"[459, 467, 449, 463, 382]","[5, 5, 5, 5, 4]",False,False,False,False,False,0.007071067811865475,0.0070206018363815886,24,24,24,0,0.0,{},0.7766150266074229,0.7080395176141486,0.0,False,True,False,False,True,False,0.0,0.5131813258383167,-11.113859494250569,0.5131813258383167,92.5,1.1590638631311583,0.022835361905963344,False,1.2853155349237644,False,0.03194444444444444,False,False,0.03149841415028695,0.03194444444444444,False,False,-0.12381204259621628,0.9014640965716899,True,False,0.30193506433090506,0.017211469391333403,True,False,-1.2462230148175868,False,False,forward_only_adequate
4,sequential_evalue,martingale_evalue,True,ok,-3.6367413106587088,3.4744700700212072,1.777180008615121,-9.594886166302718,33.060993150235475,1.0,1.0,,,1.0,1.0,-0.1557665351601245,-1.0064578638965929,2238,24,"[469, 476, 471, 465, 357]","[5, 5, 5, 5, 4]",False,False,False,False,False,0.007071067811865475,0.007052346157206383,24,24,24,0,0.0,{},0.7771833191418723,0.722302877027508,0.0,False,True,False,False,True,False,0.0,1.7771800086151213,-9.594886166302718,1.7771800086151213,93.25,1.1257551469662506,0.01710106996736221,False,1.288417862849219,False,0.021180555555555647,False,False,0.021269313652688426,0.021180555555555647,False,False,-0.5461497827693588,0.5849629818183293,True,False,0.10135309698774937,0.34519155341835006,True,False,-0.85202847608666,False,False,forward_only_adequate
5,sequential_evalue,martingale_evalue,True,ok,0.87453508918456,3.6569203522866385,7.665690622315277,-5.032317592308514,34.271447886378844,1.0,1.0,,,1.0,1.0,-1.0087120917669974,-0.918565354851653,2211,24,"[469, 461, 464, 459, 358]","[5, 5, 5, 5, 4]",False,False,False,False,False,0.007071067811865475,0.006981900000539454,24,24,24,0,0.0,{},0.7738696677448986,0.6887700393122974,0.0,False,True,False,False,True,False,0.0,7.665690622315277,-5.032317592308514,7.665690622315277,92.125,1.1483250313804088,0.001218836612945134,False,1.2047431026581685,False,0.032638888888888884,False,False,0.004110140695499278,0.032638888888888884,False,False,1.9641435108183418,0.04951345156456586,True,False,0.22141230710344018,0.052260646627914124,True,False,0.6548866751084143,False,False,forward_only_adequate
6,sequential_evalue,martingale_evalue,True,ok,-1.1536399196572713,3.0745561723371955,4.279626103191479,-5.861826519579575,33.68068882458796,1.0,1.0,,,1.0,1.0,-0.7282944984918759,-0.9986213570963478,2236,24,"[474, 458, 475, 465, 364]","[5, 5, 5, 5, 4]",False,False,False,False,False,0.007071067811865475,0.007091227085132458,24,24,24,0,0.0,{},0.7843341196973982,0.6975801759655669,0.0,False,True,False,False,True,False,0.0,4.279626103191479,-5.861826519579576,4.279626103191479,93.16666666666667,1.152663765702003,0.0008084688519169705,False,1.235900416036145,False,0.011111111111111183,False,False,0.0055829537591391915,0.011111111111111183,False,False,-0.15452297752065247,0.877197395353083,True,False,0.11157262030178879,0.15783364807989267,True,False,-0.15815673637088234,False,False,forward_only_adequate
7,sequential_evalue,martingale_evalue,True,ok,-4.4094426152361,4.12522012015623,3.16013324553244,-10.700309584436107,34.97855860987258,1.0,1.0,,,1.0,1.0,-0.5575563620643529,-1.2029312358509157,2219,24,"[466, 475, 453, 454, 371]","[5, 5, 5, 5, 4]",False,False,False,False,False,0.007071067811865475,0.0069187409011733534,24,24,24,0,0.0,{},0.7772804684498078,0.7228273078913285,0.0,False,True,False,False,True,False,0.0,3.1601332455324402,-10.700309584436107,3.1601332455324402,92.45833333333333,1.163515065080543,0.024650301282177347,False,1.2580421111036293,False,0.03229166666666661,False,False,0.025607247519160405,0.03229166666666661,False,False,-0.6440148701330857,0.5195657913954054,True,False,0.08265452490087087,0.16662912473742406,True,False,-0.3751913610982188,False,False,forward_only_adequate
8,sequential_evalue,martingale_evalue,True,ok,2.675328315028903,4.3153884597282754,9.794970913247859,-5.414503790481923,32.396944208414205,1.0,1.0,,,1.0,1.0,-0.9997026734154862,-0.481983612882274,2231,24,"[468, 471, 439, 463, 390]","[5, 5, 5, 5, 4]",False,False,False,False,False,0.007071067811865475,0.007032655377344262,24,24,24,0,0.0,{},0.79053520442647,0.652213361226397,0.0,False,True,False,False,True,False,0.0,9.794970913247859,-5.414503790481923,9.794970913247859,92.95833333333333,1.0983419029261567,0.011066512888497151,False,1.3271730818486147,False,0.035069444444444486,False,False,0.015349351571158215,0.035069444444444486,False,False,0.2725575744367178,0.7851933281735523,True,False,0.16674753130213912,0.0743949423821812,True,False,0.8838636607156747,False,False,forward_only_adequate
9,sequential_evalue,martingale_evalue,True,ok,3.624608143800111,2.552405766698993,8.863615335721427,-0.24827240469371148,33.871225349419795,1.0,1.0,,,1.0,1.0,-1.1596145785656915,-0.5997712361686589,2220,24,"[457, 473, 457, 455, 378]","[5, 5, 5, 5, 4]",False,False,False,False,False,0.007071067811865475,0.006971471916542324,24,24,24,0,0.0,{},0.7666453671737203,0.7290267832619851,0.0,False,True,False,False,True,False,0.0,8.863615335721427,-0.24827240469371148,8.863615335721427,92.5,1.135523852185051,0.02541126126576863,False,1.2541900319377097,False,0.010763888888888906,False,False,0.02097582504715569,0.010763888888888906,False,False,0.5105372559291659,0.6096751205969201,True,False,0.1345222378693309,0.062015913963498384,True,False,0.2404731346427803,False,False,forward_only_adequate
10,sequential_evalue,martingale_evalue,True,ok,2.433719599488551,3.421891664477187,7.845194292769058,-3.768373214715581,33.34734230055537,1.0,1.0,,,1.0,1.0,-0.8947144786569716,-0.5861330926848631,2196,24,"[470, 455, 456, 448, 367]","[5, 5, 5, 5, 4]",False,False,False,False,False,0.007071067811865475,0.0070464536727171245,24,24,24,0,0.0,{},0.7715360147322233,0.7048213999322775,0.0,False,True,False,False,True,False,0.0,7.845194292769058,-3.768373214715581,7.845194292769058,91.5,1.1238604284282914,0.007061838702779759,False,1.2367472982867818,False,0.02013888888888893,False,False,0.013409432985671512,0.02013888888888893,False,False,2.466804189296941,0.01363248829187264,True,False,0.247890835330125,0.018232886599323078,True,False,0.9696278805491926,False,False,forward_only_adequate
11,sequential_evalue,martingale_evalue,True,ok,2.294561139364829,3.5306678738295627,9.171553006904201,-4.035675726501739,33.585529347437905,1.0,1.0,,,1.0,1.0,-0.9152728618045431,-0.6030107021976185,2208,24,"[451, 454, 469, 463, 371]","[5, 5, 5, 5, 4]",False,False,False,False,False,0.007071067811865475,0.006915168272899501,24,24,24,0,0.0,{},0.7732397027762454,0.7315151381775007,0.0,False,True,False,False,True,False,0.0,9.171553006904201,-4.035675726501739,9.171553006904201,92.0,1.1138298904763777,0.0033284490905521364,False,1.2515727594773207,False,0.018749999999999933,False,False,0.012663861692612676,0.018749999999999933,False,False,0.6372681434427198,0.5239501976440506,True,False,0.18756039104831415,0.06502065954684258,True,False,0.7804335108057774,False,False,forward_only_adequate
12,sequential_evalue,martingale_evalue,True,ok,2.7310049995462182,3.4261232931208894,8.797414887373794,-2.595915840856611,33.42312513206471,1.0,1.0,,,1.0,1.0,-1.0765568793083011,-0.6047128075741894,2229,24,"[480, 477, 461, 449, 362]","[5, 5, 5, 5, 4]",False,False,False,False,False,0.007071067811865475,0.006938683778983838,24,24,24,0,0.0,{},0.7870909572574162,0.7162441144035199,0.0,False,True,False,False,True,False,0.0,8.797414887373794,-2.595915840856611,8.797414887373794,92.875,1.1174898010989993,0.005192673163115137,False,1.221023237942459,False,0.025694444444444353,False,False,0.015408001773286979,0.025694444444444353,False,False,1.4335291171412907,0.1517066839768383,True,False,0.08880039051198059,0.26278544778877544,True,False,1.093522078225734,False,False,forward_only_adequate
13,sequential_evalue,martingale_evalue,True,ok,2.2643189391250687,3.2467807756727334,8.170093990881515,-3.216277135649692,34.10858848196189,1.0,1.0,,,1.0,1.0,-1.0474881391848145,-0.8182395780581653,2232,24,"[472, 465, 461, 472, 362]","[5, 5, 5, 5, 4]",False,False,False,False,False,0.007071067811865475,0.006831551370849892,24,24,24,0,0.0,{},0.77570239195681,0.7076697356928137,0.0,False,True,False,False,True,False,0.0,8.170093990881515,-3.216277135649692,8.170093990881515,93.0,1.1235555888757094,0.02033777211570345,False,1.2348331936780952,False,0.011111111111111183,False,False,0.012349398730839446,0.011111111111111183,False,False,1.0123389526489388,0.31137601628879363,True,False,0.18046873495931803,0.12504228620838245,True,False,1.9821760855996382,False,False,forward_only_adequate
14,sequential_evalue,martingale_evalue,True,ok,-2.086694333430177,3.059749473021,3.4778672438598472,-6.906275925328204,35.095237565729626,1.0,1.0,,,1.0,1.0,-0.8471266589147597,-1.0787824571832016,2217,24,"[453, 475, 460, 456, 373]","[5, 5, 5, 5, 4]",False,False,False,False,False,0.007071067811865475,0.006948845124845704,24,24,24,0,0.0,{},0.7761178448578001,0.7120950833609222,0.0,False,True,False,False,True,False,0.0,3.4778672438598472,-6.906275925328205,3.4778672438598472,92.375,1.1719472084461637,0.02421516844673137,False,1.2692871470539453,False,0.009722222222222188,False,False,0.010719567836339467,0.009722222222222188,False,False,-2.1949119917443705,0.02816991145085232,True,False,0.13674114528815068,0.053776416710263654,True,False,-1.0495319108977323,False,False,forward_only_adequate
15,sequential_evalue,martingale_evalue,True,ok,-3.2007084087048394,4.703062982687929,4.135684423247345,-11.777505843667937,34.85311415631645,1.0,1.0,,,1.0,1.0,-0.27076401031042585,-1.1870694914952138,2227,24,"[460, 456, 475, 461, 375]","[5, 5, 5, 5, 4]",False,False,False,False,False,0.007071067811865475,0.006983094506149391,24,24,24,0,0.0,{},0.780128613375238,0.7047699236208704,0.0,False,True,False,False,True,False,0.0,4.135684423247345,-11.777505843667937,4.135684423247345,92.79166666666667,1.1722331543248214,0.04725161299705863,False,1.2915384965700376,False,0.03819444444444442,False,False,0.017508312838492236,0.03819444444444442,False,False,-0.1260463231007386,0.8996952564265494,True,False,0.06747513222956152,0.47936259712418267,True,False,0.502534035374789,False,False,forward_only_adequate
16,sequential_evalue,martingale_evalue,True,ok,0.2398656281091235,4.492745173312085,7.023634713195646,-8.930828502832462,34.46695405402571,1.0,1.0,,,1.0,1.0,-0.5865575007676129,-0.6378406594330887,2217,24,"[468, 466, 456, 461, 366]","[5, 5, 5, 5, 4]",False,False,False,False,False,0.007071067811865475,0.006934023854731022,24,24,24,0,0.0,{},0.7745323988687112,0.6794622180489774,0.0,False,True,False,False,True,False,0.0,7.023634713195645,-8.930828502832462,7.023634713195645,92.375,1.148511813478241,0.020133308774754628,False,1.3422605566056507,False,0.030555555555555558,False,False,0.0009855064362464371,0.030555555555555558,False,False,-0.8078127173302386,0.4191984030276895,True,False,0.1986517802938,0.24061764359613264,True,False,-1.3372759859900456,False,False,forward_only_adequate
17,sequential_evalue,martingale_evalue,True,ok,1.1610982800645473,3.7355446497174207,8.0824460808423,-4.672368971308671,32.775583535992254,1.0,1.0,,,1.0,1.0,-0.7222560959315671,-0.07509492048320415,2182,24,"[448, 461, 457, 441, 375]","[5, 5, 5, 5, 4]",False,False,False,False,False,0.007071067811865475,0.007010720446761718,24,24,24,0,0.0,{},0.7613912023680222,0.6858853985326294,0.0,False,True,False,False,True,False,0.0,8.0824460808423,-4.672368971308671,8.0824460808423,90.91666666666667,1.0954809736652935,0.027051485531390744,False,1.2651846466541685,False,0.022222222222222143,False,False,0.005954944596661247,0.022222222222222143,False,False,0.06272290642323296,0.9499871566171401,True,False,0.06138364665333834,0.6394836323555466,True,False,-0.5546754952512296,False,False,forward_only_adequate
18,sequential_evalue,martingale_evalue,True,ok,-1.0145090739490195,3.35914632925026,5.798191997243692,-6.4574142177322065,33.340597443207734,1.0,1.0,,,1.0,1.0,-0.963510446894656,-1.0467120931287455,2225,24,"[459, 468, 452, 465, 381]","[5, 5, 5, 5, 4]",False,False,False,False,False,0.007071067811865475,0.006936296078641743,24,24,24,0,0.0,{},0.7780109026655386,0.7188581907176083,0.0,False,True,False,False,True,False,0.0,5.798191997243692,-6.4574142177322065,5.798191997243692,92.70833333333333,1.1133466120693245,0.014006900010459003,False,1.2992634419679445,False,0.02673611111111107,False,False,0.005024598165275598,0.02673611111111107,False,False,-0.11395881304590356,0.909270443108187,True,False,0.1721271127235314,0.06207245232090896,True,False,-0.22159524258906124,False,False,forward_only_adequate
19,sequential_evalue,martingale_evalue,True,ok,0.5644348548176984,3.9075248410673367,6.935152054358744,-6.446889538748012,33.96697631728638,1.0,1.0,,,1.0,1.0,-0.8376243166971815,-0.7327022189720975,2241,24,"[471, 463, 453, 484, 370]","[5, 5, 5, 5, 4]",False,False,False,False,False,0.007071067811865475,0.006966555561470381,24,24,24,0,0.0,{},0.7782938690765937,0.7246325090022088,0.0,False,True,False,False,True,False,0.0,6.935152054358743,-6.446889538748013,6.935152054358743,93.375,1.1433002681125095,0.021590250113750206,False,1.2625576803466443,False,0.025694444444444464,False,False,0.002537538559165691,0.025694444444444464,False,False,-1.2026681862747735,0.2291047497109936,True,False,0.1932170538096353,0.05385350987556647,True,False,-0.027064010983659705,False,False,forward_only_adequate
20,sequential_evalue,martingale_evalue,True,ok,2.0148549269453304,3.56425577522978,7.5507311932164765,-4.767246732331843,33.493257644110194,1.0,1.0,,,1.0,1.0,-1.1508651512233483,-0.8085455960397858,2258,24,"[475, 456, 467, 479, 381]","[5, 5, 5, 5, 4]",False,False,False,False,False,0.007071067811865475,0.007006999801174186,24,24,24,0,0.0,{},0.7976451565977701,0.6834321299176446,0.0,False,True,False,False,True,False,0.0,7.550731193216476,-4.767246732331843,7.550731193216476,94.08333333333333,1.1381928358328255,0.015946295245474734,False,1.2759843813397105,False,0.014930555555555558,False,False,0.010648769449737718,0.014930555555555558,False,False,-2.1351265857513577,0.03275067155768204,True,False,0.3665161944014926,0.013050759402000284,True,False,-0.4835636077170247,False,False,forward_only_adequate
21,sequential_evalue,martingale_evalue,True,ok,-4.431003181812321,4.479454398322387,2.2128207885930884,-13.581113194932072,33.99928845102672,1.0,1.0,,,1.0,1.0,-0.5801206358938356,-1.2575710463034788,2221,24,"[456, 471, 473, 454, 367]","[5, 5, 5, 5, 4]",False,False,False,False,False,0.007071067811865475,0.0069373340433685335,24,24,24,0,0.0,{},0.7835594850005903,0.7072641121707962,0.0,False,True,False,False,True,False,0.0,2.2128207885930884,-13.581113194932072,2.2128207885930884,92.54166666666667,1.134491111895999,0.01965816135343337,False,1.224294625277162,False,0.012847222222222232,False,False,0.02652280964930094,0.012847222222222232,False,False,-0.5719071893714163,0.567384853157013,True,False,0.1277956799455601,0.1204447653172732,True,False,-0.915848625745726,False,False,forward_only_adequate
22,sequential_evalue,martingale_evalue,True,ok,-1.9631225424339644,4.761241181111899,6.277288317511347,-11.281233445227723,33.437601217964314,1.0,1.0,,,1.0,1.0,-0.15428920527388557,-0.7148583283215466,2251,24,"[451, 479, 467, 490, 364]","[5, 5, 5, 5, 4]",False,False,False,False,False,0.007071067811865475,0.006872577648487456,24,24,24,0,0.0,{},0.796323987106863,0.7082683288729934,0.0,False,True,False,False,True,False,0.0,6.2772883175113465,-11.281233445227722,6.2772883175113465,93.79166666666667,1.1127738219867833,0.03194691103275664,False,1.2842741536467623,False,0.024652777777777746,False,False,0.010607252544185049,0.024652777777777746,False,False,-0.6348385080259313,0.5255337454809891,True,False,0.10546776889558668,0.17628586084298847,True,False,-0.5760805897057732,False,False,forward_only_adequate
23,sequential_evalue,martingale_evalue,True,ok,2.6388165448522747,6.157012398134685,11.966062938685976,-9.29945381630407,34.94146575138729,0.78526984770746,0.10843604892352265,,,0.78526984770746,0.10843604892352265,0.24172786522860576,2.221594690615588,2220,24,"[452, 463, 463, 469, 373]","[5, 5, 5, 5, 4]",False,False,False,False,False,0.007071067811865475,0.006947554865693888,24,24,24,0,0.0,{},0.7786490161726778,0.7017586864941318,0.0,False,True,False,False,True,False,0.0,11.966062938685974,-9.29945381630407,11.966062938685974,92.5,1.1673846407013282,0.006783835143027166,False,1.26099418823308,False,0.02673611111111107,False,False,0.014086318576162564,0.02673611111111107,False,False,1.430384065496165,0.15260681904782727,True,False,0.18963464883818884,0.09676219774867963,True,False,0.16810268467966852,False,False,forward_only_adequate
24,sequential_evalue,martingale_evalue,True,ok,1.0172278308082638,3.7164396015382843,8.453956778139931,-5.114436906653289,34.105280653849746,1.0,1.0,,,1.0,1.0,-0.584027598413957,-0.43195314653013084,2219,24,"[468, 457, 469, 448, 377]","[5, 5, 5, 5, 4]",False,False,False,False,False,0.007071067811865475,0.007027945620041921,24,24,24,0,0.0,{},0.7783091580927592,0.6838084393790497,0.0,False,True,False,False,True,False,0.0,8.453956778139931,-5.114436906653289,8.453956778139931,92.45833333333333,1.1523729481727167,0.00945558630019807,False,1.233892441995008,False,0.029861111111111116,False,False,0.004848670126030739,0.029861111111111116,False,False,0.41583950950181037,0.6775274457054379,True,False,0.21746503587061586,0.10539733304490567,True,False,0.15960686006772495,False,False,forward_only_adequate
25,sequential_evalue,martingale_evalue,True,ok,2.888297529206405,3.223988847943084,8.63923156108408,-2.929587043676914,32.74271078250432,1.0,1.0,,,1.0,1.0,-1.151716587257176,-0.7102352155186467,2219,24,"[450, 464, 460, 474, 371]","[5, 5, 5, 5, 4]",False,False,False,False,False,0.007071067811865475,0.006992929955419755,24,24,24,0,0.0,{},0.7739839696361508,0.7055044613554637,0.0,False,True,False,False,True,False,0.0,8.63923156108408,-2.929587043676914,8.63923156108408,92.45833333333333,1.100821352008389,0.01697685911094729,False,1.2361209016221926,False,0.02013888888888893,False,False,0.016721587232267836,0.02013888888888893,False,False,0.8155350152041179,0.41476613005522533,True,False,0.09219983714867822,0.2603343547810661,True,False,1.5455894885279895,False,False,forward_only_adequate
26,sequential_evalue,martingale_evalue,True,ok,-2.2296432902547294,3.017316449653485,2.3219961244126606,-8.489542572882334,34.42986108140395,1.0,1.0,,,1.0,1.0,-0.45355459293556055,-0.8439446627344573,2272,24,"[486, 452, 482, 476, 376]","[5, 5, 5, 5, 4]",False,False,False,False,False,0.007071067811865475,0.006950049782283671,24,24,24,0,0.0,{},0.7928227955910959,0.6874157559291147,0.0,False,True,False,False,True,False,0.0,2.3219961244126606,-8.489542572882334,2.3219961244126606,94.66666666666667,1.1641038693953372,0.0002596686562758568,False,1.2743772928106838,False,0.023263888888888862,False,False,0.011651126577255826,0.023263888888888862,False,False,0.6642737637542415,0.5065151098435579,True,False,0.13573434163744544,0.1030830555760388,True,False,1.8850923791912941,False,False,forward_only_adequate
27,sequential_evalue,martingale_evalue,True,ok,-0.4010172308404118,4.281476926249689,7.146530701064088,-7.681309955151995,33.17733510064832,1.0,1.0,,,1.0,1.0,-0.8763820617207194,-1.0121309221957269,2210,24,"[460, 451, 466, 473, 360]","[5, 5, 5, 5, 4]",False,False,False,False,False,0.007071067811865475,0.00696871154074132,24,24,24,0,0.0,{},0.7839538146984785,0.6741760409274512,0.0,False,True,False,False,True,False,0.0,7.146530701064088,-7.681309955151995,7.146530701064088,92.08333333333333,1.1093140346259645,0.006784698628887932,False,1.29424450829258,False,0.015625,False,False,0.0017985388799915047,0.015625,False,False,-1.5524283513070383,0.12055976407682363,True,False,0.1482150494861599,0.03270078000578594,True,False,-2.1049137775875444,False,False,forward_only_adequate
28,sequential_evalue,martingale_evalue,True,ok,-1.940556087361658,2.738951290024971,2.5161684233496455,-6.604672320896396,33.49231812637627,1.0,1.0,,,1.0,1.0,-0.7521311897910752,-1.0484035643557044,2257,24,"[478, 482, 455, 478, 364]","[5, 5, 5, 5, 4]",False,False,False,False,False,0.007071067811865475,0.007010575021046096,24,24,24,0,0.0,{},0.7903993542817742,0.7145799673812555,0.0,False,True,False,False,True,False,0.0,2.5161684233496455,-6.6046723208963956,2.5161684233496455,94.04166666666667,1.1384894534498315,0.01959728705328598,False,1.2331401613496098,False,0.03576388888888882,False,False,0.010199233366585772,0.03576388888888882,False,False,-0.5022372141999385,0.6155006684057458,True,False,0.16399792492879903,0.1948880106971535,True,False,-1.2017697920567054,False,False,forward_only_adequate
29,sequential_evalue,martingale_evalue,True,ok,8.718749861223243,2.3141535617777804,12.929872616370686,4.68973963104513,32.391200788796894,1.0,0.8212352095115927,,,1.0,0.8212352095115927,-1.4572259530537155,0.19694571907262604,2191,24,"[440, 466, 456, 456, 373]","[5, 5, 5, 5, 4]",False,False,False,False,False,0.007071067811865475,0.007056696774705187,24,24,24,0,0.0,{},0.7724321043080578,0.6252073706678667,0.0,False,True,False,False,True,False,0.0,12.929872616370686,4.68973963104513,12.929872616370686,91.29166666666667,1.0919784726973607,0.041367696358200375,False,1.288412592010377,False,0.03402777777777777,False,False,0.061527775080354355,0.03402777777777777,False,False,0.42747216682400646,0.6690354535709262,True,False,0.19143756044940327,0.01084145053404398,True,False,0.8145570992871478,False,False,forward_only_adequate
30,sequential_evalue,martingale_evalue,True,ok,-1.6749449418536635,3.405352784767769,3.7976785112180433,-7.584755437012671,34.44174594871361,1.0,1.0,,,1.0,1.0,-0.5866998150980648,-1.0678050070287723,2246,24,"[472, 469, 468, 469, 368]","[5, 5, 5, 5, 4]",False,False,False,False,False,0.007071067811865475,0.006963007629535576,24,24,24,0,0.0,{},0.7913165889099378,0.7104561468883588,0.0,False,True,False,False,True,False,0.0,3.7976785112180433,-7.584755437012671,3.7976785112180433,93.58333333333333,1.1599821049915016,0.01151075716931139,False,1.2406291852664302,False,0.02951388888888895,False,False,0.00844594470743343,0.02951388888888895,False,False,-0.6259129161783837,0.5313720621675939,True,False,0.19980404629931026,0.06303847951642334,True,False,-0.3292951464676923,False,False,forward_only_adequate
31,sequential_evalue,martingale_evalue,True,ok,3.39456012261002,3.728204050841838,9.74102709935137,-3.0329657290744976,33.94744664507024,1.0,1.0,,,1.0,1.0,-1.0617154933829842,-0.10558499058149418,2232,24,"[483, 459, 467, 469, 354]","[5, 5, 5, 5, 4]",False,False,False,False,False,0.007071067811865475,0.006921013741628192,24,24,24,0,0.0,{},0.7901534071903784,0.7175707887268836,0.0,False,True,False,False,True,False,0.0,9.74102709935137,-3.0329657290744976,9.74102709935137,93.0,1.1328914640753867,0.006118701855416855,False,1.262871474366447,False,0.028124999999999956,False,False,0.019493865269166716,0.028124999999999956,False,False,-2.3302781733663998,0.01979145359322276,True,False,0.30314145649609797,0.0022720198079485914,True,False,-0.5150086431410564,False,False,forward_only_adequate
32,sequential_evalue,martingale_evalue,True,ok,3.7778191687951543,3.74015454600638,11.510496610587712,-2.047939501362642,34.44706208081891,1.0,1.0,,,1.0,1.0,-1.092281051573051,-0.5010288966388929,2213,24,"[462, 456, 456, 463, 376]","[5, 5, 5, 5, 4]",False,False,False,False,False,0.007071067811865475,0.0069823634703695975,24,24,24,0,0.0,{},0.7768259213998174,0.6825581286326419,0.0,False,True,False,False,True,False,0.0,11.510496610587714,-2.047939501362642,11.510496610587714,92.20833333333333,1.154807858652445,0.004731158946536045,False,1.2637184103613324,False,0.019444444444444486,False,False,0.021581955964786518,0.019444444444444486,False,False,-0.7774663090897931,0.43688370416999334,True,False,0.2010899508891389,0.009255382569675343,True,False,0.9997838747643849,False,False,forward_only_adequate
33,sequential_evalue,martingale_evalue,True,ok,3.914560700836814,4.252037478291402,12.029163952698934,-2.7323293468517544,33.80070496175969,1.0,1.0,,,1.0,1.0,-1.2555716530216552,-0.6541672489035251,2214,24,"[454, 475, 465, 463, 357]","[5, 5, 5, 5, 4]",False,False,False,False,False,0.007071067811865475,0.007071544677735088,24,24,24,0,0.0,{},0.7902487943444367,0.7071568079756976,0.0,False,True,False,False,True,False,0.0,12.029163952698932,-2.7323293468517544,12.029163952698932,92.25,1.1478714112354238,0.019635203703068406,False,1.2576277509717526,False,0.03993055555555558,False,False,0.022649338895320472,0.03993055555555558,False,False,-0.6252037644654977,0.5318373315250255,True,False,0.12460522961060516,0.5124098222551645,True,False,1.5737944130290638,False,False,forward_only_adequate
34,sequential_evalue,martingale_evalue,True,ok,3.806310626186947,3.5812895342859443,9.615926810343954,-2.7996372351417995,34.59593250755146,1.0,1.0,,,1.0,1.0,-1.1276351319679425,-0.4792546252329706,2219,24,"[464, 473, 454, 461, 367]","[5, 5, 5, 5, 4]",False,False,False,False,False,0.007071067811865475,0.006977102497742303,24,24,24,0,0.0,{},0.7826135324060537,0.6810153476657981,0.0,False,True,False,False,True,False,0.0,9.615926810343954,-2.7996372351417995,9.615926810343954,92.45833333333333,1.1604947467063353,0.009446130776037122,False,1.287701707925272,False,0.021527777777777812,False,False,0.021647188283982894,0.021527777777777812,False,False,0.677409807630225,0.4981459773425556,True,False,0.09472912683916723,0.1526559518489909,True,False,-0.12162806229846068,False,False,forward_only_adequate
35,sequential_evalue,martingale_evalue,True,ok,-4.610065144727539,3.8802999521511303,1.4649389593322253,-12.150459008507315,34.24013382073659,1.0,1.0,,,1.0,1.0,-0.21317909890921682,-0.9209574459729872,2199,24,"[467, 465, 457, 453, 357]","[5, 5, 5, 5, 4]",False,False,False,False,False,0.007071067811865475,0.006993009359281053,24,24,24,0,0.0,{},0.7805883047463458,0.7230695831699769,0.0,False,True,False,False,True,False,0.0,1.4649389593322253,-12.150459008507317,1.4649389593322253,91.625,1.1459787406938342,0.007862923519596096,False,1.3044717169680409,False,0.018055555555555602,False,False,0.02745275169390186,0.018055555555555602,False,False,1.018762044601641,0.30831594899261705,True,False,0.23304513735169827,0.12793405942307812,True,False,-1.111674963058744,False,False,forward_only_adequate
36,sequential_evalue,martingale_evalue,True,ok,0.7845695209929516,2.9650597153540983,5.62497716707664,-4.629594865210917,32.77356752061931,1.0,1.0,,,1.0,1.0,-1.0858035648009707,-0.8763241482651962,2223,24,"[458, 466, 458, 466, 375]","[5, 5, 5, 5, 4]",False,False,False,False,False,0.007071067811865475,0.007091276200510841,24,24,24,0,0.0,{},0.7792706028205746,0.7004460836163708,0.0,False,True,False,False,True,False,0.0,5.62497716707664,-4.629594865210917,5.62497716707664,92.625,1.118361568428603,0.008126444850320078,False,1.259384064602733,False,0.016319444444444442,False,False,0.0037500426915130316,0.016319444444444442,False,False,-0.5275738994411266,0.5977951125577152,True,False,0.07956896817780593,0.30504212393031893,True,False,0.6705731246422534,False,False,forward_only_adequate
37,sequential_evalue,martingale_evalue,True,ok,0.37227469382131,2.828135220536245,4.7705576523899484,-4.127262933944366,33.21768054844569,1.0,1.0,,,1.0,1.0,-1.0222054328910397,-0.9059669429617085,2210,24,"[473, 461, 456, 455, 365]","[5, 5, 5, 5, 4]",False,False,False,False,False,0.007071067811865475,0.007028910128402093,24,24,24,0,0.0,{},0.7743735248955727,0.6936182713399888,0.0,False,True,False,False,True,False,0.0,4.7705576523899484,-4.127262933944366,4.7705576523899484,92.08333333333333,1.1202573835334473,0.006163605175869254,False,1.263745060912878,False,0.0253472222222223,False,False,0.001639371608640965,0.0253472222222223,False,False,0.8590333279768174,0.39032212887457385,True,False,0.17162173095781078,0.09874380163640512,True,False,-0.6270346203345708,False,False,forward_only_adequate
38,sequential_evalue,martingale_evalue,True,ok,-6.229880997401494,3.861999189411631,0.23774289471079957,-12.909836962601327,34.20678254059406,1.0,1.0,,,1.0,1.0,-0.026110892730808688,-1.2231220706387589,2224,24,"[455, 471, 468, 454, 376]","[5, 5, 5, 5, 4]",False,False,False,False,False,0.007071067811865475,0.006904092759955895,24,24,24,0,0.0,{},0.7848658967221508,0.6946199636365594,0.0,False,True,False,False,True,False,0.0,0.23774289471079957,-12.909836962601327,0.23774289471079957,92.66666666666667,1.1367124570939562,0.015475984731479491,False,1.2613706346128981,False,0.030902777777777724,False,False,0.039443498538574595,0.030902777777777724,False,False,-1.2292443465745957,0.21898020653922,True,False,0.1128025109177779,0.18717932168125265,True,False,-0.11181515941211358,False,False,forward_only_adequate
39,sequential_evalue,martingale_evalue,True,ok,0.7622916565712815,3.3039779645276113,5.923074641045512,-5.304433648725778,33.63225367440665,0.9616107795876662,1.0,,,0.9616107795876662,1.0,0.03914550521029678,-0.6767054348324312,2216,24,"[470, 458, 453, 464, 371]","[5, 5, 5, 5, 4]",False,False,False,False,False,0.007071067811865475,0.007043254089488726,24,24,24,0,0.0,{},0.7704407763953968,0.7144069553990539,0.0,False,True,False,False,True,False,0.0,5.923074641045512,-5.304433648725778,5.923074641045512,92.33333333333333,1.138095189516108,0.011948671606450773,False,1.2972540004175912,False,0.02673611111111107,False,False,0.0035613640121462797,0.02673611111111107,False,False,0.3455268265467502,0.7296983460304493,True,False,0.27333400637876804,0.009455470029742088,True,False,0.22321051357541677,False,False,forward_only_adequate
40,sequential_evalue,martingale_evalue,True,ok,-3.772529490294559,3.7430892614824978,2.7081430937426507,-10.565599860026506,32.902712984808055,1.0,1.0,,,1.0,1.0,-0.5408490116368214,-1.1552336128012881,2257,24,"[459, 459, 477, 475, 387]","[5, 5, 5, 5, 4]",False,False,False,False,False,0.007071067811865475,0.006911882773165114,24,24,24,0,0.0,{},0.7895188421141461,0.7340906309600588,0.0,False,True,False,False,True,False,0.0,2.7081430937426507,-10.565599860026506,2.7081430937426507,94.04166666666667,1.1027021869684959,0.005157942895234871,False,1.2986241939925807,False,0.03368055555555549,False,False,0.022733379896905555,0.03368055555555549,False,False,-0.2007374326922538,0.8409038883691095,True,False,0.09727807053619392,0.3957517881650133,True,False,0.9399675399600611,False,False,forward_only_adequate
41,sequential_evalue,martingale_evalue,True,ok,-1.3630868206334037,3.543826484016617,6.398973059259478,-6.584949265529744,33.50962222994073,1.0,1.0,,,1.0,1.0,-0.43065905953784067,-0.9901367705800681,2223,24,"[473, 463, 458, 451, 378]","[5, 5, 5, 5, 4]",False,False,False,False,False,0.007071067811865475,0.007038798591336771,24,24,24,0,0.0,{},0.778719762572014,0.7180779143122458,0.0,False,True,False,False,True,False,0.0,6.398973059259478,-6.584949265529744,6.398973059259478,92.625,1.1350165264381733,0.019526972904140103,False,1.2205099013260432,False,0.03576388888888893,False,False,0.00685584506092263,0.03576388888888893,False,False,0.41860564980753917,0.6755043598425203,True,False,0.1505682165461146,0.09620377137555186,True,False,-0.21508557892782665,False,False,forward_only_adequate
42,sequential_evalue,martingale_evalue,True,ok,0.08740576035657188,3.1965109201796227,4.953080039884888,-6.789146867857837,35.316844278565334,1.0,1.0,,,1.0,1.0,-1.0227100721251714,-0.9620092881607054,2190,24,"[450, 452, 449, 460, 379]","[5, 5, 5, 5, 4]",False,False,False,False,False,0.007071067811865475,0.006954649771182538,24,24,24,0,0.0,{},0.7699171056317252,0.6282586080741696,0.0,False,True,False,False,True,False,0.0,4.953080039884888,-6.789146867857837,4.953080039884888,91.25,1.1731231243948397,0.028403901443533875,False,1.2711486054971195,False,0.028819444444444398,False,False,0.0003223411029394652,0.028819444444444398,False,False,-0.5999736171476345,0.5485238184703167,True,False,0.09630626117968863,0.24692865738108327,True,False,-0.05903634664114016,False,False,forward_only_adequate
43,sequential_evalue,martingale_evalue,True,ok,7.079509550540542,4.018376609078339,16.29909494850228,1.3228633871734496,34.35607167010872,1.0,1.0,,,1.0,1.0,-1.2473181763365169,-0.013145734131808418,2209,24,"[460, 438, 471, 457, 383]","[5, 5, 5, 5, 4]",False,False,False,False,False,0.007071067811865475,0.00686706188260012,24,24,24,0,0.0,{},0.7809738995547182,0.6947127609490138,0.0,False,True,False,False,True,False,0.0,16.29909494850228,1.3228633871734496,16.29909494850228,92.04166666666667,1.1317140367854717,0.0057273651387670195,False,1.2432092121203133,False,0.046527777777777835,False,False,0.046096588851103175,0.046527777777777835,False,False,2.3014241384810554,0.021367668817133985,True,False,0.2400635536365592,0.004431214824797231,True,False,1.5079144280846075,False,False,forward_only_adequate
44,sequential_evalue,martingale_evalue,True,ok,2.1055667297633054,3.3013272734533503,7.485227881640477,-3.772393743013004,33.97780957257698,1.0,1.0,,,1.0,1.0,-1.0639910231641403,-0.7127320145613565,2245,24,"[471, 451, 472, 467, 384]","[5, 5, 5, 5, 4]",False,False,False,False,False,0.007071067811865475,0.00700244830299228,24,24,24,0,0.0,{},0.7891664528473676,0.7068489028461612,0.0,False,True,False,False,True,False,0.0,7.485227881640477,-3.7723937430130037,7.485227881640477,93.54166666666667,1.1505827150236922,0.019202311187230304,False,1.3013704642464965,False,0.023958333333333415,False,False,0.011060078653522503,0.023958333333333415,False,False,-0.517030945392182,0.6051345569457443,True,False,0.13522462570867427,0.3526403491614183,True,False,-0.21901462317352968,False,False,forward_only_adequate
45,sequential_evalue,martingale_evalue,True,ok,1.0957814596392002,3.828534048628715,7.492869804012981,-5.408689906977064,32.354599426207784,1.0,1.0,,,1.0,1.0,-0.9914889284952446,-0.8062583083392341,2249,24,"[451, 471, 476, 482, 369]","[5, 5, 5, 5, 4]",False,False,False,False,False,0.007071067811865475,0.006976057989345538,24,24,24,0,0.0,{},0.7899789658174241,0.7137540883951858,0.0,False,True,False,False,True,False,0.0,7.49286980401298,-5.408689906977064,7.49286980401298,93.70833333333333,1.092459185388149,0.013330041894163834,False,1.2629199530566309,False,0.024652777777777857,False,False,0.005596719149001752,0.024652777777777857,False,False,0.17323185640065838,0.8624691843785838,True,False,0.17337206668004265,0.028933571283135433,True,False,-1.2264828987188547,False,False,forward_only_adequate
46,sequential_evalue,martingale_evalue,True,ok,1.162724518082725,2.7228619990977694,6.447520921430881,-3.3851758559158247,34.742663666486536,1.0,1.0,,,1.0,1.0,-1.07934461379523,-0.886906143327205,2215,24,"[475, 469, 460, 447, 364]","[5, 5, 5, 5, 4]",False,False,False,False,False,0.007071067811865475,0.00688744152395518,24,24,24,0,0.0,{},0.7935232633420413,0.6913403220100869,0.0,False,True,False,False,True,False,0.0,6.447520921430882,-3.3851758559158243,6.447520921430882,92.29166666666667,1.1494028917979324,0.024138445330203765,False,1.3177606341269295,False,0.017708333333333326,False,False,0.005650392954814825,0.017708333333333326,False,False,-0.3324864458795348,0.7395219727592678,True,False,0.18293211083612695,0.14917336152360908,True,False,0.25057470383159774,False,False,forward_only_adequate
47,sequential_evalue,martingale_evalue,True,ok,5.282701232117908,3.5536199056104856,12.482764894366815,-0.03473088885392528,33.39262137702201,1.0,1.0,,,1.0,1.0,-1.3341800795909733,-0.5491814475768122,2253,24,"[479, 464, 477, 473, 360]","[5, 5, 5, 5, 4]",False,False,False,False,False,0.007071067811865475,0.006989739848872991,24,24,24,0,0.0,{},0.7916945019114537,0.7012620308424221,0.0,False,True,False,False,True,False,0.0,12.482764894366815,-0.03473088885392528,12.482764894366815,93.875,1.1307237248232274,0.02376829670903623,False,1.2644511947041632,False,0.012499999999999956,False,False,0.03270117128610661,0.012499999999999956,False,False,-0.4563861006846248,0.6481123589102895,True,False,0.11396276187892385,0.2734880796061671,True,False,0.448320106060808,False,False,forward_only_adequate
48,sequential_evalue,martingale_evalue,True,ok,3.451637043571989,3.811608327651095,10.477298272029397,-2.454751339660168,34.12711280307801,1.0,1.0,,,1.0,1.0,-1.0920043582762071,-0.2844428539400984,2185,24,"[446, 455, 467, 451, 366]","[5, 5, 5, 5, 4]",False,False,False,False,False,0.007071067811865475,0.006979807417735207,24,24,24,0,0.0,{},0.7612798495661284,0.6918322474906291,0.0,False,True,False,False,True,False,0.0,10.477298272029397,-2.454751339660168,10.477298272029397,91.04166666666667,1.1364048855009967,0.01790352165556194,False,1.2704301397564772,False,0.01041666666666663,False,False,0.01980268592552888,0.01041666666666663,False,False,-0.2149804412523861,0.8297825676657017,True,False,0.16278445955450382,0.21132019379044453,True,False,0.6542323057887499,False,False,forward_only_adequate
49,sequential_evalue,martingale_evalue,True,ok,2.597558168840498,3.663138014618297,8.244540727161608,-4.126327339480785,33.68165915087304,1.0,1.0,,,1.0,1.0,-0.5773297899412515,-0.5068066754517078,2225,24,"[456, 463, 471, 479, 356]","[5, 5, 5, 5, 4]",False,False,False,False,False,0.007071067811865475,0.006921546532769363,24,24,24,0,0.0,{},0.7764876639661027,0.7186567905866952,0.0,False,True,False,False,True,False,0.0,8.244540727161608,-4.126327339480785,8.244540727161608,92.70833333333333,1.1223440555823543,0.035695005936111926,False,1.2480700361248347,False,0.022222222222222143,False,False,0.014473180084728388,0.022222222222222143,False,False,0.22814963997572024,0.8195299104228055,True,False,0.22737401367563798,0.016379517939112923,True,False,0.0566751122012753,False,False,forward_only_adequate
50,sequential_evalue,martingale_evalue,True,ok,6.701811336849565,3.157448502992362,11.643578593844826,1.5248208503043985,32.88424955077665,1.0,1.0,,,1.0,1.0,-1.3404403170357972,-0.23290107053492326,2257,24,"[485, 462, 452, 477, 381]","[5, 5, 5, 5, 4]",False,False,False,False,False,0.007071067811865475,0.006880933860122718,24,24,24,0,0.0,{},0.7994074290705195,0.6661329872725194,0.0,False,True,False,False,True,False,0.0,11.643578593844827,1.5248208503043985,11.643578593844827,94.04166666666667,1.0971486718915597,0.0031699674707803462,False,1.2353176135252804,False,0.025347222222222188,False,False,0.04481952182402347,0.025347222222222188,False,False,-0.10061029689494225,0.9198598224463739,True,False,0.23102678894211093,0.06436700497670056,True,False,2.0050739801753577,False,False,forward_only_adequate
51,sequential_evalue,martingale_evalue,True,ok,4.104892083720849,4.182299202394882,11.869988750815597,-2.59322567779589,34.6576998557986,0.4668092543438183,0.8092549015170001,,,0.4668092543438183,0.8092549015170001,0.7618345536938032,0.21164132933036317,2190,24,"[458, 447, 447, 475, 363]","[5, 5, 5, 5, 4]",False,False,False,False,False,0.007071067811865475,0.006919940083435798,24,24,24,0,0.0,{},0.7706417718038108,0.7008619874125249,0.0,False,True,False,False,True,False,0.0,11.8699887508156,-2.59322567779589,11.8699887508156,91.25,1.1454826388379893,0.05270301463818891,False,1.25460711166912,False,0.011458333333333348,False,False,0.023992487772758562,0.011458333333333348,False,False,-1.275265613179182,0.20221524452288764,True,False,0.16129634087322628,0.1025010511649991,True,False,1.3569697221124721,False,False,forward_only_adequate
52,sequential_evalue,martingale_evalue,True,ok,1.5708927352466298,4.145845956660483,8.781708437332831,-5.854070332641173,34.00376319712623,1.0,1.0,,,1.0,1.0,-0.6253438585044171,-0.3151648556323897,2194,24,"[455, 465, 450, 453, 371]","[5, 5, 5, 5, 4]",False,False,False,False,False,0.007071067811865475,0.0070653500038279065,24,24,24,0,0.0,{},0.7643578693476103,0.7112917527050754,0.0,False,True,False,False,True,False,0.0,8.781708437332831,-5.854070332641174,8.781708437332831,91.41666666666667,1.1485326853409854,0.037845496465500755,False,1.3357347313059182,False,0.04756944444444444,False,False,0.007942402233801672,0.04756944444444444,False,False,1.1591533680608799,0.24639367545911317,True,False,0.10239478565790484,0.35098681242887547,True,False,1.4778705654316189,False,False,forward_only_adequate
53,sequential_evalue,martingale_evalue,True,ok,-3.1083048918966742,4.055258316172351,3.1478349765388645,-9.96401759134533,33.36837340373856,1.0,1.0,,,1.0,1.0,-0.5666981823663614,-1.104028182392793,2188,24,"[458, 477, 453, 450, 350]","[5, 5, 5, 5, 4]",False,False,False,False,False,0.007071067811865475,0.00697348772365279,24,24,24,0,0.0,{},0.769180035120935,0.646810357990565,0.0,False,True,False,False,True,False,0.0,3.147834976538865,-9.96401759134533,3.147834976538865,91.16666666666667,1.1108952755102415,0.024546538993232184,False,1.3169400946386123,False,0.028125000000000067,False,False,0.01800966588538632,0.028125000000000067,False,False,-0.650702085788922,0.5152388165059933,True,False,0.19280006393322374,0.22403479334771523,True,False,-0.8388004096665191,False,False,forward_only_adequate
54,sequential_evalue,martingale_evalue,True,ok,1.3661769256489542,4.049006444604767,9.139344549640832,-4.8362966574466,34.262405975448495,1.0,1.0,,,1.0,1.0,-1.0040127079697847,-0.8022024415316036,2234,24,"[474, 444, 478, 471, 367]","[5, 5, 5, 5, 4]",False,False,False,False,False,0.007071067811865475,0.006978759659011839,24,24,24,0,0.0,{},0.777393765320069,0.7017770674623924,0.0,False,True,False,False,True,False,0.0,9.139344549640832,-4.8362966574466,9.139344549640832,93.08333333333333,1.1534587464481816,0.021590747655889305,False,1.3329062719753817,False,0.020486111111111205,False,False,0.006749434851619236,0.020486111111111205,False,False,0.5996287713499322,0.5487536680886629,True,False,0.06246115845740259,0.24055354184530198,True,False,-0.7352887575461053,False,False,forward_only_adequate
55,sequential_evalue,martingale_evalue,True,ok,1.0992230194051442,3.50434273429657,6.8447891542813295,-4.808338994622037,34.88925005455999,1.0,1.0,,,1.0,1.0,-0.972240435268933,-0.8687061214287868,2208,24,"[438, 447, 479, 467, 377]","[5, 5, 5, 5, 4]",False,False,False,False,False,0.007071067811865475,0.00700595754782445,24,24,24,0,0.0,{},0.7646026312696115,0.7119710426776004,0.0,False,True,False,False,True,False,0.0,6.8447891542813295,-4.808338994622037,6.8447891542813295,92.0,1.1722575912223163,0.017592721163851948,False,1.2955647521041473,False,0.015625,False,False,0.0051887255479427545,0.015625,False,False,-1.4240228692737475,0.154439852047717,True,False,0.18506074911721568,0.32011243907901904,True,False,-0.0006276281695134163,False,False,forward_only_adequate
56,sequential_evalue,martingale_evalue,True,ok,-3.4841683815163127,3.594579367981137,2.5717209010793973,-10.26478102024291,33.74312092785247,1.0,1.0,,,1.0,1.0,-0.6164472357662999,-1.141504233899775,2243,24,"[469, 466, 468, 460, 380]","[5, 5, 5, 5, 4]",False,False,False,False,False,0.007071067811865475,0.0069609416122808155,24,24,24,0,0.0,{},0.7933261990757028,0.7226849657673338,0.0,False,True,False,False,True,False,0.0,2.5717209010793973,-10.26478102024291,2.5717209010793973,93.45833333333333,1.1353565232889828,0.020892701426723077,False,1.2244075928098468,False,0.026736111111111183,False,False,0.02004037826185795,0.026736111111111183,False,False,0.41558743873751236,0.6777119199130708,True,False,0.1285265967146317,0.19672227957472685,True,False,-1.2150035404849964,False,False,forward_only_adequate
57,sequential_evalue,martingale_evalue,True,ok,0.1925190040423462,3.394713584518415,6.32888316421933,-5.279021572727128,34.22922664203486,1.0,1.0,,,1.0,1.0,-0.9445869036869556,-0.7845201746595091,2225,24,"[462, 456, 480, 467, 360]","[5, 5, 5, 5, 4]",False,False,False,False,False,0.007071067811865475,0.006984491027321352,24,24,24,0,0.0,{},0.7756470007824752,0.6611026977451773,0.0,False,True,False,False,True,False,0.0,6.32888316421933,-5.279021572727128,6.32888316421933,92.70833333333333,1.1509626802040427,0.0019212395691094529,False,1.33052705195816,False,0.011458333333333348,False,False,0.0007736790934102267,0.011458333333333348,False,False,-0.202600476777527,0.8394473173156974,True,False,0.1858072271967433,0.056025495231556685,True,False,0.07909239429544983,False,False,forward_only_adequate
58,sequential_evalue,martingale_evalue,True,ok,-0.5269420273022324,3.2352478810493364,4.912955950785796,-5.795008814283995,33.95661195373868,1.0,1.0,,,1.0,1.0,-0.8289799262164039,-0.6673057704635855,2233,24,"[461, 457, 470, 464, 381]","[5, 5, 5, 5, 4]",False,False,False,False,False,0.007071067811865475,0.006989509887166855,24,24,24,0,0.0,{},0.7892931905599134,0.6872639962741038,0.0,False,True,False,False,True,False,0.0,4.912955950785796,-5.795008814283995,4.912955950785796,93.04166666666667,1.1446687334493673,0.01570534067410155,False,1.2903765141700363,False,0.029166666666666674,False,False,0.0023485118373854897,0.029166666666666674,False,False,-0.1551861010761924,0.876674605278527,True,False,0.14740641865292634,0.13534487629631733,True,False,-0.8231325797303755,False,False,forward_only_adequate
59,sequential_evalue,martingale_evalue,True,ok,0.8319376600090642,3.528245416808715,7.3357686071091806,-4.790719101893142,33.53527130786354,1.0,1.0,,,1.0,1.0,-0.7255624906348432,-0.7673763622763901,2214,24,"[457, 459, 447, 468, 383]","[5, 5, 5, 5, 4]",False,False,False,False,False,0.007071067811865475,0.007028149239998577,24,24,24,0,0.0,{},0.7744790264751956,0.7076292569122414,0.0,False,True,False,False,True,False,0.0,7.3357686071091806,-4.790719101893142,7.3357686071091806,92.25,1.131868545195919,0.013921604815720976,False,1.272249416811648,False,0.02430555555555558,False,False,0.003950328753539183,0.02430555555555558,False,False,-1.3242516449039834,0.1854194840367992,True,False,0.07514373210344914,0.36374306800525746,True,False,-0.217762268852967,False,False,forward_only_adequate
60,sequential_evalue,martingale_evalue,True,ok,1.8656128801700576,3.989114337952434,9.524029903015286,-4.362130658581537,33.952116049093824,1.0,1.0,,,1.0,1.0,-1.0316712329964488,-0.7159850715301554,2221,24,"[458, 448, 476, 461, 378]","[5, 5, 5, 5, 4]",False,False,False,False,False,0.007071067811865475,0.007045912243173918,24,24,24,0,0.0,{},0.7782724913391521,0.6774116192647773,0.0,False,True,False,False,True,False,0.0,9.524029903015286,-4.362130658581537,9.524029903015286,92.54166666666667,1.15064866823601,0.006603819817582239,False,1.3479663445995818,False,0.012847222222222121,False,False,0.009634654986399429,0.012847222222222121,False,False,1.0057464704389338,0.3145375429264291,True,False,0.24005223461977301,0.09168509689553885,True,False,-1.3135717025016673,False,False,forward_only_adequate
61,sequential_evalue,martingale_evalue,True,ok,3.791482403121565,2.7735069085438147,8.652818106533298,-0.8793228833648321,33.708073718768816,1.0,1.0,,,1.0,1.0,-1.0920452132583365,-0.5720147633632788,2169,24,"[458, 457, 451, 436, 367]","[5, 5, 5, 5, 4]",False,False,False,False,False,0.007071067811865475,0.006961484035829228,24,24,24,0,0.0,{},0.7579655562668999,0.7062803930202196,0.0,False,True,False,False,True,False,0.0,8.652818106533298,-0.8793228833648321,8.652818106533298,90.375,1.1153981660265597,0.02574927666268277,False,1.295188272367049,False,0.028472222222222232,False,False,0.022564043503205178,0.028472222222222232,False,False,0.6405455550579024,0.5218179825904651,True,False,0.126806111826223,0.26100109556345297,True,False,0.029688047901449684,False,False,forward_only_adequate
62,sequential_evalue,martingale_evalue,True,ok,-0.09002907260840705,3.334145478522027,4.843785316402053,-6.240341737768682,33.68351169150812,1.0,1.0,,,1.0,1.0,-0.9384181735246861,-0.9467289896608995,2213,24,"[469, 469, 463, 447, 365]","[5, 5, 5, 5, 4]",False,False,False,False,False,0.007071067811865475,0.00700397399714786,24,24,24,0,0.0,{},0.7771514521671661,0.7062336121424725,0.0,False,True,False,False,True,False,0.0,4.843785316402053,-6.240341737768682,4.843785316402053,92.20833333333333,1.132705419125767,0.009538154159468409,False,1.2737632664651442,False,0.028125000000000067,False,False,0.00034559691154956385,0.028125000000000067,False,False,-0.9520777342080337,0.34105756023460176,True,False,0.16857843864859118,0.15997587535362826,True,False,-0.2850577823145919,False,False,forward_only_adequate
63,sequential_evalue,martingale_evalue,True,ok,2.973153979089133,3.891905100035651,9.61214943729069,-3.6447955322699968,34.80429032923675,1.0,0.7472841265411452,,,1.0,0.7472841265411452,-0.11888119876756456,0.29130980935118084,2236,24,"[463, 462, 479, 462, 370]","[5, 5, 5, 5, 4]",False,False,False,False,False,0.007071067811865475,0.006920373358747948,24,24,24,0,0.0,{},0.7876690125236678,0.7216825645431051,0.0,False,True,False,False,True,False,0.0,9.61214943729069,-3.6447955322699968,9.61214943729069,93.16666666666667,1.1624187094461385,0.010860514251154292,False,1.327035676623888,False,0.04236111111111107,False,False,0.016237444448478213,0.04236111111111107,False,False,1.5529646316172285,0.12043158447007535,True,False,0.12217878050442171,0.06883420330923262,True,False,0.6192777947810214,False,False,forward_only_adequate
64,sequential_evalue,martingale_evalue,True,ok,0.5384082597481014,3.651232537001477,7.573329804727058,-4.958165483520815,33.73780947298061,1.0,1.0,,,1.0,1.0,-0.9075897472406107,-0.6846061694626481,2245,24,"[465, 472, 460, 466, 382]","[5, 5, 5, 5, 4]",False,False,False,False,False,0.007071067811865475,0.007067250947002706,24,24,24,0,0.0,{},0.7870799422700467,0.7388846873681367,0.0,False,True,False,False,True,False,0.0,7.573329804727057,-4.958165483520815,7.573329804727057,93.54166666666667,1.1530282559095302,0.03807156953978117,False,1.2881478091186207,False,0.009027777777777857,False,False,0.002385833007511733,0.009027777777777857,False,False,-0.9144207441257949,0.36049580580323703,True,False,0.1977807741972788,0.04209671253129157,True,False,0.8044784872697469,False,False,forward_only_adequate
65,sequential_evalue,martingale_evalue,True,ok,-4.920855224996941,3.409812749225987,0.6214485630395146,-11.253267521717206,33.82972030041276,1.0,1.0,,,1.0,1.0,-0.448202977828011,-1.2109889015779587,2199,24,"[458, 463, 455, 461, 362]","[5, 5, 5, 5, 4]",False,False,False,False,False,0.007071067811865475,0.006990202044164717,24,24,24,0,0.0,{},0.7591085377614554,0.7094049999026033,0.0,False,True,False,False,True,False,0.0,0.6214485630395146,-11.253267521717206,0.6214485630395146,91.625,1.1317881278974733,0.01947670966130844,False,1.3122187547965696,False,0.009375000000000022,False,False,0.03006144005446878,0.009375000000000022,False,False,-0.5902504949025578,0.5550227235225664,True,False,0.11894846065349267,0.11873874355680059,True,False,-1.6214581250582563,False,False,forward_only_adequate
66,sequential_evalue,martingale_evalue,True,ok,4.034437261224401,3.067134279747782,8.809508077487433,-1.9916288752906501,33.43889230288042,1.0,1.0,,,1.0,1.0,-1.2243831752628707,-0.593936966746005,2174,24,"[445, 467, 452, 452, 358]","[5, 5, 5, 5, 4]",False,False,False,False,False,0.007071067811865475,0.00704338333458266,24,24,24,0,0.0,{},0.7752448446398167,0.6669835753826863,0.0,False,True,False,False,True,False,0.0,8.809508077487433,-1.9916288752906501,8.809508077487433,90.58333333333333,1.120798036204769,0.007442556850496778,False,1.2461247963525715,False,0.05277777777777781,False,False,0.02411764516447025,0.05277777777777781,False,False,2.0483270174864314,0.040527967396353906,True,False,0.21355568927725474,0.02061918736457431,True,False,0.22790985916655307,False,False,forward_only_adequate
67,sequential_evalue,martingale_evalue,True,ok,10.566243504534368,3.915202840366383,17.90564110116184,4.017145997477684,34.27859760663683,1.0,0.6008086752991262,,,1.0,0.6008086752991262,-1.5346040177748446,0.509478739057357,2244,24,"[475, 465, 467, 455, 382]","[5, 5, 5, 5, 4]",False,False,False,False,False,0.007071067811865475,0.006967751054436007,24,24,24,0,0.0,{},0.7787574353649138,0.7346506030182252,0.0,False,True,False,False,True,False,0.0,17.90564110116184,4.017145997477684,17.90564110116184,93.5,1.1547593340528568,0.01453813827317811,False,1.2683520594513777,False,0.023958333333333304,False,False,0.07233218021655485,0.023958333333333304,False,False,1.464230276879864,0.14313104027453377,True,False,0.17343295085162788,0.1633329741871254,True,False,2.0629712253993606,False,False,forward_only_adequate
68,sequential_evalue,martingale_evalue,True,ok,2.099842127822249,3.6274475185037587,8.932989045542278,-3.289590132390902,34.63844298808437,1.0,1.0,,,1.0,1.0,-1.0788841290024511,-0.7693670760154343,2243,24,"[461, 476, 470, 459, 377]","[5, 5, 5, 5, 4]",False,False,False,False,False,0.007071067811865475,0.006931010021738905,24,24,24,0,0.0,{},0.7877162874470613,0.7145510745231918,0.0,False,True,False,False,True,False,0.0,8.932989045542278,-3.289590132390902,8.932989045542278,93.45833333333333,1.160469977068851,0.013732675643106934,False,1.2779684101073012,False,0.019791666666666652,False,False,0.010918596798833495,0.019791666666666652,False,False,-0.2838416371856527,0.7765317443429425,True,False,0.1393053889075644,0.21889517980880827,True,False,0.9804945812305056,False,False,forward_only_adequate
69,sequential_evalue,martingale_evalue,True,ok,2.2698344476795977,4.194122063816846,10.681649857724027,-4.2379549707860615,32.66037485665852,1.0,1.0,,,1.0,1.0,-0.8090884184807389,-0.39969919981601965,2216,24,"[460, 457, 476, 457, 366]","[5, 5, 5, 5, 4]",False,False,False,False,False,0.007071067811865475,0.0069865186046770365,24,24,24,0,0.0,{},0.7740052844944351,0.7229343297929042,0.0,False,True,False,False,True,False,0.0,10.681649857724027,-4.2379549707860615,10.681649857724027,92.33333333333333,1.0963046253250273,0.0189043305680027,False,1.2935798980419322,False,0.031597222222222165,False,False,0.012736954108598824,0.031597222222222165,False,False,1.0992170772686893,0.27167339163305426,True,False,0.21642046416819918,0.06572314342405168,True,False,1.682738433223829,False,False,forward_only_adequate
70,sequential_evalue,martingale_evalue,True,ok,1.5981668315186928,4.431638741556189,8.992579569419052,-6.163417314310689,33.418686208527525,1.0,1.0,,,1.0,1.0,-0.9339328236794596,-0.8323880946319813,2207,24,"[466, 481, 455, 454, 351]","[5, 5, 5, 5, 4]",False,False,False,False,False,0.007071067811865475,0.007019205969994178,24,24,24,0,0.0,{},0.767304489042693,0.7021839331155966,0.0,False,True,False,False,True,False,0.0,8.992579569419052,-6.163417314310689,8.992579569419052,91.95833333333333,1.1247160920952113,0.005439806377600927,False,1.345711131313382,False,0.028125000000000067,False,False,0.00829357586881402,0.028125000000000067,False,False,0.7514735605778778,0.4523677068099661,True,False,0.20857960865862357,0.05804415412367857,True,False,-0.7072963351926469,False,False,forward_only_adequate
71,sequential_evalue,martingale_evalue,True,ok,2.8433262386843716,3.5211422903435428,8.703852928249855,-3.176073080975581,33.90963979302828,1.0,1.0,,,1.0,1.0,-1.1385102083049428,-0.7507047427368889,2222,24,"[467, 460, 479, 476, 340]","[5, 5, 5, 5, 4]",False,False,False,False,False,0.007071067811865475,0.006998694448450462,24,24,24,0,0.0,{},0.7946564816917852,0.6806462995941284,0.0,False,True,False,False,True,False,0.0,8.703852928249855,-3.176073080975581,8.703852928249855,92.58333333333333,1.1417647232322297,0.029983951074915697,False,1.254774157936287,False,0.026736111111111183,False,False,0.015745325119692153,0.026736111111111183,False,False,-0.5171163654521442,0.6050749300327801,True,False,0.12914247306619972,0.15188387827510003,True,False,0.7676179198506848,False,False,forward_only_adequate
72,sequential_evalue,martingale_evalue,True,ok,1.2398016038994717,3.6837710765357246,7.939276610123727,-4.910694028737218,33.460673867896745,1.0,1.0,,,1.0,1.0,-1.03560670132619,-0.8484319597206529,2216,24,"[455, 461, 468, 470, 362]","[5, 5, 5, 5, 4]",False,False,False,False,False,0.007071067811865475,0.006985710176496472,24,24,24,0,0.0,{},0.7869591837049139,0.7097992095619022,0.0,False,True,False,False,True,False,0.0,7.939276610123727,-4.910694028737218,7.939276610123727,92.33333333333333,1.123038146170165,0.004801408881817713,False,1.271484546664194,False,0.011458333333333348,False,False,0.00623461606734268,0.011458333333333348,False,False,0.17219178812420785,0.8632867535865627,True,False,0.14117156651104343,0.048321504652577715,True,False,-0.3855909871291176,False,False,forward_only_adequate
73,sequential_evalue,martingale_evalue,True,ok,4.734235774671087,3.882947027310723,11.617106282859597,-1.4626453776720387,34.06240848786765,1.0,1.0,,,1.0,1.0,-1.2343110822331738,-0.5471991598107052,2234,24,"[463, 463, 472, 465, 371]","[5, 5, 5, 5, 4]",False,False,False,False,False,0.007071067811865475,0.007072186633416923,24,24,24,0,0.0,{},0.7866768203118961,0.7439258014919137,0.0,False,True,False,False,True,False,0.0,11.617106282859597,-1.4626453776720387,11.617106282859597,93.08333333333333,1.162077342915147,0.00222412465844068,False,1.3020927153952437,False,0.023611111111111138,False,False,0.027860405200351015,0.023611111111111138,False,False,0.9928194982144639,0.32079792610965985,True,False,0.16530931818680558,0.07698257272182757,True,False,-0.2982385276748964,False,False,forward_only_adequate
74,sequential_evalue,martingale_evalue,True,ok,-2.997986989733624,3.924395183709838,4.092401255896199,-9.508349961145372,34.019232657779796,1.0,0.39897141377472584,,,1.0,0.39897141377472584,-0.14448481447402528,0.9188655093337484,2196,24,"[460, 460, 447, 463, 366]","[5, 5, 5, 5, 4]",False,False,False,False,False,0.007071067811865475,0.006974406416746661,24,24,24,0,0.0,{},0.7788664162729251,0.700089792648543,0.0,False,True,False,False,True,False,0.0,4.092401255896199,-9.508349961145372,4.092401255896199,91.5,1.1347816802578268,0.03450369060435977,False,1.3199925730978677,False,0.00868055555555558,False,False,0.016854974774272176,0.00868055555555558,False,False,0.5146074191818989,0.6068273795988623,True,False,0.17463325207705513,0.04382909628723999,True,False,-0.9795296898333185,False,False,forward_only_adequate
75,sequential_evalue,martingale_evalue,True,ok,6.382655382184004,3.5351933076703776,14.014695036349147,1.1725488831015376,33.2160447818006,1.0,1.0,,,1.0,1.0,-1.3611483311785049,-0.4389121230293922,2223,24,"[452, 473, 464, 463, 371]","[5, 5, 5, 5, 4]",False,False,False,False,False,0.007071067811865475,0.006966888679569405,24,24,24,0,0.0,{},0.7805587483760091,0.7039488707153283,0.0,False,True,False,False,True,False,0.0,14.014695036349147,1.1725488831015376,14.014695036349147,92.625,1.1135786692919325,0.039124897975689375,False,1.314056593519648,False,0.02499999999999991,False,False,0.041579193512669574,0.02499999999999991,False,False,0.15435431090686208,0.8773303764601375,True,False,0.19929048985020234,0.02818844009868963,True,False,1.5606128265933399,False,False,forward_only_adequate
76,sequential_evalue,martingale_evalue,True,ok,-1.812901247676484,3.9146278524709417,4.949792351983131,-8.626258133370094,34.49322734542274,1.0,1.0,,,1.0,1.0,-0.8761703633980407,-1.1817099339703874,2236,24,"[476, 466, 464, 449, 381]","[5, 5, 5, 5, 4]",False,False,False,False,False,0.007071067811865475,0.007013982140931593,24,24,24,0,0.0,{},0.7878307404389702,0.6937678363446185,0.0,False,True,False,False,True,False,0.0,4.949792351983131,-8.626258133370094,4.949792351983131,93.16666666666667,1.1676125913182034,0.02419069851095095,False,1.2384259615131024,False,0.0493055555555556,False,False,0.009171710421751736,0.0493055555555556,False,False,0.14483113864153566,0.8848441963425435,True,False,0.09836181839096751,0.16626558329722482,True,False,-0.7088259760047707,False,False,forward_only_adequate
77,sequential_evalue,martingale_evalue,True,ok,3.511682005093552,2.7082592659580613,7.497981124562913,-2.0802695472298693,32.730037224569685,1.0,1.0,,,1.0,1.0,-1.1821237365701767,-0.6291017567612149,2266,24,"[468, 470, 471, 480, 377]","[5, 5, 5, 5, 4]",False,False,False,False,False,0.007071067811865475,0.007003543814808099,24,24,24,0,0.0,{},0.7966262278523367,0.7113653039615767,0.0,False,True,False,False,True,False,0.0,7.497981124562913,-2.0802695472298693,7.497981124562913,94.41666666666667,1.1136755508822869,0.01590030951330544,False,1.2212695535287361,False,0.01736111111111105,False,False,0.020680707909459393,0.01736111111111105,False,False,1.037405414465991,0.29954695601272996,True,False,0.13634385351707545,0.1207878016491982,True,False,1.3001112375096346,False,False,forward_only_adequate
78,sequential_evalue,martingale_evalue,True,ok,-0.9365532355784448,2.860055169442862,3.02929478062304,-6.950271063128431,33.70013365423063,1.0,1.0,,,1.0,1.0,-0.8874572663574107,-1.0337960983322838,2209,24,"[467, 462, 464, 462, 354]","[5, 5, 5, 5, 4]",False,False,False,False,False,0.007071067811865475,0.006993458612759289,24,24,24,0,0.0,{},0.7789394981836889,0.6996948556154792,0.0,False,True,False,False,True,False,0.0,3.02929478062304,-6.95027106312843,3.02929478062304,92.04166666666667,1.1305398461593463,0.014669343059004815,False,1.3023723106327332,False,0.028125000000000067,False,False,0.004515680752823361,0.028125000000000067,False,False,0.09184740082966905,0.9268192827806823,True,False,0.1879252880517245,0.07319451137957012,True,False,1.04545014803431,False,False,forward_only_adequate
79,sequential_evalue,martingale_evalue,True,ok,-0.4480826421245269,3.3511466127977196,5.383554942027029,-5.88158719425306,34.288648294560474,1.0,1.0,,,1.0,1.0,-0.2404311367315246,-0.8881412187622773,2218,24,"[475, 460, 462, 476, 345]","[5, 5, 5, 5, 4]",False,False,False,False,False,0.007071067811865475,0.006973978049012698,24,24,24,0,0.0,{},0.7850999982622012,0.6774900255112474,0.0,False,True,False,False,True,False,0.0,5.383554942027029,-5.88158719425306,5.383554942027029,92.41666666666667,1.1494129753432076,0.048344387230290886,False,1.3313076595427638,False,0.015972222222222276,False,False,0.0019545274437513796,0.015972222222222276,False,False,0.09850920887717604,0.9215279599008456,True,False,0.1424794102165099,0.06983864149967728,True,False,0.016510805854721016,False,False,forward_only_adequate
80,sequential_evalue,martingale_evalue,True,ok,1.8300017062374445,4.061582709812585,8.669607032267828,-5.176961982628115,34.90725975827556,0.8703914163149863,1.0,,,0.8703914163149863,1.0,0.1388122646995526,-0.16328614624900395,2254,24,"[480, 469, 460, 469, 376]","[5, 5, 5, 5, 4]",False,False,False,False,False,0.007071067811865475,0.006886323517833191,24,24,24,0,0.0,{},0.7993902812420114,0.7162765536717635,0.0,False,True,False,False,True,False,0.0,8.669607032267828,-5.176961982628115,8.669607032267828,93.91666666666667,1.1647816469465389,0.00043022737446424806,False,1.3109219649134576,False,0.039583333333333415,False,False,0.009295747121566729,0.039583333333333415,False,False,0.18926556049914933,0.8498846861990726,True,False,0.15887568874004626,0.12131582994790711,True,False,-0.29685370838145075,False,False,forward_only_adequate
81,sequential_evalue,martingale_evalue,True,ok,-1.326918859982803,4.1734907120810245,6.574506152977585,-7.325061103918808,32.91948525739724,1.0,1.0,,,1.0,1.0,-0.724320110611157,-1.0697495156176065,2189,24,"[463, 439, 445, 470, 372]","[5, 5, 5, 5, 4]",False,False,False,False,False,0.007071067811865475,0.007046153981106104,24,24,24,0,0.0,{},0.7601018698290172,0.7104018512371857,0.0,False,True,False,False,True,False,0.0,6.574506152977585,-7.3250611039188085,6.574506152977585,91.20833333333333,1.1076241842912895,0.010101535297714955,False,1.2613573190983955,False,0.036805555555555536,False,False,0.0068368066598871275,0.036805555555555536,False,False,-0.20656161877215784,0.8363522375304434,True,False,0.10948454111042025,0.23386614314606635,True,False,1.1312392131095146,False,False,forward_only_adequate
82,sequential_evalue,martingale_evalue,True,ok,-3.385240833878148,2.8086272928011478,1.35921599001172,-8.008119031711567,33.428744809754676,1.0,1.0,,,1.0,1.0,-0.4388926605340173,-1.0436360209978748,2231,24,"[453, 475, 465, 472, 366]","[5, 5, 5, 5, 4]",False,False,False,False,False,0.007071067811865475,0.006991881050155283,24,24,24,0,0.0,{},0.7794951587339294,0.7046342961192995,0.0,False,True,False,False,True,False,0.0,1.3592159900117202,-8.008119031711567,1.3592159900117202,92.95833333333333,1.1267518239258782,0.05341171902251656,False,1.2880842997285706,False,0.01736111111111116,False,False,0.01955454088760248,0.01736111111111116,False,False,-0.3821047055470589,0.702383701650704,True,False,0.10477696650852823,0.3047400863051277,True,False,-2.351377453917584,False,False,forward_only_adequate
83,sequential_evalue,martingale_evalue,True,ok,-4.781804251053223,3.271741747082666,0.45253763206237974,-11.257787588181728,34.73711512656958,1.0,1.0,,,1.0,1.0,-0.594552514736562,-1.2367939262455776,2223,24,"[469, 472, 467, 451, 364]","[5, 5, 5, 5, 4]",False,False,False,False,False,0.007071067811865475,0.006933632022160062,24,24,24,0,0.0,{},0.7787295998250692,0.6906535881966523,0.0,False,True,False,False,True,False,0.0,0.45253763206237974,-11.257787588181728,0.45253763206237974,92.625,1.1590139204458711,0.006668553313013198,False,1.266203672702639,False,0.01388888888888884,False,False,0.028274558082445462,0.01388888888888884,False,False,-0.22405285362067714,0.8227161772166164,True,False,0.22657922824294036,0.024271775775062104,True,False,-1.5048020330336345,False,False,forward_only_adequate
84,sequential_evalue,martingale_evalue,True,ok,-7.8904202862981,4.097579272519896,-1.4462154671890017,-14.892167435158484,34.462688831627744,0.28520485284945735,1.0,,,0.28520485284945735,1.0,1.254547574985577,-1.3656317333776367,2224,24,"[467, 457, 454, 470, 376]","[5, 5, 5, 5, 4]",False,False,False,False,False,0.007071067811865475,0.006955273142737891,24,24,24,0,0.0,{},0.7802649882373454,0.7014905059466245,0.0,False,True,False,False,True,False,0.0,-1.4462154671890017,-14.892167435158484,-1.4462154671890017,92.66666666666667,1.1537059267486973,0.00236053613260185,False,1.2669024141370762,False,0.01840277777777788,False,False,0.05122000726699609,0.01840277777777788,False,False,-0.8365816383964677,0.40282777018617444,True,False,0.126562399417042,0.21837669495043674,True,False,-2.6382600614652114,False,False,forward_only_adequate
85,sequential_evalue,martingale_evalue,True,ok,-6.938817167051806,2.448943447587795,-3.0057810242429133,-11.147144379913456,34.14007389853463,1.0,1.0,,,1.0,1.0,-0.2979788738024516,-1.336832241362476,2239,24,"[480, 476, 456, 459, 368]","[5, 5, 5, 5, 4]",False,False,False,False,False,0.007071067811865475,0.006870848666526382,24,24,24,0,0.0,{},0.7832565524145558,0.701248578214002,0.0,False,True,False,False,True,False,0.0,-3.005781024242913,-11.147144379913456,-3.005781024242913,93.29166666666667,1.1328339872439372,0.013630670977474361,False,1.2764469005964676,False,0.017013888888888884,False,False,0.04496494404590407,0.017013888888888884,False,False,-1.40408515874551,0.1602934924868008,True,False,0.21795087897029392,0.1421533103313359,True,False,-0.01753236148642987,False,False,forward_only_adequate
86,sequential_evalue,martingale_evalue,True,ok,3.895489683032448,3.1470655615005434,9.273764582074673,-1.6828824824354882,33.567612864722015,1.0,1.0,,,1.0,1.0,-1.1986034921993711,-0.6287058102620215,2189,24,"[456, 459, 452, 463, 359]","[5, 5, 5, 5, 4]",False,False,False,False,False,0.007071067811865475,0.007071218313963266,24,24,24,0,0.0,{},0.774308041681943,0.6749007941861848,0.0,False,True,False,False,True,False,0.0,9.273764582074673,-1.6828824824354882,9.273764582074673,91.20833333333333,1.1334489585772776,0.002325975595150965,False,1.2976809408146455,False,0.01909722222222221,False,False,0.022854461397133888,0.01909722222222221,False,False,0.5201584151710171,0.6029531666399401,True,False,0.18050695024246918,0.05750615460304124,True,False,1.3355872454918496,False,False,forward_only_adequate
87,sequential_evalue,martingale_evalue,True,ok,-1.1106482382956007,3.522214406275945,4.874555399542728,-7.040296146662896,33.1939555327128,1.0,1.0,,,1.0,1.0,-0.6592706786312167,-0.9632727953066811,2225,24,"[445, 465, 467, 477, 371]","[5, 5, 5, 5, 4]",False,False,False,False,False,0.007071067811865475,0.0069855321193118105,24,24,24,0,0.0,{},0.7863638176147736,0.7096740955005704,0.0,False,True,False,False,True,False,0.0,4.874555399542728,-7.040296146662896,4.874555399542728,92.70833333333333,1.1163179108650116,0.03445469692505057,False,1.277085287767966,False,0.022222222222222143,False,False,0.005545801010457952,0.022222222222222143,False,False,-0.718959603820657,0.4721658099756646,True,False,0.0856916914549014,0.5033686440803323,True,False,1.2474634404299467,False,False,forward_only_adequate
88,sequential_evalue,martingale_evalue,True,ok,-4.275882439587785,3.4181052624841968,1.4828480729028266,-10.367505661393558,35.564895636744346,1.0,1.0,,,1.0,1.0,-0.709978716095897,-1.2210326608054187,2236,24,"[457, 476, 453, 469, 381]","[5, 5, 5, 5, 4]",False,False,False,False,False,0.007071067811865475,0.007004975551832717,24,24,24,0,0.0,{},0.7890645189596937,0.7015978870926708,0.0,False,True,False,False,True,False,0.0,1.4828480729028266,-10.367505661393558,1.4828480729028266,93.16666666666667,1.2023431836009717,0.014250941785761157,False,1.2851469181137478,False,0.031597222222222165,False,False,0.023780360312920926,0.031597222222222165,False,False,-0.592159729882533,0.5537436328238209,True,False,0.13049310775446826,0.19926430363252143,True,False,1.1569487720785332,False,False,forward_only_adequate
89,sequential_evalue,martingale_evalue,True,ok,3.9741401300364525,2.710588073083169,8.779730392227224,-0.6017009914935101,33.68223329825698,1.0,1.0,,,1.0,1.0,-1.2329239778029464,-0.6755897032951463,2203,24,"[455, 454, 442, 477, 375]","[5, 5, 5, 5, 4]",False,False,False,False,False,0.007071067811865475,0.00688123366760596,24,24,24,0,0.0,{},0.7742302393398219,0.7037990399019409,0.0,False,True,False,False,True,False,0.0,8.779730392227224,-0.6017009914935101,8.779730392227224,91.79166666666667,1.1102961074462934,0.019809006140729852,False,1.2998454665263948,False,0.020486111111111094,False,False,0.023959808441167917,0.020486111111111094,False,False,-1.4929381725093482,0.13545337179618455,True,False,0.13215911806119737,0.2595848038756471,True,False,-0.18716233319238018,False,False,forward_only_adequate
90,sequential_evalue,martingale_evalue,True,ok,0.29392278049870146,3.7043694585361346,7.4990245877783215,-5.818794616030025,32.830933921133365,1.0,1.0,,,1.0,1.0,-0.7606086745830908,-0.6068699887629647,2236,24,"[458, 458, 452, 477, 391]","[5, 5, 5, 5, 4]",False,False,False,False,False,0.007071067811865475,0.0070199707863104035,24,24,24,0,0.0,{},0.7758024908241299,0.6965625896070102,0.0,False,True,False,False,True,False,0.0,7.4990245877783215,-5.818794616030025,7.4990245877783215,93.16666666666667,1.1122920288816784,0.031197206200244902,False,1.3039334244766343,False,0.013541666666666674,False,False,0.0012747260040511699,0.013541666666666674,False,False,-1.1957159480903943,0.23180742565132317,True,False,0.10687462065107617,0.3719077860698916,True,False,-0.19960884759722936,False,False,forward_only_adequate
91,sequential_evalue,martingale_evalue,True,ok,-3.4609796932828893,4.511613176885268,3.704958167868113,-11.544241627675953,34.44526392435069,1.0,1.0,,,1.0,1.0,-0.444665587574797,-0.7125632267947464,2226,24,"[463, 454, 475, 465, 369]","[5, 5, 5, 5, 4]",False,False,False,False,False,0.007071067811865475,0.007017229835555491,24,24,24,0,0.0,{},0.7815907221023097,0.7051118754397167,0.0,False,True,False,False,True,False,0.0,3.704958167868113,-11.544241627675953,3.704958167868113,92.75,1.163917455473027,0.018539686863524064,False,1.3240498988052494,False,0.022916666666666696,False,False,0.019322256042973295,0.022916666666666696,False,False,-1.1826573357816488,0.23694497928039537,True,False,0.1741988605714293,0.058848115561183634,True,False,-0.5018787296922357,False,False,forward_only_adequate
92,sequential_evalue,martingale_evalue,True,ok,0.9135983685026448,3.696014333491013,7.361500242011456,-5.1891386657248635,33.39327513306521,1.0,1.0,,,1.0,1.0,-0.914139687638911,-0.7930853893675469,2218,24,"[454, 450, 481, 460, 373]","[5, 5, 5, 5, 4]",False,False,False,False,False,0.007071067811865475,0.006989685248900325,24,24,24,0,0.0,{},0.7753732704955334,0.7146455787804369,0.0,False,True,False,False,True,False,0.0,7.361500242011456,-5.1891386657248635,7.361500242011456,92.41666666666667,1.121919740589304,0.007988661531148583,False,1.2459329350626083,False,0.02847222222222212,False,False,0.004429760177199367,0.02847222222222212,False,False,-0.32617758439415845,0.7442899998464686,True,False,0.0759979686213412,0.42835592026805164,True,False,1.5431318476962808,False,False,forward_only_adequate
93,sequential_evalue,martingale_evalue,True,ok,2.6713370315940552,3.5560053613884848,8.729146682078428,-3.8103694163097797,33.96104291671,1.0,1.0,,,1.0,1.0,-1.1129545318238552,-0.4990364166404656,2233,24,"[458, 463, 459, 480, 373]","[5, 5, 5, 5, 4]",False,False,False,False,False,0.007071067811865475,0.007025787478339545,24,24,24,0,0.0,{},0.7807158258979099,0.7152526684083247,0.0,False,True,False,False,True,False,0.0,8.729146682078428,-3.8103694163097797,8.729146682078428,93.04166666666667,1.1507600393123727,0.03460658494396828,False,1.2408093811274856,False,0.02604166666666663,False,False,0.014523224442208752,0.02604166666666663,False,False,1.0647783665465222,0.2869762371131003,True,False,0.1074084487365371,0.4270027716769995,True,False,0.03292480841957273,False,False,forward_only_adequate
94,sequential_evalue,martingale_evalue,True,ok,-1.9768177176271038,3.2123879118353527,3.7261722182245256,-7.436247802659112,33.43493135835668,1.0,1.0,,,1.0,1.0,-0.6803968471699097,-1.0688614038566493,2231,24,"[463, 466, 467, 468, 367]","[5, 5, 5, 5, 4]",False,False,False,False,False,0.007071067811865475,0.006968395029605972,24,24,24,0,0.0,{},0.7897702930071314,0.7026694883038577,0.0,False,True,False,False,True,False,0.0,3.726172218224525,-7.436247802659113,3.726172218224525,92.95833333333333,1.1231748413142604,0.005726132637494086,False,1.246824440284674,False,0.01909722222222221,False,False,0.010578843359598938,0.01909722222222221,False,False,0.7903746875180646,0.4293089803721176,True,False,0.1767183930869217,0.06553269747528638,True,False,-0.7373269744118643,False,False,forward_only_adequate
95,sequential_evalue,martingale_evalue,True,ok,-1.673439954152757,4.0980829209757585,5.097819077826283,-8.100793867420542,33.83101906148845,1.0,1.0,,,1.0,1.0,-0.7486290065605667,-0.9868185222481523,2227,24,"[463, 454, 475, 477, 358]","[5, 5, 5, 5, 4]",False,False,False,False,False,0.007071067811865475,0.006991753459897883,24,24,24,0,0.0,{},0.7864807789930365,0.6953412545474302,0.0,False,True,False,False,True,False,0.0,5.097819077826283,-8.100793867420542,5.097819077826283,92.79166666666667,1.139267419859191,0.03965791572327222,False,1.2519359476157863,False,0.02083333333333337,False,False,0.008611640252275921,0.02083333333333337,False,False,0.3462205192070693,0.7291769951235467,True,False,0.12544729245821817,0.20189189484558775,True,False,0.6623645926100262,False,False,forward_only_adequate
96,sequential_evalue,martingale_evalue,True,ok,-9.514744472602988,3.715826236417002,-3.0722753629925945,-15.419971700534383,33.776442342943355,0.7705545605184148,1.0,,,0.7705545605184148,1.0,0.2606448148945938,-1.3464032998774806,2218,24,"[456, 470, 466, 458, 368]","[5, 5, 5, 5, 4]",False,False,False,False,False,0.007071067811865475,0.006942883583421933,24,24,24,0,0.0,{},0.7856027446718344,0.7142077758530321,0.0,False,True,False,False,True,False,0.0,-3.072275362992594,-15.419971700534383,-3.072275362992594,92.41666666666667,1.1271947080126559,0.02033179647507504,False,1.2586539413491185,False,0.036805555555555536,False,False,0.06572540257041562,0.036805555555555536,False,False,-1.5240964838090927,0.12748461093873484,True,False,0.17657672513353212,0.09663160971654614,True,False,-1.5600839081052509,False,False,forward_only_adequate
97,sequential_evalue,martingale_evalue,True,ok,6.993761425115213,3.1033420573843853,11.86833310631581,1.483069478204606,35.05142811342779,1.0,1.0,,,1.0,1.0,-1.3735116436749764,-0.20322007573287293,2229,24,"[457, 469, 463, 474, 366]","[5, 5, 5, 5, 4]",False,False,False,False,False,0.007071067811865475,0.006918553219326744,24,24,24,0,0.0,{},0.7800829457299359,0.7327196493508049,0.0,False,True,False,False,True,False,0.0,11.86833310631581,1.483069478204606,11.86833310631581,92.875,1.1685314915969538,0.010201733924218043,False,1.285973357943645,False,0.019791666666666652,False,False,0.04375437604742756,0.019791666666666652,False,False,0.5928978677498804,0.5532495050855847,True,False,0.0723621133948258,0.3262425192747483,True,False,0.961763956486109,False,False,forward_only_adequate
98,sequential_evalue,martingale_evalue,True,ok,0.7834501323468572,3.9119810761457394,7.366726326022072,-6.0299575560824845,33.81951251461281,1.0,1.0,,,1.0,1.0,-0.7582021813220072,-0.5596933324984865,2193,24,"[474, 450, 446, 458, 365]","[5, 5, 5, 5, 4]",False,False,False,False,False,0.007071067811865475,0.006951429558110398,24,24,24,0,0.0,{},0.7653688949573443,0.7042605014259449,0.0,False,True,False,False,True,False,0.0,7.366726326022072,-6.029957556082484,7.366726326022072,91.375,1.1236347677954475,0.014524580080618445,False,1.3463768504180984,False,0.009375000000000022,False,False,0.003724479368323679,0.009375000000000022,False,False,1.9560585166094655,0.05045826118903464,True,False,0.19434435346964563,0.20267801720884673,True,False,-0.2733059723348794,False,False,forward_only_adequate
99,sequential_evalue,martingale_evalue,True,ok,1.5008540184431958,3.0864292647667364,6.520475859857655,-4.075270053139377,33.11422930700798,1.0,1.0,,,1.0,1.0,-0.9867745268544144,-0.8100131709348433,2216,24,"[460, 459, 445, 467, 385]","[5, 5, 5, 5, 4]",False,False,False,False,False,0.007071067811865475,0.007068741068355507,24,24,24,0,0.0,{},0.7823147841892483,0.6646685801430529,0.0,False,True,False,False,True,False,0.0,6.520475859857655,-4.075270053139377,6.520475859857655,92.33333333333333,1.1246204770385309,0.01142623171274333,False,1.2818114485184238,False,0.03645833333333326,False,False,0.007724414306559795,0.03645833333333326,False,False,0.9793049190154482,0.32742934067976126,True,False,0.2047471791493408,0.011312789465489262,True,False,1.0040663778729475,False,False,forward_only_adequate
100,sequential_evalue,martingale_evalue,True,ok,-2.9675151165717897,2.9487116005862113,1.7041859018302215,-8.665968590853861,32.88988901237794,1.0,1.0,,,1.0,1.0,-0.4452640606799214,-1.0886614587055967,2246,24,"[461, 470, 472, 468, 375]","[5, 5, 5, 5, 4]",False,False,False,False,False,0.007071067811865475,0.007007647135372473,24,24,24,0,0.0,{},0.7816065126148125,0.7230278037382456,0.0,False,True,False,False,True,False,0.0,1.7041859018302212,-8.665968590853861,1.7041859018302212,93.58333333333333,1.1148177953285512,0.010014062343098387,False,1.2669356665742924,False,0.015277777777777724,False,False,0.01700205933029529,0.015277777777777724,False,False,-1.182455793304788,0.23702489629639545,True,False,0.2476762092809479,0.015092154108334959,True,False,0.6746021417869281,False,False,forward_only_adequate
101,sequential_evalue,martingale_evalue,True,ok,-4.8706241342024015,3.662291320971136,1.8505372262713777,-10.023058702728546,32.123072944142066,1.0,1.0,,,1.0,1.0,-0.13525859732158962,-1.142176826410731,2212,24,"[468, 456, 455, 450, 383]","[5, 5, 5, 5, 4]",False,False,False,False,False,0.007071067811865475,0.00702585132061935,24,24,24,0,0.0,{},0.7677289662573417,0.7214088706038299,0.0,False,True,False,False,True,False,0.0,1.8505372262713777,-10.023058702728546,1.8505372262713777,92.16666666666667,1.0833604673603103,0.03608079215513439,False,1.239002302086868,False,0.021180555555555647,False,False,0.031262102781897505,0.021180555555555647,False,False,-1.432092569061321,0.1521173308393742,True,False,0.12154992989410787,0.31657916698423316,True,False,-2.330402739875486,False,False,forward_only_adequate
102,sequential_evalue,martingale_evalue,True,ok,3.5407998317168423,3.3926824715171775,9.358535317732613,-2.438289042476088,34.58369112739684,1.0,1.0,,,1.0,1.0,-1.2203840914273552,-0.7670028286651931,2191,24,"[467, 442, 454, 452, 376]","[5, 5, 5, 5, 4]",False,False,False,False,False,0.007071067811865475,0.006980863282398376,24,24,24,0,0.0,{},0.7627696081788109,0.6928812791680756,0.0,False,True,False,False,True,False,0.0,9.358535317732613,-2.438289042476088,9.358535317732613,91.29166666666667,1.1533630891117732,0.03655982358231998,False,1.332954342580808,False,0.017013888888888884,False,False,0.02004938285261001,0.017013888888888884,False,False,1.7707770073422995,0.07659779087251332,True,False,0.15343336313474437,0.16224921305766732,True,False,1.4478786504292698,False,False,forward_only_adequate
103,sequential_evalue,martingale_evalue,True,ok,9.262540718353877,3.5230655045493697,16.959864278103865,4.105143216090166,33.908773564407525,1.0,0.42734949960237767,,,1.0,0.42734949960237767,-1.4159854431313659,0.8501531003024028,2226,24,"[454, 459, 464, 477, 372]","[5, 5, 5, 5, 4]",False,False,False,False,False,0.007071067811865475,0.00699937301754186,24,24,24,0,0.0,{},0.7933475868963984,0.6710415462081938,0.0,False,True,False,False,True,False,0.0,16.959864278103865,4.105143216090166,16.959864278103865,92.75,1.1428735576145794,0.022905060503030775,False,1.2267670469286136,False,0.014583333333333282,False,False,0.06262836405602899,0.014583333333333282,False,False,-0.22675284886861644,0.8206159298123399,True,False,0.05372999411456458,0.2410644920368759,True,False,0.8676685342968733,False,False,forward_only_adequate
104,sequential_evalue,martingale_evalue,True,ok,0.8141353037139409,3.93813692058526,7.746817968780643,-5.741931014705525,34.12687933635501,1.0,1.0,,,1.0,1.0,-0.9365757567093755,-0.5383534665889012,2236,24,"[450, 464, 459, 485, 378]","[5, 5, 5, 5, 4]",False,False,False,False,False,0.007071067811865475,0.006969149774314374,24,24,24,0,0.0,{},0.7945701654428101,0.6997076013172251,0.0,False,True,False,False,True,False,0.0,7.746817968780643,-5.741931014705525,7.746817968780643,93.16666666666667,1.1478275860727667,0.015483742280263526,False,1.2409506907963206,False,0.026388888888888795,False,False,0.003796286866209455,0.026388888888888795,False,False,-0.49091334290652583,0.6234877394881815,True,False,0.2625660861525264,0.007608757980592497,True,False,-0.06529926042083468,False,False,forward_only_adequate
105,sequential_evalue,martingale_evalue,True,ok,0.4818525836431557,3.545890354935985,6.495264877719178,-5.99286151498165,33.8997918980322,1.0,1.0,,,1.0,1.0,-0.9222185120323303,-0.8415179923298992,2226,24,"[472, 457, 465, 462, 370]","[5, 5, 5, 5, 4]",False,False,False,False,False,0.007071067811865475,0.00698696209127741,24,24,24,0,0.0,{},0.7763333834682712,0.7031381616936749,0.0,False,True,False,False,True,False,0.0,6.495264877719177,-5.992861514981651,6.495264877719177,92.75,1.1405448887661878,0.023252652271423754,False,1.2577022314785036,False,0.02256944444444453,False,False,0.002135909438630221,0.02256944444444453,False,False,1.391447593305315,0.16408974096163442,True,False,0.15793728693196923,0.5890426105224353,True,False,-0.025867452652700247,False,False,forward_only_adequate
106,sequential_evalue,martingale_evalue,True,ok,0.8909550023932965,4.757712899194964,8.327548284082184,-8.31233351687438,34.41040938717837,1.0,0.3186310497706125,,,1.0,0.3186310497706125,-0.6566201924010202,1.1437214293476718,2244,24,"[472, 469, 467, 475, 361]","[5, 5, 5, 5, 4]",False,False,False,False,False,0.007071067811865475,0.007035361018973574,24,24,24,0,0.0,{},0.7923601465429999,0.7143340643021662,0.0,False,True,False,False,True,False,0.0,8.327548284082184,-8.31233351687438,8.327548284082184,93.5,1.170447767049961,0.00010349366507576008,False,1.3304878024742728,False,0.019791666666666652,False,False,0.0041079342537753165,0.019791666666666652,False,False,-0.6261891837769885,0.531190860854001,True,False,0.12717886563688874,0.2159405116157323,True,False,-0.1454387279054452,False,False,forward_only_adequate
107,sequential_evalue,martingale_evalue,True,ok,-2.0927971037525808,3.66541822333068,3.719331865181487,-8.46753897583494,33.87293545171229,1.0,1.0,,,1.0,1.0,-0.7660543671586613,-0.9756242847651162,2226,24,"[465, 464, 454, 468, 375]","[5, 5, 5, 5, 4]",False,False,False,False,False,0.007071067811865475,0.0070371828319857116,24,24,24,0,0.0,{},0.7706387263556472,0.7105125104180074,0.0,False,True,False,False,True,False,0.0,3.7193318651814864,-8.46753897583494,3.7193318651814864,92.75,1.147832804533449,0.004752699389327549,False,1.3014230774354703,False,0.015277777777777835,False,False,0.01101358317537637,0.015277777777777835,False,False,0.48286691259841263,0.6291902364592387,True,False,0.14511324446308593,0.13551494291737945,True,False,0.4709020732575066,False,False,forward_only_adequate
108,sequential_evalue,martingale_evalue,True,ok,-9.063064802876937,3.4992662007178295,-2.8466575121755353,-15.28973223194197,32.52703480475234,0.8793533958827982,1.0,,,0.8793533958827982,1.0,0.12856841899702198,-1.3845565462708302,2226,24,"[477, 467, 466, 444, 372]","[5, 5, 5, 5, 4]",False,False,False,False,False,0.007071067811865475,0.006906537953927662,24,24,24,0,0.0,{},0.7866920422120872,0.7228546015852096,0.0,False,True,False,False,True,False,0.0,-2.846657512175535,-15.28973223194197,-2.846657512175535,92.75,1.0817622966560414,0.008820090972542091,False,1.2106573514131704,False,0.010069444444444464,False,False,0.0651433603175939,0.010069444444444464,False,False,0.7426547329210464,0.45769074238894125,True,False,0.10151125859560536,0.3984322183490401,True,False,-1.1542126061320228,False,False,forward_only_adequate
109,sequential_evalue,martingale_evalue,True,ok,-3.8382657955646615,3.8150281769075685,2.2900387218271727,-10.681209111040447,33.84615553440243,1.0,1.0,,,1.0,1.0,-0.21532203756362545,-0.9357031695204326,2240,24,"[483, 467, 461, 461, 368]","[5, 5, 5, 5, 4]",False,False,False,False,False,0.007071067811865475,0.006956274775248998,24,24,24,0,0.0,{},0.7866040473151557,0.7130394239045474,0.0,False,True,False,False,True,False,0.0,2.2900387218271727,-10.681209111040447,2.2900387218271727,93.33333333333333,1.1372985015486536,0.0051178637173782135,False,1.263635578915346,False,0.026388888888888906,False,False,0.02237664897274912,0.026388888888888906,False,False,0.09017442964412414,0.9281486037161221,True,False,0.31623063223959913,0.015795304175550924,True,False,-0.8332111919963322,False,False,forward_only_adequate
110,sequential_evalue,martingale_evalue,True,ok,-3.3940564244320868,4.610073267663452,5.127761533568236,-11.468484589078148,34.72159701120197,1.0,1.0,,,1.0,1.0,-0.5995216182368406,-1.1247455539966007,2224,24,"[466, 467, 456, 460, 375]","[5, 5, 5, 5, 4]",False,False,False,False,False,0.007071067811865475,0.006974156581719105,24,24,24,0,0.0,{},0.7855554239567959,0.7093500758700575,0.0,False,True,False,False,True,False,0.0,5.127761533568236,-11.46848458907815,5.127761533568236,92.66666666666667,1.1655292069668175,0.004145816985579039,False,1.3039033065114902,False,0.023263888888888862,False,False,0.01886049815374054,0.023263888888888862,False,False,-1.4064069004312465,0.15960333240447055,True,False,0.23976483690518394,0.03680295584701945,True,False,-1.4881090030699102,False,False,forward_only_adequate
111,sequential_evalue,martingale_evalue,True,ok,-5.025690754654532,3.7769395465953606,1.31895697273983,-11.359398483622776,34.05192150011291,1.0,1.0,,,1.0,1.0,-0.40846909738214765,-0.9374067293197953,2203,24,"[479, 462, 449, 442, 371]","[5, 5, 5, 5, 4]",False,False,False,False,False,0.007071067811865475,0.006932784304967636,24,24,24,0,0.0,{},0.7707796847143403,0.694432433248619,0.0,False,True,False,False,True,False,0.0,1.31895697273983,-11.359398483622776,1.31895697273983,91.79166666666667,1.1308915110835365,0.022346551627311865,False,1.2975861267580298,False,0.02881944444444451,False,False,0.030840611824450217,0.02881944444444451,False,False,-0.27791045182234525,0.7810811004439289,True,False,0.13333819337630712,0.2649114207654984,True,False,-0.5932691423047649,False,False,forward_only_adequate
112,sequential_evalue,martingale_evalue,True,ok,-4.966290489046431,3.330022887783899,0.6376129489254874,-10.967709988685685,32.85085823992844,1.0,1.0,,,1.0,1.0,-0.3193527764751335,-1.258599673624837,2228,24,"[473, 473, 454, 451, 377]","[5, 5, 5, 5, 4]",False,False,False,False,False,0.007071067811865475,0.007007671352420161,24,24,24,0,0.0,{},0.7814262618952924,0.6925877195960952,0.0,False,True,False,False,True,False,0.0,0.6376129489254874,-10.967709988685685,0.6376129489254874,92.83333333333333,1.1090277747310506,0.035681031254794084,False,1.308828490777018,False,0.03819444444444442,False,False,0.03111734854393184,0.03819444444444442,False,False,-0.37579612467751894,0.707068469057589,True,False,0.18852481296461268,0.12910201359021825,True,False,-0.4539356919805105,False,False,forward_only_adequate
113,sequential_evalue,martingale_evalue,True,ok,6.144030637753981,3.2457350416592607,11.878302271719026,1.1336371988186436,34.363850916824,1.0,1.0,,,1.0,1.0,-1.3012213997454434,-0.3628809242250419,2198,24,"[479, 444, 446, 470, 359]","[5, 5, 5, 5, 4]",False,False,False,False,False,0.007071067811865475,0.006850895391896822,24,24,24,0,0.0,{},0.783186397633516,0.6556725723085174,0.0,False,True,False,False,True,False,0.0,11.878302271719027,1.1336371988186436,11.878302271719027,91.58333333333333,1.126490127584122,0.023597476868522052,False,1.2812390286256237,False,0.024652777777777746,False,False,0.03921939132275203,0.024652777777777746,False,False,2.1351702701234556,0.03274710439803081,True,False,0.2522716083602531,0.04144666263870428,True,False,2.5243197622160336,False,False,forward_only_adequate
114,sequential_evalue,martingale_evalue,True,ok,-2.576882288090865,4.256991026889053,4.343914276708096,-10.072526571932286,32.71978990324246,1.0,1.0,,,1.0,1.0,-0.8265315408400211,-1.0623295863922915,2215,24,"[454, 449, 478, 461, 373]","[5, 5, 5, 5, 4]",False,False,False,False,False,0.007071067811865475,0.00697330784236005,24,24,24,0,0.0,{},0.7828670298687432,0.6762875292842832,0.0,False,True,False,False,True,False,0.0,4.343914276708096,-10.072526571932286,4.343914276708096,92.29166666666667,1.0959748620928045,0.014755430202880327,False,1.2697582121925477,False,0.03993055555555558,False,False,0.014738106842394688,0.03993055555555558,False,False,-0.1408501842437375,0.8879882969132881,True,False,0.12284541197883192,0.5468650346432368,True,False,-1.5842896582878256,False,False,forward_only_adequate
115,sequential_evalue,martingale_evalue,True,ok,-3.0497844672304866,3.504084052417386,3.2547838291198956,-8.816188696670572,33.552037004602255,1.0,1.0,,,1.0,1.0,-0.7808385052995144,-1.2088407149584963,2208,24,"[473, 462, 440, 458, 375]","[5, 5, 5, 5, 4]",False,False,False,False,False,0.007071067811865475,0.006962732032480526,24,24,24,0,0.0,{},0.776731306082065,0.6213306471372133,0.0,False,True,False,False,True,False,0.0,3.2547838291198956,-8.816188696670572,3.2547838291198956,92.0,1.1203726316156304,0.004122597880685787,False,1.2706796878100823,False,0.018402777777777768,False,False,0.017446742544822966,0.018402777777777768,False,False,1.1223440445465125,0.2617161859127831,True,False,0.21208519267438894,0.03189559614251484,True,False,0.8000178728791517,False,False,forward_only_adequate
116,sequential_evalue,martingale_evalue,True,ok,-4.39104888592572,3.0977659119590344,0.9251930141408593,-9.521927209316978,31.828780548912963,1.0,1.0,,,1.0,1.0,-0.30910955820337827,-1.178625888924632,2259,24,"[459, 477, 469, 474, 380]","[5, 5, 5, 5, 4]",False,False,False,False,False,0.007071067811865475,0.0070132237025197375,24,24,24,0,0.0,{},0.7944942907675736,0.7172567252462516,0.0,False,True,False,False,True,False,0.0,0.9251930141408593,-9.521927209316978,0.9251930141408593,94.125,1.0828297787668826,0.021304875358662257,False,1.2638201724597085,False,0.02777777777777779,False,False,0.027710527283442934,0.02777777777777779,False,False,0.5488873385706515,0.5830827677800048,True,False,0.11641016635259772,0.08027726041375742,True,False,-0.8747377431482086,False,False,forward_only_adequate
117,sequential_evalue,martingale_evalue,True,ok,3.3837534763546784,3.9643459353324806,9.887088056510809,-3.1135908509520847,34.886855655866896,1.0,1.0,,,1.0,1.0,-1.187674235118458,-0.6379654873800273,2215,24,"[466, 455, 465, 467, 362]","[5, 5, 5, 5, 4]",False,False,False,False,False,0.007071067811865475,0.006900418988988629,24,24,24,0,0.0,{},0.7809845768815916,0.7046787630964526,0.0,False,True,False,False,True,False,0.0,9.887088056510809,-3.1135908509520847,9.887088056510809,92.29166666666667,1.156347960464074,0.009594649438597428,False,1.2485208199454652,False,0.03749999999999998,False,False,0.018966987410868573,0.03749999999999998,False,False,1.1776102627657814,0.23895201656417642,True,False,0.15412560617980484,0.12051423044262127,True,False,1.2481953231737337,False,False,forward_only_adequate
118,sequential_evalue,martingale_evalue,True,ok,0.19732556112159502,3.9639271549042197,7.08710193638095,-6.688446794536388,34.697975730723954,1.0,1.0,,,1.0,1.0,-0.7685787651642898,-0.6781141788319357,2244,24,"[470, 470, 464, 468, 372]","[5, 5, 5, 5, 4]",False,False,False,False,False,0.007071067811865475,0.0069403983085310475,24,24,24,0,0.0,{},0.7809958208101776,0.7382548390549525,0.0,False,True,False,False,True,False,0.0,7.08710193638095,-6.688446794536387,7.08710193638095,93.5,1.1642985161437878,0.017521508375016735,False,1.3009459393274343,False,0.008333333333333304,False,False,0.0007848233432285357,0.008333333333333304,False,False,1.6096252161305558,0.1074796998751933,True,False,0.14269985281483166,0.29405663949684885,True,False,-0.7659003499419264,False,False,forward_only_adequate
119,sequential_evalue,martingale_evalue,True,ok,1.7611890213545562,4.076315550409608,8.368401694905266,-5.560563678932922,33.64386721635049,1.0,1.0,,,1.0,1.0,-0.9686017720947377,-0.7868969488101303,2240,24,"[460, 474, 478, 464, 364]","[5, 5, 5, 5, 4]",False,False,False,False,False,0.007071067811865475,0.006989541964610367,24,24,24,0,0.0,{},0.7856099983552963,0.6864780927418266,0.0,False,True,False,False,True,False,0.0,8.368401694905266,-5.560563678932922,8.368401694905266,93.33333333333333,1.1359076374548538,0.010262479745605627,False,1.3546821392271629,False,0.017013888888888884,False,False,0.00915702082241453,0.017013888888888884,False,False,0.06521531155026757,0.9480025702267251,True,False,0.13747999461425245,0.08779955282669742,True,False,-0.8919800853870024,False,False,forward_only_adequate
120,sequential_evalue,martingale_evalue,True,ok,6.389017381790076,3.3994914674462082,12.239543771025364,0.8630763137950774,34.38054743675244,1.0,0.8952218634995082,,,1.0,0.8952218634995082,-1.2599427533310106,0.11068369924924953,2236,24,"[473, 455, 453, 466, 389]","[5, 5, 5, 5, 4]",False,False,False,False,False,0.007071067811865475,0.006932764750191968,24,24,24,0,0.0,{},0.7832340331977439,0.6876113242277674,0.0,False,True,False,False,True,False,0.0,12.239543771025362,0.8630763137950774,12.239543771025362,93.16666666666667,1.1503222872079977,0.006202299939455487,False,1.2275109007025176,False,0.03888888888888897,False,False,0.04006674960337006,0.03888888888888897,False,False,1.4076854826140068,0.15922422244450796,True,False,0.20366177368742863,0.013594830178531615,True,False,1.345418571581583,False,False,forward_only_adequate
121,sequential_evalue,martingale_evalue,True,ok,-1.850076023089769,2.614659110151219,2.6462622944729057,-6.1305222581865575,34.91106855776219,1.0,1.0,,,1.0,1.0,-0.893928755104618,-1.124579418083561,2201,24,"[441, 458, 464, 477, 361]","[5, 5, 5, 5, 4]",False,False,False,False,False,0.007071067811865475,0.0070233122130815215,24,24,24,0,0.0,{},0.7838609314563361,0.6950596251120672,0.0,False,True,False,False,True,False,0.0,2.6462622944729057,-6.130522258186557,2.6462622944729057,91.70833333333333,1.1740308838952467,0.0028951316867235205,False,1.2619822392752218,False,0.03993055555555558,False,False,0.009327516324157868,0.03993055555555558,False,False,0.18895312100496045,0.8501295588550482,True,False,0.10683125659788732,0.15526537973404583,True,False,-1.178627177689709,False,False,forward_only_adequate
122,sequential_evalue,martingale_evalue,True,ok,0.8849318637431628,4.156733682579553,8.06054614399629,-6.1184708939960695,33.8647984956925,1.0,1.0,,,1.0,1.0,-0.9287734133441647,-0.8946085690901691,2249,24,"[470, 455, 472, 472, 380]","[5, 5, 5, 5, 4]",False,False,False,False,False,0.007071067811865475,0.007020852759958062,24,24,24,0,0.0,{},0.7989015956595479,0.6780626154007366,0.0,False,True,False,False,True,False,0.0,8.06054614399629,-6.1184708939960695,8.06054614399629,93.70833333333333,1.1507936906780207,0.02620255045690875,False,1.2525770977957114,False,0.015625,False,False,0.004154807099774649,0.015625,False,False,0.8622210795098416,0.38856587200544856,True,False,0.2142498481946859,0.06716462298117531,True,False,0.6683287158059265,False,False,forward_only_adequate
123,sequential_evalue,martingale_evalue,True,ok,-0.13331686175662197,3.8885021428323028,6.932660997505957,-6.6732696241391904,33.118573149218484,1.0,1.0,,,1.0,1.0,-0.7846613967441167,-0.7301025191494863,2288,24,"[483, 469, 484, 474, 378]","[5, 5, 5, 5, 4]",False,False,False,False,False,0.007071067811865475,0.006958422242633793,24,24,24,0,0.0,{},0.8002038911417363,0.7503732040225389,0.0,False,True,False,False,True,False,0.0,6.932660997505958,-6.6732696241391904,6.932660997505958,95.33333333333333,1.1250576831478234,0.009756847459888559,False,1.323900043174872,False,0.030208333333333393,False,False,0.0005321300123433126,0.030208333333333393,False,False,-1.2782136144241456,0.20117411703236188,True,False,0.18242535611884414,0.23495130676763426,True,False,-1.0749522396138858,False,False,forward_only_adequate
124,sequential_evalue,martingale_evalue,True,ok,1.4937946444787153,2.7559879680743173,6.51699960086399,-2.773644458354017,34.671564199778366,1.0,1.0,,,1.0,1.0,-0.9928904818792683,-0.5190656269396462,2230,24,"[471, 476, 466, 454, 363]","[5, 5, 5, 5, 4]",False,False,False,False,False,0.007071067811865475,0.006913178584020059,24,24,24,0,0.0,{},0.7820213973911647,0.7208587540622435,0.0,False,True,False,False,True,False,0.0,6.51699960086399,-2.773644458354017,6.51699960086399,92.91666666666667,1.1552288497977992,0.025332745416724953,False,1.2144871743640568,False,0.014930555555555558,False,False,0.007453291895455618,0.014930555555555558,False,False,-0.9502189307758422,0.3420010214927284,True,False,0.16610471843877886,0.06468935870681848,True,False,0.49510789605165334,False,False,forward_only_adequate
125,sequential_evalue,martingale_evalue,True,ok,0.04778089762200984,3.6021171466050976,6.135384324565659,-6.473172760429667,34.91632941086474,1.0,1.0,,,1.0,1.0,-0.3724934910363623,-0.7456962870246933,2210,24,"[468, 453, 464, 456, 369]","[5, 5, 5, 5, 4]",False,False,False,False,False,0.007071067811865475,0.0069540095597710565,24,24,24,0,0.0,{},0.7785770125396714,0.6972090755832084,0.0,False,True,False,False,True,False,0.0,6.135384324565659,-6.473172760429667,6.135384324565659,92.08333333333333,1.1649958701201089,0.006047933036246224,False,1.2844141272436609,False,0.020138888888888817,False,False,0.00016976092329676673,0.020138888888888817,False,False,0.3184258543530566,0.7501619291645334,True,False,0.16933763134540541,0.26938863780602174,True,False,-0.16212716156883009,False,False,forward_only_adequate
126,sequential_evalue,martingale_evalue,True,ok,2.7701035231016182,4.105758626666328,9.270150410106506,-4.213236682995278,33.833095563092115,1.0,1.0,,,1.0,1.0,-0.7224919485975119,-0.2761313852568733,2219,24,"[463, 457, 461, 476, 362]","[5, 5, 5, 5, 4]",False,False,False,False,False,0.007071067811865475,0.006974135526293252,24,24,24,0,0.0,{},0.7789306317845592,0.705171805515489,0.0,False,True,False,False,True,False,0.0,9.270150410106506,-4.213236682995278,9.270150410106506,92.45833333333333,1.13442333847291,0.02043129111707392,False,1.3277057576819236,False,0.03125,False,False,0.015393389862028598,0.03125,False,False,0.4042958186206464,0.6859951999210517,True,False,0.1748615727467385,0.04504281554312867,True,False,0.751290392522044,False,False,forward_only_adequate
127,sequential_evalue,martingale_evalue,True,ok,2.3717758249702876,3.3278187408821953,7.876331610029462,-3.12407234915382,33.34413796583044,1.0,1.0,,,1.0,1.0,-0.9263142619491763,-0.6360953876530843,2238,24,"[461, 463, 460, 471, 383]","[5, 5, 5, 5, 4]",False,False,False,False,False,0.007071067811865475,0.007102361640395192,24,24,24,0,0.0,{},0.7814141411078013,0.7013630595506016,0.0,False,True,False,False,True,False,0.0,7.876331610029463,-3.12407234915382,7.876331610029463,93.25,1.1434487416571884,0.01711976512499741,False,1.2388556520386058,False,0.01666666666666672,False,False,0.012763656447428776,0.01666666666666672,False,False,-1.057027698792399,0.29049894627071027,True,False,0.15648155766580615,0.18159580641375522,True,False,-0.4012931599959394,False,False,forward_only_adequate
128,sequential_evalue,martingale_evalue,True,ok,2.993291961331114,3.4697867452159445,10.661561298731792,-2.1544735295144943,34.1244105015863,1.0,1.0,,,1.0,1.0,-0.9691937640389656,-0.5137612873304753,2226,24,"[450, 463, 459, 477, 377]","[5, 5, 5, 5, 4]",False,False,False,False,False,0.007071067811865475,0.0069096383502807,24,24,24,0,0.0,{},0.7799623072551409,0.7011326452123415,0.0,False,True,False,False,True,False,0.0,10.661561298731792,-2.1544735295144943,10.661561298731792,92.75,1.135396204798338,0.024576033562861435,False,1.3199446137612985,False,0.02673611111111107,False,False,0.016814037062419095,0.02673611111111107,False,False,-0.7306587565529977,0.464987613317119,True,False,0.16105302155862342,0.07135242663621656,True,False,-1.2331814407805208,False,False,forward_only_adequate
129,sequential_evalue,martingale_evalue,True,ok,-7.0250900411199835,3.581302230019639,0.39385658571702464,-12.442952452423857,34.149905789013765,0.9389375685588792,1.0,,,0.9389375685588792,1.0,0.06300628914198625,-1.2724297040115216,2205,24,"[462, 464, 456, 463, 360]","[5, 5, 5, 5, 4]",False,False,False,False,False,0.007071067811865475,0.006955177060045613,24,24,24,0,0.0,{},0.775280131667756,0.7229451920368215,0.0,False,True,False,False,True,False,0.0,0.39385658571702464,-12.442952452423858,0.39385658571702464,91.875,1.138325279817595,0.0013610651112125837,False,1.295427867826237,False,0.03888888888888886,False,False,0.04536574786374904,0.03888888888888886,False,False,1.4460006419166802,0.14817702177018666,True,False,0.13335545339191732,0.19606318726964564,True,False,-0.21021029323801918,False,False,forward_only_adequate
130,sequential_evalue,martingale_evalue,True,ok,0.6104126742557906,3.299917759300519,5.57630799150536,-5.522326072097429,34.424891953043584,1.0,1.0,,,1.0,1.0,-1.0522421625861913,-0.9868530689027113,2265,24,"[454, 477, 471, 475, 388]","[5, 5, 5, 5, 4]",False,False,False,False,False,0.007071067811865475,0.007051588180500754,24,24,24,0,0.0,{},0.7985150089121521,0.7144364984738768,0.0,False,True,False,False,True,False,0.0,5.57630799150536,-5.522326072097429,5.57630799150536,94.375,1.1791200211896702,0.011424725505062816,False,1.2864038820861552,False,0.03229166666666661,False,False,0.002674579702177806,0.03229166666666661,False,False,0.5821560557484127,0.560461570127363,True,False,0.27105534933112846,0.0014705736883999009,True,False,0.017157598724916515,False,False,forward_only_adequate
131,sequential_evalue,martingale_evalue,True,ok,-6.1816878141812195,3.8957870040659692,0.08136041838148333,-12.678627665742717,33.54498754496243,1.0,1.0,,,1.0,1.0,-0.47671938881768927,-1.3686765332352668,2228,24,"[443, 473, 468, 477, 367]","[5, 5, 5, 5, 4]",False,False,False,False,False,0.007071067811865475,0.006980169555035651,24,24,24,0,0.0,{},0.7897903702591103,0.71560224778466,0.0,False,True,False,False,True,False,0.0,0.08136041838148333,-12.678627665742717,0.08136041838148333,92.83333333333333,1.1280168417124294,0.01578519706076401,False,1.2904745264913646,False,0.028124999999999956,False,False,0.03943947551144112,0.028124999999999956,False,False,-0.14276767368141915,0.8864736681670622,True,False,0.11842172598939216,0.17011980541932792,True,False,-1.537868210567299,False,False,forward_only_adequate
132,sequential_evalue,martingale_evalue,True,ok,0.38089818785078755,4.7250129859988474,9.1312892120793,-6.8706987320718635,33.36283847251654,1.0,0.9472025168469926,,,1.0,0.9472025168469926,-0.5807160585947152,0.05424235771171926,2246,24,"[459, 467, 484, 458, 378]","[5, 5, 5, 5, 4]",False,False,False,False,False,0.007071067811865475,0.007024214995568932,24,24,24,0,0.0,{},0.7876726011437862,0.7279003785543746,0.0,False,True,False,False,True,False,0.0,9.1312892120793,-6.870698732071863,9.1312892120793,93.58333333333333,1.133522246876661,0.00140153290288279,False,1.2394560672196175,False,0.022222222222222254,False,False,0.0016595625662127512,0.022222222222222254,False,False,0.2527671079949391,0.8004481864866196,True,False,0.14474484997503193,0.09695188246198749,True,False,0.09200778102356878,False,False,forward_only_adequate
133,sequential_evalue,martingale_evalue,True,ok,-2.869667014946165,3.255357571386723,3.177371036227905,-8.064465921444107,33.174020030523714,1.0,1.0,,,1.0,1.0,-0.5336079759801304,-1.045027419200866,2245,24,"[476, 459, 476, 462, 372]","[5, 5, 5, 5, 4]",False,False,False,False,False,0.007071067811865475,0.0069646030618454036,24,24,24,0,0.0,{},0.7842401573666091,0.7418377712792865,0.0,False,True,False,False,True,False,0.0,3.177371036227905,-8.064465921444107,3.177371036227905,93.54166666666667,1.1172928720862763,0.03400711965702944,False,1.2376449377544707,False,0.023611111111111138,False,False,0.016315594828156532,0.023611111111111138,False,False,-1.0308881840705053,0.30259325823451566,True,False,0.14070524876588397,0.059488705317490634,True,False,-1.6691275718581313,False,False,forward_only_adequate
134,sequential_evalue,martingale_evalue,True,ok,-2.232557680988497,3.7714285020850573,4.1783091180300875,-7.968522921889431,34.364631073237334,1.0,1.0,,,1.0,1.0,-0.6146991816481794,-1.033653094754648,2215,24,"[459, 467, 457, 464, 368]","[5, 5, 5, 5, 4]",False,False,False,False,False,0.007071067811865475,0.006880780181039944,24,24,24,0,0.0,{},0.7652896634264563,0.6795395279055215,0.0,False,True,False,False,True,False,0.0,4.1783091180300875,-7.968522921889431,4.1783091180300875,92.29166666666667,1.1357967413529475,0.02749773703706396,False,1.2952050329800775,False,0.023958333333333415,False,False,0.01200165805100184,0.023958333333333415,False,False,-0.21082401270631157,0.8330246002177102,True,False,0.09694580474770274,0.32068266150814473,True,False,-0.940036606297438,False,False,forward_only_adequate
135,sequential_evalue,martingale_evalue,True,ok,2.0086341060853283,3.6573469483775547,8.052594095980517,-4.218397074044399,34.581717690386846,1.0,1.0,,,1.0,1.0,-1.0594401751430227,-0.601066548873743,2233,24,"[488, 441, 472, 475, 357]","[5, 5, 5, 5, 4]",False,False,False,False,False,0.007071067811865475,0.00700680988999669,24,24,24,0,0.0,{},0.7910679158874805,0.678610538132503,0.0,False,True,False,False,True,False,0.0,8.052594095980517,-4.218397074044399,8.052594095980517,93.04166666666667,1.1686262582820677,0.005395142540903392,False,1.317601492218811,False,0.025000000000000022,False,False,0.010296793974979955,0.025000000000000022,False,False,-0.24323406826845514,0.807824076528141,True,False,0.04959530066845512,0.40947521026733824,True,False,-0.7699655147656661,False,False,forward_only_adequate
136,sequential_evalue,martingale_evalue,True,ok,-9.834008334107814,4.278964167469204,-3.0947202364105157,-17.39778245643378,34.83364112914481,0.41866969718268204,1.0,,,0.41866969718268204,1.0,0.8706729821546333,-1.3459276524582078,2224,24,"[481, 453, 457, 458, 375]","[5, 5, 5, 5, 4]",False,False,False,False,False,0.007071067811865475,0.006860860263396442,24,24,24,0,0.0,{},0.7879017155027885,0.7095119482330589,0.0,False,True,False,False,True,False,0.0,-3.0947202364105153,-17.39778245643378,-3.0947202364105153,92.66666666666667,1.1502949739976536,0.022325724736187755,False,1.26951303671728,False,0.01388888888888884,False,False,0.06672509995628112,0.01388888888888884,False,False,-0.6435937176384421,0.5198389251576466,True,False,0.11196180087949748,0.25717307146981866,True,False,-2.193013129578651,False,False,forward_only_adequate
137,sequential_evalue,martingale_evalue,True,ok,4.432150296722491,3.7651325337433272,11.005960263844397,-1.8672583951734891,34.135238940135174,1.0,1.0,,,1.0,1.0,-1.2143706308429127,-0.38660039094786547,2208,24,"[464, 461, 447, 472, 364]","[5, 5, 5, 5, 4]",False,False,False,False,False,0.007071067811865475,0.007005516843248954,24,24,24,0,0.0,{},0.7785010051002701,0.7093377903236499,0.0,False,True,False,False,True,False,0.0,11.005960263844395,-1.8672583951734891,11.005960263844395,92.0,1.1468511298120054,0.0036538793986821533,False,1.2434302999384272,False,0.03541666666666665,False,False,0.0261977458139167,0.03541666666666665,False,False,-0.7850749050528049,0.4324096521833538,True,False,0.21807323985900817,0.10922678795517674,True,False,0.31379944861673775,False,False,forward_only_adequate
138,sequential_evalue,martingale_evalue,True,ok,1.5121760127617128,3.0471088575026024,6.990695920916825,-3.2908156565418425,33.44538363591187,1.0,1.0,,,1.0,1.0,-1.0985606609248537,-0.8614730163850461,2229,24,"[477, 450, 450, 468, 384]","[5, 5, 5, 5, 4]",False,False,False,False,False,0.007071067811865475,0.00697034684721752,24,24,24,0,0.0,{},0.7802577882163857,0.709571399223497,0.0,False,True,False,False,True,False,0.0,6.990695920916825,-3.290815656541843,6.990695920916825,92.875,1.1233368065081462,0.011171101447567944,False,1.2249605721181156,False,0.013541666666666563,False,False,0.007800517169977004,0.013541666666666563,False,False,-0.8143683817659272,0.4154339462443766,True,False,0.1603789956985059,0.3162598025499818,True,False,-0.2255434429763739,False,False,forward_only_adequate
139,sequential_evalue,martingale_evalue,True,ok,1.7741017072982068,3.657341017306956,7.775301448847925,-4.885884824394643,33.450887788627426,1.0,1.0,,,1.0,1.0,-1.1741274914507662,-0.8352749566847064,2257,24,"[480, 452, 479, 468, 378]","[5, 5, 5, 5, 4]",False,False,False,False,False,0.007071067811865475,0.006875453142340752,24,24,24,0,0.0,{},0.8050363817001103,0.6956378754636635,0.0,False,True,False,False,True,False,0.0,7.775301448847924,-4.885884824394643,7.775301448847924,94.04166666666667,1.1151650196804936,0.03464288042107552,False,1.2785298219574146,False,0.018750000000000044,False,False,0.009428925315274837,0.018750000000000044,False,False,-0.20151524080152422,0.8402957134301847,True,False,0.22356875749936325,0.03294864163083846,True,False,-1.442695677481928,False,False,forward_only_adequate
140,sequential_evalue,martingale_evalue,True,ok,1.7248397195196439,3.27268704200918,7.941916659234485,-3.4750316356204367,32.76626312488179,1.0,1.0,,,1.0,1.0,-1.095392690371663,-0.8397198253110032,2243,24,"[462, 469, 467, 467, 378]","[5, 5, 5, 5, 4]",False,False,False,False,False,0.007071067811865475,0.0070186936409842,24,24,24,0,0.0,{},0.7932206883308286,0.7136680701806025,0.0,False,True,False,False,True,False,0.0,7.941916659234484,-3.475031635620437,7.941916659234484,93.45833333333333,1.111635022777698,0.012778095403885543,False,1.2672523351717675,False,0.025694444444444464,False,False,0.009164779001498239,0.025694444444444464,False,False,-0.21145010977616668,0.8325360586183577,True,False,0.13458064093890698,0.049712356925863344,True,False,1.1474266208811452,False,False,forward_only_adequate
141,sequential_evalue,martingale_evalue,True,ok,-5.47297087920311,3.2545618554123603,-0.3446707777818574,-11.264551732368295,34.09222101738882,1.0,1.0,,,1.0,1.0,-0.24004095887919474,-1.1339793249418624,2193,24,"[469, 451, 458, 451, 364]","[5, 5, 5, 5, 4]",False,False,False,False,False,0.007071067811865475,0.00690490848914578,24,24,24,0,0.0,{},0.7711869573684763,0.6725870226021623,0.0,False,True,False,False,True,False,0.0,-0.3446707777818574,-11.264551732368295,-0.3446707777818574,91.375,1.12511501843078,0.017147801698315087,False,1.282651605217981,False,0.03402777777777777,False,False,0.03428565567714953,0.03402777777777777,False,False,0.08580187428083758,0.9316239165148089,True,False,0.1620701234464851,0.11251563260601712,True,False,-1.3701138130324062,False,False,forward_only_adequate
142,sequential_evalue,martingale_evalue,True,ok,3.976327065760285,3.138142777219874,9.848058338924975,-1.3637966682962026,35.82280737014309,1.0,1.0,,,1.0,1.0,-1.0550085481237375,-0.15016627912815006,2287,24,"[482, 474, 486, 452, 393]","[5, 5, 5, 5, 4]",False,False,False,False,False,0.007071067811865475,0.006943549283631118,24,24,24,0,0.0,{},0.814380249148334,0.7134573033183099,0.0,False,True,False,False,True,False,0.0,9.848058338924975,-1.3637966682962024,9.848058338924975,95.29166666666667,1.2140556820371873,0.022490021202555503,False,1.2324005006323842,False,0.010763888888888906,False,False,0.021611501044716375,0.010763888888888906,False,False,-0.8104421965795853,0.41768607417449377,True,False,0.16387257666603094,0.009414586527976675,True,False,-0.6711988720330968,False,False,forward_only_adequate
143,sequential_evalue,martingale_evalue,True,ok,5.549255477248162,3.5242947348535933,11.711444155568293,-0.001406756051579805,33.37336539103499,1.0,1.0,,,1.0,1.0,-1.2358878418836043,-0.21595330874300744,2252,24,"[485, 458, 482, 458, 369]","[5, 5, 5, 5, 4]",False,False,False,False,False,0.007071067811865475,0.006934647704144616,24,24,24,0,0.0,{},0.7896928200083534,0.72991696645721,0.0,False,True,False,False,True,False,0.0,11.711444155568293,-0.001406756051579805,11.711444155568293,93.83333333333333,1.1209157791636952,0.01257096575629084,False,1.2933176183787622,False,0.01736111111111116,False,False,0.035000286192029106,0.01736111111111116,False,False,-1.0647504502662664,0.28698887320385325,True,False,0.13037033577641377,0.32172652438279964,True,False,0.09964471552402773,False,False,forward_only_adequate
144,sequential_evalue,martingale_evalue,True,ok,-0.5710903931622848,3.963161046914002,6.1221574060061785,-7.341910024406029,33.15461635405425,1.0,1.0,,,1.0,1.0,-0.6022461168420232,-0.09572424939844931,2233,24,"[489, 464, 466, 451, 363]","[5, 5, 5, 5, 4]",False,False,False,False,False,0.007071067811865475,0.0070230991554303,24,24,24,0,0.0,{},0.7972648411548031,0.6895214151473746,0.0,False,True,False,False,True,False,0.0,6.1221574060061785,-7.341910024406029,6.1221574060061785,93.04166666666667,1.1230046432390919,0.011081064242935926,False,1.2442515413242778,False,0.022916666666666696,False,False,0.002622242850545884,0.022916666666666696,False,False,-0.7048834768517784,0.48088275360933486,True,False,0.11372459579155232,0.139752130242597,True,False,0.04949963003912228,False,False,forward_only_adequate
145,sequential_evalue,martingale_evalue,True,ok,7.460274754144688,3.661410314963913,14.3711371339292,1.3568065658407251,34.67847190022071,1.0,1.0,,,1.0,1.0,-1.3946157737022478,-0.0993812474028336,2224,24,"[456, 465, 463, 467, 373]","[5, 5, 5, 5, 4]",False,False,False,False,False,0.007071067811865475,0.0069655365496297215,24,24,24,0,0.0,{},0.7803258079732569,0.679964661837998,0.0,False,True,False,False,True,False,0.0,14.371137133929201,1.3568065658407251,14.371137133929201,92.66666666666667,1.1626427893026283,0.024704852697453157,False,1.296553478224483,False,0.021527777777777812,False,False,0.04750139128325083,0.021527777777777812,False,False,0.5161700060001438,0.6057356770218284,True,False,0.22028381490198795,0.02601197365508259,True,False,1.2437236464679615,False,False,forward_only_adequate
146,sequential_evalue,martingale_evalue,True,ok,1.7565699354450273,3.4021004080682613,7.382393730202677,-3.7954449263576677,33.80151480170934,1.0,1.0,,,1.0,1.0,-1.0715016841773022,-0.7165339652703957,2207,24,"[458, 450, 471, 467, 361]","[5, 5, 5, 5, 4]",False,False,False,False,False,0.007071067811865475,0.00690904902138049,24,24,24,0,0.0,{},0.7825863493551648,0.6696702973513127,0.0,False,True,False,False,True,False,0.0,7.3823937302026765,-3.7954449263576677,7.3823937302026765,91.95833333333333,1.1197472064344465,0.030305276593007188,False,1.2734609387506794,False,0.030208333333333393,False,False,0.009279661603644993,0.030208333333333393,False,False,-0.12578946767775642,0.8998985791234023,True,False,0.1571227619927496,0.1089454906464629,True,False,0.21828823200921127,False,False,forward_only_adequate
147,sequential_evalue,martingale_evalue,True,ok,-1.144218671045782,2.7504482505060746,3.9185584756138603,-5.6857028557077385,32.84909583020491,1.0,1.0,,,1.0,1.0,-0.8594734366064887,-1.0992646882679802,2263,24,"[471, 471, 472, 466, 383]","[5, 5, 5, 5, 4]",False,False,False,False,False,0.007071067811865475,0.0070080055498855515,24,24,24,0,0.0,{},0.7847850812604013,0.7262354046719403,0.0,False,True,False,False,True,False,0.0,3.9185584756138603,-5.6857028557077385,3.9185584756138603,94.29166666666667,1.1176981128969552,0.058366321419488644,False,1.2834105000609177,False,0.013194444444444509,False,False,0.0057267144766772575,0.013194444444444509,False,False,-1.7332307672128067,0.08305466052713828,True,False,0.30844520687116295,0.05927143120318568,True,False,-2.0164443382187947,False,False,forward_only_adequate
148,sequential_evalue,martingale_evalue,True,ok,-0.6176394937600488,2.9536145562134166,4.1946964724669105,-5.743988522000972,33.28322801919602,1.0,1.0,,,1.0,1.0,-0.8173583954854797,-0.9648804129825803,2229,24,"[463, 470, 460, 455, 381]","[5, 5, 5, 5, 4]",False,False,False,False,False,0.007071067811865475,0.006963560342543568,24,24,24,0,0.0,{},0.7804925872385133,0.7106392971967282,0.0,False,True,False,False,True,False,0.0,4.1946964724669105,-5.743988522000972,4.1946964724669105,92.875,1.1168020470859075,0.029834399644895534,False,1.282241494492685,False,0.019444444444444486,False,False,0.002877991470589938,0.019444444444444486,False,False,0.6137077110785997,0.5394084918943405,True,False,0.13789267499315314,0.08331241475111556,True,False,-0.004954893240955101,False,False,forward_only_adequate
149,sequential_evalue,martingale_evalue,True,ok,-7.209173722229451,3.088947549056013,-1.8672803901937867,-13.439569733451041,33.48429289442207,0.9907373718100371,1.0,,,0.9907373718100371,1.0,0.009305793084132263,-1.3231027917171465,2214,24,"[471, 462, 462, 451, 368]","[5, 5, 5, 5, 4]",False,False,False,False,False,0.007071067811865475,0.006958087417692282,24,24,24,0,0.0,{},0.7706121030865463,0.7263665077075269,0.0,False,True,False,False,True,False,0.0,-1.8672803901937867,-13.439569733451043,-1.8672803901937867,92.25,1.1188817871588927,0.0021143615456343033,False,1.3494838654585912,False,0.03194444444444444,False,False,0.0477335541177482,0.03194444444444444,False,False,0.47209671547420906,0.6368577567917477,True,False,0.07521119437267537,0.40812855645849266,True,False,-0.345588555447734,False,False,forward_only_adequate
150,sequential_evalue,martingale_evalue,True,ok,3.3835342999521507,3.784921266751558,10.917960497220438,-2.518762447523533,35.323273397201476,1.0,1.0,,,1.0,1.0,-1.2170003964471616,-0.7016582588899285,2186,24,"[452, 470, 449, 447, 368]","[5, 5, 5, 5, 4]",False,False,False,False,False,0.007071067811865475,0.006999197690485712,24,24,24,0,0.0,{},0.7644632490558518,0.6913666209282735,0.0,False,True,False,False,True,False,0.0,10.91796049722044,-2.518762447523533,10.91796049722044,91.08333333333333,1.1797735770682893,0.0022828484277136406,False,1.3150375858390928,False,0.0253472222222223,False,False,0.018530818784195636,0.0253472222222223,False,False,0.40182088547495526,0.6878158503209528,True,False,0.1730241144314182,0.07181287291908009,True,False,1.2837164193999888,False,False,forward_only_adequate
151,sequential_evalue,martingale_evalue,True,ok,1.0778431580730183,3.90805800057611,8.050545879829048,-5.530909755520086,33.76121586745613,1.0,1.0,,,1.0,1.0,-1.0478586193787187,-0.8741904329956258,2196,24,"[435, 471, 453, 456, 381]","[5, 5, 5, 5, 4]",False,False,False,False,False,0.007071067811865475,0.006983953546949958,24,24,24,0,0.0,{},0.771802208061982,0.6497035731280938,0.0,False,True,False,False,True,False,0.0,8.050545879829048,-5.530909755520086,8.050545879829048,91.5,1.127716597176736,0.0042794319364537585,False,1.316663454750788,False,0.015625,False,False,0.005301192330923923,0.015625,False,False,-0.8819398417110118,0.3778093401868955,True,False,0.16975810142964531,0.16982829919029432,True,False,-0.06793744431745848,False,False,forward_only_adequate
152,sequential_evalue,martingale_evalue,True,ok,0.36603204539529904,2.123824762867924,4.006675493238157,-3.3967774809178546,33.63778469908576,1.0,1.0,,,1.0,1.0,-0.9564200141750487,-0.7351086532239792,2202,24,"[460, 463, 476, 431, 372]","[5, 5, 5, 5, 4]",False,False,False,False,False,0.007071067811865475,0.0070025026453254865,24,24,24,0,0.0,{},0.7737156610697692,0.6712497591727845,0.0,False,True,False,False,True,False,0.0,4.006675493238157,-3.3967774809178546,4.006675493238157,91.75,1.1281158701947271,0.008507614996613316,False,1.2452778480750513,False,0.011805555555555625,False,False,0.0015968459419505331,0.011805555555555625,False,False,-1.0035581563300142,0.3155916319908667,True,False,0.16662470493404163,0.05987094337933254,True,False,-1.209183144565956,False,False,forward_only_adequate
153,sequential_evalue,martingale_evalue,True,ok,2.894028298305362,3.2606538539414474,7.958551387529637,-3.1964906757735387,34.588042157626546,1.0,1.0,,,1.0,1.0,-1.1455730465173735,-0.6958662347604556,2162,24,"[442, 455, 449, 450, 366]","[5, 5, 5, 5, 4]",False,False,False,False,False,0.007071067811865475,0.0069323190537386985,24,24,24,0,0.0,{},0.7592136600969095,0.6897405381895364,0.0,False,True,False,False,True,False,0.0,7.958551387529636,-3.1964906757735387,7.958551387529636,90.08333333333333,1.1378807502663226,0.019704115307984178,False,1.2576928011341901,False,0.03298611111111105,False,False,0.016132303790599673,0.03298611111111105,False,False,-1.4207785155077937,0.15538115844329456,True,False,0.20540740620539055,0.13090129641620218,True,False,7.171340018077236e-05,False,False,forward_only_adequate
154,sequential_evalue,martingale_evalue,True,ok,-0.39520095484391976,3.501520602031822,5.529688392507168,-6.4336145359856864,33.182635008464686,1.0,1.0,,,1.0,1.0,-0.8331787449106807,-0.877300809068178,2225,24,"[457, 458, 467, 465, 378]","[5, 5, 5, 5, 4]",False,False,False,False,False,0.007071067811865475,0.0068978167513978755,24,24,24,0,0.0,{},0.7893065672314464,0.6903070690542419,0.0,False,True,False,False,True,False,0.0,5.529688392507168,-6.4336145359856864,5.529688392507168,92.70833333333333,1.1019246893822467,0.015442125788007815,False,1.286172584146385,False,0.015625,False,False,0.0017829059688704342,0.015625,False,False,-0.02680082900074218,0.9786185920096538,True,False,0.0814030844471054,0.49944216965949734,True,False,0.5686626316916414,False,False,forward_only_adequate
155,sequential_evalue,martingale_evalue,True,ok,2.4390955665210257,2.229845679381477,6.206115460430848,-1.7173679562549165,33.24834999812364,1.0,1.0,,,1.0,1.0,-1.1586272570215963,-0.8315135958978377,2266,24,"[475, 464, 475, 462, 390]","[5, 5, 5, 5, 4]",False,False,False,False,False,0.007071067811865475,0.006972490913915457,24,24,24,0,0.0,{},0.7986518020257372,0.7153473894645794,0.0,False,True,False,False,True,False,0.0,6.206115460430848,-1.7173679562549165,6.206115460430848,94.41666666666667,1.126295608730996,0.0037318769763917017,False,1.2325144467282803,False,0.051736111111111094,False,False,0.013410079830021016,0.051736111111111094,False,False,-1.4201284557600056,0.15557028736183118,True,False,0.22337091613601173,0.0006241681453867854,True,False,-0.02749347065934491,False,False,forward_only_adequate
156,sequential_evalue,martingale_evalue,True,ok,2.098244665088688,3.4994479851049127,8.997442176837614,-3.1305586509155954,33.9860879373737,1.0,1.0,,,1.0,1.0,-1.092831077108532,-0.7648477967285803,2255,24,"[471, 459, 481, 480, 364]","[5, 5, 5, 5, 4]",False,False,False,False,False,0.007071067811865475,0.006886696828229619,24,24,24,0,0.0,{},0.7994234290065176,0.6797541828931533,0.0,False,True,False,False,True,False,0.0,8.997442176837614,-3.1305586509155954,8.997442176837614,93.95833333333333,1.1343571111228374,0.0006507571252470525,False,1.2756772783483437,False,0.02430555555555547,False,False,0.011196273339715516,0.02430555555555547,False,False,1.1058523260050444,0.2687904423860411,True,False,0.12456400433161831,0.4977311704619587,True,False,0.9810363874125455,False,False,forward_only_adequate
157,sequential_evalue,martingale_evalue,True,ok,3.5615818209119183,3.1705221713260707,8.779748197626546,-1.6282561547459737,33.80993574786572,1.0,1.0,,,1.0,1.0,-1.112053235951117,-0.5753421415173519,2222,24,"[454, 445, 460, 488, 375]","[5, 5, 5, 5, 4]",False,False,False,False,False,0.007071067811865475,0.006991852340815758,24,24,24,0,0.0,{},0.7828452862451676,0.7023918668666548,0.0,False,True,False,False,True,False,0.0,8.779748197626546,-1.6282561547459737,8.779748197626546,92.58333333333333,1.1372946710009537,0.0029031527206406713,False,1.2895876417354615,False,0.02083333333333326,False,False,0.020516541447327844,0.02083333333333326,False,False,0.33068144206357575,0.7408851215030579,True,False,0.2183261017931065,0.05882292733475379,True,False,-0.13423231457317802,False,False,forward_only_adequate
158,sequential_evalue,martingale_evalue,True,ok,-1.906190681229786,3.788726977456123,3.823976215074837,-9.206202669661721,33.074985222502505,1.0,1.0,,,1.0,1.0,-0.7600078047898109,-0.9820313027883983,2221,24,"[467, 461, 460, 473, 360]","[5, 5, 5, 5, 4]",False,False,False,False,False,0.007071067811865475,0.007065928408208392,24,24,24,0,0.0,{},0.787390186573599,0.6893213751551048,0.0,False,True,False,False,True,False,0.0,3.8239762150748375,-9.206202669661721,3.8239762150748375,92.54166666666667,1.1241067468401398,0.01667415266749978,False,1.2554847690423503,False,0.03576388888888882,False,False,0.010139512884413315,0.03576388888888882,False,False,-0.21226327833295994,0.8319016422910394,True,False,0.11014664259366468,0.20321443150500332,True,False,-0.7888270895646735,False,False,forward_only_adequate
159,sequential_evalue,martingale_evalue,True,ok,-1.9368847322771654,3.2481722542344253,3.67310420010564,-7.221165132761766,33.66860906858174,1.0,1.0,,,1.0,1.0,-0.6725287507728819,-0.9867329932827531,2262,24,"[471, 472, 486, 457, 376]","[5, 5, 5, 5, 4]",False,False,False,False,False,0.007071067811865475,0.0069971304249083375,24,24,24,0,0.0,{},0.7844070996987332,0.75319291486575,0.0,False,True,False,False,True,False,0.0,3.6731042001056395,-7.221165132761766,3.6731042001056395,94.25,1.14355176337422,0.010737630353413267,False,1.3380673937059089,False,0.027083333333333237,False,False,0.01012593390434249,0.027083333333333237,False,False,-1.452234196129,0.14643649736371764,True,False,0.08998776431712022,0.25643118506753854,True,False,-1.7345460319541703,False,False,forward_only_adequate
160,sequential_evalue,martingale_evalue,True,ok,5.966280856823967,3.5974811735022993,12.298558747321282,-0.3361042388294706,34.90930870012891,1.0,1.0,,,1.0,1.0,-1.3054382493085959,-0.37638226482860504,2217,24,"[449, 471, 470, 460, 367]","[5, 5, 5, 5, 4]",False,False,False,False,False,0.007071067811865475,0.006923092634166165,24,24,24,0,0.0,{},0.764872233774292,0.7129369371031647,0.0,False,True,False,False,True,False,0.0,12.298558747321282,-0.3361042388294706,12.298558747321282,92.375,1.1614181841329914,0.02355128140963707,False,1.2583375446066984,False,0.01736111111111116,False,False,0.03655284638263678,0.01736111111111116,False,False,0.6955236399176136,0.48672720156942073,True,False,0.16285788397949222,0.1533685261952677,True,False,3.36375640734462,False,False,forward_only_adequate
161,sequential_evalue,martingale_evalue,True,ok,5.6675815791668995,3.3412884929484448,10.259261514775357,-1.1647429262607378,32.74194055587804,1.0,0.7382391827568845,,,1.0,0.7382391827568845,-1.2878573663820865,0.30348741101285115,2247,24,"[466, 462, 461, 476, 382]","[5, 5, 5, 5, 4]",False,False,False,False,False,0.007071067811865475,0.006973615568223004,24,24,24,0,0.0,{},0.794751347909805,0.694408744429412,0.0,False,True,False,False,True,False,0.0,10.259261514775357,-1.1647429262607378,10.259261514775357,93.625,1.1046592611208137,0.057051913926212096,False,1.222601011468433,False,0.0215277777777777,False,False,0.03649893845877366,0.0215277777777777,False,False,1.3437256913427622,0.1790371063343258,True,False,0.13735281500802013,0.14367820115496333,True,False,1.2291302908744248,False,False,forward_only_adequate
162,sequential_evalue,martingale_evalue,True,ok,1.3930930513033168,4.215996299913826,8.543493889142779,-6.327238288135248,32.27778576860162,1.0,1.0,,,1.0,1.0,-0.39232510654036873,-0.6846348188035509,2219,24,"[456, 453, 461, 476, 373]","[5, 5, 5, 5, 4]",False,False,False,False,False,0.007071067811865475,0.006990994169758464,24,24,24,0,0.0,{},0.7887453600612326,0.6906130783544082,0.0,False,True,False,False,True,False,0.0,8.543493889142779,-6.327238288135248,8.543493889142779,92.45833333333333,1.0848900081056783,0.025347337289263944,False,1.2596523735517458,False,0.03541666666666665,False,False,0.007394724023848081,0.03541666666666665,False,False,-0.3611272832075927,0.7180042984814453,True,False,0.1397383818091891,0.27567045340964696,True,False,1.5899953029194356,False,False,forward_only_adequate
163,sequential_evalue,martingale_evalue,True,ok,-0.25449252200867,3.560422546222579,6.287564907728307,-6.833816004902253,34.07700523388494,1.0,1.0,,,1.0,1.0,-0.8932747001597825,-0.6014191663805968,2199,24,"[454, 466, 458, 458, 363]","[5, 5, 5, 5, 4]",False,False,False,False,False,0.007071067811865475,0.007082136410975562,24,24,24,0,0.0,{},0.7584774480326745,0.7132331002116318,0.0,False,True,False,False,True,False,0.0,6.287564907728307,-6.833816004902253,6.287564907728307,91.625,1.15505511242272,0.028900004627550865,False,1.3282890127131701,False,0.023611111111111138,False,False,0.0010448208794563009,0.023611111111111138,False,False,-0.917856278552043,0.35869411388404404,True,False,0.20004991675117312,0.10968788714109197,True,False,0.5250369995919756,False,False,forward_only_adequate
164,sequential_evalue,martingale_evalue,True,ok,-6.388849731842268,2.8252040780031553,-1.7488303576763373,-11.4098819935931,34.15183122251917,1.0,1.0,,,1.0,1.0,-0.3884505529706792,-1.3261074880843824,2202,24,"[460, 462, 457, 458, 365]","[5, 5, 5, 5, 4]",False,False,False,False,False,0.007071067811865475,0.006937702306283382,24,24,24,0,0.0,{},0.7697137064016834,0.6642112675933999,0.0,False,True,False,False,True,False,0.0,-1.7488303576763373,-11.409881993593098,-1.7488303576763373,91.75,1.1347565463661962,0.0013286310461559923,False,1.257758309917534,False,0.021874999999999978,False,False,0.04071330634261412,0.021874999999999978,False,False,-1.493441906101194,0.1353215503990561,True,False,0.10826289421365988,0.28616989447477675,True,False,-1.8180409261523016,False,False,forward_only_adequate
165,sequential_evalue,martingale_evalue,True,ok,-10.374029352067963,4.169835557271299,-3.2499082797261227,-18.381278424821375,33.166590910469445,0.2669505002001899,1.0,,,0.2669505002001899,1.0,1.320692030277855,-1.4461993148013392,2242,24,"[480, 476, 454, 461, 371]","[5, 5, 5, 5, 4]",False,False,False,False,False,0.007071067811865475,0.006965503607293081,24,24,24,0,0.0,{},0.7947352589603238,0.7216442059431329,0.0,False,True,False,False,True,False,0.0,-3.2499082797261227,-18.381278424821375,-3.2499082797261227,93.41666666666667,1.1164403986153688,0.0021871932488645015,False,1.2815589305711668,False,0.025694444444444464,False,False,0.07366669539556416,0.025694444444444464,False,False,0.7719589243775609,0.44013875596964447,True,False,0.24641345622793134,0.01730629988529275,True,False,-0.574045448491094,False,False,forward_only_adequate
166,sequential_evalue,martingale_evalue,True,ok,1.7025473846181358,3.2172395046541165,6.376074326321984,-4.631449235601023,34.91677504976462,1.0,1.0,,,1.0,1.0,-1.0317291492055762,-0.49660110994622697,2237,24,"[473, 469, 475, 464, 356]","[5, 5, 5, 5, 4]",False,False,False,False,False,0.007071067811865475,0.006966432655036695,24,24,24,0,0.0,{},0.7794686217511658,0.732200187046684,0.0,False,True,False,False,True,False,0.0,6.376074326321984,-4.631449235601023,6.376074326321984,93.20833333333333,1.174199642002081,0.0319326965337,False,1.24525471990544,False,0.018055555555555602,False,False,0.008485934472166598,0.018055555555555602,False,False,-0.0021329881706801403,0.9982981229607268,True,False,0.15049823343245247,0.05952587122987978,True,False,-0.42738700933888085,False,False,forward_only_adequate
167,sequential_evalue,martingale_evalue,True,ok,0.5820962520096206,4.6512772235545174,9.707377084776526,-6.41550696657797,34.3901213992085,1.0,1.0,,,1.0,1.0,-0.893357046065075,-0.8194952840395717,2217,24,"[455, 452, 476, 451, 383]","[5, 5, 5, 5, 4]",False,False,False,False,False,0.007071067811865475,0.006890187175336869,24,24,24,0,0.0,{},0.7727189241386145,0.6977668055170475,0.0,False,True,False,False,True,False,0.0,9.707377084776526,-6.415506966577969,9.707377084776526,92.375,1.1387069172328257,0.0050110256846540675,False,1.249711519194719,False,0.030208333333333393,False,False,0.002637408587840218,0.030208333333333393,False,False,-0.7323472821187396,0.4639566269723471,True,False,0.15432271550387097,0.105260726883774,True,False,0.5022432588719239,False,False,forward_only_adequate
168,sequential_evalue,martingale_evalue,True,ok,3.1796031363446127,3.4239969948144675,9.609360714210702,-2.1919496876626554,33.62837283138325,1.0,1.0,,,1.0,1.0,-0.9622705205173312,-0.5119648759198971,2244,24,"[479, 460, 463, 476, 366]","[5, 5, 5, 5, 4]",False,False,False,False,False,0.007071067811865475,0.00704766010343971,24,24,24,0,0.0,{},0.7817402674945352,0.7145828138893888,0.0,False,True,False,False,True,False,0.0,9.609360714210702,-2.1919496876626554,9.609360714210702,93.5,1.1458469527171422,0.0510710642741315,False,1.2884205735596341,False,0.026388888888888906,False,False,0.017837863733875876,0.026388888888888906,False,False,1.7977033754427727,0.07222402624319144,True,False,0.192021552197993,0.06677035441247536,True,False,1.8556172236756876,False,False,forward_only_adequate
169,sequential_evalue,martingale_evalue,True,ok,-4.046660166371382,3.4790935464057506,2.6307620388272257,-9.821315494046875,33.77882242424091,1.0,1.0,,,1.0,1.0,-0.46358251807337114,-1.2250690192313458,2202,24,"[462, 463, 440, 468, 369]","[5, 5, 5, 5, 4]",False,False,False,False,False,0.007071067811865475,0.006976714756447846,24,24,24,0,0.0,{},0.7876414644409742,0.6769913539007089,0.0,False,True,False,False,True,False,0.0,2.6307620388272257,-9.821315494046875,2.6307620388272257,91.75,1.1286739806974406,0.013863498930054764,False,1.3358221484033856,False,0.021874999999999978,False,False,0.02400630780560228,0.021874999999999978,False,False,1.6319545060141742,0.10268907037050713,True,False,0.13457301967524798,0.30437986368622505,True,False,-0.9335952937938782,False,False,forward_only_adequate
170,sequential_evalue,martingale_evalue,True,ok,-2.09445747313343,2.855903847383996,2.814785679893584,-6.933375622787256,32.85009928374882,1.0,1.0,,,1.0,1.0,-0.7768861196528489,-1.072440313918121,2222,24,"[450, 466, 461, 484, 361]","[5, 5, 5, 5, 4]",False,False,False,False,False,0.007071067811865475,0.007025647098108286,24,24,24,0,0.0,{},0.7755954976816573,0.7024488092400776,0.0,False,True,False,False,True,False,0.0,2.814785679893584,-6.933375622787256,2.814785679893584,92.58333333333333,1.1103488022609118,0.0073947079420195955,False,1.2464528492239413,False,0.02013888888888893,False,False,0.011449575233354162,0.02013888888888893,False,False,-1.728685745780906,0.08386535385734234,True,False,0.1657012527455713,0.16590966176986932,True,False,-0.3083746831294328,False,False,forward_only_adequate
171,sequential_evalue,martingale_evalue,True,ok,-6.515132654268768,3.7416321673965967,0.26423118212585006,-12.812601227124985,34.010243639119096,1.0,1.0,,,1.0,1.0,-0.3970066857100255,-1.341192233965272,2235,24,"[476, 468, 468, 445, 378]","[5, 5, 5, 5, 4]",False,False,False,False,False,0.007071067811865475,0.007003708647776097,24,24,24,0,0.0,{},0.7861280410596865,0.7092703333005534,0.0,False,True,False,False,True,False,0.0,0.26423118212585006,-12.812601227124985,0.26423118212585006,93.125,1.149319993098445,0.007613352891816302,False,1.2443916059877274,False,0.018402777777777768,False,False,0.04104163773673674,0.018402777777777768,False,False,0.11521126805951949,0.908277667532509,True,False,0.06060758571401644,0.34176286437473563,True,False,-0.35700942338592345,False,False,forward_only_adequate
172,sequential_evalue,martingale_evalue,True,ok,1.6737805092845095,3.0909656590517227,6.944983783932618,-3.6905732595111793,33.405935725918965,1.0,1.0,,,1.0,1.0,-0.980833764893042,-0.6074231570224286,2220,24,"[459, 469, 461, 455, 376]","[5, 5, 5, 5, 4]",False,False,False,False,False,0.007071067811865475,0.00704817119030303,24,24,24,0,0.0,{},0.7739778989093321,0.7068593641985386,0.0,False,True,False,False,True,False,0.0,6.944983783932618,-3.6905732595111793,6.944983783932618,92.5,1.1322464190869541,0.008987751200388566,False,1.2947627934695707,False,0.015972222222222276,False,False,0.008674287206313722,0.015972222222222276,False,False,-0.9706683903150733,0.33171343743130033,True,False,0.25646671049017017,0.04926238581338329,True,False,0.07310910103769629,False,False,forward_only_adequate
173,sequential_evalue,martingale_evalue,True,ok,0.3433133211763459,4.392432779401406,7.968807148682828,-7.210442610197934,35.077795397354116,1.0,1.0,,,1.0,1.0,-0.6792475739222219,-0.81696028611754,2193,24,"[452, 460, 454, 455, 372]","[5, 5, 5, 5, 4]",False,False,False,False,False,0.007071067811865475,0.006945026595773886,24,24,24,0,0.0,{},0.7785390305933437,0.7136624052262995,0.0,False,True,False,False,True,False,0.0,7.968807148682828,-7.210442610197934,7.968807148682828,91.375,1.1643670395808294,0.021663482305640993,False,1.3083103029757035,False,0.032638888888888884,False,False,0.0014374855049525093,0.032638888888888884,False,False,-0.19416089980733417,0.846049897654016,True,False,0.12131828710602605,0.2874946822473304,True,False,-0.6231167928272406,False,False,forward_only_adequate
174,sequential_evalue,martingale_evalue,True,ok,-1.6827392895454842,3.261380550503032,4.087478256118428,-6.937018336394049,32.56370324679486,1.0,1.0,,,1.0,1.0,-0.8772881196875921,-1.0837247435022577,2236,24,"[456, 470, 484, 459, 367]","[5, 5, 5, 5, 4]",False,False,False,False,False,0.007071067811865475,0.007046506818227417,24,24,24,0,0.0,{},0.7817412411890993,0.7026630641479062,0.0,False,True,False,False,True,False,0.0,4.087478256118428,-6.93701833639405,4.087478256118428,93.16666666666667,1.107408742975567,0.025918453332619287,False,1.2464624902825008,False,0.021527777777777812,False,False,0.00894965814466153,0.021527777777777812,False,False,0.9886867575778976,0.3228164238328086,True,False,0.18656678034702287,0.10986357094678682,True,False,0.520849607079205,False,False,forward_only_adequate
175,sequential_evalue,martingale_evalue,True,ok,1.4381456646948596,3.7603728004332413,7.970355773402233,-5.153819256173638,34.56222024026648,1.0,1.0,,,1.0,1.0,-1.0793271294402225,-0.8951193853515775,2244,24,"[483, 463, 467, 459, 372]","[5, 5, 5, 5, 4]",False,False,False,False,False,0.007071067811865475,0.006896599291728226,24,24,24,0,0.0,{},0.7887223857092587,0.7291354813707618,0.0,False,True,False,False,True,False,0.0,7.970355773402233,-5.153819256173638,7.970355773402233,93.5,1.1524243771490323,0.008977558842398868,False,1.2405445292052781,False,0.03888888888888886,False,False,0.007159707149580877,0.03888888888888886,False,False,-2.12637854574997,0.03347175267794439,True,False,0.3055398693236011,0.03374664480243543,True,False,0.3099215629525916,False,False,forward_only_adequate
176,sequential_evalue,martingale_evalue,True,ok,-3.839824449076513,3.1999683637722685,1.963475170178488,-9.157928656132503,32.89356042082804,1.0,1.0,,,1.0,1.0,-0.5766452317726767,-1.1825612507566552,2220,24,"[466, 475, 460, 460, 359]","[5, 5, 5, 5, 4]",False,False,False,False,False,0.007071067811865475,0.006974230977518661,24,24,24,0,0.0,{},0.7830455662079556,0.7107998183729206,0.0,False,True,False,False,True,False,0.0,1.963475170178488,-9.157928656132503,1.963475170178488,92.5,1.103184323036574,0.021483646133427466,False,1.2775133455540342,False,0.026388888888888795,False,False,0.023193495506303185,0.026388888888888795,False,False,1.3247632957673194,0.18524967217634636,True,False,0.14865382061645305,0.11930689437894547,True,False,0.17839141004141248,False,False,forward_only_adequate
177,sequential_evalue,martingale_evalue,True,ok,-0.8396147725527608,3.718856249332522,4.882457890791151,-8.279600166910159,34.6345845210712,1.0,1.0,,,1.0,1.0,-0.8318800713029075,-0.9343648717473416,2225,24,"[455, 459, 471, 471, 369]","[5, 5, 5, 5, 4]",False,False,False,False,False,0.007071067811865475,0.006971742700588286,24,24,24,0,0.0,{},0.7781233369096502,0.7146659906705681,0.0,False,True,False,False,True,False,0.0,4.882457890791151,-8.279600166910159,4.882457890791151,92.70833333333333,1.1624672433966554,0.010483816667946433,False,1.3029748041494558,False,0.02187500000000009,False,False,0.0038739408426083544,0.02187500000000009,False,False,-0.8207914321424886,0.41176507971540266,True,False,0.15578572753011682,0.09232628190365173,True,False,0.017839342491042427,False,False,forward_only_adequate
178,sequential_evalue,martingale_evalue,True,ok,10.214907828239665,3.294382294895175,16.564738028712927,5.148763923705233,34.02820089528479,1.0,0.8726557991525442,,,1.0,0.8726557991525442,-1.5436654266298835,0.13621407448268275,2242,24,"[476, 463, 476, 465, 362]","[5, 5, 5, 5, 4]",False,False,False,False,False,0.007071067811865475,0.007066526131467239,24,24,24,0,0.0,{},0.7881021266790036,0.7144720342912266,0.0,False,True,False,False,True,False,0.0,16.564738028712927,5.148763923705233,16.564738028712927,93.41666666666667,1.162056234427504,0.01518453882744355,False,1.2736382950010736,False,0.018055555555555602,False,False,0.06896660396869125,0.018055555555555602,False,False,-0.19856234866406475,0.8426051084973358,True,False,0.050722138864641046,0.23146448268549266,True,False,1.1926421429578993,False,False,forward_only_adequate
179,sequential_evalue,martingale_evalue,True,ok,1.4062196924667114,3.826143177825635,8.08369457071302,-4.710954398056303,34.45827408291359,1.0,1.0,,,1.0,1.0,-1.000931242639473,-0.9059168813624856,2233,24,"[465, 468, 463, 453, 384]","[5, 5, 5, 5, 4]",False,False,False,False,False,0.007071067811865475,0.007035199518498249,24,24,24,0,0.0,{},0.7747339621821967,0.7164832406769799,0.0,False,True,False,False,True,False,0.0,8.08369457071302,-4.710954398056303,8.08369457071302,93.04166666666667,1.1691727499436344,0.0031783925564688492,False,1.326209344371145,False,0.017013888888888884,False,False,0.006867499815037701,0.017013888888888884,False,False,-0.8800951069122995,0.3788077896374662,True,False,0.30015186004404615,0.0027462505158239157,True,False,-0.6162978001168968,False,False,forward_only_adequate
180,sequential_evalue,martingale_evalue,True,ok,0.6791986331120419,3.2446428584169427,6.533135631451977,-5.207279438599006,33.50904093638777,1.0,1.0,,,1.0,1.0,-1.0719562660396644,-0.9676415028132266,2220,24,"[458, 447, 464, 479, 372]","[5, 5, 5, 5, 4]",False,False,False,False,False,0.007071067811865475,0.007044438109776873,24,24,24,0,0.0,{},0.7859998849913006,0.6790066828703809,0.0,False,True,False,False,True,False,0.0,6.533135631451977,-5.207279438599006,6.533135631451977,92.5,1.1351394748331007,0.009458851908476264,False,1.287017022734119,False,0.043749999999999956,False,False,0.003141049254860977,0.043749999999999956,False,False,0.9879744481345423,0.32316516234235093,True,False,0.12362109794131272,0.22287334328919434,True,False,0.5267624805844348,False,False,forward_only_adequate
181,sequential_evalue,martingale_evalue,True,ok,7.834347998146018,3.000088048453671,12.346507828135941,2.1308291015378185,34.22682988600707,1.0,1.0,,,1.0,1.0,-1.356820565999418,-0.02503689146878152,2219,24,"[462, 456, 461, 467, 373]","[5, 5, 5, 5, 4]",False,False,False,False,False,0.007071067811865475,0.006842579770220202,24,24,24,0,0.0,{},0.7721625135566288,0.6999512305302797,0.0,False,True,False,False,True,False,0.0,12.346507828135941,2.1308291015378185,12.346507828135941,92.45833333333333,1.1259771571258324,0.001306354942817136,False,1.2326637850461069,False,0.029861111111111116,False,False,0.052272525662257555,0.029861111111111116,False,False,-0.4897957754264249,0.6242784204257776,True,False,0.0670596103926974,0.3986723712475665,True,False,1.42033273363792,False,False,forward_only_adequate
182,sequential_evalue,martingale_evalue,True,ok,4.262075154523379,3.7489369522431937,10.024981071396507,-2.4716509566394835,35.15356623484493,1.0,1.0,,,1.0,1.0,-0.9506921755313935,-0.16208611108352677,2237,24,"[468, 456, 480, 464, 369]","[5, 5, 5, 5, 4]",False,False,False,False,False,0.007071067811865475,0.007024352361790094,24,24,24,0,0.0,{},0.7781590388675595,0.7147323203717206,0.0,False,True,False,False,True,False,0.0,10.024981071396507,-2.4716509566394835,10.024981071396507,93.20833333333333,1.1919912132989972,0.0175370618677658,False,1.280372710455177,False,0.016319444444444442,False,False,0.023930543474611925,0.016319444444444442,False,False,0.5165337518156085,0.6054816719266871,True,False,0.14731675253823465,0.3079365342895695,True,False,1.6205516381812979,False,False,forward_only_adequate
183,sequential_evalue,martingale_evalue,True,ok,3.0533780901539402,3.0832467656614373,8.34015377680499,-1.984074994273365,33.28523746345579,1.0,1.0,,,1.0,1.0,-1.0170087470288618,-0.5613470069052258,2174,24,"[458, 451, 437, 459, 369]","[5, 5, 5, 5, 4]",False,False,False,False,False,0.007071067811865475,0.006998433522272657,24,24,24,0,0.0,{},0.7638491455003298,0.7029814201067164,0.0,False,True,False,False,True,False,0.0,8.34015377680499,-1.9840749942733649,8.34015377680499,90.58333333333333,1.108527967592352,0.02960096126650624,False,1.2758759922583667,False,0.015625,False,False,0.01768615380695309,0.015625,False,False,0.4455744687896004,0.6559046563707169,True,False,0.13332014114991297,0.1899647428900346,True,False,0.05292309186685632,False,False,forward_only_adequate
184,sequential_evalue,martingale_evalue,True,ok,-0.6950465659060289,4.2048937409699105,6.378024595531442,-8.435449028381903,33.99103774672529,1.0,1.0,,,1.0,1.0,-0.6882906302563819,-0.6087396733747453,2251,24,"[482, 447, 479, 463, 380]","[5, 5, 5, 5, 4]",False,False,False,False,False,0.007071067811865475,0.006879023007258538,24,24,24,0,0.0,{},0.8016649831485684,0.6896634984626734,0.0,False,True,False,False,True,False,0.0,6.378024595531442,-8.435449028381903,6.378024595531442,93.79166666666667,1.1322525742525311,0.01112176035771621,False,1.2553483674975177,False,0.019444444444444375,False,False,0.0032318106045787645,0.019444444444444375,False,False,-1.4957004141033996,0.1347317423570059,True,False,0.2343825260075766,0.08224487182070522,True,False,-1.0165481933399134,False,False,forward_only_adequate
185,sequential_evalue,martingale_evalue,True,ok,-1.9967728141453618,2.9314992241949125,2.8148865776855105,-7.145354459200306,33.501707959148455,1.0,1.0,,,1.0,1.0,-0.7168661308288857,-1.0408200997652461,2256,24,"[460, 468, 475, 464, 389]","[5, 5, 5, 5, 4]",False,False,False,False,False,0.007071067811865475,0.006992646021347598,24,24,24,0,0.0,{},0.7878287269081413,0.7287454749584265,0.0,False,True,False,False,True,False,0.0,2.814886577685511,-7.145354459200306,2.814886577685511,94.0,1.1356445570547669,0.007885583810855945,False,1.2888907014700703,False,0.027083333333333348,False,False,0.01056682094316856,0.027083333333333348,False,False,-0.5903738538484481,0.5549400356638465,True,False,0.18305059933953857,0.1286744619319648,True,False,0.3313837165724723,False,False,forward_only_adequate
186,sequential_evalue,martingale_evalue,True,ok,-9.160218072865396,4.2300421162108375,-2.6484455530530893,-17.042884439249228,33.16219949666901,0.16129821846891415,1.0,,,0.16129821846891415,1.0,1.824500338742011,-1.4050682122795461,2224,24,"[442, 469, 468, 467, 378]","[5, 5, 5, 5, 4]",False,False,False,False,False,0.007071067811865475,0.006980955323536978,24,24,24,0,0.0,{},0.7688444809561996,0.7309983905496511,0.0,False,True,False,False,True,False,0.0,-2.6484455530530893,-17.042884439249228,-2.6484455530530893,92.66666666666667,1.1142687766661712,0.007717382253584062,False,1.2589049955473854,False,0.023263888888888862,False,False,0.06369529009239587,0.023263888888888862,False,False,-1.6990432703336042,0.08931103100018549,True,False,0.249094414597938,0.02586114410127505,True,False,-1.4848036726569063,False,False,forward_only_adequate
187,sequential_evalue,martingale_evalue,True,ok,5.34271547564374,3.110055276453589,10.759322959423551,0.15298948732746176,32.8963596763232,1.0,1.0,,,1.0,1.0,-1.3192096106943585,-0.5189727514196143,2192,24,"[462, 441, 457, 468, 364]","[5, 5, 5, 5, 4]",False,False,False,False,False,0.007071067811865475,0.006946947966154879,24,24,24,0,0.0,{},0.773767145104798,0.6558124710728573,0.0,False,True,False,False,True,False,0.0,10.759322959423551,0.15298948732746176,10.759322959423551,91.33333333333333,1.0920098248488304,0.02039705452791534,False,1.2404662991674342,False,0.026388888888888906,False,False,0.03451884623001796,0.026388888888888906,False,False,1.1496337583040213,0.25029474793829876,True,False,0.08641109459735498,0.41553516958431563,True,False,1.0258539725408629,False,False,forward_only_adequate
188,sequential_evalue,martingale_evalue,True,ok,-9.066935877135167,3.2694699012521125,-3.263794967460316,-14.461692904711125,32.716788446473714,1.0,1.0,,,1.0,1.0,-0.009436340619215278,-1.5252532902750362,2245,24,"[476, 458, 475, 461, 375]","[5, 5, 5, 5, 4]",False,False,False,False,False,0.007071067811865475,0.007045991828667641,24,24,24,0,0.0,{},0.7825552013878884,0.7278664875558156,0.0,False,True,False,False,True,False,0.0,-3.2637949674603157,-14.461692904711123,-3.2637949674603157,93.54166666666667,1.1147702165716384,0.024418872391709093,False,1.3250445535745496,False,0.018402777777777768,False,False,0.06289291775883622,0.018402777777777768,False,False,-2.6462110538576096,0.008139901273220725,True,False,0.19345835599114056,0.02895508690073587,True,False,-2.181061739951633,False,False,forward_only_adequate
189,sequential_evalue,martingale_evalue,True,ok,0.8671589417834621,3.3443107700480907,6.660125998492388,-4.7488197381637525,33.71288057994024,1.0,1.0,,,1.0,1.0,-0.6000701667052468,-0.5346029808216983,2252,24,"[469, 473, 475, 454, 381]","[5, 5, 5, 5, 4]",False,False,False,False,False,0.007071067811865475,0.006965923163298283,24,24,24,0,0.0,{},0.7951626519157697,0.7261745430109263,0.0,False,True,False,False,True,False,0.0,6.660125998492387,-4.7488197381637525,6.660125998492387,93.83333333333333,1.1374259137329772,0.017987047231250514,False,1.2788676216790063,False,0.018749999999999933,False,False,0.004115042499701125,0.018749999999999933,False,False,1.8680249044961343,0.061758599654442144,True,False,0.25901038923171493,0.007283274435930899,True,False,-0.2523465728900991,False,False,forward_only_adequate
190,sequential_evalue,martingale_evalue,True,ok,-2.2456588707161633,4.059713025704019,4.100108822039621,-9.743819152307385,32.85505342569494,0.47021660755258987,1.0,,,0.47021660755258987,1.0,0.7545618233115021,-1.0176196692510813,2213,24,"[457, 451, 469, 467, 369]","[5, 5, 5, 5, 4]",False,False,False,False,False,0.007071067811865475,0.006965062828331742,24,24,24,0,0.0,{},0.7875315403020664,0.6921534962384629,0.0,False,True,False,False,True,False,0.0,4.100108822039621,-9.743819152307385,4.100108822039621,92.20833333333333,1.0987080499941908,0.020514487628339587,False,1.2434156815858166,False,0.02604166666666674,False,False,0.012550194292592038,0.02604166666666674,False,False,0.8125557370781703,0.41647281799829383,True,False,0.10446622480098096,0.27795318752505915,True,False,0.5866448583233799,False,False,forward_only_adequate
191,sequential_evalue,martingale_evalue,True,ok,4.470107176665346,3.5437687079794817,11.202692605880824,-0.9297348639178127,33.91895286933619,1.0,1.0,,,1.0,1.0,-1.2741524485897024,-0.5642944507318843,2202,24,"[439, 461, 480, 463, 359]","[5, 5, 5, 5, 4]",False,False,False,False,False,0.007071067811865475,0.006937619520884282,24,24,24,0,0.0,{},0.776736867523605,0.666474669441107,0.0,False,True,False,False,True,False,0.0,11.202692605880822,-0.9297348639178127,11.202692605880822,91.75,1.1270052922659564,0.02389410772553711,False,1.254460360355969,False,0.022916666666666696,False,False,0.0270037093723549,0.022916666666666696,False,False,-0.5188505221188238,0.6038649832762135,True,False,0.1389432560033429,0.15795981883365723,True,False,1.02230476631491,False,False,forward_only_adequate
192,sequential_evalue,martingale_evalue,True,ok,-2.3138866307713104,4.753146125259886,5.9515739640777365,-10.173777400252076,33.92983259262359,1.0,1.0,,,1.0,1.0,-0.274937010053097,-0.7179869431301927,2212,24,"[451, 466, 468, 456, 371]","[5, 5, 5, 5, 4]",False,False,False,False,False,0.007071067811865475,0.006957343316090086,24,24,24,0,0.0,{},0.7802601121685353,0.6931314408916809,0.0,False,True,False,False,True,False,0.0,5.951573964077736,-10.173777400252076,5.951573964077736,92.16666666666667,1.1331361533779942,0.014213135264718233,False,1.2995413848945465,False,0.027430555555555514,False,False,0.01253691600303407,0.027430555555555514,False,False,-0.1676979226286137,0.8668209305486767,True,False,0.21284565795694468,0.01705735120470873,True,False,-0.3345403132542088,False,False,forward_only_adequate
193,sequential_evalue,martingale_evalue,True,ok,0.21688900386149287,3.9360064937326347,7.91254159101979,-6.188569126531677,34.27168710772844,1.0,1.0,,,1.0,1.0,-0.9726662768915952,-0.9328630008165144,2191,24,"[461, 448, 460, 471, 351]","[5, 5, 5, 5, 4]",False,False,False,False,False,0.007071067811865475,0.007009393165795452,24,24,24,0,0.0,{},0.7763171685907098,0.6892672871675728,0.0,False,True,False,False,True,False,0.0,7.91254159101979,-6.188569126531678,7.91254159101979,91.29166666666667,1.1476289025202746,0.0062957891092859175,False,1.3318875714013743,False,0.014236111111111116,False,False,0.0008837218038022376,0.014236111111111116,False,False,-1.143217637509183,0.2529482410929833,True,False,0.11578887750887581,0.47140901484097447,True,False,-1.9734028343457548,False,False,forward_only_adequate
194,sequential_evalue,martingale_evalue,True,ok,-6.521738972618182,4.506676607310581,1.1229461520796313,-15.544158529164509,34.50133426918067,1.0,1.0,,,1.0,1.0,-0.1750620516288791,-1.3204890265343456,2230,24,"[473, 456, 451, 477, 373]","[5, 5, 5, 5, 4]",False,False,False,False,False,0.007071067811865475,0.0069512001668064725,24,24,24,0,0.0,{},0.7895893238075142,0.7088812905687291,0.0,False,True,False,False,True,False,0.0,1.1229461520796313,-15.54415852916451,1.1229461520796313,92.91666666666667,1.1558793378839016,0.002012371881409343,False,1.3000406045421478,False,0.013194444444444509,False,False,0.040816197341789415,0.013194444444444509,False,False,0.518533367657475,0.6040861854047821,True,False,0.15621424129727243,0.28594324579249797,True,False,0.03875499414367134,False,False,forward_only_adequate
195,sequential_evalue,martingale_evalue,True,ok,-1.8879835688332935,4.515942638600296,6.317355269218565,-9.53506438234898,33.73536328690333,1.0,1.0,,,1.0,1.0,-0.6658987039720361,-0.8598004975308764,2232,24,"[464, 479, 468, 449, 372]","[5, 5, 5, 5, 4]",False,False,False,False,False,0.007071067811865475,0.006978698422374536,24,24,24,0,0.0,{},0.7895458005017444,0.6824308147108866,0.0,False,True,False,False,True,False,0.0,6.317355269218564,-9.53506438234898,6.317355269218564,93.0,1.1351971733348107,0.01499470782303618,False,1.3394733293834136,False,0.03298611111111105,False,False,0.009917744315859222,0.03298611111111105,False,False,0.5100320360526432,0.6100290180402645,True,False,0.19262198416524298,0.21455592028322526,True,False,-0.555999793523883,False,False,forward_only_adequate
196,sequential_evalue,martingale_evalue,True,ok,0.4478643780939528,3.449972842616429,7.39343673335597,-4.955916122680411,34.003297467298914,1.0,1.0,,,1.0,1.0,-0.9171755567535262,-0.8431719537355906,2204,24,"[444, 456, 465, 470, 369]","[5, 5, 5, 5, 4]",False,False,False,False,False,0.007071067811865475,0.006883585140586941,24,24,24,0,0.0,{},0.7597315627152629,0.7100404130051017,0.0,False,True,False,False,True,False,0.0,7.39343673335597,-4.955916122680411,7.39343673335597,91.83333333333333,1.121517105164827,0.0300714331708333,False,1.2069567497446625,False,0.021180555555555536,False,False,0.0020071466088636813,0.021180555555555536,False,False,0.009589743634242517,0.9923486088867403,True,False,0.16106159352128574,0.13330731977391727,True,False,-0.05095968664617384,False,False,forward_only_adequate
197,sequential_evalue,martingale_evalue,True,ok,6.033499260481549,4.22800936019023,14.161214637125799,-0.23144904454387127,34.01250259066035,1.0,1.0,,,1.0,1.0,-1.2137439334441098,-0.07676964662709151,2178,24,"[461, 454, 450, 449, 364]","[5, 5, 5, 5, 4]",False,False,False,False,False,0.007071067811865475,0.006935083377335952,24,24,24,0,0.0,{},0.7656196609432822,0.7008837899705342,0.0,False,True,False,False,True,False,0.0,14.1612146371258,-0.23144904454387127,14.1612146371258,90.75,1.1235272126749158,0.008476964776125483,False,1.3122180985492522,False,0.03368055555555549,False,False,0.038509880171083664,0.03368055555555549,False,False,-0.07015672672757751,0.9440689164846402,True,False,0.10881838450215682,0.36831822411726756,True,False,0.693301281426061,False,False,forward_only_adequate
198,sequential_evalue,martingale_evalue,True,ok,-10.741380167716768,3.5739918815138343,-5.099974657505838,-17.278531417030422,33.83811413825061,0.6051136945717023,1.0,,,0.6051136945717023,1.0,0.5023389136950653,-1.5391169247154044,2251,24,"[469, 477, 465, 465, 375]","[5, 5, 5, 5, 4]",False,False,False,False,False,0.007071067811865475,0.0069928896987436345,24,24,24,0,0.0,{},0.791166449030394,0.7449060961371,0.0,False,True,False,False,True,False,0.0,-5.099974657505838,-17.278531417030422,-5.099974657505838,93.79166666666667,1.14581620477085,8.340173538295264e-05,False,1.2984812617333144,False,0.027083333333333348,False,False,0.07444332804835561,0.027083333333333348,False,False,-0.25089752902862617,0.8018933348738851,True,False,0.08823654455541251,0.2563816284364552,True,False,-1.3988565018261951,False,False,forward_only_adequate
199,sequential_evalue,martingale_evalue,True,ok,-0.5064648963119119,3.133802959304713,4.967623458052543,-6.030665541003738,35.0810262908247,1.0,1.0,,,1.0,1.0,-0.8821255264211112,-0.966355175267134,2215,24,"[452, 469, 461, 458, 375]","[5, 5, 5, 5, 4]",False,False,False,False,False,0.007071067811865475,0.006997135927763679,24,24,24,0,0.0,{},0.7729034541391087,0.7355815930074175,0.0,False,True,False,False,True,False,0.0,4.967623458052543,-6.030665541003738,4.967623458052543,92.29166666666667,1.179081565949169,0.001396029100913188,False,1.267914815825696,False,0.028472222222222232,False,False,0.002175407229274742,0.028472222222222232,False,False,0.4246729649264883,0.6710750945554655,True,False,0.1425497342855871,0.3156107930243505,True,False,-1.1646092844038154,False,False,forward_only_adequate
200,sequential_evalue,martingale_evalue,True,ok,-0.8134378021068543,3.303698927948505,4.714633742075233,-6.453782902928393,34.971006737748624,1.0,1.0,,,1.0,1.0,-0.9895464222409915,-1.044959310623212,2214,24,"[449, 466, 459, 453, 387]","[5, 5, 5, 5, 4]",False,False,False,False,False,0.007071067811865475,0.0070017496093541225,24,24,24,0,0.0,{},0.7711937314990025,0.7059656638809794,0.0,False,True,False,False,True,False,0.0,4.714633742075233,-6.453782902928393,4.714633742075233,92.25,1.1758932637132173,0.005003610792268117,False,1.3369508835423116,False,0.006249999999999978,False,False,0.0036918172606023726,0.006249999999999978,False,False,0.8389996390556747,0.4014695121508365,True,False,0.22516821051057057,0.09255654188564151,True,False,1.1417154000086494,False,False,forward_only_adequate
201,sequential_evalue,martingale_evalue,True,ok,-2.7195826528896387,2.9262135614773834,2.4342526506436104,-7.6719932329187035,33.46791298382837,1.0,1.0,,,1.0,1.0,-0.7561579171302311,-1.118911265849709,2214,24,"[479, 451, 463, 470, 351]","[5, 5, 5, 5, 4]",False,False,False,False,False,0.007071067811865475,0.007010951059453638,24,24,24,0,0.0,{},0.7769642783699251,0.691989797721196,0.0,False,True,False,False,True,False,0.0,2.4342526506436104,-7.671993232918704,2.4342526506436104,92.25,1.126830927715485,0.010265553668091627,False,1.2024974117903344,False,0.03194444444444444,False,False,0.01518772322095978,0.03194444444444444,False,False,-0.05438105208724652,0.9566315747576292,True,False,0.1999098375548434,0.0096529780389006,True,False,-0.38187629551846664,False,False,forward_only_adequate
202,sequential_evalue,martingale_evalue,True,ok,1.8811810546282153,3.033784509398957,7.242776552329056,-3.0177730893383927,33.018718500203136,1.0,1.0,,,1.0,1.0,-1.1311865843154942,-0.8438488710003389,2220,24,"[456, 467, 458, 475, 364]","[5, 5, 5, 5, 4]",False,False,False,False,False,0.007071067811865475,0.007036792582629829,24,24,24,0,0.0,{},0.77213696274941,0.6901991468960528,0.0,False,True,False,False,True,False,0.0,7.242776552329057,-3.0177730893383927,7.242776552329057,92.5,1.117315527643458,0.022526178785664402,False,1.2908746821220571,False,0.03194444444444444,False,False,0.01005728907530047,0.03194444444444444,False,False,2.4255697772914813,0.015284377223527844,True,False,0.23416450219646678,0.048924050232114484,True,False,0.5791160262212798,False,False,forward_only_adequate
203,sequential_evalue,martingale_evalue,True,ok,7.565425258113827,3.2139298285350835,13.075462875965032,1.7200849436445091,33.42073866409147,1.0,1.0,,,1.0,1.0,-1.39950240528348,-0.31176494817234524,2252,24,"[477, 468, 461, 474, 372]","[5, 5, 5, 5, 4]",False,False,False,False,False,0.007071067811865475,0.006988163904233359,24,24,24,0,0.0,{},0.7838530222003313,0.7214145451007901,0.0,False,True,False,False,True,False,0.0,13.075462875965032,1.7200849436445091,13.075462875965032,93.83333333333333,1.1311695442401013,0.035288896088310796,False,1.2989718744694594,False,0.018402777777777768,False,False,0.04988515761105342,0.018402777777777768,False,False,-0.16519266571973407,0.8687923378676601,True,False,0.251973480699443,0.09692976344709887,True,False,2.3224321124246097,False,False,forward_only_adequate
204,sequential_evalue,martingale_evalue,True,ok,0.7030930491777948,3.992992945415186,7.741225637948549,-5.884591389262391,35.14673032571923,1.0,1.0,,,1.0,1.0,-0.8888389009216602,-0.8006362852288188,2196,24,"[457, 464, 468, 448, 359]","[5, 5, 5, 5, 4]",False,False,False,False,False,0.007071067811865475,0.0070277257983555426,24,24,24,0,0.0,{},0.783312505244224,0.6794677572795416,0.0,False,True,False,False,True,False,0.0,7.741225637948549,-5.884591389262391,7.741225637948549,91.5,1.1813546327422209,0.01700213971807061,False,1.3204271552408111,False,0.00694444444444442,False,False,0.0031224875333699044,0.00694444444444442,False,False,1.538571903385505,0.12390884217102063,True,False,0.19220251780464756,0.18574987822409414,True,False,0.887241601035831,False,False,forward_only_adequate
205,sequential_evalue,martingale_evalue,True,ok,0.32350070406701725,3.6422599961979087,6.275125576989076,-6.209857762000517,34.43581034122427,1.0,1.0,,,1.0,1.0,-0.6229093888954697,-0.619429062190743,2234,24,"[464, 470, 449, 471, 380]","[5, 5, 5, 5, 4]",False,False,False,False,False,0.007071067811865475,0.0070129145657334335,24,24,24,0,0.0,{},0.7817187579387674,0.7220718870351831,0.0,False,True,False,False,True,False,0.0,6.275125576989076,-6.209857762000517,6.275125576989076,93.08333333333333,1.1649702189010511,0.016160601629145847,False,1.2386555492473559,False,0.020486111111111094,False,False,0.001345966680419004,0.020486111111111094,False,False,-1.5017590900805424,0.1331593371767306,True,False,0.15690970049374803,0.11627529110746357,True,False,-0.82365320143087,False,False,forward_only_adequate
206,sequential_evalue,martingale_evalue,True,ok,0.35412573367865186,3.790765215187079,6.262664548597773,-6.625366814563775,32.74119908222101,1.0,1.0,,,1.0,1.0,-0.9564552815993916,-0.8691972214943173,2236,24,"[462, 473, 458, 471, 372]","[5, 5, 5, 5, 4]",False,False,False,False,False,0.007071067811865475,0.007098880804385299,24,24,24,0,0.0,{},0.7806451533492557,0.710561576481892,0.0,False,True,False,False,True,False,0.0,6.262664548597773,-6.625366814563775,6.262664548597773,93.16666666666667,1.1217207346389324,0.0013114549017513217,False,1.245475892084937,False,0.017013888888888884,False,False,0.001549498872939954,0.017013888888888884,False,False,-0.8405878634511639,0.4005788601472071,True,False,0.1969534087964501,0.07530483974979855,True,False,0.5469798274468582,False,False,forward_only_adequate
207,sequential_evalue,martingale_evalue,True,ok,-0.8495284825413417,3.670716331450872,5.561030341458869,-6.813435409668431,33.604588535741534,1.0,1.0,,,1.0,1.0,-0.9072604808255305,-0.9209086466391104,2200,24,"[464, 463, 461, 455, 357]","[5, 5, 5, 5, 4]",False,False,False,False,False,0.007071067811865475,0.006960249386643186,24,24,24,0,0.0,{},0.7676812075831541,0.6825255266275063,0.0,False,True,False,False,True,False,0.0,5.56103034145887,-6.813435409668432,5.56103034145887,91.66666666666667,1.1196933702767375,0.00688956678384565,False,1.2736477837418305,False,0.00868055555555558,False,False,0.004092900211018238,0.00868055555555558,False,False,-0.030354114045633013,0.9757846396633598,True,False,0.1384751816186129,0.23301820960923758,True,False,0.06978053741668903,False,False,forward_only_adequate
208,sequential_evalue,martingale_evalue,True,ok,3.8903641155026976,4.291130413280804,11.146237387739859,-4.083744096085741,32.955134258198576,1.0,1.0,,,1.0,1.0,-1.1201242024240359,-0.14770314682676322,2226,24,"[476, 453, 463, 467, 367]","[5, 5, 5, 5, 4]",False,False,False,False,False,0.007071067811865475,0.00699912511920296,24,24,24,0,0.0,{},0.7736663890396995,0.6767221281336111,0.0,False,True,False,False,True,False,0.0,11.146237387739859,-4.083744096085741,11.146237387739859,92.75,1.1106924147958273,0.008307166226819158,False,1.2855966490292974,False,0.019444444444444486,False,False,0.023363786830649668,0.019444444444444486,False,False,-0.34310068039212027,0.7315227192826027,True,False,0.14084725168817677,0.3109660780171958,True,False,0.40858610827917746,False,False,forward_only_adequate
209,sequential_evalue,martingale_evalue,True,ok,-1.2767367826568756,3.313770990902775,3.8429134307643418,-7.644506925510568,32.66869038042395,1.0,1.0,,,1.0,1.0,-0.8588523328519155,-1.0456002759508503,2223,24,"[472, 469, 467, 448, 367]","[5, 5, 5, 5, 4]",False,False,False,False,False,0.007071067811865475,0.006994986124350902,24,24,24,0,0.0,{},0.7779764105234312,0.7152551831402462,0.0,False,True,False,False,True,False,0.0,3.842913430764342,-7.644506925510568,3.842913430764342,92.625,1.099645489111045,0.014023908821088234,False,1.321476380671603,False,0.027083333333333237,False,False,0.00659928865522329,0.027083333333333237,False,False,-0.10638020181588213,0.9152807005963164,True,False,0.0860944455215327,0.2616927302132952,True,False,-0.10694249538702234,False,False,forward_only_adequate
210,sequential_evalue,martingale_evalue,True,ok,0.19002600316527415,3.9732184344586687,6.398098978633791,-6.589947677948318,35.657807910949266,1.0,1.0,,,1.0,1.0,-0.9960272506745504,-0.9245753576482676,2205,24,"[476, 448, 461, 468, 352]","[5, 5, 5, 5, 4]",False,False,False,False,False,0.007071067811865475,0.006938184806888397,24,24,24,0,0.0,{},0.7611420838442293,0.7223435494013476,0.0,False,True,False,False,True,False,0.0,6.398098978633791,-6.589947677948319,6.398098978633791,91.875,1.1856846161889982,0.009045430560589953,False,1.2366928375809743,False,0.011458333333333348,False,False,0.0007385142488378516,0.011458333333333348,False,False,0.3719204031485563,0.7099521135840315,True,False,0.11763260678337122,0.04613987274444674,True,False,-0.9986103361288668,False,False,forward_only_adequate
211,sequential_evalue,martingale_evalue,True,ok,2.8266219229337803,4.028784438760577,10.988830113223614,-3.7819209686891773,34.21511018799164,1.0,1.0,,,1.0,1.0,-1.078426506667481,-0.5741466174803217,2218,24,"[474, 452, 447, 457, 388]","[5, 5, 5, 5, 4]",False,False,False,False,False,0.007071067811865475,0.006938422461905128,24,24,24,0,0.0,{},0.781325100953197,0.6725428925797559,0.0,False,True,False,False,True,False,0.0,10.988830113223614,-3.781920968689177,10.988830113223614,92.41666666666667,1.1411003450156074,0.0019738542373334963,False,1.3103382348327803,False,0.02673611111111107,False,False,0.0156493613583154,0.02673611111111107,False,False,-0.19176150529736613,0.8479290256204195,True,False,0.06529545921005726,0.3883912641289842,True,False,-0.26581704623456137,False,False,forward_only_adequate
212,sequential_evalue,martingale_evalue,True,ok,-2.766565172582536,3.5611079212087255,3.5370411659959005,-8.233537268152778,34.100275299582876,1.0,1.0,,,1.0,1.0,-0.7867809891541706,-1.1725119535597828,2218,24,"[454, 460, 459, 460, 385]","[5, 5, 5, 5, 4]",False,False,False,False,False,0.007071067811865475,0.006949643450049742,24,24,24,0,0.0,{},0.7815556141150573,0.705745304636947,0.0,False,True,False,False,True,False,0.0,3.5370411659959005,-8.233537268152778,3.5370411659959005,92.41666666666667,1.1391097347712744,0.012714698794491483,False,1.2828940568414449,False,0.013194444444444509,False,False,0.015298028882850265,0.013194444444444509,False,False,-0.10804595304545866,0.913959240284813,True,False,0.2301142524155858,0.15447204775418155,True,False,-0.16958365527921407,False,False,forward_only_adequate
213,sequential_evalue,martingale_evalue,True,ok,-3.4361428720097087,4.173897963747169,3.631414892613672,-10.588713123837602,33.79049628023247,1.0,1.0,,,1.0,1.0,-0.5353545778921629,-0.8696403739195676,2211,24,"[449, 462, 474, 463, 363]","[5, 5, 5, 5, 4]",False,False,False,False,False,0.007071067811865475,0.006857608065615306,24,24,24,0,0.0,{},0.7716846754042629,0.704075134588655,0.0,False,True,False,False,True,False,0.0,3.631414892613672,-10.588713123837602,3.631414892613672,92.125,1.1120542782099427,0.00111734710347955,False,1.2906000616106492,False,0.028472222222222232,False,False,0.020200199012791967,0.028472222222222232,False,False,-0.7617749234732397,0.4461943493938133,True,False,0.16761123304554013,0.15811344318523815,True,False,-0.32122491354418836,False,False,forward_only_adequate
214,sequential_evalue,martingale_evalue,True,ok,-0.5450480328894219,3.8742370512703443,7.215287371447635,-6.484799621320376,33.61160396976549,1.0,1.0,,,1.0,1.0,-0.7011876771886438,-0.7457483452360582,2222,24,"[464, 474, 455, 467, 362]","[5, 5, 5, 5, 4]",False,False,False,False,False,0.007071067811865475,0.006985319529180781,24,24,24,0,0.0,{},0.7841676079060717,0.7276654692809268,0.0,False,True,False,False,True,False,0.0,7.215287371447634,-6.484799621320376,7.215287371447634,92.58333333333333,1.129566816150189,0.04608040897464941,False,1.3000739844501379,False,0.03923611111111114,False,False,0.002474084792584428,0.03923611111111114,False,False,1.5715482757592978,0.11605535015008325,True,False,0.18420134776662442,0.12879381015038238,True,False,1.8642836189080454,False,False,forward_only_adequate
215,sequential_evalue,martingale_evalue,True,ok,-4.015200835432765,1.6476620526254224,-1.3255638283534203,-6.676084452998417,33.5163453163019,1.0,1.0,,,1.0,1.0,-0.707016705497894,-1.2538985572351078,2216,24,"[465, 472, 444, 465, 370]","[5, 5, 5, 5, 4]",False,False,False,False,False,0.007071067811865475,0.0069975584978335375,24,24,24,0,0.0,{},0.7861386776946215,0.6790585534893998,0.0,False,True,False,False,True,False,0.0,-1.3255638283534203,-6.676084452998417,-1.3255638283534203,92.33333333333333,1.1268145742555047,0.0009200787042905871,False,1.3064348770836434,False,0.03229166666666672,False,False,0.023835032235060668,0.03229166666666672,False,False,0.14332522719328405,0.8860333330902441,True,False,0.1658317519503415,0.1418085492626688,True,False,-0.35666148896605504,False,False,forward_only_adequate
216,sequential_evalue,martingale_evalue,True,ok,-5.193251298809053,3.2470297858087602,0.3446677864170047,-10.963376798367545,33.470097478075566,1.0,1.0,,,1.0,1.0,-0.18268393076515643,-1.2715528587722176,2232,24,"[474, 459, 476, 463, 360]","[5, 5, 5, 5, 4]",False,False,False,False,False,0.007071067811865475,0.006968666427258934,24,24,24,0,0.0,{},0.7852224502042624,0.7293182761761318,0.0,False,True,False,False,True,False,0.0,0.3446677864170047,-10.963376798367543,0.3446677864170047,93.0,1.124651928329143,0.006262974001604673,False,1.2255995570072045,False,0.010763888888888795,False,False,0.032256210469941926,0.010763888888888795,False,False,-0.6058849830232746,0.5445911320198448,True,False,0.22232585565593924,0.02768286171681379,True,False,-1.404857416565172,False,False,forward_only_adequate
217,sequential_evalue,martingale_evalue,True,ok,-0.8681498777063638,3.8507043587765635,5.581721083103628,-7.049161543141996,32.2207535332014,1.0,1.0,,,1.0,1.0,-0.4726410436970636,-0.5458428278675004,2217,24,"[457, 485, 448, 460, 367]","[5, 5, 5, 5, 4]",False,False,False,False,False,0.007071067811865475,0.007043850527897535,24,24,24,0,0.0,{},0.7767143938826142,0.698748473062102,0.0,False,True,False,False,True,False,0.0,5.581721083103628,-7.049161543141996,5.581721083103628,92.375,1.0906692136532135,0.02347116788327625,False,1.333106471733029,False,0.026388888888888795,False,False,0.004318292583334018,0.026388888888888795,False,False,1.5528708560708033,0.12045399063209586,True,False,0.1886581180122754,0.10996367684317669,True,False,1.4611944787474036,False,False,forward_only_adequate
218,sequential_evalue,martingale_evalue,True,ok,-3.834893350953095,3.5840462724033713,2.661393366145072,-9.705436297750133,34.65428464726898,1.0,1.0,,,1.0,1.0,-0.4038393583999176,-0.9957423040004614,2198,24,"[440, 452, 478, 484, 344]","[5, 5, 5, 5, 4]",False,False,False,False,False,0.007071067811865475,0.006958339400741344,24,24,24,0,0.0,{},0.7734786463452943,0.6265160965440412,0.0,False,True,False,False,True,False,0.0,2.661393366145072,-9.705436297750133,2.661393366145072,91.58333333333333,1.1538272034533967,0.023251680643500427,False,1.3224060290291504,False,0.02013888888888893,False,False,0.021982467186919766,0.02013888888888893,False,False,0.13244166026761686,0.8946349647556667,True,False,0.1321983893483658,0.2619517848361453,True,False,0.9856860229070308,False,False,forward_only_adequate
219,sequential_evalue,martingale_evalue,True,ok,2.549783718976132,3.7269909304273185,8.343429474019201,-3.899588071544328,32.784642700479765,1.0,1.0,,,1.0,1.0,-1.027157810074928,-0.7089131125030743,2189,24,"[462, 448, 452, 474, 353]","[5, 5, 5, 5, 4]",False,False,False,False,False,0.007071067811865475,0.007006568694423632,24,24,24,0,0.0,{},0.7630556655650359,0.6992571441943495,0.0,False,True,False,False,True,False,0.0,8.343429474019201,-3.899588071544328,8.343429474019201,91.20833333333333,1.096890066485118,0.005148296503132799,False,1.2995945417857124,False,0.018402777777777768,False,False,0.014546157801351902,0.018402777777777768,False,False,0.03791875955817368,0.9697524558401714,True,False,0.0762377130536495,0.28310981244682043,True,False,0.03257772341894994,False,False,forward_only_adequate
220,sequential_evalue,martingale_evalue,True,ok,5.734150695293297,4.51601690312608,12.872744514773789,-2.9185292174945383,34.066875724693524,1.0,1.0,,,1.0,1.0,-1.3244407788922548,-0.509125296164004,2221,24,"[468, 466, 467, 462, 358]","[5, 5, 5, 5, 4]",False,False,False,False,False,0.007071067811865475,0.006998944011948405,24,24,24,0,0.0,{},0.7813185961860595,0.7152508635785141,0.0,False,True,False,False,True,False,0.0,12.87274451477379,-2.9185292174945388,12.87274451477379,92.54166666666667,1.14684173310833,0.004321668508582069,False,1.281465259780084,False,0.02777777777777779,False,False,0.03540979151835071,0.02777777777777779,False,False,-0.13454961876527863,0.8929679776559882,True,False,0.127239770281564,0.17534885167107195,True,False,0.5208422187407743,False,False,forward_only_adequate
221,sequential_evalue,martingale_evalue,True,ok,0.3068720129189095,2.603905297357744,5.131436929313941,-4.466049999701967,33.44040114471655,1.0,1.0,,,1.0,1.0,-0.9614072784985499,-0.9033074192900141,2211,24,"[472, 462, 463, 447, 367]","[5, 5, 5, 5, 4]",False,False,False,False,False,0.007071067811865475,0.007046411418990117,24,24,24,0,0.0,{},0.7718297213908611,0.6964995831441733,0.0,False,True,False,False,True,False,0.0,5.131436929313941,-4.466049999701967,5.131436929313941,92.125,1.1308323657929282,0.010988845612936062,False,1.3026162055960968,False,0.025347222222222188,False,False,0.0013124086066438423,0.025347222222222188,False,False,0.27812538257303676,0.7809161116508473,True,False,0.17162863357044472,0.14379532687938132,True,False,-0.24206461670856508,False,False,forward_only_adequate
222,sequential_evalue,martingale_evalue,True,ok,3.8179827808895817,3.9747139478839077,10.718736377286971,-3.063551683851054,33.64101929706076,1.0,1.0,,,1.0,1.0,-1.1917755290938896,-0.6097040846734038,2210,24,"[466, 449, 467, 461, 367]","[5, 5, 5, 5, 4]",False,False,False,False,False,0.007071067811865475,0.006993254746829752,24,24,24,0,0.0,{},0.7766336173689226,0.6994331365933759,0.0,False,True,False,False,True,False,0.0,10.718736377286971,-3.063551683851054,10.718736377286971,92.08333333333333,1.1287792445736426,0.024859984863707302,False,1.2625833245821045,False,0.023958333333333304,False,False,0.022434427607074765,0.023958333333333304,False,False,-0.2603531127212826,0.7945914066971413,True,False,0.1066905859219248,0.30828148898302304,True,False,0.5533023013930632,False,False,forward_only_adequate
223,sequential_evalue,martingale_evalue,True,ok,-7.226761516270083,3.988476870855017,0.05360113434679015,-13.867863584365745,33.67634010810951,1.0,1.0,,,1.0,1.0,-0.2862294200974633,-1.344312261846453,2209,24,"[469, 455, 466, 465, 354]","[5, 5, 5, 5, 4]",False,False,False,False,False,0.007071067811865475,0.006962484849970581,24,24,24,0,0.0,{},0.7836845692663896,0.6924888779519376,0.0,False,True,False,False,True,False,0.0,0.05360113434679015,-13.867863584365745,0.05360113434679015,92.04166666666667,1.1247380601726424,0.007173860874674991,False,1.2542694859720847,False,0.036111111111111094,False,False,0.047576868209774976,0.036111111111111094,False,False,-0.22590492683107985,0.8212753658167313,True,False,0.20933634313686691,0.011365817119249588,True,False,0.5919186282686615,False,False,forward_only_adequate
224,sequential_evalue,martingale_evalue,True,ok,5.9733792459497606,4.262524427686265,13.206576825765708,-1.9312269716870532,35.00436683550699,1.0,1.0,,,1.0,1.0,-1.1927586218443984,-0.18069336684302728,2203,24,"[436, 470, 460, 472, 365]","[5, 5, 5, 5, 4]",False,False,False,False,False,0.007071067811865475,0.006948927384839161,24,24,24,0,0.0,{},0.771747803117772,0.6277081553639001,0.0,False,True,False,False,True,False,0.0,13.206576825765708,-1.9312269716870532,13.206576825765708,91.79166666666667,1.165229931537373,0.018645531847618226,False,1.2947126200295664,False,0.006249999999999978,False,False,0.03646331796936774,0.006249999999999978,False,False,0.5532458487584454,0.5800950757297658,True,False,0.17715503892391007,0.050734933776059844,True,False,-0.4066895427164842,False,False,forward_only_adequate
225,sequential_evalue,martingale_evalue,True,ok,0.36707821021262027,3.775041166577521,7.183751932324173,-6.072593216202195,33.71786625984795,1.0,1.0,,,1.0,1.0,-0.21390706448865004,-0.5624063626290879,2230,24,"[455, 462, 476, 477, 360]","[5, 5, 5, 5, 4]",False,False,False,False,False,0.007071067811865475,0.007008321793101053,24,24,24,0,0.0,{},0.7793180328928511,0.6972547223973622,0.0,False,True,False,False,True,False,0.0,7.183751932324173,-6.072593216202196,7.183751932324173,92.91666666666667,1.1389140048112787,0.002963073908175292,False,1.2381154911872463,False,0.015625,False,False,0.0015851758308553876,0.015625,False,False,-0.25206175908041917,0.8009933276079756,True,False,0.17984870955830634,0.16942375876160162,True,False,0.2591822986328755,False,False,forward_only_adequate
226,sequential_evalue,martingale_evalue,True,ok,-3.658430463015648,3.334640779628353,2.052159793213159,-9.502605824111578,34.35236400027299,1.0,1.0,,,1.0,1.0,-0.31403286805923003,-1.1526345876898316,2228,24,"[467, 471, 454, 457, 379]","[5, 5, 5, 5, 4]",False,False,False,False,False,0.007071067811865475,0.006940995393136515,24,24,24,0,0.0,{},0.7813350574757243,0.7101652722599181,0.0,False,True,False,False,True,False,0.0,2.052159793213159,-9.502605824111578,2.052159793213159,92.83333333333333,1.1486834445344742,0.0030746763780764744,False,1.2900999659077856,False,0.036111111111111094,False,False,0.020921557162362693,0.036111111111111094,False,False,-0.43645515671255647,0.6625065280379736,True,False,0.09345799668851582,0.29447716918815625,True,False,-0.05867197488351071,False,False,forward_only_adequate
227,sequential_evalue,martingale_evalue,True,ok,-2.0862167692331046,2.0757920855595446,1.4609947060139485,-5.756363746722318,35.51461416583513,1.0,1.0,,,1.0,1.0,-0.8242243055580623,-1.1304828924071326,2203,24,"[451, 463, 451, 463, 375]","[5, 5, 5, 5, 4]",False,False,False,False,False,0.007071067811865475,0.006859222615628558,24,24,24,0,0.0,{},0.7778371793055148,0.694660889524892,0.0,False,True,False,False,True,False,0.0,1.4609947060139483,-5.756363746722318,1.4609947060139483,91.79166666666667,1.1669537150993832,0.033433971055729754,False,1.295496572197785,False,0.02430555555555558,False,False,0.01076910240044725,0.02430555555555558,False,False,0.10258996563123822,0.9182884070835726,True,False,0.068469928553989,0.5597688393690591,True,False,-0.06620212829688095,False,False,forward_only_adequate
228,sequential_evalue,martingale_evalue,True,ok,2.65989529622207,3.7430834700012907,8.848945388794519,-4.433893197735067,34.870812616664544,1.0,1.0,,,1.0,1.0,-1.0978596247989811,-0.7109610542294109,2220,24,"[463, 468, 459, 457, 373]","[5, 5, 5, 5, 4]",False,False,False,False,False,0.007071067811865475,0.006954004542588535,24,24,24,0,0.0,{},0.771393160980866,0.7274779425715059,0.0,False,True,False,False,True,False,0.0,8.848945388794519,-4.433893197735067,8.848945388794519,92.5,1.166105674939387,0.021679681222156227,False,1.291253839588319,False,0.023263888888888862,False,False,0.01423351842724539,0.023263888888888862,False,False,1.7025480618383078,0.08865267686904434,True,False,0.10309989056839239,0.2765951177644437,True,False,0.408459560153646,False,False,forward_only_adequate
229,sequential_evalue,martingale_evalue,True,ok,-1.903097675807156,2.961784033483491,3.1276243285605636,-7.305651876770388,33.68490869272106,1.0,1.0,,,1.0,1.0,-0.8354299998356736,-1.065620839173077,2238,24,"[462, 465, 463, 469, 379]","[5, 5, 5, 5, 4]",False,False,False,False,False,0.007071067811865475,0.006961148460456515,24,24,24,0,0.0,{},0.784498312542448,0.707207056242314,0.0,False,True,False,False,True,False,0.0,3.127624328560563,-7.305651876770388,3.127624328560563,93.25,1.1321675293175144,0.0015394144678958057,False,1.3346323998441567,False,0.033333333333333326,False,False,0.010038725673399225,0.033333333333333326,False,False,0.5143364338642291,0.6070167931270197,True,False,0.1543400624348349,0.04117607230445903,True,False,0.051050710703132586,False,False,forward_only_adequate
230,sequential_evalue,martingale_evalue,True,ok,-5.503200052711018,4.271350838783845,2.222433028429383,-12.647988292413395,32.49916037418842,0.6006958919940124,1.0,,,0.6006958919940124,1.0,0.5096664758475702,-1.1698289806660418,2224,24,"[457, 469, 467, 468, 363]","[5, 5, 5, 5, 4]",False,False,False,False,False,0.007071067811865475,0.006938968302034853,24,24,24,0,0.0,{},0.7767739029135464,0.7358926218116528,0.0,False,True,False,False,True,False,0.0,2.222433028429383,-12.647988292413395,2.222433028429383,92.66666666666667,1.085422498949521,0.014192225497626623,False,1.2742349688175487,False,0.02673611111111107,False,False,0.0359938184749636,0.02673611111111107,False,False,1.4988766878263513,0.1339056251418438,True,False,0.11972141355782304,0.11163354893796497,True,False,0.07194232127507498,False,False,forward_only_adequate
231,sequential_evalue,martingale_evalue,True,ok,2.425127349772312,4.0296707994236245,9.310775509951204,-4.815737912644682,33.80624887997401,1.0,1.0,,,1.0,1.0,-1.088380264842618,-0.5946300140878189,2217,24,"[459, 459, 460, 474, 365]","[5, 5, 5, 5, 4]",False,False,False,False,False,0.007071067811865475,0.006929738196753222,24,24,24,0,0.0,{},0.776851064345873,0.6965765649631492,0.0,False,True,False,False,True,False,0.0,9.310775509951204,-4.815737912644682,9.310775509951204,92.375,1.125799475144373,0.00585744735631183,False,1.3077760360232886,False,0.0215277777777777,False,False,0.013328779665269944,0.0215277777777777,False,False,-0.4371347593184885,0.6620136203365006,True,False,0.15943055386392732,0.18695570594828245,True,False,1.335128637284933,False,False,forward_only_adequate
232,sequential_evalue,martingale_evalue,True,ok,-0.27640476410394044,3.9157006024093675,5.414016309438409,-7.5759143035028735,33.50684202402169,1.0,1.0,,,1.0,1.0,-0.8506781923359132,-0.9291958727481333,2248,24,"[475, 470, 480, 457, 366]","[5, 5, 5, 5, 4]",False,False,False,False,False,0.007071067811865475,0.0069734167406260835,24,24,24,0,0.0,{},0.7892473976252287,0.6751904284842586,0.0,False,True,False,False,True,False,0.0,5.414016309438409,-7.5759143035028735,5.414016309438409,93.66666666666667,1.130685063191646,0.028319802357365045,False,1.295557308025679,False,0.03923611111111114,False,False,0.0011705583244469265,0.03923611111111114,False,False,1.7849451604073985,0.07427021248793375,True,False,0.2261992301555608,0.22512053863305728,True,False,-1.3562847298672838,False,False,forward_only_adequate
233,sequential_evalue,martingale_evalue,True,ok,0.9632164905609111,3.589079203472638,6.927342264932096,-4.5558300270231875,33.43172960582966,1.0,1.0,,,1.0,1.0,-0.5868292016867505,-0.2759101863128452,2218,24,"[455, 475, 454, 474, 360]","[5, 5, 5, 5, 4]",False,False,False,False,False,0.007071067811865475,0.006997024247933347,24,24,24,0,0.0,{},0.7705201372628099,0.7007180299118312,0.0,False,True,False,False,True,False,0.0,6.927342264932096,-4.5558300270231875,6.927342264932096,92.41666666666667,1.1243910471695666,0.019725730267227008,False,1.2744789930209028,False,0.024652777777777857,False,False,0.004688467405462838,0.024652777777777857,False,False,-0.6800929385970393,0.49644561536536236,True,False,0.16220979874039798,0.18938744511219963,True,False,0.2790629113258867,False,False,forward_only_adequate
234,sequential_evalue,martingale_evalue,True,ok,-0.9885699055461271,3.656761963684871,4.489795836117111,-8.22295807097017,33.22132722083953,1.0,1.0,,,1.0,1.0,-0.5634048418697515,-0.8752670816932366,2218,24,"[461, 463, 459, 473, 362]","[5, 5, 5, 5, 4]",False,False,False,False,False,0.007071067811865475,0.0069126249046264346,24,24,24,0,0.0,{},0.7803697448318897,0.7281763657702801,0.0,False,True,False,False,True,False,0.0,4.489795836117111,-8.22295807097017,4.489795836117111,92.41666666666667,1.1038374516168257,0.018805508425961143,False,1.3458186304707855,False,0.022916666666666585,False,False,0.00492789817111017,0.022916666666666585,False,False,1.3448654235782374,0.17866869795445928,True,False,0.14717196597781443,0.13570766699578174,True,False,0.9802796837963365,False,False,forward_only_adequate
235,sequential_evalue,martingale_evalue,True,ok,5.359062459108785,4.13342273397798,12.216990770431876,-2.162639804137612,34.09217690844311,1.0,0.8331584668005655,,,1.0,0.8331584668005655,-1.1029911719036474,0.18253141865273553,2240,24,"[461, 461, 461, 478, 379]","[5, 5, 5, 5, 4]",False,False,False,False,False,0.007071067811865475,0.006975610307976687,24,24,24,0,0.0,{},0.7932406101961913,0.6782294037527792,0.0,False,True,False,False,True,False,0.0,12.216990770431876,-2.162639804137612,12.216990770431876,93.33333333333333,1.1487495037937248,0.020477517607755458,False,1.2309212743719757,False,0.038541666666666585,False,False,0.03264509764632086,0.038541666666666585,False,False,-0.7447395911039602,0.45642916016412216,True,False,0.10285554408965619,0.10159763285151661,True,False,1.567765641979996,False,False,forward_only_adequate
236,sequential_evalue,martingale_evalue,True,ok,8.115793178714055,3.182481920441112,13.500276278002456,3.0844798829646463,34.50908806738877,1.0,1.0,,,1.0,1.0,-1.4579260226657762,-0.3934060917938824,2205,24,"[459, 470, 453, 458, 365]","[5, 5, 5, 5, 4]",False,False,False,False,False,0.007071067811865475,0.006966446229294879,24,24,24,0,0.0,{},0.7677198802676715,0.6916529239761681,0.0,False,True,False,False,True,False,0.0,13.500276278002454,3.084479882964646,13.500276278002454,91.875,1.1521617482554467,0.00517047350493275,False,1.324529518835535,False,0.04027777777777786,False,False,0.053039178199242344,0.04027777777777786,False,False,0.4312685503401983,0.6662731150465042,True,False,0.13277834980429395,0.04311119994658204,True,False,2.2565216631473475,False,False,forward_only_adequate
237,sequential_evalue,martingale_evalue,True,ok,-3.1141979155300707,3.201384973903619,1.7392937478457333,-9.638491241940095,32.82201744576054,1.0,1.0,,,1.0,1.0,-0.6564760916916292,-1.1615306692167064,2248,24,"[468, 469, 466, 464, 381]","[5, 5, 5, 5, 4]",False,False,False,False,False,0.007071067811865475,0.007008615621983706,24,24,24,0,0.0,{},0.7930356217943701,0.7215329332768844,0.0,False,True,False,False,True,False,0.0,1.739293747845733,-9.638491241940095,1.739293747845733,93.66666666666667,1.1131663031483559,0.0391412216100964,False,1.2807837081065865,False,0.01909722222222221,False,False,0.01800658445514112,0.01909722222222221,False,False,-0.0003024186291810878,0.9997587048485552,True,False,0.1688884887299674,0.04093986452701096,True,False,0.1355123645449284,False,False,forward_only_adequate
238,sequential_evalue,martingale_evalue,True,ok,0.6085324352244991,3.741695223250628,6.729182543643486,-6.294940688544668,35.0632768113133,1.0,1.0,,,1.0,1.0,-0.943972767819103,-0.7404834118456383,2182,24,"[454, 455, 452, 453, 368]","[5, 5, 5, 5, 4]",False,False,False,False,False,0.007071067811865475,0.0069112658276702585,24,24,24,0,0.0,{},0.7786917432338347,0.6594007724186888,0.0,False,True,False,False,True,False,0.0,6.729182543643486,-6.294940688544668,6.729182543643486,90.91666666666667,1.1553188371539473,0.014402170747493686,False,1.2851187642634045,False,0.050694444444444486,False,False,0.002726406575502085,0.050694444444444486,False,False,0.9270274081178151,0.35391230402282703,True,False,0.11539576775866144,0.36937802447443685,True,False,1.005704172690506,False,False,forward_only_adequate
239,sequential_evalue,martingale_evalue,True,ok,-0.8208838702517364,3.6201328291697163,6.1589395548411074,-6.540832740314485,33.18889528432404,1.0,1.0,,,1.0,1.0,-0.6842946882981858,-0.8454633556579383,2223,24,"[475, 459, 458, 462, 369]","[5, 5, 5, 5, 4]",False,False,False,False,False,0.007071067811865475,0.007085828541463446,24,24,24,0,0.0,{},0.7749876899618197,0.6934681938194748,0.0,False,True,False,False,True,False,0.0,6.1589395548411074,-6.540832740314485,6.1589395548411074,92.625,1.131664131573522,0.013582218094983452,False,1.2755414688737643,False,0.030555555555555558,False,False,0.003892554947857838,0.030555555555555558,False,False,-0.6404710435206155,0.5218664086061178,True,False,0.21537051813346647,0.07163610729609356,True,False,0.6014810021745345,False,False,forward_only_adequate
240,sequential_evalue,martingale_evalue,True,ok,0.5719122668361097,2.9161037568099175,4.5776085259851635,-5.051828061368784,32.50797102095429,1.0,1.0,,,1.0,1.0,-1.0040118487693837,-0.8451108462346435,2254,24,"[477, 449, 483, 472, 373]","[5, 5, 5, 5, 4]",False,False,False,False,False,0.007071067811865475,0.007006906149826973,24,24,24,0,0.0,{},0.7940828747068797,0.7133229090451917,0.0,False,True,False,False,True,False,0.0,4.5776085259851635,-5.051828061368784,4.5776085259851635,93.91666666666667,1.1037164207048153,0.0007030253975646903,False,1.3049982484186602,False,0.022916666666666696,False,False,0.0026773559706599736,0.022916666666666696,False,False,-1.251391791773698,0.2107915705105965,True,False,0.14744778388188634,0.14664321929634277,True,False,-0.21416675793900108,False,False,forward_only_adequate
241,sequential_evalue,martingale_evalue,True,ok,-3.105956807182087,3.806421082761101,4.090473359303141,-9.792162614865564,33.482657046639765,1.0,1.0,,,1.0,1.0,-0.637034396332032,-0.8459760575448406,2228,24,"[466, 464, 466, 470, 362]","[5, 5, 5, 5, 4]",False,False,False,False,False,0.007071067811865475,0.007065517590630684,24,24,24,0,0.0,{},0.7776512795264253,0.698313515999632,0.0,False,True,False,False,True,False,0.0,4.090473359303141,-9.792162614865564,4.090473359303141,92.83333333333333,1.1396877315311895,0.004096141739050355,False,1.2792404920839395,False,0.03402777777777777,False,False,0.017470076380781,0.03402777777777777,False,False,0.8692388329637352,0.3847165112354829,True,False,0.17974173629337928,0.020031708100511247,True,False,-0.5955126211166691,False,False,forward_only_adequate
242,sequential_evalue,martingale_evalue,True,ok,2.2777123894845537,3.0542827075045804,6.701735568294179,-4.274450916185627,32.918966978396796,1.0,1.0,,,1.0,1.0,-0.18199150561185162,-0.31522686616291173,2227,24,"[469, 473, 446, 476, 363]","[5, 5, 5, 5, 4]",False,False,False,False,False,0.007071067811865475,0.006999699104332726,24,24,24,0,0.0,{},0.7867517383397633,0.6876847328561395,0.0,False,True,False,False,True,False,0.0,6.701735568294179,-4.274450916185627,6.701735568294179,92.79166666666667,1.109813649068545,0.013902988784078274,False,1.291697282877442,False,0.024652777777777857,False,False,0.01260948008163858,0.024652777777777857,False,False,-0.9892344938929869,0.32254842541367057,True,False,0.1345628906813582,0.08237188394050828,True,False,-0.06831392002479952,False,False,forward_only_adequate
243,sequential_evalue,martingale_evalue,True,ok,-1.148433007549529,2.763784766030765,4.09347231493333,-5.301426463603837,35.054743948194755,1.0,1.0,,,1.0,1.0,-0.8699781161285722,-1.0098098855382163,2204,24,"[482, 445, 463, 460, 354]","[5, 5, 5, 5, 4]",False,False,False,False,False,0.007071067811865475,0.006983574252669967,24,24,24,0,0.0,{},0.7672427426477408,0.6759672453309956,0.0,False,True,False,False,True,False,0.0,4.09347231493333,-5.301426463603837,4.09347231493333,91.83333333333333,1.1729911431650173,0.02349873012641189,False,1.2541684862742355,False,0.021527777777777812,False,False,0.005446540784909453,0.021527777777777812,False,False,1.6230349988162798,0.10458192339256864,True,False,0.17376425382555713,0.1930939765298466,True,False,-0.04997717777971487,False,False,forward_only_adequate
244,sequential_evalue,martingale_evalue,True,ok,-3.844409064678666,3.4468772699925068,2.4769207241996694,-9.441453711030672,33.48942774643655,1.0,1.0,,,1.0,1.0,-0.2592175725589765,-0.5663107104534277,2229,24,"[453, 464, 452, 467, 393]","[5, 5, 5, 5, 4]",False,False,False,False,False,0.007071067811865475,0.007037366892817031,24,24,24,0,0.0,{},0.7858421238933606,0.7015288240862023,0.0,False,True,False,False,True,False,0.0,2.4769207241996694,-9.441453711030672,2.4769207241996694,92.875,1.1356312578471306,0.03304831687901099,False,1.2863946305342682,False,0.019791666666666652,False,False,0.022456474196735545,0.019791666666666652,False,False,-1.5562125508914408,0.11965755784446051,True,False,0.09169953275658188,0.2266497449767844,True,False,-1.6101577035553085,False,False,forward_only_adequate
245,sequential_evalue,martingale_evalue,True,ok,4.661255199807633,2.4347334670921494,9.076871012105668,0.7645254469895533,34.76545714206747,1.0,1.0,,,1.0,1.0,-1.2806409033725552,-0.6182203809356079,2205,24,"[456, 465, 455, 465, 364]","[5, 5, 5, 5, 4]",False,False,False,False,False,0.007071067811865475,0.006999190656613243,24,24,24,0,0.0,{},0.7730915824848709,0.7121911160723171,0.0,False,True,False,False,True,False,0.0,9.076871012105668,0.7645254469895533,9.076871012105668,91.875,1.1661769377615931,0.0004845470371928268,False,1.2838296013874029,False,0.007986111111111138,False,False,0.027247567190782192,0.007986111111111138,False,False,0.11487176726986677,0.9085467633836688,True,False,0.13496640144900668,0.1298983528712401,True,False,0.7152148203753667,False,False,forward_only_adequate
246,sequential_evalue,martingale_evalue,True,ok,3.491248110253889,3.4687997545503535,9.225228658236748,-2.851604450817819,34.31885785506256,1.0,1.0,,,1.0,1.0,-1.0171123828043482,-0.41684831093887376,2209,24,"[470, 453, 456, 466, 364]","[5, 5, 5, 5, 4]",False,False,False,False,False,0.007071067811865475,0.006957694424094425,24,24,24,0,0.0,{},0.7737619968481178,0.68497366891811,0.0,False,True,False,False,True,False,0.0,9.225228658236748,-2.851604450817819,9.225228658236748,92.04166666666667,1.145408543985473,0.024023599769840084,False,1.3094193785797004,False,0.019791666666666652,False,False,0.019883537003679192,0.019791666666666652,False,False,-0.3700890094501543,0.7113161708489453,True,False,0.10057582367803218,0.09134025667355594,True,False,1.9323014536926908,False,False,forward_only_adequate
247,sequential_evalue,martingale_evalue,True,ok,-1.8335986787088558,3.7030718873960717,3.858902511457803,-8.503989833699524,33.86198014009527,1.0,1.0,,,1.0,1.0,-0.6878443733755757,-0.7827575662555698,2227,24,"[469, 472, 453, 449, 384]","[5, 5, 5, 5, 4]",False,False,False,False,False,0.007071067811865475,0.006986695118082053,24,24,24,0,0.0,{},0.778263143404565,0.7166240580676513,0.0,False,True,False,False,True,False,0.0,3.858902511457803,-8.503989833699524,3.858902511457803,92.79166666666667,1.1394850583365002,0.013999866793015358,False,1.2382729067990457,False,0.023958333333333304,False,False,0.009552133579497798,0.023958333333333304,False,False,-0.7946668101950028,0.4268073436656471,True,False,0.21259348658077698,0.07215994096785742,True,False,0.16697287568948088,False,False,forward_only_adequate
248,sequential_evalue,martingale_evalue,True,ok,-2.3656432313958486,4.050439009476876,4.67356718681452,-9.504026109922238,34.81608933975144,1.0,1.0,,,1.0,1.0,-0.5572257928252722,-0.32276707960316786,2226,24,"[470, 451, 448, 469, 388]","[5, 5, 5, 5, 4]",False,False,False,False,False,0.007071067811865475,0.006946605706716655,24,24,24,0,0.0,{},0.7728125033116207,0.7374149996445959,0.0,False,True,False,False,True,False,0.0,4.67356718681452,-9.504026109922238,4.67356718681452,92.75,1.1646075475866382,0.005629313389832709,False,1.3025036099392535,False,0.01909722222222221,False,False,0.012461444953907393,0.01909722222222221,False,False,-0.05747243343180293,0.9541688647364364,True,False,0.17990264157589078,0.0742892227628502,True,False,0.691999052618777,False,False,forward_only_adequate
249,sequential_evalue,martingale_evalue,True,ok,2.2024987545985577,3.2878734640337286,7.53073539092728,-3.3109241750687306,33.54619586236597,1.0,1.0,,,1.0,1.0,-1.02680130382274,-0.49021193161332355,2223,24,"[482, 461, 456, 446, 378]","[5, 5, 5, 5, 4]",False,False,False,False,False,0.007071067811865475,0.006987805901951933,24,24,24,0,0.0,{},0.7865889192763054,0.6992451184703244,0.0,False,True,False,False,True,False,0.0,7.53073539092728,-3.3109241750687306,7.53073539092728,92.625,1.1280237052186044,0.0018333536688573565,False,1.1782803982360548,False,0.017708333333333326,False,False,0.011910201723799618,0.017708333333333326,False,False,1.8804548748538628,0.06004611083500321,True,False,0.1942555705563492,0.1086119731111646,True,False,1.452469512061319,False,False,forward_only_adequate
250,sequential_evalue,martingale_evalue,True,ok,-8.307031266519388,3.7610518968928894,-2.208594667764677,-14.935559324346954,34.9500273486437,1.0,1.0,,,1.0,1.0,-0.35512587510704297,-1.4817995348681205,2232,24,"[454, 474, 465, 461, 378]","[5, 5, 5, 5, 4]",False,False,False,False,False,0.007071067811865475,0.007025445484859142,24,24,24,0,0.0,{},0.7905958165884298,0.718568923197275,0.0,False,True,False,False,True,False,0.0,-2.208594667764677,-14.935559324346954,-2.208594667764677,93.0,1.1839486500673735,0.010850742261920355,False,1.2891224298731765,False,0.012499999999999956,False,False,0.05279342145198226,0.012499999999999956,False,False,0.5782459839530883,0.5630980571264715,True,False,0.12688482318726893,0.08473093655636402,True,False,-1.7396247298362928,False,False,forward_only_adequate
251,sequential_evalue,martingale_evalue,True,ok,1.4783804049028373,4.452067944703973,8.677925371421278,-7.142943962376417,34.455066978626476,1.0,1.0,,,1.0,1.0,-0.889629888978299,-0.7129086472118675,2194,24,"[448, 457, 450, 475, 364]","[5, 5, 5, 5, 4]",False,False,False,False,False,0.007071067811865475,0.006931894226453528,24,24,24,0,0.0,{},0.7772623537248525,0.6984945381845504,0.0,False,True,False,False,True,False,0.0,8.677925371421278,-7.142943962376417,8.677925371421278,91.41666666666667,1.1417939061251143,0.04953426209192611,False,1.2769192581029722,False,0.025000000000000022,False,False,0.007464477131398908,0.025000000000000022,False,False,-0.7295865446104888,0.46564294933742767,True,False,0.07368770583158993,0.5975282197798225,True,False,0.2583449291955947,False,False,forward_only_adequate
252,sequential_evalue,martingale_evalue,True,ok,-1.3613172994385512,3.8299970600877207,5.963100814614857,-7.852806514380478,34.633465158895866,1.0,1.0,,,1.0,1.0,-0.5789966905513513,-0.8205020704764132,2188,24,"[455, 443, 453, 466, 371]","[5, 5, 5, 5, 4]",False,False,False,False,False,0.007071067811865475,0.00695562764872152,24,24,24,0,0.0,{},0.7704309022084548,0.6908642423681174,0.0,False,True,False,False,True,False,0.0,5.963100814614857,-7.852806514380478,5.963100814614857,91.16666666666667,1.1500595094146233,0.03545202352746946,False,1.2519410559870228,False,0.024652777777777746,False,False,0.006744772366069292,0.024652777777777746,False,False,1.8910086319218748,0.05862319196634849,True,False,0.25351843184491624,0.010300143833487931,True,False,0.20945733127360652,False,False,forward_only_adequate
253,sequential_evalue,martingale_evalue,True,ok,-1.443327876652149,4.309839141636967,5.292442081236577,-9.482272162955537,34.417140959444545,1.0,1.0,,,1.0,1.0,-0.4957085755545889,-0.421102089356373,2212,24,"[461, 448, 463, 465, 375]","[5, 5, 5, 5, 4]",False,False,False,False,False,0.007071067811865475,0.00697603985858062,24,24,24,0,0.0,{},0.7760627056282593,0.7050286887555741,0.0,False,True,False,False,True,False,0.0,5.292442081236577,-9.482272162955537,5.292442081236577,92.16666666666667,1.1524993487932684,0.008070486569132522,False,1.2895534027350015,False,0.03229166666666672,False,False,0.007188350739724811,0.03229166666666672,False,False,0.23438709061746593,0.8146844797454329,True,False,0.1205883808561024,0.08285301406716426,True,False,0.17702329031231326,False,False,forward_only_adequate
254,sequential_evalue,martingale_evalue,True,ok,2.9516915841731124,3.7123855960368917,9.369784217076658,-3.594080512255903,33.622790335710555,1.0,1.0,,,1.0,1.0,-1.1233933681335149,-0.660120881590176,2233,24,"[475, 481, 461, 459, 357]","[5, 5, 5, 5, 4]",False,False,False,False,False,0.007071067811865475,0.007020297961762249,24,24,24,0,0.0,{},0.7834224067486397,0.7073962752154174,0.0,False,True,False,False,True,False,0.0,9.369784217076658,-3.594080512255903,9.369784217076658,93.04166666666667,1.1384082717384163,0.0006824721007485764,False,1.3241456898831054,False,0.016319444444444442,False,False,0.01649445189948896,0.016319444444444442,False,False,0.8445188605684634,0.39837952856096415,True,False,0.10299817854232542,0.26679063458779384,True,False,-0.10466482693692793,False,False,forward_only_adequate
255,sequential_evalue,martingale_evalue,True,ok,-4.2098377911892575,4.093474666792865,2.8480470256410335,-10.516559686048527,33.903927031246745,1.0,1.0,,,1.0,1.0,-0.5077883295031975,-1.1800352080277652,2212,24,"[454, 479, 451, 457, 371]","[5, 5, 5, 5, 4]",False,False,False,False,False,0.007071067811865475,0.007011948651976506,24,24,24,0,0.0,{},0.7765361154907862,0.6940185422772295,0.0,False,True,False,False,True,False,0.0,2.8480470256410335,-10.516559686048527,2.8480470256410335,92.16666666666667,1.1411577304022782,0.03748483358634022,False,1.323928695563766,False,0.031597222222222165,False,False,0.0248168023340241,0.031597222222222165,False,False,0.02938502883638766,0.9765575129073856,True,False,0.2224246655257254,0.016580385356714657,True,False,-0.7920114417072037,False,False,forward_only_adequate
256,sequential_evalue,martingale_evalue,True,ok,5.501725840155083,2.8130752541533766,9.961706333614758,0.40338792498058584,33.79165715667814,1.0,1.0,,,1.0,1.0,-1.2564826649426424,-0.2677974302900601,2240,24,"[470, 451, 472, 468, 379]","[5, 5, 5, 5, 4]",False,False,False,False,False,0.007071067811865475,0.006927035771812105,24,24,24,0,0.0,{},0.7877686060566569,0.6780701019263337,0.0,False,True,False,False,True,False,0.0,9.961706333614758,0.40338792498058584,9.961706333614758,93.33333333333333,1.1306945876089365,0.002913182911487779,False,1.2741402562111026,False,0.015625,False,False,0.03429745769172959,0.015625,False,False,-0.9159951058256977,0.3596694618816466,True,False,0.16826821848390391,0.2385260275281608,True,False,0.9717040711696625,False,False,forward_only_adequate
257,sequential_evalue,martingale_evalue,True,ok,-1.7600474323046018,2.7956888552479566,3.1307549283721805,-6.218943978914312,32.47758733241289,1.0,1.0,,,1.0,1.0,-0.7083100120527811,-1.0724602037436766,2231,24,"[474, 471, 461, 464, 361]","[5, 5, 5, 5, 4]",False,False,False,False,False,0.007071067811865475,0.007097448748421814,24,24,24,0,0.0,{},0.778826880378522,0.7244119081996095,0.0,False,True,False,False,True,False,0.0,3.1307549283721805,-6.218943978914312,3.1307549283721805,92.95833333333333,1.1112203675973518,0.016485297486656322,False,1.2414414075852378,False,0.020138888888888817,False,False,0.009381751912102894,0.020138888888888817,False,False,-0.745316520983272,0.4560803959910863,True,False,0.16279232110517666,0.14322796330416432,True,False,-0.12496191533577886,False,False,forward_only_adequate
258,sequential_evalue,martingale_evalue,True,ok,4.5829325670734775,3.020006929559619,9.824049219032549,-0.9949738090961926,33.591712175566435,1.0,0.9224067760766205,,,1.0,0.9224067760766205,-1.1482654004620343,0.08076896391743127,2196,24,"[450, 458, 457, 460, 371]","[5, 5, 5, 5, 4]",False,False,False,False,False,0.007071067811865475,0.007004194438107712,24,24,24,0,0.0,{},0.7652692982280914,0.6545955565053955,0.0,False,True,False,False,True,False,0.0,9.824049219032549,-0.9949738090961926,9.824049219032549,91.5,1.1253066505133495,0.04728424314347043,False,1.3024020809236352,False,0.013194444444444398,False,False,0.0278497524951556,0.013194444444444398,False,False,-1.4217712642155471,0.15509266420880988,True,False,0.21074651712486805,0.09853725032153296,True,False,1.144769979308938,False,False,forward_only_adequate
259,sequential_evalue,martingale_evalue,True,ok,0.9113102539589484,3.5762975844666602,8.125455059382725,-4.248321039197104,34.232469754755364,1.0,1.0,,,1.0,1.0,-0.9746821437691995,-0.8807703224594703,2237,24,"[465, 476, 469, 451, 376]","[5, 5, 5, 5, 4]",False,False,False,False,False,0.007071067811865475,0.00690417988949936,24,24,24,0,0.0,{},0.7903102897139549,0.7295310084776012,0.0,False,True,False,False,True,False,0.0,8.125455059382725,-4.248321039197104,8.125455059382725,93.20833333333333,1.1409003335845997,0.02261527226923556,False,1.3536885998222454,False,0.022916666666666696,False,False,0.00433519842242109,0.022916666666666696,False,False,-0.049758461652136474,0.960314868453118,True,False,0.19603240945733322,0.0037353416592030074,True,False,0.009228439255982364,False,False,forward_only_adequate
260,sequential_evalue,martingale_evalue,True,ok,-6.262827467653282,4.378082895567818,1.33206997454515,-13.802366367161877,34.10657921367297,1.0,1.0,,,1.0,1.0,-0.21814578177620203,-1.2263317839839045,2238,24,"[471, 463, 461, 470, 373]","[5, 5, 5, 5, 4]",False,False,False,False,False,0.007071067811865475,0.0070300051656348155,24,24,24,0,0.0,{},0.790269342559247,0.7062046524020348,0.0,False,True,False,False,True,False,0.0,1.33206997454515,-13.802366367161875,1.33206997454515,93.25,1.1576792039677408,0.0028478926051263105,False,1.271856140356876,False,0.013541666666666674,False,False,0.038844711945783955,0.013541666666666674,False,False,-1.5726638813179437,0.11579666735001515,True,False,0.17419572454995963,0.2164338092937625,True,False,-2.1197278292278203,False,False,forward_only_adequate
261,sequential_evalue,martingale_evalue,True,ok,0.6109245443830049,3.064665876382315,6.059472095033134,-4.372533494438893,32.924361916771964,1.0,1.0,,,1.0,1.0,-0.8991147401503754,-0.3385911038421519,2198,24,"[444, 469, 448, 468, 369]","[5, 5, 5, 5, 4]",False,False,False,False,False,0.007071067811865475,0.007043109920776539,24,24,24,0,0.0,{},0.7727263944524967,0.6878858595001034,0.0,False,True,False,False,True,False,0.0,6.059472095033134,-4.372533494438893,6.059472095033134,91.58333333333333,1.1095836812611743,0.05037402744613619,False,1.2661664035413744,False,0.01736111111111116,False,False,0.0028638183420107467,0.01736111111111116,False,False,0.8076147825702098,0.41931237418125256,True,False,0.12771778520273663,0.15826611966235166,True,False,-0.2783426935926305,False,False,forward_only_adequate
262,sequential_evalue,martingale_evalue,True,ok,-4.147767684986497,3.995248987913366,2.358483952354468,-11.240614972678022,35.26280929890436,0.7527700668774934,1.0,,,0.7527700668774934,1.0,0.28399545388528774,-1.0631503915811527,2253,24,"[466, 470, 452, 480, 385]","[5, 5, 5, 5, 4]",False,False,False,False,False,0.007071067811865475,0.0068483627974502545,24,24,24,0,0.0,{},0.801519629699342,0.7068300328546724,0.0,False,True,False,False,True,False,0.0,2.358483952354468,-11.240614972678022,2.358483952354468,93.875,1.1698997473959813,0.02105980113832134,False,1.2229023268088968,False,0.022222222222222254,False,False,0.023695720366402,0.022222222222222254,False,False,-0.34093014076119194,0.7331561736528962,True,False,0.13853477878719506,0.08264693023274147,True,False,0.9088588483786421,False,False,forward_only_adequate
263,sequential_evalue,martingale_evalue,True,ok,0.18800289004884826,3.852244256735231,5.768148199963071,-7.070343550675053,35.08678970545688,1.0,1.0,,,1.0,1.0,-0.724767707899524,-0.42443063846226026,2229,24,"[465, 469, 461, 468, 366]","[5, 5, 5, 5, 4]",False,False,False,False,False,0.007071067811865475,0.006960100289335453,24,24,24,0,0.0,{},0.7909355145060314,0.7076857016775785,0.0,False,True,False,False,True,False,0.0,5.768148199963071,-7.0703435506750525,5.768148199963071,92.875,1.1767346697181742,0.02673340971092128,False,1.2541772875782073,False,0.017013888888888884,False,False,0.0007360071291575698,0.017013888888888884,False,False,0.3831670541407538,0.7015959042984956,True,False,0.2505672235734207,0.020016219907349784,True,False,0.2307431063682614,False,False,forward_only_adequate
264,sequential_evalue,martingale_evalue,True,ok,5.573160699604871,3.8752009356442363,12.806639033357989,-0.6776370856868796,35.18813525025048,1.0,0.8391490699452424,,,1.0,0.8391490699452424,-1.1743497093921693,0.17536691255813175,2207,24,"[451, 462, 456, 469, 369]","[5, 5, 5, 5, 4]",False,False,False,False,False,0.007071067811865475,0.006953181323917084,24,24,24,0,0.0,{},0.7793854649982921,0.7160079356795949,0.0,False,True,False,False,True,False,0.0,12.806639033357989,-0.6776370856868796,12.806639033357989,91.95833333333333,1.173127883985755,1.3742962252482015e-05,False,1.239121906032915,False,0.013194444444444398,False,False,0.033347916804886815,0.013194444444444398,False,False,1.0818298285123118,0.27932814980562404,True,False,0.09880610957414335,0.35315028280820854,True,False,1.8240033920038563,False,False,forward_only_adequate
265,sequential_evalue,martingale_evalue,True,ok,7.4686289365386,3.98016168104404,13.885454217830494,0.9066326092312957,32.786078405002264,1.0,0.8542380154553955,,,1.0,0.8542380154553955,-1.324476630529226,0.15754541740280004,2236,24,"[470, 470, 458, 467, 371]","[5, 5, 5, 5, 4]",False,False,False,False,False,0.007071067811865475,0.0070596417313833785,24,24,24,0,0.0,{},0.785978063114509,0.723499719387252,0.0,False,True,False,False,True,False,0.0,13.885454217830494,0.9066326092312957,13.885454217830494,93.16666666666667,1.117049498390925,0.011506910307615754,False,1.3083703191982166,False,0.025694444444444464,False,False,0.04986653510397478,0.025694444444444464,False,False,-0.24588242111784303,0.8057732520729861,True,False,0.1733367463167153,0.07587911584609953,True,False,1.4734905651628074,False,False,forward_only_adequate
266,sequential_evalue,martingale_evalue,True,ok,2.7395999082474263,3.3104779096195167,8.651263572043819,-2.995011286215527,33.96373578413838,1.0,1.0,,,1.0,1.0,-1.1544608145511337,-0.8148938843995452,2245,24,"[466, 469, 467, 472, 371]","[5, 5, 5, 5, 4]",False,False,False,False,False,0.007071067811865475,0.007071594257457026,24,24,24,0,0.0,{},0.7984292336506777,0.6960939389414771,0.0,False,True,False,False,True,False,0.0,8.651263572043819,-2.995011286215527,8.651263572043819,93.54166666666667,1.1614629064071642,0.004541445545617995,False,1.242193638256312,False,0.018402777777777768,False,False,0.014792345925125188,0.018402777777777768,False,False,0.006876375565765446,0.9945134893396841,True,False,0.19077387003150834,0.0462587294772976,True,False,-0.06814227493401802,False,False,forward_only_adequate
267,sequential_evalue,martingale_evalue,True,ok,-2.554373004332775,3.33625383378704,3.6100151727621332,-7.927592352560473,34.43889040801629,1.0,1.0,,,1.0,1.0,-0.39916928442618826,-1.0410740426159009,2199,24,"[454, 466, 470, 441, 368]","[5, 5, 5, 5, 4]",False,False,False,False,False,0.007071067811865475,0.006863314581904064,24,24,24,0,0.0,{},0.7641196311891634,0.713303317971276,0.0,False,True,False,False,True,False,0.0,3.6100151727621337,-7.927592352560473,3.6100151727621337,91.625,1.1312538074576586,0.009483661726303584,False,1.258334016538736,False,0.039583333333333415,False,False,0.014068789710331485,0.039583333333333415,False,False,-1.519779489756307,0.128566405605653,True,False,0.15152265391726885,0.13172846983087358,True,False,-1.5992784939527231,False,False,forward_only_adequate
268,sequential_evalue,martingale_evalue,True,ok,-5.746215813113296,4.266613459529531,1.7891836889600903,-13.265247407752266,34.65310047621289,1.0,1.0,,,1.0,1.0,-0.23721601417517235,-1.2898483589612864,2248,24,"[474, 486, 457, 462, 369]","[5, 5, 5, 5, 4]",False,False,False,False,False,0.007071067811865475,0.006979941759011066,24,24,24,0,0.0,{},0.7673199771104555,0.7154948160450616,0.0,False,True,False,False,True,False,0.0,1.7891836889600903,-13.265247407752264,1.7891836889600903,93.66666666666667,1.1704596150124211,0.0029652952042569978,False,1.305505939529814,False,0.014236111111111116,False,False,0.03465808009709722,0.014236111111111116,False,False,-0.9079017237587373,0.3639301468208779,True,False,0.12341368787681845,0.15577165022727696,True,False,-0.20521100029444234,False,False,forward_only_adequate
269,sequential_evalue,martingale_evalue,True,ok,-0.31161910400441534,3.618748462531154,5.839218288615504,-6.247218781508898,32.5115272742964,1.0,1.0,,,1.0,1.0,-0.7173627081130952,-0.8773654657447867,2206,24,"[467, 452, 460, 457, 370]","[5, 5, 5, 5, 4]",False,False,False,False,False,0.007071067811865475,0.00701125339988387,24,24,24,0,0.0,{},0.7730968819905817,0.7169926925652715,0.0,False,True,False,False,True,False,0.0,5.839218288615503,-6.247218781508898,5.839218288615503,91.91666666666667,1.0926980617348752,0.0015693529941386653,False,1.2844933166860992,False,0.032638888888888884,False,False,0.001385853478191701,0.032638888888888884,False,False,-0.9346249123434083,0.3499816357404595,True,False,0.12969336228971362,0.14430713264446476,True,False,-0.9576062272981216,False,False,forward_only_adequate
270,sequential_evalue,martingale_evalue,True,ok,-9.320289828642577,4.67101594939704,-1.514244009362991,-17.92185963644483,33.09833418734422,0.011371323103907299,1.0,,,0.011371323103907299,1.0,4.4766606100121455,-1.2367503386193066,2208,24,"[447, 466, 454, 457, 384]","[5, 5, 5, 5, 4]",True,False,False,False,True,0.007071067811865475,0.006955166796682165,24,24,24,0,0.0,{},0.787196789421951,0.6867838043955788,0.0,False,True,False,False,True,False,0.0,-1.514244009362991,-17.92185963644483,-1.514244009362991,92.0,1.1040216860130105,0.01698938287378895,False,1.3224200422029224,False,0.018055555555555602,False,False,0.06573503561804332,0.018055555555555602,False,False,0.08214197498900024,0.934533814669699,True,False,0.17570912800538901,0.3117392714888977,True,False,-2.3326050434227312,False,False,inconclusive
271,sequential_evalue,martingale_evalue,True,ok,1.252394992142709,2.9437370009026504,5.909425539008483,-4.05970495069487,33.82046475348873,1.0,1.0,,,1.0,1.0,-0.9098789075905394,-0.7378780766472427,2242,24,"[474, 459, 466, 482, 361]","[5, 5, 5, 5, 4]",False,False,False,False,False,0.007071067811865475,0.0068614989751507064,24,24,24,0,0.0,{},0.7851403684082905,0.720312683354982,0.0,False,True,False,False,True,False,0.0,5.909425539008484,-4.05970495069487,5.909425539008484,93.41666666666667,1.121452185681764,0.027512232924012878,False,1.2354343021925691,False,0.017708333333333326,False,False,0.006316100501231288,0.017708333333333326,False,False,-1.3546974674143448,0.17551396511690098,True,False,0.12862403116038856,0.13793896098572683,True,False,-1.6535697720399576,False,False,forward_only_adequate
272,sequential_evalue,martingale_evalue,True,ok,5.29175433289521,3.522503638112128,11.647186636916711,-0.6606287476803363,35.0372305092958,1.0,1.0,,,1.0,1.0,-1.324854715270019,-0.5939802436514978,2240,24,"[457, 466, 464, 472, 381]","[5, 5, 5, 5, 4]",False,False,False,False,False,0.007071067811865475,0.007031912891474665,24,24,24,0,0.0,{},0.7843881657687868,0.7289929674399478,0.0,False,True,False,False,True,False,0.0,11.64718663691671,-0.6606287476803363,11.64718663691671,93.33333333333333,1.1901224435095235,0.01199739613872322,False,1.3198770901895407,False,0.006944444444444531,False,False,0.030859998439783744,0.006944444444444531,False,False,1.5173405775594961,0.1291807183051261,True,False,0.19641755142387676,0.008729733307705137,True,False,1.5052123531513255,False,False,forward_only_adequate
273,sequential_evalue,martingale_evalue,True,ok,5.803215869987159,3.623736607416108,12.794158840846626,0.29784939541427935,34.00976920848596,1.0,0.8021434307550581,,,1.0,0.8021434307550581,-1.213196149907192,0.22046784576535716,2223,24,"[453, 463, 467, 457, 383]","[5, 5, 5, 5, 4]",False,False,False,False,False,0.007071067811865475,0.006943660353875535,24,24,24,0,0.0,{},0.7681061546913563,0.6999987777661134,0.0,False,True,False,False,True,False,0.0,12.794158840846626,0.29784939541427935,12.794158840846626,92.625,1.1363870317770985,0.0048427843645817295,False,1.3591182303601541,False,0.02604166666666674,False,False,0.03629938402098375,0.02604166666666674,False,False,0.16064209884879227,0.8723752953900572,True,False,0.18160018432747274,0.3909979336440978,True,False,0.8706653214177995,False,False,forward_only_adequate
274,sequential_evalue,martingale_evalue,True,ok,3.2622409859162147,3.0992414353220608,8.910657882151707,-1.5285252859917646,33.8599358428283,1.0,1.0,,,1.0,1.0,-1.1569258526580597,-0.6016083593498316,2212,24,"[456, 460, 459, 458, 379]","[5, 5, 5, 5, 4]",False,False,False,False,False,0.007071067811865475,0.007000128439900691,24,24,24,0,0.0,{},0.7727644960990994,0.7028693535463681,0.0,False,True,False,False,True,False,0.0,8.910657882151707,-1.5285252859917646,8.910657882151707,92.16666666666667,1.1377558685981228,0.01411191479912179,False,1.2595543405739262,False,0.014236111111111116,False,False,0.018525642512707358,0.014236111111111116,False,False,0.44019621686672666,0.6597949995127372,True,False,0.15311927248951868,0.2537474689006871,True,False,0.5045417709939394,False,False,forward_only_adequate
275,sequential_evalue,martingale_evalue,True,ok,-3.4992239757708945,2.847060089694408,2.3141577548326207,-7.758928798159994,33.21920984171681,1.0,1.0,,,1.0,1.0,-0.3680925409542515,-0.3609015465149869,2192,24,"[459, 458, 479, 433, 363]","[5, 5, 5, 5, 4]",False,False,False,False,False,0.007071067811865475,0.007047360751751861,24,24,24,0,0.0,{},0.7730701814626073,0.6863301487795144,0.0,False,True,False,False,True,False,0.0,2.3141577548326207,-7.758928798159995,2.3141577548326207,91.33333333333333,1.118666054692974,0.04221536937425774,False,1.2438157704815325,False,0.019444444444444486,False,False,0.020489262461474877,0.019444444444444486,False,False,-0.25374526680118425,0.799692360406286,True,False,0.06167195380484935,0.4605612241848514,True,False,-1.125794652715935,False,False,forward_only_adequate
276,sequential_evalue,martingale_evalue,True,ok,5.1767063026484506,3.5260990743575062,11.715621389327033,-0.34482945141557675,34.56299097805898,1.0,1.0,,,1.0,1.0,-1.1751674098587457,-0.45067680922660114,2243,24,"[472, 465, 462, 464, 380]","[5, 5, 5, 5, 4]",False,False,False,False,False,0.007071067811865475,0.006880012816524263,24,24,24,0,0.0,{},0.791925352055318,0.724760847963826,0.0,False,True,False,False,True,False,0.0,11.715621389327033,-0.34482945141557675,11.715621389327033,93.45833333333333,1.1494222123214395,0.023564228838509855,False,1.2279517653834366,False,0.015625,False,False,0.031326405901505344,0.015625,False,False,-0.013143378708079127,0.9895134029767241,True,False,0.1374439992942439,0.08150034627426636,True,False,1.443086298808854,False,False,forward_only_adequate
277,sequential_evalue,martingale_evalue,True,ok,1.745648869145995,2.9478012272515404,6.951944359306508,-3.4051557558389236,33.5466107999708,1.0,1.0,,,1.0,1.0,-1.0236117500365884,-0.7412509469451654,2231,24,"[478, 450, 458, 469, 376]","[5, 5, 5, 5, 4]",False,False,False,False,False,0.007071067811865475,0.006933085837578382,24,24,24,0,0.0,{},0.7824023055939948,0.7290923783494605,0.0,False,True,False,False,True,False,0.0,6.951944359306508,-3.405155755838924,6.951944359306508,92.95833333333333,1.1212162822189062,0.008999163925886197,False,1.3429793250687783,False,0.018750000000000044,False,False,0.009200373506988857,0.018750000000000044,False,False,0.5935742170852152,0.5527969299273915,True,False,0.1357753404239317,0.17036338587713887,True,False,0.864290969555309,False,False,forward_only_adequate
278,sequential_evalue,martingale_evalue,True,ok,3.867364378141177,3.622343149612724,9.634172223581617,-3.0074128968764557,34.31906067214114,1.0,1.0,,,1.0,1.0,-1.0963903967969937,-0.009793912974465968,2214,24,"[464, 458, 458, 458, 376]","[5, 5, 5, 5, 4]",False,False,False,False,False,0.007071067811865475,0.006999603628666989,24,24,24,0,0.0,{},0.7829329788825565,0.7297794216695402,0.0,False,True,False,False,True,False,0.0,9.634172223581617,-3.0074128968764557,9.634172223581617,92.25,1.153618021562273,0.009928177576192595,False,1.2927531207719545,False,0.0215277777777777,False,False,0.022203370933990472,0.0215277777777777,False,False,0.8909525462716381,0.37295462859949347,True,False,0.10162270487338433,0.3010823529268559,True,False,1.1743078546713803,False,False,forward_only_adequate
279,sequential_evalue,martingale_evalue,True,ok,5.63594841046648,3.2216338297840763,11.507313898322133,0.5591576341306244,33.62222824859765,1.0,0.45276843203729794,,,1.0,0.45276843203729794,-1.1435376977545368,0.7923744717556389,2242,24,"[468, 459, 475, 467, 373]","[5, 5, 5, 5, 4]",False,False,False,False,False,0.007071067811865475,0.00704630165153852,24,24,24,0,0.0,{},0.7853264835450721,0.7042174055324857,0.0,False,True,False,False,True,False,0.0,11.507313898322133,0.5591576341306244,11.507313898322133,93.41666666666667,1.1449062101302165,0.02380363311745411,False,1.326742956685208,False,0.022222222222222254,False,False,0.03476796405906445,0.022222222222222254,False,False,-0.7336524557537563,0.46316058208520117,True,False,0.058396342660806136,0.5110436818768841,True,False,1.72149392398533,False,False,forward_only_adequate
280,sequential_evalue,martingale_evalue,True,ok,-0.5042478069730256,3.7866523211579013,6.411186359448281,-7.059317184301743,32.76083929559683,1.0,1.0,,,1.0,1.0,-0.8840745707212572,-0.9905060102914147,2241,24,"[455, 466, 475, 487, 358]","[5, 5, 5, 5, 4]",False,False,False,False,False,0.007071067811865475,0.007041880794825079,24,24,24,0,0.0,{},0.7839873921151159,0.720450169023805,0.0,False,True,False,False,True,False,0.0,6.411186359448281,-7.059317184301743,6.411186359448281,93.375,1.114625565936783,0.003912974576846467,False,1.256723311862079,False,0.019444444444444486,False,False,0.002303678809380292,0.019444444444444486,False,False,0.9280310771972818,0.353391449363873,True,False,0.1377666204912616,0.09617005993085706,True,False,0.7204569500266507,False,False,forward_only_adequate
281,sequential_evalue,martingale_evalue,True,ok,-0.3657438564211016,3.8088031529963153,5.6410894463089996,-7.432624050597659,34.70238799406026,1.0,1.0,,,1.0,1.0,-0.9792232373096115,-0.9397876992091441,2210,24,"[445, 464, 449, 470, 382]","[5, 5, 5, 5, 4]",False,False,False,False,False,0.007071067811865475,0.006926377738576382,24,24,24,0,0.0,{},0.7798705397970179,0.66220643145092,0.0,False,True,False,False,True,False,0.0,5.6410894463089996,-7.432624050597659,5.6410894463089996,92.08333333333333,1.1532568799015304,0.014870520750527897,False,1.3019304733214796,False,0.009375000000000022,False,False,0.0015572746946268267,0.009375000000000022,False,False,0.9444224591624383,0.34495380900645534,True,False,0.11091318480772876,0.34182711571884916,True,False,-1.3272837378910523,False,False,forward_only_adequate
282,sequential_evalue,martingale_evalue,True,ok,-2.4838863367866293,2.6031928007386935,1.7694180672185031,-6.943925811547919,32.991422883146726,1.0,1.0,,,1.0,1.0,-0.7222863192639013,-1.07052723177058,2224,24,"[469, 464, 478, 451, 362]","[5, 5, 5, 5, 4]",False,False,False,False,False,0.007071067811865475,0.007087804703138264,24,24,24,0,0.0,{},0.7856520832689291,0.7095217003390485,0.0,False,True,False,False,True,False,0.0,1.7694180672185034,-6.943925811547918,1.7694180672185034,92.66666666666667,1.1254975761372403,0.027661133541039853,False,1.3094452362748885,False,0.014583333333333282,False,False,0.013704100242071754,0.014583333333333282,False,False,0.5602714838414113,0.5752942749343317,True,False,0.11419373046387712,0.29567374587009065,True,False,0.6206985912065175,False,False,forward_only_adequate
283,sequential_evalue,martingale_evalue,True,ok,-8.102334220474281,3.4412050266072676,-2.308940417234747,-13.865836695481907,33.23957702055234,0.6577147079245017,1.0,,,0.6577147079245017,1.0,0.41898401626028114,-0.9901864722811529,2206,24,"[449, 468, 473, 453, 363]","[5, 5, 5, 5, 4]",False,False,False,False,False,0.007071067811865475,0.007010200823216848,24,24,24,0,0.0,{},0.7754910412155749,0.7091499994861329,0.0,False,True,False,False,True,False,0.0,-2.308940417234747,-13.865836695481908,-2.308940417234747,91.91666666666667,1.1169997751900165,0.006642288657798361,False,1.3187093640627985,False,0.020486111111111094,False,False,0.05491314321097815,0.020486111111111094,False,False,-1.3467307253488559,0.1780669728748382,True,False,0.2392882021274661,0.06590388529517345,True,False,-1.738664319679468,False,False,forward_only_adequate
284,sequential_evalue,martingale_evalue,True,ok,4.775878252362552,3.839625884479192,11.028879642247553,-1.7129485349886338,34.46547689791667,1.0,1.0,,,1.0,1.0,-0.7637434051470953,-0.24933808080146136,2203,24,"[462, 456, 462, 460, 363]","[5, 5, 5, 5, 4]",False,False,False,False,False,0.007071067811865475,0.0070160869093856704,24,24,24,0,0.0,{},0.7736448996920213,0.7259018519870097,0.0,False,True,False,False,True,False,0.0,11.028879642247553,-1.7129485349886338,11.028879642247553,91.79166666666667,1.1583795564467103,0.006983197795563204,False,1.2883885721222683,False,0.02083333333333326,False,False,0.028251698558312704,0.02083333333333326,False,False,0.8553524400926524,0.3923560645518296,True,False,0.06535201650462921,0.14872665703065197,True,False,1.2950569109479437,False,False,forward_only_adequate
285,sequential_evalue,martingale_evalue,True,ok,1.2446307550321265,3.4808158251156858,7.21559690076756,-5.039401111356159,32.00327736251615,1.0,1.0,,,1.0,1.0,-1.0384551687762695,-0.8580083993592944,2224,24,"[467, 448, 476, 456, 377]","[5, 5, 5, 5, 4]",False,False,False,False,False,0.007071067811865475,0.006964417930100187,24,24,24,0,0.0,{},0.7728222651964491,0.6946644172004007,0.0,False,True,False,False,True,False,0.0,7.215596900767561,-5.039401111356159,7.215596900767561,92.66666666666667,1.0727809559962784,0.010637900421096724,False,1.2597551605231372,False,0.04479166666666656,False,False,0.0065938176516703775,0.04479166666666656,False,False,-0.3972008534950214,0.6912193528591223,True,False,0.1299301359365083,0.08898196304329815,True,False,-0.23309906627547392,False,False,forward_only_adequate
286,sequential_evalue,martingale_evalue,True,ok,3.5225188803701477,4.6573160914788,11.497710294714233,-3.8969854404761217,34.02355126577495,1.0,0.7796317998357593,,,1.0,0.7796317998357593,-1.0416213122177236,0.24893352224249704,2237,24,"[460, 457, 468, 473, 379]","[5, 5, 5, 5, 4]",False,False,False,False,False,0.007071067811865475,0.0069488745031696,24,24,24,0,0.0,{},0.7864433164417071,0.6841316686289767,0.0,False,True,False,False,True,False,0.0,11.497710294714233,-3.8969854404761217,11.497710294714233,93.20833333333333,1.1412781055483776,0.021562425939566903,False,1.304961288515463,False,0.012499999999999956,False,False,0.020174171739083105,0.012499999999999956,False,False,-2.109721671528123,0.03488233669317733,True,False,0.1847343824060343,0.0928822026567472,True,False,-0.6267048292387044,False,False,forward_only_adequate
287,sequential_evalue,martingale_evalue,True,ok,-1.5663973212201034,4.523052849411479,5.4153159305221665,-10.470077551681674,34.3223145933002,0.6900292010540701,1.0,,,0.6900292010540701,1.0,0.3710213619180961,-0.8619718912354994,2237,24,"[469, 444, 480, 472, 372]","[5, 5, 5, 5, 4]",False,False,False,False,False,0.007071067811865475,0.006990862403775865,24,24,24,0,0.0,{},0.7882246616417107,0.6433135278064377,0.0,False,True,False,False,True,False,0.0,5.4153159305221665,-10.470077551681674,5.4153159305221665,93.20833333333333,1.1582563704124365,0.0011090530986778973,False,1.3066663778849592,False,0.036111111111111094,False,False,0.00784141020796903,0.036111111111111094,False,False,-0.6659436217964171,0.5054471368918565,True,False,0.14767573319842572,0.08391541873948581,True,False,0.8646614860360419,False,False,forward_only_adequate
288,sequential_evalue,martingale_evalue,True,ok,-4.3817227492167055,3.639443115484605,1.606588957679942,-10.492589792065779,31.969159496969706,1.0,1.0,,,1.0,1.0,-0.29738631658769643,-1.1084475091230315,2256,24,"[473, 463, 466, 476, 378]","[5, 5, 5, 5, 4]",False,False,False,False,False,0.007071067811865475,0.007060402474675702,24,24,24,0,0.0,{},0.7976534513387002,0.7161197735954019,0.0,False,True,False,False,True,False,0.0,1.606588957679942,-10.492589792065779,1.606588957679942,94.0,1.0941947029132317,0.0051442934449410236,False,1.2725961954425833,False,0.014930555555555558,False,False,0.027307066577033037,0.014930555555555558,False,False,-1.0910640878341715,0.2752446835557344,True,False,0.16146607161071186,0.3510542344228122,True,False,-1.5085622305123698,False,False,forward_only_adequate
289,sequential_evalue,martingale_evalue,True,ok,3.7591821871716284,4.068288496776139,11.500458930110685,-3.139225892762278,34.17920028389901,1.0,1.0,,,1.0,1.0,-0.6050203074642524,-0.13543910879696752,2190,24,"[445, 460, 465, 436, 384]","[5, 5, 5, 5, 4]",False,False,False,False,False,0.007071067811865475,0.006999180143545498,24,24,24,0,0.0,{},0.7558839254498714,0.6869690247395958,0.0,False,True,False,False,True,False,0.0,11.500458930110687,-3.139225892762278,11.500458930110687,91.25,1.142603392893736,0.007464368272289796,False,1.2532834800849837,False,0.01041666666666663,False,False,0.02172464707857287,0.01041666666666663,False,False,0.23349551087062842,0.8153766550374326,True,False,0.19861519159946017,0.033996306016008795,True,False,1.5879220167656631,False,False,forward_only_adequate
290,sequential_evalue,martingale_evalue,True,ok,-0.685861732661491,3.6845426663870295,6.213887772682005,-6.342721782013739,33.41973862798445,1.0,1.0,,,1.0,1.0,-0.9201039292691622,-1.0478741094865442,2237,24,"[468, 464, 463, 478, 364]","[5, 5, 5, 5, 4]",False,False,False,False,False,0.007071067811865475,0.006926606281022237,24,24,24,0,0.0,{},0.7857865086985678,0.7184284887709889,0.0,False,True,False,False,True,False,0.0,6.213887772682004,-6.342721782013739,6.213887772682004,93.20833333333333,1.117431543988995,0.05401582422465,False,1.2654046130611123,False,0.04583333333333339,False,False,0.003231355806679097,0.04583333333333339,False,False,-0.17273823183168138,0.8628571908316853,True,False,0.12193264031391773,0.2045042409986174,True,False,-0.3056002955450047,False,False,forward_only_adequate
291,sequential_evalue,martingale_evalue,True,ok,-1.167129809802366,3.413068891716844,4.496338377931397,-7.9263238722756295,34.11680003497201,1.0,1.0,,,1.0,1.0,-0.7754031645398569,-0.8811532779908691,2215,24,"[455, 441, 464, 473, 382]","[5, 5, 5, 5, 4]",False,False,False,False,False,0.007071067811865475,0.006969397441910158,24,24,24,0,0.0,{},0.7863156473828496,0.6308846459709451,0.0,False,True,False,False,True,False,0.0,4.496338377931397,-7.926323872275629,4.496338377931397,92.29166666666667,1.1421279782194413,0.03517654830553956,False,1.3086333806939292,False,0.032638888888888884,False,False,0.0057151532167330175,0.032638888888888884,False,False,-1.1011080126305375,0.27084965014539286,True,False,0.1583541178598174,0.2427944938498538,True,False,-0.9535183843183018,False,False,forward_only_adequate
292,sequential_evalue,martingale_evalue,True,ok,-3.7782594593163132,4.785925333415538,4.947813593568057,-12.000985106516234,34.02133303731344,1.0,1.0,,,1.0,1.0,-0.4323253994514701,-1.1690383072269173,2182,24,"[454, 468, 457, 434, 369]","[5, 5, 5, 5, 4]",False,False,False,False,False,0.007071067811865475,0.006901228493667966,24,24,24,0,0.0,{},0.776541405888836,0.6839132975155474,0.0,False,True,False,False,True,False,0.0,4.947813593568057,-12.000985106516234,4.947813593568057,90.91666666666667,1.1193592427744636,0.01046200444617348,False,1.2752288623665546,False,0.022222222222222254,False,False,0.02238034163680095,0.022222222222222254,False,False,-1.3454357419773375,0.17848455941374874,True,False,0.253146205534729,0.09094972416036003,True,False,-0.15302076050107286,False,False,forward_only_adequate
293,sequential_evalue,martingale_evalue,True,ok,0.9146645436850612,3.6198123754408864,8.839628384355004,-4.4116392317831306,32.746421363092196,1.0,1.0,,,1.0,1.0,-0.9493611172796352,-0.8385436266570165,2192,24,"[468, 463, 446, 453, 362]","[5, 5, 5, 5, 4]",False,False,False,False,False,0.007071067811865475,0.007015081974265687,24,24,24,0,0.0,{},0.7715914909396882,0.6609104080457008,0.0,False,True,False,False,True,False,0.0,8.839628384355004,-4.4116392317831306,8.839628384355004,91.33333333333333,1.0976939093368328,0.00570704638569395,False,1.2907004305255656,False,0.009722222222222188,False,False,0.004545278774464538,0.009722222222222188,False,False,0.5951019552088703,0.5517753217858066,True,False,0.10408897126933052,0.3101423640561032,True,False,-0.12678002490736331,False,False,forward_only_adequate
294,sequential_evalue,martingale_evalue,True,ok,5.487481523238107,3.922387976662492,12.139046661432753,-1.7303282989266418,33.98886837457168,1.0,1.0,,,1.0,1.0,-1.3123232550257158,-0.4695519674490929,2227,24,"[465, 459, 467, 472, 364]","[5, 5, 5, 5, 4]",False,False,False,False,False,0.007071067811865475,0.007021688773396375,24,24,24,0,0.0,{},0.7845692265133908,0.6942679698525888,0.0,False,True,False,False,True,False,0.0,12.139046661432753,-1.7303282989266418,12.139046661432753,92.79166666666667,1.1494835841878481,0.01784457440742562,False,1.2849058015423067,False,0.028819444444444398,False,False,0.03353878358370022,0.028819444444444398,False,False,-1.6635262040816658,0.09620714999237999,True,False,0.23126714647816962,0.06668465372326673,True,False,0.8467035654359216,False,False,forward_only_adequate
295,sequential_evalue,martingale_evalue,True,ok,4.911462043530679,3.9423486831233023,10.859816858329502,-1.9127593467751982,33.45882814372668,1.0,1.0,,,1.0,1.0,-1.2273839497490242,-0.09361175197117577,2222,24,"[470, 454, 466, 457, 375]","[5, 5, 5, 5, 4]",False,False,False,False,False,0.007071067811865475,0.007016768037688207,24,24,24,0,0.0,{},0.7852145736614476,0.7014239673476735,0.0,False,True,False,False,True,False,0.0,10.859816858329502,-1.9127593467751982,10.859816858329502,92.58333333333333,1.129494854386139,0.013640762033757912,False,1.3360997664430987,False,0.01840277777777788,False,False,0.030065575609368917,0.01840277777777788,False,False,-0.8808047994669617,0.37842348159026196,True,False,0.17640177257227507,0.09085603852585665,True,False,1.6117720311553179,False,False,forward_only_adequate
296,sequential_evalue,martingale_evalue,True,ok,-0.4889567624430047,3.5421607055330573,5.176066219431698,-6.987449623739416,33.581940693121645,1.0,1.0,,,1.0,1.0,-0.988844770054196,-1.0670341786877193,2240,24,"[470, 457, 470, 468, 375]","[5, 5, 5, 5, 4]",False,False,False,False,False,0.007071067811865475,0.007023956605599933,24,24,24,0,0.0,{},0.7862162121422136,0.6982910678846042,0.0,False,True,False,False,True,False,0.0,5.176066219431698,-6.987449623739416,5.176066219431698,93.33333333333333,1.1393994428834333,0.005928113243369568,False,1.2615077815803977,False,0.036805555555555536,False,False,0.0021731336208852237,0.036805555555555536,False,False,0.7094853967892378,0.4780233105066345,True,False,0.20932706990171146,0.009815458721651373,True,False,0.4363787658626423,False,False,forward_only_adequate
297,sequential_evalue,martingale_evalue,True,ok,-4.499218972657903,3.6266340559033265,2.002690436794923,-10.69921043271398,34.353694518607526,1.0,1.0,,,1.0,1.0,-0.4866835060280952,-1.1954345491790082,2232,24,"[455, 460, 469, 466, 382]","[5, 5, 5, 5, 4]",False,False,False,False,False,0.007071067811865475,0.007038390999931897,24,24,24,0,0.0,{},0.7895433715804587,0.7000602546837323,0.0,False,True,False,False,True,False,0.0,2.002690436794923,-10.699210432713977,2.002690436794923,93.0,1.165891986786501,0.010233642229997859,False,1.281802875885191,False,0.02951388888888895,False,False,0.02615357964169982,0.02951388888888895,False,False,-0.506936543674462,0.6121993436276372,True,False,0.14788496144977348,0.10221670894670462,True,False,-1.2705490031280577,False,False,forward_only_adequate
298,sequential_evalue,martingale_evalue,True,ok,5.828128464350596,4.292110589547217,11.8967198152978,-3.459066049546691,34.65155860427093,0.7652447031960316,1.0,,,0.7652447031960316,1.0,0.2675596228453442,-0.026761145509377582,2245,24,"[458, 470, 472, 469, 376]","[5, 5, 5, 5, 4]",False,False,False,False,False,0.007071067811865475,0.007010444859954831,24,24,24,0,0.0,{},0.7879133416238125,0.7340992339770197,0.0,False,True,False,False,True,False,0.0,11.8967198152978,-3.4590660495466907,11.8967198152978,93.54166666666667,1.1747377029654331,0.017887241349501013,False,1.2421377180511102,False,0.022916666666666696,False,False,0.03508802731193271,0.022916666666666696,False,False,0.5350881769766781,0.5925888850584852,True,False,0.1647030000703723,0.15101699655870804,True,False,2.0382537603188693,False,False,forward_only_adequate
299,sequential_evalue,martingale_evalue,True,ok,-2.727718321801626,3.6018340826841135,3.7124881754667833,-8.518488872813789,33.61318049079897,1.0,1.0,,,1.0,1.0,-0.48514969310388356,-0.9804718803842309,2238,24,"[463, 490, 471, 446, 368]","[5, 5, 5, 5, 4]",False,False,False,False,False,0.007071067811865475,0.006960489206330457,24,24,24,0,0.0,{},0.7939631941785559,0.6675078843983357,0.0,False,True,False,False,True,False,0.0,3.7124881754667833,-8.518488872813789,3.7124881754667833,93.25,1.1296497132828447,0.019634229247888442,False,1.273019992749904,False,0.017013888888888884,False,False,0.01519626296025788,0.017013888888888884,False,False,0.5280650028478676,0.5974542202331834,True,False,0.12438107870868968,0.5501408088715372,True,False,-0.08797909944836829,False,False,forward_only_adequate
300,sequential_evalue,martingale_evalue,True,ok,-7.1893413483675905,4.016113834281272,-0.19618091605581345,-13.828646856880745,34.49983264922121,0.8370669252526133,1.0,,,0.8370669252526133,1.0,0.1778512532033727,-1.2475140004872767,2227,24,"[452, 462, 474, 470, 369]","[5, 5, 5, 5, 4]",False,False,False,False,False,0.007071067811865475,0.006888258698115307,24,24,24,0,0.0,{},0.7788534942182461,0.6845580406803995,0.0,False,True,False,False,True,False,0.0,-0.19618091605581345,-13.828646856880745,-0.19618091605581345,92.79166666666667,1.1445925892158821,0.01348470179458471,False,1.3003666554436144,False,0.018749999999999933,False,False,0.046319106614009724,0.018749999999999933,False,False,-1.1100075223200048,0.26699578500854637,True,False,0.20116494352174716,0.08053678089504286,True,False,-2.2158754698047645,False,False,forward_only_adequate
301,sequential_evalue,martingale_evalue,True,ok,-2.838141095383334,4.538565250057599,5.810340624138314,-10.174175015083808,34.87134659874187,0.9686566118681958,1.0,,,0.9686566118681958,1.0,0.03184510361360671,-0.7825598314942633,2218,24,"[450, 464, 476, 456, 372]","[5, 5, 5, 5, 4]",False,False,False,False,False,0.007071067811865475,0.006898197738468275,24,24,24,0,0.0,{},0.7790854478664566,0.6959281591670579,0.0,False,True,False,False,True,False,0.0,5.810340624138315,-10.174175015083808,5.810340624138315,92.41666666666667,1.1562440536357046,0.01571249132817852,False,1.2405441834141364,False,0.023263888888888862,False,False,0.015485999196017187,0.023263888888888862,False,False,-0.7808372446838762,0.43489822546593904,True,False,0.12237084890430804,0.2357249457998135,True,False,-0.8310418979714415,False,False,forward_only_adequate
302,sequential_evalue,martingale_evalue,True,ok,-6.219779323370269,3.504475073993523,0.09840684162410529,-12.37314325516903,34.03790558994254,0.9504738001357833,1.0,,,0.9504738001357833,1.0,0.050794681730469304,-1.2570757011211549,2200,24,"[462, 469, 458, 447, 364]","[5, 5, 5, 5, 4]",False,False,False,False,False,0.007071067811865475,0.006921858723505093,24,24,24,0,0.0,{},0.775716599873651,0.6872964249757583,0.0,False,True,False,False,True,False,0.0,0.09840684162410529,-12.373143255169031,0.09840684162410529,91.66666666666667,1.1278758151742505,0.024977329578452005,False,1.3292020405533247,False,0.014236111111111116,False,False,0.03973146096430658,0.014236111111111116,False,False,-1.0353767230961926,0.30049301190976563,True,False,0.1324614660306072,0.21321436979256958,True,False,-1.7740761488275365,False,False,forward_only_adequate
303,sequential_evalue,martingale_evalue,True,ok,3.6408154254323093,3.5137034313395397,8.747795586636066,-2.39553039189161,34.94257684634219,1.0,1.0,,,1.0,1.0,-1.2265999929349545,-0.7080911520152908,2255,24,"[451, 470, 470, 472, 392]","[5, 5, 5, 5, 4]",False,False,False,False,False,0.007071067811865475,0.006939889687435005,24,24,24,0,0.0,{},0.7931565066060378,0.6687098153735886,0.0,False,True,False,False,True,False,0.0,8.747795586636066,-2.39553039189161,8.747795586636066,93.95833333333333,1.1752903025257764,0.014470641929466784,False,1.2616887259973197,False,0.013541666666666674,False,False,0.02026000313542636,0.013541666666666674,False,False,0.36360100384599175,0.7161559770586048,True,False,0.21786786894270654,0.0685531522689368,True,False,1.0860097138106481,False,False,forward_only_adequate
304,sequential_evalue,martingale_evalue,True,ok,-0.4078349965778229,3.567991919963374,5.221823461707302,-6.946800038862245,33.312799567514766,1.0,1.0,,,1.0,1.0,-0.3513612702540273,-0.726869447402082,2236,24,"[470, 476, 461, 458, 371]","[5, 5, 5, 5, 4]",False,False,False,False,False,0.007071067811865475,0.006989478691338207,24,24,24,0,0.0,{},0.7794147974899504,0.7124585042811219,0.0,False,True,False,False,True,False,0.0,5.221823461707302,-6.9468000388622455,5.221823461707302,93.16666666666667,1.1237150568696228,0.021954219239028887,False,1.3697322815046273,False,0.016666666666666607,False,False,0.001806400774636312,0.016666666666666607,False,False,0.9573965933371699,0.3383671172776679,True,False,0.12317695508107136,0.27759919606879385,True,False,-0.06570617871101794,False,False,forward_only_adequate
305,sequential_evalue,martingale_evalue,True,ok,3.434062089790093,3.671923378806367,8.9457645634814,-3.0614321477242323,33.70679475668076,1.0,1.0,,,1.0,1.0,-1.1503640467517018,-0.4802951486370691,2230,24,"[464, 473, 463, 456, 374]","[5, 5, 5, 5, 4]",False,False,False,False,False,0.007071067811865475,0.006982624473153547,24,24,24,0,0.0,{},0.7929887530396398,0.7204964066309529,0.0,False,True,False,False,True,False,0.0,8.9457645634814,-3.0614321477242323,8.9457645634814,92.91666666666667,1.1343653646886314,0.01396414928689432,False,1.2972030804299446,False,0.042013888888888906,False,False,0.019726978627561134,0.042013888888888906,False,False,-0.6079196500312857,0.5432407662443384,True,False,0.09140487774648735,0.36724337433790155,True,False,0.2280236277577543,False,False,forward_only_adequate
306,sequential_evalue,martingale_evalue,True,ok,1.802828754460785,3.9508107279462097,8.505080570666378,-5.15102913032145,33.15628813542299,1.0,1.0,,,1.0,1.0,-1.062116551670204,-0.7819985972430723,2209,24,"[467, 464, 475, 440, 363]","[5, 5, 5, 5, 4]",False,False,False,False,False,0.007071067811865475,0.006985173943172516,24,24,24,0,0.0,{},0.7757521772004596,0.7049918278858066,0.0,False,True,False,False,True,False,0.0,8.505080570666378,-5.15102913032145,8.505080570666378,92.04166666666667,1.1109777770102038,0.012343793727960848,False,1.3227601151619413,False,0.040277777777777746,False,False,0.009644008404586011,0.040277777777777746,False,False,-0.42244500811674357,0.672700231859118,True,False,0.1237524693330138,0.20609893438877136,True,False,0.32858734243200044,False,False,forward_only_adequate
307,sequential_evalue,martingale_evalue,True,ok,0.3908746586429688,4.273256829276269,8.777267024944063,-7.021149854231861,34.754927868213805,1.0,1.0,,,1.0,1.0,-0.9261720146411074,-0.9047479661263784,2227,24,"[451, 467, 462, 461, 386]","[5, 5, 5, 5, 4]",False,False,False,False,False,0.007071067811865475,0.0069076928474614795,24,24,24,0,0.0,{},0.7734505855406635,0.6947358986355296,0.0,False,True,False,False,True,False,0.0,8.777267024944063,-7.021149854231861,8.777267024944063,92.79166666666667,1.1563089889502194,0.01333405987681756,False,1.308118217377175,False,0.012847222222222232,False,False,0.0016704640706121277,0.012847222222222232,False,False,0.758097439630087,0.44839265237236237,True,False,0.12364629061471934,0.3197907340036992,True,False,0.2198029149790081,False,False,forward_only_adequate
308,sequential_evalue,martingale_evalue,True,ok,1.4695405629499998,2.1532081257104783,5.273774155001584,-2.4230250535121063,32.348408196687735,1.0,1.0,,,1.0,1.0,-0.9380589845293057,-0.6572587024376041,2247,24,"[484, 472, 460, 469, 362]","[5, 5, 5, 5, 4]",False,False,False,False,False,0.007071067811865475,0.0069814951328369896,24,24,24,0,0.0,{},0.7906114831070645,0.7325959527352475,0.0,False,True,False,False,True,False,0.0,5.273774155001584,-2.4230250535121063,5.273774155001584,93.625,1.0926152907328939,0.027962723727598966,False,1.3620230789122723,False,0.023611111111111138,False,False,0.007792830601671137,0.023611111111111138,False,False,2.5874831884810665,0.00966799132707546,True,False,0.2442869139731916,0.04788590675092825,True,False,2.231795126540521,False,False,forward_only_adequate
309,sequential_evalue,martingale_evalue,True,ok,1.5703156702856533,4.294150017186574,8.64685839745196,-5.855438062949462,34.4735890171691,1.0,1.0,,,1.0,1.0,-0.8388409007108948,-0.017299843550961036,2194,24,"[448, 449, 466, 452, 379]","[5, 5, 5, 5, 4]",False,False,False,False,False,0.007071067811865475,0.006932897362563536,24,24,24,0,0.0,{},0.7699176691016205,0.6978779583794259,0.0,False,True,False,False,True,False,0.0,8.64685839745196,-5.855438062949463,8.64685839745196,91.41666666666667,1.1425730226034296,0.026488602354266044,False,1.317921532096008,False,0.03645833333333337,False,False,0.007986034007674083,0.03645833333333337,False,False,0.2674685761523524,0.7891084056818125,True,False,0.14258303648321,0.16109453221387385,True,False,0.49697236134833944,False,False,forward_only_adequate
310,sequential_evalue,martingale_evalue,True,ok,-1.7921535509778133,2.8812650057840647,3.2385613841101772,-6.447714626850455,33.77328994126277,1.0,1.0,,,1.0,1.0,-0.8243237035107154,-1.0251865607580821,2265,24,"[481, 459, 488, 471, 366]","[5, 5, 5, 5, 4]",False,False,False,False,False,0.007071067811865475,0.0068353509336492695,24,24,24,0,0.0,{},0.7901452121761232,0.7248532315927844,0.0,False,True,False,False,True,False,0.0,3.2385613841101772,-6.447714626850455,3.2385613841101772,94.375,1.121328012552654,0.007418671519460281,False,1.28839787303802,False,0.029861111111111116,False,False,0.009478525250407783,0.029861111111111116,False,False,1.9833381573634408,0.047329669921226517,True,False,0.22991344665982336,0.03919178343530515,True,False,0.5987883680237415,False,False,forward_only_adequate
311,sequential_evalue,martingale_evalue,True,ok,6.2106990269161555,3.6340995191292316,12.123436292738157,0.05281696136632341,33.06715821290919,1.0,1.0,,,1.0,1.0,-1.3213220192724335,-0.299728977249469,2204,24,"[447, 462, 456, 479, 360]","[5, 5, 5, 5, 4]",False,False,False,False,False,0.007071067811865475,0.00702034254036176,24,24,24,0,0.0,{},0.7697653022980886,0.7191597963848431,0.0,False,True,False,False,True,False,0.0,12.123436292738157,0.05281696136632341,12.123436292738157,91.83333333333333,1.1123087531648335,0.006429419681541955,False,1.2651862125066966,False,0.016319444444444442,False,False,0.040317374284571175,0.016319444444444442,False,False,1.0642364430168145,0.2872216017809093,True,False,0.1023825436573278,0.17510669788157313,True,False,1.402427702202199,False,False,forward_only_adequate
312,sequential_evalue,martingale_evalue,True,ok,1.6886314739412234,4.059544381828319,8.449682691551939,-5.703678864377723,34.766579864069286,1.0,1.0,,,1.0,1.0,-1.0335565669264233,-0.8481378892288285,2269,24,"[479, 465, 478, 475, 372]","[5, 5, 5, 5, 4]",False,False,False,False,False,0.007071067811865475,0.006935722228891756,24,24,24,0,0.0,{},0.7894842854835726,0.722381444485607,0.0,False,True,False,False,True,False,0.0,8.449682691551939,-5.703678864377724,8.449682691551939,94.54166666666667,1.1722906264830464,0.0170503161956343,False,1.306070399845065,False,0.006597222222222254,False,False,0.008422816798352334,0.006597222222222254,False,False,0.30626914517568665,0.7593997297286799,True,False,0.1945139828216328,0.08926894248448441,True,False,0.9278842015903691,False,False,forward_only_adequate
313,sequential_evalue,martingale_evalue,True,ok,1.137466474624665,3.434870604836718,7.10147462002209,-4.452203782854358,34.01631767194267,1.0,1.0,,,1.0,1.0,-0.8192667188791061,-0.7282053363701898,2238,24,"[461, 456, 468, 472, 381]","[5, 5, 5, 5, 4]",False,False,False,False,False,0.007071067811865475,0.007023157093971937,24,24,24,0,0.0,{},0.7935987919867342,0.6681405453177416,0.0,False,True,False,False,True,False,0.0,7.101474620022091,-4.452203782854358,7.101474620022091,93.25,1.153490723045853,0.008119521382946839,False,1.2424504805808774,False,0.026736111111111183,False,False,0.0054906063155927476,0.026736111111111183,False,False,-2.1820061501108112,0.029109078834149284,True,False,0.20476185732104615,0.16432898297422988,True,False,-0.2815188028789922,False,False,forward_only_adequate
314,sequential_evalue,martingale_evalue,True,ok,2.3151398591162375,3.977990751072376,8.417993307867158,-4.5734832119253035,33.48971754079142,1.0,1.0,,,1.0,1.0,-0.9651391565935459,-0.5805017005982882,2220,24,"[462, 448, 470, 465, 375]","[5, 5, 5, 5, 4]",False,False,False,False,False,0.007071067811865475,0.007000366771935631,24,24,24,0,0.0,{},0.7811199682360186,0.712627639923606,0.0,False,True,False,False,True,False,0.0,8.417993307867158,-4.5734832119253035,8.417993307867158,92.5,1.1273873307558413,0.020743757417235983,False,1.2730869398790199,False,0.015972222222222165,False,False,0.012617970356541108,0.015972222222222165,False,False,-0.4102190598083503,0.6816452605206926,True,False,0.16929924566768495,0.3025884883966661,True,False,0.14509148208731745,False,False,forward_only_adequate
315,sequential_evalue,martingale_evalue,True,ok,4.954664609983978,3.5039764091401926,10.730652075281707,-0.7052062867651196,34.00409488002027,1.0,1.0,,,1.0,1.0,-1.1955946756413804,-0.5094558424685086,2188,24,"[457, 453, 452, 459, 367]","[5, 5, 5, 5, 4]",False,False,False,False,False,0.007071067811865475,0.0069780444948430945,24,24,24,0,0.0,{},0.7721049675966425,0.7022360495208382,0.0,False,True,False,False,True,False,0.0,10.730652075281705,-0.7052062867651196,10.730652075281705,91.16666666666667,1.1327993625736388,0.0009120118256112197,False,1.2270859033991037,False,0.017013888888888884,False,False,0.030271520630086007,0.017013888888888884,False,False,0.5764752754355987,0.5642939770153701,True,False,0.09711669934025466,0.2738114971403313,True,False,0.4235434549210155,False,False,forward_only_adequate
316,sequential_evalue,martingale_evalue,True,ok,0.8646113906919238,4.6435194659727985,9.262884145789583,-6.940056089737529,33.92101918674974,1.0,1.0,,,1.0,1.0,-0.6541508042648707,-0.4885766524608154,2227,24,"[452, 452, 489, 477, 357]","[5, 5, 5, 5, 4]",False,False,False,False,False,0.007071067811865475,0.006950564013998465,24,24,24,0,0.0,{},0.7775791377842383,0.6680064113442168,0.0,False,True,False,False,True,False,0.0,9.262884145789583,-6.940056089737529,9.262884145789583,92.79166666666667,1.135568748632518,0.01985500579537307,False,1.270962418729904,False,0.022222222222222143,False,False,0.004109031511497792,0.022222222222222143,False,False,-0.8507303638903501,0.39491915205259354,True,False,0.11524677900075657,0.3260767869218874,True,False,-1.6411212906546135,False,False,forward_only_adequate
317,sequential_evalue,martingale_evalue,True,ok,2.060596273051269,4.1083138116726285,8.697183672865474,-6.052710416593518,34.10862441756011,1.0,1.0,,,1.0,1.0,-0.3632881983942761,-0.008448366414891328,2247,24,"[464, 458, 463, 473, 389]","[5, 5, 5, 5, 4]",False,False,False,False,False,0.007071067811865475,0.0070172499960244284,24,24,24,0,0.0,{},0.7894207670841165,0.7251590785826841,0.0,False,True,False,False,True,False,0.0,8.697183672865474,-6.052710416593517,8.697183672865474,93.625,1.1579693745921114,0.02161029304899252,False,1.2206640252905268,False,0.014236111111111116,False,False,0.010712391355447815,0.014236111111111116,False,False,0.23421391826412866,0.8148189102866681,True,False,0.19300422729363556,0.15451037980846433,True,False,-0.9600127479403288,False,False,forward_only_adequate
318,sequential_evalue,martingale_evalue,True,ok,1.064331374188214,3.8164165224333186,8.379415490479612,-4.465687667630678,33.27092212152516,1.0,1.0,,,1.0,1.0,-0.8886206127672491,-0.7743518800555802,2184,24,"[457, 460, 442, 463, 362]","[5, 5, 5, 5, 4]",False,False,False,False,False,0.007071067811865475,0.00695908664870867,24,24,24,0,0.0,{},0.7579308719187814,0.70810431501577,0.0,False,True,False,False,True,False,0.0,8.379415490479612,-4.465687667630678,8.379415490479612,91.0,1.1043526616781147,0.014907071894691409,False,1.2269116544595822,False,0.046527777777777724,False,False,0.005350973365069063,0.046527777777777724,False,False,0.2726167199900535,0.7851478579273541,True,False,0.1232058256922115,0.13272824238171854,True,False,-0.2543805854736825,False,False,forward_only_adequate
319,sequential_evalue,martingale_evalue,True,ok,-8.004247896755091,3.655917071840484,-1.5033341910994755,-13.723033734337108,34.21487022511426,0.9256637145218495,1.0,,,0.9256637145218495,1.0,0.07724426955791397,-1.393999050601245,2219,24,"[464, 458, 468, 467, 362]","[5, 5, 5, 5, 4]",False,False,False,False,False,0.007071067811865475,0.006888426428283947,24,24,24,0,0.0,{},0.7689336629328021,0.7182376930607393,0.0,False,True,False,False,True,False,0.0,-1.5033341910994755,-13.723033734337108,-1.5033341910994755,92.45833333333333,1.1331253510128492,0.024300140350136983,False,1.261850496060926,False,0.023263888888888973,False,False,0.053216522011368145,0.023263888888888973,False,False,-2.9369702546815413,0.003314358924353828,True,False,0.23599906462988296,0.011111239682442998,True,False,-1.039216136102364,False,False,forward_only_adequate
320,sequential_evalue,martingale_evalue,True,ok,8.356887767833694,3.558807610241345,13.83389994161518,1.7920885896311072,34.1055879600326,1.0,1.0,,,1.0,1.0,-1.4624280080194012,-0.2593045440511905,2204,24,"[458, 470, 458, 444, 374]","[5, 5, 5, 5, 4]",False,False,False,False,False,0.007071067811865475,0.007005001681744743,24,24,24,0,0.0,{},0.7730697384333823,0.7122943777184465,0.0,False,True,False,False,True,False,0.0,13.83389994161518,1.7920885896311072,13.83389994161518,91.83333333333333,1.1447323691449525,0.0032081051089461157,False,1.2872460456923527,False,0.033333333333333326,False,False,0.05533147262452853,0.033333333333333326,False,False,-0.1643772609835497,0.8694341631861693,True,False,0.16216514536396048,0.13061772884438802,True,False,1.0640269942486589,False,False,forward_only_adequate
321,sequential_evalue,martingale_evalue,True,ok,-6.563644012844393,3.4977038071231945,-0.8262235627491856,-13.252416473428791,34.223725872543525,0.06712667827604467,1.0,,,0.06712667827604467,1.0,2.7011737242154594,-1.107675924012292,2234,24,"[470, 451, 474, 465, 374]","[5, 5, 5, 5, 4]",False,False,False,False,False,0.007071067811865475,0.006898927174637539,24,24,24,0,0.0,{},0.7880668000791619,0.7010338117909567,0.0,False,True,False,False,True,False,0.0,-0.8262235627491856,-13.25241647342879,-0.8262235627491856,93.08333333333333,1.1389766401670185,0.0013287926531447291,False,1.2099248376193164,False,0.015625,False,False,0.04184505404216533,0.015625,False,False,0.37787105735686327,0.7055263840137803,True,False,0.11876220095147363,0.2734744003444589,True,False,-0.9360771606738337,False,False,forward_only_adequate
322,sequential_evalue,martingale_evalue,True,ok,1.6593783526776036,3.4230842368750967,9.141381535165374,-3.3111774221282273,33.88906738238649,1.0,1.0,,,1.0,1.0,-0.9102118144479159,-0.6817622980552756,2196,24,"[466, 442, 473, 453, 362]","[5, 5, 5, 5, 4]",False,False,False,False,False,0.007071067811865475,0.0069176999931658606,24,24,24,0,0.0,{},0.7799508904950201,0.694673109865495,0.0,False,True,False,False,True,False,0.0,9.141381535165374,-3.311177422128227,9.141381535165374,91.5,1.1212485445496883,0.004393653088407953,False,1.3293065477182262,False,0.02013888888888893,False,False,0.008685313818664457,0.02013888888888893,False,False,0.042943425156436746,0.96574663239124,True,False,0.18589914540707086,0.015642069114175962,True,False,-0.03746207721985148,False,False,forward_only_adequate
323,sequential_evalue,martingale_evalue,True,ok,-0.025558763909854676,3.957017938327198,6.578207194974654,-6.795315286968853,35.529866617316365,1.0,1.0,,,1.0,1.0,-0.43481895985482777,-0.8364867889217096,2218,24,"[467, 462, 472, 459, 358]","[5, 5, 5, 5, 4]",False,False,False,False,False,0.007071067811865475,0.006929327378203071,24,24,24,0,0.0,{},0.7833267867244693,0.6996273594361857,0.0,False,True,False,False,True,False,0.0,6.578207194974655,-6.795315286968854,6.578207194974655,92.41666666666667,1.183395222608686,0.010997684663276391,False,1.2988332959094782,False,0.013194444444444509,False,False,8.558754761989418e-05,0.013194444444444509,False,False,-1.0026530314568245,0.31602829910267016,True,False,0.14188231034710058,0.20751682752873069,True,False,-0.0468289469067595,False,False,forward_only_adequate
324,sequential_evalue,martingale_evalue,True,ok,-1.5499650964141918,4.202920776579196,5.726539948557897,-8.478440838233054,33.97038509880485,1.0,1.0,,,1.0,1.0,-0.008316103950010978,-0.9714237183297216,2241,24,"[462, 452, 465, 473, 389]","[5, 5, 5, 5, 4]",False,False,False,False,False,0.007071067811865475,0.007000397609608,24,24,24,0,0.0,{},0.7794177980919701,0.6941327600462602,0.0,False,True,False,False,True,False,0.0,5.726539948557897,-8.478440838233054,5.726539948557897,93.375,1.1489694722556654,0.006802950717983685,False,1.2372196128596449,False,0.024652777777777746,False,False,0.007819276939941252,0.024652777777777746,False,False,0.8420036585529692,0.3997859055973002,True,False,0.1252583329711195,0.18580273343589876,True,False,1.8732430285897768,False,False,forward_only_adequate
325,sequential_evalue,martingale_evalue,True,ok,0.5272159864165427,3.1657171948991474,5.768722853522187,-5.452930531021703,32.63010847771382,1.0,1.0,,,1.0,1.0,-0.8180056547523362,-0.8238995377069924,2235,24,"[463, 464, 471, 468, 369]","[5, 5, 5, 5, 4]",False,False,False,False,False,0.007071067811865475,0.00689686176367124,24,24,24,0,0.0,{},0.7905298988823364,0.7286651972490421,0.0,False,True,False,False,True,False,0.0,5.7687228535221875,-5.452930531021703,5.7687228535221875,93.125,1.0858583770867294,0.018612252833625373,False,1.3246738972430165,False,0.025694444444444464,False,False,0.002491128027780003,0.025694444444444464,False,False,0.40211805294271596,0.687597147295457,True,False,0.0730091148931819,0.5753461385226386,True,False,-0.05798207716294843,False,False,forward_only_adequate
326,sequential_evalue,martingale_evalue,True,ok,-0.9850325746859244,2.7176956609102723,3.53209601959909,-5.83606453070877,34.464752848591054,1.0,1.0,,,1.0,1.0,-0.8223614800561246,-0.9836737027178954,2205,24,"[463, 457, 455, 457, 373]","[5, 5, 5, 5, 4]",False,False,False,False,False,0.007071067811865475,0.006963109196933878,24,24,24,0,0.0,{},0.7770691046594818,0.6975873930973299,0.0,False,True,False,False,True,False,0.0,3.53209601959909,-5.836064530708771,3.53209601959909,91.875,1.1501303258091786,0.011615846594671056,False,1.2492654766912303,False,0.036805555555555536,False,False,0.004687221779330977,0.036805555555555536,False,False,-0.4273629009538209,0.6691150245833577,True,False,0.23929939043463558,0.028914527141940243,True,False,0.1380780206176729,False,False,forward_only_adequate
327,sequential_evalue,martingale_evalue,True,ok,-0.20838530554286372,2.8072642812471322,4.8704978162043675,-4.963472917265328,33.69538134797204,1.0,1.0,,,1.0,1.0,-0.949135485656222,-0.9594417578046068,2231,24,"[469, 451, 489, 465, 357]","[5, 5, 5, 5, 4]",False,False,False,False,False,0.007071067811865475,0.0070064641094588825,24,24,24,0,0.0,{},0.7850896254876079,0.7089596252781949,0.0,False,True,False,False,True,False,0.0,4.8704978162043675,-4.963472917265328,4.8704978162043675,92.95833333333333,1.1381079215709549,0.027697684951507134,False,1.3561570664732148,False,0.006250000000000089,False,False,0.0008537417286343918,0.006250000000000089,False,False,-0.14986171783155913,0.8808737153052237,True,False,0.08385804478218294,0.21080751397579392,True,False,-0.21160867482719584,False,False,forward_only_adequate
328,sequential_evalue,martingale_evalue,True,ok,-4.58993781291457,2.758033830264594,0.04649156232756191,-9.235820956528977,33.99123797078811,1.0,1.0,,,1.0,1.0,-0.656593552629374,-1.2664029598139976,2240,24,"[463, 479, 462, 456, 380]","[5, 5, 5, 5, 4]",False,False,False,False,False,0.007071067811865475,0.006868269347823501,24,24,24,0,0.0,{},0.7851875623615987,0.7189951677475037,0.0,False,True,False,False,True,False,0.0,0.04649156232756191,-9.235820956528977,0.04649156232756191,93.33333333333333,1.1277236618495161,0.005347604497002607,False,1.3638156635283818,False,0.015972222222222165,False,False,0.027829661138493198,0.015972222222222165,False,False,-1.1052627458744642,0.26904575546645915,True,False,0.13516008300393112,0.053971094625765034,True,False,-0.9055776812213553,False,False,forward_only_adequate
329,sequential_evalue,martingale_evalue,True,ok,0.6285186299316345,3.254795745119305,6.1656808262579395,-4.893224903150521,33.316267585374966,1.0,1.0,,,1.0,1.0,-0.9926072282221083,-0.8306019252175795,2219,24,"[451, 460, 474, 446, 388]","[5, 5, 5, 5, 4]",False,False,False,False,False,0.007071067811865475,0.007014112273120158,24,24,24,0,0.0,{},0.7864762969650028,0.6933316499121217,0.0,False,True,False,False,True,False,0.0,6.1656808262579395,-4.893224903150521,6.1656808262579395,92.45833333333333,1.1234974457016356,0.002819797540153807,False,1.300051185180144,False,0.014236111111111116,False,False,0.002914921119742846,0.014236111111111116,False,False,-0.07196041030761087,0.942633414131869,True,False,0.1448533220643903,0.09778363289763348,True,False,1.4022095879461378,False,False,forward_only_adequate
330,sequential_evalue,martingale_evalue,True,ok,-4.427370626811943,4.078306792004305,3.4151685201998436,-11.284667289264014,34.79069519936567,1.0,1.0,,,1.0,1.0,-0.5183452631531891,-1.1986619649110104,2210,24,"[445, 463, 458, 476, 368]","[5, 5, 5, 5, 4]",False,False,False,False,False,0.007071067811865475,0.006960406581783119,24,24,24,0,0.0,{},0.7863476056289422,0.7032650197220074,0.0,False,True,False,False,True,False,0.0,3.4151685201998436,-11.284667289264014,3.4151685201998436,92.08333333333333,1.1618718679481144,0.03505866910205502,False,1.2379522536578815,False,0.017013888888888884,False,False,0.02577100274788554,0.017013888888888884,False,False,-1.7194531305970697,0.08553189495995447,True,False,0.12951910599381836,0.12452544927839852,True,False,-1.4241824504932175,False,False,forward_only_adequate
331,sequential_evalue,martingale_evalue,True,ok,2.8511033134385393,3.6704177725390172,8.67680621590495,-3.4554779063070526,34.338996296628586,1.0,1.0,,,1.0,1.0,-1.174936669359248,-0.7199708012434889,2249,24,"[457, 471, 466, 472, 383]","[5, 5, 5, 5, 4]",False,False,False,False,False,0.007071067811865475,0.006948331100394168,24,24,24,0,0.0,{},0.786577118336157,0.7135587468541639,0.0,False,True,False,False,True,False,0.0,8.67680621590495,-3.4554779063070526,8.67680621590495,93.70833333333333,1.1548543466253394,0.04305370739712198,False,1.2646325468117603,False,0.01736111111111105,False,False,0.015588995179383863,0.01736111111111105,False,False,1.5821629872963539,0.11361236746615849,True,False,0.124543132973705,0.08224462831416286,True,False,0.25031512724637345,False,False,forward_only_adequate
332,sequential_evalue,martingale_evalue,True,ok,-8.156078619670849,4.223120989546051,-0.2647373373796693,-14.971038635400792,32.971378925675246,0.4572591487756087,1.0,,,0.4572591487756087,1.0,0.7825049836541158,-1.3259101482288205,2205,24,"[460, 457, 449, 459, 380]","[5, 5, 5, 5, 4]",False,False,False,False,False,0.007071067811865475,0.006983674098389194,24,24,24,0,0.0,{},0.7738161376541794,0.6987650068482929,0.0,False,True,False,False,True,False,0.0,-0.2647373373796693,-14.971038635400793,-0.2647373373796693,91.875,1.103544257617616,0.027309637813908626,False,1.2202330580560445,False,0.01736111111111105,False,False,0.05614477848019843,0.01736111111111105,False,False,0.3496917229907103,0.7265700660706715,True,False,0.12325792855343737,0.1479534559095006,True,False,-0.30621611553741174,False,False,forward_only_adequate
333,sequential_evalue,martingale_evalue,True,ok,-0.3521682189959521,3.58052790803363,6.074109590471739,-6.172572571406889,34.828340622470506,1.0,1.0,,,1.0,1.0,-0.9304509681699675,-0.9835365560755336,2232,24,"[468, 464, 440, 477, 383]","[5, 5, 5, 5, 4]",False,False,False,False,False,0.007071067811865475,0.006968727099747083,24,24,24,0,0.0,{},0.7776024415438618,0.7045986169604416,0.0,False,True,False,False,True,False,0.0,6.074109590471739,-6.172572571406889,6.074109590471739,93.0,1.1703013861129237,0.006888789989120917,False,1.2704522050558722,False,0.023958333333333415,False,False,0.0014700128911167055,0.023958333333333415,False,False,0.7467280288928919,0.4552277471014,True,False,0.20244488262646038,0.08798172801072014,True,False,-0.33974192742600473,False,False,forward_only_adequate
334,sequential_evalue,martingale_evalue,True,ok,-3.103625851319851,3.4821005897755346,3.0044321535341707,-9.186500436056198,33.36355984416219,1.0,1.0,,,1.0,1.0,-0.5138785164360498,-0.556492537537654,2257,24,"[484, 467, 463, 469, 374]","[5, 5, 5, 5, 4]",False,False,False,False,False,0.007071067811865475,0.007008391794281617,24,24,24,0,0.0,{},0.7935120078724874,0.7159403516262247,0.0,False,True,False,False,True,False,0.0,3.0044321535341703,-9.186500436056198,3.0044321535341703,94.04166666666667,1.1337594462056775,0.015519516598193077,False,1.3029775035853206,False,0.011458333333333348,False,False,0.017560341623194198,0.011458333333333348,False,False,1.2994237127040087,0.19379855825035197,True,False,0.12654766306450976,0.1700641200175629,True,False,-0.3461717879914822,False,False,forward_only_adequate
335,sequential_evalue,martingale_evalue,True,ok,1.7033145563509497,3.2181861885547085,7.349450498668789,-3.782695706126141,35.285981545623244,1.0,1.0,,,1.0,1.0,-1.1112449174554644,-0.8820571031322477,2237,24,"[462, 470, 481, 461, 363]","[5, 5, 5, 5, 4]",False,False,False,False,False,0.007071067811865475,0.006977701458217904,24,24,24,0,0.0,{},0.7803727344443698,0.7187775586409444,0.0,False,True,False,False,True,False,0.0,7.34945049866879,-3.782695706126141,7.34945049866879,93.20833333333333,1.1885349643824294,0.011638853313270713,False,1.2456252603341673,False,0.034375000000000044,False,False,0.008374187334929459,0.034375000000000044,False,False,-0.18476398672505384,0.8534141558989051,True,False,0.19886193336657165,0.034588579970672995,True,False,-0.44096948339449155,False,False,forward_only_adequate
336,sequential_evalue,martingale_evalue,True,ok,-7.533435452937762,4.291128457520896,-1.1192105072669207,-15.41032823334574,34.37577512218116,1.0,1.0,,,1.0,1.0,-0.2652978878811334,-1.3839826661244559,2164,24,"[457, 433, 451, 457, 366]","[5, 5, 5, 5, 4]",False,False,False,False,False,0.007071067811865475,0.007007312483841048,24,24,24,0,0.0,{},0.7605685661684948,0.6654775626607253,0.0,False,True,False,False,True,False,0.0,-1.1192105072669207,-15.410328233345743,-1.1192105072669207,90.16666666666667,1.1436601696830664,0.005183212100564086,False,1.345264019891256,False,0.027083333333333348,False,False,0.048995865359777846,0.027083333333333348,False,False,-1.1378242620446075,0.25519387181764375,True,False,0.09849833520056574,0.14009098270878645,True,False,-1.5887609884516938,False,False,forward_only_adequate
337,sequential_evalue,martingale_evalue,True,ok,7.988819045562135,3.4541152608337637,14.195757244766568,1.0422877729242703,34.59532705833426,1.0,0.6090032707677654,,,1.0,0.6090032707677654,-1.4423785628963408,0.4959316405678357,2219,24,"[456, 457, 473, 462, 371]","[5, 5, 5, 5, 4]",False,False,False,False,False,0.007071067811865475,0.007086727740051958,24,24,24,0,0.0,{},0.7854083658001627,0.6975123532096396,0.0,False,True,False,False,True,False,0.0,14.195757244766568,1.0422877729242703,14.195757244766568,92.45833333333333,1.1787079793581885,0.002817592767585436,False,1.321889577002498,False,0.023263888888888862,False,False,0.05067501210737056,0.023263888888888862,False,False,-1.7364502513423417,0.08248425352979467,True,False,0.13680994667512664,0.1826552594697162,True,False,0.7879773016055386,False,False,forward_only_adequate
338,sequential_evalue,martingale_evalue,True,ok,5.725902415802657,4.714925024926544,14.624531616134949,-1.6042559826001659,32.85905818423067,1.0,1.0,,,1.0,1.0,-1.2790789934409457,-0.4861648779325498,2214,24,"[439, 470, 466, 476, 363]","[5, 5, 5, 5, 4]",False,False,False,False,False,0.007071067811865475,0.007007797948285708,24,24,24,0,0.0,{},0.776509255141015,0.6944682320925164,0.0,False,True,False,False,True,False,0.0,14.62453161613495,-1.6042559826001659,14.62453161613495,92.25,1.1058338372979866,0.04800957323069756,False,1.2735668245571228,False,0.032638888888888884,False,False,0.03689449490419867,0.032638888888888884,False,False,2.2849312256053076,0.022316860742842812,True,False,0.1989149432893327,0.05175981576811938,True,False,1.5744305978406403,False,False,forward_only_adequate
339,sequential_evalue,martingale_evalue,True,ok,-1.121886884743193,2.736812022926078,3.568631077638595,-5.584004598089368,35.25514062468148,1.0,1.0,,,1.0,1.0,-0.8414647977257024,-1.0044567969537397,2204,24,"[449, 458, 475, 448, 374]","[5, 5, 5, 5, 4]",False,False,False,False,False,0.007071067811865475,0.006854796187802195,24,24,24,0,0.0,{},0.764601190328017,0.6837793794774032,0.0,False,True,False,False,True,False,0.0,3.5686310776385946,-5.584004598089368,3.5686310776385946,91.83333333333333,1.1579429859862944,0.005219408270145531,False,1.1965199860306355,False,0.021874999999999978,False,False,0.00538280735670601,0.021874999999999978,False,False,0.7222213738376851,0.4701583843739442,True,False,0.09588066742093346,0.511768953955045,True,False,-0.22376900659935203,False,False,forward_only_adequate
340,sequential_evalue,martingale_evalue,True,ok,0.5248411500695221,4.045273901867641,7.4759860329282235,-6.097998884500181,34.50501594537744,1.0,1.0,,,1.0,1.0,-0.9493503144295541,-0.8761363487740981,2220,24,"[457, 459, 461, 464, 379]","[5, 5, 5, 5, 4]",False,False,False,False,False,0.007071067811865475,0.006989304891889774,24,24,24,0,0.0,{},0.7657083840652872,0.7227314952083956,0.0,False,True,False,False,True,False,0.0,7.4759860329282235,-6.097998884500181,7.4759860329282235,92.5,1.1597305271935703,0.03935175518692777,False,1.2568212461920405,False,0.022916666666666696,False,False,0.002304592774472367,0.022916666666666696,False,False,1.0330859565672899,0.3015636747363376,True,False,0.10532178649975743,0.19041343435997166,True,False,0.22195292869215236,False,False,forward_only_adequate
341,sequential_evalue,martingale_evalue,True,ok,0.05944541965194524,3.18254040667436,6.168272448054083,-5.183947389903242,35.055297291709905,1.0,1.0,,,1.0,1.0,-0.9297083345834123,-0.838570010487696,2252,24,"[478, 468, 463, 483, 360]","[5, 5, 5, 5, 4]",False,False,False,False,False,0.007071067811865475,0.006942818291334313,24,24,24,0,0.0,{},0.7881042072170524,0.7238513636215926,0.0,False,True,False,False,True,False,0.0,6.168272448054083,-5.183947389903242,6.168272448054083,93.83333333333333,1.1787943079591996,0.023482598749973348,False,1.273848461505093,False,0.02430555555555558,False,False,0.00021186002942441995,0.02430555555555558,False,False,-1.5164324068520267,0.12941004984793072,True,False,0.22685434398415644,0.038457738020486056,True,False,-0.8024821963390542,False,False,forward_only_adequate
342,sequential_evalue,martingale_evalue,True,ok,-4.235088966695488,3.300226215990911,2.7048361382673205,-9.711367295256581,34.28354739224998,1.0,1.0,,,1.0,1.0,-0.2726454835189943,-0.8818475171624133,2217,24,"[460, 446, 467, 471, 373]","[5, 5, 5, 5, 4]",False,False,False,False,False,0.007071067811865475,0.006991210968327813,24,24,24,0,0.0,{},0.7812346267506396,0.6995346974784896,0.0,False,True,False,False,True,False,0.0,2.70483613826732,-9.711367295256581,2.70483613826732,92.375,1.151822056533802,0.017485446760345868,False,1.2747209733342209,False,0.026388888888888906,False,False,0.02472102560932785,0.026388888888888906,False,False,-1.5017660795276646,0.13315753144721407,True,False,0.09163904978491301,0.28596249147250447,True,False,-1.6760161994922076,False,False,forward_only_adequate
343,sequential_evalue,martingale_evalue,True,ok,-1.0457099814116237,3.814572187147159,5.008920634571938,-8.183576963009665,33.572279733852085,0.14405581496654163,1.0,,,0.14405581496654163,1.0,1.9375544505708193,-0.6760730364742702,2239,24,"[491, 458, 468, 449, 373]","[5, 5, 5, 5, 4]",False,False,False,False,False,0.007071067811865475,0.007030735652547189,24,24,24,0,0.0,{},0.7793659001630591,0.7035417060244686,0.0,False,True,False,False,True,False,0.0,5.008920634571938,-8.183576963009665,5.008920634571938,93.29166666666667,1.139916480742883,0.0414719151690532,False,1.2474412435932145,False,0.028124999999999956,False,False,0.005062553967359474,0.028124999999999956,False,False,-1.8845847377413418,0.05948592446559667,True,False,0.3965844473509227,0.002729436511191344,True,False,-1.0553278269336908,False,False,forward_only_adequate
344,sequential_evalue,martingale_evalue,True,ok,-2.0183646428875495,4.051123908809838,5.084779105261344,-9.104977297184186,33.65028496475745,1.0,1.0,,,1.0,1.0,-0.6438491569138554,-1.0243170561548516,2193,24,"[471, 437, 464, 463, 358]","[5, 5, 5, 5, 4]",False,False,False,False,False,0.007071067811865475,0.007059892423844967,24,24,24,0,0.0,{},0.7652198285906122,0.6741889774778878,0.0,False,True,False,False,True,False,0.0,5.084779105261344,-9.104977297184186,5.084779105261344,91.375,1.1354565741435114,0.023239719052410557,False,1.265149325400293,False,0.02604166666666663,False,False,0.010699266208764647,0.02604166666666663,False,False,0.08913153455233057,0.9289773761748156,True,False,0.183933430795899,0.1951836507021228,True,False,0.68305901537162,False,False,forward_only_adequate
345,sequential_evalue,martingale_evalue,True,ok,4.6125476226375035,3.4498875235251383,10.842746586540317,-1.1023369484543135,32.580311943336355,1.0,1.0,,,1.0,1.0,-1.0774528186522443,-0.22978386054522337,2212,24,"[478, 446, 464, 460, 364]","[5, 5, 5, 5, 4]",False,False,False,False,False,0.007071067811865475,0.006898994906044292,24,24,24,0,0.0,{},0.7715029708981815,0.698843372446796,0.0,False,True,False,False,True,False,0.0,10.842746586540317,-1.1023369484543135,10.842746586540317,92.16666666666667,1.0789417715530583,0.014281922611104766,False,1.3177255551125224,False,0.024652777777777857,False,False,0.029473790867035193,0.024652777777777857,False,False,-1.6173435750417473,0.10580413818764672,True,False,0.3081554355864195,0.0072112976777500915,True,False,0.36819049489553785,False,False,forward_only_adequate
346,sequential_evalue,martingale_evalue,True,ok,-3.872698934751728,3.3473516307267834,1.926969356048449,-8.791218795286891,33.38251416102793,1.0,1.0,,,1.0,1.0,-0.5270158004582398,-1.1878678972602836,2245,24,"[475, 465, 455, 477, 373]","[5, 5, 5, 5, 4]",False,False,False,False,False,0.007071067811865475,0.006899809451323503,24,24,24,0,0.0,{},0.7958091540146679,0.68056365456615,0.0,False,True,False,False,True,False,0.0,1.926969356048449,-8.791218795286891,1.926969356048449,93.54166666666667,1.1138550937547143,0.011194469153553193,False,1.293941354844014,False,0.02604166666666663,False,False,0.023163828921300655,0.02604166666666663,False,False,-0.6584629272078463,0.5102407114952638,True,False,0.1985991481265615,0.03243040156810332,True,False,-0.2768350773388156,False,False,forward_only_adequate
347,sequential_evalue,martingale_evalue,True,ok,-0.7371900160354358,4.5625668118617275,8.20437857957131,-7.331099162847659,34.05652300038274,1.0,1.0,,,1.0,1.0,-0.6976786056460536,-0.9918179477579958,2211,24,"[465, 468, 454, 455, 369]","[5, 5, 5, 5, 4]",False,False,False,False,False,0.007071067811865475,0.006981649485046507,24,24,24,0,0.0,{},0.7776538312237748,0.6930505274883966,0.0,False,True,False,False,True,False,0.0,8.20437857957131,-7.33109916284766,8.20437857957131,92.125,1.1410826514153145,0.016525114933143202,False,1.2988688676741464,False,0.023263888888888862,False,False,0.0034209538094449755,0.023263888888888862,False,False,-1.7583839552999267,0.0786822012714048,True,False,0.1520217158130817,0.23941385600794704,True,False,-0.48756181768797524,False,False,forward_only_adequate
348,sequential_evalue,martingale_evalue,True,ok,-3.759275213630471,3.641996934329398,3.2298221830993277,-10.058386608677427,34.63255280700604,1.0,1.0,,,1.0,1.0,-0.6011456551343441,-1.1287881185075779,2205,24,"[461, 454, 462, 454, 374]","[5, 5, 5, 5, 4]",False,False,False,False,False,0.007071067811865475,0.007034883052272634,24,24,24,0,0.0,{},0.77844331135071,0.6852117764534519,0.0,False,True,False,False,True,False,0.0,3.2298221830993277,-10.058386608677427,3.2298221830993277,91.875,1.167642966468832,0.002337732438544502,False,1.2599904867837137,False,0.024652777777777746,False,False,0.021185731549315318,0.024652777777777746,False,False,1.6188839486556377,0.10547223510498348,True,False,0.1382230978858204,0.17275650429048162,True,False,1.5665491374576856,False,False,forward_only_adequate
349,sequential_evalue,martingale_evalue,True,ok,-3.3737413694601237,3.5429524317224255,2.2042414547404388,-9.218830952766442,33.473413222994274,1.0,1.0,,,1.0,1.0,-0.5534564271865129,-1.0562991798574763,2180,24,"[446, 448, 460, 472, 354]","[5, 5, 5, 5, 4]",False,False,False,False,False,0.007071067811865475,0.007042079111246864,24,24,24,0,0.0,{},0.7703369681827645,0.6872504402767906,0.0,False,True,False,False,True,False,0.0,2.2042414547404388,-9.218830952766442,2.2042414547404388,90.83333333333333,1.1232942318499919,0.017099635653549557,False,1.3114121669921937,False,0.028125000000000067,False,False,0.01954708752850916,0.028125000000000067,False,False,0.7915623930543735,0.42861588222636215,True,False,0.22989853292068277,0.035228540151122555,True,False,-0.36243318941134234,False,False,forward_only_adequate
350,sequential_evalue,martingale_evalue,True,ok,-2.365152263660577,3.844833976658365,3.69998413505399,-9.76507304465842,33.550786596705755,1.0,1.0,,,1.0,1.0,-0.4122684778083173,-1.027430939730356,2237,24,"[466, 461, 456, 492, 362]","[5, 5, 5, 5, 4]",False,False,False,False,False,0.007071067811865475,0.006971567545688888,24,24,24,0,0.0,{},0.7824853793666815,0.723709783516245,0.0,False,True,False,False,True,False,0.0,3.69998413505399,-9.76507304465842,3.69998413505399,93.20833333333333,1.1290950973573008,0.019493051823990297,False,1.2858405700448208,False,0.03819444444444442,False,False,0.012908299280207394,0.03819444444444442,False,False,-0.8123766452263533,0.4165755431307189,True,False,0.24510253390187844,0.07232768458854087,True,False,-2.0722427067432414,False,False,forward_only_adequate
351,sequential_evalue,martingale_evalue,True,ok,-4.6005400354578425,3.4117396010856096,0.31180330184652405,-10.86382184549974,34.40137976233074,1.0,1.0,,,1.0,1.0,-0.15884097215522847,-1.1615747194450492,2234,24,"[461, 458, 456, 474, 385]","[5, 5, 5, 5, 4]",False,False,False,False,False,0.007071067811865475,0.006998447022733639,24,24,24,0,0.0,{},0.7872449422258635,0.7173741167100065,0.0,False,True,False,False,True,False,0.0,0.31180330184652405,-10.863821845499738,0.31180330184652405,93.08333333333333,1.1614045116234821,0.019595946064531782,False,1.276336323777088,False,0.018402777777777768,False,False,0.026962637216610772,0.018402777777777768,False,False,-1.4664345062899944,0.14252995150683886,True,False,0.17336180633840467,0.23808085322670924,True,False,-0.6522512348753037,False,False,forward_only_adequate
352,sequential_evalue,martingale_evalue,True,ok,-0.15963688193587822,3.228883652286636,5.008117616933786,-5.989651216714575,33.11225735418241,1.0,1.0,,,1.0,1.0,-0.9810571847672789,-0.9067808666519079,2230,24,"[464, 468, 476, 446, 376]","[5, 5, 5, 5, 4]",False,False,False,False,False,0.007071067811865475,0.00702122088793117,24,24,24,0,0.0,{},0.7845896084403279,0.7162738229801962,0.0,False,True,False,False,True,False,0.0,5.008117616933786,-5.989651216714575,5.008117616933786,92.91666666666667,1.1205164585597633,0.009065868849659185,False,1.2863198882592528,False,0.03437499999999993,False,False,0.0006498197756362422,0.03437499999999993,False,False,0.24395007844750796,0.8072694835557701,True,False,0.1410479762937497,0.05061247184166446,True,False,0.20204501857344515,False,False,forward_only_adequate
353,sequential_evalue,martingale_evalue,True,ok,6.623883070306905,2.5783273432803804,11.156764183516831,2.06059683786886,34.3940160045696,1.0,1.0,,,1.0,1.0,-1.312089028055338,-0.47798454700627446,2186,24,"[473, 440, 459, 438, 376]","[5, 5, 5, 5, 4]",False,False,False,False,False,0.007071067811865475,0.0069074266928264,24,24,24,0,0.0,{},0.7720758431961816,0.6669321626388227,0.0,False,True,False,False,True,False,0.0,11.156764183516833,2.06059683786886,11.156764183516833,91.08333333333333,1.1336751728875447,0.026043008633421297,False,1.3383554601967846,False,0.03402777777777777,False,False,0.042531115809300774,0.03402777777777777,False,False,-1.7305015453684116,0.08354070536814474,True,False,0.1665456800058798,0.1265542824236525,True,False,-0.5858930851362002,False,False,forward_only_adequate
354,sequential_evalue,martingale_evalue,True,ok,-1.7387824722689953,2.8217385762353198,3.6172439438237127,-6.446040285318859,33.54751289690639,1.0,1.0,,,1.0,1.0,-0.8052640392174677,-1.0772548581030366,2255,24,"[480, 474, 464, 457, 380]","[5, 5, 5, 5, 4]",False,False,False,False,False,0.007071067811865475,0.006937666869683323,24,24,24,0,0.0,{},0.7889368909184709,0.7273777279289328,0.0,False,True,False,False,True,False,0.0,3.6172439438237127,-6.446040285318859,3.6172439438237127,93.95833333333333,1.1280060457324386,0.0062378356461862084,False,1.2784496829573038,False,0.016319444444444442,False,False,0.00909661212130189,0.016319444444444442,False,False,-0.816372751684115,0.41428697614781007,True,False,0.21456977589427093,0.010520449522412028,True,False,-0.18510366141616777,False,False,forward_only_adequate
355,sequential_evalue,martingale_evalue,True,ok,2.9718631157422117,3.1704514001669692,8.085886882125997,-2.967129839066683,34.467234017204554,1.0,1.0,,,1.0,1.0,-1.1298732756333731,-0.6672122054587892,2222,24,"[473, 473, 449, 468, 359]","[5, 5, 5, 5, 4]",False,False,False,False,False,0.007071067811865475,0.007033584353292968,24,24,24,0,0.0,{},0.7873265475102862,0.7087779700628967,0.0,False,True,False,False,True,False,0.0,8.085886882125997,-2.967129839066683,8.085886882125997,92.58333333333333,1.1663248902804508,0.010188780328181277,False,1.2576705632096756,False,0.011458333333333348,False,False,0.016166714251760483,0.011458333333333348,False,False,1.274681635223201,0.2024219495982328,True,False,0.17604906909618526,0.11644280646205918,True,False,1.9420953126607858,False,False,forward_only_adequate
356,sequential_evalue,martingale_evalue,True,ok,2.5993544735223577,3.714747227177406,9.402637460769844,-3.9750359006092704,33.417923752848864,1.0,1.0,,,1.0,1.0,-0.8736681136777551,-0.3192737945309445,2238,24,"[486, 466, 461, 461, 364]","[5, 5, 5, 5, 4]",False,False,False,False,False,0.007071067811865475,0.006995055668793613,24,24,24,0,0.0,{},0.7840188269058688,0.7127891051792112,0.0,False,True,False,False,True,False,0.0,9.402637460769844,-3.9750359006092704,9.402637460769844,93.25,1.1286650148442336,0.025566934991652527,False,1.2492309209264987,False,0.018750000000000044,False,False,0.014391519241117017,0.018750000000000044,False,False,-0.5690436996093182,0.5693264842279382,True,False,0.10117953978036634,0.17927275345138718,True,False,0.20112028746052893,False,False,forward_only_adequate
357,sequential_evalue,martingale_evalue,True,ok,4.472586159143866,3.6769150960117414,10.523739217701813,-1.9126580785391996,35.16993977381934,1.0,1.0,,,1.0,1.0,-1.1920375687599614,-0.4575089306361332,2158,24,"[454, 444, 459, 450, 351]","[5, 5, 5, 5, 4]",False,False,False,False,False,0.007071067811865475,0.006987423270236272,24,24,24,0,0.0,{},0.7580246272121727,0.6647463250216379,0.0,False,True,False,False,True,False,0.0,10.523739217701813,-1.9126580785391996,10.523739217701813,89.91666666666667,1.1651417922111464,0.04385769736726454,False,1.270827580489251,False,0.018055555555555602,False,False,0.025992711028336692,0.018055555555555602,False,False,-0.33689071651491026,0.7361992838232327,True,False,0.12617973295575735,0.26843579205422974,True,False,1.9032559449834179,False,False,forward_only_adequate
358,sequential_evalue,martingale_evalue,True,ok,0.3329855461132456,2.847310017576973,5.110068516745647,-4.897261399987961,33.231939251251696,1.0,1.0,,,1.0,1.0,-0.8523411756115633,-0.8313343766454131,2185,24,"[465, 461, 465, 443, 351]","[5, 5, 5, 5, 4]",False,False,False,False,False,0.007071067811865475,0.006932043348171634,24,24,24,0,0.0,{},0.7751846962211832,0.6743524799965591,0.0,False,True,False,False,True,False,0.0,5.110068516745647,-4.897261399987961,5.110068516745647,91.04166666666667,1.0990237033956023,0.002574034236385288,False,1.2823390696519112,False,0.01909722222222221,False,False,0.0014810779415807796,0.01909722222222221,False,False,-0.4081188472857653,0.6831864236635421,True,False,0.1384710248716276,0.20730714743743262,True,False,0.025285571522943074,False,False,forward_only_adequate
359,sequential_evalue,martingale_evalue,True,ok,-1.739671258452051,2.6766635189359733,2.9713651474218494,-6.239825817287262,33.21777207929754,1.0,1.0,,,1.0,1.0,-0.8422637044861032,-1.0544200674540902,2231,24,"[451, 465, 472, 452, 391]","[5, 5, 5, 5, 4]",False,False,False,False,False,0.007071067811865475,0.007019899882267438,24,24,24,0,0.0,{},0.7865272542782333,0.6920590396801982,0.0,False,True,False,False,True,False,0.0,2.9713651474218494,-6.239825817287262,2.9713651474218494,92.95833333333333,1.124127540177236,0.017878123740005258,False,1.2914352712798274,False,0.028819444444444398,False,False,0.009137596985243593,0.028819444444444398,False,False,-0.225275829099293,0.821764701999443,True,False,0.21460662180853052,0.16998502425977566,True,False,-1.1462995177563484,False,False,forward_only_adequate
360,sequential_evalue,martingale_evalue,True,ok,-1.952288663649839,2.911954348893893,2.58286928753418,-7.679590169364175,34.530105626748814,1.0,1.0,,,1.0,1.0,-0.9163959218358637,-1.1246078123211771,2193,24,"[462, 465, 448, 446, 372]","[5, 5, 5, 5, 4]",False,False,False,False,False,0.007071067811865475,0.007016969132897728,24,24,24,0,0.0,{},0.7689309835722462,0.7062244482836919,0.0,False,True,False,False,True,False,0.0,2.58286928753418,-7.679590169364175,2.58286928753418,91.375,1.1580602964083562,0.01625592275809155,False,1.3337470014640287,False,0.013194444444444398,False,False,0.01007202230415033,0.013194444444444398,False,False,0.05150625654955797,0.9589221164651557,True,False,0.141561562737592,0.048890130166105356,True,False,-1.1279488150569057,False,False,forward_only_adequate
361,sequential_evalue,martingale_evalue,True,ok,0.281531125888631,4.235961858084135,7.299669176299093,-6.850797751458709,33.28498637681549,1.0,1.0,,,1.0,1.0,-0.9675611732043117,-0.9684613847991546,2201,24,"[447, 461, 453, 452, 388]","[5, 5, 5, 5, 4]",False,False,False,False,False,0.007071067811865475,0.007026649085050942,24,24,24,0,0.0,{},0.7665475113738178,0.6967369786860752,0.0,False,True,False,False,True,False,0.0,7.299669176299093,-6.8507977514587095,7.299669176299093,91.70833333333333,1.1198788778534174,0.01031036410188587,False,1.2120089259313478,False,0.029166666666666674,False,False,0.001206963630917708,0.029166666666666674,False,False,-0.04850154412495451,0.9613165338580844,True,False,0.1947953451415071,0.2335294074285391,True,False,-0.12065141717658577,False,False,forward_only_adequate
362,sequential_evalue,martingale_evalue,True,ok,4.431746510724694,2.8424290090390683,9.23469276783786,-0.4631102304374908,33.52719423192088,1.0,1.0,,,1.0,1.0,-1.2274632385355428,-0.6043042734196975,2203,24,"[465, 456, 468, 455, 359]","[5, 5, 5, 5, 4]",False,False,False,False,False,0.007071067811865475,0.006967567423137872,24,24,24,0,0.0,{},0.7672335813833518,0.714835886474338,0.0,False,True,False,False,True,False,0.0,9.23469276783786,-0.4631102304374908,9.23469276783786,91.79166666666667,1.119051367900305,0.00015158075909884103,False,1.284765451393757,False,0.015277777777777724,False,False,0.02695536576969634,0.015277777777777724,False,False,1.0190026519880344,0.308201707503834,True,False,0.28650390240837703,0.009379517574635267,True,False,0.550627815548433,False,False,forward_only_adequate
363,sequential_evalue,martingale_evalue,True,ok,1.5146890730330471,3.6364037244092158,8.174766882072818,-4.192943505955741,34.12434798314865,1.0,1.0,,,1.0,1.0,-1.1345780378711945,-0.8363430897102606,2212,24,"[465, 460, 468, 461, 358]","[5, 5, 5, 5, 4]",False,False,False,False,False,0.007071067811865475,0.007004418978593703,24,24,24,0,0.0,{},0.7799522847783065,0.6849771538885139,0.0,False,True,False,False,True,False,0.0,8.174766882072818,-4.192943505955741,8.174766882072818,92.16666666666667,1.1473434030884617,0.015261679208691599,False,1.2988831954712263,False,0.02256944444444442,False,False,0.007630301433806582,0.02256944444444442,False,False,0.5369539069736826,0.5912994532522176,True,False,0.14118845864156498,0.18111934997003498,True,False,0.4900859506038399,False,False,forward_only_adequate
364,sequential_evalue,martingale_evalue,True,ok,6.644704341365291,3.337358936805906,13.298368528886927,1.5551210123257766,34.60641958322683,1.0,1.0,,,1.0,1.0,-1.358778027559014,-0.39004614133496673,2225,24,"[465, 467, 473, 450, 370]","[5, 5, 5, 5, 4]",False,False,False,False,False,0.007071067811865475,0.0070062369954057855,24,24,24,0,0.0,{},0.7858363535786621,0.7293828368456746,0.0,False,True,False,False,True,False,0.0,13.298368528886927,1.5551210123257766,13.298368528886927,92.70833333333333,1.1672688177988655,0.0016805180783273509,False,1.2829427678463476,False,0.01909722222222232,False,False,0.04124497482499656,0.01909722222222232,False,False,-0.7354364540543098,0.4620737274273906,True,False,0.20608777721562285,0.020573305359388925,True,False,-0.47418646331731656,False,False,forward_only_adequate
365,sequential_evalue,martingale_evalue,True,ok,2.427201529335962,2.1738391656047478,5.946246903678569,-1.3550151419439485,33.290766657685,1.0,1.0,,,1.0,1.0,-1.0334728832931195,-0.4812023900794733,2230,24,"[459, 457, 474, 465, 375]","[5, 5, 5, 5, 4]",False,False,False,False,False,0.007071067811865475,0.007029744412353208,24,24,24,0,0.0,{},0.7861917634892881,0.737362490847984,0.0,False,True,False,False,True,False,0.0,5.946246903678568,-1.3550151419439487,5.946246903678568,92.91666666666667,1.127924803124533,0.026672439417387533,False,1.2980227145936902,False,0.03020833333333328,False,False,0.013313029027617523,0.03020833333333328,False,False,-1.1558326057992394,0.24774963336955536,True,False,0.12257134651705055,0.09192341772824736,True,False,0.1270185290576273,False,False,forward_only_adequate
366,sequential_evalue,martingale_evalue,True,ok,-3.308362752856851,3.2257770917049897,2.2570035141039484,-8.287635761019434,33.83311202688433,1.0,1.0,,,1.0,1.0,-0.5475481143506077,-1.204256478704559,2236,24,"[464, 466, 466, 461, 379]","[5, 5, 5, 5, 4]",False,False,False,False,False,0.007071067811865475,0.007002701203364329,24,24,24,0,0.0,{},0.779262170976383,0.7138310906515092,0.0,False,True,False,False,True,False,0.0,2.2570035141039484,-8.287635761019434,2.2570035141039484,93.16666666666667,1.143425374733298,0.013162661679288762,False,1.244758213174007,False,0.011111111111111183,False,False,0.018720881906421256,0.011111111111111183,False,False,-0.1531805214008267,0.8782559180512617,True,False,0.14992997805513894,0.0941561536907286,True,False,-0.6925957256975507,False,False,forward_only_adequate
367,sequential_evalue,martingale_evalue,True,ok,4.1003938068919314,3.4817892087502393,10.612383929439888,-1.2773003884019678,33.54736286557028,1.0,1.0,,,1.0,1.0,-1.1664858002179335,-0.4886068531498009,2236,24,"[453, 465, 479, 465, 374]","[5, 5, 5, 5, 4]",False,False,False,False,False,0.007071067811865475,0.0069131659763264925,24,24,24,0,0.0,{},0.7817828892141633,0.703654302563504,0.0,False,True,False,False,True,False,0.0,10.612383929439888,-1.2773003884019678,10.612383929439888,93.16666666666667,1.1192720354268908,0.0248699684633711,False,1.2642560480501517,False,0.013194444444444509,False,False,0.024616079387126406,0.013194444444444509,False,False,0.9057145317486401,0.3650869688965179,True,False,0.2163088800305751,0.09598856337208864,True,False,1.7866647832375213,False,False,forward_only_adequate
368,sequential_evalue,martingale_evalue,True,ok,5.708381460742918,3.054718725488872,10.599289072690418,-0.044637524774982396,34.14881246460083,1.0,1.0,,,1.0,1.0,-1.2795570364203968,-0.20150751669567712,2217,24,"[472, 463, 462, 455, 365]","[5, 5, 5, 5, 4]",False,False,False,False,False,0.007071067811865475,0.007011505882003856,24,24,24,0,0.0,{},0.7693286757468283,0.7130905796478136,0.0,False,True,False,False,True,False,0.0,10.599289072690418,-0.044637524774982396,10.599289072690418,92.375,1.1506258807977094,0.015225382741174496,False,1.2961649952474608,False,0.026736111111111183,False,False,0.03508713978140246,0.026736111111111183,False,False,-0.35379438601046564,0.7234929810577004,True,False,0.21200503169176088,0.28156541296922327,True,False,1.1184671238993402,False,False,forward_only_adequate
369,sequential_evalue,martingale_evalue,True,ok,0.3929550115232387,4.170928066809045,7.438202803144861,-7.007155883169722,33.61068100528445,1.0,1.0,,,1.0,1.0,-1.0045028015020603,-0.8817141665199419,2214,24,"[457, 471, 454, 460, 372]","[5, 5, 5, 5, 4]",False,False,False,False,False,0.007071067811865475,0.0069551971448047105,24,24,24,0,0.0,{},0.775973957969158,0.7056585602094072,0.0,False,True,False,False,True,False,0.0,7.438202803144861,-7.007155883169722,7.438202803144861,92.25,1.1226385424923513,0.0033839473722010217,False,1.3546548588942047,False,0.01909722222222221,False,False,0.0017357924446635509,0.01909722222222221,False,False,0.7769347825325582,0.4371972487219872,True,False,0.13624793429925672,0.0407240066810054,True,False,1.242404040811829,False,False,forward_only_adequate
370,sequential_evalue,martingale_evalue,True,ok,0.7777787840498748,2.3172468742353884,5.063443494018605,-2.9799066566651224,33.140012033670146,1.0,1.0,,,1.0,1.0,-1.0073486183971607,-0.8769170974271254,2263,24,"[463, 466, 476, 475, 383]","[5, 5, 5, 5, 4]",False,False,False,False,False,0.007071067811865475,0.00694239294659894,24,24,24,0,0.0,{},0.7884171201304554,0.7435032944674569,0.0,False,True,False,False,True,False,0.0,5.063443494018605,-2.9799066566651224,5.063443494018605,94.29166666666667,1.117039456712105,0.009193553969648273,False,1.2559357586075293,False,0.01736111111111105,False,False,0.0037187575400950234,0.01736111111111105,False,False,0.9765173635796869,0.32880814757552856,True,False,0.12234369021642326,0.1765676002778034,True,False,-0.7323627864520016,False,False,forward_only_adequate
371,sequential_evalue,martingale_evalue,True,ok,8.110321295391342,3.9931877910393427,15.13113734930638,0.6656489240740147,33.574070567585956,1.0,0.8913669590881701,,,1.0,0.8913669590881701,-1.3748132992459599,0.1149990854701275,2226,24,"[474, 446, 476, 461, 369]","[5, 5, 5, 5, 4]",False,False,False,False,False,0.007071067811865475,0.006842699733086428,24,24,24,0,0.0,{},0.7788621627495449,0.6833935296588379,0.0,False,True,False,False,True,False,0.0,15.13113734930638,0.6656489240740147,15.13113734930638,92.75,1.1062631480732492,0.0071446121396841235,False,1.281128787485712,False,0.011805555555555514,False,False,0.05560962566792938,0.011805555555555514,False,False,0.25712664426318566,0.7970810097039185,True,False,0.14876240586098016,0.06530558619395313,True,False,2.0457149759280693,False,False,forward_only_adequate
372,sequential_evalue,martingale_evalue,True,ok,-2.2483702231531946,3.7229755665087643,3.6420883519215645,-9.287158963086224,33.74545033573606,1.0,1.0,,,1.0,1.0,-0.12145876374042491,-0.6638849914591473,2211,24,"[449, 467, 459, 468, 368]","[5, 5, 5, 5, 4]",False,False,False,False,False,0.007071067811865475,0.0070266633006285835,24,24,24,0,0.0,{},0.7777725972421341,0.6765873317688256,0.0,False,True,False,False,True,False,0.0,3.6420883519215645,-9.287158963086224,3.6420883519215645,92.125,1.1379498600738167,0.007876808564081616,False,1.365257893516341,False,0.030902777777777835,False,False,0.012072762081685368,0.030902777777777835,False,False,0.9973659463462375,0.3185869144536513,True,False,0.21012846406628777,0.030139454386307447,True,False,-1.3694746689053208,False,False,forward_only_adequate
373,sequential_evalue,martingale_evalue,True,ok,0.34146719037663625,3.6447414857488547,7.3437509258418,-5.613017297984717,33.72616814368834,1.0,1.0,,,1.0,1.0,-0.911062190230663,-0.8409748032390016,2228,24,"[479, 464, 458, 461, 366]","[5, 5, 5, 5, 4]",False,False,False,False,False,0.007071067811865475,0.006814928484299682,24,24,24,0,0.0,{},0.7794347932126069,0.7214249479114219,0.0,False,True,False,False,True,False,0.0,7.3437509258418,-5.613017297984716,7.3437509258418,92.83333333333333,1.1072617059413816,0.030668499685428636,False,1.2872180831211428,False,0.038541666666666696,False,False,0.0015101263389519272,0.038541666666666696,False,False,-0.3959424538800287,0.6921474812721217,True,False,0.2623494269048718,0.004924270921415765,True,False,0.22690724743815002,False,False,forward_only_adequate
374,sequential_evalue,martingale_evalue,True,ok,-0.1911448154863861,3.7448585135705206,6.152642040136797,-6.493049852466748,32.87582532392997,1.0,1.0,,,1.0,1.0,-0.8832591408271695,-0.8753572106812031,2219,24,"[473, 476, 452, 451, 367]","[5, 5, 5, 5, 4]",False,False,False,False,False,0.007071067811865475,0.006942818365023645,24,24,24,0,0.0,{},0.775577065648497,0.7200945646393181,0.0,False,True,False,False,True,False,0.0,6.152642040136797,-6.493049852466748,6.152642040136797,92.45833333333333,1.0973761128815893,0.022248870072539485,False,1.34660088429131,False,0.02013888888888893,False,False,0.0008085639489299523,0.02013888888888893,False,False,0.9140496848305067,0.3606907391148082,True,False,0.0976706002490997,0.20207317985746442,True,False,0.770961699826492,False,False,forward_only_adequate
375,sequential_evalue,martingale_evalue,True,ok,4.719678905767816,2.998498277969956,10.498350695416164,0.03193057232398733,34.93356906376939,1.0,1.0,,,1.0,1.0,-1.1534136746245505,-0.5091858956484125,2245,24,"[461, 473, 462, 467, 382]","[5, 5, 5, 5, 4]",False,False,False,False,False,0.007071067811865475,0.007000469083376082,24,24,24,0,0.0,{},0.7883243717968631,0.7237662443192718,0.0,False,True,False,False,True,False,0.0,10.498350695416164,0.03193057232398733,10.498350695416164,93.54166666666667,1.18261302155404,0.027113644231686357,False,1.2821335026382321,False,0.01805555555555549,False,False,0.027198663727951256,0.01805555555555549,False,False,-1.443674668813444,0.14883051014044418,True,False,0.23941832254636208,0.16013963826890926,True,False,0.5509871166606622,False,False,forward_only_adequate
376,sequential_evalue,martingale_evalue,True,ok,-0.34231608111822204,3.3381630331320373,5.561723504291828,-5.200619132598795,33.96258137768865,1.0,1.0,,,1.0,1.0,-0.9684050059252634,-1.0431545640039042,2244,24,"[460, 467, 465, 471, 381]","[5, 5, 5, 5, 4]",False,False,False,False,False,0.007071067811865475,0.007018929106712725,24,24,24,0,0.0,{},0.7893473676452765,0.7188353742129124,0.0,False,True,False,False,True,False,0.0,5.561723504291828,-5.200619132598795,5.561723504291828,93.5,1.1525170468342352,0.01886021103695875,False,1.240498220631251,False,0.032638888888888884,False,False,0.0014490831885694267,0.032638888888888884,False,False,0.10460934624302026,0.9166857981713097,True,False,0.15260968352303486,0.022786658396046287,True,False,0.44437090689893766,False,False,forward_only_adequate
377,sequential_evalue,martingale_evalue,True,ok,-0.9888009662644976,3.4345722381264534,4.785888025551124,-6.946823822216521,32.64904909390268,1.0,1.0,,,1.0,1.0,-0.9072328933680882,-1.0658396158147798,2220,24,"[464, 461, 453, 460, 382]","[5, 5, 5, 5, 4]",False,False,False,False,False,0.007071067811865475,0.006976691449945703,24,24,24,0,0.0,{},0.7874844865904195,0.7117106376466568,0.0,False,True,False,False,True,False,0.0,4.785888025551124,-6.94682382221652,4.785888025551124,92.5,1.0953702060852395,0.010808943496477404,False,1.3278103717167957,False,0.025347222222222188,False,False,0.004971949312638184,0.025347222222222188,False,False,0.6792184830783927,0.49699943779754363,True,False,0.07324203128440186,0.22925981284506416,True,False,-0.6411158971070383,False,False,forward_only_adequate
378,sequential_evalue,martingale_evalue,True,ok,5.407543533226099,2.6985294174193317,10.039145601755685,0.671711266201596,33.76818464299281,1.0,0.8555532926356115,,,1.0,0.8555532926356115,-1.2185923286072384,0.1560068934514423,2206,24,"[454, 463, 457, 481, 351]","[5, 5, 5, 5, 4]",False,False,False,False,False,0.007071067811865475,0.007019345197481003,24,24,24,0,0.0,{},0.7805839343915143,0.6832799691765825,0.0,False,True,False,False,True,False,0.0,10.039145601755685,0.671711266201596,10.039145601755685,91.91666666666667,1.136243605326465,0.012895697353687306,False,1.2616734582740836,False,0.013541666666666674,False,False,0.03341751919737478,0.013541666666666674,False,False,1.4594493687893657,0.14444146644060907,True,False,0.1905076394507237,0.03824395433988396,True,False,1.531073719828813,False,False,forward_only_adequate
379,sequential_evalue,martingale_evalue,True,ok,-2.805827719959893,2.7312091447937257,2.1096569721155665,-7.112359775197987,34.44234685620323,1.0,1.0,,,1.0,1.0,-0.6947974149278806,-1.1031420702693673,2203,24,"[477, 464, 447, 451, 364]","[5, 5, 5, 5, 4]",False,False,False,False,False,0.007071067811865475,0.006975107613658314,24,24,24,0,0.0,{},0.7680348137565491,0.6901636900794363,0.0,False,True,False,False,True,False,0.0,2.1096569721155665,-7.112359775197987,2.1096569721155665,91.79166666666667,1.1508408801632184,0.023156546554398975,False,1.2387023946213906,False,0.019444444444444486,False,False,0.015365879084044512,0.019444444444444486,False,False,0.06415748836782985,0.9488448269879737,True,False,0.04414922789819322,0.439213988621848,True,False,-0.04898692898700099,False,False,forward_only_adequate
380,sequential_evalue,martingale_evalue,True,ok,3.846993988051055,2.6546557943331583,8.507205356619156,-0.7058876103617027,32.337938118327536,1.0,1.0,,,1.0,1.0,-1.1813152708278993,-0.6185924433376395,2229,24,"[486, 439, 468, 467, 369]","[5, 5, 5, 5, 4]",False,False,False,False,False,0.007071067811865475,0.0069583378240673215,24,24,24,0,0.0,{},0.7832975835967345,0.690553497576305,0.0,False,True,False,False,True,False,0.0,8.507205356619156,-0.7058876103617027,8.507205356619156,92.875,1.0842695290503175,0.006977014076088368,False,1.2978765144190358,False,0.04097222222222219,False,False,0.023715936538227362,0.04097222222222219,False,False,-1.054715489398664,0.29155546551840705,True,False,0.2015601951315915,0.05195829221579498,True,False,1.5465993543446777,False,False,forward_only_adequate
381,sequential_evalue,martingale_evalue,True,ok,-2.971441351130317,3.108189603566559,2.614443768329037,-7.920155800625304,34.19182999759063,1.0,1.0,,,1.0,1.0,-0.676750434033774,-1.1406189044967137,2215,24,"[458, 467, 455, 468, 367]","[5, 5, 5, 5, 4]",False,False,False,False,False,0.007071067811865475,0.006970977776550982,24,24,24,0,0.0,{},0.7758326984883865,0.6988519196803783,0.0,False,True,False,False,True,False,0.0,2.614443768329037,-7.920155800625305,2.614443768329037,92.29166666666667,1.1448993069464677,0.014334979937265646,False,1.30261615317592,False,0.02673611111111107,False,False,0.016513152922267876,0.02673611111111107,False,False,-0.8266963584500264,0.4084091859005128,True,False,0.20042862192636163,0.02909171779160029,True,False,0.5196891657018549,False,False,forward_only_adequate
382,sequential_evalue,martingale_evalue,True,ok,1.2078757994942808,3.6623821268344647,7.189024059275389,-5.901767216989033,33.03248750306361,1.0,1.0,,,1.0,1.0,-0.34714911683840277,-0.6900127436611705,2251,24,"[475, 474, 465, 469, 368]","[5, 5, 5, 5, 4]",False,False,False,False,False,0.007071067811865475,0.007075787702905738,24,24,24,0,0.0,{},0.7896312132705616,0.7212423892268423,0.0,False,True,False,False,True,False,0.0,7.189024059275389,-5.901767216989033,7.189024059275389,93.79166666666667,1.1317961297331995,0.04905443354252431,False,1.270130989916305,False,0.018402777777777768,False,False,0.006001289315425362,0.018402777777777768,False,False,-1.192040168752432,0.23324549524251137,True,False,0.31557359624747516,0.051491963262433674,True,False,0.7950361595535372,False,False,forward_only_adequate
383,sequential_evalue,martingale_evalue,True,ok,-1.3040101354236646,3.3007307207828815,5.111095700308502,-6.167139588122971,33.990669501285765,1.0,1.0,,,1.0,1.0,-0.19911235094447616,-0.9066705138933768,2240,24,"[469, 464, 469, 481, 357]","[5, 5, 5, 5, 4]",False,False,False,False,False,0.007071067811865475,0.006924434754738837,24,24,24,0,0.0,{},0.7890632311927848,0.690499565526914,0.0,False,True,False,False,True,False,0.0,5.111095700308502,-6.167139588122971,5.111095700308502,93.33333333333333,1.1369266298690666,0.025155300220297525,False,1.2622388390488424,False,0.03402777777777777,False,False,0.006509043406205826,0.03402777777777777,False,False,0.27717779481697047,0.7816435890715149,True,False,0.15804978525260222,0.14964640048909056,True,False,1.4470604884151077,False,False,forward_only_adequate
384,sequential_evalue,martingale_evalue,True,ok,-1.1911579507674155,3.146781529895882,3.4922294173662003,-7.074914249453277,34.82119921659471,1.0,1.0,,,1.0,1.0,-0.8763796881717538,-1.0155218891076727,2220,24,"[468, 456, 461, 455, 380]","[5, 5, 5, 5, 4]",False,False,False,False,False,0.007071067811865475,0.006967701172790958,24,24,24,0,0.0,{},0.7761334861162474,0.6992128427343548,0.0,False,True,False,False,True,False,0.0,3.4922294173662003,-7.074914249453276,3.4922294173662003,92.5,1.1667400640582541,0.006019742515581274,False,1.3581356431164215,False,0.016319444444444442,False,False,0.005709099238311566,0.016319444444444442,False,False,-0.31492480303418774,0.7528187489978264,True,False,0.1131598221078868,0.1460130085719432,True,False,-0.5480799463726579,False,False,forward_only_adequate
385,sequential_evalue,martingale_evalue,True,ok,-6.172990866137039,3.097698756848455,-0.8503411415905537,-11.390535536526906,33.90660972833349,1.0,1.0,,,1.0,1.0,-0.4584767075255116,-1.3619375754046057,2155,24,"[435, 450, 428, 472, 370]","[5, 5, 5, 5, 4]",False,False,False,False,False,0.007071067811865475,0.007013011564032488,24,24,24,0,0.0,{},0.7611288389651965,0.6569254691994394,0.0,False,True,False,False,True,False,0.0,-0.8503411415905537,-11.390535536526906,-0.8503411415905537,89.79166666666667,1.1266186681283725,0.01892783704179003,False,1.2741821503425712,False,0.01388888888888895,False,False,0.039431697772141776,0.01388888888888895,False,False,0.024958283734466104,0.9800882379912054,True,False,0.23919370407253204,0.0705918410391758,True,False,-0.5667466429836189,False,False,forward_only_adequate
386,sequential_evalue,martingale_evalue,True,ok,-4.416044838303697,3.8416300356231576,1.95843229331813,-11.527670005780942,33.90814931485132,1.0,1.0,,,1.0,1.0,-0.4934447992122125,-1.1596863136532929,2192,24,"[442, 452, 468, 461, 369]","[5, 5, 5, 5, 4]",False,False,False,False,False,0.007071067811865475,0.007037280086460834,24,24,24,0,0.0,{},0.7709054642248614,0.6855047215339051,0.0,False,True,False,False,True,False,0.0,1.95843229331813,-11.527670005780942,1.95843229331813,91.33333333333333,1.1402329364408579,0.003926172189357092,False,1.3499968488936755,False,0.022222222222222254,False,False,0.026263400255482065,0.022222222222222254,False,False,-0.13512638195715931,0.8925119516857559,True,False,0.08930278418538831,0.5367182933099789,True,False,0.11841412008282305,False,False,forward_only_adequate
387,sequential_evalue,martingale_evalue,True,ok,-3.9703448647915227,4.693737281579752,4.004082146063804,-11.45926852060649,36.06921292335274,1.0,1.0,,,1.0,1.0,-0.000779054165789328,-0.6340845110581985,2206,24,"[473, 447, 456, 464, 366]","[5, 5, 5, 5, 4]",False,False,False,False,False,0.007071067811865475,0.006925257441802143,24,24,24,0,0.0,{},0.78075701661101,0.7116939530462278,0.0,False,True,False,False,True,False,0.0,4.004082146063804,-11.459268520606491,4.004082146063804,91.91666666666667,1.1974013011458144,0.00602496334390648,False,1.312027070260681,False,0.019791666666666652,False,False,0.02192238603930961,0.019791666666666652,False,False,0.010930704317308552,0.9912787334567834,True,False,0.1240616956788756,0.19281809969721792,True,False,-0.8281026669534475,False,False,forward_only_adequate
388,sequential_evalue,martingale_evalue,True,ok,4.624649757825561,3.7378546818900587,11.745439707513501,-0.9673387776405589,33.69519862311965,1.0,0.3937238196812493,,,1.0,0.3937238196812493,-1.179303352844935,0.9321055807512467,2229,24,"[446, 484, 461, 458, 380]","[5, 5, 5, 5, 4]",False,False,False,False,False,0.007071067811865475,0.0069234544354191815,24,24,24,0,0.0,{},0.7728810075131812,0.7025049559944158,0.0,False,True,False,False,True,False,0.0,11.745439707513503,-0.9673387776405589,11.745439707513503,92.875,1.1241137934103,0.004529341363388674,False,1.2512762610176518,False,0.02673611111111107,False,False,0.02818084979435757,0.02673611111111107,False,False,0.1293563089780929,0.8970757175316788,True,False,0.20779125034288787,0.04253242983283748,True,False,1.1495576618857137,False,False,forward_only_adequate
389,sequential_evalue,martingale_evalue,True,ok,3.461369499970536,3.1185128417225028,8.528357420153073,-1.9319030053586537,33.930749072490016,1.0,1.0,,,1.0,1.0,-1.1828006061822993,-0.7427206290610529,2225,24,"[458, 479, 452, 462, 374]","[5, 5, 5, 5, 4]",False,False,False,False,False,0.007071067811865475,0.007017393331260182,24,24,24,0,0.0,{},0.7892350852237378,0.6956375483144912,0.0,False,True,False,False,True,False,0.0,8.528357420153073,-1.9319030053586534,8.528357420153073,92.70833333333333,1.146300966035727,0.0015972182455487437,False,1.3121832331890793,False,0.012499999999999956,False,False,0.019668911731319627,0.012499999999999956,False,False,-0.09425425576710864,0.924907186690422,True,False,0.17600193067895792,0.1923592450659492,True,False,-0.18194722511685976,False,False,forward_only_adequate
390,sequential_evalue,martingale_evalue,True,ok,1.9273059009699824,2.8558123855008075,7.0363405497776625,-3.039840458096837,33.26312973114288,1.0,1.0,,,1.0,1.0,-1.0155756734004546,-0.771552670225087,2222,24,"[452, 464, 464, 463, 379]","[5, 5, 5, 5, 4]",False,False,False,False,False,0.007071067811865475,0.006997617634500271,24,24,24,0,0.0,{},0.7722388126959991,0.7203840961311633,0.0,False,True,False,False,True,False,0.0,7.0363405497776625,-3.039840458096837,7.0363405497776625,92.58333333333333,1.1198238900002788,0.017366876164212577,False,1.2661221655368577,False,0.014930555555555558,False,False,0.010312363499316458,0.014930555555555558,False,False,1.4032400072350824,0.16054528119250044,True,False,0.18314000810079964,0.041144531497118816,True,False,0.9658645844191922,False,False,forward_only_adequate
391,sequential_evalue,martingale_evalue,True,ok,5.311396574008222,4.018029577489325,12.063691507596367,-1.348138711494573,33.8739899478996,1.0,1.0,,,1.0,1.0,-1.286626653397803,-0.4562539123737428,2249,24,"[460, 459, 470, 475, 385]","[5, 5, 5, 5, 4]",False,False,False,False,False,0.007071067811865475,0.007018883348073149,24,24,24,0,0.0,{},0.7826711624446812,0.7126536014160938,0.0,False,True,False,False,True,False,0.0,12.063691507596367,-1.348138711494573,12.063691507596367,93.70833333333333,1.1507831391159133,0.011615161549946176,False,1.2655913175543145,False,0.022222222222222143,False,False,0.03223829500181158,0.022222222222222143,False,False,-0.7371211424633635,0.46104868296961976,True,False,0.07791486444850454,0.29512746059597794,True,False,0.5418662251161341,False,False,forward_only_adequate
392,sequential_evalue,martingale_evalue,True,ok,-3.419832475933807,3.588434636459185,2.2856659477288708,-9.899520891343823,33.843210082686134,1.0,1.0,,,1.0,1.0,-0.41402504547117847,-1.0029283832298073,2229,24,"[456, 473, 465, 461, 374]","[5, 5, 5, 5, 4]",False,False,False,False,False,0.007071067811865475,0.006957409876627852,24,24,24,0,0.0,{},0.7753215056209862,0.719947497515422,0.0,False,True,False,False,True,False,0.0,2.2856659477288708,-9.899520891343823,2.2856659477288708,92.875,1.1345889692748898,0.003025229180762684,False,1.2739194482620073,False,0.012152777777777679,False,False,0.019627902870422122,0.012152777777777679,False,False,0.2617579379545228,0.7935080692738958,True,False,0.11057027537788237,0.40738565175857766,True,False,0.48624746143523767,False,False,forward_only_adequate
393,sequential_evalue,martingale_evalue,True,ok,-5.436858692471671,3.237717772926923,-0.07476881900578469,-11.379778894564488,33.80848484013005,1.0,1.0,,,1.0,1.0,-0.6390578721656035,-1.2988952928274557,2204,24,"[455, 467, 459, 467, 356]","[5, 5, 5, 5, 4]",False,False,False,False,False,0.007071067811865475,0.00700272601837131,24,24,24,0,0.0,{},0.7725287774131644,0.7169740852141789,0.0,False,True,False,False,True,False,0.0,-0.07476881900578469,-11.379778894564488,-0.07476881900578469,91.83333333333333,1.1343916506496672,0.011911631759171242,False,1.3405370771871732,False,0.01805555555555549,False,False,0.03369441499604271,0.01805555555555549,False,False,-1.3490321725492551,0.17732663249809888,True,False,0.20699473014034053,0.19190803393160882,True,False,-0.7991113635705208,False,False,forward_only_adequate
394,sequential_evalue,martingale_evalue,True,ok,3.03991011239796,3.185177036610793,8.592091849177422,-2.3999067860386134,33.6798733629285,1.0,1.0,,,1.0,1.0,-1.1636843470917815,-0.5750755138230852,2192,24,"[454, 439, 460, 451, 388]","[5, 5, 5, 5, 4]",False,False,False,False,False,0.007071067811865475,0.006934468936841214,24,24,24,0,0.0,{},0.7607196784187915,0.7069277859124953,0.0,False,True,False,False,True,False,0.0,8.592091849177422,-2.3999067860386134,8.592091849177422,91.33333333333333,1.116010589006954,0.008774503968547594,False,1.263719474200832,False,0.026388888888888906,False,False,0.0174599984157394,0.026388888888888906,False,False,0.9627990923589698,0.33564835631891443,True,False,0.2088306962133721,0.11427818754984609,True,False,0.28676718935317064,False,False,forward_only_adequate
395,sequential_evalue,martingale_evalue,True,ok,0.9796708518268211,2.8966954441117103,6.089866090859323,-4.2785242814063436,34.135550038752605,1.0,1.0,,,1.0,1.0,-0.7002714275416454,-0.7150760809909785,2226,24,"[434, 473, 472, 471, 376]","[5, 5, 5, 5, 4]",False,False,False,False,False,0.007071067811865475,0.0069325334248717925,24,24,24,0,0.0,{},0.7929190627193108,0.6948132788395894,0.0,False,True,False,False,True,False,0.0,6.089866090859323,-4.2785242814063436,6.089866090859323,92.75,1.1395302038037562,0.018669156996457367,False,1.228679257553523,False,0.027083333333333348,False,False,0.004707227953456192,0.027083333333333348,False,False,-1.2316617493206319,0.21807546399809352,True,False,0.12042263974537748,0.03805797665993175,True,False,0.5858360343621661,False,False,forward_only_adequate
396,sequential_evalue,martingale_evalue,True,ok,-4.236086184221356,3.480548688466201,2.8939775243409747,-9.978372107868262,33.012905821803315,1.0,1.0,,,1.0,1.0,-0.42871322456463157,-1.172066205576349,2233,24,"[463, 472, 469, 458, 371]","[5, 5, 5, 5, 4]",False,False,False,False,False,0.007071067811865475,0.007073110519745574,24,24,24,0,0.0,{},0.7827876876570767,0.727753030357013,0.0,False,True,False,False,True,False,0.0,2.893977524340974,-9.978372107868262,2.893977524340974,93.04166666666667,1.1261673760370894,0.014641142161769136,False,1.288495195466774,False,0.007986111111111138,False,False,0.02538498685713666,0.007986111111111138,False,False,1.8064867978207142,0.0708423345049596,True,False,0.24778289140908158,0.03561554395438859,True,False,0.5430646535877207,False,False,forward_only_adequate
397,sequential_evalue,martingale_evalue,True,ok,1.5768467470504508,3.831615453289421,7.853760848281682,-4.982553338148741,34.20005505556068,1.0,1.0,,,1.0,1.0,-0.8134949468339349,-0.591237309446042,2155,24,"[454, 452, 446, 444, 359]","[5, 5, 5, 5, 4]",False,False,False,False,False,0.007071067811865475,0.006927863898930761,24,24,24,0,0.0,{},0.7594134688111298,0.691967534901847,0.0,False,True,False,False,True,False,0.0,7.853760848281682,-4.982553338148741,7.853760848281682,89.79166666666667,1.1225719161543235,0.0025309145733887896,False,1.3012154381187018,False,0.020486111111111094,False,False,0.008185923656424943,0.020486111111111094,False,False,-0.39967413457658785,0.6893965454285714,True,False,0.27406173055394667,0.013418287181955008,True,False,0.8941988027990626,False,False,forward_only_adequate
398,sequential_evalue,martingale_evalue,True,ok,-3.0516687199555714,3.5183429861657998,2.438208403086984,-9.250508234644489,34.049088175644286,0.9230199008848655,1.0,,,0.9230199008848655,1.0,0.0801044836230268,-0.8161134000009402,2156,24,"[449, 449, 463, 442, 353]","[5, 5, 5, 5, 4]",False,False,False,False,False,0.007071067811865475,0.006982234174950617,24,24,24,0,0.0,{},0.7501294314198771,0.7130619188951626,0.0,False,True,False,False,True,False,0.0,2.438208403086984,-9.250508234644489,2.438208403086984,89.83333333333333,1.1266490588699931,0.01830881685391379,False,1.2277260805531742,False,0.01909722222222221,False,False,0.017346976036704674,0.01909722222222221,False,False,-0.7401007103553378,0.4592388877215724,True,False,0.2906244396260437,0.0035267675686593103,True,False,0.17090096386599357,False,False,forward_only_adequate
399,sequential_evalue,martingale_evalue,True,ok,-8.323689328232975,3.800366403948069,-1.712300787167492,-14.636184537081187,32.976775678058374,0.16318600140673506,1.0,,,0.16318600140673506,1.0,1.812864615825101,-1.3673400945073515,2221,24,"[456, 468, 469, 459, 369]","[5, 5, 5, 5, 4]",False,False,False,False,False,0.007071067811865475,0.007035616939306711,24,24,24,0,0.0,{},0.7748396633586119,0.6952147752202967,0.0,False,True,False,False,True,False,0.0,-1.712300787167492,-14.636184537081187,-1.712300787167492,92.54166666666667,1.115961054596284,0.006750630965112194,False,1.2837308877874893,False,0.021527777777777812,False,False,0.056756815395506345,0.021527777777777812,False,False,1.0829201910407436,0.27884384893854886,True,False,0.09197270279481426,0.3414962475450074,True,False,-2.4496356874406366,False,False,forward_only_adequate
400,sequential_evalue,martingale_evalue,True,ok,-3.783779723764789,3.1562052660949678,1.9732952915935598,-9.375285912623964,33.96744071663593,1.0,1.0,,,1.0,1.0,-0.2503807384927971,-1.0525440556972678,2241,24,"[462, 463, 481, 459, 376]","[5, 5, 5, 5, 4]",False,False,False,False,False,0.007071067811865475,0.006908312488386628,24,24,24,0,0.0,{},0.7857883585771261,0.7222205947065289,0.0,False,True,False,False,True,False,0.0,1.9732952915935595,-9.375285912623964,1.9732952915935595,93.375,1.133757340535132,0.008870424722715542,False,1.338937443635776,False,0.02430555555555558,False,False,0.022088086112680132,0.02430555555555558,False,False,-1.1398363983206412,0.25435446649026716,True,False,0.2098640457201909,0.1209163523053571,True,False,-1.7162488404233973,False,False,forward_only_adequate
401,sequential_evalue,martingale_evalue,True,ok,-0.3653428178346541,2.548474298009426,3.817359903712502,-5.246354158655144,34.02510947675752,1.0,1.0,,,1.0,1.0,-0.9110879735118085,-0.9304876201592138,2236,24,"[454, 465, 470, 479, 368]","[5, 5, 5, 5, 4]",False,False,False,False,False,0.007071067811865475,0.006869191181574083,24,24,24,0,0.0,{},0.7819960944741391,0.7368163837774766,0.0,False,True,False,False,True,False,0.0,3.817359903712502,-5.246354158655144,3.817359903712502,93.16666666666667,1.1279904377367147,0.005360978848356884,False,1.3105331065841483,False,0.015972222222222276,False,False,0.0015937354287503293,0.015972222222222276,False,False,-0.7711499271695372,0.4406180700037998,True,False,0.09485654446954885,0.1937853694374518,True,False,0.5793063558899731,False,False,forward_only_adequate
402,sequential_evalue,martingale_evalue,True,ok,1.4477343171898507,2.734663620062083,6.088025200623638,-3.747190128550172,33.53487143083372,1.0,1.0,,,1.0,1.0,-0.9927623652123947,-0.8727938691577586,2245,24,"[469, 458, 455, 477, 386]","[5, 5, 5, 5, 4]",False,False,False,False,False,0.007071067811865475,0.006951234681813082,24,24,24,0,0.0,{},0.7926902693079589,0.719240863333674,0.0,False,True,False,False,True,False,0.0,6.088025200623638,-3.7471901285501716,6.088025200623638,93.54166666666667,1.1272783152696038,0.003606992583761645,False,1.3065880373175875,False,0.033333333333333326,False,False,0.007395943361180584,0.033333333333333326,False,False,0.8785636673578084,0.37963790277100806,True,False,0.2719146752566464,0.20898434100051283,True,False,1.4245460010211413,False,False,forward_only_adequate
403,sequential_evalue,martingale_evalue,True,ok,-5.887060792612082,4.061071577479219,0.7374169315144048,-12.287716817361265,34.11141757385371,1.0,1.0,,,1.0,1.0,-0.27367337056305907,-1.2424443744676883,2203,24,"[442, 463, 454, 468, 376]","[5, 5, 5, 5, 4]",False,False,False,False,False,0.007071067811865475,0.0069285441817359145,24,24,24,0,0.0,{},0.7715269068073123,0.681303488506198,0.0,False,True,False,False,True,False,0.0,0.7374169315144048,-12.287716817361265,0.7374169315144048,91.79166666666667,1.1321745562109775,0.021259042550799592,False,1.2669642131251613,False,0.028472222222222232,False,False,0.03707773210944506,0.028472222222222232,False,False,-0.617500292455534,0.5369047884310889,True,False,0.1429811323798177,0.15405857863646388,True,False,-0.07351253298734325,False,False,forward_only_adequate
404,sequential_evalue,martingale_evalue,True,ok,0.6273159857777516,2.0246266590372493,4.330352856246164,-2.6364130920024675,34.519713000999104,1.0,1.0,,,1.0,1.0,-1.0365906163256007,-0.9511508099899779,2229,24,"[470, 451, 468, 462, 378]","[5, 5, 5, 5, 4]",False,False,False,False,False,0.007071067811865475,0.006956849128932452,24,24,24,0,0.0,{},0.7768749607978114,0.6872156171289614,0.0,False,True,False,False,True,False,0.0,4.330352856246164,-2.6364130920024675,4.330352856246164,92.875,1.1571753640842153,0.006567417649536174,False,1.2565002296211778,False,0.024652777777777746,False,False,0.0028149087024606015,0.024652777777777746,False,False,-0.07389247374925577,0.9410959445563625,True,False,0.12060062398688526,0.24327258374012184,True,False,-0.5540505810684155,False,False,forward_only_adequate
405,sequential_evalue,martingale_evalue,True,ok,4.769077028626808,3.512097788243794,10.760567399925574,-1.4961221769757902,33.062682982498174,1.0,1.0,,,1.0,1.0,-1.262723578150573,-0.5712408812086252,2199,24,"[476, 448, 456, 460, 359]","[5, 5, 5, 5, 4]",False,False,False,False,False,0.007071067811865475,0.007039618322358548,24,24,24,0,0.0,{},0.7689361033472424,0.7021064717178597,0.0,False,True,False,False,True,False,0.0,10.760567399925572,-1.4961221769757902,10.760567399925572,91.625,1.1139461686185463,0.011115287575188197,False,1.266515696778229,False,0.018750000000000044,False,False,0.02952359902835021,0.018750000000000044,False,False,0.9936400542767039,0.320398136597948,True,False,0.12147466409039252,0.13714996709718283,True,False,-0.42520426455395693,False,False,forward_only_adequate
406,sequential_evalue,martingale_evalue,True,ok,1.1195688521428695,3.8111393528907485,7.608310747720182,-5.391111474795261,34.27774518516329,1.0,1.0,,,1.0,1.0,-1.022764668863733,-0.862297871840515,2169,24,"[452, 453, 436, 473, 355]","[5, 5, 5, 5, 4]",False,False,False,False,False,0.007071067811865475,0.0069554731867628354,24,24,24,0,0.0,{},0.7566647895975673,0.6898989912743235,0.0,False,True,False,False,True,False,0.0,7.608310747720182,-5.391111474795262,7.608310747720182,90.375,1.1332692014637402,0.004678019281064044,False,1.2730042563716013,False,0.021180555555555536,False,False,0.005501890639590706,0.021180555555555536,False,False,0.034906114024539935,0.9721546052992408,True,False,0.09724371326703574,0.41195240726891424,True,False,-0.1372935843808282,False,False,forward_only_adequate
407,sequential_evalue,martingale_evalue,True,ok,-3.470087948666098,3.2035380405555482,1.6545144606219582,-9.051818264034978,34.190364812130824,1.0,1.0,,,1.0,1.0,-0.7605345245206372,-1.1661808668330893,2252,24,"[471, 451, 458, 484, 388]","[5, 5, 5, 5, 4]",False,False,False,False,False,0.007071067811865475,0.006987335673724285,24,24,24,0,0.0,{},0.7964994858692788,0.7110515701271093,0.0,False,True,False,False,True,False,0.0,1.6545144606219582,-9.051818264034978,1.6545144606219582,93.83333333333333,1.1570814168647734,0.024752119215665676,False,1.2862760975447594,False,0.02777777777777779,False,False,0.01951368743539224,0.02777777777777779,False,False,-1.120052035193883,0.26269158854288255,True,False,0.1638002849066629,0.08262146887955879,True,False,-1.1532168635971793,False,False,forward_only_adequate
408,sequential_evalue,martingale_evalue,True,ok,-1.9142714774315068,4.2817512071539925,5.7356032014729506,-9.179818236286387,34.62807022002632,1.0,1.0,,,1.0,1.0,-0.5126257830415075,-0.9974487267107757,2196,24,"[444, 477, 459, 448, 368]","[5, 5, 5, 5, 4]",False,False,False,False,False,0.007071067811865475,0.006958219246029353,24,24,24,0,0.0,{},0.7723378816233968,0.7025803209901302,0.0,False,True,False,False,True,False,0.0,5.7356032014729506,-9.179818236286387,5.7356032014729506,91.5,1.1524098181620563,0.013533754429614226,False,1.2233866036242176,False,0.01388888888888895,False,False,0.009903962980327662,0.01388888888888895,False,False,1.3225520871049843,0.18598437677333735,True,False,0.18579641929134336,0.07436957973240473,True,False,-0.24865110752491762,False,False,forward_only_adequate
409,sequential_evalue,martingale_evalue,True,ok,-3.8189018227355773,3.1261058907910306,1.4395252944209518,-8.726888232659713,33.005337133199795,1.0,1.0,,,1.0,1.0,-0.17402608616111304,-1.0218842665092827,2204,24,"[450, 475, 456, 472, 351]","[5, 5, 5, 5, 4]",False,False,False,False,False,0.007071067811865475,0.006933523019241589,24,24,24,0,0.0,{},0.7775833880062499,0.704816407059168,0.0,False,True,False,False,True,False,0.0,1.439525294420952,-8.726888232659713,1.439525294420952,91.83333333333333,1.096499185796851,0.033528015347483835,False,1.2632678371826318,False,0.014583333333333282,False,False,0.023210068251928832,0.014583333333333282,False,False,0.23565787986924103,0.813698156393461,True,False,0.18187642607052157,0.05886965473218751,True,False,-0.6505078223336749,False,False,forward_only_adequate
410,sequential_evalue,martingale_evalue,True,ok,-1.3239832715776159,3.8760282438479416,7.197046097672839,-6.7987827937844,34.0458730810227,1.0,1.0,,,1.0,1.0,-0.5221774815840079,-0.8640245619641781,2250,24,"[467, 475, 470, 477, 361]","[5, 5, 5, 5, 4]",False,False,False,False,False,0.007071067811865475,0.006884577705111187,24,24,24,0,0.0,{},0.7881790217004092,0.6938967379129267,0.0,False,True,False,False,True,False,0.0,7.197046097672839,-6.7987827937844,7.197046097672839,93.75,1.1347427703609592,0.012878522829161824,False,1.2920239783971814,False,0.009722222222222188,False,False,0.006636025494883886,0.009722222222222188,False,False,-1.036317326841768,0.30005412530680853,True,False,0.1479645409271846,0.07321665970142799,True,False,-0.10140000523852757,False,False,forward_only_adequate
411,sequential_evalue,martingale_evalue,True,ok,-3.627049924980947,3.0441048157747472,1.336747764102269,-9.108921052299268,34.11446581033131,1.0,1.0,,,1.0,1.0,-0.7022874035162083,-1.230679168799713,2253,24,"[459, 466, 453, 492, 383]","[5, 5, 5, 5, 4]",False,False,False,False,False,0.007071067811865475,0.007041265678171191,24,24,24,0,0.0,{},0.7859754782738972,0.6574417569241199,0.0,False,True,False,False,True,False,0.0,1.3367477641022691,-9.108921052299268,1.3367477641022691,93.875,1.1636819172393187,0.006943565360447841,False,1.3202150508789365,False,0.014583333333333393,False,False,0.020404593319566004,0.014583333333333393,False,False,0.4001754949139754,0.6890272622435865,True,False,0.11932337646370099,0.35897910981891157,True,False,-1.2904346386385313,False,False,forward_only_adequate
412,sequential_evalue,martingale_evalue,True,ok,6.069420577209297,2.785136586810211,10.67377618437961,1.3532911087303017,33.40415405598124,1.0,1.0,,,1.0,1.0,-1.2652663555767238,-0.2844446206597103,2213,24,"[458, 458, 468, 454, 375]","[5, 5, 5, 5, 4]",False,False,False,False,False,0.007071067811865475,0.006950673648299487,24,24,24,0,0.0,{},0.7728455790621939,0.7267183296978161,0.0,False,True,False,False,True,False,0.0,10.67377618437961,1.3532911087303017,10.67377618437961,92.20833333333333,1.1147627959085076,0.012060584842421193,False,1.2505720962541107,False,0.019444444444444375,False,False,0.03913859855346948,0.019444444444444375,False,False,-1.3272815803065467,0.18441555465531,True,False,0.2025239639306768,0.013268626617160086,True,False,-1.5581753349454912,False,False,forward_only_adequate
413,sequential_evalue,martingale_evalue,True,ok,1.5147588344972636,3.697459715187951,7.39815351615628,-4.214069784893721,33.152862491457874,1.0,1.0,,,1.0,1.0,-1.0472572147812147,-0.7477669559910043,2211,24,"[463, 446, 476, 452, 374]","[5, 5, 5, 5, 4]",False,False,False,False,False,0.007071067811865475,0.006983647142986377,24,24,24,0,0.0,{},0.7732825632056469,0.6602099854623131,0.0,False,True,False,False,True,False,0.0,7.39815351615628,-4.214069784893721,7.39815351615628,92.125,1.1111228403499738,0.009640901955956082,False,1.3128224785550422,False,0.018749999999999933,False,False,0.007912998404439417,0.018749999999999933,False,False,0.6784324922812662,0.49749751330950975,True,False,0.09922332373172277,0.2821063475534118,True,False,-0.2637918656815035,False,False,forward_only_adequate
414,sequential_evalue,martingale_evalue,True,ok,-1.6507198959439984,2.640870873222294,3.0522483288088598,-6.169286987418693,34.12073494593481,1.0,1.0,,,1.0,1.0,-0.7938481414066929,-1.0710327800631305,2202,24,"[463, 478, 442, 461, 358]","[5, 5, 5, 5, 4]",False,False,False,False,False,0.007071067811865475,0.007035705592511752,24,24,24,0,0.0,{},0.7872094835617869,0.66740126362204,0.0,False,True,False,False,True,False,0.0,3.0522483288088598,-6.169286987418693,3.0522483288088598,91.75,1.1497385047328512,0.03892137279617353,False,1.3204170169723417,False,0.01736111111111105,False,False,0.008391516228191863,0.01736111111111105,False,False,-1.8612185344612346,0.06271332201130041,True,False,0.23879504698116288,0.01988696166256527,True,False,-0.8853454846148563,False,False,forward_only_adequate
415,sequential_evalue,martingale_evalue,True,ok,0.906989707106605,3.736078907212027,6.962130318897819,-5.644934115936285,32.66226739220043,1.0,1.0,,,1.0,1.0,-0.7789329221938253,-0.3163932198760066,2203,24,"[457, 464, 465, 455, 362]","[5, 5, 5, 5, 4]",False,False,False,False,False,0.007071067811865475,0.007015196746903201,24,24,24,0,0.0,{},0.768838377640067,0.6833725461253987,0.0,False,True,False,False,True,False,0.0,6.962130318897819,-5.644934115936285,6.962130318897819,91.79166666666667,1.0976346734281097,0.0016040440428195767,False,1.2489148372787386,False,0.032638888888888884,False,False,0.004502869747100698,0.032638888888888884,False,False,-1.9334022598897453,0.05318666308640739,True,False,0.23881946473797952,0.010874752360853758,True,False,-1.3331703682564975,False,False,forward_only_adequate
416,sequential_evalue,martingale_evalue,True,ok,0.5427914290902992,3.690833091347953,6.6732163529502575,-5.924636905682172,34.144830391659234,1.0,1.0,,,1.0,1.0,-0.8535098510624011,-0.7215997967142103,2214,24,"[437, 475, 478, 459, 365]","[5, 5, 5, 5, 4]",False,False,False,False,False,0.007071067811865475,0.006901413521871812,24,24,24,0,0.0,{},0.7832800583389934,0.7043639971508872,0.0,False,True,False,False,True,False,0.0,6.673216352950258,-5.924636905682173,6.673216352950258,92.25,1.1316606162776728,0.013890061564723753,False,1.2991109329023875,False,0.03020833333333328,False,False,0.002457701788945832,0.03020833333333328,False,False,-0.14871041687541223,0.88178214116442,True,False,0.14721501403841916,0.05868440258874402,True,False,0.942146844913486,False,False,forward_only_adequate
417,sequential_evalue,martingale_evalue,True,ok,-3.616714725420845,2.87915912397767,1.1514345459165725,-8.427928830132895,33.49598952838303,1.0,1.0,,,1.0,1.0,-0.7133049883726958,-1.236726090029291,2197,24,"[462, 463, 454, 461, 357]","[5, 5, 5, 5, 4]",False,False,False,False,False,0.007071067811865475,0.006988951968008877,24,24,24,0,0.0,{},0.7780857699758361,0.7061903886966698,0.0,False,True,False,False,True,False,0.0,1.1514345459165725,-8.427928830132895,1.1514345459165725,91.54166666666667,1.1199129841088733,0.020201851884664956,False,1.3040150791992684,False,0.02083333333333326,False,False,0.021261448303866348,0.02083333333333326,False,False,1.4529981246407366,0.14622427469801383,True,False,0.1414292262651176,0.21280504417724944,True,False,0.18367722981678708,False,False,forward_only_adequate
418,sequential_evalue,martingale_evalue,True,ok,1.4499958334189493,2.5213527240622917,5.499499769129648,-3.347267728409915,32.30275212654259,1.0,1.0,,,1.0,1.0,-1.0097768998480041,-0.7428859005518746,2246,24,"[460, 478, 469, 480, 359]","[5, 5, 5, 5, 4]",False,False,False,False,False,0.007071067811865475,0.0070618906999734,24,24,24,0,0.0,{},0.7917316719285798,0.7273021640094905,0.0,False,True,False,False,True,False,0.0,5.499499769129648,-3.3472677284099155,5.499499769129648,93.58333333333333,1.1033918602621815,0.01777758867466927,False,1.282677780234742,False,0.02083333333333326,False,False,0.007590766504162072,0.02083333333333326,False,False,-1.0549448710405924,0.291450538770462,True,False,0.10386007072834483,0.2965836976068603,True,False,-0.6345073959979377,False,False,forward_only_adequate
419,sequential_evalue,martingale_evalue,True,ok,2.0801140295230383,3.0025668103299132,7.345668796664719,-3.0080984085048668,34.030584204731056,1.0,0.9744245528177542,,,1.0,0.9744245528177542,-0.9412942487148483,0.025908184460392114,2221,24,"[461, 462, 459, 473, 366]","[5, 5, 5, 5, 4]",False,False,False,False,False,0.007071067811865475,0.006968997038879109,24,24,24,0,0.0,{},0.7835292428679775,0.7100808571513796,0.0,False,True,False,False,True,False,0.0,7.345668796664719,-3.0080984085048663,7.345668796664719,92.54166666666667,1.1407181389244219,0.017465959786895156,False,1.2938147247503204,False,0.023958333333333304,False,False,0.011015329001469487,0.023958333333333304,False,False,-0.4252149407278189,0.6706799936025472,True,False,0.12653496578250842,0.39840838066788153,True,False,-1.3186138110829553,False,False,forward_only_adequate
420,sequential_evalue,martingale_evalue,True,ok,1.6586570903505014,4.319491694526832,9.365049723139228,-6.2880667297929955,34.02454435759358,1.0,1.0,,,1.0,1.0,-1.1374304828309438,-0.8528091696013604,2253,24,"[481, 474, 464, 461, 373]","[5, 5, 5, 5, 4]",False,False,False,False,False,0.007071067811865475,0.006999531949523791,24,24,24,0,0.0,{},0.800001103365766,0.7259644749476727,0.0,False,True,False,False,True,False,0.0,9.365049723139228,-6.2880667297929955,9.365049723139228,93.875,1.1537356107255885,0.03854405435352885,False,1.3046820537363044,False,0.0253472222222223,False,False,0.008404151488632019,0.0253472222222223,False,False,1.1998960978770832,0.23017969564579366,True,False,0.2609887783113525,0.02525628752407403,True,False,0.9819665007095996,False,False,forward_only_adequate
421,sequential_evalue,martingale_evalue,True,ok,4.2892549928062165,4.391416570432273,12.149236898934973,-2.325226072713254,32.57753826130748,1.0,0.8493158056042382,,,1.0,0.8493158056042382,-0.8960399486954226,0.16332418821481498,2215,24,"[467, 442, 456, 470, 380]","[5, 5, 5, 5, 4]",False,False,False,False,False,0.007071067811865475,0.007053041677110986,24,24,24,0,0.0,{},0.7709131597854522,0.6837631446513714,0.0,False,True,False,False,True,False,0.0,12.149236898934973,-2.325226072713254,12.149236898934973,92.29166666666667,1.1036870896269213,0.007166078528758259,False,1.204809699269197,False,0.018055555555555602,False,False,0.026369086425506786,0.018055555555555602,False,False,1.6722644677939107,0.0944721829792148,True,False,0.12809863748123856,0.254058519690088,True,False,0.2916771299108362,False,False,forward_only_adequate
422,sequential_evalue,martingale_evalue,True,ok,-2.029143477274824,3.3834480802569087,3.467842642520631,-8.211834658088732,35.21346359758742,1.0,1.0,,,1.0,1.0,-0.8428810511648503,-1.0967728973098403,2239,24,"[462, 465, 454, 485, 373]","[5, 5, 5, 5, 4]",False,False,False,False,False,0.007071067811865475,0.006911421021598914,24,24,24,0,0.0,{},0.7933075467032061,0.6755864596834605,0.0,False,True,False,False,True,False,0.0,3.467842642520631,-8.211834658088732,3.467842642520631,93.29166666666667,1.1753508460181388,0.0035331216784091316,False,1.2979914058446524,False,0.01909722222222221,False,False,0.01034881162207951,0.01909722222222221,False,False,-1.355072797965975,0.1753943643923539,True,False,0.13909079557017073,0.05997673018414981,True,False,1.2076219564305806,False,False,forward_only_adequate
423,sequential_evalue,martingale_evalue,True,ok,3.65664287381928,3.3974111881424687,9.358611197816817,-2.3201268632344862,33.5332961782332,1.0,1.0,,,1.0,1.0,-1.1137453367786059,-0.5350032513987946,2254,24,"[467, 490, 487, 452, 358]","[5, 5, 5, 5, 4]",False,False,False,False,False,0.007071067811865475,0.0070486827547825166,24,24,24,0,0.0,{},0.7914418009727477,0.7146263067178603,0.0,False,True,False,False,True,False,0.0,9.358611197816817,-2.3201268632344862,9.358611197816817,93.91666666666667,1.1453165820342786,0.012091055542257286,False,1.357259717570875,False,0.02951388888888895,False,False,0.020980988764337002,0.02951388888888895,False,False,-0.7116791372736208,0.476663489552659,True,False,0.21753151993298958,0.028322455426640157,True,False,0.9170710428322552,False,False,forward_only_adequate
424,sequential_evalue,martingale_evalue,True,ok,-0.19678041612361272,2.588816540051439,4.175073383829804,-4.505915075275401,33.398550798408536,1.0,1.0,,,1.0,1.0,-0.5014737480989607,-0.860699290303315,2190,24,"[460, 448, 454, 456, 372]","[5, 5, 5, 5, 4]",False,False,False,False,False,0.007071067811865475,0.007087484850098904,24,24,24,0,0.0,{},0.772859190403066,0.6937344611915198,0.0,False,True,False,False,True,False,0.0,4.175073383829804,-4.505915075275401,4.175073383829804,91.25,1.130592778543577,0.013848236344827753,False,1.2795750137900292,False,0.010763888888888906,False,False,0.0008078924753448447,0.010763888888888906,False,False,0.23939499094297126,0.8107993137546398,True,False,0.14043732879051377,0.15685376034300294,True,False,-0.27965462576372996,False,False,forward_only_adequate
425,sequential_evalue,martingale_evalue,True,ok,1.1218962645724266,4.3076010807278005,8.334129570730818,-6.448057573922124,33.43649989734575,0.8989462757008185,1.0,,,0.8989462757008185,1.0,0.10653200636205096,-0.2880791270559553,2220,24,"[478, 465, 454, 462, 361]","[5, 5, 5, 5, 4]",False,False,False,False,False,0.007071067811865475,0.006917953683772912,24,24,24,0,0.0,{},0.7803307841756801,0.6737545284100559,0.0,False,True,False,False,True,False,0.0,8.334129570730818,-6.448057573922124,8.334129570730818,92.5,1.1123445475719074,0.004026933894285676,False,1.3315322583545581,False,0.022916666666666696,False,False,0.005631531024417638,0.022916666666666696,False,False,0.8435655201446427,0.3989122385042664,True,False,0.1045646626388954,0.45689780007252845,True,False,-0.3297850470015849,False,False,forward_only_adequate
426,sequential_evalue,martingale_evalue,True,ok,-1.9651630438630485,3.5183032371966156,4.194221657185461,-7.58777880500954,34.124296887609134,1.0,1.0,,,1.0,1.0,-0.689560889475764,-1.022139398570239,2228,24,"[456, 468, 464, 462, 378]","[5, 5, 5, 5, 4]",False,False,False,False,False,0.007071067811865475,0.006959571518213309,24,24,24,0,0.0,{},0.7802114715691609,0.7206812987366354,0.0,False,True,False,False,True,False,0.0,4.194221657185461,-7.587778805009539,4.194221657185461,92.83333333333333,1.144111077602397,0.008091774086685592,False,1.2692398083086152,False,0.022222222222222143,False,False,0.010288831139453334,0.022222222222222143,False,False,0.45603485866686566,0.6483649116602297,True,False,0.16779543985486178,0.05805635556759713,True,False,-2.16522102598643,False,False,forward_only_adequate
427,sequential_evalue,martingale_evalue,True,ok,-4.429385636037298,3.912290960919338,3.188762318331176,-10.701393590526912,33.252835604044485,1.0,1.0,,,1.0,1.0,-0.28890353609447816,-1.1718202786527105,2220,24,"[468, 449, 468, 459, 376]","[5, 5, 5, 5, 4]",False,False,False,False,False,0.007071067811865475,0.007021061057585853,24,24,24,0,0.0,{},0.7747570775669081,0.7251806265906123,0.0,False,True,False,False,True,False,0.0,3.1887623183311766,-10.701393590526912,3.1887623183311766,92.5,1.1227221886390393,0.002008272838323199,False,1.2747213790101586,False,0.011458333333333237,False,False,0.02683590505834053,0.011458333333333237,False,False,-0.7342810199905101,0.4627774831459419,True,False,0.1069879181478624,0.3043815898027634,True,False,-0.08495452003558167,False,False,forward_only_adequate
428,sequential_evalue,martingale_evalue,True,ok,1.8482485943962648,3.5320712125244507,8.11205715803257,-4.015018318630502,32.479339154353895,1.0,1.0,,,1.0,1.0,-0.855032362094323,-0.449933399677218,2235,24,"[473, 476, 459, 469, 358]","[5, 5, 5, 5, 4]",False,False,False,False,False,0.007071067811865475,0.006979774180707701,24,24,24,0,0.0,{},0.7933492653419468,0.6966294621529943,0.0,False,True,False,False,True,False,0.0,8.11205715803257,-4.015018318630502,8.11205715803257,93.125,1.0938347173774787,0.013898583418737948,False,1.2684814265197137,False,0.01215277777777779,False,False,0.010098365852301727,0.01215277777777779,False,False,-0.05455011832311976,0.9564968793536294,True,False,0.21018626619898415,0.09258682754695786,True,False,-1.1946844691333303,False,False,forward_only_adequate
429,sequential_evalue,martingale_evalue,True,ok,0.7435917170257174,2.7828641180747438,4.995615860845701,-5.296825318408133,34.67747806687929,1.0,1.0,,,1.0,1.0,-1.0757776112499877,-0.9200745034924833,2202,24,"[478, 460, 450, 450, 364]","[5, 5, 5, 5, 4]",False,False,False,False,False,0.007071067811865475,0.006987255423409351,24,24,24,0,0.0,{},0.7726048829642131,0.6830452815305095,0.0,False,True,False,False,True,False,0.0,4.995615860845701,-5.296825318408133,4.995615860845701,91.75,1.1604519588609337,0.022191184991390053,False,1.2938304242569492,False,0.03020833333333328,False,False,0.0033899124875875365,0.03020833333333328,False,False,-0.9820410423624154,0.32607962903982457,True,False,0.10188446052580606,0.3334621734358386,True,False,0.7643951401709106,False,False,forward_only_adequate
430,sequential_evalue,martingale_evalue,True,ok,-5.499046456541037,3.3616857519678307,0.20313564304665022,-12.07397130574423,33.141014556883775,0.9728756349280958,1.0,,,0.9728756349280958,1.0,0.02749902107209412,-1.2098280428891055,2234,24,"[455, 463, 467, 463, 386]","[5, 5, 5, 5, 4]",False,False,False,False,False,0.007071067811865475,0.006987314690134391,24,24,24,0,0.0,{},0.7805970265275584,0.7174978393233675,0.0,False,True,False,False,True,False,0.0,0.20313564304665022,-12.07397130574423,0.20313564304665022,93.08333333333333,1.1170743262505385,0.012104581120647344,False,1.3322514505234513,False,0.013541666666666674,False,False,0.03476873627883904,0.013541666666666674,False,False,-0.26281494932581684,0.792693212582793,True,False,0.07636963210693243,0.4409671296550703,True,False,0.6781957298653271,False,False,forward_only_adequate
431,sequential_evalue,martingale_evalue,True,ok,-1.3648480612454348,3.1922453226660754,4.103151528268576,-6.77780581437381,33.36663639583245,1.0,1.0,,,1.0,1.0,-0.830853584330151,-0.9672991131451714,2193,24,"[445, 464, 459, 461, 364]","[5, 5, 5, 5, 4]",False,False,False,False,False,0.007071067811865475,0.006937873643398177,24,24,24,0,0.0,{},0.7763492135668105,0.6658426887804543,0.0,False,True,False,False,True,False,0.0,4.103151528268576,-6.77780581437381,4.103151528268576,91.375,1.1064263599503636,0.023603704188394883,False,1.2855705310986507,False,0.03368055555555549,False,False,0.007066617200896785,0.03368055555555549,False,False,-1.0980092906793961,0.27220043239586045,True,False,0.19017723863444463,0.36021373655033834,True,False,-1.2729740360971318,False,False,forward_only_adequate
432,sequential_evalue,martingale_evalue,True,ok,6.0483641787244204,3.306155482771801,12.273667932612499,0.42995438859687596,34.75802744132703,1.0,1.0,,,1.0,1.0,-1.3017902388622533,-0.21043945455082003,2205,24,"[458, 481, 463, 451, 352]","[5, 5, 5, 5, 4]",False,False,False,False,False,0.007071067811865475,0.006935291151338574,24,24,24,0,0.0,{},0.779769443640846,0.6719793755367417,0.0,False,True,False,False,True,False,0.0,12.273667932612499,0.42995438859687596,12.273667932612499,91.875,1.155283312195072,0.012366236791808413,False,1.2716185281232686,False,0.00868055555555558,False,False,0.037376347920636405,0.00868055555555558,False,False,0.2367013689469275,0.8128884728724737,True,False,0.06553905818581816,0.5655722228443991,True,False,1.556483087235026,False,False,forward_only_adequate
433,sequential_evalue,martingale_evalue,True,ok,-2.100423371131643,4.244293648327323,5.6456754729653245,-8.77203318453872,33.766254650971035,1.0,1.0,,,1.0,1.0,-0.683138350102064,-1.0574706624792087,2225,24,"[459, 474, 464, 459, 369]","[5, 5, 5, 5, 4]",False,False,False,False,False,0.007071067811865475,0.006926798455874013,24,24,24,0,0.0,{},0.7825472199111193,0.6900278807663988,0.0,False,True,False,False,True,False,0.0,5.645675472965325,-8.77203318453872,5.645675472965325,92.70833333333333,1.1260167062561686,0.007506394321744767,False,1.2607517261558865,False,0.023611111111111138,False,False,0.011304428888418814,0.023611111111111138,False,False,-2.570562889976374,0.010153338966880905,True,False,0.1949495137708579,0.06943331517257749,True,False,-1.5194493364734147,False,False,forward_only_adequate
434,sequential_evalue,martingale_evalue,True,ok,-1.991393740646906,3.1295970001319313,3.687920565644392,-7.531101182468528,33.41107492725287,1.0,1.0,,,1.0,1.0,-0.4231263429571296,-1.0402889859373785,2206,24,"[457, 459, 471, 465, 354]","[5, 5, 5, 5, 4]",False,False,False,False,False,0.007071067811865475,0.0069336939781263025,24,24,24,0,0.0,{},0.7786710079093047,0.6695722319306319,0.0,False,True,False,False,True,False,0.0,3.687920565644392,-7.531101182468528,3.687920565644392,91.91666666666667,1.110509442920939,0.0025067064947818683,False,1.2707399365701377,False,0.025694444444444464,False,False,0.010806771019708962,0.025694444444444464,False,False,-1.241284419639051,0.21450069824818374,True,False,0.13890666381540956,0.15055635488406308,True,False,-0.7779330208359748,False,False,forward_only_adequate
435,sequential_evalue,martingale_evalue,True,ok,-1.2602102899908665,3.724084182056067,4.58691045371577,-7.987097926273456,33.33712960159245,1.0,1.0,,,1.0,1.0,-0.5042203789404996,-0.7039693071953178,2228,24,"[449, 472, 465, 471, 371]","[5, 5, 5, 5, 4]",False,False,False,False,False,0.007071067811865475,0.007053714231018053,24,24,24,0,0.0,{},0.788096009667199,0.6874189132134101,0.0,False,True,False,False,True,False,0.0,4.58691045371577,-7.987097926273456,4.58691045371577,92.83333333333333,1.1328386066001295,0.024434375542405667,False,1.2338365920984147,False,0.017708333333333326,False,False,0.006288525781221262,0.017708333333333326,False,False,0.4140459843151423,0.6788404302917908,True,False,0.11352728641723446,0.12455220906588066,True,False,-0.6423498818746417,False,False,forward_only_adequate
436,sequential_evalue,martingale_evalue,True,ok,0.48199585972492126,3.3802455749504703,6.872702301580008,-4.871138781570662,33.514308163570966,1.0,1.0,,,1.0,1.0,-0.9430109739538963,-0.8502394471138726,2175,24,"[464, 461, 460, 433, 357]","[5, 5, 5, 5, 4]",False,False,False,False,False,0.007071067811865475,0.007012992278788794,24,24,24,0,0.0,{},0.7569229255256575,0.7129136372161867,0.0,False,True,False,False,True,False,0.0,6.872702301580008,-4.871138781570662,6.872702301580008,90.625,1.1187360515267222,0.02804900795287089,False,1.3387485373986652,False,0.012499999999999956,False,False,0.0021826703237628696,0.012499999999999956,False,False,-0.26754483809127705,0.7890496961140827,True,False,0.18674865970197524,0.04637338870940726,True,False,0.14172770287775746,False,False,forward_only_adequate
437,sequential_evalue,martingale_evalue,True,ok,-6.472171175203276,4.543422464797042,1.4644584199091408,-14.668618014030265,34.251186392307396,1.0,1.0,,,1.0,1.0,-0.24836247609367068,-1.347982955652754,2204,24,"[461, 458, 453, 462, 370]","[5, 5, 5, 5, 4]",False,False,False,False,False,0.007071067811865475,0.006982287286877099,24,24,24,0,0.0,{},0.7753771764313121,0.7190150038448425,0.0,False,True,False,False,True,False,0.0,1.4644584199091408,-14.668618014030265,1.4644584199091408,91.83333333333333,1.1458915362931463,0.0018142338822641063,False,1.2897859302356651,False,0.022916666666666696,False,False,0.0408666457281382,0.022916666666666696,False,False,1.6586829923806363,0.09717968831197421,True,False,0.12467151443082805,0.11690930575729873,True,False,-0.803420195748646,False,False,forward_only_adequate
438,sequential_evalue,martingale_evalue,True,ok,4.478110958318065,3.019458547699102,9.594449654000375,-1.0178990551670326,33.30038374008263,1.0,1.0,,,1.0,1.0,-1.3041761664329454,-0.5798901877237184,2248,24,"[438, 476, 473, 473, 388]","[5, 5, 5, 5, 4]",False,False,False,False,False,0.007071067811865475,0.006997676277007353,24,24,24,0,0.0,{},0.7920892356760472,0.6936711913948528,0.0,False,True,False,False,True,False,0.0,9.594449654000375,-1.0178990551670326,9.594449654000375,93.66666666666667,1.1276274063080942,0.013386647651796337,False,1.274170700341525,False,0.025347222222222188,False,False,0.027042707779219834,0.025347222222222188,False,False,1.4856221321413476,0.1373790975773083,True,False,0.15013006148688465,0.04629907415564801,True,False,1.4946601610499735,False,False,forward_only_adequate
439,sequential_evalue,martingale_evalue,True,ok,0.7664290740312865,3.3339075626472603,6.321666097996303,-4.916157780171476,33.63182534150209,1.0,1.0,,,1.0,1.0,-0.46200432965484806,-0.6618454789951338,2240,24,"[469, 475, 451, 477, 368]","[5, 5, 5, 5, 4]",False,False,False,False,False,0.007071067811865475,0.00698463973533141,24,24,24,0,0.0,{},0.7813142417023344,0.6824597812244738,0.0,False,True,False,False,True,False,0.0,6.321666097996303,-4.916157780171476,6.321666097996303,93.33333333333333,1.1347046691034763,0.012973748105432123,False,1.2823134787071593,False,0.010763888888888906,False,False,0.003594850437119377,0.010763888888888906,False,False,0.35922169715271574,0.7194292464298452,True,False,0.07938262166367699,0.6527795520527095,True,False,-0.3637547114965311,False,False,forward_only_adequate
440,sequential_evalue,martingale_evalue,True,ok,-0.5459100750695177,3.4966528222826385,5.826239454270538,-6.396446993633049,33.782029664991434,1.0,1.0,,,1.0,1.0,-0.7095543421206858,-0.8585352198400964,2241,24,"[459, 482, 475, 461, 364]","[5, 5, 5, 5, 4]",False,False,False,False,False,0.007071067811865475,0.00702613841415115,24,24,24,0,0.0,{},0.7910021396281643,0.6925512335049904,0.0,False,True,False,False,True,False,0.0,5.826239454270538,-6.396446993633049,5.826239454270538,93.375,1.1468001782958788,0.01367347680466449,False,1.216757272412945,False,0.01736111111111105,False,False,0.0024372176214030893,0.01736111111111105,False,False,2.022483511752252,0.04312642528473869,True,False,0.22992675463402942,0.04382607674302771,True,False,-0.12464043775010383,False,False,forward_only_adequate
441,sequential_evalue,martingale_evalue,True,ok,-1.9026867342435017,3.407354728034343,3.920945101334447,-7.679862442724527,34.59261769540557,1.0,1.0,,,1.0,1.0,-0.8034169051936231,-1.0670264225798907,2218,24,"[461, 466, 457, 464, 370]","[5, 5, 5, 5, 4]",False,False,False,False,False,0.007071067811865475,0.006975068141857265,24,24,24,0,0.0,{},0.7795960898824925,0.6881354962449288,0.0,False,True,False,False,True,False,0.0,3.9209451013344476,-7.679862442724527,3.9209451013344476,92.41666666666667,1.159783795126586,0.0009845918019531477,False,1.3200067411918506,False,0.03819444444444442,False,False,0.009764585430332276,0.03819444444444442,False,False,0.38001601689285824,0.7039335257240178,True,False,0.06056700369035224,0.5819631094589418,True,False,0.4852269340767694,False,False,forward_only_adequate
442,sequential_evalue,martingale_evalue,True,ok,0.6614278174000384,3.8699891415491794,7.216763785109452,-6.397944341409511,33.91972526738292,1.0,1.0,,,1.0,1.0,-0.9580551148805343,-0.8349040024899753,2213,24,"[465, 459, 472, 450, 367]","[5, 5, 5, 5, 4]",False,False,False,False,False,0.007071067811865475,0.006972285949415535,24,24,24,0,0.0,{},0.7815249062925499,0.682522938636308,0.0,False,True,False,False,True,False,0.0,7.216763785109452,-6.39794434140951,7.216763785109452,92.20833333333333,1.1354881511164205,0.034014322736950764,False,1.1966335330303928,False,0.010069444444444464,False,False,0.0030487854251869994,0.010069444444444464,False,False,-0.14308493956004822,0.8862230990409835,True,False,0.10139662812963647,0.1990694077494106,True,False,-0.6938196680091855,False,False,forward_only_adequate
443,sequential_evalue,martingale_evalue,True,ok,-4.016616440248035,2.50174360815001,1.0382801543701188,-8.30310264482081,34.03722828497876,1.0,1.0,,,1.0,1.0,-0.6996826741865452,-1.2419847400112105,2194,24,"[456, 452, 451, 461, 374]","[5, 5, 5, 5, 4]",False,False,False,False,False,0.007071067811865475,0.0069704161018340205,24,24,24,0,0.0,{},0.769199301265092,0.6989670197193698,0.0,False,True,False,False,True,False,0.0,1.0382801543701188,-8.30310264482081,1.0382801543701188,91.41666666666667,1.134215523017473,0.00863482308914422,False,1.2675979416185021,False,0.021527777777777812,False,False,0.023663953768513227,0.021527777777777812,False,False,-1.7487726712106852,0.08033032254641662,True,False,0.18095585448356594,0.08140996520897512,True,False,-1.50527819614336,False,False,forward_only_adequate
444,sequential_evalue,martingale_evalue,True,ok,-7.777291604457628,3.823750913429288,-2.1087465667349408,-15.229364252992404,33.0355703796054,1.0,1.0,,,1.0,1.0,-0.3248276528439178,-1.454546457740619,2213,24,"[467, 463, 468, 451, 364]","[5, 5, 5, 5, 4]",False,False,False,False,False,0.007071067811865475,0.006997936179519775,24,24,24,0,0.0,{},0.7807814364079739,0.7157374313419647,0.0,False,True,False,False,True,False,0.0,-2.1087465667349408,-15.229364252992404,-2.1087465667349408,92.20833333333333,1.1099588478713176,0.04589409812575315,False,1.2978607932097248,False,0.023263888888888862,False,False,0.05270841500412536,0.023263888888888862,False,False,-0.43067018189880546,0.6667082029226854,True,False,0.16316827834071376,0.23898481220703055,True,False,-1.5818074996270366,False,False,forward_only_adequate
445,sequential_evalue,martingale_evalue,True,ok,-0.6414652041323071,3.659259094796016,5.451544982715663,-6.764307525570806,32.58129025450408,1.0,1.0,,,1.0,1.0,-0.5270967446613427,-0.6701915321531028,2244,24,"[462, 473, 459, 480, 370]","[5, 5, 5, 5, 4]",False,False,False,False,False,0.007071067811865475,0.006969152846784739,24,24,24,0,0.0,{},0.7944417783229551,0.7117248158384621,0.0,False,True,False,False,True,False,0.0,5.451544982715663,-6.764307525570806,5.451544982715663,93.5,1.0978021529157085,0.011233979569720689,False,1.30701218786435,False,0.020138888888888817,False,False,0.0030593296612065625,0.020138888888888817,False,False,-1.602070389815367,0.10914004489618163,True,False,0.12298242349325254,0.1366494162274752,True,False,0.9009380187160565,False,False,forward_only_adequate
446,sequential_evalue,martingale_evalue,True,ok,0.9857071616100231,4.153204551072458,7.420382704180677,-7.322190274820938,33.659172824805346,0.33034563683855395,0.909609293441943,,,0.33034563683855395,0.909609293441943,1.1076157882866569,0.09474011953342354,2212,24,"[447, 467, 463, 450, 385]","[5, 5, 5, 5, 4]",False,False,False,False,False,0.007071067811865475,0.006886816957125548,24,24,24,0,0.0,{},0.7728177225989085,0.6991982917888453,0.0,False,True,False,False,True,False,0.0,7.420382704180677,-7.3221902748209375,7.420382704180677,92.16666666666667,1.112702141548743,0.0026777321565351945,False,1.260874742129677,False,0.028472222222222232,False,False,0.004868034467363327,0.028472222222222232,False,False,0.35018750656224457,0.7261979822120921,True,False,0.2521666875499886,0.05297635341679495,True,False,0.9172318887667377,False,False,forward_only_adequate
447,sequential_evalue,martingale_evalue,True,ok,-7.287942869913476,3.381192692101377,-1.0589725390592584,-12.736989112745205,33.428313236633485,1.0,1.0,,,1.0,1.0,-0.09124949657906134,-1.3831508920696647,2237,24,"[469, 468, 461, 460, 379]","[5, 5, 5, 5, 4]",False,False,False,False,False,0.007071067811865475,0.007001961096239106,24,24,24,0,0.0,{},0.7908892751550209,0.7229145443290284,0.0,False,True,False,False,True,False,0.0,-1.0589725390592584,-12.736989112745205,-1.0589725390592584,93.20833333333333,1.1298779466037778,0.009195304400108309,False,1.2509303010704955,False,0.041319444444444464,False,False,0.04779488832067622,0.041319444444444464,False,False,0.8185089210075285,0.4130666501760485,True,False,0.11996895981724623,0.2456676935281761,True,False,-0.1776638689256212,False,False,forward_only_adequate
448,sequential_evalue,martingale_evalue,True,ok,-3.3473981899253977,3.812889374386173,3.5916955643294775,-9.502627479121363,34.04628404065649,1.0,1.0,,,1.0,1.0,-0.4395038605596492,-0.7112609658479048,2257,24,"[464, 471, 474, 471, 377]","[5, 5, 5, 5, 4]",False,False,False,False,False,0.007071067811865475,0.006983011192332887,24,24,24,0,0.0,{},0.7895703740972086,0.7367609132981772,0.0,False,True,False,False,True,False,0.0,3.5916955643294775,-9.502627479121363,3.5916955643294775,94.04166666666667,1.1527698764113627,0.019255199587634834,False,1.3188231739874816,False,0.030208333333333393,False,False,0.01879877211503998,0.030208333333333393,False,False,-1.7845714716072827,0.07433085225515214,True,False,0.20072913769060832,0.06782131489281239,True,False,-1.5877473733538388,False,False,forward_only_adequate
449,sequential_evalue,martingale_evalue,True,ok,3.9259470550790776,3.1176449987146597,9.507136056388152,-1.3033066975728969,32.7501212779013,1.0,1.0,,,1.0,1.0,-1.2111404482505888,-0.6464489017898578,2264,24,"[476, 468, 468, 470, 382]","[5, 5, 5, 5, 4]",False,False,False,False,False,0.007071067811865475,0.007010851948059675,24,24,24,0,0.0,{},0.8018714327186938,0.732480984151304,0.0,False,True,False,False,True,False,0.0,9.507136056388152,-1.3033066975728969,9.507136056388152,94.33333333333333,1.1150293607432964,0.005686974190491442,False,1.2739766703808082,False,0.015625,False,False,0.02350567124088586,0.015625,False,False,-0.07273169464290218,0.9420196266544254,True,False,0.09681096653459174,0.20067476579649016,True,False,-0.992354758467359,False,False,forward_only_adequate
450,sequential_evalue,martingale_evalue,True,ok,3.4715443843218132,4.425203696891148,11.570440201277359,-3.8035115767645076,33.78895019209789,1.0,1.0,,,1.0,1.0,-1.163544138680638,-0.5784714392538087,2217,24,"[465, 469, 458, 462, 363]","[5, 5, 5, 5, 4]",False,False,False,False,False,0.007071067811865475,0.006964151707536253,24,24,24,0,0.0,{},0.7747976777346273,0.6901206926848453,0.0,False,True,False,False,True,False,0.0,11.570440201277359,-3.803511576764508,11.570440201277359,92.375,1.1308113319276285,0.002409933577298595,False,1.2788927703966726,False,0.028124999999999956,False,False,0.0200492354400025,0.028124999999999956,False,False,0.14169273314420772,0.8873227151378438,True,False,0.09438893174768388,0.21836662659401013,True,False,0.7899194147608642,False,False,forward_only_adequate
451,sequential_evalue,martingale_evalue,True,ok,-2.4465665852592706,3.4043238595315275,2.8717219085354437,-8.583168342132957,34.079552662162065,1.0,1.0,,,1.0,1.0,-0.6572111193368854,-1.1070320085110141,2223,24,"[455, 467, 451, 466, 384]","[5, 5, 5, 5, 4]",False,False,False,False,False,0.007071067811865475,0.007086619165188714,24,24,24,0,0.0,{},0.786652639284288,0.6804600818061545,0.0,False,True,False,False,True,False,0.0,2.8717219085354437,-8.583168342132957,2.8717219085354437,92.625,1.1621631340415366,0.0017634531426083178,False,1.270783802760133,False,0.022916666666666696,False,False,0.012982123855118658,0.022916666666666696,False,False,-1.190119209120654,0.2339995412977839,True,False,0.180504567717313,0.10344198849003183,True,False,-0.2686663344397486,False,False,forward_only_adequate
452,sequential_evalue,martingale_evalue,True,ok,4.192054071236572,3.7699800949592546,9.916100643044658,-2.898233530142817,34.82947230181439,1.0,1.0,,,1.0,1.0,-0.6630622498772138,-0.42106056048131935,2248,24,"[468, 478, 466, 460, 376]","[5, 5, 5, 5, 4]",False,False,False,False,False,0.007071067811865475,0.006911441564731693,24,24,24,0,0.0,{},0.7963955587312783,0.7098398275389137,0.0,False,True,False,False,True,False,0.0,9.916100643044658,-2.8982335301428166,9.916100643044658,93.66666666666667,1.164871639746474,0.0011053828751296825,False,1.2488658979071634,False,0.01909722222222221,False,False,0.024110746058401866,0.01909722222222221,False,False,1.5981600219294707,0.11000736840449135,True,False,0.2015574994841733,0.06136667657944605,True,False,0.5265869995488046,False,False,forward_only_adequate
453,sequential_evalue,martingale_evalue,True,ok,-3.890049179516024,3.2959503987593695,1.8642409672814826,-9.496706092741903,33.94455104684332,1.0,1.0,,,1.0,1.0,-0.4017995602232256,-1.125719810258037,2225,24,"[464, 482, 461, 460, 358]","[5, 5, 5, 5, 4]",False,False,False,False,False,0.007071067811865475,0.0069633380802205614,24,24,24,0,0.0,{},0.7835777924742697,0.6775424701444216,0.0,False,True,False,False,True,False,0.0,1.8642409672814828,-9.496706092741903,1.8642409672814828,92.70833333333333,1.137933653398188,0.014762440772017408,False,1.2340481574557092,False,0.03298611111111105,False,False,0.022712941015808914,0.03298611111111105,False,False,-1.213488092655972,0.2249432641606467,True,False,0.1446039531571698,0.222631614964416,True,False,-0.7272874399379368,False,False,forward_only_adequate
454,sequential_evalue,martingale_evalue,True,ok,-3.711703374025993,4.534949025596805,3.9258567646752893,-11.707110262490163,34.30248540493338,1.0,1.0,,,1.0,1.0,-0.3882451136277858,-0.9800313207998408,2232,24,"[468, 465, 466, 469, 364]","[5, 5, 5, 5, 4]",False,False,False,False,False,0.007071067811865475,0.006942920697061649,24,24,24,0,0.0,{},0.7789070499712496,0.6954474302082879,0.0,False,True,False,False,True,False,0.0,3.9258567646752893,-11.707110262490163,3.9258567646752893,93.0,1.1483632125239982,0.00575865322731756,False,1.3011638529739862,False,0.0215277777777777,False,False,0.021282127843988436,0.0215277777777777,False,False,0.9810586106233019,0.3265638394187811,True,False,0.13882330866760365,0.12464297849054842,True,False,0.663837285740615,False,False,forward_only_adequate
455,sequential_evalue,martingale_evalue,True,ok,-1.0697787944414936,3.433992018478638,4.762012670715555,-7.031138897479831,32.46565865917,1.0,1.0,,,1.0,1.0,-0.09414839589483448,-0.7199277995946105,2275,24,"[475, 469, 476, 479, 376]","[5, 5, 5, 5, 4]",False,False,False,False,False,0.007071067811865475,0.006937527122698375,24,24,24,0,0.0,{},0.8062112964727575,0.7305071411180546,0.0,False,True,False,False,True,False,0.0,4.762012670715555,-7.031138897479831,4.762012670715555,94.79166666666667,1.0964377915995944,0.04901976790591318,False,1.3049021535383627,False,0.023611111111111138,False,False,0.005425427394919265,0.023611111111111138,False,False,-0.9472995187028715,0.3434861760261707,True,False,0.22561078760894823,0.06096004056466274,True,False,0.1504188744472353,False,False,forward_only_adequate
456,sequential_evalue,martingale_evalue,True,ok,0.8474619694733025,3.904633350262518,8.323690208519341,-5.203578838555159,34.20988059676789,1.0,1.0,,,1.0,1.0,-0.9305097919166893,-0.8778692936827999,2265,24,"[475, 465, 465, 475, 385]","[5, 5, 5, 5, 4]",False,False,False,False,False,0.007071067811865475,0.006976782067249713,24,24,24,0,0.0,{},0.8006668184221785,0.7109255673672028,0.0,False,True,False,False,True,False,0.0,8.323690208519341,-5.203578838555159,8.323690208519341,94.375,1.1593250026802355,0.009570176582540427,False,1.3141101674270763,False,0.030208333333333393,False,False,0.003926231432360416,0.030208333333333393,False,False,0.2719980791371414,0.7856234963130737,True,False,0.16425525117027176,0.0483520276815008,True,False,-0.08182218831646786,False,False,forward_only_adequate
457,sequential_evalue,martingale_evalue,True,ok,-1.2409973147878748,4.849086303911067,7.048747361606558,-9.981313644770848,35.149427970649,1.0,1.0,,,1.0,1.0,-0.844552663400143,-1.0554006778432534,2193,24,"[467, 469, 447, 449, 361]","[5, 5, 5, 5, 4]",False,False,False,False,False,0.007071067811865475,0.006971614708852333,24,24,24,0,0.0,{},0.7689181589757446,0.6588805065991462,0.0,False,True,False,False,True,False,0.0,7.048747361606558,-9.981313644770848,7.048747361606558,91.375,1.1712115280959188,0.012317775829767152,False,1.2931167798643157,False,0.006944444444444531,False,False,0.005952958874627504,0.006944444444444531,False,False,-1.260282239801422,0.207567564503208,True,False,0.23124342532365258,0.021103370436040114,True,False,-0.9338860737761829,False,False,forward_only_adequate
458,sequential_evalue,martingale_evalue,True,ok,0.061946910678198464,3.50782473954516,5.074328529808176,-7.331049740986149,34.065115893337605,1.0,1.0,,,1.0,1.0,-0.48561308662079816,-0.8332396104027344,2218,24,"[470, 449, 476, 454, 369]","[5, 5, 5, 5, 4]",False,False,False,False,False,0.007071067811865475,0.007014939854304155,24,24,24,0,0.0,{},0.7795263976559064,0.704639084712693,0.0,False,True,False,False,True,False,0.0,5.074328529808176,-7.331049740986149,5.074328529808176,92.41666666666667,1.14862688419627,0.008791549451478193,False,1.2643969386294296,False,0.012499999999999956,False,False,0.0002276933790692093,0.012499999999999956,False,False,1.682929842346283,0.0923886737319503,True,False,0.1687589015947936,0.2441659832568328,True,False,-0.576847548229723,False,False,forward_only_adequate
459,sequential_evalue,martingale_evalue,True,ok,1.0676389862670692,3.1743632735593055,7.2615890284254645,-3.80172501344806,33.74790601541945,1.0,1.0,,,1.0,1.0,-0.9014844741554463,-0.48028012465748693,2230,24,"[456, 466, 478, 457, 373]","[5, 5, 5, 5, 4]",False,False,False,False,False,0.007071067811865475,0.006935191267487829,24,24,24,0,0.0,{},0.7760485644970694,0.7322660244730946,0.0,False,True,False,False,True,False,0.0,7.2615890284254645,-3.80172501344806,7.2615890284254645,92.91666666666667,1.1280337381440393,0.014980499516280677,False,1.2667743959369482,False,0.007986111111111138,False,False,0.005243202532583793,0.007986111111111138,False,False,-0.6780703314023064,0.4977271009163219,True,False,0.16751713690549883,0.02350463020765375,True,False,0.42264982271254053,False,False,forward_only_adequate
460,sequential_evalue,martingale_evalue,True,ok,-2.88756600124772,4.42017668087447,4.767567978625653,-10.368579775148431,34.369966821602844,1.0,1.0,,,1.0,1.0,-0.525219506810466,-1.1137382988351416,2200,24,"[447, 476, 466, 456, 355]","[5, 5, 5, 5, 4]",False,False,False,False,False,0.007071067811865475,0.006938291916318137,24,24,24,0,0.0,{},0.7738230204491379,0.6825829915226455,0.0,False,True,False,False,True,False,0.0,4.767567978625653,-10.368579775148431,4.767567978625653,91.66666666666667,1.1415827687804032,0.009792566444641293,False,1.3367143071086578,False,0.019791666666666652,False,False,0.01603072068889283,0.019791666666666652,False,False,0.20612529033746685,0.8366930441026746,True,False,0.15439824192024515,0.21802849983550487,True,False,-2.749219129613887,False,False,forward_only_adequate
461,sequential_evalue,martingale_evalue,True,ok,3.5086700698723305,3.5434026532484784,9.656042331268878,-2.8584471526278117,33.196443846979534,1.0,1.0,,,1.0,1.0,-1.1622504578534754,-0.5769000649054035,2209,24,"[454, 456, 479, 453, 367]","[5, 5, 5, 5, 4]",False,False,False,False,False,0.007071067811865475,0.006978238844872847,24,24,24,0,0.0,{},0.7747003815067569,0.6969550688075319,0.0,False,True,False,False,True,False,0.0,9.656042331268878,-2.858447152627812,9.656042331268878,92.04166666666667,1.1112189373741634,0.03831208545223632,False,1.388995730575266,False,0.021180555555555536,False,False,0.02071309904210295,0.021180555555555536,False,False,0.7126912139429646,0.47603685446657185,True,False,0.16775251836600982,0.10879205262403087,True,False,1.4922640049706952,False,False,forward_only_adequate
462,sequential_evalue,martingale_evalue,True,ok,2.596213767567947,3.451542681082387,9.277772661347763,-2.7483817362908423,34.5646733969198,1.0,1.0,,,1.0,1.0,-1.1543093127371726,-0.8641334874820144,2227,24,"[465, 469, 451, 471, 371]","[5, 5, 5, 5, 4]",False,False,False,False,False,0.007071067811865475,0.006956927233429937,24,24,24,0,0.0,{},0.7802340239959791,0.7103419210481327,0.0,False,True,False,False,True,False,0.0,9.277772661347763,-2.7483817362908423,9.277772661347763,92.79166666666667,1.1581755980411235,0.010633891897390781,False,1.2976507374095663,False,0.013194444444444398,False,False,0.013951818532288532,0.013194444444444398,False,False,1.2503320060687968,0.21117829128914922,True,False,0.15957913528103165,0.24287739547522116,True,False,-0.8132291322700486,False,False,forward_only_adequate
463,sequential_evalue,martingale_evalue,True,ok,0.10479228667943463,4.021138009564364,6.215859497213488,-7.628736229462341,33.951896830049016,1.0,1.0,,,1.0,1.0,-0.6035487957242653,-0.7221693336782482,2215,24,"[456, 478, 453, 454, 374]","[5, 5, 5, 5, 4]",False,False,False,False,False,0.007071067811865475,0.0068751257236982265,24,24,24,0,0.0,{},0.7833518074193725,0.6994952658386341,0.0,False,True,False,False,True,False,0.0,6.215859497213489,-7.628736229462341,6.215859497213489,92.29166666666667,1.1212331660468684,0.008957284199577998,False,1.3288772081141038,False,0.016319444444444442,False,False,0.00041163472222551347,0.016319444444444442,False,False,1.3062043144178668,0.19148308602304742,True,False,0.2525101066695799,0.0018005420226286848,True,False,0.5755567870742986,False,False,forward_only_adequate
464,sequential_evalue,martingale_evalue,True,ok,-1.8924156595981245,3.992532022160567,4.981173617978104,-8.648166938482268,34.096838405256435,1.0,1.0,,,1.0,1.0,-0.8635952055616805,-1.0741167357354422,2236,24,"[468, 479, 450, 459, 380]","[5, 5, 5, 5, 4]",False,False,False,False,False,0.007071067811865475,0.006962546438603283,24,24,24,0,0.0,{},0.7850382367876921,0.6790682090853778,0.0,False,True,False,False,True,False,0.0,4.981173617978104,-8.648166938482268,4.981173617978104,93.16666666666667,1.1457305655701997,0.004522720555398433,False,1.3217253973870773,False,0.007291666666666696,False,False,0.009840226761468838,0.007291666666666696,False,False,-0.008551304721581193,0.9931771291415563,True,False,0.15492441418428196,0.030882178101192106,True,False,1.459137167477833,False,False,forward_only_adequate
465,sequential_evalue,martingale_evalue,True,ok,-1.5432871605367346,2.793047369133352,3.2096865378749593,-6.163233496782321,34.029866396296164,1.0,1.0,,,1.0,1.0,-0.32115525613744694,-0.9704411044838401,2195,24,"[455, 458, 450, 466, 366]","[5, 5, 5, 5, 4]",False,False,False,False,False,0.007071067811865475,0.007008268867387039,24,24,24,0,0.0,{},0.771946397583491,0.6965484150363109,0.0,False,True,False,False,True,False,0.0,3.2096865378749597,-6.163233496782321,3.2096865378749597,91.45833333333333,1.1403880157237098,0.0030795571947822556,False,1.2430157057995288,False,0.02951388888888884,False,False,0.007847483875789605,0.02951388888888884,False,False,1.579516267618522,0.11421768817558822,True,False,0.22997342437719182,0.010242347733151433,True,False,1.8716576434643044,False,False,forward_only_adequate
466,sequential_evalue,martingale_evalue,True,ok,2.4826585936261676,3.2035657955427403,7.602067552302977,-3.5932812768988294,32.44612570128565,1.0,1.0,,,1.0,1.0,-1.1350300571236822,-0.6912889020185158,2225,24,"[465, 455, 470, 470, 365]","[5, 5, 5, 5, 4]",False,False,False,False,False,0.007071067811865475,0.0070066236088551555,24,24,24,0,0.0,{},0.780290239104152,0.6917675802448656,0.0,False,True,False,False,True,False,0.0,7.602067552302977,-3.59328127689883,7.602067552302977,92.70833333333333,1.0944628524811764,0.039274040764607485,False,1.2685770274500785,False,0.023263888888888862,False,False,0.014143072799510275,0.023263888888888862,False,False,-0.30530865035195665,0.7601310882410819,True,False,0.1357617260546006,0.24265269809840195,True,False,-1.4815143247751796,False,False,forward_only_adequate
467,sequential_evalue,martingale_evalue,True,ok,-6.808434961747982,3.6314588349408656,1.405772676071778,-11.359920148940262,34.21477608612736,0.8962309948930304,1.0,,,0.8962309948930304,1.0,0.10955709243341205,-1.286233540732598,2208,24,"[468, 476, 444, 458, 362]","[5, 5, 5, 5, 4]",False,False,False,False,False,0.007071067811865475,0.006941496454658836,24,24,24,0,0.0,{},0.7699826401045706,0.7271597285552476,0.0,False,True,False,False,True,False,0.0,1.405772676071778,-11.359920148940262,1.405772676071778,92.0,1.1390183646190988,0.007249386962064133,False,1.230756285274997,False,0.017013888888888884,False,False,0.04368863158073957,0.017013888888888884,False,False,-2.3137131665810946,0.020683461178308053,True,False,0.1414038325338207,0.08350380606481647,True,False,-2.5604005826508134,False,False,forward_only_adequate
468,sequential_evalue,martingale_evalue,True,ok,-1.5590775809588433,2.825888141201447,3.231862189348149,-6.629785728237479,34.19644596023208,1.0,1.0,,,1.0,1.0,-0.8301040323720335,-1.0731852044385537,2235,24,"[463, 458, 476, 483, 355]","[5, 5, 5, 5, 4]",False,False,False,False,False,0.007071067811865475,0.006943089651916519,24,24,24,0,0.0,{},0.7922288357712969,0.6714050227587832,0.0,False,True,False,False,True,False,0.0,3.231862189348149,-6.629785728237479,3.231862189348149,93.125,1.1456102545523155,0.009993659002451473,False,1.2888032003732603,False,0.026388888888888795,False,False,0.007897520172813626,0.026388888888888795,False,False,-0.07101772481912146,0.9433836487425448,True,False,0.1021407236544907,0.19283139795732057,True,False,-1.2252446652668412,False,False,forward_only_adequate
469,sequential_evalue,martingale_evalue,True,ok,-0.5322929473500775,4.228095367575834,6.522133476951672,-8.081646435727443,33.171407200563976,1.0,1.0,,,1.0,1.0,-0.48907505996958034,-0.7582604146620989,2240,24,"[460, 478, 466, 473, 363]","[5, 5, 5, 5, 4]",False,False,False,False,False,0.007071067811865475,0.007015547912417531,24,24,24,0,0.0,{},0.7886138026746956,0.6972100357721028,0.0,False,True,False,False,True,False,0.0,6.522133476951672,-8.081646435727443,6.522133476951672,93.33333333333333,1.1241231280481567,0.004545712743137428,False,1.2114603067760614,False,0.01388888888888884,False,False,0.002422993623300278,0.01388888888888884,False,False,-0.8685683285625313,0.3850832838925944,True,False,0.23640441769851103,0.015932660683619992,True,False,0.3376956825697173,False,False,forward_only_adequate
470,sequential_evalue,martingale_evalue,True,ok,5.232908782984616,3.687228408032935,11.575599495739533,-1.4263372989019327,34.808017403426085,1.0,1.0,,,1.0,1.0,-1.2752066930996757,-0.4714644196933633,2219,24,"[461, 466, 460, 453, 379]","[5, 5, 5, 5, 4]",False,False,False,False,False,0.007071067811865475,0.006907312214837734,24,24,24,0,0.0,{},0.7841461528439608,0.7007300097143115,0.0,False,True,False,False,True,False,0.0,11.575599495739533,-1.4263372989019327,11.575599495739533,92.45833333333333,1.1559296637667582,0.042180408046914274,False,1.2981108164335387,False,0.015625,False,False,0.03151595555743955,0.015625,False,False,0.7843466510423346,0.4328367329050271,True,False,0.21563278823513343,0.05033501811238688,True,False,1.3678963594060152,False,False,forward_only_adequate
471,sequential_evalue,martingale_evalue,True,ok,-1.1216725256332964,3.7312545134405273,5.1651236453597456,-6.803903242655075,33.91940814555811,1.0,1.0,,,1.0,1.0,-0.8992736790219977,-1.0501413264033042,2261,24,"[472, 477, 477, 458, 377]","[5, 5, 5, 5, 4]",False,False,False,False,False,0.007071067811865475,0.006982433099602544,24,24,24,0,0.0,{},0.7905623960687252,0.7008072523198446,0.0,False,True,False,False,True,False,0.0,5.1651236453597456,-6.803903242655075,5.1651236453597456,94.20833333333333,1.1493960853832574,0.01464422822856792,False,1.3270433579786018,False,0.021874999999999978,False,False,0.005426640210975289,0.021874999999999978,False,False,-1.1338989456090447,0.2568369394639487,True,False,0.15704812904643994,0.13419373085499942,True,False,-0.04933307667179076,False,False,forward_only_adequate
472,sequential_evalue,martingale_evalue,True,ok,3.2715510611171816,3.9239170581483007,10.713090553189097,-2.877190564209234,35.129628123748134,1.0,0.09110649864343169,,,1.0,0.09110649864343169,-0.8820917659695751,2.39572614198679,2190,24,"[462, 452, 462, 461, 353]","[5, 5, 5, 5, 4]",False,False,False,False,False,0.007071067811865475,0.006976881344348346,24,24,24,0,0.0,{},0.7647584612929492,0.7088916921070859,0.0,False,True,False,False,True,False,0.0,10.713090553189097,-2.877190564209234,10.713090553189097,91.25,1.170634530217858,0.03700069241619729,False,1.3052653407700383,False,0.019444444444444486,False,False,0.017984864548126932,0.019444444444444486,False,False,-0.8524447460950294,0.3939672939269624,True,False,0.09906620110635356,0.3174723910730821,True,False,-0.3351981133554103,False,False,forward_only_adequate
473,sequential_evalue,martingale_evalue,True,ok,-1.0434715825011498,3.1256849741562993,3.6904706575139796,-6.960618283222661,33.05020076776941,1.0,1.0,,,1.0,1.0,-0.7241097108562,-0.9438037767782932,2229,24,"[458, 464, 464, 471, 372]","[5, 5, 5, 5, 4]",False,False,False,False,False,0.007071067811865475,0.006951399862619599,24,24,24,0,0.0,{},0.781054627007046,0.736582378057967,0.0,False,True,False,False,True,False,0.0,3.690470657513979,-6.960618283222661,3.690470657513979,92.875,1.1070463151632015,0.007967016046110675,False,1.260157783273731,False,0.021527777777777812,False,False,0.00521902499556008,0.021527777777777812,False,False,-1.203071814468663,0.2289485313663906,True,False,0.16802521266234297,0.07439266678969754,True,False,-1.2200276545680917,False,False,forward_only_adequate
474,sequential_evalue,martingale_evalue,True,ok,2.9393616514535577,4.370238791450421,10.873585752772389,-4.418382610972589,33.89811678946072,1.0,1.0,,,1.0,1.0,-0.8069003397933491,-0.2311970649414754,2202,24,"[461, 459, 443, 470, 369]","[5, 5, 5, 5, 4]",False,False,False,False,False,0.007071067811865475,0.007083964823344591,24,24,24,0,0.0,{},0.7761077117409384,0.6510344945255345,0.0,False,True,False,False,True,False,0.0,10.87358575277239,-4.418382610972589,10.87358575277239,91.75,1.1500719424778527,0.0017855731342058387,False,1.2714640709288032,False,0.03923611111111103,False,False,0.016223372754708566,0.03923611111111103,False,False,1.1350736595625162,0.2563444569124429,True,False,0.194748147600188,0.06936801664430856,True,False,0.7995348474698125,False,False,forward_only_adequate
475,sequential_evalue,martingale_evalue,True,ok,-2.922493560205462,3.257418677738274,1.965942522430919,-8.99706304101618,35.02548489398839,1.0,1.0,,,1.0,1.0,-0.7876035325047857,-1.2336009772059546,2216,24,"[464, 465, 459, 458, 370]","[5, 5, 5, 5, 4]",False,False,False,False,False,0.007071067811865475,0.006894442468863765,24,24,24,0,0.0,{},0.7808866139323243,0.7287358067941943,0.0,False,True,False,False,True,False,0.0,1.965942522430919,-8.99706304101618,1.965942522430919,92.33333333333333,1.16019922183993,0.014718062133659695,False,1.263941054850928,False,0.04270833333333324,False,False,0.015954227732043472,0.04270833333333324,False,False,0.032146216332744094,0.9743554471339494,True,False,0.08142408187103542,0.2797875952366822,True,False,-0.5974968064132183,False,False,forward_only_adequate
476,sequential_evalue,martingale_evalue,True,ok,5.469665006151577,2.968757155935557,10.381640296145461,0.4867644877773287,33.03019108612777,1.0,1.0,,,1.0,1.0,-1.2820034651602552,-0.5159463408132485,2250,24,"[458, 469, 460, 476, 387]","[5, 5, 5, 5, 4]",False,False,False,False,False,0.007071067811865475,0.0069848288187514,24,24,24,0,0.0,{},0.7881454311291307,0.7165369317737643,0.0,False,True,False,False,True,False,0.0,10.381640296145461,0.4867644877773287,10.381640296145461,93.75,1.1169211010801197,0.0037149297411959944,False,1.3233521201679805,False,0.020486111111111094,False,False,0.034556423268182056,0.020486111111111094,False,False,1.1210938930630667,0.2622478978925894,True,False,0.18146876879399304,0.10573880518478751,True,False,0.8636765787594354,False,False,forward_only_adequate
477,sequential_evalue,martingale_evalue,True,ok,-1.973756470299041,2.841379446975074,3.0188590375695936,-6.4994410001315,35.017696709834425,1.0,1.0,,,1.0,1.0,-0.7350511231990818,-1.0099832809093263,2218,24,"[476, 464, 461, 446, 371]","[5, 5, 5, 5, 4]",False,False,False,False,False,0.007071067811865475,0.007011453538772678,24,24,24,0,0.0,{},0.7743830702130887,0.7262461299552461,0.0,False,True,False,False,True,False,0.0,3.018859037569593,-6.4994410001315,3.018859037569593,92.41666666666667,1.1801597314562255,0.01382547728018533,False,1.3465938076609036,False,0.016666666666666607,False,False,0.009981034201646368,0.016666666666666607,False,False,-0.2903473996696063,0.7715504801238687,True,False,0.15943306876143923,0.14725867607441945,True,False,0.18558468160630193,False,False,forward_only_adequate
478,sequential_evalue,martingale_evalue,True,ok,-5.315790173161848,3.302084975162287,0.7720524439729459,-10.643272116081963,35.12803353401195,0.7088561796677857,1.0,,,0.7088561796677857,1.0,0.34410262257854574,-1.1736593961692692,2181,24,"[439, 461, 458, 459, 364]","[5, 5, 5, 5, 4]",False,False,False,False,False,0.007071067811865475,0.006982021226235256,24,24,24,0,0.0,{},0.7599958369806066,0.6863420541410349,0.0,False,True,False,False,True,False,0.0,0.7720524439729459,-10.643272116081963,0.7720524439729459,90.875,1.1690342084708654,0.010011369598310864,False,1.3240624549453583,False,0.04618055555555556,False,False,0.0316802768149588,0.04618055555555556,False,False,-0.5859692249514782,0.5578961960183382,True,False,0.16755690722581487,0.045256563715063924,True,False,-0.5356143217369962,False,False,forward_only_adequate
479,sequential_evalue,martingale_evalue,True,ok,-3.877917946952758,4.2535504941287945,4.256067538767924,-10.184205246786274,33.635913774203146,1.0,1.0,,,1.0,1.0,-0.5659104085874904,-1.148800389150813,2206,24,"[453, 457, 457, 467, 372]","[5, 5, 5, 5, 4]",False,False,False,False,False,0.007071067811865475,0.0069720319376214744,24,24,24,0,0.0,{},0.7664228287664181,0.7332563108870443,0.0,False,True,False,False,True,False,0.0,4.256067538767924,-10.184205246786274,4.256067538767924,91.91666666666667,1.1241641617080071,0.032009218843284004,False,1.3569955531950149,False,0.014236111111111116,False,False,0.022953045243691836,0.014236111111111116,False,False,0.2547757734536801,0.7988962879112763,True,False,0.12110474392891457,0.15490599160740118,True,False,0.9270045732472602,False,False,forward_only_adequate
480,sequential_evalue,martingale_evalue,True,ok,3.366771565030991,3.656789731334471,9.607849794773934,-3.236398316813995,34.200525169616554,1.0,1.0,,,1.0,1.0,-0.9595162794946202,-0.5095122567098341,2208,24,"[467, 464, 459, 459, 359]","[5, 5, 5, 5, 4]",False,False,False,False,False,0.007071067811865475,0.007004452655265059,24,24,24,0,0.0,{},0.7766479955466405,0.7138116553219025,0.0,False,True,False,False,True,False,0.0,9.607849794773934,-3.236398316813995,9.607849794773934,92.0,1.1488700213799543,0.010375713089688009,False,1.2709485409475325,False,0.025347222222222188,False,False,0.01899896780715208,0.025347222222222188,False,False,2.0509051547741706,0.04027618406555563,True,False,0.1656810297137399,0.012251373511998455,True,False,1.3929825595665646,False,False,forward_only_adequate
481,sequential_evalue,martingale_evalue,True,ok,-3.208847740965265,2.485230066687678,0.9009570656697155,-7.068849347843634,33.09281411571184,1.0,1.0,,,1.0,1.0,-0.6462615155489935,-1.205764738291942,2194,24,"[459, 465, 455, 439, 376]","[5, 5, 5, 5, 4]",False,False,False,False,False,0.007071067811865475,0.00709902407498897,24,24,24,0,0.0,{},0.7815797557018452,0.6692207393362233,0.0,False,True,False,False,True,False,0.0,0.9009570656697155,-7.068849347843634,0.9009570656697155,91.41666666666667,1.1230912507476012,0.020600492420550877,False,1.316827007002027,False,0.017013888888888884,False,False,0.018450216142320636,0.017013888888888884,False,False,-0.5301929094215865,0.5959781866886195,True,False,0.14257445562625998,0.17878097382036834,True,False,-1.1468372205695097,False,False,forward_only_adequate
482,sequential_evalue,martingale_evalue,True,ok,-0.0022223558896650175,3.324540585308856,5.4379050221609875,-5.824002735748095,33.81566913691709,1.0,1.0,,,1.0,1.0,-0.9487650161378071,-0.9203915706233894,2226,24,"[463, 459, 470, 467, 367]","[5, 5, 5, 5, 4]",False,False,False,False,False,0.007071067811865475,0.0071245853223636845,24,24,24,0,0.0,{},0.7766517724848282,0.6994702829289692,0.0,False,True,False,False,True,False,0.0,5.4379050221609875,-5.824002735748095,5.4379050221609875,92.75,1.1601243461060138,0.011956819513566638,False,1.2711865707103949,False,0.027430555555555514,False,False,6.6206546116442945e-06,0.027430555555555514,False,False,-0.0030385375519434046,0.9975756015305134,True,False,0.12296689820541397,0.04894887238513828,True,False,-0.5822907973856616,False,False,forward_only_adequate
483,sequential_evalue,martingale_evalue,True,ok,-2.091798801865279,3.6095547167433306,3.7803331682718317,-8.80347209787739,33.110773035339875,1.0,1.0,,,1.0,1.0,-0.8046723878217756,-1.0689257547250848,2269,24,"[479, 471, 472, 482, 365]","[5, 5, 5, 5, 4]",False,False,False,False,False,0.007071067811865475,0.006935127461665389,24,24,24,0,0.0,{},0.7980253611590228,0.7280128384607094,0.0,False,True,False,False,True,False,0.0,3.780333168271832,-8.80347209787739,3.780333168271832,94.54166666666667,1.11636291028321,0.0014588016554012856,False,1.2508139663305697,False,0.03749999999999998,False,False,0.011362632435564806,0.03749999999999998,False,False,-0.7982645500670187,0.42471698534761015,True,False,0.10391177275077855,0.3065373218064768,True,False,-0.5290526206527123,False,False,forward_only_adequate
484,sequential_evalue,martingale_evalue,True,ok,3.6953131988450196,3.671104795735004,10.117908405032379,-2.0039952435944337,33.983860883826345,1.0,1.0,,,1.0,1.0,-1.076898440769356,-0.3462496217934068,2277,24,"[463, 467, 480, 475, 392]","[5, 5, 5, 5, 4]",False,False,False,False,False,0.007071067811865475,0.00700626642843567,24,24,24,0,0.0,{},0.79092438843324,0.7469795751711187,0.0,False,True,False,False,True,False,0.0,10.117908405032379,-2.0039952435944337,10.117908405032379,94.875,1.1595921436720946,0.03147512025905559,False,1.2339591804207142,False,0.009722222222222188,False,False,0.02093561121172639,0.009722222222222188,False,False,2.0503151179531662,0.04033369026000774,True,False,0.15773710684818193,0.1014230285248741,True,False,1.409120987196647,False,False,forward_only_adequate
485,sequential_evalue,martingale_evalue,True,ok,2.4696914760206097,4.193522023413166,9.81983489284168,-4.292501036110137,33.948341143217476,1.0,1.0,,,1.0,1.0,-0.8302187073125611,-0.20919360466612136,2221,24,"[444, 464, 468, 465, 380]","[5, 5, 5, 5, 4]",False,False,False,False,False,0.007071067811865475,0.006963075578880416,24,24,24,0,0.0,{},0.767947204557351,0.7135360121898771,0.0,False,True,False,False,True,False,0.0,9.81983489284168,-4.292501036110137,9.81983489284168,92.54166666666667,1.1369944102604954,0.0033503085806874857,False,1.2515930196525737,False,0.028125000000000067,False,False,0.013456480363861958,0.028125000000000067,False,False,1.8306066453842627,0.06715927596336249,True,False,0.2587278645852198,0.10209335175176383,True,False,-0.18011516529394622,False,False,forward_only_adequate
486,sequential_evalue,martingale_evalue,True,ok,-1.6127881319446404,4.172598385626269,5.579230526867245,-8.881833375951656,35.5941821890178,1.0,1.0,,,1.0,1.0,-0.6107938960392345,-0.2958147489336958,2215,24,"[461, 459, 443, 477, 375]","[5, 5, 5, 5, 4]",False,False,False,False,False,0.007071067811865475,0.006932252623119016,24,24,24,0,0.0,{},0.7897506446829698,0.6660132586038002,0.0,False,True,False,False,True,False,0.0,5.579230526867245,-8.881833375951656,5.579230526867245,92.29166666666667,1.1852354935701765,0.00533644867262182,False,1.2560083006104046,False,0.03645833333333337,False,False,0.007896322037506058,0.03645833333333337,False,False,-0.5589959813765342,0.5761644627892384,True,False,0.18170253474503364,0.22680274443526627,True,False,-1.60473111038054,False,False,forward_only_adequate
487,sequential_evalue,martingale_evalue,True,ok,1.6543770984737145,3.6669515229491965,7.97222480601985,-4.362858659173952,33.69471116932748,1.0,1.0,,,1.0,1.0,-0.8370309396223164,-0.6989210936681236,2214,24,"[466, 454, 450, 470, 374]","[5, 5, 5, 5, 4]",False,False,False,False,False,0.007071067811865475,0.00690904136032925,24,24,24,0,0.0,{},0.7790667953287207,0.6795594293193736,0.0,False,True,False,False,True,False,0.0,7.97222480601985,-4.362858659173952,7.97222480601985,92.25,1.1179766223756553,0.004157021097285183,False,1.3087234048353515,False,0.023958333333333304,False,False,0.008684366179174433,0.023958333333333304,False,False,1.2781943692399504,0.2011809010315766,True,False,0.12469658645785336,0.11191585990802594,True,False,0.3666889687574284,False,False,forward_only_adequate
488,sequential_evalue,martingale_evalue,True,ok,-0.6109907382562864,3.2536430685761175,4.448050292517715,-6.324875584177935,33.38167834928654,1.0,1.0,,,1.0,1.0,-0.5047078050022845,-0.8116179818330171,2206,24,"[458, 465, 445, 467, 371]","[5, 5, 5, 5, 4]",False,False,False,False,False,0.007071067811865475,0.007125471727307874,24,24,24,0,0.0,{},0.7833927490052016,0.6754274374952727,0.0,False,True,False,False,True,False,0.0,4.448050292517715,-6.324875584177935,4.448050292517715,91.91666666666667,1.1402207152688584,0.011554771438174698,False,1.2412810182227683,False,0.015277777777777835,False,False,0.0027788828139535806,0.015277777777777835,False,False,0.31791019359592515,0.7505530600672474,True,False,0.06725739568088025,0.6183297904903166,True,False,1.2553424943490485,False,False,forward_only_adequate
489,sequential_evalue,martingale_evalue,True,ok,0.643541669760463,3.640558018075033,6.116652801656375,-5.7143065309757075,35.425108401897006,1.0,1.0,,,1.0,1.0,-1.0753911926968804,-0.9917101610743595,2170,24,"[471, 456, 445, 435, 363]","[5, 5, 5, 5, 4]",False,False,False,False,False,0.007071067811865475,0.006967185389738575,24,24,24,0,0.0,{},0.7542370030196841,0.6755733639346874,0.0,False,True,False,False,True,False,0.0,6.116652801656375,-5.7143065309757075,6.116652801656375,90.41666666666667,1.1734451791647562,0.011595131748236866,False,1.271017331954896,False,0.013541666666666674,False,False,0.0028513022821033207,0.013541666666666674,False,False,0.3287877609604871,0.7423161145889087,True,False,0.09734608794149541,0.18953594761041412,True,False,1.2548167572995408,False,False,forward_only_adequate
490,sequential_evalue,martingale_evalue,True,ok,-0.10933058947846234,2.964739460689391,4.363410885659397,-5.910343688075638,32.36282774128957,1.0,1.0,,,1.0,1.0,-0.7817546847413795,-0.6981044462841031,2237,24,"[463, 478, 460, 471, 365]","[5, 5, 5, 5, 4]",False,False,False,False,False,0.007071067811865475,0.006996294044149247,24,24,24,0,0.0,{},0.7877304793868369,0.699121054846985,0.0,False,True,False,False,True,False,0.0,4.363410885659397,-5.910343688075638,4.363410885659397,93.20833333333333,1.0929791847254533,0.021083412029146317,False,1.2839594810380663,False,0.051736111111111094,False,False,0.00044298371104595224,0.051736111111111094,False,False,0.46831640076737197,0.6395583415909363,True,False,0.182671580899569,0.027301106701540574,True,False,-1.202587583771631,False,False,forward_only_adequate
491,sequential_evalue,martingale_evalue,True,ok,2.7707942596082247,3.2195605038050092,9.074910214543053,-2.213358592128855,33.28352493123892,1.0,0.8830998612364244,,,1.0,0.8830998612364244,-0.9228598057042099,0.12431699163973992,2209,24,"[458, 462, 475, 448, 366]","[5, 5, 5, 5, 4]",False,False,False,False,False,0.007071067811865475,0.0070679491415586255,24,24,24,0,0.0,{},0.7817577554109125,0.701006138341322,0.0,False,True,False,False,True,False,0.0,9.074910214543053,-2.213358592128855,9.074910214543053,92.04166666666667,1.1284568879567536,0.022699341856856615,False,1.3051401481395477,False,0.01736111111111116,False,False,0.015491533645605038,0.01736111111111116,False,False,1.99625882680956,0.04590575719395664,True,False,0.1778329249417729,0.06534546736082077,True,False,-0.1349594746485519,False,False,forward_only_adequate
492,sequential_evalue,martingale_evalue,True,ok,-7.786615901536997,4.351741524221457,0.1247808912338364,-15.54578851763922,33.40550953807049,0.8299014364290426,1.0,,,0.8299014364290426,1.0,0.1864483365332963,-1.3673948566854583,2211,24,"[467, 456, 467, 466, 355]","[5, 5, 5, 5, 4]",False,False,False,False,False,0.007071067811865475,0.007034937579127191,24,24,24,0,0.0,{},0.781267688231396,0.7063396751248526,0.0,False,True,False,False,True,False,0.0,0.1247808912338364,-15.545788517639219,0.1247808912338364,92.125,1.1278130188955795,0.01430047119184158,False,1.2602239346112771,False,0.027083333333333348,False,False,0.05179606857521673,0.027083333333333348,False,False,-0.9318865181313085,0.35139517572682055,True,False,0.23804123594634422,0.02275211293103303,True,False,-1.1767372847008692,False,False,forward_only_adequate
493,sequential_evalue,martingale_evalue,True,ok,5.079493351593826,2.589944818496992,10.009147792498245,0.9339064010665359,34.51906000099178,1.0,1.0,,,1.0,1.0,-1.3021637520351874,-0.3338024478739354,2264,24,"[468, 488, 467, 459, 382]","[5, 5, 5, 5, 4]",False,False,False,False,False,0.007071067811865475,0.006980070130961525,24,24,24,0,0.0,{},0.7939255593071269,0.7140083799835082,0.0,False,True,False,False,True,False,0.0,10.009147792498245,0.9339064010665359,10.009147792498245,94.33333333333333,1.170095587706828,0.017136011289122045,False,1.3384929939197974,False,0.013194444444444509,False,False,0.03000673354093784,0.013194444444444509,False,False,1.0010801550702697,0.3167880583686743,True,False,0.3054659341102614,0.004312939769407168,True,False,0.6887666159650823,False,False,forward_only_adequate
494,sequential_evalue,martingale_evalue,True,ok,0.10076809447977597,3.9480547713542715,7.518341724818908,-6.252813689707567,33.53966617591386,1.0,1.0,,,1.0,1.0,-0.9800912727619846,-0.9701062384410795,2264,24,"[485, 474, 457, 471, 377]","[5, 5, 5, 5, 4]",False,False,False,False,False,0.007071067811865475,0.007004552532890732,24,24,24,0,0.0,{},0.7925206348968103,0.7385686549446152,0.0,False,True,False,False,True,False,0.0,7.5183417248189075,-6.252813689707568,7.5183417248189075,94.33333333333333,1.1408846243770365,0.018210329464729922,False,1.311745695130348,False,0.033333333333333326,False,False,0.000387256603825632,0.033333333333333326,False,False,-2.7580516713182286,0.0058147005821568825,True,False,0.20106028635848538,0.011163945345081154,True,False,0.4110161208109585,False,False,forward_only_adequate
495,sequential_evalue,martingale_evalue,True,ok,4.741464901406867,4.160695520916522,12.205870042207913,-2.156209700850402,33.90960626517977,1.0,1.0,,,1.0,1.0,-0.9508556113304195,-0.14341237325733713,2222,24,"[467, 470, 461, 450, 374]","[5, 5, 5, 5, 4]",False,False,False,False,False,0.007071067811865475,0.00699990091771781,24,24,24,0,0.0,{},0.7772266586349943,0.7109774979025281,0.0,False,True,False,False,True,False,0.0,12.205870042207913,-2.156209700850402,12.205870042207913,92.58333333333333,1.1419604171297884,0.02903211507216921,False,1.2839527838522458,False,0.04375000000000007,False,False,0.028485080683639346,0.04375000000000007,False,False,-1.249213910511137,0.2115868454846478,True,False,0.31086635712946903,0.003368898911699747,True,False,1.1584961307364443,False,False,forward_only_adequate
496,sequential_evalue,martingale_evalue,True,ok,3.9626687852363123,3.0666575475702222,9.400092414327142,-1.2779072460409981,34.06736991705826,1.0,1.0,,,1.0,1.0,-1.2450590860825899,-0.6792004729536205,2236,24,"[466, 460, 455, 467, 388]","[5, 5, 5, 5, 4]",False,False,False,False,False,0.007071067811865475,0.006989908518606075,24,24,24,0,0.0,{},0.7921294471567426,0.6844313090750752,0.0,False,True,False,False,True,False,0.0,9.400092414327142,-1.2779072460409981,9.400092414327142,93.16666666666667,1.1492390679914253,0.014129799981262767,False,1.3306196566409514,False,0.011805555555555514,False,False,0.02294128844013008,0.011805555555555514,False,False,0.6556700965338398,0.5120364132983064,True,False,0.05367524824288599,0.30994110267989267,True,False,-0.4151036626565524,False,False,forward_only_adequate
497,sequential_evalue,martingale_evalue,True,ok,7.57246263569091,3.0592897442673532,13.108039174888702,2.0132354302865156,34.60223959717473,1.0,0.45152897410035503,,,1.0,0.45152897410035503,-1.3214837624149673,0.7951157352043492,2221,24,"[471, 461, 465, 451, 373]","[5, 5, 5, 5, 4]",False,False,False,False,False,0.007071067811865475,0.006859993578066584,24,24,24,0,0.0,{},0.7814136998224408,0.7159646118027522,0.0,False,True,False,False,True,False,0.0,13.108039174888702,2.0132354302865156,13.108039174888702,92.54166666666667,1.141738329039299,0.0032023466697609503,False,1.2322814582968684,False,0.02777777777777779,False,False,0.049394056500684305,0.02777777777777779,False,False,1.1466722392187347,0.251517107980073,True,False,0.0955830593979824,0.28540205022225557,True,False,0.43201032749898943,False,False,forward_only_adequate
498,sequential_evalue,martingale_evalue,True,ok,1.4832996497993494,3.4719687063666225,6.472917943622917,-5.741846041099444,33.464429772259145,1.0,1.0,,,1.0,1.0,-1.0436420078830395,-0.9440999204391387,2161,24,"[451, 459, 456, 449, 346]","[5, 5, 5, 5, 4]",False,False,False,False,False,0.007071067811865475,0.006911272134920709,24,24,24,0,0.0,{},0.758716250380125,0.6883035442023916,0.0,False,True,False,False,True,False,0.0,6.472917943622917,-5.741846041099444,6.472917943622917,90.04166666666667,1.0973197349058008,0.00011561285151705059,False,1.3127284402916088,False,0.030555555555555558,False,False,0.007837289760498132,0.030555555555555558,False,False,0.24632381075392895,0.8054315793659776,True,False,0.1679512395547878,0.08263184850896953,True,False,-0.03169236321719935,False,False,forward_only_adequate
499,sequential_evalue,martingale_evalue,True,ok,-3.3850998335200955,4.259413446413954,3.850798111714527,-11.105300910547735,33.170586184049675,1.0,1.0,,,1.0,1.0,-0.3380568870406234,-0.981047578557848,2235,24,"[481, 447, 461, 468, 378]","[5, 5, 5, 5, 4]",False,False,False,False,False,0.007071067811865475,0.006985078745817544,24,24,24,0,0.0,{},0.7805738061786872,0.7213897812318135,0.0,False,True,False,False,True,False,0.0,3.850798111714527,-11.105300910547735,3.850798111714527,93.125,1.1179634366293223,0.028389563201495324,False,1.2631430542079158,False,0.008333333333333415,False,False,0.019731643423699246,0.008333333333333415,False,False,-2.5008645707500605,0.012389054475173687,True,False,0.2735101063568356,0.010251716869622814,True,False,-2.1613623554993238,False,False,forward_only_adequate
500,sequential_evalue,martingale_evalue,True,ok,-5.991018251373305,3.0828231067403764,-0.37549894506041603,-10.864473328471131,34.62574368428014,1.0,1.0,,,1.0,1.0,-0.3500081732843442,-1.3452636286587567,2222,24,"[472, 466, 463, 460, 361]","[5, 5, 5, 5, 4]",False,False,False,False,False,0.007071067811865475,0.007024316532637949,24,24,24,0,0.0,{},0.7874589493849504,0.7027381580306358,0.0,False,True,False,False,True,False,0.0,-0.37549894506041603,-10.86447332847113,-0.37549894506041603,92.58333333333333,1.170144765867228,0.0052530199136962795,False,1.2500538918525872,False,0.005208333333333259,False,False,0.03640936982597026,0.005208333333333259,False,False,-1.6869530495634248,0.09161238018700014,True,False,0.16329678629421515,0.11756332466334316,True,False,-1.8442775326114493,False,False,forward_only_adequate
501,sequential_evalue,martingale_evalue,True,ok,1.173865822169179,4.004037706411738,8.22785261616771,-5.487321773790741,33.68888574112885,1.0,1.0,,,1.0,1.0,-0.9047863744079748,-0.7023585752535214,2185,24,"[466, 436, 466, 444, 373]","[5, 5, 5, 5, 4]",False,False,False,False,False,0.007071067811865475,0.007074392304694797,24,24,24,0,0.0,{},0.770233448046965,0.6359477144053801,0.0,False,True,False,False,True,False,0.0,8.22785261616771,-5.487321773790742,8.22785261616771,91.04166666666667,1.1370142055247134,0.023703952199390373,False,1.3073991727922667,False,0.010763888888888906,False,False,0.005781395300893948,0.010763888888888906,False,False,1.545675566655352,0.1221829409820681,True,False,0.1795289623821984,0.18443163781368518,True,False,0.6114178059591628,False,False,forward_only_adequate
502,sequential_evalue,martingale_evalue,True,ok,4.601453732873085,3.7899841835173973,10.747741544478403,-2.549848978557513,33.73759787664956,1.0,1.0,,,1.0,1.0,-1.2713545897140743,-0.66424741610756,2286,24,"[483, 487, 465, 474, 377]","[5, 5, 5, 5, 4]",False,False,False,False,False,0.007071067811865475,0.0069696592357755445,24,24,24,0,0.0,{},0.8007457901429447,0.7508531454289157,0.0,False,True,False,False,True,False,0.0,10.747741544478403,-2.549848978557513,10.747741544478403,95.25,1.1474352798608467,0.03130033671652283,False,1.2922285886191278,False,0.05104166666666665,False,False,0.0273523431101217,0.05104166666666665,False,False,0.2181730703994844,0.8272942663917122,True,False,0.07935500673751952,0.4579729788026458,True,False,1.492688532839505,False,False,forward_only_adequate
503,sequential_evalue,martingale_evalue,True,ok,1.9889771646150234,3.9628046754842203,8.780043672532587,-5.647545860648021,33.535173910154704,1.0,1.0,,,1.0,1.0,-0.8002477802492137,-0.2690571493344033,2229,24,"[455, 453, 477, 468, 376]","[5, 5, 5, 5, 4]",False,False,False,False,False,0.007071067811865475,0.007035876958271587,24,24,24,0,0.0,{},0.7938677233810896,0.7009975681311333,0.0,False,True,False,False,True,False,0.0,8.780043672532587,-5.64754586064802,8.780043672532587,92.875,1.1369417551929186,0.0008590456192986141,False,1.2614829618840326,False,0.03298611111111105,False,False,0.010506103977374746,0.03298611111111105,False,False,-0.14694738041694072,0.883173553655799,True,False,0.06872158699994446,0.5069996772412145,True,False,-0.6224695497152145,False,False,forward_only_adequate
504,sequential_evalue,martingale_evalue,True,ok,-1.4462900380740276,3.3166968496577893,4.570705331242078,-7.140838852966136,32.97992585830573,1.0,1.0,,,1.0,1.0,-0.7816271699952848,-1.0446674446195157,2233,24,"[454, 469, 469, 470, 371]","[5, 5, 5, 5, 4]",False,False,False,False,False,0.007071067811865475,0.007015090483914557,24,24,24,0,0.0,{},0.786886201743728,0.697381141653847,0.0,False,True,False,False,True,False,0.0,4.570705331242078,-7.140838852966136,4.570705331242078,93.04166666666667,1.1158137198808051,0.02053771596503987,False,1.2870809159210799,False,0.017013888888888884,False,False,0.007473529906789098,0.017013888888888884,False,False,-2.0854133796344567,0.037031793383288346,True,False,0.31679575929795983,0.0013435503009412062,True,False,-1.1891780287612759,False,False,forward_only_adequate
505,sequential_evalue,martingale_evalue,True,ok,-1.8107143425485337,3.108577515347875,3.5984194649884307,-7.009952603784129,32.41587732730472,1.0,1.0,,,1.0,1.0,-0.7732562230899269,-0.9134503014753531,2264,24,"[466, 473, 483, 468, 374]","[5, 5, 5, 5, 4]",False,False,False,False,False,0.007071067811865475,0.006976357683732575,24,24,24,0,0.0,{},0.793873015124087,0.7294693529066583,0.0,False,True,False,False,True,False,0.0,3.5984194649884302,-7.009952603784129,3.5984194649884302,94.33333333333333,1.0982194071001286,0.005628056707180053,False,1.314549310932827,False,0.014236111111111116,False,False,0.009820301124981721,0.014236111111111116,False,False,-0.39190953972150216,0.6951250540371682,True,False,0.10764906847027535,0.27820608707405775,True,False,-1.2787487044859593,False,False,forward_only_adequate
506,sequential_evalue,martingale_evalue,True,ok,-0.24322032364705967,3.024857763665129,5.095922097944034,-5.557543729055089,32.60970436976462,1.0,1.0,,,1.0,1.0,-0.9033566623988374,-0.8610538939751978,2234,24,"[464, 482, 459, 471, 358]","[5, 5, 5, 5, 4]",False,False,False,False,False,0.007071067811865475,0.006952168029089563,24,24,24,0,0.0,{},0.7873095684163774,0.6884369285204656,0.0,False,True,False,False,True,False,0.0,5.095922097944034,-5.557543729055088,5.095922097944034,93.08333333333333,1.0936367350377791,0.007062851266985863,False,1.2635367132743596,False,0.012499999999999956,False,False,0.0010555338995513596,0.012499999999999956,False,False,-1.290861897081748,0.19675156989736864,True,False,0.18354596979556306,0.06459577384617886,True,False,0.5088210810843211,False,False,forward_only_adequate
507,sequential_evalue,martingale_evalue,True,ok,2.3491525834307003,3.9989375803012703,9.882412087458999,-4.062974373871763,33.10335338044558,1.0,1.0,,,1.0,1.0,-0.9320249363349687,-0.5728003169013596,2217,24,"[485, 462, 465, 442, 363]","[5, 5, 5, 5, 4]",False,False,False,False,False,0.007071067811865475,0.007045701829627363,24,24,24,0,0.0,{},0.7770280598775235,0.6957270314575348,0.0,False,True,False,False,True,False,0.0,9.882412087458999,-4.062974373871763,9.882412087458999,92.375,1.1208396358135841,0.030010744909323653,False,1.2587967335884631,False,0.02083333333333337,False,False,0.01291644704353524,0.02083333333333337,False,False,-1.0671616230761745,0.28589885890262146,True,False,0.1716455189015636,0.05827331990558214,True,False,-0.8077756522589266,False,False,forward_only_adequate
508,sequential_evalue,martingale_evalue,True,ok,-2.5892011462488735,3.974484327888478,3.7517014549645147,-10.857425685122486,33.219486737473844,1.0,1.0,,,1.0,1.0,-0.49781164077756657,-0.9711132329951818,2215,24,"[454, 483, 447, 466, 365]","[5, 5, 5, 5, 4]",False,False,False,False,False,0.007071067811865475,0.007007823925947503,24,24,24,0,0.0,{},0.7812794308502317,0.694849920204548,0.0,False,True,False,False,True,False,0.0,3.7517014549645147,-10.857425685122486,3.7517014549645147,92.29166666666667,1.1182202386729565,0.003982279083611476,False,1.2665886140415743,False,0.019444444444444486,False,False,0.014480808598898103,0.019444444444444486,False,False,0.3143272345148659,0.7532725155311648,True,False,0.1318578558264317,0.0681381671050544,True,False,0.3442269309386133,False,False,forward_only_adequate
509,sequential_evalue,martingale_evalue,True,ok,-0.9123007437884209,3.247892166545573,4.69428457070573,-6.510635535809063,33.15985324487974,1.0,1.0,,,1.0,1.0,-0.8371578291706014,-1.0145617232772417,2240,24,"[467, 460, 467, 463, 383]","[5, 5, 5, 5, 4]",False,False,False,False,False,0.007071067811865475,0.007027397878748928,24,24,24,0,0.0,{},0.7882587418786718,0.7080204949400546,0.0,False,True,False,False,True,False,0.0,4.69428457070573,-6.510635535809063,4.69428457070573,93.33333333333333,1.125629679662965,0.03462184519929598,False,1.2672069469691032,False,0.032638888888888884,False,False,0.004406409249209429,0.032638888888888884,False,False,0.325156729114094,0.745062455904878,True,False,0.14501307317746306,0.0438617662099093,True,False,1.7286406582146656,False,False,forward_only_adequate
510,sequential_evalue,martingale_evalue,True,ok,-5.201794975771064,3.9771409210161828,0.883558628224069,-11.700271509104358,34.06583755871352,1.0,1.0,,,1.0,1.0,-0.13066300928468044,-0.8323627586325661,2211,24,"[465, 455, 460, 469, 362]","[5, 5, 5, 5, 4]",False,False,False,False,False,0.007071067811865475,0.006918348313078158,24,24,24,0,0.0,{},0.7692789330046006,0.7085377620552985,0.0,False,True,False,False,True,False,0.0,0.883558628224069,-11.70027150910436,0.883558628224069,92.125,1.1310459507899866,0.012501853403357892,False,1.2851632760085865,False,0.02083333333333326,False,False,0.03210446919787829,0.02083333333333326,False,False,0.07592361972864467,0.939479865266626,True,False,0.09279934354758405,0.4518320460961005,True,False,-0.6217142943131317,False,False,forward_only_adequate
511,sequential_evalue,martingale_evalue,True,ok,-0.3658598216436834,3.588335917582147,5.6816844855837285,-6.138279785970215,33.72780142217369,1.0,1.0,,,1.0,1.0,-0.9594666256866171,-0.9773146245856539,2193,24,"[461, 454, 463, 456, 359]","[5, 5, 5, 5, 4]",False,False,False,False,False,0.007071067811865475,0.007005544076453608,24,24,24,0,0.0,{},0.7597318019952569,0.7030383960767735,0.0,False,True,False,False,True,False,0.0,5.681684485583728,-6.138279785970215,5.681684485583728,91.375,1.1293111118288655,0.03876174551322637,False,1.27643040759503,False,0.03229166666666672,False,False,0.0015941629705175453,0.03229166666666672,False,False,0.46789484518586605,0.6398597899854852,True,False,0.053465423876467626,0.34936027506766026,True,False,-0.671150835532482,False,False,forward_only_adequate
512,sequential_evalue,martingale_evalue,True,ok,-1.858695865347513,3.869480176524554,4.774112977498892,-8.465763487617,35.43568283017781,1.0,1.0,,,1.0,1.0,-0.7607285109653061,-1.0179761171732564,2210,24,"[446, 442, 479, 467, 376]","[5, 5, 5, 5, 4]",False,False,False,False,False,0.007071067811865475,0.006946308254709378,24,24,24,0,0.0,{},0.7686011132231423,0.6867395464208319,0.0,False,True,False,False,True,False,0.0,4.774112977498892,-8.465763487617,4.774112977498892,92.08333333333333,1.1810149036190671,0.008966734495209776,False,1.2875707210884366,False,0.017708333333333326,False,False,0.00931392062056187,0.017708333333333326,False,False,-0.4095902765264707,0.6821065308960412,True,False,0.14444867185099688,0.15740288502843222,True,False,-0.6117512522690698,False,False,forward_only_adequate
513,sequential_evalue,martingale_evalue,True,ok,0.3956347963369768,2.8994370437343338,6.203885896136027,-4.581986157912999,33.27968832669734,1.0,1.0,,,1.0,1.0,-0.9732370553538214,-0.9325603427179825,2227,24,"[467, 473, 464, 465, 358]","[5, 5, 5, 5, 4]",False,False,False,False,False,0.007071067811865475,0.006953236309581897,24,24,24,0,0.0,{},0.7730573494939085,0.7326449047946689,0.0,False,True,False,False,True,False,0.0,6.203885896136026,-4.581986157912999,6.203885896136026,92.79166666666667,1.1145273535561309,0.00782638754661921,False,1.3706632472786238,False,0.019444444444444486,False,False,0.0017628468384446605,0.019444444444444486,False,False,-0.68451069141819,0.4936527404954093,True,False,0.10179610729853455,0.31165863530187043,True,False,0.44698661039125476,False,False,forward_only_adequate
514,sequential_evalue,martingale_evalue,True,ok,-0.7257683736488256,2.6366792091931286,3.520261527485306,-5.698179927271143,33.42109651670673,1.0,1.0,,,1.0,1.0,-0.9068349130888052,-0.9881778808339312,2202,24,"[468, 458, 448, 458, 370]","[5, 5, 5, 5, 4]",False,False,False,False,False,0.007071067811865475,0.006958583672656509,24,24,24,0,0.0,{},0.7710522907786681,0.717548565096235,0.0,False,True,False,False,True,False,0.0,3.520261527485306,-5.698179927271144,3.520261527485306,91.75,1.113818915721216,0.006162506824592675,False,1.2789547793537541,False,0.054166666666666696,True,False,0.0034537560980535797,0.054166666666666696,False,False,-0.2604725350849589,0.7944992981528117,True,False,0.19697618635955505,0.08604011589667278,True,False,-0.5772229251310365,False,False,selection_limited
515,sequential_evalue,martingale_evalue,True,ok,1.9238047135638874,3.875702164443922,8.620785990326855,-4.596365801541083,33.90895080549592,1.0,0.6723009952089122,,,1.0,0.6723009952089122,-0.8548628635746205,0.3970491292034489,2208,24,"[458, 454, 458, 465, 373]","[5, 5, 5, 5, 4]",False,False,False,False,False,0.007071067811865475,0.0070460180361954705,24,24,24,0,0.0,{},0.7697892913038527,0.717111461296855,0.0,False,True,False,False,True,False,0.0,8.620785990326855,-4.596365801541083,8.620785990326855,92.0,1.1458348337424331,0.00623215646177289,False,1.249948989055441,False,0.028472222222222232,False,False,0.010025269520797176,0.028472222222222232,False,False,-1.5127094923221998,0.13035346735698833,True,False,0.16671468356796695,0.09517265412734804,True,False,-0.8140839351609495,False,False,forward_only_adequate
516,sequential_evalue,martingale_evalue,True,ok,-1.367156446110806,3.2341297363454293,4.867751188442439,-6.78369742840126,32.66399010793775,1.0,1.0,,,1.0,1.0,-0.7059071261042593,-0.9536842086060853,2249,24,"[463, 486, 463, 459, 378]","[5, 5, 5, 5, 4]",False,False,False,False,False,0.007071067811865475,0.006959938668677834,24,24,24,0,0.0,{},0.7975336892322898,0.7097657753655212,0.0,False,True,False,False,True,False,0.0,4.867751188442439,-6.78369742840126,4.867751188442439,93.70833333333333,1.1003573765074783,0.001572776036280669,False,1.26418355077383,False,0.02083333333333337,False,False,0.007124277117877014,0.02083333333333337,False,False,1.0135851940688398,0.3107807255013638,True,False,0.17467616991531987,0.0747566701471714,True,False,0.10784582719756973,False,False,forward_only_adequate
517,sequential_evalue,martingale_evalue,True,ok,-1.2891829981829652,4.073453955934472,5.306046135994136,-9.146208790584401,33.69719582171915,1.0,1.0,,,1.0,1.0,-0.9383476323213886,-1.037041971880215,2196,24,"[464, 449, 456, 438, 389]","[5, 5, 5, 5, 4]",False,False,False,False,False,0.007071067811865475,0.006943192863472507,24,24,24,0,0.0,{},0.7790336363271753,0.6972904712002173,0.0,False,True,False,False,True,False,0.0,5.306046135994136,-9.146208790584401,5.306046135994136,91.5,1.1190089035046702,0.005869322249357143,False,1.2972008099332764,False,0.011805555555555625,False,False,0.006541801020161093,0.011805555555555625,False,False,0.5278353462148548,0.5976136220630284,True,False,0.17464744358961068,0.12281708445494749,True,False,0.5467477603749199,False,False,forward_only_adequate
518,sequential_evalue,martingale_evalue,True,ok,-0.49014790707804795,3.6723282526780925,5.667057112117068,-6.562370757981522,33.73915493807066,1.0,1.0,,,1.0,1.0,-0.971927642706196,-1.039906264738084,2246,24,"[469, 471, 479, 469, 358]","[5, 5, 5, 5, 4]",False,False,False,False,False,0.007071067811865475,0.006970210316809714,24,24,24,0,0.0,{},0.785278164901102,0.699122529075588,0.0,False,True,False,False,True,False,0.0,5.667057112117068,-6.562370757981522,5.667057112117068,93.58333333333333,1.137494597452673,0.04110004127653133,False,1.2900338114358756,False,0.020486111111111094,False,False,0.0021830153915523053,0.020486111111111094,False,False,0.0969461715145351,0.9227691419008691,True,False,0.11997263355680876,0.41742574233053503,True,False,-0.7930800378190345,False,False,forward_only_adequate
519,sequential_evalue,martingale_evalue,True,ok,-6.569070940768401,3.6735080027638145,-0.3948193019345032,-13.568576781368078,32.62157959758492,1.0,1.0,,,1.0,1.0,-0.3703794393819375,-1.3450435018993352,2225,24,"[460, 474, 466, 460, 365]","[5, 5, 5, 5, 4]",False,False,False,False,False,0.007071067811865475,0.0070657336225713125,24,24,24,0,0.0,{},0.7790668854704652,0.7083586312696122,0.0,False,True,False,False,True,False,0.0,-0.3948193019345032,-13.568576781368078,-0.3948193019345032,92.70833333333333,1.1096643614875545,0.031143472164813883,False,1.3169697860905587,False,0.02673611111111107,False,False,0.043192820064897115,0.02673611111111107,False,False,0.19303762422769397,0.8469295023348364,True,False,0.09315210097581553,0.28561280462559097,True,False,-0.32667688906478465,False,False,forward_only_adequate
520,sequential_evalue,martingale_evalue,True,ok,1.6819694614193832,3.9268974641703327,8.784368141546146,-4.5755249163589005,36.94667723538551,1.0,1.0,,,1.0,1.0,-0.9925027847683547,-0.5981039335289666,2198,24,"[455, 463, 466, 451, 363]","[5, 5, 5, 5, 4]",False,False,False,False,False,0.007071067811865475,0.006952323398598947,24,24,24,0,0.0,{},0.7740831735170499,0.7194436069734493,0.0,False,True,False,False,True,False,0.0,8.784368141546146,-4.5755249163589005,8.784368141546146,91.58333333333333,1.2290897021195852,0.034333114107058055,False,1.3469247394450237,False,0.03749999999999998,False,False,0.007947197512777438,0.03749999999999998,False,False,0.08782579053572485,0.9300151390824699,True,False,0.1174810752766116,0.15248448805323958,True,False,1.0006775753245707,False,False,forward_only_adequate
521,sequential_evalue,martingale_evalue,True,ok,-3.807195947118192,3.8406430855748925,3.651990971922422,-10.364061942142307,34.71785147417009,1.0,1.0,,,1.0,1.0,-0.7439832159725526,-1.2005641774877613,2240,24,"[467, 463, 454, 465, 391]","[5, 5, 5, 5, 4]",False,False,False,False,False,0.007071067811865475,0.006925694431305637,24,24,24,0,0.0,{},0.789199551677565,0.6763780368019545,0.0,False,True,False,False,True,False,0.0,3.6519909719224217,-10.364061942142307,3.6519909719224217,93.33333333333333,1.1614608079204578,0.002850688832829385,False,1.268555106785318,False,0.03229166666666661,False,False,0.021632134178252018,0.03229166666666661,False,False,0.018112157718769263,0.985549379086005,True,False,0.06038934418039027,0.7008000234804233,True,False,0.9340731409724137,False,False,forward_only_adequate
522,sequential_evalue,martingale_evalue,True,ok,-0.5561595729952952,3.0042427042531163,4.242291780255022,-5.337852062256643,33.345721700175865,1.0,1.0,,,1.0,1.0,-0.9111129267257088,-1.0659409104094204,2243,24,"[468, 475, 462, 473, 365]","[5, 5, 5, 5, 4]",False,False,False,False,False,0.007071067811865475,0.007008248691169015,24,24,24,0,0.0,{},0.7802954908642945,0.6767485120664091,0.0,False,True,False,False,True,False,0.0,4.242291780255022,-5.337852062256643,4.242291780255022,93.45833333333333,1.1296103063201404,0.004924477422994064,False,1.2560782822711478,False,0.02187500000000009,False,False,0.0025298951486731735,0.02187500000000009,False,False,0.6746090168852279,0.49992420272952,True,False,0.1984946828981058,0.010174565994733849,True,False,-0.5554018870689276,False,False,forward_only_adequate
523,sequential_evalue,martingale_evalue,True,ok,0.7133848022418707,3.1110569488862505,6.750380066756675,-3.9689682868334115,34.30402572154455,1.0,1.0,,,1.0,1.0,-0.894201598564246,-0.7691246309315981,2212,24,"[460, 461, 453, 449, 389]","[5, 5, 5, 5, 4]",False,False,False,False,False,0.007071067811865475,0.006921120458004737,24,24,24,0,0.0,{},0.7676366092440883,0.7225896511798076,0.0,False,True,False,False,True,False,0.0,6.750380066756674,-3.968968286833411,6.750380066756674,92.16666666666667,1.1396682306267534,0.009920290917856062,False,1.251876359856395,False,0.03541666666666665,False,False,0.003302752618548306,0.03541666666666665,False,False,-2.4422574651125735,0.014595733192137075,True,False,0.21712236087166428,0.033337135631401504,True,False,-1.5827895216413221,False,False,forward_only_adequate
524,sequential_evalue,martingale_evalue,True,ok,1.8273919731958637,3.876094928398123,8.048461341185286,-7.367227658904804,34.212000553841165,1.0,1.0,,,1.0,1.0,-0.22736345458318086,-0.5863084976301249,2231,24,"[472, 467, 463, 462, 367]","[5, 5, 5, 5, 4]",False,False,False,False,False,0.007071067811865475,0.006961816953784101,24,24,24,0,0.0,{},0.7816580817562864,0.7241871567860234,0.0,False,True,False,False,True,False,0.0,8.048461341185286,-7.367227658904805,8.048461341185286,92.95833333333333,1.1481939105500978,0.005941573837696302,False,1.313050357666714,False,0.036111111111111094,False,False,0.009433299669958142,0.036111111111111094,False,False,-0.7995028566384128,0.42399889090541243,True,False,0.12156634622643775,0.13352199102765072,True,False,-0.5210325194029085,False,False,forward_only_adequate
525,sequential_evalue,martingale_evalue,True,ok,-3.1363269253009385,2.9379159324305104,2.1770896248024556,-7.858412850826651,32.56152463796372,1.0,1.0,,,1.0,1.0,-0.6291933718878286,-1.0501693531765175,2278,24,"[483, 469, 470, 473, 383]","[5, 5, 5, 5, 4]",False,False,False,False,False,0.007071067811865475,0.007027240389611815,24,24,24,0,0.0,{},0.7980368815170025,0.7252768147188079,0.0,False,True,False,False,True,False,0.0,2.1770896248024556,-7.85841285082665,2.1770896248024556,94.91666666666667,1.1146301477852503,0.006258687491477391,False,1.2301143055034565,False,0.013194444444444398,False,False,0.0181269380383989,0.013194444444444398,False,False,-1.3386995813081763,0.18066849264751605,True,False,0.18685807165502286,0.0408263354854599,True,False,-0.5057821922309019,False,False,forward_only_adequate
526,sequential_evalue,martingale_evalue,True,ok,-6.983354390962371,2.358386933117341,-2.9741515194160852,-11.218079933200945,34.0452114846273,1.0,1.0,,,1.0,1.0,-0.2419252723070603,-1.3142224899679265,2134,24,"[441, 445, 448, 444, 356]","[5, 5, 5, 5, 4]",False,False,False,False,False,0.007071067811865475,0.006881402544972478,24,24,24,0,0.0,{},0.7435542875463164,0.6645449861273743,0.0,False,True,False,False,True,False,0.0,-2.974151519416085,-11.218079933200945,-2.974151519416085,88.91666666666667,1.1045734269682441,0.03300723795706334,False,1.2921445079327498,False,0.027430555555555514,False,False,0.04667698118266151,0.027430555555555514,False,False,-0.7846801809148248,0.43264110577888837,True,False,0.10522343429896713,0.6327506666627011,True,False,-1.6531959260682665,False,False,forward_only_adequate
527,sequential_evalue,martingale_evalue,True,ok,-3.056787200962546,3.502119006996877,2.919944767834429,-9.15137785505858,34.98981868625019,1.0,1.0,,,1.0,1.0,-0.648457754121086,-1.2128909939713932,2239,24,"[468, 455, 478, 458, 380]","[5, 5, 5, 5, 4]",False,False,False,False,False,0.007071067811865475,0.00700056724480737,24,24,24,0,0.0,{},0.7909501577606153,0.7219264360206544,0.0,False,True,False,False,True,False,0.0,2.9199447678344286,-9.15137785505858,2.9199447678344286,93.29166666666667,1.1829499055350394,0.010648248811989202,False,1.2215654228311283,False,0.015625,False,False,0.01643004947719134,0.015625,False,False,-0.14523464783132056,0.8845256109226816,True,False,0.09748387035021645,0.2246523041736988,True,False,0.8563718634021297,False,False,forward_only_adequate
528,sequential_evalue,martingale_evalue,True,ok,-3.417935649219721,3.4427616311996694,3.211634859344722,-8.549385199288642,34.85042430328845,1.0,1.0,,,1.0,1.0,-0.6138309375720744,-1.1334500599848882,2206,24,"[458, 449, 469, 463, 367]","[5, 5, 5, 5, 4]",False,False,False,False,False,0.007071067811865475,0.006929168414782877,24,24,24,0,0.0,{},0.7729786621520918,0.6959059855657986,0.0,False,True,False,False,True,False,0.0,3.211634859344722,-8.549385199288642,3.211634859344722,91.91666666666667,1.1575941532698524,0.01080108325127864,False,1.2933818159643569,False,0.02881944444444451,False,False,0.01916490282766816,0.02881944444444451,False,False,0.40832608204271825,0.6830342932559412,True,False,0.07877913882374835,0.4682095460328574,True,False,-0.04710704892488831,False,False,forward_only_adequate
529,sequential_evalue,martingale_evalue,True,ok,-2.035244371005708,2.5211545046283113,2.6501486936439584,-6.172527996326881,33.30050997490275,1.0,1.0,,,1.0,1.0,-0.781886138516602,-0.9955932888714227,2211,24,"[461, 467, 457, 455, 371]","[5, 5, 5, 5, 4]",False,False,False,False,False,0.007071067811865475,0.006972539538708549,24,24,24,0,0.0,{},0.7675236072965121,0.71767086851144,0.0,False,True,False,False,True,False,0.0,2.6501486936439584,-6.172527996326881,2.6501486936439584,92.125,1.114296136996638,0.004873929234360882,False,1.3032985394888155,False,0.02013888888888893,False,False,0.011035822671328204,0.02013888888888893,False,False,0.004542188019416541,0.9963758707689016,True,False,0.07983919614401289,0.44874055692129816,True,False,-0.010460716279026328,False,False,forward_only_adequate
530,sequential_evalue,martingale_evalue,True,ok,-3.959419588988301,3.3169666123349266,1.6672078459875972,-9.556249926615621,32.77306742716507,1.0,1.0,,,1.0,1.0,-0.693455199558517,-1.2423946843340503,2230,24,"[467, 480, 464, 444, 375]","[5, 5, 5, 5, 4]",False,False,False,False,False,0.007071067811865475,0.007070611101013963,24,24,24,0,0.0,{},0.7806796542001437,0.7060864389661771,0.0,False,True,False,False,True,False,0.0,1.667207845987597,-9.556249926615621,1.667207845987597,92.91666666666667,1.1168397359038886,0.016512253693861355,False,1.2853937009463756,False,0.011111111111111072,False,False,0.02369412742803727,0.011111111111111072,False,False,2.368304727487569,0.01786981079736328,True,False,0.23239501048540998,0.0023257060919285094,True,False,0.21724197083755786,False,False,forward_only_adequate
531,sequential_evalue,martingale_evalue,True,ok,-3.3287760049449666,2.587363843623801,0.7064307971093475,-7.818604499472661,33.17971753552442,1.0,1.0,,,1.0,1.0,-0.6799814808176223,-1.1534667375431795,2238,24,"[461, 482, 463, 461, 371]","[5, 5, 5, 5, 4]",False,False,False,False,False,0.007071067811865475,0.007016660410288819,24,24,24,0,0.0,{},0.7898860709441108,0.716433342919303,0.0,False,True,False,False,True,False,0.0,0.7064307971093475,-7.81860449947266,0.7064307971093475,93.25,1.1240808968476717,0.007746812745707385,False,1.2570725641330196,False,0.010763888888888906,False,False,0.019230335582212727,0.010763888888888906,False,False,0.8842840627955951,0.3765428892843269,True,False,0.1373531682247148,0.18997210977949835,True,False,0.4473270521875056,False,False,forward_only_adequate
532,sequential_evalue,martingale_evalue,True,ok,2.044469611663401,3.5116325134564645,8.487753923731667,-3.68933443428186,32.49875784176483,1.0,0.6603869181918343,,,1.0,0.6603869181918343,-0.7625224919910288,0.4149293760484229,2233,24,"[456, 474, 458, 474, 371]","[5, 5, 5, 5, 4]",False,False,False,False,False,0.007071067811865475,0.007011007597805251,24,24,24,0,0.0,{},0.7852056768280085,0.7035160708490454,0.0,False,True,False,False,True,False,0.0,8.487753923731667,-3.6893344342818595,8.487753923731667,93.04166666666667,1.0988943604675958,0.015870186186701794,False,1.2904217161974887,False,0.01215277777777779,False,False,0.011270667247632439,0.01215277777777779,False,False,0.5052587029504266,0.6133771442752267,True,False,0.12135619892745077,0.4924389613524668,True,False,0.8001735421663951,False,False,forward_only_adequate
533,sequential_evalue,martingale_evalue,True,ok,-1.7719252217836405,2.5114230944204072,2.3927403338345714,-6.140112310838761,33.42414430874828,1.0,1.0,,,1.0,1.0,-0.13425300506518661,-0.989985514369986,2224,24,"[471, 471, 462, 447, 373]","[5, 5, 5, 5, 4]",False,False,False,False,False,0.007071067811865475,0.006990083461592119,24,24,24,0,0.0,{},0.7760961474631106,0.7137026948486056,0.0,False,True,False,False,True,False,0.0,2.3927403338345714,-6.140112310838762,2.3927403338345714,92.66666666666667,1.1245387725198281,0.006230184298855855,False,1.2475800195061852,False,0.03888888888888886,False,False,0.009326561517360069,0.03888888888888886,False,False,-1.0215048576795718,0.30701530880463335,True,False,0.10203639470159045,0.1502294819647942,True,False,-2.55550877690767,False,False,forward_only_adequate
534,sequential_evalue,martingale_evalue,True,ok,-1.5663186453179998,2.9262877655596,3.1780199322970013,-6.717561479333761,33.497145814529155,1.0,1.0,,,1.0,1.0,-0.8798488797307313,-1.0320176236730108,2213,24,"[457, 449, 473, 462, 372]","[5, 5, 5, 5, 4]",False,False,False,False,False,0.007071067811865475,0.006928595150439498,24,24,24,0,0.0,{},0.779775694984249,0.704687728002474,0.0,False,True,False,False,True,False,0.0,3.1780199322970013,-6.717561479333761,3.1780199322970013,92.20833333333333,1.1143152643772776,0.02065430488663525,False,1.245312198800023,False,0.03576388888888893,False,False,0.008192267274191697,0.03576388888888893,False,False,-1.0819614633177161,0.2792696518962833,True,False,0.14757854953231234,0.09001763969809852,True,False,0.2665301931906826,False,False,forward_only_adequate
535,sequential_evalue,martingale_evalue,True,ok,2.4758414473322543,3.475379738927593,8.436521261694962,-3.4642675183792115,33.25309911077267,1.0,1.0,,,1.0,1.0,-1.1445350292792815,-0.49541204795126714,2267,24,"[479, 463, 477, 473, 375]","[5, 5, 5, 5, 4]",False,False,False,False,False,0.007071067811865475,0.00700785730545946,24,24,24,0,0.0,{},0.7961326279207508,0.7379049495674393,0.0,False,True,False,False,True,False,0.0,8.436521261694962,-3.4642675183792115,8.436521261694962,94.45833333333333,1.1324199724762394,0.014256841150314396,False,1.2523173578178206,False,0.029861111111111116,False,False,0.013557474063743934,0.029861111111111116,False,False,-0.26733367351875487,0.7892122621935322,True,False,0.16025151724853917,0.05917223844682252,True,False,0.9640262145093814,False,False,forward_only_adequate
536,sequential_evalue,martingale_evalue,True,ok,7.5364062272488255,3.635227540749414,14.029440180528594,1.4590544069105205,33.851537364405246,1.0,0.8019874758365314,,,1.0,0.8019874758365314,-1.35543206287813,0.22066228740148208,2216,24,"[458, 468, 454, 452, 384]","[5, 5, 5, 5, 4]",False,False,False,False,False,0.007071067811865475,0.007022187529185389,24,24,24,0,0.0,{},0.7843333454697329,0.7169824185432988,0.0,False,True,False,False,True,False,0.0,14.029440180528594,1.4590544069105205,14.029440180528594,92.33333333333333,1.1420893497153142,0.00021921857893826842,False,1.2794329312973007,False,0.02013888888888893,False,False,0.04909838185228266,0.02013888888888893,False,False,-0.6239354283172395,0.532669992209089,True,False,0.21861807263811323,0.03940692683564939,True,False,0.35244883380367137,False,False,forward_only_adequate
537,sequential_evalue,martingale_evalue,True,ok,5.306215429142787,3.6707637493035463,12.232574772837744,-1.072262170650916,33.84672667100533,1.0,1.0,,,1.0,1.0,-1.1842892613449278,-0.4277586360086658,2265,24,"[488, 474, 465, 457, 381]","[5, 5, 5, 5, 4]",False,False,False,False,False,0.007071067811865475,0.006940105035041158,24,24,24,0,0.0,{},0.7950843709653835,0.7012188019040352,0.0,False,True,False,False,True,False,0.0,12.232574772837744,-1.072262170650916,12.232574772837744,94.375,1.1409883346776801,0.03084939433527659,False,1.218557841814572,False,0.02083333333333326,False,False,0.03252555017576588,0.02083333333333326,False,False,1.431413387883704,0.15231177369021814,True,False,0.16955293641739436,0.02723478178276184,True,False,1.599383476173093,False,False,forward_only_adequate
538,sequential_evalue,martingale_evalue,True,ok,-4.745122158151422,2.6806537218969115,0.4858979593393249,-8.60288806272925,33.261637970437064,1.0,1.0,,,1.0,1.0,-0.5717986321181714,-1.2916365249674733,2247,24,"[452, 483, 462, 480, 370]","[5, 5, 5, 5, 4]",False,False,False,False,False,0.007071067811865475,0.006988683566486803,24,24,24,0,0.0,{},0.7974164089136033,0.7041438535500602,0.0,False,True,False,False,True,False,0.0,0.4858979593393249,-8.60288806272925,0.4858979593393249,93.625,1.1246177373815003,0.018881071760017177,False,1.2351877000124933,False,0.03541666666666665,False,False,0.029025081945805283,0.03541666666666665,False,False,0.3759725996073066,0.7069372664246015,True,False,0.0524267724006529,0.3533830917755318,True,False,-0.23282252445123852,False,False,forward_only_adequate
539,sequential_evalue,martingale_evalue,True,ok,-3.3277241925162198,2.7925182077031394,1.1722084567263957,-7.838921897588935,34.25297225535501,1.0,1.0,,,1.0,1.0,-0.7179849127480042,-1.154101672906423,2212,24,"[461, 454, 477, 464, 356]","[5, 5, 5, 5, 4]",False,False,False,False,False,0.007071067811865475,0.006918496639789612,24,24,24,0,0.0,{},0.7769560299599096,0.7261785997098622,0.0,False,True,False,False,True,False,0.0,1.1722084567263957,-7.838921897588935,1.1722084567263957,92.16666666666667,1.1375406940233495,0.014097364382919898,False,1.243074604167609,False,0.02777777777777779,False,False,0.018960432398319908,0.02777777777777779,False,False,-2.4195208568649376,0.015540969475446654,True,False,0.2508346133361148,0.008102729668954598,True,False,-0.8192060918239837,False,False,forward_only_adequate
540,sequential_evalue,martingale_evalue,True,ok,0.797148236252999,4.638791251893422,9.417044539743578,-6.251358264043567,33.1008747210292,0.5927752587002993,1.0,,,0.5927752587002993,1.0,0.5229399422067724,-0.568577885315468,2211,24,"[459, 477, 447, 451, 377]","[5, 5, 5, 5, 4]",False,False,False,False,False,0.007071067811865475,0.007023771528539852,24,24,24,0,0.0,{},0.7760221925749586,0.7018916661218764,0.0,False,True,False,False,True,False,0.0,9.417044539743578,-6.251358264043567,9.417044539743578,92.125,1.1157543831011176,0.037013433391613004,False,1.2218531145540823,False,0.03402777777777777,False,False,0.0038271444179790674,0.03402777777777777,False,False,1.9689953382848686,0.048953626405398694,True,False,0.20487783774862495,0.03772177353593308,True,False,0.30058307304826626,False,False,forward_only_adequate
541,sequential_evalue,martingale_evalue,True,ok,1.884796160542723,3.7401429512796303,9.048165049664,-3.488833369416893,33.661680978448764,1.0,1.0,,,1.0,1.0,-0.9533183612632026,-0.42991958948794007,2189,24,"[464, 453, 460, 448, 364]","[5, 5, 5, 5, 4]",False,False,False,False,False,0.007071067811865475,0.0070165907638050215,24,24,24,0,0.0,{},0.7655147293910497,0.7219095939007685,0.0,False,True,False,False,True,False,0.0,9.048165049664,-3.488833369416893,9.048165049664,91.20833333333333,1.1278444621402792,0.007614104851800084,False,1.2718101336377767,False,0.021874999999999978,False,False,0.009972201712397486,0.021874999999999978,False,False,-1.4000017980959925,0.16151278001950808,True,False,0.12159396559877828,0.3282036476437952,True,False,-0.6685265248948403,False,False,forward_only_adequate
542,sequential_evalue,martingale_evalue,True,ok,-1.2855872035766194,2.9828413755936274,3.8257051299173153,-6.105585437831413,33.59575002791514,1.0,1.0,,,1.0,1.0,-0.7619073476369935,-1.0042108055467476,2190,24,"[461, 449, 446, 465, 369]","[5, 5, 5, 5, 4]",False,False,False,False,False,0.007071067811865475,0.006909632352984633,24,24,24,0,0.0,{},0.7725893760987057,0.70491379360169,0.0,False,True,False,False,True,False,0.0,3.8257051299173153,-6.1055854378314125,3.8257051299173153,91.25,1.1087298043568965,0.014653014591594076,False,1.315672931773786,False,0.028124999999999956,False,False,0.006589473396808447,0.028124999999999956,False,False,-0.7254307924966396,0.4681877881251737,True,False,0.07092787725735974,0.30044970265982307,True,False,-1.4421613485416294,False,False,forward_only_adequate
543,sequential_evalue,martingale_evalue,True,ok,5.294214073369403,3.4603029784789783,10.962181924078296,-1.5730473695762086,32.608329094769886,1.0,0.8305892400017054,,,1.0,0.8305892400017054,-1.2127289509764503,0.1856199023580703,2197,24,"[461, 466, 474, 439, 357]","[5, 5, 5, 5, 4]",False,False,False,False,False,0.007071067811865475,0.006985556721434722,24,24,24,0,0.0,{},0.7715007268549752,0.6896674612843652,0.0,False,True,False,False,True,False,0.0,10.962181924078296,-1.5730473695762086,10.962181924078296,91.54166666666667,1.0897050931358272,0.0047375749505827605,False,1.2859065860466645,False,0.03888888888888886,False,False,0.034236266628090234,0.03888888888888886,False,False,1.3484188745335501,0.1775236966595688,True,False,0.23895305137086215,0.05451333022991305,True,False,0.5238909863708442,False,False,forward_only_adequate
544,sequential_evalue,martingale_evalue,True,ok,5.6670091272471455,3.8029214879980473,11.816453666110288,-0.4160545837837333,35.24580950374818,1.0,1.0,,,1.0,1.0,-1.2173804797969145,-0.20397496610470645,2213,24,"[442, 478, 450, 458, 385]","[5, 5, 5, 5, 4]",False,False,False,False,False,0.007071067811865475,0.006909970258837331,24,24,24,0,0.0,{},0.7874206287288188,0.6580272592420946,0.0,False,True,False,False,True,False,0.0,11.816453666110286,-0.4160545837837333,11.816453666110286,92.20833333333333,1.1693344863288384,0.012994720506324896,False,1.2713772865898898,False,0.023611111111111138,False,False,0.0341367876681254,0.023611111111111138,False,False,1.0955886438061162,0.27325883364824066,True,False,0.19277211798596056,0.2014306460788081,True,False,2.952716964227773,False,False,forward_only_adequate
545,sequential_evalue,martingale_evalue,True,ok,-5.17486304963399,3.8453342261180743,1.768353922263504,-11.550167923760833,32.99216825046672,1.0,1.0,,,1.0,1.0,-0.39013816898811116,-1.0049574256662643,2203,24,"[472, 433, 465, 461, 372]","[5, 5, 5, 5, 4]",False,False,False,False,False,0.007071067811865475,0.006998323609217637,24,24,24,0,0.0,{},0.7736137346613206,0.6662560793983684,0.0,False,True,False,False,True,False,0.0,1.768353922263504,-11.550167923760833,1.768353922263504,91.79166666666667,1.1060544598060207,0.041595193252898004,False,1.2879566116698928,False,0.02673611111111107,False,False,0.03275617158407831,0.02673611111111107,False,False,-0.7213204246532576,0.47071239334097414,True,False,0.12095094008802403,0.13444656365311655,True,False,-0.563384900890285,False,False,forward_only_adequate
546,sequential_evalue,martingale_evalue,True,ok,3.0059774224653637,4.112609437697863,10.563646046929728,-3.7909380594193314,34.690692407302414,1.0,1.0,,,1.0,1.0,-1.0509878023839665,-0.5447436949319936,2208,24,"[462, 459, 474, 453, 360]","[5, 5, 5, 5, 4]",False,False,False,False,False,0.007071067811865475,0.007004843474219992,24,24,24,0,0.0,{},0.7746328147355925,0.7037550763743681,0.0,False,True,False,False,True,False,0.0,10.563646046929728,-3.790938059419331,10.563646046929728,92.0,1.1654008257623396,0.01006981635056706,False,1.2574886995099803,False,0.020138888888888817,False,False,0.016395707597872896,0.020138888888888817,False,False,-1.7543335119177468,0.079373376724309,True,False,0.19634423729463887,0.023178175737558242,True,False,0.6100363720771622,False,False,forward_only_adequate
547,sequential_evalue,martingale_evalue,True,ok,1.4321404959384223,3.9342102168801754,7.734559047877166,-5.026767808651746,34.161323436035026,1.0,1.0,,,1.0,1.0,-0.9184782619175316,-0.8064407795260333,2228,24,"[455, 468, 468, 460, 377]","[5, 5, 5, 5, 4]",False,False,False,False,False,0.007071067811865475,0.006956089475868974,24,24,24,0,0.0,{},0.7753623830607685,0.7312066763464932,0.0,False,True,False,False,True,False,0.0,7.734559047877166,-5.026767808651746,7.734559047877166,92.83333333333333,1.1447794470408574,0.01356774792449185,False,1.2694421076352926,False,0.01215277777777779,False,False,0.007179738881194597,0.01215277777777779,False,False,0.04535206859587757,0.9638266853650362,True,False,0.086951426644335,0.39447989346656587,True,False,-0.6110213528755107,False,False,forward_only_adequate
548,sequential_evalue,martingale_evalue,True,ok,6.841659447659886,3.112317313282831,12.364444080760045,2.099965542388346,34.52932495403403,1.0,0.5432661731285099,,,1.0,0.5432661731285099,-1.1858198755896332,0.6101558892284438,2217,24,"[457, 451, 461, 466, 382]","[5, 5, 5, 5, 4]",False,False,False,False,False,0.007071067811865475,0.006958783619149474,24,24,24,0,0.0,{},0.7777451947869399,0.7263376490088582,0.0,False,True,False,False,True,False,0.0,12.364444080760045,2.099965542388346,12.364444080760045,92.375,1.1546986299333923,0.01951675785092888,False,1.2825332058853138,False,0.02430555555555558,False,False,0.04323745428289692,0.02430555555555558,False,False,1.9528684176395679,0.050835188869963265,True,False,0.16297112481704518,0.07541674264829243,True,False,-0.9055068894447046,False,False,forward_only_adequate
549,sequential_evalue,martingale_evalue,True,ok,0.5646970374093101,4.523323892939212,8.896648402139151,-6.265095312399462,33.928694971015574,1.0,1.0,,,1.0,1.0,-0.9441679156726854,-0.6107636878838921,2214,24,"[457, 473, 468, 462, 354]","[5, 5, 5, 5, 4]",False,False,False,False,False,0.007071067811865475,0.00690855997500066,24,24,24,0,0.0,{},0.7758053835569414,0.687486660150729,0.0,False,True,False,False,True,False,0.0,8.896648402139151,-6.265095312399462,8.896648402139151,92.25,1.1256616728357043,0.013021439310088301,False,1.2320927736930858,False,0.020486111111111094,False,False,0.00258295647963545,0.020486111111111094,False,False,-0.9055288658748706,0.3651852745951315,True,False,0.12437937745736495,0.21033102873778545,True,False,-0.6063531843490066,False,False,forward_only_adequate
550,sequential_evalue,martingale_evalue,True,ok,3.4985433620896487,2.4334678211873055,8.030880008482683,-0.2628177459524563,33.91040220737482,1.0,1.0,,,1.0,1.0,-1.1778770400921603,-0.5854455334590907,2238,24,"[477, 463, 467, 454, 377]","[5, 5, 5, 5, 4]",False,False,False,False,False,0.007071067811865475,0.006952456150551724,24,24,24,0,0.0,{},0.7871186268262451,0.7274886399245482,0.0,False,True,False,False,True,False,0.0,8.030880008482683,-0.2628177459524563,8.030880008482683,93.25,1.138323296191277,0.01640487596621089,False,1.29607159987342,False,0.018402777777777768,False,False,0.02007540183588037,0.018402777777777768,False,False,2.151350756665542,0.03144852484558788,True,False,0.1820992030533017,0.07183440778272035,True,False,1.2752825445422125,False,False,forward_only_adequate
551,sequential_evalue,martingale_evalue,True,ok,4.4731085890657845,3.4387920137705272,10.465292912532277,-1.7374778422445676,34.15009952231872,1.0,1.0,,,1.0,1.0,-1.2178149248282253,-0.5860237531578993,2219,24,"[479, 461, 443, 462, 374]","[5, 5, 5, 5, 4]",False,False,False,False,False,0.007071067811865475,0.006945185465983384,24,24,24,0,0.0,{},0.7793962168169007,0.6982917973572956,0.0,False,True,False,False,True,False,0.0,10.465292912532277,-1.7374778422445676,10.465292912532277,92.45833333333333,1.1402992954846918,0.03849416625198405,False,1.2964979649707904,False,0.007291666666666696,False,False,0.026657726001294006,0.007291666666666696,False,False,1.902272545193273,0.05713553300693266,True,False,0.2990888048553617,0.0030410131846506307,True,False,2.101658878515426,False,False,forward_only_adequate
552,sequential_evalue,martingale_evalue,True,ok,0.041315124978984485,4.573651587260582,7.8113569652134105,-7.029852327361616,33.47808617127377,0.9919925799593079,1.0,,,0.9919925799593079,1.0,0.008039651604968612,-0.7311903433570837,2208,24,"[469, 447, 467, 447, 378]","[5, 5, 5, 5, 4]",False,False,False,False,False,0.007071067811865475,0.0069766235254755315,24,24,24,0,0.0,{},0.7770769667745894,0.7099763214261671,0.0,False,True,False,False,True,False,0.0,7.8113569652134105,-7.029852327361616,7.8113569652134105,92.0,1.1201336110340758,0.03790245287673921,False,1.2823802311779626,False,0.02604166666666663,False,False,0.00015153125358410068,0.02604166666666663,False,False,-1.1379785141679308,0.25512945419164623,True,False,0.13551641899904568,0.1615107400736131,True,False,0.6101372175792569,False,False,forward_only_adequate
553,sequential_evalue,martingale_evalue,True,ok,-1.9933195935756223,3.9303238375722764,4.658588030611723,-8.581513468277961,33.870619001043515,1.0,1.0,,,1.0,1.0,-0.4697444047955832,-0.41308922409408794,2222,24,"[462, 462, 459, 459, 380]","[5, 5, 5, 5, 4]",False,False,False,False,False,0.007071067811865475,0.006997410501388376,24,24,24,0,0.0,{},0.7794959878747093,0.7093882694011122,0.0,False,True,False,False,True,False,0.0,4.658588030611723,-8.581513468277961,4.658588030611723,92.58333333333333,1.1402416402531672,0.0018358693339176658,False,1.2795798265652232,False,0.051736111111111094,False,False,0.010497513887627341,0.051736111111111094,False,False,-0.6997266229595098,0.4840980468928415,True,False,0.09925956665163264,0.07154816102094716,True,False,-1.499554043758276,False,False,forward_only_adequate
554,sequential_evalue,martingale_evalue,True,ok,0.9460642869637637,3.1343646141009582,6.426781662583853,-3.777162687317439,32.93158949733773,1.0,1.0,,,1.0,1.0,-0.922491161556642,-0.81974964339552,2195,24,"[466, 466, 453, 450, 360]","[5, 5, 5, 5, 4]",False,False,False,False,False,0.007071067811865475,0.00700055302704631,24,24,24,0,0.0,{},0.7688657950237126,0.7155995569558368,0.0,False,True,False,False,True,False,0.0,6.426781662583853,-3.777162687317439,6.426781662583853,91.45833333333333,1.1023682301252413,0.011445139770158912,False,1.2729697370993993,False,0.02430555555555547,False,False,0.0046980020257927895,0.02430555555555547,False,False,-1.0855420728997611,0.27768164000124573,True,False,0.18035549600260747,0.014671679524165352,True,False,-1.5184728329257757,False,False,forward_only_adequate
555,sequential_evalue,martingale_evalue,True,ok,-0.2593517400204491,3.1590557703375204,4.838845277085033,-5.6236267806031455,33.80112071587605,1.0,1.0,,,1.0,1.0,-1.0052375079057452,-1.0243624738892168,2228,24,"[469, 457, 480, 454, 368]","[5, 5, 5, 5, 4]",False,False,False,False,False,0.007071067811865475,0.006999947601806155,24,24,24,0,0.0,{},0.7809033624198589,0.6894711728935256,0.0,False,True,False,False,True,False,0.0,4.838845277085033,-5.6236267806031455,4.838845277085033,92.83333333333333,1.1398504260652054,0.009749559025825362,False,1.300151015819349,False,0.01840277777777788,False,False,0.0010822024793553631,0.01840277777777788,False,False,1.0005636900882773,0.31703779175013513,True,False,0.1222008735288929,0.3803265180758858,True,False,-0.16879467347472568,False,False,forward_only_adequate
556,sequential_evalue,martingale_evalue,True,ok,2.8977993343507857,3.804252258568045,9.507513981676748,-3.6399616386643694,32.900991670276284,1.0,1.0,,,1.0,1.0,-0.9747585614450829,-0.32077087144934024,2252,24,"[471, 459, 465, 474, 383]","[5, 5, 5, 5, 4]",False,False,False,False,False,0.007071067811865475,0.006996834146715798,24,24,24,0,0.0,{},0.7874103722463768,0.7453540899673895,0.0,False,True,False,False,True,False,0.0,9.507513981676748,-3.6399616386643694,9.507513981676748,93.83333333333333,1.1149596335720777,0.009792081620934775,False,1.218535939681441,False,0.024652777777777746,False,False,0.0165398793637629,0.024652777777777746,False,False,-1.2497046274901196,0.21140746629115625,True,False,0.200249172795645,0.030683987087877396,True,False,0.37608339403051366,False,False,forward_only_adequate
557,sequential_evalue,martingale_evalue,True,ok,3.1891937906744663,4.812598152392364,11.81169049477618,-4.549329010974443,33.86533309890234,1.0,1.0,,,1.0,1.0,-1.018582888313647,-0.17523705863440425,2237,24,"[484, 467, 461, 462, 363]","[5, 5, 5, 5, 4]",False,False,False,False,False,0.007071067811865475,0.006984778865899937,24,24,24,0,0.0,{},0.7863235252466751,0.6959241295728342,0.0,False,True,False,False,True,False,0.0,11.81169049477618,-4.549329010974443,11.81169049477618,93.20833333333333,1.1418403564508481,0.0035287557360972302,False,1.2838005836171666,False,0.01388888888888895,False,False,0.017972582576977213,0.01388888888888895,False,False,-0.7738732168502473,0.4390057694906345,True,False,0.23385739954606818,0.015350318689070627,True,False,0.9965930673659801,False,False,forward_only_adequate
558,sequential_evalue,martingale_evalue,True,ok,-1.2033570552409663,2.6063333164911877,3.3919105402043614,-5.763547055515162,33.49788799102969,1.0,1.0,,,1.0,1.0,-0.8903839220083358,-1.057420611543423,2215,24,"[479, 456, 444, 466, 370]","[5, 5, 5, 5, 4]",False,False,False,False,False,0.007071067811865475,0.0069869490778600146,24,24,24,0,0.0,{},0.7774772694365004,0.6898553471000706,0.0,False,True,False,False,True,False,0.0,3.391910540204362,-5.763547055515162,3.391910540204362,92.29166666666667,1.1242328025600372,0.02650891263748383,False,1.2382200351657653,False,0.0215277777777777,False,False,0.006021307336229782,0.0215277777777777,False,False,-0.681391823249698,0.49562359536118605,True,False,0.08374159978298784,0.4640965040248659,True,False,-1.5409412245598133,False,False,forward_only_adequate
559,sequential_evalue,martingale_evalue,True,ok,-3.015628006011568,4.489101125081749,4.017391841935606,-10.550718462930485,34.082229715095295,0.32861452653198164,1.0,,,0.32861452653198164,1.0,1.1128698670159096,-0.9487965707877559,2245,24,"[471, 467, 456, 467, 384]","[5, 5, 5, 5, 4]",False,False,False,False,False,0.007071067811865475,0.006915142718353863,24,24,24,0,0.0,{},0.7871393824445724,0.7150407179211816,0.0,False,True,False,False,True,False,0.0,4.017391841935606,-10.550718462930485,4.017391841935606,93.54166666666667,1.1397292736636493,0.0014843724131505445,False,1.297701946218569,False,0.029166666666666674,False,False,0.016884480432859436,0.029166666666666674,False,False,-0.06795839823156896,0.9458187510870063,True,False,0.1345932924898411,0.08892607874350192,True,False,-0.9070404046234646,False,False,forward_only_adequate
560,sequential_evalue,martingale_evalue,True,ok,-3.066842271088229,3.9915193967942,3.6923984154277076,-10.423027579898918,33.42377958732218,1.0,1.0,,,1.0,1.0,-0.44425873716194775,-0.23105118706856465,2250,24,"[474, 475, 456, 469, 376]","[5, 5, 5, 5, 4]",False,False,False,False,False,0.007071067811865475,0.007030055709794738,24,24,24,0,0.0,{},0.7926382369897451,0.7091363334983798,0.0,False,True,False,False,True,False,0.0,3.6923984154277076,-10.423027579898918,3.6923984154277076,93.75,1.1375486197910665,0.0134522264943498,False,1.2782527820266025,False,0.014583333333333393,False,False,0.017253783340843435,0.014583333333333393,False,False,0.20440924237473498,0.8380337082928755,True,False,0.2238522286405405,0.10046992713854341,True,False,0.1624792966868488,False,False,forward_only_adequate
561,sequential_evalue,martingale_evalue,True,ok,-9.761707268912163,2.9488434796386978,-4.835600819480941,-14.732160842687263,33.02749813240516,0.41439000044429836,1.0,,,0.41439000044429836,1.0,0.8809477185299845,-1.4068501530218345,2232,24,"[463, 475, 456, 475, 363]","[5, 5, 5, 5, 4]",False,False,False,False,False,0.007071067811865475,0.007007914818231385,24,24,24,0,0.0,{},0.7815510131428419,0.7163088986326819,0.0,False,True,False,False,True,False,0.0,-4.835600819480941,-14.732160842687263,-4.835600819480941,93.0,1.1160302584363015,0.028378047848978134,False,1.3745867424954816,False,0.017708333333333326,False,False,0.06856096257053537,0.017708333333333326,False,False,-1.6565028422038437,0.09762002995875788,True,False,0.227622968884267,0.009468725267497766,True,False,-2.495421767953807,False,False,forward_only_adequate
562,sequential_evalue,martingale_evalue,True,ok,-4.19037282400596,4.045023311880222,1.5133355682734777,-12.282104776741084,33.70194522740199,1.0,1.0,,,1.0,1.0,-0.5623707441605266,-1.2562204742952492,2228,24,"[455, 450, 472, 463, 388]","[5, 5, 5, 5, 4]",False,False,False,False,False,0.007071067811865475,0.006970620963707583,24,24,24,0,0.0,{},0.7913910630367557,0.6925066554465058,0.0,False,True,False,False,True,False,0.0,1.5133355682734777,-12.282104776741084,1.5133355682734777,92.83333333333333,1.131744553772729,0.010183602670373233,False,1.3043739829468308,False,0.021180555555555647,False,False,0.024922446987059633,0.021180555555555647,False,False,0.04631275806556647,0.9630609707552796,True,False,0.041503384357147004,0.32243990228575675,True,False,-0.7241444195606537,False,False,forward_only_adequate
563,sequential_evalue,martingale_evalue,True,ok,3.0265013789149613,3.7953832720395084,9.51435618378963,-3.206167485928944,33.26438793313721,1.0,1.0,,,1.0,1.0,-0.9380716288857878,-0.3855361448445469,2245,24,"[473, 464, 455, 469, 384]","[5, 5, 5, 5, 4]",False,False,False,False,False,0.007071067811865475,0.00691549477982315,24,24,24,0,0.0,{},0.7980667637244767,0.7138630774558578,0.0,False,True,False,False,True,False,0.0,9.51435618378963,-3.206167485928944,9.51435618378963,93.54166666666667,1.1124368093958918,0.008465728285561585,False,1.3000378655032938,False,0.021527777777777812,False,False,0.01743556531485067,0.021527777777777812,False,False,-0.4471813616270184,0.6547441176180225,True,False,0.12899239379083488,0.34028861739317,True,False,-0.13095913025601866,False,False,forward_only_adequate
564,sequential_evalue,martingale_evalue,True,ok,-2.6310184594044506,3.804709907392352,3.3969058477564174,-8.875521153281365,33.341245862889586,0.990479352104629,1.0,,,0.990479352104629,1.0,0.009566258992533272,-0.9957130554499838,2239,24,"[465, 465, 463, 475, 371]","[5, 5, 5, 5, 4]",False,False,False,False,False,0.007071067811865475,0.00699378725804921,24,24,24,0,0.0,{},0.7859469878960963,0.7083001345188992,0.0,False,True,False,False,True,False,0.0,3.396905847756417,-8.875521153281365,3.396905847756417,93.29166666666667,1.1261225935075028,0.006255400314011973,False,1.3212596495035103,False,0.03645833333333337,False,False,0.014631007804390701,0.03645833333333337,False,False,-0.3243710670102147,0.7456571217460586,True,False,0.14328618078484187,0.09126883894391045,True,False,0.3132959927930223,False,False,forward_only_adequate
565,sequential_evalue,martingale_evalue,True,ok,5.007226771292468,3.767487115724331,14.067389027778777,-0.34666515263928677,32.70149135050957,1.0,1.0,,,1.0,1.0,-1.061329769154423,-0.2087949731965303,2230,24,"[466, 475, 455, 479, 355]","[5, 5, 5, 5, 4]",False,False,False,False,False,0.007071067811865475,0.007053311109429421,24,24,24,0,0.0,{},0.7797505904796203,0.6972351167577878,0.0,False,True,False,False,True,False,0.0,14.067389027778779,-0.34666515263928677,14.067389027778779,92.91666666666667,1.1116739127603916,0.03798169716866026,False,1.2879636507707066,False,0.022222222222222143,False,False,0.031330282489361955,0.022222222222222143,False,False,0.43372500589741053,0.6644881457897649,True,False,0.14196753394436046,0.24538201681183408,True,False,1.0160022804289062,False,False,forward_only_adequate
566,sequential_evalue,martingale_evalue,True,ok,-3.5933105762416413,3.395109970524181,2.5902746066028173,-8.879347024723874,33.92206946020325,1.0,1.0,,,1.0,1.0,-0.6521247692326104,-1.1696927171415437,2191,24,"[448, 461, 439, 479, 364]","[5, 5, 5, 5, 4]",False,False,False,False,False,0.007071067811865475,0.00695404875230794,24,24,24,0,0.0,{},0.7615800855760309,0.6875599579291647,0.0,False,True,False,False,True,False,0.0,2.5902746066028173,-8.879347024723874,2.5902746066028173,91.29166666666667,1.1269525806277507,0.04992109101360082,False,1.2343420908454965,False,0.02256944444444442,False,False,0.020949203927376404,0.02256944444444442,False,False,-0.245795782977446,0.8058403216372876,True,False,0.050531446104293415,0.5088347577705177,True,False,1.7278786302164253,False,False,forward_only_adequate
567,sequential_evalue,martingale_evalue,True,ok,0.06862608146616966,2.564871272544107,4.468691663710406,-4.513758533178581,33.38976479740948,1.0,1.0,,,1.0,1.0,-0.8897971069893738,-0.7423864171558627,2226,24,"[460, 466, 463, 466, 371]","[5, 5, 5, 5, 4]",False,False,False,False,False,0.007071067811865475,0.007016723495828164,24,24,24,0,0.0,{},0.7808395180350738,0.7069680408849499,0.0,False,True,False,False,True,False,0.0,4.468691663710406,-4.513758533178581,4.468691663710406,92.75,1.1281703617870993,0.0244494862621637,False,1.2457209238515325,False,0.030902777777777724,False,False,0.00025912883961040525,0.030902777777777724,False,False,-1.27205992350907,0.2033518290573576,True,False,0.1660330253571479,0.034046828826609705,True,False,1.1531652057112385,False,False,forward_only_adequate
568,sequential_evalue,martingale_evalue,True,ok,2.6711124842305307,2.496983314949332,6.45336784037743,-2.1221238801887696,33.86141076721825,1.0,1.0,,,1.0,1.0,-1.030602388194617,-0.743760184647122,2242,24,"[457, 466, 465, 484, 370]","[5, 5, 5, 5, 4]",False,False,False,False,False,0.007071067811865475,0.007040762536624488,24,24,24,0,0.0,{},0.7905005766214939,0.7181234322392301,0.0,False,True,False,False,True,False,0.0,6.453367840377429,-2.1221238801887696,6.453367840377429,93.41666666666667,1.1521444520495527,0.021291485473236775,False,1.2547365115649733,False,0.030208333333333393,False,False,0.014501772995016139,0.030208333333333393,False,False,1.2253198933824108,0.22045471590138377,True,False,0.13132865202681746,0.14380196436104783,True,False,0.18351193439089952,False,False,forward_only_adequate
569,sequential_evalue,martingale_evalue,True,ok,-1.4280412789501316,3.350741982129589,4.634707676330882,-6.95384643559956,34.642547053066345,1.0,1.0,,,1.0,1.0,-0.7571854408079688,-0.8791061703692653,2210,24,"[446, 471, 455, 462, 376]","[5, 5, 5, 5, 4]",False,False,False,False,False,0.007071067811865475,0.0069713572893751255,24,24,24,0,0.0,{},0.7785910715406539,0.7064359351898143,0.0,False,True,False,False,True,False,0.0,4.634707676330882,-6.953846435599561,4.634707676330882,92.08333333333333,1.1587444771156097,0.000377909587585313,False,1.2728126364964496,False,0.01909722222222221,False,False,0.007059105764512644,0.01909722222222221,False,False,-0.6318239177029452,0.5275019429810701,True,False,0.13170136066355398,0.4750337531257649,True,False,0.14829705172017632,False,False,forward_only_adequate
570,sequential_evalue,martingale_evalue,True,ok,1.8663703363235846,3.2240448082131814,7.712747080245744,-3.268499323296389,32.57485263627377,1.0,1.0,,,1.0,1.0,-1.015023592280955,-0.6139112140030943,2247,24,"[463, 471, 472, 460, 381]","[5, 5, 5, 5, 4]",False,False,False,False,False,0.007071067811865475,0.0069751485004662,24,24,24,0,0.0,{},0.7865389014878938,0.6791951946102428,0.0,False,True,False,False,True,False,0.0,7.712747080245744,-3.268499323296389,7.712747080245744,93.625,1.0992635750956192,0.02189537720906285,False,1.282905933439042,False,0.019791666666666652,False,False,0.01015381261215059,0.019791666666666652,False,False,0.7616920459826665,0.44624382368657756,True,False,0.12025077663056798,0.11175616650199334,True,False,0.6472774546848953,False,False,forward_only_adequate
571,sequential_evalue,martingale_evalue,True,ok,2.165676643629063,3.1840843326953427,7.369790099987508,-3.547766294355591,33.896468948880745,1.0,1.0,,,1.0,1.0,-1.1257839530796476,-0.8882715350998562,2238,24,"[459, 462, 472, 463, 382]","[5, 5, 5, 5, 4]",False,False,False,False,False,0.007071067811865475,0.006994774562439949,24,24,24,0,0.0,{},0.7785593313994207,0.7040094101705248,0.0,False,True,False,False,True,False,0.0,7.369790099987508,-3.547766294355591,7.369790099987508,93.25,1.1447815091487716,0.013917120632064179,False,1.322196392651687,False,0.024652777777777746,False,False,0.011487560128467609,0.024652777777777746,False,False,1.7811878146014206,0.07488177364662041,True,False,0.21504356510724587,0.13082578364149108,True,False,1.1418573273374657,False,False,forward_only_adequate
572,sequential_evalue,martingale_evalue,True,ok,3.472507516714112,3.082247869381292,8.82647623517214,-1.9888226195118137,33.85595340725616,1.0,1.0,,,1.0,1.0,-0.8613421579969441,-0.4419645557399422,2196,24,"[459, 475, 460, 454, 348]","[5, 5, 5, 5, 4]",False,False,False,False,False,0.007071067811865475,0.007015138262577789,24,24,24,0,0.0,{},0.7728337877789955,0.6898462538670069,0.0,False,True,False,False,True,False,0.0,8.82647623517214,-1.988822619511814,8.82647623517214,91.5,1.1359306939060723,0.012193594816635187,False,1.2212573916576444,False,0.025347222222222188,False,False,0.019951038705024748,0.025347222222222188,False,False,0.12003588720472494,0.904454719596755,True,False,0.11018732616446296,0.1886094319479323,True,False,1.719912183060003,False,False,forward_only_adequate
573,sequential_evalue,martingale_evalue,True,ok,-3.4459347014340787,3.808608102240816,3.5501956066631215,-9.771286452955513,33.32649560135013,1.0,1.0,,,1.0,1.0,-0.3354761763845867,-1.1015110282473919,2224,24,"[456, 471, 475, 462, 360]","[5, 5, 5, 5, 4]",False,False,False,False,False,0.007071067811865475,0.006971003681929855,24,24,24,0,0.0,{},0.781952310528608,0.7321734622002988,0.0,False,True,False,False,True,False,0.0,3.5501956066631215,-9.771286452955513,3.5501956066631215,92.66666666666667,1.11819291327239,0.059160169703804937,False,1.2395044195140708,False,0.029166666666666563,False,False,0.020138070659792617,0.029166666666666563,False,False,1.205121000915523,0.22815659362075547,True,False,0.1437790548752542,0.31311193002618065,True,False,0.6527545942142925,False,False,forward_only_adequate
574,sequential_evalue,martingale_evalue,True,ok,0.6021436975275914,3.4827521796921217,7.281211839215029,-4.76556147566756,33.27037166153609,1.0,1.0,,,1.0,1.0,-0.970755420392909,-0.8780198822284204,2238,24,"[470, 458, 468, 477, 365]","[5, 5, 5, 5, 4]",False,False,False,False,False,0.007071067811865475,0.007001959619554241,24,24,24,0,0.0,{},0.7883159497092458,0.7086678145570281,0.0,False,True,False,False,True,False,0.0,7.281211839215029,-4.76556147566756,7.281211839215029,93.25,1.124790601450241,0.026284536998454813,False,1.2488067106306078,False,0.024652777777777746,False,False,0.0027759224059855938,0.024652777777777746,False,False,1.6552583047166043,0.09787211279952064,True,False,0.1693293774793285,0.20474736367661134,True,False,1.8757386858327263,False,False,forward_only_adequate
575,sequential_evalue,martingale_evalue,True,ok,-0.5390292149698127,2.6448496152800094,3.639112042455972,-5.4074437080071185,33.271576013876384,1.0,1.0,,,1.0,1.0,-0.5910398189876305,-0.693930993888296,2228,24,"[463, 460, 466, 471, 368]","[5, 5, 5, 5, 4]",False,False,False,False,False,0.007071067811865475,0.006966532298234449,24,24,24,0,0.0,{},0.7793438785217289,0.7121021585134835,0.0,False,True,False,False,True,False,0.0,3.639112042455972,-5.4074437080071185,3.639112042455972,92.83333333333333,1.116636975731208,0.0038857165998778713,False,1.2365733768282283,False,0.015277777777777724,False,False,0.0024752043480332753,0.015277777777777724,False,False,-0.1049622062059784,0.9164057980922575,True,False,0.1865171695085345,0.042903010953506224,True,False,-0.059069390362995376,False,False,forward_only_adequate
576,sequential_evalue,martingale_evalue,True,ok,-1.7625067577213933,4.500301510142374,6.734196655228979,-9.186776354690966,33.93149160354521,1.0,1.0,,,1.0,1.0,-0.4587563086838272,-1.0122699721299224,2228,24,"[458, 466, 473, 470, 361]","[5, 5, 5, 5, 4]",False,False,False,False,False,0.007071067811865475,0.0069779073467685455,24,24,24,0,0.0,{},0.7815105426758324,0.7045172462725124,0.0,False,True,False,False,True,False,0.0,6.73419665522898,-9.186776354690966,6.73419665522898,92.83333333333333,1.1406440164526273,0.017750961404382,False,1.2691311101022866,False,0.032638888888888884,False,False,0.009121566491153775,0.032638888888888884,False,False,-0.29910142544837365,0.7648626586925882,True,False,0.2359683839288859,0.12938095979405448,True,False,-0.6851769879535239,False,False,forward_only_adequate
577,sequential_evalue,martingale_evalue,True,ok,2.775980041398259,3.426584723812074,8.30351050850124,-3.0330488924969843,33.11245449439209,1.0,1.0,,,1.0,1.0,-0.9767421730531319,-0.2120132402157478,2211,24,"[452, 477, 464, 453, 365]","[5, 5, 5, 5, 4]",False,False,False,False,False,0.007071067811865475,0.007021838925443509,24,24,24,0,0.0,{},0.7720105045663455,0.7050866864341949,0.0,False,True,False,False,True,False,0.0,8.30351050850124,-3.0330488924969843,8.30351050850124,92.125,1.1158376014562938,0.00046786735138113687,False,1.2721189538439406,False,0.010069444444444464,False,False,0.01572718958277026,0.010069444444444464,False,False,-1.3420382941978877,0.17958357949172188,True,False,0.17416426805551752,0.06431884479337763,True,False,1.558329038948573,False,False,forward_only_adequate
578,sequential_evalue,martingale_evalue,True,ok,1.1961596585878318,3.0068612068571006,6.558995283464901,-3.496806018539851,33.99714831463934,1.0,1.0,,,1.0,1.0,-0.9984516181448231,-0.08056173570831915,2219,24,"[471, 459, 447, 468, 374]","[5, 5, 5, 5, 4]",False,False,False,False,False,0.007071067811865475,0.007089053862571936,24,24,24,0,0.0,{},0.7693007561080942,0.7098328577352055,0.0,False,True,False,False,True,False,0.0,6.5589952834649,-3.4968060185398513,6.5589952834649,92.45833333333333,1.1587074535036799,0.00614199121881299,False,1.3546246085126235,False,0.020486111111111094,False,False,0.005780837833419226,0.020486111111111094,False,False,-0.789545461259028,0.4297932700448148,True,False,0.08524315115543782,0.4035831695785669,True,False,-0.8228869294953084,False,False,forward_only_adequate
579,sequential_evalue,martingale_evalue,True,ok,-1.8414500232267301,3.416515631728047,3.859843338803125,-7.8014910691043395,33.901990925651354,1.0,1.0,,,1.0,1.0,-0.8745511037685625,-1.0914034377028818,2217,24,"[449, 459, 473, 453, 383]","[5, 5, 5, 5, 4]",False,False,False,False,False,0.007071067811865475,0.006952168321343009,24,24,24,0,0.0,{},0.7830599639214271,0.697569318029288,0.0,False,True,False,False,True,False,0.0,3.8598433388031252,-7.8014910691043395,3.8598433388031252,92.375,1.1326421301368785,0.012924323002581728,False,1.2988144232737497,False,0.018750000000000044,False,False,0.009664705596177369,0.018750000000000044,False,False,2.4158050985740496,0.015700462844823685,True,False,0.14727550342585885,0.07836392359999793,True,False,2.082634801903213,False,False,forward_only_adequate
580,sequential_evalue,martingale_evalue,True,ok,5.397779651981689,3.425323282063596,11.15764324020984,-0.2989889002412305,34.51916970260059,1.0,1.0,,,1.0,1.0,-1.2760837160958094,-0.5447648259196787,2225,24,"[450, 474, 465, 461, 375]","[5, 5, 5, 5, 4]",False,False,False,False,False,0.007071067811865475,0.0070001048565676354,24,24,24,0,0.0,{},0.7894468456463674,0.6962833668567492,0.0,False,True,False,False,True,False,0.0,11.157643240209842,-0.2989889002412305,11.157643240209842,92.70833333333333,1.1633068291430886,0.018087606122883532,False,1.3611205441361427,False,0.011805555555555514,False,False,0.03243942625188314,0.011805555555555514,False,False,-0.9244405135841834,0.35525700956171025,True,False,0.1787686501951833,0.24333190860696377,True,False,1.196235224953376,False,False,forward_only_adequate
581,sequential_evalue,martingale_evalue,True,ok,0.9939019227826998,3.6552162035917686,8.376906177818263,-4.6575989016262636,33.43759477779358,1.0,1.0,,,1.0,1.0,-0.9082985537588921,-0.622311787237464,2243,24,"[469, 456, 484, 470, 364]","[5, 5, 5, 5, 4]",False,False,False,False,False,0.007071067811865475,0.007024013887908259,24,24,24,0,0.0,{},0.7802145887706561,0.7084994675639668,0.0,False,True,False,False,True,False,0.0,8.376906177818263,-4.6575989016262636,8.376906177818263,93.45833333333333,1.135270655170662,0.023417392370277765,False,1.3347154661598974,False,0.028819444444444398,False,False,0.004804054049020123,0.028819444444444398,False,False,0.6827382452867157,0.4947722581852185,True,False,0.17634720746898852,0.2677580953951774,True,False,0.9537456950316764,False,False,forward_only_adequate
582,sequential_evalue,martingale_evalue,True,ok,3.5558374101575896,3.9302332610617787,9.655603855811624,-3.4672042673415224,34.259297168883975,1.0,1.0,,,1.0,1.0,-1.0165783348471635,-0.5134153175590612,2219,24,"[466, 465, 449, 471, 368]","[5, 5, 5, 5, 4]",False,False,False,False,False,0.007071067811865475,0.006990896458692325,24,24,24,0,0.0,{},0.7725684743408074,0.7013584237055351,0.0,False,True,False,False,True,False,0.0,9.655603855811624,-3.4672042673415224,9.655603855811624,92.45833333333333,1.151474576649368,0.02381370414398333,False,1.3266369957475868,False,0.017708333333333326,False,False,0.020186319877795775,0.017708333333333326,False,False,-0.12495763815006393,0.9005570872619437,True,False,0.12094261301641596,0.0488392636477233,True,False,0.31863150017115477,False,False,forward_only_adequate
583,sequential_evalue,martingale_evalue,True,ok,2.450533628528953,3.049757363129602,8.196590998724613,-2.0828183434884617,33.44114688759739,1.0,1.0,,,1.0,1.0,-1.1317503522243604,-0.8002174174107781,2226,24,"[456, 469, 447, 487, 367]","[5, 5, 5, 5, 4]",False,False,False,False,False,0.007071067811865475,0.006908460280071525,24,24,24,0,0.0,{},0.7725957933448101,0.6719001067201982,0.0,False,True,False,False,True,False,0.0,8.196590998724613,-2.0828183434884617,8.196590998724613,92.75,1.1124727760330317,0.045435251497781305,False,1.2929433866314106,False,0.014583333333333282,False,False,0.01367459106738567,0.014583333333333282,False,False,2.2040569630581848,0.027520338296820334,True,False,0.22111124748758398,0.022310195591662575,True,False,0.4774040109967702,False,False,forward_only_adequate
584,sequential_evalue,martingale_evalue,True,ok,-4.308972414979574,3.6798406322608246,2.173820287223288,-10.229524292323488,32.81954456282813,1.0,1.0,,,1.0,1.0,-0.34801123025806513,-1.017458502353458,2232,24,"[448, 458, 474, 473, 379]","[5, 5, 5, 5, 4]",False,False,False,False,False,0.007071067811865475,0.007028948617000486,24,24,24,0,0.0,{},0.7856620677211825,0.69978327247596,0.0,False,True,False,False,True,False,0.0,2.173820287223288,-10.229524292323488,2.173820287223288,93.0,1.112331912555714,0.012108342385138927,False,1.360307244641957,False,0.03125,False,False,0.02627041062627253,0.03125,False,False,-0.13515008046851074,0.8924932148818949,True,False,0.08635207585325272,0.3719890033924525,True,False,-1.6486619685817463,False,False,forward_only_adequate
585,sequential_evalue,martingale_evalue,True,ok,1.1222336320950526,3.606369919693564,6.79342777927474,-5.275054259198962,33.853709158925184,1.0,1.0,,,1.0,1.0,-0.9505185041722852,-0.7450494528965957,2204,24,"[439, 452, 466, 468, 379]","[5, 5, 5, 5, 4]",False,False,False,False,False,0.007071067811865475,0.0070304351229083595,24,24,24,0,0.0,{},0.7747674292138902,0.6975119076865045,0.0,False,True,False,False,True,False,0.0,6.79342777927474,-5.275054259198962,6.79342777927474,91.83333333333333,1.140403764593734,0.01792477877128671,False,1.2730774473310513,False,0.017013888888888884,False,False,0.005477833538422142,0.017013888888888884,False,False,0.29460836851408295,0.7682930686226855,True,False,0.09878403505515221,0.3981235491410681,True,False,0.5227509690462164,False,False,forward_only_adequate
586,sequential_evalue,martingale_evalue,True,ok,2.111303650767352,3.3990323841940815,7.630029009477454,-3.77267965262746,34.73132468994588,1.0,1.0,,,1.0,1.0,-1.082720149476427,-0.6521324127937012,2228,24,"[471, 466, 449, 466, 376]","[5, 5, 5, 5, 4]",False,False,False,False,False,0.007071067811865475,0.00700039569354825,24,24,24,0,0.0,{},0.7787065385805696,0.7093141714376352,0.0,False,True,False,False,True,False,0.0,7.630029009477454,-3.77267965262746,7.630029009477454,92.83333333333333,1.171293987002072,0.008253502354725557,False,1.265458643799499,False,0.017013888888888884,False,False,0.010870845072978664,0.017013888888888884,False,False,1.1110054875724598,0.26656598725098457,True,False,0.13327148371530395,0.2541604984551691,True,False,1.105628683865767,False,False,forward_only_adequate
587,sequential_evalue,martingale_evalue,True,ok,-6.8023840623746565,3.6917577514402287,-0.041634741690385724,-12.20796517947975,33.16971172678361,1.0,1.0,,,1.0,1.0,-0.04910241133628357,-1.3716356132934302,2251,24,"[459, 481, 454, 474, 383]","[5, 5, 5, 5, 4]",False,False,False,False,False,0.007071067811865475,0.007029068890116136,24,24,24,0,0.0,{},0.8011733677053877,0.7204898687426282,0.0,False,True,False,False,True,False,0.0,-0.041634741690385724,-12.20796517947975,-0.041634741690385724,93.79166666666667,1.1289939843620271,0.010450686927923423,False,1.3239985526280682,False,0.02673611111111107,False,False,0.04410018088382771,0.02673611111111107,False,False,-0.5108480962875857,0.6094574278603959,True,False,0.24992891753080404,0.117757018157976,True,False,-2.1106262808517062,False,False,forward_only_adequate
588,sequential_evalue,martingale_evalue,True,ok,0.3409128718935183,3.5024604330968856,6.140185721822329,-5.62837795860472,33.15142756901919,1.0,1.0,,,1.0,1.0,-0.9435361811450018,-0.76996306846158,2250,24,"[475, 484, 457, 484, 350]","[5, 5, 5, 5, 4]",False,False,False,False,False,0.007071067811865475,0.00691055723332118,24,24,24,0,0.0,{},0.7932383206961244,0.7124559605191161,0.0,False,True,False,False,True,False,0.0,6.14018572182233,-5.62837795860472,6.14018572182233,93.75,1.1091006133215162,0.011748519388826265,False,1.2983436864724194,False,0.03194444444444444,False,False,0.0015046886542269312,0.03194444444444444,False,False,0.7318193765298983,0.46427882073119753,True,False,0.1420861156293077,0.14320125148963664,True,False,0.4464376469376307,False,False,forward_only_adequate
589,sequential_evalue,martingale_evalue,True,ok,2.6472871490823278,2.579443486215791,7.475814375013696,-1.5038322794365997,33.741639925454884,1.0,1.0,,,1.0,1.0,-1.112925829471091,-0.642186961084074,2214,24,"[476, 447, 460, 466, 365]","[5, 5, 5, 5, 4]",False,False,False,False,False,0.007071067811865475,0.00692129776045124,24,24,24,0,0.0,{},0.7906631058654521,0.6497963494014228,0.0,False,True,False,False,True,False,0.0,7.475814375013695,-1.5038322794366,7.475814375013695,92.25,1.1215197131668813,0.011918745056943835,False,1.2929219851317182,False,0.019791666666666652,False,False,0.014804581142947899,0.019791666666666652,False,False,0.02778240335405749,0.9778357006349759,True,False,0.18818209041398487,0.037802057483115326,True,False,1.2454265377861786,False,False,forward_only_adequate
590,sequential_evalue,martingale_evalue,True,ok,-0.6444276624134803,3.7326462504056424,5.454908402409368,-7.488761768411568,33.145726909431204,1.0,1.0,,,1.0,1.0,-0.8447908360478515,-0.9683337686880329,2198,24,"[445, 462, 464, 456, 371]","[5, 5, 5, 5, 4]",False,False,False,False,False,0.007071067811865475,0.0069516316140873875,24,24,24,0,0.0,{},0.7728440850904483,0.7132965693164968,0.0,False,True,False,False,True,False,0.0,5.454908402409369,-7.488761768411568,5.454908402409369,91.58333333333333,1.1025353552222326,0.004101090290799966,False,1.276036084947299,False,0.028125000000000067,False,False,0.0030603681643098413,0.028125000000000067,False,False,-0.21287712844881415,0.8314228023572836,True,False,0.14133002563883584,0.11633607430881536,True,False,0.5447868408970895,False,False,forward_only_adequate
591,sequential_evalue,martingale_evalue,True,ok,1.1854823115738997,4.490312084850038,9.308617166476326,-5.89252357369436,33.11901702045659,1.0,1.0,,,1.0,1.0,-1.0209391045136333,-0.5794048873276146,2243,24,"[459, 471, 451, 469, 393]","[5, 5, 5, 5, 4]",False,False,False,False,False,0.007071067811865475,0.006991374010392664,24,24,24,0,0.0,{},0.7929672416577006,0.7075287245283906,0.0,False,True,False,False,True,False,0.0,9.308617166476326,-5.892523573694359,9.308617166476326,93.45833333333333,1.119229102775536,0.004894189858717496,False,1.2660561749515729,False,0.04583333333333339,False,False,0.005950498957085326,0.04583333333333339,False,False,1.8498389331638643,0.06433676757274025,True,False,0.18764997787194418,0.018868863463935792,True,False,0.9277686905144511,False,False,forward_only_adequate
592,sequential_evalue,martingale_evalue,True,ok,-6.260531575601636,3.660162075522018,-0.5327596699298827,-13.546187574999397,33.91542082315542,1.0,1.0,,,1.0,1.0,-0.10453163567663815,-1.1616252999780998,2220,24,"[469, 460, 473, 453, 365]","[5, 5, 5, 5, 4]",False,False,False,False,False,0.007071067811865475,0.006887513617751088,24,24,24,0,0.0,{},0.7799533604606378,0.6748862432025139,0.0,False,True,False,False,True,False,0.0,-0.5327596699298827,-13.546187574999399,-0.5327596699298827,92.5,1.1233123958982925,0.010628508949257067,False,1.2943982755384038,False,0.013541666666666674,False,False,0.04022955454307375,0.013541666666666674,False,False,-0.13536471702377903,0.8923235190652231,True,False,0.15856086168034994,0.06588596763986838,True,False,-0.7111044302136388,False,False,forward_only_adequate
593,sequential_evalue,martingale_evalue,True,ok,3.558993594466005,3.2707460658969314,9.11114960055263,-1.9831560438644602,34.55606312892533,1.0,1.0,,,1.0,1.0,-1.1033954070510754,-0.5472693498255254,2228,24,"[452, 462, 470, 471, 373]","[5, 5, 5, 5, 4]",False,False,False,False,False,0.007071067811865475,0.007031390588853387,24,24,24,0,0.0,{},0.7930567261374639,0.6675334663342393,0.0,False,True,False,False,True,False,0.0,9.11114960055263,-1.9831560438644604,9.11114960055263,92.83333333333333,1.170543233539217,0.003959301428112584,False,1.281368449743158,False,0.015277777777777724,False,False,0.019826336983604677,0.015277777777777724,False,False,-0.8631773298353528,0.38803997604240525,True,False,0.11800019598833779,0.2797422590744859,True,False,-0.22618682615229052,False,False,forward_only_adequate
594,sequential_evalue,martingale_evalue,True,ok,2.080033226568989,3.3805690487170024,7.459550493161306,-3.956602231153657,33.9105788536624,1.0,1.0,,,1.0,1.0,-0.9767176968881871,-0.7250474450601416,2241,24,"[476, 462, 468, 454, 381]","[5, 5, 5, 5, 4]",False,False,False,False,False,0.007071067811865475,0.006962238459443355,24,24,24,0,0.0,{},0.7925488661172233,0.683649363483691,0.0,False,True,False,False,True,False,0.0,7.459550493161306,-3.956602231153657,7.459550493161306,93.375,1.1406946613002302,0.026328352376152834,False,1.3071772345345476,False,0.027430555555555625,False,False,0.011015099339701165,0.027430555555555625,False,False,-0.04175971869652276,0.966690246805839,True,False,0.24942241094848314,0.0052673787626931505,True,False,-0.3855002415216845,False,False,forward_only_adequate
595,sequential_evalue,martingale_evalue,True,ok,4.686778096439855,3.0567511215456196,10.3841171595137,-0.18777756135891455,33.43156710413696,1.0,1.0,,,1.0,1.0,-0.9627451509608056,-0.32101778411969684,2233,24,"[460, 461, 461, 482, 369]","[5, 5, 5, 5, 4]",False,False,False,False,False,0.007071067811865475,0.00703927614237798,24,24,24,0,0.0,{},0.7872757544799105,0.7274028405022319,0.0,False,True,False,False,True,False,0.0,10.3841171595137,-0.18777756135891455,10.3841171595137,93.04166666666667,1.1349937813325666,0.0006125689449645955,False,1.2094953338025234,False,0.011111111111111183,False,False,0.028303295691854708,0.011111111111111183,False,False,-1.1564434383353437,0.2474998225450361,True,False,0.16061452144501145,0.056133237610474514,True,False,-0.570334561342476,False,False,forward_only_adequate
596,sequential_evalue,martingale_evalue,True,ok,-0.77867616096019,2.8531272285442864,3.695085510419445,-5.673174317066913,33.08314638869026,1.0,1.0,,,1.0,1.0,-0.8424005584989684,-1.0204965718223247,2231,24,"[472, 472, 460, 456, 371]","[5, 5, 5, 5, 4]",False,False,False,False,False,0.007071067811865475,0.007057151547028935,24,24,24,0,0.0,{},0.7804883992558485,0.723828956000697,0.0,False,True,False,False,True,False,0.0,3.6950855104194447,-5.673174317066913,3.6950855104194447,92.95833333333333,1.125512749508047,0.01122905127121678,False,1.2572119037406195,False,0.017013888888888884,False,False,0.0036922914269386545,0.017013888888888884,False,False,-0.596649867767954,0.5507411697320327,True,False,0.12499455023004198,0.055258546824759246,True,False,-0.41327108114552497,False,False,forward_only_adequate
597,sequential_evalue,martingale_evalue,True,ok,-4.344900623211399,3.0886813893966885,0.47369098184845004,-10.087141043775645,34.02489781598873,1.0,1.0,,,1.0,1.0,-0.4785146607057943,-1.2084051009142254,2237,24,"[452, 463, 479, 469, 374]","[5, 5, 5, 5, 4]",False,False,False,False,False,0.007071067811865475,0.006976511070450342,24,24,24,0,0.0,{},0.7870808466353238,0.7024249986735924,0.0,False,True,False,False,True,False,0.0,0.47369098184845004,-10.087141043775645,0.47369098184845004,93.20833333333333,1.1458624633106884,0.0148024870708807,False,1.2662465668538916,False,0.005555555555555536,False,False,0.025623442637696964,0.005555555555555536,False,False,0.6936912229569471,0.4878758714782975,True,False,0.19003749184820204,0.05411621562234912,True,False,0.3969557649643469,False,False,forward_only_adequate
598,sequential_evalue,martingale_evalue,True,ok,-1.316698663924303,3.738690880444577,4.7367029514003836,-8.46771899889115,35.32478625007633,1.0,1.0,,,1.0,1.0,-0.6338513995787799,-0.954257799864098,2224,24,"[468, 469, 449, 461, 377]","[5, 5, 5, 5, 4]",False,False,False,False,False,0.007071067811865475,0.007015379961535315,24,24,24,0,0.0,{},0.7751973185539249,0.7325401132160574,0.0,False,True,False,False,True,False,0.0,4.7367029514003836,-8.46771899889115,4.7367029514003836,92.66666666666667,1.1927859516907249,0.0004974794617530276,False,1.325131337495938,False,0.020486111111111094,False,False,0.006234069114057271,0.020486111111111094,False,False,-0.42832456462667506,0.6684148370085553,True,False,0.11587251282947406,0.02538608057887002,True,False,0.12342437575581047,False,False,forward_only_adequate
599,sequential_evalue,martingale_evalue,True,ok,-1.49739657932376,3.8075881216189282,5.167484363953967,-8.2713296254483,33.5000473410943,1.0,1.0,,,1.0,1.0,-0.6434461757978649,-1.0010552797603656,2214,24,"[470, 461, 448, 461, 374]","[5, 5, 5, 5, 4]",False,False,False,False,False,0.007071067811865475,0.006953926528813853,24,24,24,0,0.0,{},0.7724019234195818,0.6982987512751403,0.0,False,True,False,False,True,False,0.0,5.167484363953967,-8.2713296254483,5.167484363953967,92.25,1.1187388254496775,0.036454389604356256,False,1.3382317529744479,False,0.03402777777777777,False,False,0.007750149156625524,0.03402777777777777,False,False,-0.41235120329537023,0.6800820236856437,True,False,0.06319253459166281,0.2787452844261277,True,False,-0.18795171144974562,False,False,forward_only_adequate
600,sequential_evalue,martingale_evalue,True,ok,-1.4756608593699834,3.6260839532603035,4.3607099389279576,-8.005792132899376,32.49498793802923,0.6860022971486275,1.0,,,0.6860022971486275,1.0,0.3768743026486988,-0.8382277709461088,2208,24,"[452, 471, 463, 457, 365]","[5, 5, 5, 5, 4]",False,False,False,False,False,0.007071067811865475,0.007011537649745599,24,24,24,0,0.0,{},0.7651783498909625,0.6895053720401626,0.0,False,True,False,False,True,False,0.0,4.3607099389279576,-8.005792132899376,4.3607099389279576,92.0,1.0926814454810616,0.0014305789160727665,False,1.3166960541651336,False,0.039583333333333304,False,False,0.007829062553962807,0.039583333333333304,False,False,-0.47707472669402423,0.6333089107148638,True,False,0.08922309629777522,0.21675624738437294,True,False,-1.0129328026746103,False,False,forward_only_adequate
601,sequential_evalue,martingale_evalue,True,ok,-5.448169278497217,3.33909273895784,-0.23609884997628772,-12.050550320805446,34.36776225425706,1.0,1.0,,,1.0,1.0,-0.292942415265921,-1.3048592948167987,2220,24,"[470, 454, 453, 471, 372]","[5, 5, 5, 5, 4]",False,False,False,False,False,0.007071067811865475,0.006955999223685143,24,24,24,0,0.0,{},0.780204381066187,0.7148478556255247,0.0,False,True,False,False,True,False,0.0,-0.23609884997628772,-12.050550320805447,-0.23609884997628772,92.5,1.1496129595561768,0.016373424622943555,False,1.2990822647787066,False,0.028124999999999956,False,False,0.03325288045417132,0.028124999999999956,False,False,0.02412054029093131,0.9807564593052175,True,False,0.11927429971251288,0.22486042927264574,True,False,-0.7488049535692797,False,False,forward_only_adequate
602,sequential_evalue,martingale_evalue,True,ok,1.4048843901975563,3.134858641257501,6.6153927220855415,-4.048056210616464,33.75396883146531,1.0,1.0,,,1.0,1.0,-1.055781072813931,-0.8538287128685742,2224,24,"[459, 466, 470, 462, 367]","[5, 5, 5, 5, 4]",False,False,False,False,False,0.007071067811865475,0.006988719671173113,24,24,24,0,0.0,{},0.7869568152825672,0.6955910345276353,0.0,False,True,False,False,True,False,0.0,6.6153927220855415,-4.048056210616464,6.6153927220855415,92.66666666666667,1.1354139885674475,0.007846382231483399,False,1.309978577598355,False,0.03125,False,False,0.007091016603348821,0.03125,False,False,0.243763318279915,0.8074141312178648,True,False,0.27551892555500246,0.06734939724090441,True,False,-1.380200373454455,False,False,forward_only_adequate
603,sequential_evalue,martingale_evalue,True,ok,4.684046513001127,3.9257926671694556,11.518650917926369,-2.7575118713787052,34.633618059296616,1.0,1.0,,,1.0,1.0,-1.1767059794526622,-0.4419465367850135,2217,24,"[454, 444, 475, 464, 380]","[5, 5, 5, 5, 4]",False,False,False,False,False,0.007071067811865475,0.006999429125338052,24,24,24,0,0.0,{},0.7902167961785145,0.6791495916723669,0.0,False,True,False,False,True,False,0.0,11.51865091792637,-2.7575118713787052,11.51865091792637,92.375,1.1649511477257068,0.023459819148119853,False,1.292485166187724,False,0.025694444444444464,False,False,0.02743674699862324,0.025694444444444464,False,False,1.8385220903640311,0.06598550979707764,True,False,0.1556991583276786,0.04581300590609625,True,False,2.553704010319254,False,False,forward_only_adequate
604,sequential_evalue,martingale_evalue,True,ok,3.689829277769713,3.23302966685783,8.258411145283914,-4.570821073183719,34.130753012154166,1.0,1.0,,,1.0,1.0,-1.1919953559577867,-0.6088881736047653,2204,24,"[456, 459, 456, 458, 375]","[5, 5, 5, 5, 4]",False,False,False,False,False,0.007071067811865475,0.006954669861276881,24,24,24,0,0.0,{},0.7697665244059124,0.7076617128392079,0.0,False,True,False,False,True,False,0.0,8.258411145283914,-4.570821073183719,8.258411145283914,91.83333333333333,1.1373459027735329,0.013781814587523365,False,1.2821069964656282,False,0.030555555555555558,False,False,0.02137439315691699,0.030555555555555558,False,False,1.549302606866401,0.12130899339847885,True,False,0.20405583101447086,0.009092953453734603,True,False,1.514487163890473,False,False,forward_only_adequate
605,sequential_evalue,martingale_evalue,True,ok,2.310520429302308,3.719965940829811,9.210306701576172,-3.7179070049287137,34.430263812206775,1.0,1.0,,,1.0,1.0,-0.6866146180406666,-0.565792449987101,2238,24,"[482, 483, 469, 445, 359]","[5, 5, 5, 5, 4]",False,False,False,False,False,0.007071067811865475,0.006917273918923103,24,24,24,0,0.0,{},0.7805043328218084,0.7159582300685531,0.0,False,True,False,False,True,False,0.0,9.210306701576172,-3.7179070049287137,9.210306701576172,93.25,1.1499256165012712,0.04251416744869527,False,1.2963612763907764,False,0.016666666666666607,False,False,0.012307064269445436,0.016666666666666607,False,False,-0.49589296330442756,0.6199699310505968,True,False,0.113974143228871,0.4223959692484704,True,False,-1.0180555108538822,False,False,forward_only_adequate
606,sequential_evalue,martingale_evalue,True,ok,1.9720003651022318,3.810418022465979,9.976175190632448,-3.8452653499226566,33.50107521424918,1.0,1.0,,,1.0,1.0,-0.9564906842894468,-0.6870492726314523,2235,24,"[468, 475, 467, 455, 370]","[5, 5, 5, 5, 4]",False,False,False,False,False,0.007071067811865475,0.00703584535786172,24,24,24,0,0.0,{},0.7829928015706126,0.7223730968656608,0.0,False,True,False,False,True,False,0.0,9.976175190632448,-3.845265349922657,9.976175190632448,93.125,1.137308221339708,0.008022368639159191,False,1.2934765909836843,False,0.020486111111111205,False,False,0.01040010281930583,0.020486111111111205,False,False,1.6878136622218698,0.09144700414245323,True,False,0.16256904991187465,0.07701440713109635,True,False,-0.08164071649507376,False,False,forward_only_adequate
607,sequential_evalue,martingale_evalue,True,ok,-3.4252743685831253,3.173966091398758,3.1497349434427027,-7.986730652831678,34.01907475802913,1.0,1.0,,,1.0,1.0,-0.548311255518825,-0.9131744422407332,2223,24,"[471, 473, 442, 459, 378]","[5, 5, 5, 5, 4]",False,False,False,False,False,0.007071067811865475,0.007025080009724033,24,24,24,0,0.0,{},0.7918849913878965,0.6463318956476691,0.0,False,True,False,False,True,False,0.0,3.1497349434427027,-7.986730652831678,3.1497349434427027,92.625,1.1500266043241933,0.02593253227718325,False,1.3258403537337977,False,0.022916666666666696,False,False,0.019358874802113516,0.022916666666666696,False,False,0.1296612586997708,0.8968344348263741,True,False,0.15750763030392284,0.02779835716594326,True,False,1.1614363339202955,False,False,forward_only_adequate
608,sequential_evalue,martingale_evalue,True,ok,0.026614085154919326,3.247936779726096,6.080905837258355,-4.955641235108887,32.85768909938106,1.0,1.0,,,1.0,1.0,-0.9237493793078004,-0.9644738396841905,2230,24,"[463, 470, 465, 466, 366]","[5, 5, 5, 5, 4]",False,False,False,False,False,0.007071067811865475,0.007039575211079003,24,24,24,0,0.0,{},0.7848733567125805,0.7128290380063252,0.0,False,True,False,False,True,False,0.0,6.080905837258354,-4.955641235108887,6.080905837258354,92.91666666666667,1.1148085331498918,0.014763693819608159,False,1.297717361257223,False,0.023611111111111138,False,False,9.522661332721283e-05,0.023611111111111138,False,False,-0.6501874221922433,0.5155711646110717,True,False,0.19417530628423416,0.028177565156841753,True,False,0.38949255919639436,False,False,forward_only_adequate
609,sequential_evalue,martingale_evalue,True,ok,-1.027123538767702,4.05802636378369,6.079371389890511,-7.410083719848764,33.208037001734155,1.0,1.0,,,1.0,1.0,-0.6881331170603782,-0.8425156799735164,2256,24,"[458, 476, 477, 464, 381]","[5, 5, 5, 5, 4]",False,False,False,False,False,0.007071067811865475,0.006940120535385878,24,24,24,0,0.0,{},0.7922967732929718,0.732559894923824,0.0,False,True,False,False,True,False,0.0,6.079371389890511,-7.410083719848764,6.079371389890511,94.0,1.1172340126381435,0.03203781139741457,False,1.2785681173451744,False,0.04513888888888895,False,False,0.005074869776182984,0.04513888888888895,False,False,0.158775304077715,0.8738459064556189,True,False,0.13078854891154007,0.06589767574099087,True,False,-0.7185893351118523,False,False,forward_only_adequate
610,sequential_evalue,martingale_evalue,True,ok,-1.2427211741979098,4.124952711478077,6.660157365627575,-8.47207540327608,34.66603659530424,1.0,1.0,,,1.0,1.0,-0.6406354838472179,-0.4673963091413038,2242,24,"[461, 475, 463, 473, 370]","[5, 5, 5, 5, 4]",False,False,False,False,False,0.007071067811865475,0.006937930532013398,24,24,24,0,0.0,{},0.7896175699978405,0.7106069416868827,0.0,False,True,False,False,True,False,0.0,6.660157365627575,-8.47207540327608,6.660157365627575,93.41666666666667,1.1622948828933464,0.011304550900101436,False,1.2618128380853855,False,0.01215277777777779,False,False,0.006013803271313183,0.01215277777777779,False,False,0.21344345878457158,0.8309810861904827,True,False,0.10488786151137579,0.1936995689122726,True,False,0.741869042157392,False,False,forward_only_adequate
611,sequential_evalue,martingale_evalue,True,ok,4.512017514660818,3.9345337288035007,10.131667782374931,-3.273626422164943,34.07222593194158,1.0,1.0,,,1.0,1.0,-0.8606498173100199,-0.3818962257498807,2240,24,"[456, 462, 483, 464, 375]","[5, 5, 5, 5, 4]",False,False,False,False,False,0.007071067811865475,0.007026004579824239,24,24,24,0,0.0,{},0.7907671352635455,0.7328001394957728,0.0,False,True,False,False,True,False,0.0,10.131667782374931,-3.273626422164943,10.131667782374931,93.33333333333333,1.1563713630860066,0.02516185654857878,False,1.2463962869105172,False,0.02951388888888895,False,False,0.02649238274817234,0.02951388888888895,False,False,0.5578408705010045,0.5769530513017205,True,False,0.12732745393586176,0.37356786925896696,True,False,0.5833335813923516,False,False,forward_only_adequate
612,sequential_evalue,martingale_evalue,True,ok,-7.45456886105834,4.2287575003150275,-0.6030851274157047,-15.237213126291334,34.39887719234726,0.760600950215453,1.0,,,0.760600950215453,1.0,0.27364643419155454,-1.1884660335800574,2228,24,"[469, 465, 475, 459, 360]","[5, 5, 5, 5, 4]",False,False,False,False,False,0.007071067811865475,0.00695700592793247,24,24,24,0,0.0,{},0.7770085221845903,0.6780390751292718,0.0,False,True,False,False,True,False,0.0,-0.6030851274157047,-15.237213126291332,-0.6030851274157047,92.83333333333333,1.1528919777611042,0.0032521004622925883,False,1.2543815167322887,False,0.018750000000000044,False,False,0.04793294514551246,0.018750000000000044,False,False,-0.45239369960555537,0.6509853849793796,True,False,0.23178249987249175,0.025925477072574105,True,False,-0.8714844102830561,False,False,forward_only_adequate
613,sequential_evalue,martingale_evalue,True,ok,0.9836646214944542,3.6245396692063587,6.251750516289739,-5.896013212782064,33.97720457245537,1.0,1.0,,,1.0,1.0,-0.8003472807537242,-0.43956718977583487,2205,24,"[464, 464, 461, 448, 368]","[5, 5, 5, 5, 4]",False,False,False,False,False,0.007071067811865475,0.00696754404787584,24,24,24,0,0.0,{},0.7671752459046832,0.7122038089899845,0.0,False,True,False,False,True,False,0.0,6.251750516289739,-5.896013212782063,6.251750516289739,91.875,1.13458241563312,0.030585542337050516,False,1.297053660482841,False,0.018402777777777768,False,False,0.00475185379096218,0.018402777777777768,False,False,0.8757700133287427,0.3811550749085231,True,False,0.17094848040785682,0.1793131147349574,True,False,1.0572024807216238,False,False,forward_only_adequate
614,sequential_evalue,martingale_evalue,True,ok,8.707937371841565,3.369068869740626,14.615162031882033,2.579896971652161,34.05238544042955,1.0,1.0,,,1.0,1.0,-1.4590657968610938,-0.16159108320430526,2184,24,"[462, 446, 451, 447, 378]","[5, 5, 5, 5, 4]",False,False,False,False,False,0.007071067811865475,0.006921871043362752,24,24,24,0,0.0,{},0.7688918622410271,0.7130714950459022,0.0,False,True,False,False,True,False,0.0,14.615162031882031,2.579896971652161,14.615162031882031,91.0,1.1242470198968604,0.019289058351168894,False,1.2108753593810595,False,0.024652777777777857,False,False,0.0593521252955246,0.024652777777777857,False,False,-0.6842425744857833,0.4938220022157698,True,False,0.31824473659134855,0.0023556188596482943,True,False,0.5040707442902678,False,False,forward_only_adequate
615,sequential_evalue,martingale_evalue,True,ok,1.830498310058605,3.151141597657545,6.9191173547763185,-3.869181437517054,32.599250775276836,1.0,1.0,,,1.0,1.0,-1.0120147302381723,-0.7965488380592336,2244,24,"[469, 461, 465, 476, 373]","[5, 5, 5, 5, 4]",False,False,False,False,False,0.007071067811865475,0.006988753313313578,24,24,24,0,0.0,{},0.7867015428350563,0.7384063876011792,0.0,False,True,False,False,True,False,0.0,6.9191173547763185,-3.8691814375170543,6.9191173547763185,93.5,1.101496546308474,0.0063729328225971115,False,1.31579169995557,False,0.01909722222222221,False,False,0.009908888091150267,0.01909722222222221,False,False,-0.9852413067097385,0.32450555518865143,True,False,0.14920812985937443,0.26164074706240437,True,False,0.5860779029992479,False,False,forward_only_adequate
616,sequential_evalue,martingale_evalue,True,ok,2.7473925316050987,3.0691647300338927,8.630876078896408,-2.128781175555123,34.85740049154063,1.0,1.0,,,1.0,1.0,-1.0836567605964726,-0.6244671508721651,2226,24,"[473, 460, 460, 469, 364]","[5, 5, 5, 5, 4]",False,False,False,False,False,0.007071067811865475,0.006918030613860951,24,24,24,0,0.0,{},0.784969701576843,0.7034858827489598,0.0,False,True,False,False,True,False,0.0,8.630876078896408,-2.128781175555123,8.630876078896408,92.75,1.1611930806007287,0.017927174384020767,False,1.3093555029074746,False,0.025000000000000022,False,False,0.01484469333283696,0.025000000000000022,False,False,0.08562677436635995,0.9317631137553857,True,False,0.14094559898189202,0.15392339095616758,True,False,-1.0068532200402418,False,False,forward_only_adequate
617,sequential_evalue,martingale_evalue,True,ok,8.232894706740892,3.7655770114038916,14.957660978352392,1.8862117794187538,34.547790047084305,1.0,0.9553055850306102,,,1.0,0.9553055850306102,-1.4581990848138595,0.04572400536022625,2231,24,"[456, 472, 459, 479, 365]","[5, 5, 5, 5, 4]",False,False,False,False,False,0.007071067811865475,0.006930533928680906,24,24,24,0,0.0,{},0.7688942010757334,0.710053271023421,0.0,False,True,False,False,True,False,0.0,14.957660978352392,1.8862117794187538,14.957660978352392,92.95833333333333,1.154253324911753,0.01147183018421015,False,1.2628624534007746,False,0.016319444444444442,False,False,0.05383041707578107,0.016319444444444442,False,False,-0.7625319431412123,0.4457425858345623,True,False,0.11330216781859978,0.5688613775096277,True,False,0.6083283222743233,False,False,forward_only_adequate
618,sequential_evalue,martingale_evalue,True,ok,-1.0358260779753286,2.7622870653145384,4.26169238423531,-5.290363628433158,33.26511199673452,1.0,1.0,,,1.0,1.0,-0.7107730825839664,-0.9957262719550484,2242,24,"[476, 454, 481, 468, 363]","[5, 5, 5, 5, 4]",False,False,False,False,False,0.007071067811865475,0.006997800489086899,24,24,24,0,0.0,{},0.7926603585832797,0.702202370242977,0.0,False,True,False,False,True,False,0.0,4.26169238423531,-5.290363628433158,4.26169238423531,93.41666666666667,1.1249487408468148,0.009888599832977,False,1.2514977906301976,False,0.036805555555555536,False,False,0.005083737011019427,0.036805555555555536,False,False,-1.6017347181078454,0.10921428439813798,True,False,0.09999681965930926,0.20208725830069524,True,False,-2.4640417499543266,False,False,forward_only_adequate
619,sequential_evalue,martingale_evalue,True,ok,-2.6037979558363844,3.2296779237831217,3.592347657694165,-8.547764903034945,34.048584167692404,1.0,1.0,,,1.0,1.0,-0.6365601644866119,-0.8709647590255053,2215,24,"[469, 457, 483, 447, 359]","[5, 5, 5, 5, 4]",False,False,False,False,False,0.007071067811865475,0.00696774937419353,24,24,24,0,0.0,{},0.7859407217814398,0.665963351407875,0.0,False,True,False,False,True,False,0.0,3.5923476576941646,-8.547764903034945,3.5923476576941646,92.29166666666667,1.1395747745788292,0.03021363285279877,False,1.2939982621739445,False,0.015972222222222165,False,False,0.014261319058967934,0.015972222222222165,False,False,1.7393727464670525,0.08196921886819236,True,False,0.15692130149779251,0.03996077976328055,True,False,1.8557257322231213,False,False,forward_only_adequate
620,sequential_evalue,martingale_evalue,True,ok,-0.08610569117088633,3.1215634971742143,5.181971528408071,-5.38369696304841,34.2111968610727,1.0,1.0,,,1.0,1.0,-0.9833437197431618,-0.9178482116164492,2209,24,"[444, 462, 462, 461, 380]","[5, 5, 5, 5, 4]",False,False,False,False,False,0.007071067811865475,0.007065322389289493,24,24,24,0,0.0,{},0.7904402468870613,0.6790757731572773,0.0,False,True,False,False,True,False,0.0,5.181971528408071,-5.38369696304841,5.181971528408071,92.04166666666667,1.159477946925127,0.018759947150015624,False,1.2797858464545127,False,0.023611111111111027,False,False,0.00032120188893921766,0.023611111111111027,False,False,0.09224009655034308,0.9265072813792767,True,False,0.17509842425836664,0.11391467811442263,True,False,-1.7247084738596923,False,False,forward_only_adequate
621,sequential_evalue,martingale_evalue,True,ok,-4.091149143078407,3.309088666621992,2.2567872481433326,-9.48765082511207,33.899304613184604,1.0,1.0,,,1.0,1.0,-0.5482945155762025,-1.0614114456760704,2215,24,"[450, 455, 473, 462, 375]","[5, 5, 5, 5, 4]",False,False,False,False,False,0.007071067811865475,0.006954991082769475,24,24,24,0,0.0,{},0.7757498339463818,0.7220923136879561,0.0,False,True,False,False,True,False,0.0,2.2567872481433326,-9.48765082511207,2.2567872481433326,92.29166666666667,1.1325010562621138,0.0020429677077474953,False,1.3137746750873778,False,0.01909722222222221,False,False,0.024218070363342566,0.01909722222222221,False,False,0.6850022681346482,0.49334248971562067,True,False,0.10414028676732519,0.2789430410659488,True,False,0.7322532995612154,False,False,forward_only_adequate
622,sequential_evalue,martingale_evalue,True,ok,-0.18297748709889383,3.7092401850094463,7.471910164555629,-5.864420469092915,33.660717701613144,1.0,1.0,,,1.0,1.0,-0.8312887121361394,-0.9847629436690932,2218,24,"[461, 463, 467, 453, 374]","[5, 5, 5, 5, 4]",False,False,False,False,False,0.007071067811865475,0.006995829393426173,24,24,24,0,0.0,{},0.7819262746644721,0.7269147778325976,0.0,False,True,False,False,True,False,0.0,7.471910164555628,-5.864420469092916,7.471910164555628,92.41666666666667,1.1318991553384918,0.008441678901325111,False,1.2135315201296022,False,0.04513888888888895,False,False,0.0007454757773923415,0.04513888888888895,False,False,-0.812989888970024,0.4162238552510037,True,False,0.1835678220997419,0.02788311736741927,True,False,-0.9724293882067416,False,False,forward_only_adequate
623,sequential_evalue,martingale_evalue,True,ok,-1.310718233811324,3.7743462379926083,5.006632045984051,-8.685318620039919,33.92795863616899,1.0,1.0,,,1.0,1.0,-0.8504718449169935,-1.0679535268077167,2205,24,"[467, 443, 453, 463, 379]","[5, 5, 5, 5, 4]",False,False,False,False,False,0.007071067811865475,0.006896862789228165,24,24,24,0,0.0,{},0.7787031381658032,0.691219554966,0.0,False,True,False,False,True,False,0.0,5.006632045984051,-8.685318620039919,5.006632045984051,91.875,1.1214450447458617,0.005232910190422163,False,1.252123184600481,False,0.023611111111111138,False,False,0.006648907311509445,0.023611111111111138,False,False,0.6483150391074524,0.5167812089213892,True,False,0.18530476893635128,0.23324824628252527,True,False,-1.570538935734077,False,False,forward_only_adequate
624,sequential_evalue,martingale_evalue,True,ok,0.38290548167752664,4.562656560510189,9.626130693431078,-7.150633783725369,33.78905077562769,1.0,1.0,,,1.0,1.0,-0.5842082032735965,-0.27953596890191323,2206,24,"[458, 458, 466, 461, 363]","[5, 5, 5, 5, 4]",False,False,False,False,False,0.007071067811865475,0.006949967145512142,24,24,24,0,0.0,{},0.7780622490484597,0.6875127028271086,0.0,False,True,False,False,True,False,0.0,9.626130693431078,-7.150633783725369,9.626130693431078,91.91666666666667,1.1257083319806982,0.00032151789423250554,False,1.3132292753632544,False,0.0253472222222223,False,False,0.0016819382157966878,0.0253472222222223,False,False,0.4992477837836614,0.6176048355149317,True,False,0.10942247042077126,0.41498481948975524,True,False,-0.5988230826956535,False,False,forward_only_adequate
625,sequential_evalue,martingale_evalue,True,ok,0.22199146541021028,5.073923505359592,9.558290169990249,-8.241706195936619,34.531290277396046,1.0,1.0,,,1.0,1.0,-0.7653180837563165,-0.7977443371508752,2231,24,"[462, 458, 463, 470, 378]","[5, 5, 5, 5, 4]",False,False,False,False,False,0.007071067811865475,0.00700863095988615,24,24,24,0,0.0,{},0.7931033400500433,0.7246211869000443,0.0,False,True,False,False,True,False,0.0,9.558290169990249,-8.241706195936619,9.558290169990249,92.95833333333333,1.166702605267103,0.017621539329135943,False,1.2883328592151198,False,0.025347222222222188,False,False,0.0008902682474677404,0.025347222222222188,False,False,1.9463001199165106,0.051618699203864464,True,False,0.18451959021785355,0.021286129177402736,True,False,1.4982145201875203,False,False,forward_only_adequate
626,sequential_evalue,martingale_evalue,True,ok,1.3416767324622132,3.593396105603724,8.16187157866449,-4.806465245202081,33.17908855023206,1.0,1.0,,,1.0,1.0,-0.9035862919859093,-0.6702898369219983,2217,24,"[461, 474, 445, 475, 362]","[5, 5, 5, 5, 4]",False,False,False,False,False,0.007071067811865475,0.007043056351451088,24,24,24,0,0.0,{},0.7881571808913681,0.688904646951391,0.0,False,True,False,False,True,False,0.0,8.16187157866449,-4.806465245202081,8.16187157866449,92.375,1.122982128333479,0.007697230148591856,False,1.3394737767199714,False,0.03645833333333337,False,False,0.006815916911418194,0.03645833333333337,False,False,0.19308082486775943,0.8468956696268439,True,False,0.16232320144558823,0.22129328092657055,True,False,1.1434808799532201,False,False,forward_only_adequate
627,sequential_evalue,martingale_evalue,True,ok,7.138853967797556,3.154162787849891,12.435210695077789,1.5573325419982282,33.25945001440316,1.0,1.0,,,1.0,1.0,-1.3224056494846523,-0.11234162279122384,2207,24,"[450, 464, 464, 444, 385]","[5, 5, 5, 5, 4]",False,False,False,False,False,0.007071067811865475,0.006910373032940963,24,24,24,0,0.0,{},0.7774813520045718,0.7043100297483617,0.0,False,True,False,False,True,False,0.0,12.43521069507779,1.5573325419982282,12.43521069507779,91.95833333333333,1.1020012961641061,0.013248748991897524,False,1.3401989121477647,False,0.021874999999999978,False,False,0.04803899050478709,0.021874999999999978,False,False,1.5490990774259894,0.12135790466112216,True,False,0.143283793108319,0.3278548159981913,True,False,1.545294613773644,False,False,forward_only_adequate
628,sequential_evalue,martingale_evalue,True,ok,-1.294141248037665,3.8709157777783014,5.590659635253699,-7.574513634538906,34.01970571935555,1.0,1.0,,,1.0,1.0,-0.6455413780339352,-1.0116258573053487,2191,24,"[467, 455, 451, 459, 359]","[5, 5, 5, 5, 4]",False,False,False,False,False,0.007071067811865475,0.006915132814209639,24,24,24,0,0.0,{},0.7715266650350325,0.7147612694498413,0.0,False,True,False,False,True,False,0.0,5.590659635253698,-7.574513634538906,5.590659635253698,91.29166666666667,1.1238714801181056,0.0016963623327914499,False,1.284518220601931,False,0.020138888888888817,False,False,0.0065381313118526175,0.020138888888888817,False,False,-0.48065958103798995,0.6307584622734644,True,False,0.11324462696300552,0.6096020336954148,True,False,-0.565226895807319,False,False,forward_only_adequate
629,sequential_evalue,martingale_evalue,True,ok,-6.701275479279641,4.234544361641868,0.40185257417992215,-13.760261004835392,32.95817545792842,0.6289913606994547,1.0,,,0.6289913606994547,1.0,0.46363775735304164,-0.7826650010134515,2245,24,"[476, 479, 448, 464, 378]","[5, 5, 5, 5, 4]",False,False,False,False,False,0.007071067811865475,0.006946257798176864,24,24,24,0,0.0,{},0.7807916949102658,0.7035327860034942,0.0,False,True,False,False,True,False,0.0,0.40185257417992215,-13.760261004835392,0.40185257417992215,93.54166666666667,1.1070993988478168,0.03273374939261697,False,1.2849575583656034,False,0.039583333333333304,False,False,0.044340522910127585,0.039583333333333304,False,False,-1.2490539847985471,0.2116453293113545,True,False,0.17177867372735336,0.1647812195350307,True,False,-1.15866921531319,False,False,forward_only_adequate
630,sequential_evalue,martingale_evalue,True,ok,2.8157388528980554,3.1899497109939805,7.766471517565622,-3.491967343728468,33.89204449141712,1.0,1.0,,,1.0,1.0,-1.1637511393787467,-0.6404704545967196,2217,24,"[455, 468, 457, 469, 368]","[5, 5, 5, 5, 4]",False,False,False,False,False,0.007071067811865475,0.0070073812597109,24,24,24,0,0.0,{},0.7771992124057963,0.6914630697984112,0.0,False,True,False,False,True,False,0.0,7.7664715175656225,-3.491967343728468,7.7664715175656225,92.375,1.141302438687816,0.022849698872906242,False,1.2895233529745314,False,0.035069444444444486,False,False,0.015576848028996275,0.035069444444444486,False,False,1.589101232460781,0.1120375395998983,True,False,0.15810099864314264,0.08754978890164687,True,False,0.20268645392862536,False,False,forward_only_adequate
631,sequential_evalue,martingale_evalue,True,ok,4.464303825895615,4.939917572574328,12.324531282453236,-5.432170083519874,34.40476336750396,1.0,1.0,,,1.0,1.0,-1.2235596882227044,-0.5854175225915703,2229,24,"[463, 457, 472, 468, 369]","[5, 5, 5, 5, 4]",False,False,False,False,False,0.007071067811865475,0.0069569179451111,24,24,24,0,0.0,{},0.782442737192798,0.7169034821867687,0.0,False,True,False,False,True,False,0.0,12.324531282453236,-5.432170083519874,12.324531282453236,92.875,1.1533334125059223,0.03655043051393634,False,1.3138146702077078,False,0.02256944444444442,False,False,0.026246413725196503,0.02256944444444442,False,False,0.4679609681435257,0.6398125024666657,True,False,0.09599324962958593,0.5173761151776752,True,False,0.9604141811907815,False,False,forward_only_adequate
632,sequential_evalue,martingale_evalue,True,ok,-2.583378124962693,3.60467401393475,3.045951110267041,-9.058036704258143,33.826464211641216,1.0,1.0,,,1.0,1.0,-0.6558266346596504,-0.9435805898836277,2222,24,"[465, 453, 469, 460, 375]","[5, 5, 5, 5, 4]",False,False,False,False,False,0.007071067811865475,0.0070115167765477555,24,24,24,0,0.0,{},0.776626887754741,0.7256681912743762,0.0,False,True,False,False,True,False,0.0,3.045951110267041,-9.058036704258143,3.045951110267041,92.58333333333333,1.1410508342542498,0.005764302067025251,False,1.367051039786908,False,0.02256944444444442,False,False,0.014111956783946823,0.02256944444444442,False,False,-1.1314356334911488,0.25787178063626737,True,False,0.10330677274628289,0.11337051446766289,True,False,0.7172678911046705,False,False,forward_only_adequate
633,sequential_evalue,martingale_evalue,True,ok,0.05473688993508974,2.7498239626479686,4.239398179104674,-4.8171443026404965,35.02484570770737,1.0,1.0,,,1.0,1.0,-0.9069161082458388,-0.8861629103733037,2249,24,"[465, 486, 484, 448, 366]","[5, 5, 5, 5, 4]",False,False,False,False,False,0.007071067811865475,0.00696415142756758,24,24,24,0,0.0,{},0.7934751720864079,0.7118930969313574,0.0,False,True,False,False,True,False,0.0,4.239398179104674,-4.8171443026404965,4.239398179104674,93.70833333333333,1.1806020902011292,0.0016523230116658478,False,1.2511605673058128,False,0.018402777777777768,False,False,0.0001935950608540371,0.018402777777777768,False,False,-1.2519319973314347,0.2105946441933374,True,False,0.26768632044525076,0.04659590191704214,True,False,-1.05760314247533,False,False,forward_only_adequate
634,sequential_evalue,martingale_evalue,True,ok,4.731286259289766,3.8192825616064376,11.010097086447663,-2.5682657978727157,32.59749170718178,1.0,0.5911245991357563,,,1.0,0.5911245991357563,-1.1061180981674246,0.5257284561561891,2254,24,"[481, 474, 459, 463, 377]","[5, 5, 5, 5, 4]",False,False,False,False,False,0.007071067811865475,0.006931759028853536,24,24,24,0,0.0,{},0.7964185480354676,0.724937394154112,0.0,False,True,False,False,True,False,0.0,11.010097086447663,-2.5682657978727157,11.010097086447663,93.91666666666667,1.0948861941774828,0.014951039183390344,False,1.2683130621262337,False,0.011458333333333348,False,False,0.02984647009917523,0.011458333333333348,False,False,-0.07276536154258931,0.941992835343314,True,False,0.15550586866307065,0.2320800173230211,True,False,-0.28255099658813887,False,False,forward_only_adequate
635,sequential_evalue,martingale_evalue,True,ok,-2.3176135551033465,3.4026973051623752,3.319173902781787,-8.841507013137154,33.52575971763304,0.9164072726504597,1.0,,,0.9164072726504597,1.0,0.08729439232509945,-0.35843722712247356,2210,24,"[467, 455, 460, 457, 371]","[5, 5, 5, 5, 4]",False,False,False,False,False,0.007071067811865475,0.006910196335247463,24,24,24,0,0.0,{},0.776420234367902,0.7031629500959328,0.0,False,True,False,False,True,False,0.0,3.319173902781787,-8.841507013137154,3.319173902781787,92.08333333333333,1.1115513623086903,0.01971344439312161,False,1.2690507162298208,False,0.015277777777777724,False,False,0.01283979009487226,0.015277777777777724,False,False,0.9087250890560808,0.36349525731768717,True,False,0.16786186920924798,0.2968565387095449,True,False,-0.15962607409345483,False,False,forward_only_adequate
636,sequential_evalue,martingale_evalue,True,ok,1.6524392954919218,3.372442355412435,7.48462689663864,-3.7442538622727,34.42253779324045,1.0,1.0,,,1.0,1.0,-0.6905588545199871,-0.40680351001494464,2277,24,"[479, 473, 470, 474, 381]","[5, 5, 5, 5, 4]",False,False,False,False,False,0.007071067811865475,0.006872318496555318,24,24,24,0,0.0,{},0.8033926295477742,0.7477915965048745,0.0,False,True,False,False,True,False,0.0,7.48462689663864,-3.7442538622727,7.48462689663864,94.875,1.1521050037149432,0.0016416821846030262,False,1.298107183811219,False,0.02604166666666663,False,False,0.008381858623967928,0.02604166666666663,False,False,1.228838941475586,0.2191321979150297,True,False,0.2583775243207653,0.05793383915311397,True,False,-0.16991252827103526,False,False,forward_only_adequate
637,sequential_evalue,martingale_evalue,True,ok,1.1160074624335719,3.463299895048451,7.5781965977684935,-4.840957948830847,33.80367189418758,1.0,1.0,,,1.0,1.0,-0.9746574570411282,-0.8481315776445641,2230,24,"[471, 478, 453, 449, 379]","[5, 5, 5, 5, 4]",False,False,False,False,False,0.007071067811865475,0.006958280672807871,24,24,24,0,0.0,{},0.7887178009153035,0.6818982586683262,0.0,False,True,False,False,True,False,0.0,7.5781965977684935,-4.840957948830847,7.5781965977684935,92.91666666666667,1.1336595095407087,0.004304134206621656,False,1.3556394742130269,False,0.017013888888888884,False,False,0.005480099911693188,0.017013888888888884,False,False,0.5991364407944051,0.5490819028993088,True,False,0.11151901308052824,0.21395681613785347,True,False,1.5253249454397133,False,False,forward_only_adequate
638,sequential_evalue,martingale_evalue,True,ok,-3.9724849306685983,2.4676799081079817,0.10520744551849992,-7.942121664049749,33.26240627555957,1.0,1.0,,,1.0,1.0,-0.5834563166106441,-1.1394602510145175,2212,24,"[464, 472, 459, 451, 366]","[5, 5, 5, 5, 4]",False,False,False,False,False,0.007071067811865475,0.006969625427361635,24,24,24,0,0.0,{},0.7835963395637517,0.6914879728392326,0.0,False,True,False,False,True,False,0.0,0.10520744551849992,-7.942121664049748,0.10520744551849992,92.16666666666667,1.1128075071867887,0.03247890333314005,False,1.265804023883208,False,0.027430555555555514,False,False,0.02388534737505371,0.027430555555555514,False,False,-1.181771183173322,0.23729650488859266,True,False,0.21635465132060888,0.054725200703748665,True,False,-2.46662527924595,False,False,forward_only_adequate
639,sequential_evalue,martingale_evalue,True,ok,1.8324298418352711,1.7864118616744216,5.03939304067654,-1.365715529907444,33.237806188046605,1.0,1.0,,,1.0,1.0,-1.1076769712180936,-0.8403312164985355,2246,24,"[465, 472, 457, 482, 370]","[5, 5, 5, 5, 4]",False,False,False,False,False,0.007071067811865475,0.00701101518879604,24,24,24,0,0.0,{},0.7825382178947062,0.7028793723848087,0.0,False,True,False,False,True,False,0.0,5.03939304067654,-1.365715529907444,5.03939304067654,93.58333333333333,1.1271520844564413,0.007021338012268766,False,1.221649987784668,False,0.02777777777777779,False,False,0.009664138620268046,0.02777777777777779,False,False,0.4628407546088492,0.6434785164175493,True,False,0.10220931086686239,0.0973341817017218,True,False,0.11738634226004951,False,False,forward_only_adequate
640,sequential_evalue,martingale_evalue,True,ok,5.091879384817632,3.6530862393900385,11.34584038342644,-0.7207710920753936,34.86486041600457,1.0,1.0,,,1.0,1.0,-1.2003440818239306,-0.29664393011019663,2193,24,"[464, 441, 447, 470, 371]","[5, 5, 5, 5, 4]",False,False,False,False,False,0.007071067811865475,0.006931994304248944,24,24,24,0,0.0,{},0.7782269749182908,0.6516584639188879,0.0,False,True,False,False,True,False,0.0,11.34584038342644,-0.7207710920753936,11.34584038342644,91.375,1.1551272450659265,0.043345798992779905,False,1.218211526538589,False,0.015972222222222165,False,False,0.030548968665085465,0.015972222222222165,False,False,0.9432566264531951,0.34554965544620686,True,False,0.16927769135646115,0.10348359951735944,True,False,1.387898400382009,False,False,forward_only_adequate
641,sequential_evalue,martingale_evalue,True,ok,4.2796388680904895,3.5683453000391556,10.460510416065162,-1.5075566572959138,33.419976064018485,1.0,1.0,,,1.0,1.0,-1.056396055987344,-0.23059875856692902,2204,24,"[461, 453, 457, 473, 360]","[5, 5, 5, 5, 4]",False,False,False,False,False,0.007071067811865475,0.006948518477459647,24,24,24,0,0.0,{},0.7645630355590487,0.7080858484201868,0.0,False,True,False,False,True,False,0.0,10.460510416065162,-1.5075566572959138,10.460510416065162,91.83333333333333,1.1126755112231757,0.04175428244892037,False,1.3329247738398406,False,0.010763888888888906,False,False,0.026052678474162573,0.010763888888888906,False,False,1.7962105329013935,0.07246104020124969,True,False,0.1908500598024341,0.05584799867552472,True,False,0.5941709818702976,False,False,forward_only_adequate
642,sequential_evalue,martingale_evalue,True,ok,-5.521014537095976,2.020780825094263,-1.4627617668696473,-8.851912509927784,33.88747387961774,1.0,1.0,,,1.0,1.0,-0.599957027929408,-1.3413570795110683,2231,24,"[453, 461, 479, 475, 363]","[5, 5, 5, 5, 4]",False,False,False,False,False,0.007071067811865475,0.007107105063275835,24,24,24,0,0.0,{},0.7717098744128595,0.6684869486008379,0.0,False,True,False,False,True,False,0.0,-1.4627617668696473,-8.851912509927784,-1.4627617668696473,92.95833333333333,1.161037106869419,0.015732145885193588,False,1.2659008994699292,False,0.0253472222222223,False,False,0.033385439117353644,0.0253472222222223,False,False,-0.40093568129544305,0.6884674788680196,True,False,0.10153410080712706,0.6140001357391829,True,False,-1.7288786124055762,False,False,forward_only_adequate
643,sequential_evalue,martingale_evalue,True,ok,-3.6781745242304376,2.8189843178346745,0.8186586615848541,-8.897292340798753,33.47118103466533,1.0,1.0,,,1.0,1.0,-0.5286132086777513,-1.0921369614805996,2205,24,"[462, 467, 439, 472, 365]","[5, 5, 5, 5, 4]",False,False,False,False,False,0.007071067811865475,0.007003898519603454,24,24,24,0,0.0,{},0.775963370552083,0.6745363426666807,0.0,False,True,False,False,True,False,0.0,0.8186586615848541,-8.897292340798753,0.8186586615848541,91.875,1.12351677729036,0.015152023518138392,False,1.3078330549472066,False,0.02881944444444451,False,False,0.021600491716050916,0.02881944444444451,False,False,-2.4456198910064515,0.014460336240892368,True,False,0.28222573538196116,0.013509729270964499,True,False,-2.2762315478740693,False,False,forward_only_adequate
644,sequential_evalue,martingale_evalue,True,ok,-5.297943881580186,2.8184106702594276,-0.04593233555930709,-9.849092540909467,33.998931814804465,1.0,1.0,,,1.0,1.0,-0.6126400653605482,-1.3241860443128943,2234,24,"[468, 470, 452, 471, 373]","[5, 5, 5, 5, 4]",False,False,False,False,False,0.007071067811865475,0.006983243696604753,24,24,24,0,0.0,{},0.7871396322831699,0.7016801509404389,0.0,False,True,False,False,True,False,0.0,-0.04593233555930709,-9.849092540909467,-0.04593233555930709,93.08333333333333,1.1453242031903055,0.018118082581947238,False,1.2296450756650004,False,0.030555555555555558,False,False,0.03232220533595467,0.030555555555555558,False,False,0.2769578610911595,0.7818124628578527,True,False,0.25171359936665494,0.006473579137680865,True,False,-0.7254826907664798,False,False,forward_only_adequate
645,sequential_evalue,martingale_evalue,True,ok,-1.735270126046819,4.155882754733332,4.9328565449591615,-9.640637226654174,34.77081817306879,1.0,1.0,,,1.0,1.0,-0.6630979798059677,-0.8207825067919158,2246,24,"[465, 440, 484, 477, 380]","[5, 5, 5, 5, 4]",False,False,False,False,False,0.007071067811865475,0.006855619065162945,24,24,24,0,0.0,{},0.7886623852648409,0.691766316119981,0.0,False,True,False,False,True,False,0.0,4.9328565449591615,-9.640637226654174,4.9328565449591615,93.58333333333333,1.1530040884175505,0.012164489029437366,False,1.3308463785708473,False,0.007291666666666696,False,False,0.008852514570854618,0.007291666666666696,False,False,-0.12430815710117728,0.9010712889656539,True,False,0.1833157876191335,0.07414483712171278,True,False,0.2311322711646572,False,False,forward_only_adequate
646,sequential_evalue,martingale_evalue,True,ok,-7.858957716030983,3.788968726253,-1.651665471065101,-14.80007755717,34.54899810426626,0.48981429541842614,1.0,,,0.48981429541842614,1.0,0.7137289486539116,-1.3612105291793564,2222,24,"[459, 445, 473, 462, 383]","[5, 5, 5, 5, 4]",False,False,False,False,False,0.007071067811865475,0.006953713621187767,24,24,24,0,0.0,{},0.7812254184299028,0.6505676759595519,0.0,False,True,False,False,True,False,0.0,-1.651665471065101,-14.80007755717,-1.651665471065101,92.58333333333333,1.1558159128184133,0.0181054942962022,False,1.3015528608498954,False,0.02083333333333337,False,False,0.05086853395258225,0.02083333333333337,False,False,0.05525657645174002,0.9559340562518792,True,False,0.1285183589351915,0.13069277882043573,True,False,-2.3842368899943773,False,False,forward_only_adequate
647,sequential_evalue,martingale_evalue,True,ok,-0.09819576589460555,4.054943438720435,6.002567684265012,-8.554021501798289,33.647121982629834,0.8392399251645437,1.0,,,0.8392399251645437,1.0,0.17525864776414798,-0.7388721387121802,2223,24,"[465, 461, 475, 463, 359]","[5, 5, 5, 5, 4]",False,False,False,False,False,0.007071067811865475,0.006999930788991077,24,24,24,0,0.0,{},0.7818324197952706,0.6987916018189071,0.0,False,True,False,False,True,False,0.0,6.002567684265013,-8.554021501798289,6.002567684265013,92.625,1.133380623173946,0.008726281131272103,False,1.3791992405953766,False,0.01666666666666672,False,False,0.00037928909331183427,0.01666666666666672,False,False,2.1761334168686215,0.029545285836473353,True,False,0.19803435224800484,0.07517845124424614,True,False,-0.3914166532170511,False,False,forward_only_adequate
648,sequential_evalue,martingale_evalue,True,ok,0.866440813710445,4.061698904035863,7.849942848228063,-6.315047881324903,34.21679560753278,1.0,1.0,,,1.0,1.0,-0.9164553752508234,-0.7479774893599553,2228,24,"[475, 454, 468, 452, 379]","[5, 5, 5, 5, 4]",False,False,False,False,False,0.007071067811865475,0.006927005557644027,24,24,24,0,0.0,{},0.7893313257287435,0.7312948683904479,0.0,False,True,False,False,True,False,0.0,7.849942848228063,-6.315047881324904,7.849942848228063,92.83333333333333,1.1418441951033416,0.006369204283747545,False,1.281579211592233,False,0.022222222222222254,False,False,0.0040934606790273475,0.022222222222222254,False,False,0.2914186277604753,0.77073116960368,True,False,0.12929911580934422,0.28023977512033094,True,False,1.095241457506872,False,False,forward_only_adequate
649,sequential_evalue,martingale_evalue,True,ok,-0.8719533011982582,3.7618186865331515,5.452052357791691,-7.129038425986025,33.97610664184822,1.0,1.0,,,1.0,1.0,-0.12976652434931568,-0.24879238674887794,2264,24,"[480, 460, 485, 464, 375]","[5, 5, 5, 5, 4]",False,False,False,False,False,0.007071067811865475,0.006875852358383715,24,24,24,0,0.0,{},0.7897530491921851,0.7435614348406674,0.0,False,True,False,False,True,False,0.0,5.452052357791691,-7.129038425986025,5.452052357791691,94.33333333333333,1.1344954242569107,0.008707904103515856,False,1.2710816143531245,False,0.028472222222222232,False,False,0.004152435042774554,0.028472222222222232,False,False,-0.9109262486458775,0.3623342342788106,True,False,0.1523036955019299,0.1347950578247866,True,False,-0.9438057226853304,False,False,forward_only_adequate
650,sequential_evalue,martingale_evalue,True,ok,3.5353245070308894,3.442119218000384,9.15703480059151,-2.428502223027283,33.56125112657047,1.0,1.0,,,1.0,1.0,-1.048565812367725,-0.27245665292983257,2249,24,"[478, 468, 459, 470, 374]","[5, 5, 5, 5, 4]",False,False,False,False,False,0.007071067811865475,0.006956055367311889,24,24,24,0,0.0,{},0.7960388752483922,0.6688187824490736,0.0,False,True,False,False,True,False,0.0,9.15703480059151,-2.428502223027283,9.15703480059151,93.70833333333333,1.1299527509904548,0.01462636436741421,False,1.2675502619465868,False,0.02430555555555558,False,False,0.02049460539156359,0.02430555555555558,False,False,0.4053217099439397,0.6852410504089419,True,False,0.18764726676677546,0.09366667468014682,True,False,1.8456130219764413,False,False,forward_only_adequate
651,sequential_evalue,martingale_evalue,True,ok,0.1021095854096216,2.779945929770522,4.259244114961909,-5.092229679203349,33.7713823163777,1.0,1.0,,,1.0,1.0,-0.8634129019398058,-0.9050008754883485,2217,24,"[458, 468, 473, 459, 359]","[5, 5, 5, 5, 4]",False,False,False,False,False,0.007071067811865475,0.007023411717088991,24,24,24,0,0.0,{},0.7633341899276749,0.7285980880025777,0.0,False,True,False,False,True,False,0.0,4.259244114961909,-5.092229679203349,4.259244114961909,92.375,1.1398407919631337,0.014731414567508263,False,1.3013682350213456,False,0.03194444444444444,False,False,0.00039321376391960206,0.03194444444444444,False,False,0.6683433530655442,0.5039144458249294,True,False,0.15731677012900483,0.08741025800990851,True,False,2.0549752682665687,False,False,forward_only_adequate
652,sequential_evalue,martingale_evalue,True,ok,0.1668989646158797,4.283564749056778,7.695010909245679,-6.669830709386911,34.209886570207956,1.0,1.0,,,1.0,1.0,-0.6587004219151692,-0.6346062545238019,2243,24,"[476, 473, 455, 457, 382]","[5, 5, 5, 5, 4]",False,False,False,False,False,0.007071067811865475,0.006899132974209936,24,24,24,0,0.0,{},0.8039768479425613,0.6937798890503952,0.0,False,True,False,False,True,False,0.0,7.695010909245679,-6.669830709386911,7.695010909245679,93.45833333333333,1.1408411299528642,0.0002919283568432728,False,1.2252383854873758,False,0.022222222222222254,False,False,0.000668802531881163,0.022222222222222254,False,False,-1.3890345570155025,0.16482224207066953,True,False,0.11549054637174778,0.2913103569987724,True,False,0.4161051480706331,False,False,forward_only_adequate
653,sequential_evalue,martingale_evalue,True,ok,-1.03769337350195,3.4593720868508147,4.281061466379235,-7.496137229988549,34.215488953797305,1.0,1.0,,,1.0,1.0,-0.6980738072289865,-0.6422020519747004,2194,24,"[462, 453, 457, 459, 363]","[5, 5, 5, 5, 4]",False,False,False,False,False,0.007071067811865475,0.007025367288045209,24,24,24,0,0.0,{},0.7828305521136678,0.7033222801946224,0.0,False,True,False,False,True,False,0.0,4.281061466379235,-7.496137229988549,4.281061466379235,91.41666666666667,1.149144069057697,0.0033701380595653656,False,1.2608316879206543,False,0.013541666666666674,False,False,0.004973832458196088,0.013541666666666674,False,False,0.3633737215958841,0.7163257292628693,True,False,0.1389669683856792,0.08743997738654753,True,False,-0.1993644879175381,False,False,forward_only_adequate
654,sequential_evalue,martingale_evalue,True,ok,-3.0871421006774433,3.432334322993956,3.219235923171544,-8.954790438135088,33.85189118398842,1.0,1.0,,,1.0,1.0,-0.5352400352432172,-1.0981086731961864,2221,24,"[449, 470, 454, 480, 368]","[5, 5, 5, 5, 4]",False,False,False,False,False,0.007071067811865475,0.006982657504987006,24,24,24,0,0.0,{},0.7771821466174027,0.7037169288750972,0.0,False,True,False,False,True,False,0.0,3.219235923171544,-8.954790438135088,3.219235923171544,92.54166666666667,1.136952548852464,0.018406473596748248,False,1.2684648413730475,False,0.024652777777777746,False,False,0.017396165987623235,0.024652777777777746,False,False,0.3342387459331613,0.7381994085105987,True,False,0.12811903391818588,0.0693864114731348,True,False,0.18646265723397729,False,False,forward_only_adequate
655,sequential_evalue,martingale_evalue,True,ok,1.9292009135546282,3.1402891916514495,7.776236648935107,-3.05390112447792,34.16444884948914,1.0,1.0,,,1.0,1.0,-0.9754003519780976,-0.7705480042716748,2212,24,"[459, 453, 468, 450, 382]","[5, 5, 5, 5, 4]",False,False,False,False,False,0.007071067811865475,0.007002386800808503,24,24,24,0,0.0,{},0.7696547123499748,0.7028445511592016,0.0,False,True,False,False,True,False,0.0,7.776236648935107,-3.0539011244779197,7.776236648935107,92.16666666666667,1.1483584239679792,0.012308360436444139,False,1.3605134971368502,False,0.018402777777777768,False,False,0.010032135387362503,0.018402777777777768,False,False,-0.7272638301856434,0.46706435093802223,True,False,0.1490863311418075,0.3430160297966374,True,False,0.22291009085356037,False,False,forward_only_adequate
656,sequential_evalue,martingale_evalue,True,ok,2.99328332087901,3.4316601079790914,8.539865159628862,-3.239258973373983,33.73704530885339,1.0,1.0,,,1.0,1.0,-0.9742385634764337,-0.2928038873259385,2267,24,"[480, 459, 465, 476, 387]","[5, 5, 5, 5, 4]",False,False,False,False,False,0.007071067811865475,0.006954516824587399,24,24,24,0,0.0,{},0.7908640709608269,0.7376245555426267,0.0,False,True,False,False,True,False,0.0,8.539865159628862,-3.239258973373983,8.539865159628862,94.45833333333333,1.140155666640271,0.015721832771749353,False,1.2759306016911145,False,0.021180555555555536,False,False,0.016733071476820873,0.021180555555555536,False,False,0.08639105224931883,0.9311555596091803,True,False,0.13950793463324657,0.15177935234057482,True,False,-0.4860325492387538,False,False,forward_only_adequate
657,sequential_evalue,martingale_evalue,True,ok,-4.0809991461840625,3.796876213584651,1.485159754179386,-11.436084351764475,32.48811663129834,1.0,1.0,,,1.0,1.0,-0.58717068097134,-1.1283462029667928,2227,24,"[458, 451, 459, 470, 389]","[5, 5, 5, 5, 4]",False,False,False,False,False,0.007071067811865475,0.0069817870737891915,24,24,24,0,0.0,{},0.7902184010217854,0.7269018481084201,0.0,False,True,False,False,True,False,0.0,1.485159754179386,-11.436084351764473,1.485159754179386,92.79166666666667,1.092485363932021,0.009525867047111692,False,1.2977192625306258,False,0.03750000000000009,False,False,0.025180826022880094,0.03750000000000009,False,False,-0.7324260380189834,0.46390857098491867,True,False,0.15227229285007995,0.31770986605267454,True,False,-0.965131537408767,False,False,forward_only_adequate
658,sequential_evalue,martingale_evalue,True,ok,-4.090395389812339,3.9121599709069104,2.7833920129185596,-10.511121893967594,34.70698257244335,1.0,1.0,,,1.0,1.0,-0.3547953071935712,-1.167426468925333,2209,24,"[457, 454, 462, 468, 368]","[5, 5, 5, 5, 4]",False,False,False,False,False,0.007071067811865475,0.006845353485234929,24,24,24,0,0.0,{},0.7800855691344861,0.7241559108519684,0.0,False,True,False,False,True,False,0.0,2.7833920129185596,-10.511121893967594,2.7833920129185596,92.04166666666667,1.139659141895698,0.009949489785599806,False,1.2681550149060323,False,0.029166666666666674,False,False,0.02403603986589255,0.029166666666666674,False,False,-0.6833409173752648,0.4943914444570313,True,False,0.10062949933972026,0.362311071914757,True,False,-1.3554968917968164,False,False,forward_only_adequate
659,sequential_evalue,martingale_evalue,True,ok,-5.8064252812601085,3.315161184652773,0.7349253468256345,-11.363454388700674,33.391733061111026,1.0,1.0,,,1.0,1.0,-0.4221713753417262,-1.237509738840689,2210,24,"[454, 470, 464, 458, 364]","[5, 5, 5, 5, 4]",False,False,False,False,False,0.007071067811865475,0.0069643267279829975,24,24,24,0,0.0,{},0.7751031561913535,0.7055882163799493,0.0,False,True,False,False,True,False,0.0,0.7349253468256345,-11.363454388700674,0.7349253468256345,92.08333333333333,1.1157801164357917,0.0353938952540741,False,1.2824244898539903,False,0.01909722222222221,False,False,0.037112370192736985,0.01909722222222221,False,False,0.10216463684458157,0.9186259965529029,True,False,0.09872646264759728,0.32469550502622085,True,False,0.7633022900641165,False,False,forward_only_adequate
660,sequential_evalue,martingale_evalue,True,ok,-2.566824207309438,3.4020833837550217,3.794728187059467,-8.280950518779008,34.07776039364304,1.0,1.0,,,1.0,1.0,-0.5980026343784788,-1.0097186358943222,2191,24,"[469, 451, 447, 458, 366]","[5, 5, 5, 5, 4]",False,False,False,False,False,0.007071067811865475,0.006962317998558727,24,24,24,0,0.0,{},0.7698541299639485,0.7213266731155816,0.0,False,True,False,False,True,False,0.0,3.794728187059467,-8.280950518779008,3.794728187059467,91.29166666666667,1.133471155555261,0.0035232068843879163,False,1.3506281171520125,False,0.015625,False,False,0.014115788139455597,0.015625,False,False,0.737469884236776,0.46083665079035985,True,False,0.12951268006851827,0.08769200951764793,True,False,-0.7918307143003093,False,False,forward_only_adequate
661,sequential_evalue,martingale_evalue,True,ok,-5.118276131413437,3.3703056143900136,0.4727670773040531,-11.052945555744348,34.31568698611617,1.0,1.0,,,1.0,1.0,-0.5470382959413735,-1.3020463238478808,2239,24,"[458, 469, 469, 472, 371]","[5, 5, 5, 5, 4]",False,False,False,False,False,0.007071067811865475,0.007023609305844146,24,24,24,0,0.0,{},0.7877041433754708,0.681356759918282,0.0,False,True,False,False,True,False,0.0,0.4727670773040531,-11.05294555574435,0.4727670773040531,93.29166666666667,1.163977200338897,0.010451594668779799,False,1.2720617691852751,False,0.035069444444444486,False,False,0.03046111797066905,0.035069444444444486,False,False,0.2084457234993365,0.8348809581025929,True,False,0.16992279445689148,0.07596886623356816,True,False,-0.1511103149786259,False,False,forward_only_adequate
662,sequential_evalue,martingale_evalue,True,ok,-2.7688623560846026,2.5617784316112573,1.8563581730210958,-6.974201720803173,32.96151244194863,1.0,1.0,,,1.0,1.0,-0.7940488197588667,-1.163891041937208,2228,24,"[456, 468, 468, 464, 372]","[5, 5, 5, 5, 4]",False,False,False,False,False,0.007071067811865475,0.006982129852049908,24,24,24,0,0.0,{},0.769467334139964,0.7157568599501183,0.0,False,True,False,False,True,False,0.0,1.8563581730210956,-6.974201720803173,1.8563581730210956,92.83333333333333,1.1087076121622803,0.00490334165498919,False,1.2909276422813947,False,0.02951388888888884,False,False,0.015796932131370536,0.02951388888888884,False,False,-1.7126189227594795,0.08678266972978052,True,False,0.12567135037098354,0.16289411801801584,True,False,-0.21351218396284943,False,False,forward_only_adequate
663,sequential_evalue,martingale_evalue,True,ok,-2.420618588297491,3.4642558204990603,4.677781859723936,-7.570250963149097,33.30706856417855,1.0,1.0,,,1.0,1.0,-0.5374133882775303,-0.7971745255600202,2216,24,"[473, 465, 454, 450, 374]","[5, 5, 5, 5, 4]",False,False,False,False,False,0.007071067811865475,0.00697413106391287,24,24,24,0,0.0,{},0.7798998009951467,0.6985245568464522,0.0,False,True,False,False,True,False,0.0,4.677781859723936,-7.570250963149097,4.677781859723936,92.33333333333333,1.1160297643510728,0.019965419776106396,False,1.2524222193145882,False,0.017708333333333326,False,False,0.013433975754065753,0.017708333333333326,False,False,0.5352640070332315,0.5924673114558343,True,False,0.16836440956950977,0.19710399378344057,True,False,-1.006920098719314,False,False,forward_only_adequate
664,sequential_evalue,martingale_evalue,True,ok,1.0939724755497744,4.2757250676924,8.126289031542825,-6.172218085710024,34.83634741959452,1.0,1.0,,,1.0,1.0,-0.5496934638424718,-0.48342872361988476,2233,24,"[463, 480, 468, 457, 365]","[5, 5, 5, 5, 4]",False,False,False,False,False,0.007071067811865475,0.006988495966255908,24,24,24,0,0.0,{},0.7807701773431692,0.7133866987624351,0.0,False,True,False,False,True,False,0.0,8.126289031542825,-6.172218085710024,8.126289031542825,93.04166666666667,1.1741540404650772,0.017452635358511628,False,1.2527486103478018,False,0.02083333333333326,False,False,0.005151551578671223,0.02083333333333326,False,False,-1.292246889110113,0.19627165826462478,True,False,0.20762793278237932,0.00014188153047866274,True,True,-0.9883991809774673,False,True,selection_limited
665,sequential_evalue,martingale_evalue,True,ok,4.698279664933357,3.2828189278161273,10.157882556293558,-1.505906752027772,33.47550063775557,1.0,1.0,,,1.0,1.0,-1.19365887866604,-0.4727848120644489,2266,24,"[462, 469, 479, 482, 374]","[5, 5, 5, 5, 4]",False,False,False,False,False,0.007071067811865475,0.0068970751349755255,24,24,24,0,0.0,{},0.8003354710377177,0.721247565373587,0.0,False,True,False,False,True,False,0.0,10.157882556293558,-1.505906752027772,10.157882556293558,94.41666666666667,1.1217249353304497,0.005672042979077849,False,1.2237492769524352,False,0.010069444444444353,False,False,0.02877703852071059,0.010069444444444353,False,False,0.024376381565053357,0.9805523875078253,True,False,0.218275096785624,0.016777293552494424,True,False,-0.16710381834082566,False,False,forward_only_adequate
666,sequential_evalue,martingale_evalue,True,ok,3.0577384641558445,3.617564613016282,9.167948895650305,-3.012740606645871,34.77330194562518,1.0,1.0,,,1.0,1.0,-1.1391259851803976,-0.6935190718302824,2215,24,"[474, 462, 477, 458, 344]","[5, 5, 5, 5, 4]",False,False,False,False,False,0.007071067811865475,0.006928353069838818,24,24,24,0,0.0,{},0.7804147001453393,0.7197034204966966,0.0,False,True,False,False,True,False,0.0,9.167948895650305,-3.012740606645871,9.167948895650305,92.29166666666667,1.1572500059771509,0.010864668513163324,False,1.2965819460093115,False,0.016319444444444442,False,False,0.016857468735711093,0.016319444444444442,False,False,0.8162878018500823,0.41433554934988914,True,False,0.09119780988976857,0.28552613269861066,True,False,0.2731644403009185,False,False,forward_only_adequate
667,sequential_evalue,martingale_evalue,True,ok,-2.0943533652658517,3.6363483141356947,3.812550160272972,-7.891300988175848,34.5498152214558,1.0,1.0,,,1.0,1.0,-0.8572197918159805,-1.1555489194577853,2198,24,"[454, 457, 458, 453, 376]","[5, 5, 5, 5, 4]",False,False,False,False,False,0.007071067811865475,0.0069963078424052924,24,24,24,0,0.0,{},0.7736396360290567,0.6968231819954187,0.0,False,True,False,False,True,False,0.0,3.812550160272972,-7.891300988175847,3.812550160272972,91.58333333333333,1.1566257773080753,0.03765392950574676,False,1.2581008096335533,False,0.03472222222222221,False,False,0.010927333352007866,0.03472222222222221,False,False,-0.08350926914672507,0.9334466074248217,True,False,0.09238578321823993,0.313419536233172,True,False,0.04387002008578066,False,False,forward_only_adequate
668,sequential_evalue,martingale_evalue,True,ok,0.07090179457480723,2.782639321203639,4.674263228145454,-4.950436983294384,34.15647144920447,1.0,1.0,,,1.0,1.0,-0.8888374755826174,-0.9386029333679757,2194,24,"[462, 465, 456, 462, 349]","[5, 5, 5, 5, 4]",False,False,False,False,False,0.007071067811865475,0.00702055924120352,24,24,24,0,0.0,{},0.7673933262117199,0.6910863931349142,0.0,False,True,False,False,True,False,0.0,4.674263228145454,-4.950436983294384,4.674263228145454,91.41666666666667,1.1463768381346364,0.048910581927695325,False,1.3036912869662072,False,0.03541666666666665,False,False,0.00026379932786341654,0.03541666666666665,False,False,1.737992683700904,0.08221210294415528,True,False,0.15142231076989382,0.27426931016209044,True,False,0.9813567315213438,False,False,forward_only_adequate
669,sequential_evalue,martingale_evalue,True,ok,-2.595450006334461,3.2937347172969345,2.3244420521360767,-9.547061303606869,32.85182706425817,1.0,1.0,,,1.0,1.0,-0.7322035652849297,-0.995696130563146,2228,24,"[470, 463, 465, 460, 370]","[5, 5, 5, 5, 4]",False,False,False,False,False,0.007071067811865475,0.006985797809114444,24,24,24,0,0.0,{},0.7896975325619362,0.6990807279215403,0.0,False,True,False,False,True,False,0.0,2.3244420521360767,-9.547061303606869,2.3244420521360767,92.83333333333333,1.1055986923232854,0.02343195377611604,False,1.3162973337934614,False,0.022222222222222143,False,False,0.01471165049377242,0.022222222222222143,False,False,0.7806874145389919,0.43498636454619877,True,False,0.22561724085774865,0.054886775727158145,True,False,1.4637191678891042,False,False,forward_only_adequate
670,sequential_evalue,martingale_evalue,True,ok,0.5793773797421918,3.9879566012019207,8.043164527732092,-5.487705682191426,32.32012751037571,1.0,1.0,,,1.0,1.0,-0.5045249230402545,-0.5354021078827939,2274,24,"[471, 473, 473, 472, 385]","[5, 5, 5, 5, 4]",False,False,False,False,False,0.007071067811865475,0.0069246971661811344,24,24,24,0,0.0,{},0.7979924002220411,0.7367172018533923,0.0,False,True,False,False,True,False,0.0,8.043164527732092,-5.487705682191426,8.043164527732092,94.75,1.0892647876685062,0.044115931277003244,False,1.3139008127008838,False,0.023958333333333304,False,False,0.002756135586011068,0.023958333333333304,False,False,2.220722638611133,0.02636975313328829,True,False,0.2234558129483691,0.019835856622084883,True,False,0.1888265914050568,False,False,forward_only_adequate
671,sequential_evalue,martingale_evalue,True,ok,0.6597307505089128,3.1163844120866244,5.825262554941559,-5.248318361922975,33.39155152480257,1.0,1.0,,,1.0,1.0,-0.941452025809935,-0.6568005755314033,2245,24,"[480, 447, 467, 480, 371]","[5, 5, 5, 5, 4]",False,False,False,False,False,0.007071067811865475,0.0069960851141999325,24,24,24,0,0.0,{},0.7929954900537775,0.6542063978798638,0.0,False,True,False,False,True,False,0.0,5.825262554941559,-5.248318361922975,5.825262554941559,93.54166666666667,1.1297028891592895,0.018135604799886462,False,1.3153075323321204,False,0.0215277777777777,False,False,0.003057400125883496,0.0215277777777777,False,False,1.0809568620053878,0.27971630298687855,True,False,0.14444256399484523,0.1531584767729938,True,False,0.5597923165148071,False,False,forward_only_adequate
672,sequential_evalue,martingale_evalue,True,ok,0.31418985010943307,3.542915069881438,5.860953201267059,-6.124789422343624,33.629364325512235,1.0,1.0,,,1.0,1.0,-0.7930072456219357,-0.7905129615684199,2238,24,"[474, 476, 453, 450, 385]","[5, 5, 5, 5, 4]",False,False,False,False,False,0.007071067811865475,0.006920929588030636,24,24,24,0,0.0,{},0.7787091369160084,0.7093220349697565,0.0,False,True,False,False,True,False,0.0,5.860953201267059,-6.124789422343624,5.860953201267059,93.25,1.123770205904532,0.011176336622410016,False,1.240240561154598,False,0.014930555555555558,False,False,0.0013560447825586585,0.014930555555555558,False,False,-0.7804667028924582,0.43511621915841103,True,False,0.23228677084450663,0.12041430053038502,True,False,-0.040551009888598374,False,False,forward_only_adequate
673,sequential_evalue,martingale_evalue,True,ok,-5.618453561403221,4.066140891494175,0.35299977946004724,-13.09756770126081,34.02719637014856,1.0,1.0,,,1.0,1.0,-0.05900676457810583,-1.2743626960947518,2236,24,"[456, 474, 464, 472, 370]","[5, 5, 5, 5, 4]",False,False,False,False,False,0.007071067811865475,0.006965984132959542,24,24,24,0,0.0,{},0.7819376539534684,0.7353136678894054,0.0,False,True,False,False,True,False,0.0,0.35299977946004724,-13.09756770126081,0.35299977946004724,93.16666666666667,1.143954975028824,0.0074743331784854405,False,1.2317398603173,False,0.0444444444444444,False,False,0.03467516069549188,0.0444444444444444,False,False,-0.9877501816853558,0.32327501143302906,True,False,0.1390306613500861,0.15669954284153245,True,False,-1.4265092868773745,False,False,forward_only_adequate
674,sequential_evalue,martingale_evalue,True,ok,-1.5474185962558675,3.9127466003827354,4.888213804692252,-8.471255192153222,34.46001293624224,1.0,1.0,,,1.0,1.0,-0.7338875770624621,-1.0066035016610317,2224,24,"[474, 467, 462, 439, 382]","[5, 5, 5, 5, 4]",False,False,False,False,False,0.007071067811865475,0.006971667214097197,24,24,24,0,0.0,{},0.7937283421103887,0.7045671328645041,0.0,False,True,False,False,True,False,0.0,4.888213804692252,-8.471255192153222,4.888213804692252,92.66666666666667,1.1563355013405905,0.015536606054744237,False,1.2776332003630537,False,0.017708333333333326,False,False,0.007748448355715894,0.017708333333333326,False,False,0.23597970383003194,0.8134484194638141,True,False,0.1318358670166653,0.2593450975416636,True,False,-0.5165138062936532,False,False,forward_only_adequate
675,sequential_evalue,martingale_evalue,True,ok,1.397333360550018,3.5920561360737437,8.005249939174085,-5.362195111343203,33.496038161893615,1.0,1.0,,,1.0,1.0,-0.8392336789934218,-0.17720050152900918,2236,24,"[477, 455, 458, 468, 378]","[5, 5, 5, 5, 4]",False,False,False,False,False,0.007071067811865475,0.007001076605246283,24,24,24,0,0.0,{},0.7751406718346301,0.7286425742633935,0.0,False,True,False,False,True,False,0.0,8.005249939174085,-5.362195111343202,8.005249939174085,93.16666666666667,1.1317709840611447,0.014400609471259792,False,1.2951435079935973,False,0.02604166666666674,False,False,0.0070736024304150135,0.02604166666666674,False,False,-0.0968916032089573,0.9228124771010584,True,False,0.26665050758220404,0.06735826344816598,True,False,0.7871013228205391,False,False,forward_only_adequate
676,sequential_evalue,martingale_evalue,True,ok,4.240352839515957,3.4519698849606955,9.775673035860482,-1.900939486891522,34.333379662743056,1.0,0.8944436483386466,,,1.0,0.8944436483386466,-1.1120947190984605,0.11155337596231496,2192,24,"[446, 448, 468, 476, 354]","[5, 5, 5, 5, 4]",False,False,False,False,False,0.007071067811865475,0.006992903013678812,24,24,24,0,0.0,{},0.7698388525767144,0.6742044524965999,0.0,False,True,False,False,True,False,0.0,9.775673035860482,-1.900939486891522,9.775673035860482,91.33333333333333,1.1472517249533312,0.0101087532251094,False,1.2493138885860162,False,0.023958333333333304,False,False,0.024871654620501737,0.023958333333333304,False,False,0.30935416619784634,0.7570521315536332,True,False,0.06762528882227953,0.4936020799196148,True,False,-0.6981794996245113,False,False,forward_only_adequate
677,sequential_evalue,martingale_evalue,True,ok,0.662248211179497,3.5828551130059614,6.409703086881351,-5.801039287415605,32.74681405767322,1.0,1.0,,,1.0,1.0,-0.8777781440264114,-0.20213145880896427,2235,24,"[463, 454, 462, 473, 383]","[5, 5, 5, 5, 4]",False,False,False,False,False,0.007071067811865475,0.007009155956980513,24,24,24,0,0.0,{},0.7983532501683231,0.6754066387854755,0.0,False,True,False,False,True,False,0.0,6.409703086881351,-5.801039287415605,6.409703086881351,93.125,1.1074851826007752,0.014384667402370307,False,1.259398559054693,False,0.025694444444444464,False,False,0.003138921207504113,0.025694444444444464,False,False,-1.2465743067212838,0.21255362751433915,True,False,0.26103963349833526,0.015622659219947311,True,False,-0.9408488455643667,False,False,forward_only_adequate
678,sequential_evalue,martingale_evalue,True,ok,5.414372111155295,4.116651467366229,12.583780273015204,-1.1427891016403118,32.53084622537725,1.0,0.7661875695768913,,,1.0,0.7661875695768913,-1.0822645739110455,0.2663282703177055,2276,24,"[470, 481, 474, 474, 377]","[5, 5, 5, 5, 4]",False,False,False,False,False,0.007071067811865475,0.007031584822979225,24,24,24,0,0.0,{},0.7878939199306572,0.681253387426092,0.0,False,True,False,False,True,False,0.0,12.583780273015202,-1.1427891016403118,12.583780273015202,94.83333333333333,1.1137791744858179,0.013699808999999783,False,1.3434716993800595,False,0.01666666666666672,False,False,0.03425999337657412,0.01666666666666672,False,False,-0.9360535289688916,0.3492456279024635,True,False,0.15536323604286603,0.20333580503817944,True,False,0.6521209214670215,False,False,forward_only_adequate
679,sequential_evalue,martingale_evalue,True,ok,-2.8859892621956753,3.9202971472202646,4.176584484948481,-9.090451068146635,37.045025079814764,1.0,1.0,,,1.0,1.0,-0.7530563412464546,-1.0586924775397366,2209,24,"[462, 457, 472, 480, 338]","[5, 5, 5, 5, 4]",False,False,False,False,False,0.007071067811865475,0.006883930212196238,24,24,24,0,0.0,{},0.7841364050382403,0.6593164428283773,0.0,False,True,False,False,True,False,0.0,4.176584484948481,-9.090451068146635,4.176584484948481,92.04166666666667,1.2232876562519497,0.019213529922467686,False,1.2798003786970218,False,0.014930555555555558,False,False,0.014795647890988143,0.014930555555555558,False,False,-1.2937567529336358,0.19574945516119702,True,False,0.13390312096534215,0.2607440976357596,True,False,-1.3360298939570063,False,False,forward_only_adequate
680,sequential_evalue,martingale_evalue,True,ok,-0.171949797917286,3.2909702313778952,5.1775975222913635,-5.527466680115357,34.6075380706349,1.0,1.0,,,1.0,1.0,-0.9083989647921316,-0.9201423981290968,2236,24,"[464, 469, 476, 460, 367]","[5, 5, 5, 5, 4]",False,False,False,False,False,0.007071067811865475,0.0069296946859101595,24,24,24,0,0.0,{},0.7934124045655221,0.7272211330535274,0.0,False,True,False,False,True,False,0.0,5.1775975222913635,-5.527466680115357,5.1775975222913635,93.16666666666667,1.1574042931239559,0.013626840360616331,False,1.2688672717599079,False,0.03194444444444444,False,False,0.0006800862710197931,0.03194444444444444,False,False,0.7290437644143304,0.4659748921779533,True,False,0.27479112900614705,0.016150209141526723,True,False,1.7108613970539814,False,False,forward_only_adequate
681,sequential_evalue,martingale_evalue,True,ok,1.963234602000296,3.277861192113755,7.833276247516707,-3.6520816761741264,32.980740917576895,1.0,1.0,,,1.0,1.0,-1.0297558492006096,-0.6950019231500624,2242,24,"[452, 463, 477, 477, 373]","[5, 5, 5, 5, 4]",False,False,False,False,False,0.007071067811865475,0.006897873184480495,24,24,24,0,0.0,{},0.7921104650312822,0.695925805708384,0.0,False,True,False,False,True,False,0.0,7.833276247516707,-3.652081676174126,7.833276247516707,93.41666666666667,1.0994052366240494,0.00042315919052706184,False,1.312061921636567,False,0.020486111111111094,False,False,0.010755209193411022,0.020486111111111094,False,False,0.8336438192828081,0.404481725222814,True,False,0.13872459979120377,0.17622887072209623,True,False,0.608964988524825,False,False,forward_only_adequate
682,sequential_evalue,martingale_evalue,True,ok,-0.4171300511354315,4.084306778807109,7.342112687345912,-7.126782276416533,33.35737084847759,1.0,1.0,,,1.0,1.0,-0.6885007840650463,-0.8501355874308052,2212,24,"[458, 464, 450, 468, 372]","[5, 5, 5, 5, 4]",False,False,False,False,False,0.007071067811865475,0.006922671821849497,24,24,24,0,0.0,{},0.7701432422458048,0.7191625835919926,0.0,False,True,False,False,True,False,0.0,7.342112687345913,-7.126782276416532,7.342112687345913,92.16666666666667,1.10846631979674,0.025654762567868014,False,1.2897664991901272,False,0.030902777777777724,False,False,0.001879906174049757,0.030902777777777724,False,False,-0.1127685617696222,0.9102140433904122,True,False,0.14433027590512124,0.01143388836576865,True,False,0.7420955335251433,False,False,forward_only_adequate
683,sequential_evalue,martingale_evalue,True,ok,2.4587035279218514,3.513749955084315,7.6609759341071495,-3.995612410966871,34.35740389801765,1.0,1.0,,,1.0,1.0,-0.809253009057154,-0.4403040196957777,2198,24,"[475, 464, 461, 441, 357]","[5, 5, 5, 5, 4]",False,False,False,False,False,0.007071067811865475,0.006960538102417277,24,24,24,0,0.0,{},0.7774479145091296,0.7141300510463433,0.0,False,True,False,False,True,False,0.0,7.6609759341071495,-3.995612410966871,7.6609759341071495,91.58333333333333,1.1443039131380743,0.0070316243775278885,False,1.2724954419469041,False,0.033333333333333326,False,False,0.013289818351512191,0.033333333333333326,False,False,-0.986899932677712,0.3236916972574072,True,False,0.10258993448439875,0.2033366244923629,True,False,0.37657138780221916,False,False,forward_only_adequate
684,sequential_evalue,martingale_evalue,True,ok,1.311054897969137,3.909565373158814,7.233892150224177,-6.586033222040353,34.23151746939224,1.0,1.0,,,1.0,1.0,-0.11077064267300157,-0.37221991854965697,2215,24,"[459, 446, 475, 454, 381]","[5, 5, 5, 5, 4]",False,False,False,False,False,0.007071067811865475,0.007006075570845732,24,24,24,0,0.0,{},0.7785832517411186,0.6739824096417458,0.0,False,True,False,False,True,False,0.0,7.233892150224176,-6.586033222040353,7.233892150224176,92.29166666666667,1.151999307278012,0.02591423161972686,False,1.2176522025609793,False,0.0336805555555556,False,False,0.006452153770200442,0.0336805555555556,False,False,-1.2287022167445059,0.2191834747824023,True,False,0.1280875054948285,0.01781731928269003,True,False,-0.34123312334295974,False,False,forward_only_adequate
685,sequential_evalue,martingale_evalue,True,ok,-0.9328245786776499,4.1355848539567175,6.969637539200112,-7.645667350611412,33.865296606437965,1.0,1.0,,,1.0,1.0,-0.8566665649025502,-1.035163075296002,2235,24,"[463, 460, 470, 472, 370]","[5, 5, 5, 5, 4]",False,False,False,False,False,0.007071067811865475,0.006908470748436832,24,24,24,0,0.0,{},0.7882964353874136,0.7020789870225274,0.0,False,True,False,False,True,False,0.0,6.969637539200112,-7.645667350611412,6.969637539200112,93.125,1.128859660620206,0.005918981575722905,False,1.3049083868653826,False,0.031597222222222165,False,False,0.004503049506721619,0.031597222222222165,False,False,-3.216943188283529,0.00129564251945371,True,True,0.23414292251316532,0.04084018677734543,True,False,-0.8736953058320787,False,True,selection_limited
686,sequential_evalue,martingale_evalue,True,ok,-2.372887622594313,4.208006298107763,4.877387810039716,-10.951092851035641,34.096525567786394,1.0,1.0,,,1.0,1.0,-0.46707936821634266,-0.8551877858187572,2193,24,"[476, 463, 438, 465, 351]","[5, 5, 5, 5, 4]",False,False,False,False,False,0.007071067811865475,0.00689401178464131,24,24,24,0,0.0,{},0.762253275107043,0.6583595625787871,0.0,False,True,False,False,True,False,0.0,4.877387810039716,-10.951092851035641,4.877387810039716,91.375,1.1234812983060956,0.009204770951227384,False,1.2846324527713777,False,0.00694444444444442,False,False,0.013030908686228308,0.00694444444444442,False,False,-2.405014108891933,0.01617184141635721,True,False,0.16334117057808994,0.11529266588714293,True,False,-1.2426742356711469,False,False,forward_only_adequate
687,sequential_evalue,martingale_evalue,True,ok,-0.49863733863259724,3.4095531747561956,5.544231358201848,-5.94996118380405,34.55122858925145,1.0,1.0,,,1.0,1.0,-0.7106063946815802,-0.7115003820517248,2175,24,"[450, 456, 460, 459, 350]","[5, 5, 5, 5, 4]",False,False,False,False,False,0.007071067811865475,0.006952187170519857,24,24,24,0,0.0,{},0.7669591286027972,0.6732633902447426,0.0,False,True,False,False,True,False,0.0,5.544231358201848,-5.94996118380405,5.544231358201848,90.625,1.1433493912504589,0.011643044998876731,False,1.284852935032822,False,0.027083333333333237,False,False,0.0022122485099310496,0.027083333333333237,False,False,-0.8665073623409206,0.3862119907002588,True,False,0.10119899050927271,0.21984304421041131,True,False,-1.5734797275499492,False,False,forward_only_adequate
688,sequential_evalue,martingale_evalue,True,ok,-0.3775295785607482,3.074773827946143,4.282387031795874,-6.262083106631314,34.907782621277825,1.0,1.0,,,1.0,1.0,-1.0054051173528473,-1.0060698728352786,2216,24,"[468, 482, 452, 447, 367]","[5, 5, 5, 5, 4]",False,False,False,False,False,0.007071067811865475,0.006955823795095629,24,24,24,0,0.0,{},0.7752278505205776,0.697858412687702,0.0,False,True,False,False,True,False,0.0,4.282387031795874,-6.262083106631313,4.282387031795874,92.33333333333333,1.1665949612192124,0.007222235733218776,False,1.235179582198156,False,0.007638888888888862,False,False,0.001592266526406423,0.007638888888888862,False,False,0.6978474737829481,0.485272586223053,True,False,0.24646957405872416,0.054948180935680664,True,False,0.803206304898847,False,False,forward_only_adequate
689,sequential_evalue,martingale_evalue,True,ok,-0.01612112481524945,3.5328359391070157,6.332454881652741,-5.587757255707632,32.03442848600082,1.0,1.0,,,1.0,1.0,-0.9676052040484824,-0.9051336832207513,2241,24,"[469, 463, 469, 468, 372]","[5, 5, 5, 5, 4]",False,False,False,False,False,0.007071067811865475,0.007005027442937094,24,24,24,0,0.0,{},0.7916735379408197,0.71156043848193,0.0,False,True,False,False,True,False,0.0,6.332454881652741,-5.587757255707632,6.332454881652741,93.375,1.0842068157092914,0.005358684350337935,False,1.3007208552378553,False,0.011458333333333348,False,False,5.75430938712751e-05,0.011458333333333348,False,False,1.6741167748225654,0.09410765159104817,True,False,0.20625848672874128,0.023272227211756435,True,False,-0.9303691131432813,False,False,forward_only_adequate
690,sequential_evalue,martingale_evalue,True,ok,6.981591601032561,2.5259970087386336,11.372543962537492,2.714955202961951,32.79130433810911,1.0,1.0,,,1.0,1.0,-1.3737658359601241,-0.33662207034441427,2226,24,"[462, 470, 470, 450, 374]","[5, 5, 5, 5, 4]",False,False,False,False,False,0.007071067811865475,0.006989154302936874,24,24,24,0,0.0,{},0.7731572223213883,0.7157038326597186,0.0,False,True,False,False,True,False,0.0,11.372543962537492,2.714955202961951,11.372543962537492,92.75,1.1035964228645212,0.011546707031571821,False,1.2297285615419749,False,0.009027777777777857,False,False,0.04671184807530652,0.009027777777777857,False,False,0.6074903056363304,0.5435255742687607,True,False,0.23515944079262113,0.05010311010192054,True,False,1.0387630381706117,False,False,forward_only_adequate
691,sequential_evalue,martingale_evalue,True,ok,-1.2069882781374603,4.094921704468971,6.272845183392497,-7.521006572265495,33.147412104790604,1.0,1.0,,,1.0,1.0,-0.7292115299679978,-1.0829711557802408,2251,24,"[459, 466, 474, 473, 379]","[5, 5, 5, 5, 4]",False,False,False,False,False,0.007071067811865475,0.007032361861164513,24,24,24,0,0.0,{},0.7923165620895277,0.7175442287192224,0.0,False,True,False,False,True,False,0.0,6.272845183392497,-7.521006572265495,6.272845183392497,93.79166666666667,1.1287635288509719,0.0056517881718149785,False,1.2571999787119696,False,0.02604166666666663,False,False,0.006014469385767092,0.02604166666666663,False,False,0.052720070947550664,0.9579549469593683,True,False,0.19281023671564074,0.14574627944728902,True,False,-0.54595182174401,False,False,forward_only_adequate
692,sequential_evalue,martingale_evalue,True,ok,-1.6547229214716968,2.7805759663033762,3.284608114383401,-6.106752717468862,32.97366110246781,1.0,1.0,,,1.0,1.0,-0.8223883445486893,-1.034645371626342,2250,24,"[466, 475, 459, 470, 380]","[5, 5, 5, 5, 4]",False,False,False,False,False,0.007071067811865475,0.00692939685853552,24,24,24,0,0.0,{},0.787496726499346,0.7057588458496767,0.0,False,True,False,False,True,False,0.0,3.284608114383401,-6.106752717468862,3.284608114383401,93.75,1.1061607579025594,0.02074266352553932,False,1.3472003408204927,False,0.031597222222222165,False,False,0.008791858300571586,0.031597222222222165,False,False,-0.08727649063210402,0.9304517404597467,True,False,0.0727519190874319,0.3315322567625677,True,False,-0.28434042634752926,False,False,forward_only_adequate
693,sequential_evalue,martingale_evalue,True,ok,-1.010467652875815,3.908899419202118,5.299222973762188,-8.637317197305311,34.14414934529184,1.0,1.0,,,1.0,1.0,-0.908641081708103,-1.0259325336784773,2186,24,"[454, 452, 461, 445, 374]","[5, 5, 5, 5, 4]",False,False,False,False,False,0.007071067811865475,0.006959440934810031,24,24,24,0,0.0,{},0.7577934897219152,0.7029302711845167,0.0,False,True,False,False,True,False,0.0,5.299222973762188,-8.637317197305311,5.299222973762188,91.08333333333333,1.133913988343306,0.03580479630927992,False,1.2907899123967737,False,0.03298611111111116,False,False,0.004900487657528438,0.03298611111111116,False,False,0.7576585838927096,0.4486553989136606,True,False,0.11643743101417668,0.18886978400538698,True,False,0.008695828803634002,False,False,forward_only_adequate
694,sequential_evalue,martingale_evalue,True,ok,4.582124379544585,2.878939502944598,9.738453089584521,0.1894560656094244,33.01754974581089,1.0,1.0,,,1.0,1.0,-1.2537101174406529,-0.4623002201744659,2220,24,"[474, 457, 440, 481, 368]","[5, 5, 5, 5, 4]",False,False,False,False,False,0.007071067811865475,0.007010883274092712,24,24,24,0,0.0,{},0.7815197199437405,0.6877167197514549,0.0,False,True,False,False,True,False,0.0,9.738453089584521,0.1894560656094244,9.738453089584521,92.5,1.1131621938667577,0.01129351674255324,False,1.3050228377873259,False,0.03645833333333337,False,False,0.02819903071561872,0.03645833333333337,False,False,0.041696024635865546,0.9667410230879759,True,False,0.15401735465855493,0.09096754532322687,True,False,0.8888552886060753,False,False,forward_only_adequate
695,sequential_evalue,martingale_evalue,True,ok,-5.114378313380594,2.6997654195124348,0.12469038090649054,-9.433254585587287,33.11794249475661,1.0,1.0,,,1.0,1.0,-0.29659534729258863,-1.2244485825859888,2214,24,"[454, 454, 458, 470, 378]","[5, 5, 5, 5, 4]",False,False,False,False,False,0.007071067811865475,0.006953712454565218,24,24,24,0,0.0,{},0.7775082716497473,0.6925266981197992,0.0,False,True,False,False,True,False,0.0,0.12469038090649054,-9.433254585587287,0.12469038090649054,92.25,1.1059443328240905,0.009330739462494013,False,1.3387947589670042,False,0.023958333333333304,False,False,0.03231180253121432,0.023958333333333304,False,False,0.3116984028902012,0.755269741842339,True,False,0.11859697025921905,0.3358154282680258,True,False,-1.8836606991837193,False,False,forward_only_adequate
696,sequential_evalue,martingale_evalue,True,ok,0.4556854819200522,3.402184617308719,6.729436069521357,-5.360112826725412,34.31741501619726,1.0,1.0,,,1.0,1.0,-0.7897175128661438,-0.7553349193020058,2209,24,"[459, 461, 454, 470, 365]","[5, 5, 5, 5, 4]",False,False,False,False,False,0.007071067811865475,0.006977358936902696,24,24,24,0,0.0,{},0.7813259907265558,0.7162314252788636,0.0,False,True,False,False,True,False,0.0,6.729436069521358,-5.360112826725412,6.729436069521358,92.04166666666667,1.148597517485636,0.042005862482288825,False,1.2673982110557702,False,0.01041666666666674,False,False,0.0019927005335715186,0.01041666666666674,False,False,-0.5151623248497061,0.6064395936327848,True,False,0.17649404084312237,0.1578476740666824,True,False,0.39240335429081163,False,False,forward_only_adequate
697,sequential_evalue,martingale_evalue,True,ok,-0.06994027772642279,3.320937929927975,5.672986916396064,-6.220554472298467,33.01983209017544,1.0,1.0,,,1.0,1.0,-0.9956736981091914,-0.9802279624724792,2202,24,"[484, 451, 464, 452, 351]","[5, 5, 5, 5, 4]",False,False,False,False,False,0.007071067811865475,0.00699428116217982,24,24,24,0,0.0,{},0.7702351432899555,0.6647965098886821,0.0,False,True,False,False,True,False,0.0,5.672986916396064,-6.220554472298467,5.672986916396064,91.75,1.1060913289842846,0.020980764693251056,False,1.3019987468937138,False,0.028819444444444398,False,False,0.00027014987862374886,0.028819444444444398,False,False,-0.11627584538767857,0.9074339283345344,True,False,0.23000018011319534,0.03052807913239619,True,False,-0.2543321388828174,False,False,forward_only_adequate
698,sequential_evalue,martingale_evalue,True,ok,-3.3676748012629276,3.5455375507055518,2.521702633101935,-9.324717939586073,34.11981610367415,1.0,1.0,,,1.0,1.0,-0.4183926612836787,-1.1358717008318293,2209,24,"[466, 462, 442, 464, 375]","[5, 5, 5, 5, 4]",False,False,False,False,False,0.007071067811865475,0.007003727014323277,24,24,24,0,0.0,{},0.7763365086738768,0.7102840258089257,0.0,False,True,False,False,True,False,0.0,2.521702633101935,-9.324717939586073,2.521702633101935,92.04166666666667,1.1462995801713067,0.018857975936768585,False,1.3005079347844974,False,0.04166666666666674,False,False,0.019054165678127285,0.04166666666666674,False,False,0.9347211471865056,0.34993202569724124,True,False,0.14397652844006412,0.06554787225940262,True,False,0.07019816416845419,False,False,forward_only_adequate
699,sequential_evalue,martingale_evalue,True,ok,5.154871948435054,3.5530805979990845,10.740813175755253,-2.227761455132078,33.54950279188945,1.0,1.0,,,1.0,1.0,-1.271300642694218,-0.313551306096748,2248,24,"[462, 465, 476, 471, 374]","[5, 5, 5, 5, 4]",False,False,False,False,False,0.007071067811865475,0.0069769622936061634,24,24,24,0,0.0,{},0.7963612313215606,0.6952389867330913,0.0,False,True,False,False,True,False,0.0,10.740813175755255,-2.227761455132078,10.740813175755255,93.66666666666667,1.132700262240178,0.015525102868168347,False,1.2388239155960328,False,0.02430555555555558,False,False,0.03171123665500613,0.02430555555555558,False,False,0.3281501081495843,0.7427981688407688,True,False,0.10261476825571245,0.20735986488623348,True,False,-0.26485378682851846,False,False,forward_only_adequate
700,sequential_evalue,martingale_evalue,True,ok,-3.97388953847727,2.8179171738961744,1.0322186011137453,-8.5417016829352,33.01177748614548,1.0,1.0,,,1.0,1.0,-0.5895071815642496,-1.2131819247724933,2240,24,"[461, 467, 460, 481, 371]","[5, 5, 5, 5, 4]",False,False,False,False,False,0.007071067811865475,0.006980960562226467,24,24,24,0,0.0,{},0.7867548033629653,0.7060793571504408,0.0,False,True,False,False,True,False,0.0,1.0322186011137453,-8.5417016829352,1.0322186011137453,93.33333333333333,1.1131981766070855,0.016313893730189755,False,1.340772033075772,False,0.025347222222222188,False,False,0.023885417296394033,0.025347222222222188,False,False,-1.630087980272329,0.103082903712652,True,False,0.14481063792014534,0.24111274677241976,True,False,-1.1965424626846053,False,False,forward_only_adequate
701,sequential_evalue,martingale_evalue,True,ok,1.2072088712508215,3.611875846476607,7.709080540791074,-4.534447840670837,33.815451689206576,1.0,1.0,,,1.0,1.0,-0.7304272343335647,-0.49738281132191564,2224,24,"[465, 459, 463, 457, 380]","[5, 5, 5, 5, 4]",False,False,False,False,False,0.007071067811865475,0.006925126135339797,24,24,24,0,0.0,{},0.7804971776577041,0.7267276549404033,0.0,False,True,False,False,True,False,0.0,7.709080540791074,-4.534447840670837,7.709080540791074,92.66666666666667,1.1271316783751721,0.05454047012912722,False,1.309628531162581,False,0.03298611111111116,False,False,0.006025517099780624,0.03298611111111116,False,False,0.3116497125346865,0.7553067492929376,True,False,0.15117255521958836,0.07604324061108737,True,False,-0.4156181633447243,False,False,forward_only_adequate
702,sequential_evalue,martingale_evalue,True,ok,2.9533433624593717,3.8533601680027343,10.70199269872138,-2.7780619919254455,35.19228025952406,1.0,1.0,,,1.0,1.0,-1.105827181212129,-0.7550501734756601,2204,24,"[480, 457, 460, 449, 358]","[5, 5, 5, 5, 4]",False,False,False,False,False,0.007071067811865475,0.006884076428024374,24,24,24,0,0.0,{},0.7668396567980065,0.6661788887575182,0.0,False,True,False,False,True,False,0.0,10.701992698721378,-2.7780619919254455,10.701992698721378,91.83333333333333,1.1608156896329607,0.004240863944921309,False,1.2621662430294238,False,0.018055555555555602,False,False,0.01613849501261793,0.018055555555555602,False,False,1.331514852839216,0.18301966109741286,True,False,0.23204509536801432,0.027525438567751307,True,False,0.18316484417876594,False,False,forward_only_adequate
703,sequential_evalue,martingale_evalue,True,ok,-3.743311729056918,3.2910528204535283,2.4163241201117054,-8.864175331432707,33.40430343012487,1.0,1.0,,,1.0,1.0,-0.17160529789323942,-0.9204323244849492,2209,24,"[459, 463, 457, 468, 362]","[5, 5, 5, 5, 4]",False,False,False,False,False,0.007071067811865475,0.006998012120942706,24,24,24,0,0.0,{},0.7737923069860875,0.7115859102178974,0.0,False,True,False,False,True,False,0.0,2.4163241201117054,-8.864175331432707,2.4163241201117054,92.04166666666667,1.121345260402325,0.011616402474602622,False,1.2323598968048541,False,0.009722222222222188,False,False,0.022094635638049667,0.009722222222222188,False,False,-0.8644368881721731,0.3873479360946256,True,False,0.20111255967345198,0.0074540972147126025,True,False,-0.198564970680676,False,False,forward_only_adequate
704,sequential_evalue,martingale_evalue,True,ok,4.992558097501175,4.041700364270304,11.284309297726997,-2.7451830529121546,34.4378403483179,1.0,1.0,,,1.0,1.0,-1.2063864950516852,-0.4224716661403394,2247,24,"[460, 464, 472, 469, 382]","[5, 5, 5, 5, 4]",False,False,False,False,False,0.007071067811865475,0.0070162731652446,24,24,24,0,0.0,{},0.7849578713586934,0.7323450955013957,0.0,False,True,False,False,True,False,0.0,11.284309297726997,-2.745183052912155,11.284309297726997,93.625,1.1689833275470607,0.0073046985059489035,False,1.3687128202777632,False,0.04791666666666672,False,False,0.0294398518140888,0.04791666666666672,False,False,2.6133106594235893,0.00896697535155716,True,False,0.19870335853981808,0.10477936019816032,True,False,2.020830939279696,False,False,forward_only_adequate
705,sequential_evalue,martingale_evalue,True,ok,-0.11065422227916244,4.412666382115629,7.341089202295514,-8.052154449782364,33.31041557207956,1.0,1.0,,,1.0,1.0,-1.0296168813426616,-0.9382068220142374,2218,24,"[462, 457, 462, 443, 394]","[5, 5, 5, 5, 4]",False,False,False,False,False,0.007071067811865475,0.007043187453518821,24,24,24,0,0.0,{},0.7694284676410961,0.7176508025744003,0.0,False,True,False,False,True,False,0.0,7.341089202295514,-8.052154449782364,7.341089202295514,92.41666666666667,1.1277022644168604,0.013484851334942143,False,1.2943788174892081,False,0.03402777777777777,False,False,0.00043386520979586066,0.03402777777777777,False,False,-0.026828121727948784,0.9785968233913944,True,False,0.1787506588177638,0.05077378294747497,True,False,-0.039863720795420186,False,False,forward_only_adequate
706,sequential_evalue,martingale_evalue,True,ok,-1.1934708820775746,4.6747744980571895,6.510159040203661,-9.256651008926507,34.61783605050638,1.0,1.0,,,1.0,1.0,-0.5721519860897969,-0.6878041926232742,2203,24,"[461, 467, 452, 451, 372]","[5, 5, 5, 5, 4]",False,False,False,False,False,0.007071067811865475,0.006832711520634186,24,24,24,0,0.0,{},0.7735187904472745,0.6866648554481023,0.0,False,True,False,False,True,False,0.0,6.510159040203661,-9.256651008926507,6.510159040203661,91.79166666666667,1.133090592666959,0.01269476370514221,False,1.2654535924825785,False,0.015972222222222276,False,False,0.005913148131765542,0.015972222222222276,False,False,1.224204798148735,0.22087497959788505,True,False,0.15049173006400327,0.2498826770965151,True,False,-0.3708470515785208,False,False,forward_only_adequate
707,sequential_evalue,martingale_evalue,True,ok,2.927928880488645,3.2464749177667573,8.07005646535741,-2.958184622135299,33.75047534529938,1.0,1.0,,,1.0,1.0,-1.1306545852115664,-0.7057641125423904,2225,24,"[472, 470, 449, 464, 370]","[5, 5, 5, 5, 4]",False,False,False,False,False,0.007071067811865475,0.0069474596825367385,24,24,24,0,0.0,{},0.7866986543717265,0.703473849824705,0.0,False,True,False,False,True,False,0.0,8.07005646535741,-2.958184622135299,8.07005646535741,92.70833333333333,1.128847616055498,0.008058036535003709,False,1.2972493751406793,False,0.029166666666666563,False,False,0.016501119228336653,0.029166666666666563,False,False,1.5959905785911674,0.11049089681902445,True,False,0.24279804032745464,0.03938187111408039,True,False,0.42575822359404497,False,False,forward_only_adequate
708,sequential_evalue,martingale_evalue,True,ok,4.726183803768342,3.2585315044707652,10.193152839632074,-0.59381501057947,34.371863795457834,1.0,1.0,,,1.0,1.0,-1.2531097836313962,-0.5245124916841726,2220,24,"[458, 460, 467, 464, 371]","[5, 5, 5, 5, 4]",False,False,False,False,False,0.007071067811865475,0.006918923522638647,24,24,24,0,0.0,{},0.7802536483116143,0.7009418165936283,0.0,False,True,False,False,True,False,0.0,10.193152839632074,-0.59381501057947,10.193152839632074,92.5,1.1436219518996265,0.027738745691114727,False,1.3386352155137355,False,0.01388888888888884,False,False,0.02832973544015721,0.01388888888888884,False,False,1.9508664336472867,0.05107293652944313,True,False,0.1957495387675571,0.008577840087763439,True,False,1.911350598706471,False,False,forward_only_adequate
709,sequential_evalue,martingale_evalue,True,ok,-3.0100546948760916,3.4279938956448235,3.385525455223162,-8.495809092726585,34.358125596730176,1.0,1.0,,,1.0,1.0,-0.596233888106831,-1.167460580487039,2213,24,"[464, 455, 461, 467, 366]","[5, 5, 5, 5, 4]",False,False,False,False,False,0.007071067811865475,0.007083615769912812,24,24,24,0,0.0,{},0.777126135357389,0.7120928210845241,0.0,False,True,False,False,True,False,0.0,3.385525455223162,-8.495809092726585,3.385525455223162,92.20833333333333,1.168529146665646,0.012034336968723896,False,1.3077317060658393,False,0.026388888888888906,False,False,0.016370685342581914,0.026388888888888906,False,False,0.29298346973469336,0.7695347868032764,True,False,0.2589603051373635,0.0023284103301015754,True,False,-0.2861446385410301,False,False,forward_only_adequate
710,sequential_evalue,martingale_evalue,True,ok,-3.0999623880236467,3.7610488484649385,2.7586645702016996,-10.398899477950772,32.73302614678053,1.0,1.0,,,1.0,1.0,-0.1217930711811297,-0.44627796196183434,2264,24,"[483, 457, 485, 471, 368]","[5, 5, 5, 5, 4]",False,False,False,False,False,0.007071067811865475,0.006992329910965858,24,24,24,0,0.0,{},0.7902937515812912,0.7303540052472378,0.0,False,True,False,False,True,False,0.0,2.7586645702017,-10.398899477950772,2.7586645702017,94.33333333333333,1.1115030610268213,0.011995262427488771,False,1.2480775810701388,False,0.021527777777777812,False,False,0.017942505396781116,0.021527777777777812,False,False,-0.5071649446258732,0.6120390894667416,True,False,0.17430763942636088,0.17979721614404562,True,False,-1.0542262548594883,False,False,forward_only_adequate
711,sequential_evalue,martingale_evalue,True,ok,-3.398171887211294,3.7542270616185895,2.4153869092401297,-10.693869738149056,33.749347053733764,1.0,1.0,,,1.0,1.0,-0.7373988557166968,-1.178209322195005,2230,24,"[476, 466, 465, 455, 368]","[5, 5, 5, 5, 4]",False,False,False,False,False,0.007071067811865475,0.007016088879162587,24,24,24,0,0.0,{},0.7866615039575614,0.7044626933383955,0.0,False,True,False,False,True,False,0.0,2.4153869092401297,-10.693869738149056,2.4153869092401297,92.91666666666667,1.141240753877181,0.018551926770788412,False,1.2635597988327694,False,0.019444444444444486,False,False,0.019352716614585385,0.019444444444444486,False,False,-1.0870318118788302,0.27702275092094697,True,False,0.1670461160813427,0.0812355619175792,True,False,-0.9338160934004595,False,False,forward_only_adequate
712,sequential_evalue,martingale_evalue,True,ok,1.8998554404804218,3.6075470468946578,8.259150747140891,-4.0846069752261265,33.333447358858095,1.0,1.0,,,1.0,1.0,-1.0531926604423756,-0.4451519383763948,2242,24,"[470, 468, 455, 466, 383]","[5, 5, 5, 5, 4]",False,False,False,False,False,0.007071067811865475,0.007003090075255188,24,24,24,0,0.0,{},0.788023508965271,0.7027505735152326,0.0,False,True,False,False,True,False,0.0,8.259150747140891,-4.0846069752261265,8.259150747140891,93.41666666666667,1.1281117712467466,0.020339348303499906,False,1.2476364244643794,False,0.019444444444444375,False,False,0.01006028790022986,0.019444444444444375,False,False,-0.3239633246591511,0.7459658007572274,True,False,0.17166879018513778,0.022622294102475966,True,False,0.2148839546812902,False,False,forward_only_adequate
713,sequential_evalue,martingale_evalue,True,ok,1.816327051085145,4.958289657321035,10.103914324838243,-6.950375102384013,34.628126378088496,1.0,0.22716870715024504,,,1.0,0.22716870715024504,-0.4674422931953224,1.4820623342345063,2200,24,"[455, 458, 476, 461, 350]","[5, 5, 5, 5, 4]",False,False,False,False,False,0.007071067811865475,0.006892672545698767,24,24,24,0,0.0,{},0.7773652353135854,0.6957372016780982,0.0,False,True,False,False,True,False,0.0,10.103914324838243,-6.950375102384013,10.103914324838243,91.66666666666667,1.1425951188511578,0.03842061589554661,False,1.3013354066987504,False,0.017013888888888884,False,False,0.009420590076035575,0.017013888888888884,False,False,3.007931672557214,0.0026303226931770852,True,True,0.20560460238023576,0.014554216535284215,True,False,3.429966114630447,False,True,selection_limited
714,sequential_evalue,martingale_evalue,True,ok,-7.363424359401364,4.018445295875556,0.518771796429446,-14.093948470548364,34.08521537220944,1.0,1.0,,,1.0,1.0,-0.013006109955401635,-1.3145441793162667,2197,24,"[466, 452, 458, 449, 372]","[5, 5, 5, 5, 4]",False,False,False,False,False,0.007071067811865475,0.00697216447596895,24,24,24,0,0.0,{},0.7622651203461983,0.70565510371158,0.0,False,True,False,False,True,False,0.0,0.518771796429446,-14.093948470548364,0.518771796429446,91.54166666666667,1.1368759469843714,0.008039797640913645,False,1.2902580796680767,False,0.029166666666666674,False,False,0.04802858514194781,0.029166666666666674,False,False,0.4119206865532374,0.6803975578099173,True,False,0.11258063706315309,0.1666435523877951,True,False,-1.335477184707755,False,False,forward_only_adequate
715,sequential_evalue,martingale_evalue,True,ok,2.0739353659280586,3.000964696331715,8.165892575429293,-2.43512847919605,33.11512371768559,1.0,1.0,,,1.0,1.0,-1.1323305086769186,-0.8641636059646587,2251,24,"[478, 469, 455, 478, 371]","[5, 5, 5, 5, 4]",False,False,False,False,False,0.007071067811865475,0.006929623314233413,24,24,24,0,0.0,{},0.7887686176127566,0.7171117585009081,0.0,False,True,False,False,True,False,0.0,8.165892575429293,-2.43512847919605,8.165892575429293,93.79166666666667,1.111189529350256,0.025964748446810668,False,1.3216992651809112,False,0.011805555555555514,False,False,0.011311717548960277,0.011805555555555514,False,False,0.21640220375118446,0.8286742486224502,True,False,0.09638357330693768,0.31854795254919915,True,False,0.2856114457965052,False,False,forward_only_adequate
716,sequential_evalue,martingale_evalue,True,ok,-2.367774832651446,4.283837048395772,5.015807656440844,-9.242351398712856,34.67780813975337,1.0,1.0,,,1.0,1.0,-0.8172812441251944,-1.0981896221307497,2223,24,"[472, 455, 462, 472, 362]","[5, 5, 5, 5, 4]",False,False,False,False,False,0.007071067811865475,0.006925148565046772,24,24,24,0,0.0,{},0.7875041632578745,0.7072535661459423,0.0,False,True,False,False,True,False,0.0,5.015807656440844,-9.242351398712856,5.015807656440844,92.625,1.155619466733006,0.020761410332843715,False,1.2816959437410105,False,0.01215277777777779,False,False,0.012585454871868025,0.01215277777777779,False,False,-0.4043140706614671,0.6859817798113933,True,False,0.12657905713231443,0.1985143184431428,True,False,-0.15904543683328468,False,False,forward_only_adequate
717,sequential_evalue,martingale_evalue,True,ok,-5.9908220689242215,3.799964370028131,-0.472717013727153,-13.421534097848749,34.53080061111878,1.0,1.0,,,1.0,1.0,-0.26425826053051693,-1.219355368226083,2295,24,"[462, 481, 474, 501, 377]","[5, 5, 5, 5, 4]",False,False,False,False,False,0.007071067811865475,0.0069858227157032875,24,24,24,0,0.0,{},0.7995075976658974,0.7617679349279296,0.0,False,True,False,False,True,False,0.0,-0.472717013727153,-13.421534097848749,-0.472717013727153,95.625,1.179451090377182,0.019661197889379447,False,1.2737049480462412,False,0.02604166666666674,False,False,0.03607079257748541,0.02604166666666674,False,False,-1.191930866589165,0.23328835400419046,True,False,0.12895050749745202,0.14898642879762997,True,False,-1.8305681268529579,False,False,forward_only_adequate
718,sequential_evalue,martingale_evalue,True,ok,7.3290010182360525,3.9691192908537647,14.892841410695478,0.630567336426016,33.40430536460805,1.0,1.0,,,1.0,1.0,-1.39213548488322,-0.17532932778531474,2266,24,"[467, 467, 489, 460, 383]","[5, 5, 5, 5, 4]",False,False,False,False,False,0.007071067811865475,0.007009669132914627,24,24,24,0,0.0,{},0.7987609135686549,0.709837185814695,0.0,False,True,False,False,True,False,0.0,14.892841410695477,0.630567336426016,14.892841410695477,94.41666666666667,1.1376123560549922,0.00662314692029323,False,1.2671090094723114,False,0.03194444444444444,False,False,0.047726959016092294,0.03194444444444444,False,False,-0.10027451306891288,0.9201263911159425,True,False,0.1711177019362711,0.07731574589169374,True,False,0.639332155164967,False,False,forward_only_adequate
719,sequential_evalue,martingale_evalue,True,ok,1.4385178648351287,3.3412748295408465,6.691188014650607,-4.854931627047363,33.11312627283493,1.0,1.0,,,1.0,1.0,-0.9538513866555958,-0.7356728036560154,2246,24,"[465, 468, 456, 477, 380]","[5, 5, 5, 5, 4]",False,False,False,False,False,0.007071067811865475,0.006983633096519316,24,24,24,0,0.0,{},0.7930498243009362,0.7283475264537511,0.0,False,True,False,False,True,False,0.0,6.691188014650607,-4.854931627047363,6.691188014650607,93.58333333333333,1.1185382994222202,0.006064943378713005,False,1.2573645874582546,False,0.02881944444444451,False,False,0.007407640323265035,0.02881944444444451,False,False,0.5124930262124532,0.608305999796186,True,False,0.1718594183093924,0.0790308406992431,True,False,0.17559168147273138,False,False,forward_only_adequate
720,sequential_evalue,martingale_evalue,True,ok,-2.4836199258507268,3.74929984389133,5.122066942151108,-8.235697528523623,35.12392403488163,1.0,1.0,,,1.0,1.0,-0.4266794711790164,-0.9684237743996256,2175,24,"[435, 443, 442, 483, 372]","[5, 5, 5, 5, 4]",False,False,False,False,False,0.007071067811865475,0.006858649329336428,24,24,24,0,0.0,{},0.7675070142806686,0.6570654475901365,0.0,False,True,False,False,True,False,0.0,5.122066942151108,-8.235697528523623,5.122066942151108,90.625,1.1466625852732686,0.013226414587828873,False,1.3033536103774042,False,0.02673611111111107,False,False,0.013412667635947803,0.02673611111111107,False,False,-1.506611203987448,0.1319103438669214,True,False,0.15495165350273335,0.1649534131783218,True,False,-2.7075712139045254,False,False,forward_only_adequate
721,sequential_evalue,martingale_evalue,True,ok,-3.879236309872372,3.9948435295167437,2.7629659206841257,-11.061278752510638,33.000085651250394,1.0,1.0,,,1.0,1.0,-0.3763749973433488,-0.6662812596842509,2215,24,"[456, 463, 465, 458, 373]","[5, 5, 5, 5, 4]",False,False,False,False,False,0.007071067811865475,0.006946067371992979,24,24,24,0,0.0,{},0.781549545640963,0.7187798485005341,0.0,False,True,False,False,True,False,0.0,2.7629659206841257,-11.061278752510638,2.7629659206841257,92.29166666666667,1.1010456037123504,0.026440173902020945,False,1.2450336048680177,False,0.042013888888888906,False,False,0.023523473938527,0.042013888888888906,False,False,1.0940869684559402,0.27391683725920235,True,False,0.12862826722362494,0.2039136959570562,True,False,0.6263185895187262,False,False,forward_only_adequate
722,sequential_evalue,martingale_evalue,True,ok,0.9903289293318599,2.6760812132870084,6.191184013306256,-3.0624025942200483,34.606029411277326,1.0,1.0,,,1.0,1.0,-1.0487475720727493,-0.7918366424339839,2234,24,"[454, 460, 473, 470, 377]","[5, 5, 5, 5, 4]",False,False,False,False,False,0.007071067811865475,0.006923893556755659,24,24,24,0,0.0,{},0.771257292069804,0.7153654740213214,0.0,False,True,False,False,True,False,0.0,6.191184013306256,-3.0624025942200483,6.191184013306256,93.08333333333333,1.1558676875148706,0.0032821360471507566,False,1.215070691643027,False,0.014930555555555558,False,False,0.004689251442107898,0.014930555555555558,False,False,1.2356150883401316,0.21660167349396442,True,False,0.1431950914386828,0.29701825943615023,True,False,0.9957964095431766,False,False,forward_only_adequate
723,sequential_evalue,martingale_evalue,True,ok,1.004748008364034,3.241978314016749,6.567988001596748,-4.09836176323559,34.79142100965372,1.0,1.0,,,1.0,1.0,-0.7097772059929276,-0.7637401342699044,2183,24,"[465, 463, 458, 439, 358]","[5, 5, 5, 5, 4]",False,False,False,False,False,0.007071067811865475,0.006904929679059977,24,24,24,0,0.0,{},0.7608903449563122,0.6837441091521458,0.0,False,True,False,False,True,False,0.0,6.567988001596748,-4.09836176323559,6.567988001596748,90.95833333333333,1.1455727611186655,0.027963039826164295,False,1.302278006681945,False,0.02187500000000009,False,False,0.004813864876124028,0.02187500000000009,False,False,-0.5744943745156008,0.5656333062231775,True,False,0.17437789622695113,0.03837434084724491,True,False,0.13057124329314004,False,False,forward_only_adequate
724,sequential_evalue,martingale_evalue,True,ok,3.912668027046396,3.1100878074476412,9.067128847309222,-1.5715850009847112,33.083204509129665,1.0,1.0,,,1.0,1.0,-1.1128313580751847,-0.4097093622203617,2248,24,"[457, 468, 468, 468, 387]","[5, 5, 5, 5, 4]",False,False,False,False,False,0.007071067811865475,0.007079077088261322,24,24,24,0,0.0,{},0.7844614206669507,0.726742309028598,0.0,False,True,False,False,True,False,0.0,9.067128847309222,-1.571585000984711,9.067128847309222,93.66666666666667,1.1333048521644655,0.00853795349295312,False,1.3178316129310574,False,0.029861111111111116,False,False,0.022975003555081152,0.029861111111111116,False,False,1.2369824339019995,0.21609360413664447,True,False,0.10717542656327338,0.26906342226010993,True,False,0.3143034185407357,False,False,forward_only_adequate
725,sequential_evalue,martingale_evalue,True,ok,-4.2071899891474205,2.9965025463108512,2.1738712879468425,-8.215035987694291,34.31408777265141,1.0,1.0,,,1.0,1.0,-0.5540364430142086,-1.1838436298715718,2220,24,"[471, 466, 454, 453, 376]","[5, 5, 5, 5, 4]",False,False,False,False,False,0.007071067811865475,0.006928747180001889,24,24,24,0,0.0,{},0.7718081903189262,0.7269153519758076,0.0,False,True,False,False,True,False,0.0,2.1738712879468425,-8.215035987694291,2.1738712879468425,92.5,1.1433206390229194,0.021999761139113703,False,1.345481077588768,False,0.03402777777777777,False,False,0.024744025495469564,0.03402777777777777,False,False,-1.833183853031102,0.06677523432433742,True,False,0.20445260783372318,0.12165967407708546,True,False,-0.6721662604890718,False,False,forward_only_adequate
726,sequential_evalue,martingale_evalue,True,ok,-6.482888592108925,3.3991362791773834,-1.140063938347355,-12.579451163310736,33.9717495024887,1.0,1.0,,,1.0,1.0,-0.44209441260017224,-1.3415512476231661,2207,24,"[466, 460, 450, 466, 365]","[5, 5, 5, 5, 4]",False,False,False,False,False,0.007071067811865475,0.006914375363032272,24,24,24,0,0.0,{},0.7718685640547974,0.706907231842831,0.0,False,True,False,False,True,False,0.0,-1.140063938347355,-12.579451163310736,-1.140063938347355,91.95833333333333,1.1262541795521728,0.038219239473136275,False,1.2147931268240988,False,0.014236111111111116,False,False,0.041788556080648645,0.014236111111111116,False,False,0.17404350072927605,0.8618312752609902,True,False,0.08243677915973577,0.24235733634247986,True,False,-0.6193316482777442,False,False,forward_only_adequate
727,sequential_evalue,martingale_evalue,True,ok,1.3845298841138625,4.069353164912024,8.368280422825553,-5.341598695296915,34.00340041681993,1.0,1.0,,,1.0,1.0,-0.8990120016037526,-0.31960048342997316,2229,24,"[464, 468, 467, 466, 364]","[5, 5, 5, 5, 4]",False,False,False,False,False,0.007071067811865475,0.006973873189997932,24,24,24,0,0.0,{},0.7903884916833308,0.70865053505922,0.0,False,True,False,False,True,False,0.0,8.368280422825553,-5.341598695296914,8.368280422825553,92.875,1.1426568130601584,0.0016392787450748014,False,1.255794441911713,False,0.014236111111111116,False,False,0.006925109610145397,0.014236111111111116,False,False,0.5263441621122235,0.5986491043335795,True,False,0.1047633692212338,0.1180423704286209,True,False,1.0856598882689248,False,False,forward_only_adequate
728,sequential_evalue,martingale_evalue,True,ok,3.231132147570649,4.126796959311524,10.584239814643412,-3.3336065403145203,34.18741834969537,1.0,1.0,,,1.0,1.0,-0.9177126002694993,-0.49706951074516037,2239,24,"[472, 464, 464, 473, 366]","[5, 5, 5, 5, 4]",False,False,False,False,False,0.007071067811865475,0.006984834301203417,24,24,24,0,0.0,{},0.7802758775221665,0.7264420024950335,0.0,False,True,False,False,True,False,0.0,10.584239814643412,-3.3336065403145203,10.584239814643412,93.29166666666667,1.1532244584893323,0.0274311801956351,False,1.277548934940307,False,0.016319444444444442,False,False,0.01803796906561808,0.016319444444444442,False,False,0.0635695501069713,0.949312978179383,True,False,0.14024356214151157,0.41168070238642474,True,False,-1.4408982660938205,False,False,forward_only_adequate
729,sequential_evalue,martingale_evalue,True,ok,1.098733795251386,3.51146997572407,7.722627700754328,-4.6127537464662565,33.70772241700723,1.0,1.0,,,1.0,1.0,-0.4801953006313747,-0.69703558268901,2263,24,"[465, 478, 479, 466, 375]","[5, 5, 5, 5, 4]",False,False,False,False,False,0.007071067811865475,0.006966174732359649,24,24,24,0,0.0,{},0.7932043124271242,0.7178987159037973,0.0,False,True,False,False,True,False,0.0,7.722627700754328,-4.6127537464662565,7.722627700754328,94.29166666666667,1.1400671523905122,0.018976182138867034,False,1.2957709185388957,False,0.02256944444444442,False,False,0.005350876024065072,0.02256944444444442,False,False,0.026948220142575884,0.9785010333537442,True,False,0.14914883618637523,0.1592936159631112,True,False,-0.20820564187770224,False,False,forward_only_adequate
730,sequential_evalue,martingale_evalue,True,ok,-0.6567324910843458,3.5791600579776595,5.022079456148274,-7.328876542899537,34.04158309748451,1.0,1.0,,,1.0,1.0,-0.8142932948429138,-1.008794644548409,2186,24,"[445, 446, 476, 440, 379]","[5, 5, 5, 5, 4]",False,False,False,False,False,0.007071067811865475,0.006935340642271415,24,24,24,0,0.0,{},0.7689981073328539,0.7012039348676654,0.0,False,True,False,False,True,False,0.0,5.022079456148274,-7.328876542899537,5.022079456148274,91.08333333333333,1.1265928952590858,0.0015937854703917136,False,1.305109306767927,False,0.03888888888888886,False,False,0.0030512958246776646,0.03888888888888886,False,False,-1.007902269434107,0.3135013820557927,True,False,0.11527932018343805,0.21348078396891826,True,False,0.04666739353119437,False,False,forward_only_adequate
731,sequential_evalue,martingale_evalue,True,ok,-0.9841237759975723,2.770955433297804,3.961945644363401,-5.477540945727141,34.1690428458745,1.0,1.0,,,1.0,1.0,-0.8197771241631602,-0.9847470259863076,2259,24,"[481, 474, 473, 467, 364]","[5, 5, 5, 5, 4]",False,False,False,False,False,0.007071067811865475,0.0069505619678346614,24,24,24,0,0.0,{},0.8002805847832624,0.7242734332857994,0.0,False,True,False,False,True,False,0.0,3.9619456443634014,-5.477540945727141,3.9619456443634014,94.125,1.1520603553608861,0.0009519341421956271,False,1.2610231253235007,False,0.025000000000000022,False,False,0.004673588813754652,0.025000000000000022,False,False,-0.2788422239708424,0.7803659090217652,True,False,0.1440906851726816,0.29391536323494505,True,False,0.7728144273587283,False,False,forward_only_adequate
732,sequential_evalue,martingale_evalue,True,ok,-4.617445812946788,4.401442500980809,3.495309181322347,-11.597166978046932,33.62519267912369,0.20019671164552855,1.0,,,0.20019671164552855,1.0,1.6084548375829246,-1.1276260867601628,2231,24,"[455, 465, 467, 469, 375]","[5, 5, 5, 5, 4]",False,False,False,False,False,0.007071067811865475,0.007037339253523693,24,24,24,0,0.0,{},0.7782539815737743,0.7171907236360145,0.0,False,True,False,False,True,False,0.0,3.4953091813223467,-11.597166978046934,3.4953091813223467,92.95833333333333,1.140742016605338,0.02278524494050443,False,1.2012176767673715,False,0.007291666666666696,False,False,0.02765147596716748,0.007291666666666696,False,False,0.7550448683270493,0.4502220610935138,True,False,0.12651342423638526,0.40300817465310573,True,False,-1.5122999803463035,False,False,forward_only_adequate
733,sequential_evalue,martingale_evalue,True,ok,9.99553854108444,4.065037270946711,17.141075406990446,3.939201767096373,35.024288660350116,1.0,0.13501544608880903,,,1.0,0.13501544608880903,-1.3790313227530753,2.002366091615999,2172,24,"[435, 462, 464, 441, 370]","[5, 5, 5, 5, 4]",False,False,False,False,False,0.007071067811865475,0.006984087852366821,24,24,24,0,0.0,{},0.7730566420042368,0.6938992285596539,0.0,False,True,False,False,True,False,0.0,17.141075406990446,3.939201767096373,17.141075406990446,90.5,1.163518548819325,0.006491345563536612,False,1.287070850866658,False,0.029166666666666674,False,False,0.06711133882658708,0.029166666666666674,False,False,1.0457314049996091,0.29568505895606767,True,False,0.14023334301284646,0.157062975115831,True,False,2.70473875871061,False,False,forward_only_adequate
734,sequential_evalue,martingale_evalue,True,ok,0.7931333709507559,3.144671945134935,5.4847155159661725,-5.908598127143439,33.52454234858926,1.0,1.0,,,1.0,1.0,-0.7236828575799477,-0.7607381447658175,2257,24,"[471, 478, 459, 466, 383]","[5, 5, 5, 5, 4]",False,False,False,False,False,0.007071067811865475,0.006925073855380358,24,24,24,0,0.0,{},0.7925543766386387,0.7262550246567775,0.0,False,True,False,False,True,False,0.0,5.4847155159661725,-5.908598127143439,5.4847155159661725,94.04166666666667,1.1256864290853088,0.02395766538239181,False,1.2791001619199953,False,0.03194444444444444,False,False,0.0037681932658655826,0.03194444444444444,False,False,1.205003632198348,0.22820189971084537,True,False,0.16478145114939266,0.19747193721967135,True,False,1.2950523121641955,False,False,forward_only_adequate
735,sequential_evalue,martingale_evalue,True,ok,-8.12328250569392,2.8966316631985807,-3.0469879576302867,-13.025027582793372,34.12632927845069,1.0,1.0,,,1.0,1.0,-0.2057209761886598,-1.3265282675508874,2249,24,"[474, 463, 485, 465, 362]","[5, 5, 5, 5, 4]",False,False,False,False,False,0.007071067811865475,0.006914782783387159,24,24,24,0,0.0,{},0.7932327440451772,0.7272049545197027,0.0,False,True,False,False,True,False,0.0,-3.046987957630287,-13.025027582793372,-3.046987957630287,93.70833333333333,1.1421607457947605,0.024903776487765678,False,1.2739335998239574,False,0.03749999999999998,False,False,0.053647770838667855,0.03749999999999998,False,False,1.2477741516255543,0.21211377719632785,True,False,0.1410488284610213,0.10361935269001386,True,False,0.1161329044440407,False,False,forward_only_adequate
736,sequential_evalue,martingale_evalue,True,ok,-2.052912309148294,3.159087296952012,3.463330923467749,-7.18394670430358,32.92005363773035,1.0,1.0,,,1.0,1.0,-0.5838010079092076,-0.9773129350025838,2238,24,"[481, 476, 465, 447, 369]","[5, 5, 5, 5, 4]",False,False,False,False,False,0.007071067811865475,0.007076533738655157,24,24,24,0,0.0,{},0.7871031490674324,0.6896924541379355,0.0,False,True,False,False,True,False,0.0,3.463330923467749,-7.18394670430358,3.463330923467749,93.25,1.1248006025250523,0.03544608520546544,False,1.2954650962690535,False,0.01736111111111116,False,False,0.01102651265164793,0.01736111111111116,False,False,-0.38236819021853496,0.7021882815727614,True,False,0.09755737102720195,0.3335319146492564,True,False,0.32901302749389433,False,False,forward_only_adequate
737,sequential_evalue,martingale_evalue,True,ok,3.84952863941268,3.0267617770878643,8.251159741385921,-2.06635163189647,34.450568233497705,1.0,1.0,,,1.0,1.0,-1.1981595250731873,-0.7716727180785836,2256,24,"[455, 473, 469, 475, 384]","[5, 5, 5, 5, 4]",False,False,False,False,False,0.007071067811865475,0.006945028549448526,24,24,24,0,0.0,{},0.7989325976618014,0.7117490691933924,0.0,False,True,False,False,True,False,0.0,8.251159741385921,-2.06635163189647,8.251159741385921,94.0,1.1598567549108514,0.01347998611814856,False,1.2977266339865998,False,0.024652777777777746,False,False,0.021946696780716958,0.024652777777777746,False,False,0.5517313250970619,0.5811324447672309,True,False,0.14351831855146624,0.06438693902076043,True,False,0.7086275381986987,False,False,forward_only_adequate
738,sequential_evalue,martingale_evalue,True,ok,-1.7072829276228172,4.099367764464315,5.430737482617758,-8.371758438074977,35.24390399378811,1.0,1.0,,,1.0,1.0,-0.9170306723074548,-1.0821505710783277,2199,24,"[439, 452, 469, 451, 388]","[5, 5, 5, 5, 4]",False,False,False,False,False,0.007071067811865475,0.006960283129141382,24,24,24,0,0.0,{},0.7888172146245591,0.6585767379030529,0.0,False,True,False,False,True,False,0.0,5.430737482617758,-8.371758438074977,5.430737482617758,91.625,1.1740535709658666,0.010862340483434546,False,1.3138647395638996,False,0.017708333333333326,False,False,0.008513924706867713,0.017708333333333326,False,False,0.7320501419686428,0.4641379635921681,True,False,0.12630155878988314,0.304542146791903,True,False,0.5339994842762738,False,False,forward_only_adequate
739,sequential_evalue,martingale_evalue,True,ok,0.009983476965559271,3.327157832240422,5.177555263764762,-6.105939013480469,35.70679197781602,1.0,1.0,,,1.0,1.0,-0.8922128291608062,-0.6958936450401882,2222,24,"[465, 459, 473, 458, 367]","[5, 5, 5, 5, 4]",False,False,False,False,False,0.007071067811865475,0.006962685238982852,24,24,24,0,0.0,{},0.7799159906956579,0.7177752346749665,0.0,False,True,False,False,True,False,0.0,5.177555263764762,-6.105939013480469,5.177555263764762,92.58333333333333,1.1960904056650998,0.0046385168246649705,False,1.2795341196229029,False,0.04513888888888884,False,False,3.1204602412355786e-05,0.04513888888888884,False,False,-0.9105165735039124,0.36255014530581975,True,False,0.24350430382247415,0.002583373757784789,True,False,-0.6038726767938336,False,False,forward_only_adequate
740,sequential_evalue,martingale_evalue,True,ok,5.231183228563454,3.10106431930898,10.55191607077909,0.1767925645624766,33.06461174183755,1.0,1.0,,,1.0,1.0,-1.2980132692496247,-0.5794991165007459,2252,24,"[454, 478, 482, 453, 385]","[5, 5, 5, 5, 4]",False,False,False,False,False,0.007071067811865475,0.0070038802657505506,24,24,24,0,0.0,{},0.7925312003965339,0.6870842582253526,0.0,False,True,False,False,True,False,0.0,10.55191607077909,0.1767925645624766,10.55191607077909,93.83333333333333,1.1216328415528982,0.014518124754676917,False,1.2511702650875722,False,0.026388888888888906,False,False,0.03263503459901587,0.026388888888888906,False,False,-1.548234162536404,0.12156592911709205,True,False,0.25154777009223106,0.006751851261964626,True,False,-0.5158557365285538,False,False,forward_only_adequate
741,sequential_evalue,martingale_evalue,True,ok,3.1351797220707867,3.3694043591969787,9.486630818940455,-2.446885442457996,34.28536812675731,1.0,1.0,,,1.0,1.0,-1.081724428393668,-0.6801818422317449,2234,24,"[476, 464, 466, 472, 356]","[5, 5, 5, 5, 4]",False,False,False,False,False,0.007071067811865475,0.0069785772961984925,24,24,24,0,0.0,{},0.7821733063846894,0.7138447891252946,0.0,False,True,False,False,True,False,0.0,9.486630818940455,-2.446885442457996,9.486630818940455,93.08333333333333,1.154201615853484,0.03676867396795353,False,1.2970797391270064,False,0.022222222222222254,False,False,0.017403864356346506,0.022222222222222254,False,False,-0.3030406896200397,0.7618588527986326,True,False,0.18843749478742453,0.05231079859350203,True,False,-0.410912477670924,False,False,forward_only_adequate
742,sequential_evalue,martingale_evalue,True,ok,6.986138937600649,4.633650478004278,14.889327173984398,-1.2516231033485257,32.36313355121559,1.0,0.5553905832198148,,,1.0,0.5553905832198148,-1.2038613357188903,0.5880836592048946,2248,24,"[470, 471, 461, 468, 378]","[5, 5, 5, 5, 4]",False,False,False,False,False,0.007071067811865475,0.007022561519896222,24,24,24,0,0.0,{},0.7766126303375804,0.7351309271221522,0.0,False,True,False,False,True,False,0.0,14.889327173984398,-1.2516231033485257,14.889327173984398,93.66666666666667,1.0997871848194232,0.004160816007634671,False,1.2901151744308283,False,0.03125,False,False,0.04693901356199326,0.03125,False,False,1.2768016227848065,0.20167229248970253,True,False,0.11105821265585937,0.19997517732809567,True,False,2.4210987777236985,False,False,forward_only_adequate
743,sequential_evalue,martingale_evalue,True,ok,1.1805235384572461,4.14662297833532,8.668619877045263,-5.696610455715985,32.76982443659728,1.0,1.0,,,1.0,1.0,-0.7389471355349783,-0.6389409834004086,2207,24,"[455, 454, 465, 454, 379]","[5, 5, 5, 5, 4]",False,False,False,False,False,0.007071067811865475,0.0070524526353449015,24,24,24,0,0.0,{},0.7761459373315907,0.6853766002248595,0.0,False,True,False,False,True,False,0.0,8.668619877045263,-5.696610455715985,8.668619877045263,91.95833333333333,1.1081022655880144,0.013585421903554905,False,1.2755206407517574,False,0.027083333333333348,False,False,0.005989485703435971,0.027083333333333348,False,False,0.8772315580956259,0.38036087831625687,True,False,0.11516668968039938,0.07416289561852342,True,False,0.7352774506368657,False,False,forward_only_adequate
744,sequential_evalue,martingale_evalue,True,ok,-1.3878636787556717,4.348145538455911,5.740339891918774,-8.880440491286725,32.601366689411,1.0,1.0,,,1.0,1.0,-0.5899664090681612,-0.8811620320422934,2268,24,"[487, 475, 476, 461, 369]","[5, 5, 5, 5, 4]",False,False,False,False,False,0.007071067811865475,0.006953195047026367,24,24,24,0,0.0,{},0.7896665220334078,0.721357506882339,0.0,False,True,False,False,True,False,0.0,5.740339891918775,-8.880440491286725,5.740339891918775,94.5,1.1018085225310708,0.006131054697002878,False,1.2983315631364793,False,0.023611111111111138,False,False,0.007235595481561677,0.023611111111111138,False,False,-1.4676232306763637,0.14220659419783255,True,False,0.22885054259807325,0.005966172808912441,True,False,-0.2345209678520793,False,False,forward_only_adequate
745,sequential_evalue,martingale_evalue,True,ok,2.0794853362766355,3.9152799145367694,8.375564632720955,-4.810556471293923,33.97392885067915,1.0,1.0,,,1.0,1.0,-1.013708414699352,-0.5527531302998113,2215,24,"[462, 462, 454, 452, 385]","[5, 5, 5, 5, 4]",False,False,False,False,False,0.007071067811865475,0.006916402627777334,24,24,24,0,0.0,{},0.7765569966564223,0.6914078883326,0.0,False,True,False,False,True,False,0.0,8.375564632720955,-4.810556471293923,8.375564632720955,92.29166666666667,1.1286967871523257,0.023167391535052984,False,1.293383624540089,False,0.012499999999999956,False,False,0.011145525724806347,0.012499999999999956,False,False,2.2161710606236764,0.026679789028680942,True,False,0.14679232865694386,0.09967482990672416,True,False,1.273402595619768,False,False,forward_only_adequate
746,sequential_evalue,martingale_evalue,True,ok,-4.686518612192766,4.244384427832258,3.125156359068481,-11.872022184896535,35.053457967243865,1.0,1.0,,,1.0,1.0,-0.21885178295532748,-0.947380537573916,2222,24,"[458, 446, 471, 470, 377]","[5, 5, 5, 5, 4]",False,False,False,False,False,0.007071067811865475,0.006994534937959677,24,24,24,0,0.0,{},0.7892530899220177,0.7136476634705847,0.0,False,True,False,False,True,False,0.0,3.1251563590684817,-11.872022184896535,3.1251563590684817,92.58333333333333,1.1795765263664313,0.017882771793572415,False,1.2525852121928367,False,0.031597222222222165,False,False,0.027056876736885765,0.031597222222222165,False,False,1.3349743436439627,0.1818847437033736,True,False,0.27229555113155596,0.00712932242709257,True,False,-0.5806074404386107,False,False,forward_only_adequate
747,sequential_evalue,martingale_evalue,True,ok,-2.996994523391694,3.074890067707732,2.3795762532258844,-8.046473423090662,34.48010219822602,1.0,1.0,,,1.0,1.0,-0.7671728837950091,-1.2168941361964056,2226,24,"[464, 466, 455, 463, 378]","[5, 5, 5, 5, 4]",False,False,False,False,False,0.007071067811865475,0.006965278125474197,24,24,24,0,0.0,{},0.790460978496135,0.6545966595481086,0.0,False,True,False,False,True,False,0.0,2.3795762532258844,-8.046473423090662,2.3795762532258844,92.75,1.1564689328877484,0.004360100362379312,False,1.3232112899337098,False,0.0215277777777777,False,False,0.016484781935095043,0.0215277777777777,False,False,2.0860427957686944,0.036974746668300945,True,False,0.1763837642366781,0.09150771927224997,True,False,0.1423066713177203,False,False,forward_only_adequate
748,sequential_evalue,martingale_evalue,True,ok,-3.751784579620189,3.0993670217008162,1.3357808146029253,-9.127331514273077,34.85298171778163,1.0,1.0,,,1.0,1.0,-0.3403390432025213,-1.1624203628396859,2222,24,"[465, 459, 462, 460, 376]","[5, 5, 5, 5, 4]",False,False,False,False,False,0.007071067811865475,0.00692631024196065,24,24,24,0,0.0,{},0.7777805150953025,0.7259545547361912,0.0,False,True,False,False,True,False,0.0,1.3357808146029253,-9.127331514273077,1.3357808146029253,92.58333333333333,1.1613905548166152,0.012905347609359321,False,1.3228298356554196,False,0.014930555555555558,False,False,0.021268810142791455,0.014930555555555558,False,False,-1.2358569905052892,0.21651172652730732,True,False,0.12446860850423953,0.2674978158460309,True,False,-0.5052447553304452,False,False,forward_only_adequate
749,sequential_evalue,martingale_evalue,True,ok,-0.7829972625867766,4.574586514637354,6.661840358879279,-9.828266037044541,33.25114617873312,1.0,1.0,,,1.0,1.0,-0.8172883834095996,-0.6951749447600942,2245,24,"[459, 475, 472, 441, 398]","[5, 5, 5, 5, 4]",False,False,False,False,False,0.007071067811865475,0.007008241728379427,24,24,24,0,0.0,{},0.7983658620342056,0.6833046920350477,0.0,False,True,False,False,True,False,0.0,6.661840358879279,-9.828266037044541,6.661840358879279,93.54166666666667,1.1269074484826713,0.03433097842475781,False,1.2660837103562832,False,0.0253472222222223,False,False,0.00371002323756082,0.0253472222222223,False,False,0.7353199794107422,0.4621446431157703,True,False,0.1481985215927172,0.053271661639224824,True,False,0.9565615497666421,False,False,forward_only_adequate
750,sequential_evalue,martingale_evalue,True,ok,-1.8413011333709364,3.5045581036533817,4.450672454054716,-7.660412137813875,33.73873791501962,1.0,1.0,,,1.0,1.0,-0.44221118996431785,-0.9220650791901713,2212,24,"[459, 461, 467, 454, 371]","[5, 5, 5, 5, 4]",False,False,False,False,False,0.007071067811865475,0.006979221856796414,24,24,24,0,0.0,{},0.7649837392494683,0.7187420507740633,0.0,False,True,False,False,True,False,0.0,4.450672454054716,-7.660412137813875,4.450672454054716,92.16666666666667,1.130297537463568,0.011849671689368867,False,1.276092219552026,False,0.029166666666666674,False,False,0.009686633479067402,0.029166666666666674,False,False,-1.3916332919691765,0.16403347208777164,True,False,0.18459551231784602,0.04973275849087936,True,False,-1.2518582297968233,False,False,forward_only_adequate
751,sequential_evalue,martingale_evalue,True,ok,-5.443073708249869,3.031460711432887,-0.6616583011858141,-10.683746416123139,33.53660172028796,1.0,1.0,,,1.0,1.0,-0.3875609289918224,-1.2606703952009457,2230,24,"[471, 475, 456, 456, 372]","[5, 5, 5, 5, 4]",False,False,False,False,False,0.007071067811865475,0.007010829005158569,24,24,24,0,0.0,{},0.7835123036747714,0.6933368327400441,0.0,False,True,False,False,True,False,0.0,-0.6616583011858141,-10.683746416123137,-0.6616583011858141,92.91666666666667,1.1331965482914568,0.020311716224979518,False,1.2952179044258831,False,0.019444444444444486,False,False,0.033781316430457654,0.019444444444444486,False,False,-1.6457317024442033,0.09981900900140915,True,False,0.1405345581198008,0.1684270366568684,True,False,-0.8464202809676324,False,False,forward_only_adequate
752,sequential_evalue,martingale_evalue,True,ok,3.933926602778841,2.877158674143006,8.31956289828842,-1.0839853549624974,33.82236899226243,1.0,1.0,,,1.0,1.0,-1.211759253806101,-0.6214602065779686,2238,24,"[469, 478, 464, 458, 369]","[5, 5, 5, 5, 4]",False,False,False,False,False,0.007071067811865475,0.006977976908727727,24,24,24,0,0.0,{},0.789937648308245,0.7100210427994547,0.0,False,True,False,False,True,False,0.0,8.31956289828842,-1.0839853549624974,8.31956289828842,93.25,1.139535805612197,0.0062680442420466964,False,1.2761329503109244,False,0.028124999999999956,False,False,0.022973283817084158,0.028124999999999956,False,False,0.8670443368282965,0.3859177173666758,True,False,0.09981223084022635,0.4661937827523592,True,False,1.3531395314390644,False,False,forward_only_adequate
753,sequential_evalue,martingale_evalue,True,ok,-2.0527242758773734,3.750983359343807,3.860311910315312,-8.404084191427739,32.93373554913035,1.0,1.0,,,1.0,1.0,-0.555966252495247,-1.0317168126079423,2230,24,"[473, 457, 451, 466, 383]","[5, 5, 5, 5, 4]",False,False,False,False,False,0.007071067811865475,0.007036204264761501,24,24,24,0,0.0,{},0.782832241004509,0.7142681775084189,0.0,False,True,False,False,True,False,0.0,3.860311910315312,-8.404084191427739,3.860311910315312,92.91666666666667,1.1168535980329029,0.021567334687480868,False,1.267025180538665,False,0.013194444444444398,False,False,0.011114969625058426,0.013194444444444398,False,False,-0.6775856294847435,0.4980344601960357,True,False,0.22084937987513942,0.015814797553573345,True,False,-0.42631383815086593,False,False,forward_only_adequate
754,sequential_evalue,martingale_evalue,True,ok,3.1826377966882684,3.2590711652635544,7.964961739515042,-3.185454275262224,32.95064212958639,1.0,1.0,,,1.0,1.0,-1.0750792191743437,-0.39859558250064897,2264,24,"[469, 480, 474, 478, 363]","[5, 5, 5, 5, 4]",False,False,False,False,False,0.007071067811865475,0.006991088976783027,24,24,24,0,0.0,{},0.7952408065092221,0.7168046766902791,0.0,False,True,False,False,True,False,0.0,7.964961739515043,-3.185454275262224,7.964961739515043,94.33333333333333,1.118693994403286,0.016752248461852425,False,1.3214841967969382,False,0.023263888888888862,False,False,0.018359206514851085,0.023263888888888862,False,False,-0.3346496277621754,0.7378894036934471,True,False,0.1508684030278631,0.2111781181437934,True,False,-1.2080334816746519,False,False,forward_only_adequate
755,sequential_evalue,martingale_evalue,True,ok,3.1367879537438967,3.4349209180900178,9.043426164308359,-2.1333866897060347,33.60816676662636,1.0,1.0,,,1.0,1.0,-1.0683872433231139,-0.6335868500719832,2238,24,"[463, 460, 482, 462, 371]","[5, 5, 5, 5, 4]",False,False,False,False,False,0.007071067811865475,0.006951167154624215,24,24,24,0,0.0,{},0.7823525402329123,0.717721147973333,0.0,False,True,False,False,True,False,0.0,9.043426164308359,-2.1333866897060347,9.043426164308359,93.25,1.1279685224756921,0.0036284555363263237,False,1.2783820132133017,False,0.03402777777777777,False,False,0.01788259788618764,0.03402777777777777,False,False,-0.6172224105259392,0.5370880358830569,True,False,0.14496985155367004,0.13626684823453727,True,False,0.6755648017029094,False,False,forward_only_adequate
756,sequential_evalue,martingale_evalue,True,ok,-3.961109645016182,3.282917400233862,1.8568027792372184,-9.186897912354468,35.09542609092166,1.0,1.0,,,1.0,1.0,-0.17353418130923381,-0.9814605179033737,2230,24,"[469, 465, 462, 467, 367]","[5, 5, 5, 5, 4]",False,False,False,False,False,0.007071067811865475,0.006890841646296247,24,24,24,0,0.0,{},0.7777722907880004,0.719558184072075,0.0,False,True,False,False,True,False,0.0,1.8568027792372181,-9.186897912354468,1.8568027792372181,92.91666666666667,1.1655733373426187,0.0026001858174924497,False,1.3267947573861198,False,0.020138888888888817,False,False,0.022557897425549554,0.020138888888888817,False,False,0.6667319949342603,0.504943338033178,True,False,0.19818683560948433,0.05255878552164783,True,False,-1.7978423066491354,False,False,forward_only_adequate
757,sequential_evalue,martingale_evalue,True,ok,-3.927665578492158,3.6961526840294168,1.929923721103291,-10.395713959452845,34.2015415425717,1.0,1.0,,,1.0,1.0,-0.5260195317193261,-1.2166246476981344,2229,24,"[448, 476, 468, 464, 373]","[5, 5, 5, 5, 4]",False,False,False,False,False,0.007071067811865475,0.007008105362645477,24,24,24,0,0.0,{},0.7795408580949943,0.7231654561271402,0.0,False,True,False,False,True,False,0.0,1.9299237211032907,-10.395713959452845,1.9299237211032907,92.875,1.154956750154495,0.04586211416309776,False,1.268064557238988,False,0.03194444444444444,False,False,0.022575492144984943,0.03194444444444444,False,False,1.0549973065562968,0.2914265565967916,True,False,0.1661952788923219,0.0840166131164354,True,False,1.4755102931532835,False,False,forward_only_adequate
758,sequential_evalue,martingale_evalue,True,ok,-1.0747937009951007,3.8050418529240524,6.063768879472241,-7.267824186845863,33.35145740057489,1.0,1.0,,,1.0,1.0,-0.16539116957482553,-0.8129758598187703,2255,24,"[470, 484, 460, 480, 361]","[5, 5, 5, 5, 4]",False,False,False,False,False,0.007071067811865475,0.006971497617686755,24,24,24,0,0.0,{},0.7929209356955159,0.730055665649215,0.0,False,True,False,False,True,False,0.0,6.063768879472241,-7.267824186845863,6.063768879472241,93.95833333333333,1.1268822974204489,0.024519956960781134,False,1.205043177707202,False,0.02430555555555558,False,False,0.005288743536036431,0.02430555555555558,False,False,0.40613086906035295,0.6846464454240571,True,False,0.17074812913106843,0.05692370730111554,True,False,0.2906648922454275,False,False,forward_only_adequate
759,sequential_evalue,martingale_evalue,True,ok,2.6981537561718834,4.222249627901302,9.856386032073674,-4.782548009185776,33.466168777376865,1.0,1.0,,,1.0,1.0,-0.970269015329001,-0.3352509180033947,2199,24,"[455, 462, 436, 480, 366]","[5, 5, 5, 5, 4]",False,False,False,False,False,0.007071067811865475,0.0070181068530153845,24,24,24,0,0.0,{},0.7740202013350876,0.6880599848740296,0.0,False,True,False,False,True,False,0.0,9.856386032073674,-4.782548009185776,9.856386032073674,91.625,1.124094884226579,0.006454807732571342,False,1.3065665607437076,False,0.029861111111111116,False,False,0.015092296928990952,0.029861111111111116,False,False,1.2146478875965843,0.22450041614794103,True,False,0.20131220149941284,0.14154341234904938,True,False,0.8049515433441944,False,False,forward_only_adequate
760,sequential_evalue,martingale_evalue,True,ok,1.5933047261827074,3.999477287167363,8.109364551127971,-5.3632961455621375,34.35941620122846,1.0,1.0,,,1.0,1.0,-1.0592606565234617,-0.891177957327296,2170,24,"[451, 445, 461, 449, 364]","[5, 5, 5, 5, 4]",False,False,False,False,False,0.007071067811865475,0.006977245308330536,24,24,24,0,0.0,{},0.7703955428086217,0.6218080938391457,0.0,False,True,False,False,True,False,0.0,8.109364551127971,-5.3632961455621375,8.109364551127971,90.41666666666667,1.1397878388133054,0.01667799442185305,False,1.2945809787794904,False,0.025694444444444464,False,False,0.008141161104881592,0.025694444444444464,False,False,-1.2181460824329506,0.2231684646563381,True,False,0.13699376491788268,0.12051771726307327,True,False,-1.0224487823408397,False,False,forward_only_adequate
761,sequential_evalue,martingale_evalue,True,ok,2.705020148321269,3.2233892903568075,8.06545375637459,-2.3085245655951527,34.13099802570329,1.0,1.0,,,1.0,1.0,-0.8200736181822627,-0.48703742833624486,2229,24,"[463, 478, 465, 455, 368]","[5, 5, 5, 5, 4]",False,False,False,False,False,0.007071067811865475,0.006999577922111261,24,24,24,0,0.0,{},0.7841761595939774,0.7008511852788413,0.0,False,True,False,False,True,False,0.0,8.06545375637459,-2.3085245655951527,8.06545375637459,92.875,1.1511721069495746,0.0009298665144897569,False,1.3159995823896864,False,0.028125000000000067,False,False,0.014727822244098332,0.028125000000000067,False,False,-0.18144486589364173,0.8560184053791403,True,False,0.15718363856658457,0.05364956539732612,True,False,-0.5855893675944396,False,False,forward_only_adequate
762,sequential_evalue,martingale_evalue,True,ok,3.6603182799652014,3.219577446536751,8.61605758835093,-1.6724115120810232,33.90986754369503,1.0,1.0,,,1.0,1.0,-1.1946327234730876,-0.6588335398020579,2225,24,"[465, 459, 470, 445, 386]","[5, 5, 5, 5, 4]",False,False,False,False,False,0.007071067811865475,0.006993463699642611,24,24,24,0,0.0,{},0.7810246015896372,0.6981411947000091,0.0,False,True,False,False,True,False,0.0,8.61605758835093,-1.6724115120810232,8.61605758835093,92.70833333333333,1.1416889809802444,0.006989678787189702,False,1.2839920591587364,False,0.02604166666666663,False,False,0.021082853077714986,0.02604166666666663,False,False,0.5907307718377779,0.5547008264213762,True,False,0.16820360691712422,0.4141900699298726,True,False,0.8327605075727639,False,False,forward_only_adequate
763,sequential_evalue,martingale_evalue,True,ok,4.759120727226589,3.457696545658204,10.693571727673024,-1.0902758268133041,33.28496064808585,1.0,1.0,,,1.0,1.0,-1.009667597941307,-0.32262329100950193,2261,24,"[480, 478, 457, 473, 373]","[5, 5, 5, 5, 4]",False,False,False,False,False,0.007071067811865475,0.00697194298409066,24,24,24,0,0.0,{},0.7874974678197815,0.7319625400381986,0.0,False,True,False,False,True,False,0.0,10.693571727673024,-1.0902758268133041,10.693571727673024,94.20833333333333,1.1262026354776071,0.01009996623434881,False,1.2658903434491282,False,0.03402777777777777,False,False,0.029077277837014526,0.03402777777777777,False,False,1.1895047588947913,0.23424109946486416,True,False,0.17897670508782218,0.13345725762702124,True,False,-0.47865487166910364,False,False,forward_only_adequate
764,sequential_evalue,martingale_evalue,True,ok,4.590926522342993,2.6471653204858274,8.882221758071935,-0.17945318161587398,33.66021599459416,1.0,1.0,,,1.0,1.0,-1.2193484715132665,-0.4513004030143708,2219,24,"[484, 438, 476, 448, 373]","[5, 5, 5, 5, 4]",False,False,False,False,False,0.007071067811865475,0.006988365176771311,24,24,24,0,0.0,{},0.7763211510734955,0.6983000637549013,0.0,False,True,False,False,True,False,0.0,8.882221758071935,-0.17945318161587398,8.882221758071935,92.45833333333333,1.130929477462412,0.0031756458766181565,False,1.2750451122792608,False,0.028124999999999956,False,False,0.027744566496930575,0.028124999999999956,False,False,-1.2780057833532994,0.2012473870902054,True,False,0.25573620073681863,0.2500013248712419,True,False,0.673040173855293,False,False,forward_only_adequate
765,sequential_evalue,martingale_evalue,True,ok,-1.8041036761027607,3.312666652408184,3.454516425737805,-7.173389216496858,34.00546505672089,1.0,1.0,,,1.0,1.0,-0.696269633955888,-0.6945402974701205,2224,24,"[464, 468, 471, 458, 363]","[5, 5, 5, 5, 4]",False,False,False,False,False,0.007071067811865475,0.006861028970846069,24,24,24,0,0.0,{},0.7822129973611867,0.700960750239361,0.0,False,True,False,False,True,False,0.0,3.4545164257378054,-7.173389216496858,3.4545164257378054,92.66666666666667,1.1229741175226577,0.011593467442227024,False,1.2754352008945535,False,0.026388888888888906,False,False,0.009534535257056167,0.026388888888888906,False,False,0.789162577486024,0.43001699115660175,True,False,0.07633701873127292,0.47896913073133296,True,False,-0.798124713196796,False,False,forward_only_adequate
766,sequential_evalue,martingale_evalue,True,ok,5.659560845366193,3.803763045901725,12.215502127078448,-1.7006339758589668,34.583453338069894,1.0,1.0,,,1.0,1.0,-1.1281227937920784,-0.01479813388466078,2177,24,"[451, 452, 464, 468, 342]","[5, 5, 5, 5, 4]",False,False,False,False,False,0.007071067811865475,0.00694103842032345,24,24,24,0,0.0,{},0.7631531897920142,0.6726284173595647,0.0,False,True,False,False,True,False,0.0,12.215502127078446,-1.7006339758589668,12.215502127078446,90.70833333333333,1.1431057359975751,0.022330051022135193,False,1.271083778691092,False,0.0253472222222223,False,False,0.03500355824848485,0.0253472222222223,False,False,-0.09323645077344696,0.925715716969634,True,False,0.12011442902339205,0.1536298258106786,True,False,1.6439160505386052,False,False,forward_only_adequate
767,sequential_evalue,martingale_evalue,True,ok,-7.498466790162428,3.5439131679973275,-1.4384044888777936,-13.028298430293095,33.74230632767028,0.6035723544274213,1.0,,,0.6035723544274213,1.0,0.5048893542847612,-1.141412234134454,2260,24,"[479, 468, 475, 463, 375]","[5, 5, 5, 5, 4]",False,False,False,False,False,0.007071067811865475,0.006964553480186608,24,24,24,0,0.0,{},0.7917179488646477,0.7161099927312896,0.0,False,True,False,False,True,False,0.0,-1.4384044888777936,-13.028298430293097,-1.4384044888777936,94.16666666666667,1.1402147229938864,0.01648247880603622,False,1.3250129151328534,False,0.023958333333333304,False,False,0.0489012694738963,0.023958333333333304,False,False,-2.142870875369458,0.03212346819882225,True,False,0.2136664379129454,0.09742326018459331,True,False,-2.105390645849537,False,False,forward_only_adequate
768,sequential_evalue,martingale_evalue,True,ok,1.1865685021440735,2.8857264987935083,6.70429804774322,-3.5478196826726016,34.13115473383793,1.0,1.0,,,1.0,1.0,-1.0279518241523802,-0.9176603678078534,2222,24,"[474, 465, 468, 462, 353]","[5, 5, 5, 5, 4]",False,False,False,False,False,0.007071067811865475,0.006961741889244206,24,24,24,0,0.0,{},0.780913345245886,0.7111928821324524,0.0,False,True,False,False,True,False,0.0,6.70429804774322,-3.5478196826726016,6.70429804774322,92.58333333333333,1.143155499485709,0.022279211978004244,False,1.2483634860236972,False,0.01666666666666672,False,False,0.005816480314852664,0.01666666666666672,False,False,0.6200067458562006,0.535253345691928,True,False,0.14061822189562348,0.2943423847532909,True,False,0.6425438873540971,False,False,forward_only_adequate
769,sequential_evalue,martingale_evalue,True,ok,1.7595710487391287,4.273176909383771,9.057737982734624,-5.71683624820705,33.98451820805425,1.0,1.0,,,1.0,1.0,-0.6343728747518352,-0.2196226345603851,2218,24,"[468, 465, 473, 446, 366]","[5, 5, 5, 5, 4]",False,False,False,False,False,0.007071067811865475,0.0069229507504584885,24,24,24,0,0.0,{},0.7757570258096969,0.6618793612693855,0.0,False,True,False,False,True,False,0.0,9.057737982734624,-5.716836248207049,9.057737982734624,92.41666666666667,1.130882578851765,0.02026115514353008,False,1.2812850984694415,False,0.02430555555555558,False,False,0.0091936762830776,0.02430555555555558,False,False,-1.3679802747625718,0.17131825049108507,True,False,0.1541078657513554,0.10598506713536901,True,False,0.05816181599686993,False,False,forward_only_adequate
770,sequential_evalue,martingale_evalue,True,ok,7.79398371676444,3.8050187331608654,15.265403596457784,1.7721977684909715,33.007071675118965,1.0,0.35257650880098523,,,1.0,0.35257650880098523,-1.3048224331059237,1.0424876340370122,2223,24,"[479, 465, 468, 451, 360]","[5, 5, 5, 5, 4]",False,False,False,False,False,0.007071067811865475,0.006984216174002516,24,24,24,0,0.0,{},0.7770019492948548,0.7203312797666426,0.0,False,True,False,False,True,False,0.0,15.265403596457782,1.7721977684909715,15.265403596457782,92.625,1.1093249584278366,0.017549167192060948,False,1.258818413695963,False,0.02777777777777779,False,False,0.05287802823141607,0.02777777777777779,False,False,0.7620023119278478,0.44605862432018173,True,False,0.17537919317434345,0.16707631243872054,True,False,1.7008943134266359,False,False,forward_only_adequate
771,sequential_evalue,martingale_evalue,True,ok,8.604002557365256,2.3445576116379927,12.279157042007459,4.329477026409073,34.121632051892696,1.0,1.0,,,1.0,1.0,-1.4691716042516791,-0.08128912837564539,2200,24,"[458, 460, 444, 459, 379]","[5, 5, 5, 5, 4]",False,False,False,False,False,0.007071067811865475,0.006953651443736835,24,24,24,0,0.0,{},0.7750584820382748,0.693806269328017,0.0,False,True,False,False,True,False,0.0,12.27915704200746,4.329477026409073,12.27915704200746,91.66666666666667,1.1358433428157542,0.013594628211723055,False,1.2681416297506236,False,0.014930555555555558,False,False,0.057806154750238224,0.014930555555555558,False,False,1.1472612269196687,0.251273673553541,True,False,0.12358807796104149,0.0960520254024199,True,False,1.3754374979794055,False,False,forward_only_adequate
772,sequential_evalue,martingale_evalue,True,ok,-0.2822694082615747,3.3474275211658884,5.952807574057583,-5.711956394536484,34.639311043405904,1.0,1.0,,,1.0,1.0,-0.926205446411142,-0.860292388829683,2216,24,"[452, 456, 457, 477, 374]","[5, 5, 5, 5, 4]",False,False,False,False,False,0.007071067811865475,0.006961217496056542,24,24,24,0,0.0,{},0.7724333817990068,0.6971421852247636,0.0,False,True,False,False,True,False,0.0,5.952807574057583,-5.711956394536483,5.952807574057583,92.33333333333333,1.158520465568817,0.027543105776001768,False,1.3071949789394812,False,0.032638888888888884,False,False,0.001166307541373952,0.032638888888888884,False,False,-0.17156239852884622,0.8637815706953922,True,False,0.15266245957912689,0.1543270791694395,True,False,-0.04173477564051223,False,False,forward_only_adequate
773,sequential_evalue,martingale_evalue,True,ok,0.310899580170988,4.568040943473611,7.123474184376481,-8.570608865073039,33.799170538404525,1.0,1.0,,,1.0,1.0,-0.1589918466738965,-0.5256467951296498,2282,24,"[470, 481, 469, 470, 392]","[5, 5, 5, 5, 4]",False,False,False,False,False,0.007071067811865475,0.006985106007395612,24,24,24,0,0.0,{},0.7961923795694521,0.7228375687449173,0.0,False,True,False,False,True,False,0.0,7.123474184376481,-8.570608865073039,7.123474184376481,95.08333333333333,1.1510687071829502,0.0049335296203415115,False,1.304521022288253,False,0.013194444444444398,False,False,0.001305668063971306,0.013194444444444398,False,False,-1.3782470707185832,0.1681270188031032,True,False,0.21009898994016424,0.039041847458322246,True,False,-0.7429177070504794,False,False,forward_only_adequate
774,sequential_evalue,martingale_evalue,True,ok,-4.128932511292349,4.045157470507333,2.577898280785318,-11.082454043049928,34.16276354783211,1.0,1.0,,,1.0,1.0,-0.5005240903764103,-1.1471418266021076,2211,24,"[452, 455, 458, 462, 384]","[5, 5, 5, 5, 4]",False,False,False,False,False,0.007071067811865475,0.006946119986481062,24,24,24,0,0.0,{},0.7755981987510129,0.7154144964446348,0.0,False,True,False,False,True,False,0.0,2.577898280785318,-11.082454043049928,2.577898280785318,92.125,1.13881723405518,0.012469127744888625,False,1.2506997081565903,False,0.0215277777777777,False,False,0.02432061588687616,0.0215277777777777,False,False,-1.761553087939237,0.07814483596243947,True,False,0.1184553642156745,0.25216129838729684,True,False,-1.573707956873723,False,False,forward_only_adequate
775,sequential_evalue,martingale_evalue,True,ok,3.1018046755879696,3.611913513050994,9.669168018771671,-3.446672490765628,34.16613752651204,1.0,1.0,,,1.0,1.0,-1.0889594523794912,-0.43423016460923947,2200,24,"[461, 442, 463, 480, 354]","[5, 5, 5, 5, 4]",False,False,False,False,False,0.007071067811865475,0.00700688900539045,24,24,24,0,0.0,{},0.7633634222396048,0.7073814173860757,0.0,False,True,False,False,True,False,0.0,9.669168018771671,-3.446672490765628,9.669168018771671,91.66666666666667,1.1460322697020024,0.020552337285292543,False,1.3029007719168848,False,0.018749999999999933,False,False,0.017331718948529386,0.018749999999999933,False,False,-1.9864946891714426,0.04697842195205071,True,False,0.26243304842518483,0.00931597139021357,True,False,0.04614259890725186,False,False,forward_only_adequate
776,sequential_evalue,martingale_evalue,True,ok,5.61775073736348,3.949966447873232,12.039258227942836,-1.0900312680722344,32.782239196356365,1.0,1.0,,,1.0,1.0,-1.2896609866281397,-0.41056717362289863,2220,24,"[455, 454, 473, 454, 384]","[5, 5, 5, 5, 4]",False,False,False,False,False,0.007071067811865475,0.007012488988422715,24,24,24,0,0.0,{},0.7753751027020506,0.7033338348526329,0.0,False,True,False,False,True,False,0.0,12.039258227942836,-1.0900312680722344,12.039258227942836,92.5,1.1054820056880656,0.01521430335184754,False,1.2528180861500333,False,0.028819444444444398,False,False,0.03609072621722194,0.028819444444444398,False,False,0.7839117938092726,0.4330918689985681,True,False,0.22005428661733212,0.07689829400446926,True,False,0.8027186950706717,False,False,forward_only_adequate
777,sequential_evalue,martingale_evalue,True,ok,2.11025020221507,3.820239564652484,8.847441117931623,-4.471107824284039,33.37761109486264,1.0,1.0,,,1.0,1.0,-1.0230285666616659,-0.5163096580378226,2196,24,"[460, 439, 456, 464, 377]","[5, 5, 5, 5, 4]",False,False,False,False,False,0.007071067811865475,0.006956821851866446,24,24,24,0,0.0,{},0.7655765779930805,0.7001914517615162,0.0,False,True,False,False,True,False,0.0,8.847441117931623,-4.471107824284039,8.847441117931623,91.5,1.1105719078010243,0.008209475380244328,False,1.252105172666272,False,0.010763888888888795,False,False,0.01154562791279165,0.010763888888888795,False,False,1.4284379204219415,0.1531658510544917,True,False,0.2002885759083018,0.0459290229358707,True,False,0.7478928075619043,False,False,forward_only_adequate
778,sequential_evalue,martingale_evalue,True,ok,-0.3389180618087508,4.320132296655616,7.475827524634576,-7.5007121461612165,33.53215484342032,1.0,1.0,,,1.0,1.0,-0.8766944663174769,-1.0239293615558003,2239,24,"[472, 473, 457, 458, 379]","[5, 5, 5, 5, 4]",False,False,False,False,False,0.007071067811865475,0.007052588855292611,24,24,24,0,0.0,{},0.8023222026717205,0.6903305497906134,0.0,False,True,False,False,True,False,0.0,7.475827524634576,-7.5007121461612165,7.475827524634576,93.29166666666667,1.1420929738098056,0.007255696421227422,False,1.2860072439561336,False,0.021180555555555536,False,False,0.0014476674880200835,0.021180555555555536,False,False,1.8803308387878073,0.06006300287288385,True,False,0.1404980308575044,0.16128124195336585,True,False,1.040006426915058,False,False,forward_only_adequate
779,sequential_evalue,martingale_evalue,True,ok,-1.979623426988723,3.602706860154758,3.966114479765822,-9.213705098518941,33.118745980068226,1.0,1.0,,,1.0,1.0,-0.7556445818803925,-0.9871266994055082,2248,24,"[467, 464, 472, 463, 382]","[5, 5, 5, 5, 4]",False,False,False,False,False,0.007071067811865475,0.00703529925554423,24,24,24,0,0.0,{},0.7895566336506076,0.719169306688943,0.0,False,True,False,False,True,False,0.0,3.9661144797658223,-9.213705098518941,3.9661144797658223,93.66666666666667,1.1275063501416207,0.028728609966170396,False,1.2908269877631533,False,0.016319444444444442,False,False,0.01054955856766729,0.016319444444444442,False,False,-0.117263979886581,0.9066508679425774,True,False,0.07307482490802104,0.3185371836220508,True,False,-0.48689321781247097,False,False,forward_only_adequate
780,sequential_evalue,martingale_evalue,True,ok,0.3746887105157371,4.004653402403276,7.8523701717862515,-6.072370729691315,34.5391922521401,0.9041518494762961,1.0,,,0.9041518494762961,1.0,0.10075795761179704,-0.6736399761036116,2188,24,"[449, 463, 454, 461, 361]","[5, 5, 5, 5, 4]",False,False,False,False,False,0.007071067811865475,0.007012105442975507,24,24,24,0,0.0,{},0.7666628231307322,0.7040800469568924,0.0,False,True,False,False,True,False,0.0,7.8523701717862515,-6.072370729691315,7.8523701717862515,91.16666666666667,1.1562417770539972,0.023867641885890516,False,1.2683042276060126,False,0.028472222222222232,False,False,0.0015946506651736648,0.028472222222222232,False,False,-0.841721638068038,0.39994378350480175,True,False,0.14759425454364047,0.04232858691798877,True,False,-1.3772370900121418,False,False,forward_only_adequate
781,sequential_evalue,martingale_evalue,True,ok,-1.2144477566326497,4.16754400340099,5.678757620679339,-8.28869536365838,33.9044429269725,1.0,1.0,,,1.0,1.0,-0.44468893606278526,-0.7681714265501408,2216,24,"[456, 456, 452, 475, 377]","[5, 5, 5, 5, 4]",False,False,False,False,False,0.007071067811865475,0.0068738513446387475,24,24,24,0,0.0,{},0.7760333339635053,0.7068583268506163,0.0,False,True,False,False,True,False,0.0,5.678757620679339,-8.28869536365838,5.678757620679339,92.33333333333333,1.1197111690355224,0.0014777136768439275,False,1.266297577747006,False,0.015972222222222165,False,False,0.006111534270083674,0.015972222222222165,False,False,-1.2195644349761166,0.22263003550921723,True,False,0.22467951322824842,0.12862162802783864,True,False,-0.47362087093196187,False,False,forward_only_adequate
782,sequential_evalue,martingale_evalue,True,ok,1.0797719508103614,4.711708792882504,8.782209364391617,-7.797196813754772,35.506166520166786,1.0,1.0,,,1.0,1.0,-1.0740272186363071,-0.9199811711813173,2199,24,"[439, 454, 464, 461, 381]","[5, 5, 5, 5, 4]",False,False,False,False,False,0.007071067811865475,0.006974479092389088,24,24,24,0,0.0,{},0.7671201147373776,0.6948997547400868,0.0,False,True,False,False,True,False,0.0,8.782209364391617,-7.797196813754771,8.782209364391617,91.625,1.1852025041616516,0.013090790623256852,False,1.2981333344611,False,0.029861111111111116,False,False,0.00502348108833411,0.029861111111111116,False,False,0.014584931396962927,0.9883633209789513,True,False,0.14588936521031676,0.1166844498090794,True,False,0.8431287382811954,False,False,forward_only_adequate
783,sequential_evalue,martingale_evalue,True,ok,2.8468373165387955,3.445065828652791,9.364769571695692,-3.165181026973204,34.48346507389998,1.0,1.0,,,1.0,1.0,-0.6665509739130864,-0.6207894778147733,2218,24,"[452, 459, 463, 470, 374]","[5, 5, 5, 5, 4]",False,False,False,False,False,0.007071067811865475,0.006950734500296076,24,24,24,0,0.0,{},0.7762379874329131,0.7246335697036232,0.0,False,True,False,False,True,False,0.0,9.364769571695692,-3.165181026973204,9.364769571695692,92.41666666666667,1.1520909198685814,0.006088423728954791,False,1.2761690150364464,False,0.01736111111111116,False,False,0.015605123899840787,0.01736111111111116,False,False,0.017591404031440022,0.9859648142064434,True,False,0.1630727241536097,0.14790644180397158,True,False,1.9123963523427387,False,False,forward_only_adequate
784,sequential_evalue,martingale_evalue,True,ok,-0.42768111707431283,2.7597862305837397,3.8534418783202335,-5.383716718258207,34.30826403177078,1.0,1.0,,,1.0,1.0,-0.8539178975656557,-1.0290263325180466,2211,24,"[481, 465, 444, 453, 368]","[5, 5, 5, 5, 4]",False,False,False,False,False,0.007071067811865475,0.007017960904394217,24,24,24,0,0.0,{},0.7794873797394237,0.6573350669650058,0.0,False,True,False,False,True,False,0.0,3.853441878320234,-5.383716718258207,3.853441878320234,92.125,1.1554959908691456,0.006763975516351039,False,1.262122380153823,False,0.019444444444444375,False,False,0.001845883602388101,0.019444444444444375,False,False,1.8725546924054295,0.06112990278487057,True,False,0.21004277157964707,0.0242124856064477,True,False,0.5630237798206008,False,False,forward_only_adequate
785,sequential_evalue,martingale_evalue,True,ok,1.3240769998932025,3.7001027586888604,7.872052344151355,-4.664949154073544,34.2362172384341,1.0,1.0,,,1.0,1.0,-0.7780750390683875,-0.47075082256781975,2219,24,"[464, 461, 458, 458, 378]","[5, 5, 5, 5, 4]",False,False,False,False,False,0.007071067811865475,0.0069840305478335325,24,24,24,0,0.0,{},0.7827223580036171,0.7221978654396025,0.0,False,True,False,False,True,False,0.0,7.872052344151354,-4.664949154073544,7.872052344151354,92.45833333333333,1.1495687207178609,0.0056602911938005715,False,1.2679596771559287,False,0.010763888888888906,False,False,0.006540055524921726,0.010763888888888906,False,False,-1.357010815703007,0.17477777393917004,True,False,0.20241117740779388,0.3968243634993585,True,False,-0.850415579053338,False,False,forward_only_adequate
786,sequential_evalue,martingale_evalue,True,ok,-3.3101662791455815,4.076904517450342,3.1149019177473183,-11.649205085441816,33.719239793082075,0.24553034897736847,1.0,,,0.24553034897736847,1.0,1.4043347182989416,-0.784435447488615,2219,24,"[459, 468, 466, 454, 372]","[5, 5, 5, 5, 4]",False,False,False,False,False,0.007071067811865475,0.006993049730687574,24,24,24,0,0.0,{},0.7954327572350719,0.6818423787117597,0.0,False,True,False,False,True,False,0.0,3.1149019177473183,-11.649205085441816,3.1149019177473183,92.45833333333333,1.133672015064161,0.00916343645075427,False,1.3116219452658007,False,0.023263888888888862,False,False,0.018919174283873862,0.023263888888888862,False,False,1.3007939780070887,0.1933289838053277,True,False,0.18941691065825064,0.1253422759736646,True,False,-0.3657555905339885,False,False,forward_only_adequate
787,sequential_evalue,martingale_evalue,True,ok,1.2718768952353576,4.170294735297386,8.213530760460625,-5.416698319336649,34.676424507472454,1.0,1.0,,,1.0,1.0,-0.47678945365919456,-0.5099674897162678,2198,24,"[451, 474, 455, 456, 362]","[5, 5, 5, 5, 4]",False,False,False,False,False,0.007071067811865475,0.006894195677133711,24,24,24,0,0.0,{},0.7678654495653908,0.7224795747048475,0.0,False,True,False,False,True,False,0.0,8.213530760460625,-5.416698319336649,8.213530760460625,91.58333333333333,1.1439212934823866,0.012390960671861127,False,1.313527608321781,False,0.029166666666666674,False,False,0.006284837206486558,0.029166666666666674,False,False,1.7503456911252522,0.08005868116142575,True,False,0.31220921707505805,0.003275365586821883,True,False,0.47161016990153565,False,False,forward_only_adequate
788,sequential_evalue,martingale_evalue,True,ok,5.080169452742575,3.4711043484725552,10.962247425509577,-0.9785494869425886,34.790729073687984,1.0,0.6206103933483311,,,1.0,0.6206103933483311,-1.025002070681944,0.47705177985006464,2241,24,"[461, 473, 471, 468, 368]","[5, 5, 5, 5, 4]",False,False,False,False,False,0.007071067811865475,0.006922118709039193,24,24,24,0,0.0,{},0.7909705823355554,0.6990324443139084,0.0,False,True,False,False,True,False,0.0,10.96224742550958,-0.9785494869425886,10.96224742550958,93.375,1.1635575927890744,0.004940456139851039,False,1.3016068138667343,False,0.021180555555555536,False,False,0.03020872905620385,0.021180555555555536,False,False,-0.14697741275237472,0.8831498486954584,True,False,0.17060703502411229,0.16806362891221988,True,False,-0.012161014365262988,False,False,forward_only_adequate
789,sequential_evalue,martingale_evalue,True,ok,7.285676638074071,2.4446995497980413,11.408163306865205,2.8132065863467117,33.09122957610237,1.0,1.0,,,1.0,1.0,-1.4012468421408677,-0.2440121876736383,2205,24,"[464, 451, 468, 453, 369]","[5, 5, 5, 5, 4]",False,False,False,False,False,0.007071067811865475,0.006954970270826759,24,24,24,0,0.0,{},0.7780556464838513,0.6976056314212947,0.0,False,True,False,False,True,False,0.0,11.408163306865205,2.8132065863467113,11.408163306865205,91.875,1.1030034298932478,0.008701439083602895,False,1.214228285961263,False,0.021180555555555536,False,False,0.049155705996442436,0.021180555555555536,False,False,-0.651325239119781,0.5148365592399798,True,False,0.07866860796212695,0.32546343332605127,True,False,-0.047187661210967194,False,False,forward_only_adequate
790,sequential_evalue,martingale_evalue,True,ok,1.2241386505201166,3.2524629960309586,6.656596947075073,-4.588516673219434,34.90803428715201,1.0,1.0,,,1.0,1.0,-0.9027616966890831,-0.42828172603403847,2245,24,"[474, 464, 470, 470, 367]","[5, 5, 5, 5, 4]",False,False,False,False,False,0.007071067811865475,0.006927578008458112,24,24,24,0,0.0,{},0.7729916583433217,0.7255838467399262,0.0,False,True,False,False,True,False,0.0,6.656596947075073,-4.588516673219434,6.656596947075073,93.54166666666667,1.1694438515840593,0.01027911270305329,False,1.2718525597591173,False,0.034375000000000044,False,False,0.005871970601742012,0.034375000000000044,False,False,0.6042227394721427,0.5456955646139162,True,False,0.1398274368219062,0.00982164460773212,True,False,0.9149309800953481,False,False,forward_only_adequate
791,sequential_evalue,martingale_evalue,True,ok,-2.658374296369415,4.021413902133504,4.555523611999245,-9.475247867769607,32.82377909422652,1.0,1.0,,,1.0,1.0,-0.7289192011802019,-0.9897955880685723,2217,24,"[464, 459, 464, 465, 365]","[5, 5, 5, 5, 4]",False,False,False,False,False,0.007071067811865475,0.006997650392713006,24,24,24,0,0.0,{},0.7785290718680913,0.7074360706356098,0.0,False,True,False,False,True,False,0.0,4.555523611999245,-9.475247867769607,4.555523611999245,92.375,1.1037940590376552,0.028443229356105854,False,1.2416428069486214,False,0.02256944444444442,False,False,0.01515094278712069,0.02256944444444442,False,False,-1.1250519937871728,0.26056700237953523,True,False,0.12187415776651196,0.25130012697983156,True,False,0.503588346314259,False,False,forward_only_adequate
792,sequential_evalue,martingale_evalue,True,ok,-2.8426782615579698,2.9277211331195625,1.6599560506857016,-8.786063675669293,33.486147652081186,1.0,1.0,,,1.0,1.0,-0.4526916451015309,-1.1335277198665439,2233,24,"[463, 475, 479, 462, 354]","[5, 5, 5, 5, 4]",False,False,False,False,False,0.007071067811865475,0.006940365365162882,24,24,24,0,0.0,{},0.7843493314756778,0.7048003457792489,0.0,False,True,False,False,True,False,0.0,1.6599560506857014,-8.786063675669293,1.6599560506857014,93.04166666666667,1.1208726357589363,0.0048855109465109035,False,1.2455667260978256,False,0.021180555555555647,False,False,0.016079560740947824,0.021180555555555647,False,False,-1.1099848860925665,0.2670055393695512,True,False,0.16642844215141198,0.11227533853256925,True,False,-0.8593522881485457,False,False,forward_only_adequate
793,sequential_evalue,martingale_evalue,True,ok,1.5509129358303937,2.4103585706877073,5.64791211591595,-2.4247337440764847,32.74494545216747,1.0,1.0,,,1.0,1.0,-1.0367434479367064,-0.6820864458246352,2208,24,"[459, 451, 459, 455, 384]","[5, 5, 5, 5, 4]",False,False,False,False,False,0.007071067811865475,0.00703629580008353,24,24,24,0,0.0,{},0.7758101913829669,0.6931360536273788,0.0,False,True,False,False,True,False,0.0,5.64791211591595,-2.4247337440764847,5.64791211591595,92.0,1.1049745563200446,0.029520132686015183,False,1.233973473235029,False,0.01666666666666672,False,False,0.008178657344520808,0.01666666666666672,False,False,1.3311655714898316,0.183134537067705,True,False,0.16168543465375404,0.1287230687345822,True,False,-0.15782696662266296,False,False,forward_only_adequate
794,sequential_evalue,martingale_evalue,True,ok,5.759140550624156,3.243653840733096,11.212095505238874,0.049664122548228384,33.92189312775668,1.0,1.0,,,1.0,1.0,-1.1490899431807113,-0.2274432707062366,2212,24,"[458, 452, 461, 463, 378]","[5, 5, 5, 5, 4]",False,False,False,False,False,0.007071067811865475,0.007011303418385305,24,24,24,0,0.0,{},0.7812749470149242,0.7149066537441578,0.0,False,True,False,False,True,False,0.0,11.212095505238873,0.049664122548228384,11.212095505238873,92.16666666666667,1.141657379519246,0.030571330326697004,False,1.3108737223157927,False,0.025347222222222188,False,False,0.03578086795548858,0.025347222222222188,False,False,1.924813041132909,0.054252751895811746,True,False,0.23262806659794008,0.12491271051498863,True,False,1.4164921620750222,False,False,forward_only_adequate
795,sequential_evalue,martingale_evalue,True,ok,0.8270705137269966,2.6925962358189515,5.408548692864978,-3.52207066103453,34.35304866539565,1.0,1.0,,,1.0,1.0,-1.0725558166526297,-0.9102551427341015,2188,24,"[453, 458, 455, 462, 360]","[5, 5, 5, 5, 4]",False,False,False,False,False,0.007071067811865475,0.006945510250995359,24,24,24,0,0.0,{},0.7708981222205098,0.6993186484035799,0.0,False,True,False,False,True,False,0.0,5.408548692864978,-3.52207066103453,5.408548692864978,91.16666666666667,1.1390885425682544,0.03078768627477327,False,1.3162863784389927,False,0.022222222222222254,False,False,0.0038967686679101665,0.022222222222222254,False,False,0.14715152766506662,0.8830124193181031,True,False,0.18880425636533127,0.08035906955569407,True,False,0.40949937452411983,False,False,forward_only_adequate
796,sequential_evalue,martingale_evalue,True,ok,6.488740672758955,2.991364814170711,11.102269476358043,1.2496737253752705,33.60877343345044,1.0,1.0,,,1.0,1.0,-1.3043914990705294,-0.16814937618090753,2214,24,"[461, 477, 454, 453, 369]","[5, 5, 5, 5, 4]",False,False,False,False,False,0.007071067811865475,0.006983518016968379,24,24,24,0,0.0,{},0.7746924902392738,0.6632340803771971,0.0,False,True,False,False,True,False,0.0,11.10226947635804,1.2496737253752705,11.10226947635804,92.25,1.1271458404523111,0.0011776081552707768,False,1.3000366867126925,False,0.0215277777777777,False,False,0.0417940160269779,0.0215277777777777,False,False,-1.1181888868817405,0.2634863296080835,True,False,0.19938708741963213,0.05628494282234246,True,False,0.8221018788466403,False,False,forward_only_adequate
797,sequential_evalue,martingale_evalue,True,ok,3.2861214433466306,3.147986806077413,9.162802580307721,-1.7737118517842325,32.906933689559764,1.0,1.0,,,1.0,1.0,-1.1344575080636665,-0.42489631710665365,2206,24,"[471, 465, 454, 443, 373]","[5, 5, 5, 5, 4]",False,False,False,False,False,0.007071067811865475,0.00695791456199807,24,24,24,0,0.0,{},0.7737726065625073,0.7082809285721172,0.0,False,True,False,False,True,False,0.0,9.162802580307721,-1.7737118517842323,9.162802580307721,91.91666666666667,1.0975735819214216,0.006673495185748789,False,1.2960303992414617,False,0.014930555555555558,False,False,0.01947593864437959,0.014930555555555558,False,False,0.20179734308469802,0.8400751587326294,True,False,0.2978884526930047,0.0027386444460562715,True,False,0.8825558526950171,False,False,forward_only_adequate
798,sequential_evalue,martingale_evalue,True,ok,3.620917792903335,3.9503715622319944,10.51888995539215,-2.7792026565847174,33.34035484100653,1.0,1.0,,,1.0,1.0,-1.1224959652704416,-0.5479370212144672,2241,24,"[457, 468, 478, 471, 367]","[5, 5, 5, 5, 4]",False,False,False,False,False,0.007071067811865475,0.007029055807474939,24,24,24,0,0.0,{},0.7908331597589053,0.726646264037664,0.0,False,True,False,False,True,False,0.0,10.51888995539215,-2.7792026565847174,10.51888995539215,93.375,1.1322765706683395,0.023633534546652363,False,1.3355355421711357,False,0.01388888888888895,False,False,0.02102074940015052,0.01388888888888895,False,False,-0.36083126216063055,0.7182255911644737,True,False,0.08603758724599032,0.117008710147776,True,False,0.6858919325817938,False,False,forward_only_adequate
799,sequential_evalue,martingale_evalue,True,ok,-1.9259750235101645,3.5607346124216144,4.579522983534744,-7.487936275803501,34.23293044262031,1.0,1.0,,,1.0,1.0,-0.6448529367371071,-1.0508622765161217,2235,24,"[472, 462, 460, 467, 374]","[5, 5, 5, 5, 4]",False,False,False,False,False,0.007071067811865475,0.006981056027061184,24,24,24,0,0.0,{},0.7929871907233987,0.7178280994641005,0.0,False,True,False,False,True,False,0.0,4.579522983534744,-7.487936275803501,4.579522983534744,93.125,1.1531036540140565,0.013428597278401965,False,1.281555837817084,False,0.024652777777777857,False,False,0.009966113734473361,0.024652777777777857,False,False,-0.6536266242131012,0.5133523869207481,True,False,0.10150701229496753,0.6190919798357789,True,False,-1.1176487719966788,False,False,forward_only_adequate
800,sequential_evalue,martingale_evalue,True,ok,1.1063309853998546,3.8874053957974777,8.14932284422041,-4.993401956976383,34.16841846010529,1.0,1.0,,,1.0,1.0,-1.0301270398049973,-0.9243425260118108,2255,24,"[466, 480, 470, 475, 364]","[5, 5, 5, 5, 4]",False,False,False,False,False,0.007071067811865475,0.007065535369751814,24,24,24,0,0.0,{},0.7805734562197664,0.7159275686147866,0.0,False,True,False,False,True,False,0.0,8.14932284422041,-4.993401956976383,8.14932284422041,93.95833333333333,1.1700585881052326,0.022072201659018385,False,1.3129162043220959,False,0.021180555555555536,False,False,0.005237445479063121,0.021180555555555536,False,False,2.0459057796944524,0.04076564159550316,True,False,0.19543193561917752,0.1201711590747436,True,False,0.48939299300993516,False,False,forward_only_adequate
801,sequential_evalue,martingale_evalue,True,ok,-0.6452631585942571,3.291076365703335,4.1148204186980175,-6.811227354152961,32.77553267659222,1.0,1.0,,,1.0,1.0,-0.6906705398990599,-0.9620513422701793,2213,24,"[465, 451, 476, 459, 362]","[5, 5, 5, 5, 4]",False,False,False,False,False,0.007071067811865475,0.00699381158594166,24,24,24,0,0.0,{},0.7790556980381771,0.7031269554012753,0.0,False,True,False,False,True,False,0.0,4.1148204186980175,-6.811227354152961,4.1148204186980175,92.20833333333333,1.100572805175416,0.0002377742236211441,False,1.3000193638734947,False,0.03472222222222221,False,False,0.0030708531140053144,0.03472222222222221,False,False,-0.09736498368236048,0.9224365515451893,True,False,0.19745405717258535,0.20288385425915365,True,False,1.4104469918022144,False,False,forward_only_adequate
802,sequential_evalue,martingale_evalue,True,ok,-1.8730918932963414,3.5995227620772305,4.774379139857572,-7.883575127092323,34.94378789861429,1.0,1.0,,,1.0,1.0,-0.5771163528596408,-0.669291312843115,2211,24,"[457, 474, 460, 460, 360]","[5, 5, 5, 5, 4]",False,False,False,False,False,0.007071067811865475,0.007031421254179711,24,24,24,0,0.0,{},0.7794008039356679,0.681825375430978,0.0,False,True,False,False,True,False,0.0,4.774379139857572,-7.883575127092324,4.774379139857572,92.125,1.179157595398732,0.006932778879554187,False,1.3634386470604374,False,0.033333333333333326,False,False,0.00941283510125192,0.033333333333333326,False,False,0.152263836285485,0.8789788467573337,True,False,0.1903508893414132,0.10880822585170528,True,False,0.7393244557940953,False,False,forward_only_adequate
803,sequential_evalue,martingale_evalue,True,ok,-4.859077472031262,2.9459975445987308,0.08204792433237085,-9.810450396656382,32.80203168774065,1.0,1.0,,,1.0,1.0,-0.5458213698206889,-1.257366936549599,2249,24,"[480, 466, 469, 464, 370]","[5, 5, 5, 5, 4]",False,False,False,False,False,0.007071067811865475,0.0069714111174491306,24,24,24,0,0.0,{},0.7897512254456118,0.6819856866085298,0.0,False,True,False,False,True,False,0.0,0.08204792433237085,-9.810450396656382,0.08204792433237085,93.70833333333333,1.1068290512916064,0.006407165145538408,False,1.3593570665485788,False,0.025347222222222188,False,False,0.030403245596744385,0.025347222222222188,False,False,-1.3245070128313035,0.18533471556290815,True,False,0.1135169535576928,0.3583385725272601,True,False,-1.1402944772969275,False,False,forward_only_adequate
804,sequential_evalue,martingale_evalue,True,ok,2.1386973707852706,3.9710585187486593,9.461709380347955,-4.20558280619905,33.44065980295449,0.6642620682276595,1.0,,,0.6642620682276595,1.0,0.40907852630603514,-0.23489391360464174,2236,24,"[465, 464, 467, 460, 380]","[5, 5, 5, 5, 4]",False,False,False,False,False,0.007071067811865475,0.0070419412238759155,24,24,24,0,0.0,{},0.787811208727839,0.7023938004742352,0.0,False,True,False,False,True,False,0.0,9.461709380347955,-4.20558280619905,9.461709380347955,93.16666666666667,1.1364949667599067,0.008295145735732826,False,1.2661379244718212,False,0.03541666666666665,False,False,0.011418583321516665,0.03541666666666665,False,False,-0.17736496002537683,0.8592217287726927,True,False,0.23582488710369964,0.034389351619268406,True,False,-1.611236807726823,False,False,forward_only_adequate
805,sequential_evalue,martingale_evalue,True,ok,-1.5258897921838706,3.583578429680746,4.114134160665335,-8.405666692296753,34.20185546480187,1.0,1.0,,,1.0,1.0,-0.8357432680374517,-1.093735606774267,2206,24,"[471, 467, 446, 454, 368]","[5, 5, 5, 5, 4]",False,False,False,False,False,0.007071067811865475,0.006987024036009402,24,24,24,0,0.0,{},0.7737410967112262,0.6506604744598049,0.0,False,True,False,False,True,False,0.0,4.114134160665335,-8.405666692296753,4.114134160665335,91.91666666666667,1.1455367916472587,0.009042615514578146,False,1.299305845576746,False,0.026736111111111183,False,False,0.007707951334311212,0.026736111111111183,False,False,-1.0501301669083165,0.2936582707464547,True,False,0.15706699103544144,0.15844547169722098,True,False,-0.3313326198534099,False,False,forward_only_adequate
806,sequential_evalue,martingale_evalue,True,ok,5.7679700035986174,4.044499504462031,12.329503442786294,-1.719455409508015,34.33819283270368,1.0,0.5741951779399401,,,1.0,0.5741951779399401,-0.8642429615488556,0.5547859092058448,2225,24,"[456, 464, 485, 461, 359]","[5, 5, 5, 5, 4]",False,False,False,False,False,0.007071067811865475,0.006951296895863299,24,24,24,0,0.0,{},0.7816245673683854,0.6802133763318621,0.0,False,True,False,False,True,False,0.0,12.329503442786296,-1.719455409508015,12.329503442786296,92.70833333333333,1.1491392649063168,0.026995104045027654,False,1.318999240834383,False,0.01909722222222232,False,False,0.03557141969603042,0.01909722222222232,False,False,0.8488970496593873,0.39593858070369703,True,False,0.17112737136811804,0.09809316810611587,True,False,1.1131005649783452,False,False,forward_only_adequate
807,sequential_evalue,martingale_evalue,True,ok,3.580906695395697,3.012874139562433,9.583906429503852,-1.0286255149286614,33.47950066226397,1.0,1.0,,,1.0,1.0,-1.1876726555813946,-0.6518436424040637,2220,24,"[454, 455, 477, 467, 367]","[5, 5, 5, 5, 4]",False,False,False,False,False,0.007071067811865475,0.00699125292228156,24,24,24,0,0.0,{},0.7799816926786516,0.7269348047926751,0.0,False,True,False,False,True,False,0.0,9.583906429503852,-1.0286255149286614,9.583906429503852,92.5,1.1255760835567616,0.0017480370992074858,False,1.2614548920441213,False,0.021874999999999978,False,False,0.0208949727471279,0.021874999999999978,False,False,-1.1224300865024486,0.26167961814019924,True,False,0.24918501597891493,0.1044286524396004,True,False,-1.35118617659082,False,False,forward_only_adequate
808,sequential_evalue,martingale_evalue,True,ok,5.6390022767240495,3.1256951927120182,10.71850489117217,-0.15935054163276874,32.99008043313955,1.0,1.0,,,1.0,1.0,-1.2977079078672469,-0.339382040652461,2232,24,"[460, 466, 457, 477, 372]","[5, 5, 5, 5, 4]",False,False,False,False,False,0.007071067811865475,0.007054600374410932,24,24,24,0,0.0,{},0.7722043381990287,0.7322702503735792,0.0,False,True,False,False,True,False,0.0,10.718504891172168,-0.15935054163276874,10.718504891172168,93.0,1.1221922629480634,0.049310269940411385,False,1.2177887414312343,False,0.017708333333333326,False,False,0.035618057595182176,0.017708333333333326,False,False,0.11397664668904013,0.9092563060291757,True,False,0.1542457829034227,0.04247669382278383,True,False,1.5752215608804707,False,False,forward_only_adequate
809,sequential_evalue,martingale_evalue,True,ok,-1.15498988987979,3.1707008190504795,4.158868282327455,-6.69195967703533,32.66814986548403,1.0,1.0,,,1.0,1.0,-0.8813238422978282,-1.0026014190507118,2221,24,"[475, 466, 454, 455, 371]","[5, 5, 5, 5, 4]",False,False,False,False,False,0.007071067811865475,0.0069158148713195314,24,24,24,0,0.0,{},0.777388823047687,0.7147297397369813,0.0,False,True,False,False,True,False,0.0,4.158868282327455,-6.691959677035331,4.158868282327455,92.54166666666667,1.086692228440575,0.016680002694296207,False,1.3095042057839121,False,0.015972222222222276,False,False,0.005973616676685305,0.015972222222222276,False,False,3.9794279801764976,6.90812828829217e-05,True,True,0.36557870314682617,3.916091545372864e-05,True,True,-0.39446852174032415,False,True,selection_limited
810,sequential_evalue,martingale_evalue,True,ok,-3.5115533989200896,3.092772934173705,2.1662299046926248,-8.345581808630742,33.97726847048058,1.0,1.0,,,1.0,1.0,-0.42075902025760126,-0.9621014017959826,2217,24,"[456, 446, 473, 464, 378]","[5, 5, 5, 5, 4]",False,False,False,False,False,0.007071067811865475,0.006903600559921084,24,24,24,0,0.0,{},0.7755534992528784,0.7084327728429831,0.0,False,True,False,False,True,False,0.0,2.1662299046926248,-8.345581808630742,2.1662299046926248,92.375,1.1272269075923569,0.027576715060418346,False,1.265580140434459,False,0.032638888888888884,False,False,0.020392004806432086,0.032638888888888884,False,False,1.1529889070122197,0.24891493767207107,True,False,0.2442004523539258,0.022346725653549084,True,False,-0.7373337105155001,False,False,forward_only_adequate
811,sequential_evalue,martingale_evalue,True,ok,0.12277062452913305,4.028477439374382,7.226530431237368,-6.756783744226593,34.22718106081178,1.0,1.0,,,1.0,1.0,-0.8307352852135971,-0.8283255541365876,2178,24,"[443, 468, 448, 460, 359]","[5, 5, 5, 5, 4]",False,False,False,False,False,0.007071067811865475,0.007041422384997041,24,24,24,0,0.0,{},0.7629917138760387,0.7052719143875664,0.0,False,True,False,False,True,False,0.0,7.226530431237368,-6.756783744226593,7.226530431237368,90.75,1.1479549631056323,0.0025565213336352023,False,1.303295091134975,False,0.01666666666666672,False,False,0.0004762065838174734,0.01666666666666672,False,False,-0.08860317922492063,0.9293972813692245,True,False,0.12774323292258088,0.14004680894262747,True,False,0.005750535960442554,False,False,forward_only_adequate
812,sequential_evalue,martingale_evalue,True,ok,3.2882959216672876,3.8109537981083457,9.623673878168734,-3.1084793718276997,34.21776681130594,1.0,0.2692014167328811,,,1.0,0.2692014167328811,-1.098971707129817,1.3122954184732538,2259,24,"[477, 463, 468, 465, 386]","[5, 5, 5, 5, 4]",False,False,False,False,False,0.007071067811865475,0.007033808285012361,24,24,24,0,0.0,{},0.800600164067858,0.7156132264143772,0.0,False,True,False,False,True,False,0.0,9.623673878168734,-3.1084793718276997,9.623673878168734,94.125,1.1675209658600092,0.0036125897686391244,False,1.2620697765490074,False,0.025347222222222188,False,False,0.01814699330895774,0.025347222222222188,False,False,0.599514418484304,0.5488298980499835,True,False,0.14489983963664305,0.06558845882033307,True,False,0.5008736485056183,False,False,forward_only_adequate
813,sequential_evalue,martingale_evalue,True,ok,-3.034408477928357,2.8694617211780837,1.9128592046127628,-7.7463163197194955,32.419504491267126,1.0,1.0,,,1.0,1.0,-0.5798398761378238,-1.1132517625147358,2225,24,"[470, 472, 455, 472, 356]","[5, 5, 5, 5, 4]",False,False,False,False,False,0.007071067811865475,0.007056618046071131,24,24,24,0,0.0,{},0.7848288321609971,0.7093267618924964,0.0,False,True,False,False,True,False,0.0,1.9128592046127626,-7.746316319719495,1.9128592046127626,92.70833333333333,1.1013677991866662,0.008548118796175187,False,1.2420226375424772,False,0.014583333333333393,False,False,0.017691220435907606,0.014583333333333393,False,False,-0.5045496701368766,0.6138751673046949,True,False,0.1602746392096057,0.17807837202526525,True,False,-0.954736008244031,False,False,forward_only_adequate
814,sequential_evalue,martingale_evalue,True,ok,1.103121684084796,2.971327757100797,6.068219214829032,-3.73840875545661,34.286896630369306,1.0,1.0,,,1.0,1.0,-0.6726315235665761,-0.5388587756735654,2245,24,"[461, 476, 468, 477, 363]","[5, 5, 5, 5, 4]",False,False,False,False,False,0.007071067811865475,0.0069902240391532386,24,24,24,0,0.0,{},0.7934685570738678,0.6533270380672632,0.0,False,True,False,False,True,False,0.0,6.068219214829032,-3.7384087554566094,6.068219214829032,93.54166666666667,1.159022400061247,0.018637522255164993,False,1.2631440647010437,False,0.017708333333333326,False,False,0.005276243753483869,0.017708333333333326,False,False,-0.4589751884973841,0.646251983579401,True,False,0.07551655658498278,0.24564613581564043,True,False,-0.011390939749724154,False,False,forward_only_adequate
815,sequential_evalue,martingale_evalue,True,ok,9.165037216666521,4.367922315143934,17.74612916509153,2.292711856512436,33.825436484377505,1.0,0.6099535295998925,,,1.0,0.6099535295998925,-1.369644063549195,0.4943725057004815,2229,24,"[479, 472, 448, 448, 382]","[5, 5, 5, 5, 4]",False,False,False,False,False,0.007071067811865475,0.006916635417315893,24,24,24,0,0.0,{},0.7884788454855678,0.6526409873651046,0.0,False,True,False,False,True,False,0.0,17.74612916509153,2.292711856512436,17.74612916509153,92.875,1.127347254133309,0.01529015403973724,False,1.3354899188647087,False,0.02604166666666663,False,False,0.06285879768324208,0.02604166666666663,False,False,0.8634551267370925,0.3878872811949179,True,False,0.1398362921271194,0.17668984857750036,True,False,2.9697326516610207,False,False,forward_only_adequate
816,sequential_evalue,martingale_evalue,True,ok,0.4260151664928958,4.385478867641301,7.969760635052329,-6.792463482538012,33.52878899939707,1.0,1.0,,,1.0,1.0,-0.7356736805890395,-0.6712448104266892,2233,24,"[466, 452, 454, 478, 383]","[5, 5, 5, 5, 4]",False,False,False,False,False,0.007071067811865475,0.006950779837711345,24,24,24,0,0.0,{},0.7836136229498807,0.7198933303609948,0.0,False,True,False,False,True,False,0.0,7.969760635052329,-6.792463482538012,7.969760635052329,93.04166666666667,1.1239840424347838,0.007014741116654213,False,1.2555282213491337,False,0.012500000000000067,False,False,0.0018948325019427937,0.012500000000000067,False,False,1.0894608986404895,0.2759506888143155,True,False,0.12209264856651084,0.09671905987890186,True,False,0.4844602655408681,False,False,forward_only_adequate
817,sequential_evalue,martingale_evalue,True,ok,3.055560854055732,3.5364038283369674,8.925074802960594,-3.642563838627615,33.99033730240906,1.0,1.0,,,1.0,1.0,-1.0908756148264067,-0.6705037227094678,2269,24,"[465, 473, 470, 482, 379]","[5, 5, 5, 5, 4]",False,False,False,False,False,0.007071067811865475,0.006918742146876549,24,24,24,0,0.0,{},0.7908634308307825,0.7415532243269185,0.0,False,True,False,False,True,False,0.0,8.925074802960594,-3.642563838627615,8.925074802960594,94.54166666666667,1.1433106553419619,0.031118105126379702,False,1.2861595781759285,False,0.029166666666666674,False,False,0.01708071362437888,0.029166666666666674,False,False,0.021078925254852377,0.9831826963705034,True,False,0.14767756709749827,0.11912289175961659,True,False,-0.10176370945166513,False,False,forward_only_adequate
818,sequential_evalue,martingale_evalue,True,ok,5.675586548816199,3.6093584480468133,12.912289000284117,0.16375368863444084,33.8786285579527,1.0,1.0,,,1.0,1.0,-1.251762825506748,-0.31844314167427756,2244,24,"[464, 475, 457, 460, 388]","[5, 5, 5, 5, 4]",False,False,False,False,False,0.007071067811865475,0.0070031588729263985,24,24,24,0,0.0,{},0.7871337548409154,0.7307533824091588,0.0,False,True,False,False,True,False,0.0,12.912289000284117,0.16375368863444084,12.912289000284117,93.5,1.1470850243528787,0.028127378401266646,False,1.3180236499773248,False,0.033333333333333326,False,False,0.034976970264987556,0.033333333333333326,False,False,1.1066871016616744,0.2684292338953951,True,False,0.17901163649117582,0.0696374505323111,True,False,0.44162513361240696,False,False,forward_only_adequate
819,sequential_evalue,martingale_evalue,True,ok,0.3252273775937417,4.199946992461878,7.623585456416244,-6.470321651212321,34.78772467774821,1.0,1.0,,,1.0,1.0,-0.47871429804500054,-0.36066478895979837,2220,24,"[463, 460, 471, 454, 372]","[5, 5, 5, 5, 4]",False,False,False,False,False,0.007071067811865475,0.006961231309896341,24,24,24,0,0.0,{},0.7836350879280087,0.6770766725563286,0.0,False,True,False,False,True,False,0.0,7.623585456416244,-6.470321651212321,7.623585456416244,92.5,1.1645361103349938,0.014179677006799384,False,1.2685091820963361,False,0.02604166666666674,False,False,0.0013544003991099853,0.02604166666666674,False,False,-0.17057477668551826,0.8645581325144696,True,False,0.137420760309596,0.12606148933717418,True,False,-0.745806946326457,False,False,forward_only_adequate
820,sequential_evalue,martingale_evalue,True,ok,-2.6341788098367647,3.9145262372568563,3.7166649371868394,-10.035085741319616,33.66749228534462,1.0,1.0,,,1.0,1.0,-0.19614524126404775,-1.0785366297947374,2236,24,"[457, 476, 473, 466, 364]","[5, 5, 5, 5, 4]",False,False,False,False,False,0.007071067811865475,0.007026495070193621,24,24,24,0,0.0,{},0.7875809307008194,0.7097891789433802,0.0,False,True,False,False,True,False,0.0,3.7166649371868394,-10.035085741319616,3.7166649371868394,93.16666666666667,1.1416942091721403,0.035038689845453726,False,1.2578479857332188,False,0.028819444444444398,False,False,0.014421817601437964,0.028819444444444398,False,False,-0.9777692769740487,0.32818844943729664,True,False,0.13486207175369236,0.223996929072596,True,False,-1.4457508344139935,False,False,forward_only_adequate
821,sequential_evalue,martingale_evalue,True,ok,5.8712158791637945,3.0845898834317533,10.963528414823163,0.21812737071409138,34.33389966880414,1.0,1.0,,,1.0,1.0,-1.3192435714097548,-0.04858258400485671,2249,24,"[478, 469, 459, 472, 371]","[5, 5, 5, 5, 4]",False,False,False,False,False,0.007071067811865475,0.007010572969961934,24,24,24,0,0.0,{},0.7912407108544826,0.7174281618603465,0.0,False,True,False,False,True,False,0.0,10.963528414823164,0.21812737071409138,10.963528414823164,93.70833333333333,1.1650263790108986,0.009987300342066642,False,1.2953235694730465,False,0.03125,False,False,0.03573933309548885,0.03125,False,False,-0.0852783191463654,0.9320401275491262,True,False,0.1496294980266147,0.12171876092931086,True,False,-0.9308742298177342,False,False,forward_only_adequate
822,sequential_evalue,martingale_evalue,True,ok,1.2408490175580382,2.8169236075327486,6.869953114132242,-2.9723904694816348,34.55854579389378,1.0,1.0,,,1.0,1.0,-1.079953135357222,-0.9130941100015428,2233,24,"[465, 466, 459, 459, 384]","[5, 5, 5, 5, 4]",False,False,False,False,False,0.007071067811865475,0.007017835733233946,24,24,24,0,0.0,{},0.791715318746352,0.6950930401027267,0.0,False,True,False,False,True,False,0.0,6.869953114132241,-2.9723904694816348,6.869953114132241,93.04166666666667,1.1696809121155407,0.021462666424025816,False,1.3271563290677038,False,0.019791666666666652,False,False,0.00596092866408704,0.019791666666666652,False,False,1.1456198559554684,0.2519524778416278,True,False,0.2138557980110546,0.03906427361215213,True,False,-0.8506356069096669,False,False,forward_only_adequate
823,sequential_evalue,martingale_evalue,True,ok,1.9809403968399402,3.8918894131143786,8.522152760696416,-4.879535649906169,36.30096161020653,1.0,1.0,,,1.0,1.0,-0.9610750495512397,-0.6904248360364877,2204,24,"[466, 473, 442, 463, 360]","[5, 5, 5, 5, 4]",False,False,False,False,False,0.007071067811865475,0.006848320198882791,24,24,24,0,0.0,{},0.7788507564209701,0.7028121245839057,0.0,False,True,False,False,True,False,0.0,8.522152760696416,-4.879535649906169,8.522152760696416,91.83333333333333,1.1911662125112799,0.016710843545509866,False,1.3069370693350626,False,0.011458333333333348,False,False,0.009917019671135029,0.011458333333333348,False,False,1.554954009490856,0.11995702291386696,True,False,0.2220576932685234,0.03154762769998775,True,False,0.15224147926987555,False,False,forward_only_adequate
824,sequential_evalue,martingale_evalue,True,ok,3.636358907981515,2.7883237145433943,9.25394454142616,-0.8479679171169399,33.39504706581768,1.0,1.0,,,1.0,1.0,-1.205463787650273,-0.7565525847295611,2198,24,"[457, 475, 456, 451, 359]","[5, 5, 5, 5, 4]",False,False,False,False,False,0.007071067811865475,0.006940884791873056,24,24,24,0,0.0,{},0.7651101180114814,0.7048767682521718,0.0,False,True,False,False,True,False,0.0,9.25394454142616,-0.8479679171169399,9.25394454142616,91.58333333333333,1.1091112825963871,0.034952654782601164,False,1.2329292092072672,False,0.018402777777777768,False,False,0.021637391248462964,0.018402777777777768,False,False,0.9593505914859204,0.3373821567683971,True,False,0.11296773582482131,0.4228926794040756,True,False,0.2861409011913964,False,False,forward_only_adequate
825,sequential_evalue,martingale_evalue,True,ok,2.6674700281044497,3.526457540662504,9.302771834841044,-3.2773704333358977,33.03347843113566,1.0,1.0,,,1.0,1.0,-1.0774561196895371,-0.6934641488909647,2231,24,"[452, 467, 470, 464, 378]","[5, 5, 5, 5, 4]",False,False,False,False,False,0.007071067811865475,0.006820704002866433,24,24,24,0,0.0,{},0.7900505827064741,0.705215200142333,0.0,False,True,False,False,True,False,0.0,9.302771834841044,-3.2773704333358977,9.302771834841044,92.95833333333333,1.0861696886658287,0.020518485145793214,False,1.2687752608919451,False,0.012499999999999956,False,False,0.015494923428300646,0.012499999999999956,False,False,1.1541264493187098,0.24844833114437415,True,False,0.10998104257980439,0.3178741012148902,True,False,-0.2359691886687002,False,False,forward_only_adequate
826,sequential_evalue,martingale_evalue,True,ok,0.8154897343979212,3.711579345029917,6.56747769829977,-6.366588046475913,32.38882373866394,1.0,1.0,,,1.0,1.0,-0.6294680729442402,-0.2684910093299512,2176,24,"[461, 455, 442, 446, 372]","[5, 5, 5, 5, 4]",False,False,False,False,False,0.007071067811865475,0.007030341646737614,24,24,24,0,0.0,{},0.7667919593625547,0.6463627930476794,0.0,False,True,False,False,True,False,0.0,6.567477698299771,-6.366588046475914,6.567477698299771,90.66666666666667,1.084090242688039,0.012496820348616735,False,1.2341188899393227,False,0.007986111111111138,False,False,0.004053854141488951,0.007986111111111138,False,False,-0.2346895638661932,0.8144496883666781,True,False,0.057950606163021175,0.5605964637323005,True,False,0.4129447307593918,False,False,forward_only_adequate
827,sequential_evalue,martingale_evalue,True,ok,-1.7341593130941897,3.4967836405125055,6.09955897302982,-7.246594169566862,33.109174843956865,1.0,1.0,,,1.0,1.0,-0.7103710268175267,-0.9822115924606691,2207,24,"[457, 461, 450, 466, 373]","[5, 5, 5, 5, 4]",False,False,False,False,False,0.007071067811865475,0.006994221570164513,24,24,24,0,0.0,{},0.7786914308481118,0.6664907093149909,0.0,False,True,False,False,True,False,0.0,6.099558973029819,-7.246594169566862,6.099558973029819,91.95833333333333,1.1103331175239002,0.015458835540662033,False,1.299987883763171,False,0.03472222222222221,False,False,0.009233383330752923,0.03472222222222221,False,False,-0.24501773238835534,0.8064427013098893,True,False,0.22075629254330553,0.01640367362700111,True,False,-0.017038829288384266,False,False,forward_only_adequate
828,sequential_evalue,martingale_evalue,True,ok,6.888090620172888,4.088352140661787,13.467698924719524,-0.08661184282465761,33.413326940190494,1.0,0.6247624394169293,,,1.0,0.6247624394169293,-1.294533806476496,0.4703837984337978,2238,24,"[460, 475, 457, 489, 357]","[5, 5, 5, 5, 4]",False,False,False,False,False,0.007071067811865475,0.006934275973526158,24,24,24,0,0.0,{},0.7880517558097927,0.697537550878351,0.0,False,True,False,False,True,False,0.0,13.467698924719523,-0.08661184282465761,13.467698924719523,93.25,1.1187041950787258,0.013471792234180437,False,1.2963872982265516,False,0.03125,False,False,0.04524241813582687,0.03125,False,False,-1.4018200643892775,0.16096898531115678,True,False,0.12673421526347786,0.25768987403988586,True,False,0.8180611030106961,False,False,forward_only_adequate
829,sequential_evalue,martingale_evalue,True,ok,1.154384372548454,3.688174774559955,7.684633182450091,-5.19313597534087,34.22306914115521,1.0,1.0,,,1.0,1.0,-0.796883694571511,-0.6502569691738194,2259,24,"[455, 476, 477, 473, 378]","[5, 5, 5, 5, 4]",False,False,False,False,False,0.007071067811865475,0.00700892902558835,24,24,24,0,0.0,{},0.7942923536653407,0.7125439046359219,0.0,False,True,False,False,True,False,0.0,7.684633182450091,-5.19313597534087,7.684633182450091,94.125,1.1635716086529453,0.053946740541372905,False,1.2853745706143047,False,0.014583333333333393,False,False,0.005528151896009322,0.014583333333333393,False,False,-1.0765103743192679,0.2816990637001753,True,False,0.15482404494379454,0.04728012550368324,True,False,-0.48569966522476377,False,False,forward_only_adequate
830,sequential_evalue,martingale_evalue,True,ok,0.2850285809281834,3.6401923462445787,8.077184820463291,-4.963105427343604,33.1866805884295,1.0,1.0,,,1.0,1.0,-0.8709098572548009,-0.3308049543833115,2226,24,"[449, 464, 475, 462, 376]","[5, 5, 5, 5, 4]",False,False,False,False,False,0.007071067811865475,0.00695426090257901,24,24,24,0,0.0,{},0.7902213126692019,0.71509057856775,0.0,False,True,False,False,True,False,0.0,8.077184820463291,-4.963105427343604,8.077184820463291,92.75,1.111326726586413,0.020980767987226978,False,1.28141140029111,False,0.026388888888888906,False,False,0.0012337049560229474,0.026388888888888906,False,False,-0.6467177832176676,0.5178146115930802,True,False,0.17877858463423538,0.05631890572245262,True,False,0.3240242671972821,False,False,forward_only_adequate
831,sequential_evalue,martingale_evalue,True,ok,2.8887835114356357,3.4356175221533793,8.923926736222386,-3.4429624589797387,31.521652117775496,1.0,1.0,,,1.0,1.0,-1.0298141143809265,-0.5002379696408549,2259,24,"[467, 472, 469, 473, 378]","[5, 5, 5, 5, 4]",False,False,False,False,False,0.007071067811865475,0.006968050246526499,24,24,24,0,0.0,{},0.7967753882183128,0.7124694417211441,0.0,False,True,False,False,True,False,0.0,8.923926736222386,-3.4429624589797387,8.923926736222386,94.125,1.065473725142655,0.011045801176098836,False,1.3300344269658162,False,0.020486111111111094,False,False,0.01736651043464469,0.020486111111111094,False,False,0.46032353606485676,0.6452840098797802,True,False,0.09328355182929537,0.4918670685373183,True,False,0.6642005113901677,False,False,forward_only_adequate
832,sequential_evalue,martingale_evalue,True,ok,1.5052839022668005,3.39155097209322,7.314775417604315,-4.489272147985965,33.942209497479524,1.0,1.0,,,1.0,1.0,-1.0888783335627592,-0.8635281078622068,2251,24,"[461, 458, 476, 485, 371]","[5, 5, 5, 5, 4]",False,False,False,False,False,0.007071067811865475,0.006970527641130539,24,24,24,0,0.0,{},0.799954434832931,0.7194093864362174,0.0,False,True,False,False,True,False,0.0,7.314775417604314,-4.489272147985965,7.314775417604314,93.79166666666667,1.145665656160468,0.00862424058914977,False,1.2840725960240278,False,0.012847222222222232,False,False,0.0075892541090809874,0.012847222222222232,False,False,-0.35966261167036906,0.719099455031534,True,False,0.1284434197809516,0.13424994273920038,True,False,1.961718597789763,False,False,forward_only_adequate
833,sequential_evalue,martingale_evalue,True,ok,-3.004241538321416,4.520406255264028,5.7851057305634335,-10.012800241667392,34.127557067280314,1.0,1.0,,,1.0,1.0,-0.6446652106890527,-1.0974893593182895,2225,24,"[452, 458, 467, 475, 373]","[5, 5, 5, 5, 4]",False,False,False,False,False,0.007071067811865475,0.006940907517919568,24,24,24,0,0.0,{},0.7834945179955882,0.7051337694873684,0.0,False,True,False,False,True,False,0.0,5.7851057305634335,-10.012800241667392,5.7851057305634335,92.70833333333333,1.1403833044842784,0.0028037253198755457,False,1.2849625040464177,False,0.012847222222222121,False,False,0.016799861424180777,0.012847222222222121,False,False,0.07379064864498802,0.9411769680401835,True,False,0.062491233271909384,0.6012736204637902,True,False,-1.3372596204250933,False,False,forward_only_adequate
834,sequential_evalue,martingale_evalue,True,ok,0.43227657524683377,2.9670900234578017,5.26895379028824,-4.796114759437403,34.88763315698612,1.0,1.0,,,1.0,1.0,-0.9853679414565799,-0.9072839895623785,2246,24,"[475, 458, 466, 472, 375]","[5, 5, 5, 5, 4]",False,False,False,False,False,0.007071067811865475,0.007067288272204188,24,24,24,0,0.0,{},0.7938344419549979,0.6992017269707188,0.0,False,True,False,False,True,False,0.0,5.26895379028824,-4.796114759437403,5.26895379028824,93.58333333333333,1.192596616627196,0.032273959450617805,False,1.2406548352235247,False,0.00868055555555558,False,False,0.0018038361747594479,0.00868055555555558,False,False,0.9144756080141615,0.3604669890688078,True,False,0.0942287714787127,0.49053612481102554,True,False,1.5348801281294149,False,False,forward_only_adequate
835,sequential_evalue,martingale_evalue,True,ok,2.9551128514589053,4.276447503458473,9.78511235863955,-3.8364898380568984,33.794721627066934,1.0,1.0,,,1.0,1.0,-1.084082381781889,-0.5834438998009048,2216,24,"[456, 459, 473, 466, 362]","[5, 5, 5, 5, 4]",False,False,False,False,False,0.007071067811865475,0.006957410663720355,24,24,24,0,0.0,{},0.785633999115323,0.6987637995400665,0.0,False,True,False,False,True,False,0.0,9.78511235863955,-3.8364898380568984,9.78511235863955,92.33333333333333,1.129654855753833,0.014391927754042725,False,1.282865874630362,False,0.01909722222222221,False,False,0.01666411763701478,0.01909722222222221,False,False,1.8479956061775848,0.06460297846356416,True,False,0.14645777949790223,0.23226878876625437,True,False,2.053069559987076,False,False,forward_only_adequate
836,sequential_evalue,martingale_evalue,True,ok,-3.980537843588989,2.6936963585752842,-0.0020483678577685183,-9.366227840627069,35.03917392749452,1.0,1.0,,,1.0,1.0,-0.5999618338568646,-1.2060021866623336,2194,24,"[453, 459, 449, 457, 376]","[5, 5, 5, 5, 4]",False,False,False,False,False,0.007071067811865475,0.006948238530160255,24,24,24,0,0.0,{},0.7706035499921768,0.6691306731729988,0.0,False,True,False,False,True,False,0.0,-0.0020483678577685183,-9.366227840627069,-0.0020483678577685183,91.41666666666667,1.1638882213366024,0.02851357784478183,False,1.30570696934596,False,0.015277777777777835,False,False,0.02272462942370145,0.015277777777777835,False,False,-0.27367957347362043,0.7843308766447799,True,False,0.08162539996018903,0.3220034905853889,True,False,-0.9347596728710386,False,False,forward_only_adequate
837,sequential_evalue,martingale_evalue,True,ok,-0.08636731762636381,3.4428277876328983,5.712848564602944,-5.884540076593499,32.34299272998945,1.0,1.0,,,1.0,1.0,-0.9629186977214113,-1.0188440278178414,2252,24,"[474, 486, 465, 462, 365]","[5, 5, 5, 5, 4]",False,False,False,False,False,0.007071067811865475,0.007054912329914953,24,24,24,0,0.0,{},0.7899218018880723,0.7017869408058923,0.0,False,True,False,False,True,False,0.0,5.712848564602944,-5.884540076593499,5.712848564602944,93.83333333333333,1.1051478953153815,0.018318146086152926,False,1.316337074396603,False,0.02951388888888895,False,False,0.00033935942344826665,0.02951388888888895,False,False,-2.7613766901068204,0.005755824724524846,True,False,0.1845688441184897,0.1026568677812896,True,False,-1.6464414023834701,False,False,forward_only_adequate
838,sequential_evalue,martingale_evalue,True,ok,-3.0077019885138445,3.624787396394924,3.6367460143324686,-8.583084830126422,34.81982230850374,1.0,1.0,,,1.0,1.0,-0.6110116138812633,-1.1677849600510257,2189,24,"[454, 447, 468, 461, 359]","[5, 5, 5, 5, 4]",False,False,False,False,False,0.007071067811865475,0.006961859257412465,24,24,24,0,0.0,{},0.7645118731862713,0.7055894875225182,0.0,False,True,False,False,True,False,0.0,3.6367460143324686,-8.583084830126422,3.6367460143324686,91.20833333333333,1.1575481201357967,0.023988884241469083,False,1.2527089219356136,False,0.01736111111111116,False,False,0.016534901098869986,0.01736111111111116,False,False,-1.5255420148144434,0.12712396240187757,True,False,0.14798434076949593,0.06637729959893263,True,False,-0.8946976193286766,False,False,forward_only_adequate
839,sequential_evalue,martingale_evalue,True,ok,3.368916526823585,5.297176451146539,12.770370829184893,-4.775822043877515,33.581873349705795,1.0,1.0,,,1.0,1.0,-0.6763770333586853,-0.4431556113513788,2250,24,"[456, 470, 476, 488, 360]","[5, 5, 5, 5, 4]",False,False,False,False,False,0.007071067811865475,0.006957352781574928,24,24,24,0,0.0,{},0.7835707414864588,0.7097271575786055,0.0,False,True,False,False,True,False,0.0,12.770370829184893,-4.775822043877515,12.770370829184893,93.75,1.13110933682201,0.00413688116493655,False,1.3045052038935276,False,0.023263888888888862,False,False,0.01935878121510889,0.023263888888888862,False,False,0.8663952286217241,0.38627345962780846,True,False,0.17006404735284897,0.12448350673411722,True,False,0.7091334471658544,False,False,forward_only_adequate
840,sequential_evalue,martingale_evalue,True,ok,-2.8874598717743525,2.953602266470086,2.0025424925919633,-7.766587783298851,34.02153091821767,1.0,1.0,,,1.0,1.0,-0.6980689418487798,-1.1727973488749939,2259,24,"[470, 468, 479, 463, 379]","[5, 5, 5, 5, 4]",False,False,False,False,False,0.007071067811865475,0.006989893688599457,24,24,24,0,0.0,{},0.7964060261357588,0.7361737707177682,0.0,False,True,False,False,True,False,0.0,2.0025424925919633,-7.76658778329885,2.0025424925919633,94.125,1.1535778851462508,0.016741913050697197,False,1.20377107331013,False,0.02881944444444451,False,False,0.01583822848946802,0.02881944444444451,False,False,0.017942536357224786,0.9856846953617188,True,False,0.0758540429554006,0.5960866588505036,True,False,-0.15126804825218423,False,False,forward_only_adequate
841,sequential_evalue,martingale_evalue,True,ok,0.19497902485671048,4.268746625608192,7.071883685489339,-6.787925850154407,34.309903643098316,1.0,1.0,,,1.0,1.0,-0.7691569548711139,-0.4988518716386533,2226,24,"[466, 462, 463, 463, 372]","[5, 5, 5, 5, 4]",False,False,False,False,False,0.007071067811865475,0.0069258855900614326,24,24,24,0,0.0,{},0.7855416187581248,0.6798708364246705,0.0,False,True,False,False,True,False,0.0,7.071883685489339,-6.787925850154406,7.071883685489339,92.75,1.1442522496372804,0.008293003552014578,False,1.3178380315010412,False,0.018055555555555602,False,False,0.0007894539843556614,0.018055555555555602,False,False,0.6060028499683389,0.5445128607167742,True,False,0.11253411755202598,0.3153508404388655,True,False,-0.5214570565914116,False,False,forward_only_adequate
842,sequential_evalue,martingale_evalue,True,ok,-0.9256595499315932,2.9655805184339448,4.3580089946800555,-5.660426845847785,32.896264831186706,1.0,1.0,,,1.0,1.0,-0.4764295469121753,-0.9087149419146194,2227,24,"[447, 461, 476, 458, 385]","[5, 5, 5, 5, 4]",False,False,False,False,False,0.007071067811865475,0.00692593112317342,24,24,24,0,0.0,{},0.7808889005238915,0.7128093131534212,0.0,False,True,False,False,True,False,0.0,4.3580089946800555,-5.660426845847785,4.3580089946800555,92.79166666666667,1.0973603131191418,0.027949154167006565,False,1.260955437849717,False,0.014583333333333282,False,False,0.004608081001142499,0.014583333333333282,False,False,-1.7338403776784168,0.08294640915308261,True,False,0.18230194806058095,0.1348985927485219,True,False,-1.328353649236697,False,False,forward_only_adequate
843,sequential_evalue,martingale_evalue,True,ok,-2.312731069281465,3.7840021521785414,3.2922101673090522,-9.171240963971735,33.34194117384224,1.0,1.0,,,1.0,1.0,-0.764107106211545,-1.1143730206127416,2210,24,"[468, 445, 467, 451, 379]","[5, 5, 5, 5, 4]",False,False,False,False,False,0.007071067811865475,0.007003984238495696,24,24,24,0,0.0,{},0.7754110991123428,0.6697288346633755,0.0,False,True,False,False,True,False,0.0,3.2922101673090522,-9.171240963971735,3.2922101673090522,92.08333333333333,1.1204605272089876,0.005054474870251032,False,1.2744347932347508,False,0.025347222222222188,False,False,0.0126922080974236,0.025347222222222188,False,False,-1.5091115395549475,0.13127028109688174,True,False,0.15617145364516202,0.09110935748228387,True,False,-1.4153849186418368,False,False,forward_only_adequate
844,sequential_evalue,martingale_evalue,True,ok,3.3126027346882645,3.2963561884649666,8.256298743367902,-3.078781405751451,33.05671518297404,1.0,1.0,,,1.0,1.0,-0.9613108440787315,-0.3876828384029327,2220,24,"[477, 472, 444, 461, 366]","[5, 5, 5, 5, 4]",False,False,False,False,False,0.007071067811865475,0.006967105382512148,24,24,24,0,0.0,{},0.7814106447324698,0.7336736918909776,0.0,False,True,False,False,True,False,0.0,8.256298743367902,-3.078781405751451,8.256298743367902,92.5,1.1075234901756295,0.008564596848344562,False,1.3362451638356618,False,0.02604166666666663,False,False,0.019453449972056284,0.02604166666666663,False,False,0.5110520324332258,0.609314622784435,True,False,0.12349953113309033,0.27993971462132683,True,False,1.464057659321432,False,False,forward_only_adequate
845,sequential_evalue,martingale_evalue,True,ok,3.6053220702533455,2.870456702702511,8.474223243277056,-1.5402170863839535,33.27696839286514,1.0,1.0,,,1.0,1.0,-1.2408925428164965,-0.5664386463312127,2240,24,"[476, 460, 451, 474, 379]","[5, 5, 5, 5, 4]",False,False,False,False,False,0.007071067811865475,0.0070648076155287965,24,24,24,0,0.0,{},0.7897049668351832,0.6832980434480327,0.0,False,True,False,False,True,False,0.0,8.474223243277056,-1.5402170863839535,8.474223243277056,93.33333333333333,1.1356185729545039,0.006667465325092847,False,1.3685847622409089,False,0.045486111111111116,True,False,0.020844468130374327,0.045486111111111116,False,False,1.3298635872528188,0.18356322057213637,True,False,0.18571826608559786,0.0375766921901343,True,False,1.5025503134445475,False,False,selection_limited
846,sequential_evalue,martingale_evalue,True,ok,3.69387837119913,3.696074978375105,9.087293528772626,-4.488817651969628,33.70855004203012,1.0,1.0,,,1.0,1.0,-1.0382917537299758,-0.15273328965466704,2228,24,"[456, 455, 466, 476, 375]","[5, 5, 5, 5, 4]",False,False,False,False,False,0.007071067811865475,0.007065836508982273,24,24,24,0,0.0,{},0.7774001049692244,0.7029595357023968,0.0,False,True,False,False,True,False,0.0,9.087293528772626,-4.488817651969628,9.087293528772626,92.83333333333333,1.1474285008661076,0.0258757087160195,False,1.2561973961004538,False,0.02256944444444442,False,False,0.02118363301598698,0.02256944444444442,False,False,0.3568541222598558,0.721201016436461,True,False,0.07491095433471157,0.7204908465375737,True,False,-0.3959314544124292,False,False,forward_only_adequate
847,sequential_evalue,martingale_evalue,True,ok,-2.8171047895465944,4.383460226469535,4.473872022429012,-11.147074838054047,33.97502132095369,1.0,1.0,,,1.0,1.0,-0.40157200706053064,-1.0431694094426849,2241,24,"[477, 462, 470, 452, 380]","[5, 5, 5, 5, 4]",False,False,False,False,False,0.007071067811865475,0.0069072431004322705,24,24,24,0,0.0,{},0.7827650093589923,0.7169609798306101,0.0,False,True,False,False,True,False,0.0,4.473872022429012,-11.147074838054047,4.473872022429012,93.375,1.133834822468712,0.02490728851995497,False,1.359761700328092,False,0.05104166666666665,False,False,0.01570377052214186,0.05104166666666665,False,False,0.021488731195947228,0.9828557925917772,True,False,0.18952244116912403,0.06269542537308666,True,False,-1.817497962155434,False,False,forward_only_adequate
848,sequential_evalue,martingale_evalue,True,ok,-7.3016901749102665,3.5631168485949924,-1.8350717672593264,-13.68711903844878,34.17533703983599,1.0,1.0,,,1.0,1.0,-0.1279852617077586,-1.2813040612757909,2181,24,"[458, 465, 441, 451, 366]","[5, 5, 5, 5, 4]",False,False,False,False,False,0.007071067811865475,0.0069579698232956995,24,24,24,0,0.0,{},0.7651739770385173,0.6735532128117846,0.0,False,True,False,False,True,False,0.0,-1.8350717672593264,-13.68711903844878,-1.8350717672593264,90.875,1.1334113659153073,0.02883247829685773,False,1.2404240530973913,False,0.009374999999999911,False,False,0.047725058215136895,0.009374999999999911,False,False,1.8124408039359188,0.0699181128291139,True,False,0.18142858596836198,0.027486617411515153,True,False,-0.6448017573207374,False,False,forward_only_adequate
849,sequential_evalue,martingale_evalue,True,ok,-2.5907321377552086,3.305210434220075,2.6995590759655133,-9.11696928521747,34.06292235316431,0.48351266336996435,1.0,,,0.48351266336996435,1.0,0.7266777733873737,-1.0009269734215818,2230,24,"[460, 462, 462, 481, 365]","[5, 5, 5, 5, 4]",False,False,False,False,False,0.007071067811865475,0.00695956816214054,24,24,24,0,0.0,{},0.7792354402070025,0.7167804225277346,0.0,False,True,False,False,True,False,0.0,2.6995590759655133,-9.11696928521747,2.6995590759655133,92.91666666666667,1.1425652525316188,0.05526203812525325,False,1.2682353971965366,False,0.028124999999999956,False,False,0.014136549540093713,0.028124999999999956,False,False,-0.9943109306548966,0.3200715157890771,True,False,0.1354726393475844,0.2104755113336898,True,False,-1.1252085762847612,False,False,forward_only_adequate
850,sequential_evalue,martingale_evalue,True,ok,0.4855336344958519,3.7052567225267072,6.715216283767679,-5.840106330248338,34.62831907547281,1.0,1.0,,,1.0,1.0,-0.7360221981537587,-0.7509578481493948,2237,24,"[460, 456, 456, 492, 373]","[5, 5, 5, 5, 4]",False,False,False,False,False,0.007071067811865475,0.006942107643123833,24,24,24,0,0.0,{},0.784021221817166,0.7055617360762207,0.0,False,True,False,False,True,False,0.0,6.7152162837676785,-5.840106330248337,6.7152162837676785,93.20833333333333,1.1604331575577342,0.0008874311083916677,False,1.2885394976011062,False,0.007291666666666696,False,False,0.0021132039971875627,0.007291666666666696,False,False,1.6895857318797738,0.09110723751334979,True,False,0.1603095767824029,0.035568285244755235,True,False,-0.6598753684999212,False,False,forward_only_adequate
851,sequential_evalue,martingale_evalue,True,ok,2.0120045937001665,3.6941379549230566,7.984080748231327,-4.356168126305941,34.11674474114607,1.0,1.0,,,1.0,1.0,-1.1722203010587326,-0.8374098969163941,2213,24,"[474, 456, 453, 474, 356]","[5, 5, 5, 5, 4]",False,False,False,False,False,0.007071067811865475,0.0070205655272922345,24,24,24,0,0.0,{},0.7764849794218589,0.6973330566250999,0.0,False,True,False,False,True,False,0.0,7.984080748231327,-4.356168126305941,7.984080748231327,92.20833333333333,1.1499918799509743,0.02289614287539887,False,1.2544626897396824,False,0.019444444444444486,False,False,0.010507279518104744,0.019444444444444486,False,False,-1.740762626432074,0.0817251955712129,True,False,0.21517848540370352,0.015326199433335958,True,False,2.1632932781291854,False,False,forward_only_adequate
852,sequential_evalue,martingale_evalue,True,ok,0.28395128367780115,3.4691409188189852,5.901895237287308,-6.014776557957176,33.363057111880245,1.0,1.0,,,1.0,1.0,-0.5840268850633186,-0.6203521703834243,2208,24,"[456, 445, 468, 468, 371]","[5, 5, 5, 5, 4]",False,False,False,False,False,0.007071067811865475,0.006903049298656181,24,24,24,0,0.0,{},0.7612428617547425,0.6987716020662077,0.0,False,True,False,False,True,False,0.0,5.901895237287309,-6.014776557957176,5.901895237287309,92.0,1.104512745743089,0.011391083563263692,False,1.2795840592594283,False,0.02013888888888893,False,False,0.001236902571386893,0.02013888888888893,False,False,-0.2977015356289589,0.7659309712818458,True,False,0.11883015404081665,0.10814301526312291,True,False,0.1648741667611502,False,False,forward_only_adequate
853,sequential_evalue,martingale_evalue,True,ok,2.849723168352918,3.4807558867380792,8.61322104425669,-3.7677520536401947,33.837078675138535,1.0,1.0,,,1.0,1.0,-1.1404514094264275,-0.7203580678883945,2240,24,"[481, 483, 475, 440, 361]","[5, 5, 5, 5, 4]",False,False,False,False,False,0.007071067811865475,0.0070210209662827944,24,24,24,0,0.0,{},0.791845151257078,0.6841380425140389,0.0,False,True,False,False,True,False,0.0,8.61322104425669,-3.7677520536401947,8.61322104425669,93.33333333333333,1.147576176396523,0.020809863767704655,False,1.2726146132919902,False,0.022222222222222254,False,False,0.015694113064482113,0.022222222222222254,False,False,-0.7307371493383925,0.4649397197691165,True,False,0.21771632837039634,0.06466765511796967,True,False,1.0256134402135602,False,False,forward_only_adequate
854,sequential_evalue,martingale_evalue,True,ok,-1.605076950079295,3.9974575415752276,4.237214128427092,-9.360916869974305,33.59691599439469,1.0,1.0,,,1.0,1.0,-0.7816890316374365,-0.852226627957786,2194,24,"[459, 471, 444, 451, 369]","[5, 5, 5, 5, 4]",False,False,False,False,False,0.007071067811865475,0.007036137320401764,24,24,24,0,0.0,{},0.7744749775814055,0.7083741866837581,0.0,False,True,False,False,True,False,0.0,4.237214128427092,-9.360916869974305,4.237214128427092,91.41666666666667,1.1300988040224542,0.04803411574418386,False,1.3320830069060166,False,0.014930555555555558,False,False,0.008289250646468228,0.014930555555555558,False,False,-0.6447624084185258,0.5190811662013284,True,False,0.16133396811246495,0.031298472532043736,True,False,-1.7631496660094699,False,False,forward_only_adequate
855,sequential_evalue,martingale_evalue,True,ok,-0.8222038482830251,3.3489264032680146,4.448786995645145,-7.126963667940222,34.00579039716466,1.0,1.0,,,1.0,1.0,-0.8453632097750521,-0.9936631951812991,2186,24,"[451, 449, 457, 453, 376]","[5, 5, 5, 5, 4]",False,False,False,False,False,0.007071067811865475,0.0069687780586092435,24,24,24,0,0.0,{},0.7713105649616313,0.7174019611575001,0.0,False,True,False,False,True,False,0.0,4.448786995645145,-7.126963667940221,4.448786995645145,91.08333333333333,1.130834290593141,0.013187188824160914,False,1.2147984069354465,False,0.02256944444444442,False,False,0.003902738343534955,0.02256944444444442,False,False,-0.7038730626822501,0.4815118282071079,True,False,0.17502284435042717,0.10215563140547589,True,False,0.14611456452478386,False,False,forward_only_adequate
856,sequential_evalue,martingale_evalue,True,ok,0.3194936753599009,3.0656694933137634,4.96163633031766,-4.961219296245169,32.94617773447721,1.0,1.0,,,1.0,1.0,-0.888208724142185,-0.8219750286153186,2230,24,"[469, 474, 470, 453, 364]","[5, 5, 5, 5, 4]",False,False,False,False,False,0.007071067811865475,0.006999725151385365,24,24,24,0,0.0,{},0.7947361442888181,0.6758781615252228,0.0,False,True,False,False,True,False,0.0,4.96163633031766,-4.961219296245169,4.96163633031766,92.91666666666667,1.1114830381023244,0.007780561769258524,False,1.2882998784291513,False,0.025694444444444464,False,False,0.0013979334714093962,0.025694444444444464,False,False,0.11718556760462105,0.9067130034992346,True,False,0.1704288743289936,0.17787026798080746,True,False,-0.8645744565745069,False,False,forward_only_adequate
857,sequential_evalue,martingale_evalue,True,ok,-3.088919849266945,3.370829656062939,2.8076139141041003,-8.647304495178895,33.71372360105575,1.0,1.0,,,1.0,1.0,-0.7207323889821009,-1.21774134777047,2191,24,"[450, 458, 449, 460, 374]","[5, 5, 5, 5, 4]",False,False,False,False,False,0.007071067811865475,0.006883238359968272,24,24,24,0,0.0,{},0.7679183142886501,0.684397683132724,0.0,False,True,False,False,True,False,0.0,2.8076139141041003,-8.647304495178895,2.8076139141041003,91.29166666666667,1.1086261112961273,0.000604794509001855,False,1.301037782546282,False,0.02083333333333337,False,False,0.01792227357627815,0.02083333333333337,False,False,-0.42496150789160825,0.6708647350909639,True,False,0.0866614147578791,0.16593251461323003,True,False,-0.1573812218678031,False,False,forward_only_adequate
858,sequential_evalue,martingale_evalue,True,ok,-2.452418090439032,4.535562402778269,6.014410804604923,-9.873546817250386,33.50999463002867,1.0,1.0,,,1.0,1.0,-0.3684478965431959,-0.8959719449337034,2232,24,"[450, 473, 466, 468, 375]","[5, 5, 5, 5, 4]",False,False,False,False,False,0.007071067811865475,0.006967781942507004,24,24,24,0,0.0,{},0.7876225938519229,0.7164120793746289,0.0,False,True,False,False,True,False,0.0,6.014410804604924,-9.873546817250386,6.014410804604924,93.0,1.1258496257018056,0.00995786148342503,False,1.268176301910899,False,0.030208333333333393,False,False,0.01350025674914968,0.030208333333333393,False,False,-0.47412634432730755,0.6354098133992466,True,False,0.0847026583893353,0.11277526115205415,True,False,-0.5586926036194482,False,False,forward_only_adequate
859,sequential_evalue,martingale_evalue,True,ok,-0.33838086607245615,3.2619831750185493,5.372004185806058,-6.12714764858497,32.73358926031352,1.0,1.0,,,1.0,1.0,-0.8598750206009813,-0.6003892538948935,2252,24,"[476, 471, 459, 461, 385]","[5, 5, 5, 5, 4]",False,False,False,False,False,0.007071067811865475,0.006938948125622707,24,24,24,0,0.0,{},0.7916864987351533,0.7349902731357569,0.0,False,True,False,False,True,False,0.0,5.372004185806058,-6.12714764858497,5.372004185806058,93.83333333333333,1.1001093250080678,0.0030675842085273867,False,1.286373975310113,False,0.02013888888888893,False,False,0.0015058212465456956,0.02013888888888893,False,False,2.4814036823637418,0.01308660725492774,True,False,0.2519490001399748,0.01106790049801164,True,False,0.8242811223820047,False,False,forward_only_adequate
860,sequential_evalue,martingale_evalue,True,ok,4.832769803191673,3.0821694123029757,10.100034971110702,-0.30114923248586134,33.36821643569519,1.0,1.0,,,1.0,1.0,-1.22369460668926,-0.5114142898789713,2238,24,"[473, 477, 456, 475, 357]","[5, 5, 5, 5, 4]",False,False,False,False,False,0.007071067811865475,0.006946758248637131,24,24,24,0,0.0,{},0.7773673111415013,0.6818357657213316,0.0,False,True,False,False,True,False,0.0,10.100034971110702,-0.30114923248586134,10.100034971110702,93.25,1.11920490240286,0.0011977021947100332,False,1.284307562085538,False,0.012499999999999956,False,False,0.029820465285229112,0.012499999999999956,False,False,-0.5235347045843686,0.600602206804301,True,False,0.1520825246219644,0.051759783424185545,True,False,1.2389871938753645,False,False,forward_only_adequate
861,sequential_evalue,martingale_evalue,True,ok,-0.24620588322840722,3.1667436023299396,4.956594650257774,-5.299598543632728,32.52301779257814,1.0,1.0,,,1.0,1.0,-0.9509212031131009,-0.9687332127265804,2218,24,"[466, 455, 467, 449, 381]","[5, 5, 5, 5, 4]",False,False,False,False,False,0.007071067811865475,0.007029485403062777,24,24,24,0,0.0,{},0.7819124460860427,0.6975602520489839,0.0,False,True,False,False,True,False,0.0,4.956594650257774,-5.299598543632728,4.956594650257774,92.41666666666667,1.0989034189054714,0.002980346076028014,False,1.3443586886780403,False,0.029861111111111116,False,False,0.0010641002751114303,0.029861111111111116,False,False,0.1407680831025123,0.8880531579417765,True,False,0.20125941887821913,0.05848710161015822,True,False,0.668424298229106,False,False,forward_only_adequate
862,sequential_evalue,martingale_evalue,True,ok,1.0147347015008972,4.05180124637871,7.956202235802154,-5.632112612724237,32.81182716490896,1.0,1.0,,,1.0,1.0,-0.487010915507434,-0.6963376584806102,2251,24,"[466, 465, 473, 460, 387]","[5, 5, 5, 5, 4]",False,False,False,False,False,0.007071067811865475,0.006980917634495715,24,24,24,0,0.0,{},0.7920935474131572,0.737770697197631,0.0,False,True,False,False,True,False,0.0,7.956202235802155,-5.632112612724238,7.956202235802155,93.79166666666667,1.1091621991774703,0.024536959756373253,False,1.349014512403573,False,0.02951388888888895,False,False,0.005047131951101603,0.02951388888888895,False,False,-0.5645987720900586,0.5723467006586616,True,False,0.0862814498923416,0.3242906552847606,True,False,-1.062354454030374,False,False,forward_only_adequate
863,sequential_evalue,martingale_evalue,True,ok,0.5090738436835262,4.023197024846808,7.0824344325788955,-6.321059649147958,32.650194160748924,1.0,1.0,,,1.0,1.0,-0.7814215469314252,-0.3108346215955855,2286,24,"[460, 480, 479, 487, 380]","[5, 5, 5, 5, 4]",False,False,False,False,False,0.007071067811865475,0.006873749298407501,24,24,24,0,0.0,{},0.8031583721191573,0.7464248303862525,0.0,False,True,False,False,True,False,0.0,7.0824344325788955,-6.321059649147958,7.0824344325788955,95.25,1.095171045130236,0.01006231133872567,False,1.2715494150468514,False,0.020486111111111094,False,False,0.0023738702131014633,0.020486111111111094,False,False,0.11269480585042824,0.9102725193476938,True,False,0.12252526621068265,0.41610945414774986,True,False,0.04593496122449446,False,False,forward_only_adequate
864,sequential_evalue,martingale_evalue,True,ok,-0.06497175985437369,3.2847421367771834,5.561747728542019,-5.54232539737537,33.04931406590952,1.0,1.0,,,1.0,1.0,-0.8585387952661883,-0.7873943197334873,2236,24,"[493, 459, 463, 455, 366]","[5, 5, 5, 5, 4]",False,False,False,False,False,0.007071067811865475,0.007051416648762986,24,24,24,0,0.0,{},0.7731815013441514,0.7255164659775878,0.0,False,True,False,False,True,False,0.0,5.561747728542019,-5.542325397375369,5.561747728542019,93.16666666666667,1.124706253760208,0.021612932434399042,False,1.319901136352421,False,0.014583333333333393,False,False,0.00024513681512416285,0.014583333333333393,False,False,0.8346232010088822,0.40392989481898445,True,False,0.14684124958921416,0.09913330209137304,True,False,0.1876582654326365,False,False,forward_only_adequate
865,sequential_evalue,martingale_evalue,True,ok,3.9576195741555877,3.481907679645467,9.804424230212646,-2.4668740335471617,35.070077025683375,1.0,1.0,,,1.0,1.0,-0.9325346855935268,-0.11916256586071461,2251,24,"[471, 480, 452, 467, 381]","[5, 5, 5, 5, 4]",False,False,False,False,False,0.007071067811865475,0.0069424422060771155,24,24,24,0,0.0,{},0.7840407598364808,0.7149583615219309,0.0,False,True,False,False,True,False,0.0,9.804424230212646,-2.4668740335471617,9.804424230212646,93.79166666666667,1.1789655739163125,0.009802951796477557,False,1.2941152242277187,False,0.03472222222222221,False,False,0.022237818566081632,0.03472222222222221,False,False,-0.12265303450457339,0.9023818559928706,True,False,0.17970440150586392,0.14367285468062438,True,False,0.4433581955010154,False,False,forward_only_adequate
866,sequential_evalue,martingale_evalue,True,ok,0.4978726855324392,4.3659417832234135,7.970094270686993,-6.818864150838958,34.14531494499242,1.0,1.0,,,1.0,1.0,-0.866340883439878,-0.6025167051408514,2247,24,"[476, 471, 469, 468, 363]","[5, 5, 5, 5, 4]",False,False,False,False,False,0.007071067811865475,0.006959083141684997,24,24,24,0,0.0,{},0.7835432365077153,0.7190516066932549,0.0,False,True,False,False,True,False,0.0,7.970094270686993,-6.818864150838958,7.970094270686993,93.625,1.149606121484764,0.04807971526144676,False,1.265754078399302,False,0.022222222222222254,False,False,0.0021952208919445338,0.022222222222222254,False,False,0.15764312355133195,0.8747380207341027,True,False,0.10925628293526495,0.379847734864171,True,False,1.0470358310895644,False,False,forward_only_adequate
867,sequential_evalue,martingale_evalue,True,ok,-3.159046469418731,4.251653446665865,3.831266450988118,-10.156345608034288,35.20645571386281,1.0,1.0,,,1.0,1.0,-0.7724977496924519,-1.2350039955905576,2204,24,"[459, 441, 471, 478, 355]","[5, 5, 5, 5, 4]",False,False,False,False,False,0.007071067811865475,0.006939459925058556,24,24,24,0,0.0,{},0.7853323177195293,0.6782390554326307,0.0,False,True,False,False,True,False,0.0,3.831266450988118,-10.156345608034288,3.831266450988118,91.83333333333333,1.170625976123813,0.004185047982577268,False,1.2636213933926188,False,0.02604166666666674,False,False,0.01727288255907673,0.02604166666666674,False,False,-0.20169385267286857,0.840156068695982,True,False,0.09745620318467701,0.18289045671590845,True,False,-0.650680833665279,False,False,forward_only_adequate
868,sequential_evalue,martingale_evalue,True,ok,0.7538199623740495,3.6471403596285823,6.230463761372321,-5.873130893681474,33.03390663373618,1.0,1.0,,,1.0,1.0,-0.9270697116224731,-0.83562938564097,2233,24,"[468, 486, 460, 448, 371]","[5, 5, 5, 5, 4]",False,False,False,False,False,0.007071067811865475,0.006931673913550756,24,24,24,0,0.0,{},0.7883728340294023,0.7062283824037594,0.0,False,True,False,False,True,False,0.0,6.230463761372321,-5.873130893681474,6.230463761372321,93.04166666666667,1.1043501792736596,0.0084171429287996,False,1.3010636902787556,False,0.014236111111111116,False,False,0.003637286171088512,0.014236111111111116,False,False,-1.3852567832620037,0.1659739632761461,True,False,0.13747104315869615,0.21948552517279937,True,False,0.5636508899626866,False,False,forward_only_adequate
869,sequential_evalue,martingale_evalue,True,ok,-1.398392650589715,4.433391872190369,5.075579564272039,-12.172216337784288,33.945059423199524,1.0,1.0,,,1.0,1.0,-0.7145496592837365,-0.7382340111709567,2231,24,"[493, 474, 458, 454, 352]","[5, 5, 5, 5, 4]",False,False,False,False,False,0.007071067811865475,0.006889409777255532,24,24,24,0,0.0,{},0.7851012921217402,0.6812382045034248,0.0,False,True,False,False,True,False,0.0,5.075579564272039,-12.172216337784286,5.075579564272039,92.95833333333333,1.1273863155188817,0.0088971654126592,False,1.2546471050094177,False,0.018750000000000044,False,False,0.007110790268862046,0.018750000000000044,False,False,-0.39584789448468505,0.6922172419370902,True,False,0.26223319900387637,0.05975086840232506,True,False,1.0969780988304296,False,False,forward_only_adequate
870,sequential_evalue,martingale_evalue,True,ok,-2.5495005113212876,3.7711579890422313,4.162350337833382,-8.687344298135681,34.30440907607245,1.0,1.0,,,1.0,1.0,-0.39354665010786505,-0.9863905965517866,2197,24,"[453, 488, 437, 452, 367]","[5, 5, 5, 5, 4]",False,False,False,False,False,0.007071067811865475,0.007018181950940948,24,24,24,0,0.0,{},0.782518490599988,0.6820079291709034,0.0,False,True,False,False,True,False,0.0,4.162350337833382,-8.687344298135681,4.162350337833382,91.54166666666667,1.1517387476807264,0.039587459453307716,False,1.320414782499119,False,0.03437499999999993,False,False,0.013751761801692294,0.03437499999999993,False,False,0.6463682899983152,0.5180408713838561,True,False,0.08769877245117497,0.5204013693701489,True,False,-0.5173698452346358,False,False,forward_only_adequate
871,sequential_evalue,martingale_evalue,True,ok,-0.5518935747706131,3.7913285851551013,5.73124071169373,-7.123554065611611,34.614022444659795,1.0,1.0,,,1.0,1.0,-0.48693861021301255,-0.6434385094835262,2207,24,"[453, 465, 445, 465, 379]","[5, 5, 5, 5, 4]",False,False,False,False,False,0.007071067811865475,0.006960510843906194,24,24,24,0,0.0,{},0.769439921301188,0.6874468746223809,0.0,False,True,False,False,True,False,0.0,5.73124071169373,-7.123554065611611,5.73124071169373,91.95833333333333,1.1552041367226447,0.003176526853915204,False,1.2825963752286984,False,0.015277777777777835,False,False,0.0024469484362423066,0.015277777777777835,False,False,0.6476842723741897,0.5171891786500284,True,False,0.17018890178765161,0.10581253906223405,True,False,0.8306562595426098,False,False,forward_only_adequate
872,sequential_evalue,martingale_evalue,True,ok,0.5068970057696666,3.597292537887765,6.3252280704175865,-5.961570592330833,33.679763358612696,0.8167865833432785,1.0,,,0.8167865833432785,1.0,0.2023774381440624,-0.5291981957557826,2240,24,"[475, 466, 463, 468, 368]","[5, 5, 5, 5, 4]",False,False,False,False,False,0.007071067811865475,0.006985031151239922,24,24,24,0,0.0,{},0.7886410953040011,0.6836749384225491,0.0,False,True,False,False,True,False,0.0,6.3252280704175865,-5.961570592330833,6.3252280704175865,93.33333333333333,1.1363857295457567,0.016910615581150562,False,1.3171570754307609,False,0.007638888888888862,False,False,0.0022680546766546206,0.007638888888888862,False,False,1.0855451078383553,0.27768029660973337,True,False,0.08564217468014734,0.14465537891140276,True,False,-0.948503978075552,False,False,forward_only_adequate
873,sequential_evalue,martingale_evalue,True,ok,-1.2821421305038774,4.212474563318956,6.786002435475507,-7.994744162486723,33.37276120468977,1.0,1.0,,,1.0,1.0,-0.3811178093486398,-0.8721874706104301,2213,24,"[446, 468, 471, 455, 373]","[5, 5, 5, 5, 4]",False,False,False,False,False,0.007071067811865475,0.00690796947162799,24,24,24,0,0.0,{},0.7741022309261965,0.7172492376833495,0.0,False,True,False,False,True,False,0.0,6.786002435475507,-7.994744162486723,6.786002435475507,92.20833333333333,1.1068726104945432,0.008026798567268654,False,1.2892187126473362,False,0.04444444444444451,False,False,0.006581990957994364,0.04444444444444451,False,False,-0.5264256587784963,0.5985924918100238,True,False,0.10417115658567663,0.30550797673102686,True,False,1.1810906495506959,False,False,forward_only_adequate
874,sequential_evalue,martingale_evalue,True,ok,1.8051126255251786,3.169963011141934,7.037290972157803,-3.703475048642958,34.350088189581975,1.0,1.0,,,1.0,1.0,-0.9945203307696016,-0.535136217994061,2249,24,"[468, 450, 470, 478, 383]","[5, 5, 5, 5, 4]",False,False,False,False,False,0.007071067811865475,0.0069592174797493914,24,24,24,0,0.0,{},0.7954911290373001,0.7022534108073021,0.0,False,True,False,False,True,False,0.0,7.037290972157803,-3.7034750486429586,7.037290972157803,93.70833333333333,1.1570373439976154,0.036288338283613095,False,1.312749294896046,False,0.006249999999999978,False,False,0.009221818543076623,0.006249999999999978,False,False,0.6980306637115085,0.4851580177513479,True,False,0.1272399709695762,0.28248758471596774,True,False,-0.10771542520759499,False,False,forward_only_adequate
875,sequential_evalue,martingale_evalue,True,ok,1.814333204618838,4.065915725460373,8.267872561429684,-5.966127470541757,35.071546376324505,1.0,1.0,,,1.0,1.0,-0.26051092040742,-0.6786602606689036,2182,24,"[465, 464, 455, 430, 368]","[5, 5, 5, 5, 4]",False,False,False,False,False,0.007071067811865475,0.006920693492320089,24,24,24,0,0.0,{},0.763555173603031,0.6798408303736799,0.0,False,True,False,False,True,False,0.0,8.267872561429684,-5.966127470541757,8.267872561429684,90.91666666666667,1.157167658788904,0.010836432935127387,False,1.2721590355856702,False,0.01388888888888884,False,False,0.009274204356955956,0.01388888888888884,False,False,0.38518014040121573,0.7001039560361981,True,False,0.10104490327738416,0.1683257062495324,True,False,0.48081816103538566,False,False,forward_only_adequate
876,sequential_evalue,martingale_evalue,True,ok,-4.6088360357689,3.22614312164733,0.9534080250446815,-9.836527250410628,33.85368489333773,1.0,1.0,,,1.0,1.0,-0.4536512034951371,-1.2656165988463313,2209,24,"[467, 445, 466, 469, 362]","[5, 5, 5, 5, 4]",False,False,False,False,False,0.007071067811865475,0.007010455103202138,24,24,24,0,0.0,{},0.7671572095181896,0.6783396647466331,0.0,False,True,False,False,True,False,0.0,0.9534080250446815,-9.836527250410628,0.9534080250446815,92.04166666666667,1.1384511529320278,0.003369536953266794,False,1.3640099929029388,False,0.02951388888888895,False,False,0.0276561202697918,0.02951388888888895,False,False,0.4084480518420191,0.6829447616129303,True,False,0.07578567407127608,0.35208451053534795,True,False,-0.508296338455814,False,False,forward_only_adequate
877,sequential_evalue,martingale_evalue,True,ok,-0.9116404299098723,3.4352647395853677,5.077276015181863,-6.544919586608591,33.3035663797427,1.0,1.0,,,1.0,1.0,-0.9441912390505474,-0.9960685690969764,2222,24,"[449, 464, 464, 472, 373]","[5, 5, 5, 5, 4]",False,False,False,False,False,0.007071067811865475,0.00691122602049943,24,24,24,0,0.0,{},0.7744642775927838,0.7101818331162971,0.0,False,True,False,False,True,False,0.0,5.077276015181863,-6.54491958660859,5.077276015181863,92.58333333333333,1.107343218137205,0.013929079112906712,False,1.3160765121084754,False,0.018402777777777768,False,False,0.004484299071558045,0.018402777777777768,False,False,0.44794944217847077,0.6541896846869688,True,False,0.2551089879767767,0.1314554795719609,True,False,0.49940152427898765,False,False,forward_only_adequate
878,sequential_evalue,martingale_evalue,True,ok,-4.803240368846676,4.107532280767895,3.5387927730065014,-10.853567824358056,34.78644829166612,1.0,1.0,,,1.0,1.0,-0.2933864964521631,-1.213948931614627,2172,24,"[450, 444, 466, 443, 369]","[5, 5, 5, 5, 4]",False,False,False,False,False,0.007071067811865475,0.006968564428867092,24,24,24,0,0.0,{},0.7697369353294601,0.6857023452141154,0.0,False,True,False,False,True,False,0.0,3.538792773006501,-10.853567824358057,3.538792773006501,90.5,1.1530488396009424,0.029911885352934573,False,1.2818885478589934,False,0.031597222222222276,False,False,0.028594477294667124,0.031597222222222276,False,False,-1.2370825272295862,0.21605644584294548,True,False,0.2763531478524985,0.038036544530762294,True,False,-0.1304570557668296,False,False,forward_only_adequate
879,sequential_evalue,martingale_evalue,True,ok,-3.1668281557037408,3.6076186507226398,2.4065144249669177,-9.281053791168182,34.81269983909386,1.0,1.0,,,1.0,1.0,-0.09817903761381785,-1.0122712058963428,2199,24,"[449, 468, 449, 462, 371]","[5, 5, 5, 5, 4]",False,False,False,False,False,0.007071067811865475,0.006979337743755156,24,24,24,0,0.0,{},0.7706362097323394,0.6927156407377362,0.0,False,True,False,False,True,False,0.0,2.4065144249669177,-9.281053791168182,2.4065144249669177,91.625,1.162863981487511,0.009885000736515081,False,1.3124716191046142,False,0.02430555555555547,False,False,0.017455504812677436,0.02430555555555547,False,False,-1.151574135561742,0.24949611481321465,True,False,0.2352202611403988,0.07300737134185004,True,False,-1.2972137454713435,False,False,forward_only_adequate
880,sequential_evalue,martingale_evalue,True,ok,2.5158422039938624,3.897628908684557,9.357201346914449,-4.151146734739845,33.11762706642178,1.0,1.0,,,1.0,1.0,-0.608069456736482,-0.34238547060350655,2226,24,"[470, 464, 463, 441, 388]","[5, 5, 5, 5, 4]",False,False,False,False,False,0.007071067811865475,0.00697110581130067,24,24,24,0,0.0,{},0.7761352815355628,0.7199315408270036,0.0,False,True,False,False,True,False,0.0,9.357201346914449,-4.151146734739845,9.357201346914449,92.75,1.111700624244224,0.01092972617407584,False,1.2444972111008572,False,0.020486111111111094,False,False,0.014104964848096944,0.020486111111111094,False,False,0.16519997481833637,0.8687865850849278,True,False,0.0997065170563688,0.6105544192849183,True,False,-0.7765360148973133,False,False,forward_only_adequate
881,sequential_evalue,martingale_evalue,True,ok,-0.2892175513115382,3.4010840590483538,6.235523017365695,-5.4003982388678065,32.84247588849422,1.0,1.0,,,1.0,1.0,-0.917815908927379,-1.0228076053315391,2274,24,"[464, 470, 470, 482, 388]","[5, 5, 5, 5, 4]",False,False,False,False,False,0.007071067811865475,0.007053213011340868,24,24,24,0,0.0,{},0.7939066513876625,0.7095766781376417,0.0,False,True,False,False,True,False,0.0,6.235523017365696,-5.400398238867806,6.235523017365696,94.75,1.127411611459447,0.018147363218421853,False,1.3290981522938492,False,0.023263888888888862,False,False,0.0012340020724554313,0.023263888888888862,False,False,-1.1192907256998066,0.263016131083191,True,False,0.09398153229024504,0.37734741349201195,True,False,-1.3705299908174897,False,False,forward_only_adequate
882,sequential_evalue,martingale_evalue,True,ok,-2.3343329301352975,4.277264940050455,5.8224704869397685,-8.625827417879826,33.23464131799454,1.0,1.0,,,1.0,1.0,-0.5337206478347337,-1.0338436424398638,2233,24,"[472, 469, 458, 475, 359]","[5, 5, 5, 5, 4]",False,False,False,False,False,0.007071067811865475,0.006997706350105838,24,24,24,0,0.0,{},0.7854518169770655,0.7036278187556771,0.0,False,True,False,False,True,False,0.0,5.8224704869397685,-8.625827417879826,5.8224704869397685,93.04166666666667,1.1216450781609826,0.020352390480023772,False,1.258664277723403,False,0.025347222222222188,False,False,0.012812581792651982,0.025347222222222188,False,False,-0.5851211775714205,0.5584662400140128,True,False,0.08769497810359264,0.3075052560697128,True,False,0.38996862626302314,False,False,forward_only_adequate
883,sequential_evalue,martingale_evalue,True,ok,2.741286439208127,4.800044940734171,9.976632578306544,-6.084031312647035,34.2816259023547,1.0,1.0,,,1.0,1.0,-0.9570766324166533,-0.4531646711292143,2231,24,"[466, 465, 471, 455, 374]","[5, 5, 5, 5, 4]",False,False,False,False,False,0.007071067811865475,0.0070139334800618045,24,24,24,0,0.0,{},0.7801902382252164,0.7312427715121753,0.0,False,True,False,False,True,False,0.0,9.976632578306544,-6.084031312647035,9.976632578306544,92.95833333333333,1.1591435494128075,0.030321303493040654,False,1.250368918805347,False,0.018750000000000044,False,False,0.014836872039520653,0.018750000000000044,False,False,0.6487976246198174,0.5164691930311682,True,False,0.0777384153356398,0.34326827201409704,True,False,0.5599867173037483,False,False,forward_only_adequate
884,sequential_evalue,martingale_evalue,True,ok,-3.8829226952436557,3.043431630768095,1.0343766997792332,-9.851622492701665,32.3651048104492,1.0,1.0,,,1.0,1.0,-0.5537568136683956,-1.1631797256470202,2247,24,"[467, 465, 466, 461, 388]","[5, 5, 5, 5, 4]",False,False,False,False,False,0.007071067811865475,0.006991207542638058,24,24,24,0,0.0,{},0.7883320088292414,0.7057967746805004,0.0,False,True,False,False,True,False,0.0,1.0343766997792332,-9.851622492701665,1.0343766997792332,93.625,1.0947000359453192,0.01042440942474449,False,1.2723040346014909,False,0.023958333333333304,False,False,0.023708276377809506,0.023958333333333304,False,False,-0.8077941321364921,0.4192091036370501,True,False,0.19399362861444666,0.1446036597957648,True,False,-0.1695324022787343,False,False,forward_only_adequate
885,sequential_evalue,martingale_evalue,True,ok,3.3100384898119777,2.584654445431935,8.181008058573763,-0.5758877618928797,34.00468226436303,1.0,1.0,,,1.0,1.0,-1.2212795085690513,-0.726463959044994,2258,24,"[475, 482, 459, 487, 355]","[5, 5, 5, 5, 4]",False,False,False,False,False,0.007071067811865475,0.006979112545960197,24,24,24,0,0.0,{},0.79736715911421,0.6855567203091235,0.0,False,True,False,False,True,False,0.0,8.181008058573763,-0.5758877618928797,8.181008058573763,94.08333333333333,1.1509733695861606,0.01758938131530252,False,1.3163118637352362,False,0.029861111111111116,False,False,0.018589897254888233,0.029861111111111116,False,False,-0.5576584647932475,0.577077625270995,True,False,0.1754206988732532,0.03880002815118923,True,False,-1.49954222734671,False,False,forward_only_adequate
886,sequential_evalue,martingale_evalue,True,ok,4.76370152346746,3.8716141083656437,11.967900372889254,-1.5007167871262892,33.990719985824036,1.0,1.0,,,1.0,1.0,-1.2000593461723454,-0.26470208500207204,2209,24,"[457, 442, 476, 458, 376]","[5, 5, 5, 5, 4]",False,False,False,False,False,0.007071067811865475,0.00705679921027543,24,24,24,0,0.0,{},0.7786165978797658,0.7137858637852743,0.0,False,True,False,False,True,False,0.0,11.967900372889254,-1.5007167871262892,11.967900372889254,92.04166666666667,1.1506158857155873,0.011188095356849599,False,1.3049197414946068,False,0.028819444444444398,False,False,0.02838968524956411,0.028819444444444398,False,False,-1.262878766968436,0.2066327517395664,True,False,0.14835321163052817,0.10920813315480608,True,False,1.0292910152903911,False,False,forward_only_adequate
887,sequential_evalue,martingale_evalue,True,ok,2.0595160945628534,2.966433098464502,6.525369155900288,-3.749751960386327,34.7026980173224,1.0,1.0,,,1.0,1.0,-1.0311121997795936,-0.7491810280945014,2240,24,"[464, 456, 473, 462, 385]","[5, 5, 5, 5, 4]",False,False,False,False,False,0.007071067811865475,0.006987263999365032,24,24,24,0,0.0,{},0.7881542629249583,0.695926702303983,0.0,False,True,False,False,True,False,0.0,6.525369155900289,-3.749751960386327,6.525369155900289,93.33333333333333,1.1712747639434833,0.002414685440506586,False,1.2621482899077348,False,0.036805555555555536,False,False,0.010567380698849486,0.036805555555555536,False,False,-0.033925702049401346,0.9729363977101523,True,False,0.1389645442975116,0.13660134768205728,True,False,0.8949016310126309,False,False,forward_only_adequate
888,sequential_evalue,martingale_evalue,True,ok,-3.9484124986873694,3.270928059651624,1.2511740013830157,-9.796922871135516,36.1654016214451,1.0,1.0,,,1.0,1.0,-0.5180162878744279,-1.1531362683629742,2213,24,"[473, 468, 457, 446, 369]","[5, 5, 5, 5, 4]",False,False,False,False,False,0.007071067811865475,0.006958661601872482,24,24,24,0,0.0,{},0.7680144211767901,0.7054249538194872,0.0,False,True,False,False,True,False,0.0,1.2511740013830157,-9.796922871135516,1.2511740013830157,92.20833333333333,1.2082981211229342,0.019257720227734476,False,1.2816816105488453,False,0.009722222222222299,False,False,0.021554124424255704,0.009722222222222299,False,False,-2.0471509384522824,0.040643266851594265,True,False,0.28044771323101,0.06809422867681769,True,False,-1.6778909847091903,False,False,forward_only_adequate
889,sequential_evalue,martingale_evalue,True,ok,1.4481351786911552,3.8894343330413386,8.170559263885186,-5.173513382572543,33.98525419885769,1.0,1.0,,,1.0,1.0,-1.0578239198500063,-0.9242873361223152,2224,24,"[459, 470, 452, 472, 371]","[5, 5, 5, 5, 4]",False,False,False,False,False,0.007071067811865475,0.007010455542730365,24,24,24,0,0.0,{},0.771972663450144,0.7243700151879069,0.0,False,True,False,False,True,False,0.0,8.170559263885186,-5.173513382572543,8.170559263885186,92.66666666666667,1.1467494410905295,0.00938453741175363,False,1.2616832575286312,False,0.027083333333333348,False,False,0.0072563452812605305,0.027083333333333348,False,False,0.8945190675804735,0.37104423245374163,True,False,0.14054444202936464,0.19287250638502568,True,False,-0.045338966189227385,False,False,forward_only_adequate
890,sequential_evalue,martingale_evalue,True,ok,2.492084584523672,3.484667149670574,8.687729770229422,-2.8511488111869023,33.79687073972349,1.0,1.0,,,1.0,1.0,-0.7671958531003632,-0.6270333135680206,2234,24,"[469, 466, 470, 448, 381]","[5, 5, 5, 5, 4]",False,False,False,False,False,0.007071067811865475,0.006961643660246769,24,24,24,0,0.0,{},0.7816075360237809,0.7178929537163447,0.0,False,True,False,False,True,False,0.0,8.687729770229422,-2.8511488111869023,8.687729770229422,93.08333333333333,1.134995783766607,0.019108404149817425,False,1.3079228799858942,False,0.017708333333333326,False,False,0.013624007887812456,0.017708333333333326,False,False,-1.8575434887796176,0.06323386995722852,True,False,0.1899756021620405,0.0967521137244596,True,False,-0.6672471350117275,False,False,forward_only_adequate
891,sequential_evalue,martingale_evalue,True,ok,-5.485445287566358,3.5613362282155756,0.019224562877366402,-11.647266605432746,35.52837180099976,1.0,1.0,,,1.0,1.0,-0.31449747361662106,-1.1405626872249988,2196,24,"[454, 450, 461, 461, 370]","[5, 5, 5, 5, 4]",False,False,False,False,False,0.007071067811865475,0.006919641250756511,24,24,24,0,0.0,{},0.7670466719393862,0.7045567757439893,0.0,False,True,False,False,True,False,0.0,0.019224562877366402,-11.647266605432746,0.019224562877366402,91.5,1.1758161890792675,0.04057708895006475,False,1.2530777268094266,False,0.013194444444444398,False,False,0.032645887767059435,0.013194444444444398,False,False,-0.25745107426633673,0.7968305796462062,True,False,0.061624727076037646,0.3790553912869847,True,False,0.415623243938645,False,False,forward_only_adequate
892,sequential_evalue,martingale_evalue,True,ok,1.236160472326474,3.208040149649231,8.38288568515981,-3.4371247710160358,33.684854682420735,1.0,1.0,,,1.0,1.0,-0.9078439589081385,-0.8300749086409862,2257,24,"[460, 472, 465, 474, 386]","[5, 5, 5, 5, 4]",False,False,False,False,False,0.007071067811865475,0.007000878049438207,24,24,24,0,0.0,{},0.7842207908236836,0.7343778939135865,0.0,False,True,False,False,True,False,0.0,8.38288568515981,-3.4371247710160358,8.38288568515981,94.04166666666667,1.1434504605636886,0.0037642831740628854,False,1.2206539038714483,False,0.023958333333333304,False,False,0.006089138162790158,0.023958333333333304,False,False,-1.215536095755521,0.22416169048779744,True,False,0.21298173826683647,0.08397219784299181,True,False,-0.42233632426454326,False,False,forward_only_adequate
893,sequential_evalue,martingale_evalue,True,ok,2.540537555129139,3.253421037981524,7.803828072320732,-3.590058298086636,33.73032725698708,1.0,1.0,,,1.0,1.0,-1.097938583327125,-0.7605043088633316,2240,24,"[454, 479, 467, 458, 382]","[5, 5, 5, 5, 4]",False,False,False,False,False,0.007071067811865475,0.006909915764535212,24,24,24,0,0.0,{},0.7850097144894852,0.6996747621503342,0.0,False,True,False,False,True,False,0.0,7.803828072320731,-3.590058298086636,7.803828072320731,93.33333333333333,1.1258530289890647,0.01167891568011712,False,1.2398173501194065,False,0.026388888888888795,False,False,0.014058366135487086,0.026388888888888795,False,False,0.811070418338321,0.41732523261456766,True,False,0.16751135804647516,0.07038195691510936,True,False,1.3858089104134124,False,False,forward_only_adequate
894,sequential_evalue,martingale_evalue,True,ok,3.956083097717799,3.940291717990444,10.569055142893564,-2.8815921809721554,33.87615439478261,1.0,0.7701459337782472,,,1.0,0.7701459337782472,-0.660015076091641,0.2611752577045513,2179,24,"[458, 457, 435, 464, 365]","[5, 5, 5, 5, 4]",False,False,False,False,False,0.007071067811865475,0.006990755457960397,24,24,24,0,0.0,{},0.766305936338856,0.6818144305239578,0.0,False,True,False,False,True,False,0.0,10.569055142893564,-2.8815921809721554,10.569055142893564,90.79166666666667,1.1282652507627084,0.044722014146706,False,1.258885421130877,False,0.009722222222222188,False,False,0.023392432125311797,0.009722222222222188,False,False,0.0635427364099059,0.9493343292481365,True,False,0.06377424118324881,0.6384772303985512,True,False,1.0980933603150433,False,False,forward_only_adequate
895,sequential_evalue,martingale_evalue,True,ok,-1.200122956949605,3.297474752718346,4.090054916121825,-7.0309056477572085,33.17133628476049,1.0,1.0,,,1.0,1.0,-0.6786920739961004,-0.9218512667972212,2254,24,"[460, 471, 486, 459, 378]","[5, 5, 5, 5, 4]",False,False,False,False,False,0.007071067811865475,0.0069081152575008195,24,24,24,0,0.0,{},0.7851288821724702,0.727001387437489,0.0,False,True,False,False,True,False,0.0,4.090054916121825,-7.0309056477572085,4.090054916121825,93.91666666666667,1.1103601869788742,0.0021511149859125933,False,1.2311431158294646,False,0.021527777777777812,False,False,0.00608762783794331,0.021527777777777812,False,False,0.34283354643029523,0.7317236872816268,True,False,0.23235637325003902,0.09416723202298549,True,False,-0.6735943496572608,False,False,forward_only_adequate
896,sequential_evalue,martingale_evalue,True,ok,-0.8037243418617912,4.345965580340179,6.856441473371841,-8.152412071473666,33.334390489219516,1.0,1.0,,,1.0,1.0,-0.9465053079202426,-1.05509932557963,2256,24,"[480, 462, 473, 471, 370]","[5, 5, 5, 5, 4]",False,False,False,False,False,0.007071067811865475,0.006904112527692592,24,24,24,0,0.0,{},0.7889914556133124,0.7212397266398808,0.0,False,True,False,False,True,False,0.0,6.856441473371841,-8.152412071473666,6.856441473371841,94.0,1.1156662896678,0.03191736911826551,False,1.221081053968177,False,0.026388888888888906,False,False,0.003862740077315472,0.026388888888888906,False,False,0.3459404352931136,0.7293874796300451,True,False,0.19560995460516717,0.014096305056144943,True,False,-0.44731966255251465,False,False,forward_only_adequate
897,sequential_evalue,martingale_evalue,True,ok,-4.769527183423005,3.578023595316394,1.4191081882201857,-10.760571076179104,32.2804658644096,1.0,1.0,,,1.0,1.0,-0.3612129142475864,-1.2465295742993836,2192,24,"[458, 456, 468, 455, 355]","[5, 5, 5, 5, 4]",False,False,False,False,False,0.007071067811865475,0.007029783613815409,24,24,24,0,0.0,{},0.762386957047012,0.7087987544346723,0.0,False,True,False,False,True,False,0.0,1.4191081882201857,-10.760571076179104,1.4191081882201857,91.33333333333333,1.0843423232834324,0.015466062677018335,False,1.3447950980757035,False,0.027430555555555514,False,False,0.030471760926549858,0.027430555555555514,False,False,1.9244945757507552,0.05429261998748246,True,False,0.10084808679706316,0.43077465532734815,True,False,-0.13901386145999195,False,False,forward_only_adequate
898,sequential_evalue,martingale_evalue,True,ok,-2.4886863521353195,3.827700747216719,3.7439198355097822,-9.239360710143227,33.16243361602293,1.0,1.0,,,1.0,1.0,-0.26696049579361725,-0.6602661466990103,2222,24,"[463, 463, 465, 474, 357]","[5, 5, 5, 5, 4]",False,False,False,False,False,0.007071067811865475,0.0069036653032807874,24,24,24,0,0.0,{},0.780018337668277,0.6993524674338732,0.0,False,True,False,False,True,False,0.0,3.7439198355097822,-9.239360710143227,3.7439198355097822,92.58333333333333,1.1014442817515213,0.03109402982961094,False,1.3874642271736068,False,0.03402777777777777,False,False,0.014079333933212578,0.03402777777777777,False,False,0.2926047106228468,0.7698243127347992,True,False,0.1598905062282298,0.26733350082976765,True,False,-1.7356345077270174,False,False,forward_only_adequate
899,sequential_evalue,martingale_evalue,True,ok,1.6745187550433045,3.727800555586301,8.706603302165153,-4.547270228755023,34.40293963182775,1.0,1.0,,,1.0,1.0,-1.1017439483768028,-0.8255731185370485,2248,24,"[472, 467, 473, 469, 367]","[5, 5, 5, 5, 4]",False,False,False,False,False,0.007071067811865475,0.006859348031081851,24,24,24,0,0.0,{},0.7911643146807279,0.6782805332937936,0.0,False,True,False,False,True,False,0.0,8.706603302165153,-4.547270228755023,8.706603302165153,93.66666666666667,1.141933803284005,0.0442669239948288,False,1.288276662466986,False,0.021527777777777812,False,False,0.008595105285615325,0.021527777777777812,False,False,0.41972796268934864,0.6746841951977862,True,False,0.1772398509590534,0.16401318058512834,True,False,0.5410901553701555,False,False,forward_only_adequate
900,sequential_evalue,martingale_evalue,True,ok,-10.635355605495773,2.756198684161591,-5.62591654487861,-15.506087547934996,33.82374835377621,0.9592217370380406,1.0,,,0.9592217370380406,1.0,0.04163301389295071,-1.5624004303229777,2258,24,"[465, 475, 467, 486, 365]","[5, 5, 5, 5, 4]",False,False,False,False,False,0.007071067811865475,0.006951481643143708,24,24,24,0,0.0,{},0.7941264916577735,0.7438269580541921,0.0,False,True,False,False,True,False,0.0,-5.62591654487861,-15.506087547934996,-5.62591654487861,94.08333333333333,1.1403166538217349,0.03889533779638956,False,1.3050871889640532,False,0.025000000000000022,False,False,0.07399282891277371,0.025000000000000022,False,False,-3.0104769930370194,0.0026083770789990905,True,True,0.2408587086128668,0.14005307762919383,True,False,-2.57072767403243,False,True,selection_limited
901,sequential_evalue,martingale_evalue,True,ok,-1.8214072505099341,3.4925969908534893,3.717478342109483,-8.928590825189527,34.02238145472963,1.0,1.0,,,1.0,1.0,-0.6965237764380585,-0.9914489088914673,2208,24,"[453, 455, 465, 470, 365]","[5, 5, 5, 5, 4]",False,False,False,False,False,0.007071067811865475,0.006941920818039747,24,24,24,0,0.0,{},0.7725919678064719,0.7330547119741654,0.0,False,True,False,False,True,False,0.0,3.7174783421094824,-8.928590825189527,3.7174783421094824,92.0,1.1326827412287643,0.0080563125475663,False,1.284015555267136,False,0.02256944444444442,False,False,0.009544707399657753,0.02256944444444442,False,False,1.3708766083010178,0.17041342441504215,True,False,0.11801072625508886,0.14473616203865322,True,False,-0.43207177921529955,False,False,forward_only_adequate
902,sequential_evalue,martingale_evalue,True,ok,-0.47934967620097374,3.114813539892067,4.184956918552763,-7.0542214578092715,32.96458836648124,1.0,1.0,,,1.0,1.0,-0.8635110657188874,-0.9311575656293565,2227,24,"[465, 448, 480, 459, 375]","[5, 5, 5, 5, 4]",False,False,False,False,False,0.007071067811865475,0.0070155165153833405,24,24,24,0,0.0,{},0.7686923178414622,0.7016647378420577,0.0,False,True,False,False,True,False,0.0,4.184956918552763,-7.054221457809272,4.184956918552763,92.79166666666667,1.113863057585622,0.02451758149108002,False,1.3436128966496605,False,0.02604166666666663,False,False,0.0021799231436152233,0.02604166666666663,False,False,0.09524277464116165,0.9241219951390544,True,False,0.07551253265224048,0.1419787382964612,True,False,-0.023820062457853976,False,False,forward_only_adequate
903,sequential_evalue,martingale_evalue,True,ok,4.072752929802697,3.553489825184862,11.228952438274385,-1.3179998950942018,33.05074901905001,1.0,1.0,,,1.0,1.0,-1.126505043025929,-0.4451467145963536,2241,24,"[464, 476, 478, 464, 359]","[5, 5, 5, 5, 4]",False,False,False,False,False,0.007071067811865475,0.00701253981921799,24,24,24,0,0.0,{},0.7892680807388865,0.7357459725569823,0.0,False,True,False,False,True,False,0.0,11.228952438274385,-1.3179998950942018,11.228952438274385,93.375,1.119803855090546,0.005735009136227542,False,1.290071342029284,False,0.02881944444444451,False,False,0.024409558626541563,0.02881944444444451,False,False,-0.16087166347499218,0.8721944808539954,True,False,0.0735594444683579,0.2672513603430204,True,False,2.0434931878636706,False,False,forward_only_adequate
904,sequential_evalue,martingale_evalue,True,ok,-0.7411167128220519,2.7645334837718947,3.6581612110460764,-6.021960253545748,33.302566957255436,1.0,1.0,,,1.0,1.0,-0.8016153317646046,-0.9084696452477008,2236,24,"[471, 466, 467, 475, 357]","[5, 5, 5, 5, 4]",False,False,False,False,False,0.007071067811865475,0.006899347507298643,24,24,24,0,0.0,{},0.7859043960995504,0.702181008237025,0.0,False,True,False,False,True,False,0.0,3.6581612110460764,-6.021960253545747,3.6581612110460764,93.16666666666667,1.108883735035163,0.026903973480445893,False,1.275426129087147,False,0.02673611111111107,False,False,0.0035527654879080298,0.02673611111111107,False,False,-1.6306825631032027,0.1029573177306208,True,False,0.20865373689279745,0.065982390325924,True,False,-0.8025775585391698,False,False,forward_only_adequate
905,sequential_evalue,martingale_evalue,True,ok,0.5141885158837309,2.843677446202772,4.844332911335724,-5.154194331840757,34.42189030895652,1.0,1.0,,,1.0,1.0,-0.6576361495486283,-0.607106131537479,2229,24,"[455, 472, 462, 465, 375]","[5, 5, 5, 5, 4]",False,False,False,False,False,0.007071067811865475,0.0069265981014408695,24,24,24,0,0.0,{},0.7811180869252672,0.7214329622369235,0.0,False,True,False,False,True,False,0.0,4.844332911335724,-5.154194331840757,4.844332911335724,92.875,1.1488785565652209,0.004174692191731416,False,1.2500711679321301,False,0.028819444444444398,False,False,0.0022764675054409754,0.028819444444444398,False,False,1.0297884187989146,0.303109338439444,True,False,0.22116020355935953,0.0017366510477098075,True,False,0.058165375903254386,False,False,forward_only_adequate
906,sequential_evalue,martingale_evalue,True,ok,-2.0043516574329745,3.495289845729126,4.089250120997305,-7.799340832798418,32.36161098584593,1.0,1.0,,,1.0,1.0,-0.6183284958754445,-0.880063944572319,2213,24,"[465, 466, 453, 460, 369]","[5, 5, 5, 5, 4]",False,False,False,False,False,0.007071067811865475,0.006963311756234207,24,24,24,0,0.0,{},0.7840042556236619,0.6584456220475157,0.0,False,True,False,False,True,False,0.0,4.089250120997305,-7.799340832798418,4.089250120997305,92.20833333333333,1.0819347328116833,0.001105109308208653,False,1.2855362208714456,False,0.02951388888888895,False,False,0.011215913713871702,0.02951388888888895,False,False,-1.4362163201933786,0.15094079648562664,True,False,0.207736269960402,0.06338208494392454,True,False,-1.048506437687609,False,False,forward_only_adequate
907,sequential_evalue,martingale_evalue,True,ok,2.6048015531422686,3.6046264008342823,8.51684601107393,-4.016049444751189,34.514571206285986,1.0,1.0,,,1.0,1.0,-1.0498380919204815,-0.5541442370610221,2218,24,"[448, 476, 454, 472, 368]","[5, 5, 5, 5, 4]",False,False,False,False,False,0.007071067811865475,0.006922728046102732,24,24,24,0,0.0,{},0.7725655670454495,0.7064940704706171,0.0,False,True,False,False,True,False,0.0,8.51684601107393,-4.016049444751189,8.51684601107393,92.41666666666667,1.1484838901342111,0.04108212910583744,False,1.2559712795089384,False,0.023958333333333304,False,False,0.014140595826811878,0.023958333333333304,False,False,0.35572408762417906,0.722047204134278,True,False,0.05826852490678363,0.4336676327579725,True,False,-0.9629792628875421,False,False,forward_only_adequate
908,sequential_evalue,martingale_evalue,True,ok,0.17883659458669263,3.2756937441974987,5.437220560215928,-5.939590320166073,33.586873823687846,1.0,1.0,,,1.0,1.0,-0.8765527217182327,-0.6776382226973359,2237,24,"[462, 470, 466, 473, 366]","[5, 5, 5, 5, 4]",False,False,False,False,False,0.007071067811865475,0.006990656735462401,24,24,24,0,0.0,{},0.7815882434636163,0.734811615324677,0.0,False,True,False,False,True,False,0.0,5.437220560215928,-5.939590320166073,5.437220560215928,93.20833333333333,1.133404507893833,0.0041809668556347275,False,1.3456154367590036,False,0.021180555555555647,False,False,0.0007260953802701287,0.021180555555555647,False,False,1.130087357877657,0.2584394162115602,True,False,0.17988751129486838,0.11539905341801941,True,False,-1.266056472378216,False,False,forward_only_adequate
909,sequential_evalue,martingale_evalue,True,ok,-3.792915596067022,4.11466947442442,4.680487710607496,-10.038469843463199,32.89439264567505,1.0,1.0,,,1.0,1.0,-0.5266949694646006,-1.028795353061339,2184,24,"[454, 464, 452, 456, 358]","[5, 5, 5, 5, 4]",False,False,False,False,False,0.007071067811865475,0.006949185316482703,24,24,24,0,0.0,{},0.766158394609943,0.6896203868041761,0.0,False,True,False,False,True,False,0.0,4.680487710607496,-10.038469843463199,4.680487710607496,91.0,1.0903011393485424,0.017549675132901905,False,1.3098966968345442,False,0.02013888888888893,False,False,0.023178815419013597,0.02013888888888893,False,False,-0.7960077810398235,0.42602751280207296,True,False,0.10860062780610566,0.2331835153113233,True,False,0.6601080033914473,False,False,forward_only_adequate
910,sequential_evalue,martingale_evalue,True,ok,3.7252307788439043,4.034460720255983,10.60538209848606,-3.0186097956030253,32.92835779573421,1.0,1.0,,,1.0,1.0,-1.1259352508673013,-0.4821491375956144,2228,24,"[460, 475, 456, 461, 376]","[5, 5, 5, 5, 4]",False,False,False,False,False,0.007071067811865475,0.006961806408210202,24,24,24,0,0.0,{},0.7827750663677748,0.7093025576534614,0.0,False,True,False,False,True,False,0.0,10.60538209848606,-3.0186097956030253,10.60538209848606,92.83333333333333,1.1043684504039089,0.03956504093659249,False,1.3248020728319319,False,0.015972222222222165,False,False,0.0223634064473417,0.015972222222222165,False,False,2.338145206300055,0.01937971680849704,True,False,0.22303134953523168,0.00753247653281266,True,False,0.86970087872235,False,False,forward_only_adequate
911,sequential_evalue,martingale_evalue,True,ok,-1.7933441726036268,3.9610115690185816,4.951895067716292,-8.486036544641237,33.202999222739535,1.0,1.0,,,1.0,1.0,-0.07676447783654783,-0.5429914300119622,2238,24,"[473, 454, 468, 464, 379]","[5, 5, 5, 5, 4]",False,False,False,False,False,0.007071067811865475,0.006934333844911856,24,24,24,0,0.0,{},0.7848496134557927,0.7378200504343081,0.0,False,True,False,False,True,False,0.0,4.951895067716292,-8.486036544641237,4.951895067716292,93.25,1.1116715369777028,0.007303112364556589,False,1.2538411035666392,False,0.021180555555555536,False,False,0.009579487969894017,0.021180555555555536,False,False,-1.0522933808297967,0.29266496760833804,True,False,0.10375685092639308,0.21283051749009288,True,False,0.1979298591524111,False,False,forward_only_adequate
912,sequential_evalue,martingale_evalue,True,ok,-0.039862146246326446,4.1432539288893935,7.231941531481331,-7.027579641736152,34.62824072484855,1.0,1.0,,,1.0,1.0,-0.08807132917474886,-0.6729084036038775,2213,24,"[458, 460, 469, 458, 368]","[5, 5, 5, 5, 4]",False,False,False,False,False,0.007071067811865475,0.006952703735439511,24,24,24,0,0.0,{},0.7779302549280553,0.7156382084694668,0.0,False,True,False,False,True,False,0.0,7.23194153148133,-7.027579641736151,7.23194153148133,92.20833333333333,1.1559505135499617,0.012404026447944737,False,1.2453038913819086,False,0.025694444444444464,False,False,0.00014101076135216052,0.025694444444444464,False,False,0.016906574802460144,0.9865111475836738,True,False,0.10997700625222272,0.17792907564789126,True,False,0.012526900245149374,False,False,forward_only_adequate
913,sequential_evalue,martingale_evalue,True,ok,3.2388215518621224,3.1580502938116832,8.848059719534072,-2.2625125110979796,35.21161077812937,1.0,1.0,,,1.0,1.0,-1.2404675197408446,-0.7728608436004969,2248,24,"[473, 473, 470, 460, 372]","[5, 5, 5, 5, 4]",False,False,False,False,False,0.007071067811865475,0.006913716582289986,24,24,24,0,0.0,{},0.7984748319944845,0.6981014131361365,0.0,False,True,False,False,True,False,0.0,8.848059719534072,-2.2625125110979796,8.848059719534072,93.66666666666667,1.1780399045169094,0.0060192009908230076,False,1.3147498197476946,False,0.017708333333333326,False,False,0.017648254127656814,0.017708333333333326,False,False,-1.4904492454911338,0.1361061522643137,True,False,0.1953843300138686,0.04259583761395719,True,False,0.07313816529302082,False,False,forward_only_adequate
914,sequential_evalue,martingale_evalue,True,ok,-4.391025803804485,3.0549712241661977,1.7835654254591828,-9.275050880340652,35.75648434756414,1.0,1.0,,,1.0,1.0,-0.5737342699111998,-1.19442144343333,2194,24,"[465, 455, 446, 452, 376]","[5, 5, 5, 5, 4]",False,False,False,False,False,0.007071067811865475,0.00695995534497945,24,24,24,0,0.0,{},0.766707407758443,0.7196756859478342,0.0,False,True,False,False,True,False,0.0,1.7835654254591828,-9.275050880340652,1.7835654254591828,91.41666666666667,1.1897178011618814,0.04285809047323535,False,1.3023380960687954,False,0.00694444444444442,False,False,0.02483026721455738,0.00694444444444442,False,False,0.5554997321301505,0.5785528932977921,True,False,0.1554147764858792,0.1785159679443613,True,False,-0.4721868414074986,False,False,forward_only_adequate
915,sequential_evalue,martingale_evalue,True,ok,-2.7019664676312503,3.962968923627201,3.876861639529635,-10.171168622887876,34.88709417383019,1.0,1.0,,,1.0,1.0,-0.7572104201779801,-1.122153182199133,2204,24,"[466, 480, 448, 449, 361]","[5, 5, 5, 5, 4]",False,False,False,False,False,0.007071067811865475,0.0069714983366349435,24,24,24,0,0.0,{},0.7706148944639997,0.7039476777034708,0.0,False,True,False,False,True,False,0.0,3.876861639529635,-10.171168622887876,3.876861639529635,91.83333333333333,1.1653626753096842,0.03845597540900963,False,1.237412077230492,False,0.03749999999999998,False,False,0.014503062482474696,0.03749999999999998,False,False,0.9458394347205255,0.34423048853560123,True,False,0.08238110235353284,0.47395264084419525,True,False,0.3675967073592811,False,False,forward_only_adequate
916,sequential_evalue,martingale_evalue,True,ok,-1.9702351684388375,3.4829742724731636,3.7725202261274715,-8.350801727893728,33.080884101698786,1.0,1.0,,,1.0,1.0,-0.1555468605674155,-0.5876057694466109,2211,24,"[461, 467, 454, 467, 362]","[5, 5, 5, 5, 4]",False,False,False,False,False,0.007071067811865475,0.007046783751980492,24,24,24,0,0.0,{},0.7845793780863733,0.7140294855154189,0.0,False,True,False,False,True,False,0.0,3.772520226127471,-8.350801727893728,3.772520226127471,92.125,1.1187339219013992,0.00866706640237652,False,1.3383113416680221,False,0.009375000000000022,False,False,0.010586402298470398,0.009375000000000022,False,False,0.35108640879281827,0.7255235239764064,True,False,0.13957612444220166,0.1320307255807902,True,False,-1.017164667701198,False,False,forward_only_adequate
917,sequential_evalue,martingale_evalue,True,ok,1.1263419103919756,3.9412483610940554,8.097929677888372,-4.724460189913106,34.30626059859762,1.0,1.0,,,1.0,1.0,-0.9741393471820803,-0.7733612918131034,2230,24,"[452, 475, 477, 457, 369]","[5, 5, 5, 5, 4]",False,False,False,False,False,0.007071067811865475,0.006991910744361442,24,24,24,0,0.0,{},0.7755625018956509,0.717076683374616,0.0,False,True,False,False,True,False,0.0,8.097929677888372,-4.724460189913106,8.097929677888372,92.91666666666667,1.1560751683321777,0.010978574646527605,False,1.2567840868006777,False,0.021874999999999978,False,False,0.005416648880639316,0.021874999999999978,False,False,-0.22800408413139422,0.819643065465981,True,False,0.17977032132083334,0.1406449562280394,True,False,-0.24213505246656397,False,False,forward_only_adequate
918,sequential_evalue,martingale_evalue,True,ok,0.14113705238453603,3.1661369461488027,5.194135506523322,-5.356774567761338,33.96734869128917,1.0,1.0,,,1.0,1.0,-0.9063321371944411,-0.8989343879899734,2213,24,"[472, 465, 456, 466, 354]","[5, 5, 5, 5, 4]",False,False,False,False,False,0.007071067811865475,0.006993460349875021,24,24,24,0,0.0,{},0.7697246618853446,0.6574139974164172,0.0,False,True,False,False,True,False,0.0,5.194135506523322,-5.356774567761338,5.194135506523322,92.20833333333333,1.14053562956254,0.0023339592683186442,False,1.248380345257671,False,0.032638888888888884,False,False,0.00055771716879774,0.032638888888888884,False,False,1.1221978620272175,0.2617783214805215,True,False,0.18767941488984277,0.0937956180198172,True,False,0.17989930633770465,False,False,forward_only_adequate
919,sequential_evalue,martingale_evalue,True,ok,4.89844800606813,3.5667306872097266,10.501432179697213,-1.2256682887155375,32.97417521781481,1.0,1.0,,,1.0,1.0,-1.2501382430640735,-0.531434662179274,2225,24,"[458, 473, 475, 448, 371]","[5, 5, 5, 5, 4]",False,False,False,False,False,0.007071067811865475,0.00694931913314302,24,24,24,0,0.0,{},0.7851065447909467,0.6939131362282577,0.0,False,True,False,False,True,False,0.0,10.501432179697213,-1.2256682887155375,10.501432179697213,92.70833333333333,1.1031779906656227,0.002803094117260644,False,1.293293354684144,False,0.05104166666666665,False,False,0.030810551809314215,0.05104166666666665,False,False,-0.5308723709435488,0.5955072249777766,True,False,0.13590837766011288,0.16667923162606965,True,False,-0.4584153313588433,False,False,forward_only_adequate
920,sequential_evalue,martingale_evalue,True,ok,1.4903349488517537,3.218938319311944,6.977504413173594,-3.40534377513527,35.42376463904976,1.0,1.0,,,1.0,1.0,-0.7561973959164761,-0.4449758508599413,2226,24,"[459, 460, 471, 469, 367]","[5, 5, 5, 5, 4]",False,False,False,False,False,0.007071067811865475,0.00689524221161758,24,24,24,0,0.0,{},0.7819168469591904,0.6856736778067917,0.0,False,True,False,False,True,False,0.0,6.977504413173594,-3.40534377513527,6.977504413173594,92.75,1.1761729944862611,0.012750446286778162,False,1.2895213299599793,False,0.01388888888888884,False,False,0.007284212601459454,0.01388888888888884,False,False,-0.6331321673247956,0.5266473376821657,True,False,0.124914763040406,0.1668430053189137,True,False,-0.8337884348231285,False,False,forward_only_adequate
921,sequential_evalue,martingale_evalue,True,ok,3.9495309254406705,3.674212141919638,10.527319191913884,-2.897707699202121,32.05924446003063,1.0,1.0,,,1.0,1.0,-1.2287844418267728,-0.6438222381237122,2204,24,"[462, 450, 479, 449, 364]","[5, 5, 5, 5, 4]",False,False,False,False,False,0.007071067811865475,0.007009155389331891,24,24,24,0,0.0,{},0.7727826644276774,0.6915451547899325,0.0,False,True,False,False,True,False,0.0,10.527319191913884,-2.897707699202121,10.527319191913884,91.83333333333333,1.0766862078754382,0.013865564816204158,False,1.267376655558019,False,0.02083333333333337,False,False,0.0246534802621094,0.02083333333333337,False,False,-2.688487323365623,0.007177656092046697,True,False,0.18926675436800233,0.00770672301874135,True,False,0.42344802169510415,False,False,forward_only_adequate
922,sequential_evalue,martingale_evalue,True,ok,1.6960009554597892,3.492244967897313,7.654551815428256,-4.260065044040847,33.16232011675756,1.0,0.9861442785251358,,,1.0,0.9861442785251358,-0.7811785900492565,0.013952607979667964,2237,24,"[471, 465, 468, 465, 368]","[5, 5, 5, 5, 4]",False,False,False,False,False,0.007071067811865475,0.006938749727230803,24,24,24,0,0.0,{},0.7896669628476389,0.7367983497304242,0.0,False,True,False,False,True,False,0.0,7.654551815428256,-4.260065044040847,7.654551815428256,93.20833333333333,1.1107683742436911,0.026510870366772774,False,1.2886994673877012,False,0.023611111111111138,False,False,0.008998811777919254,0.023611111111111138,False,False,0.31811853586109134,0.7503950238372393,True,False,0.08191628135524423,0.4412395620211062,True,False,0.25010531732811037,False,False,forward_only_adequate
923,sequential_evalue,martingale_evalue,True,ok,0.6370324989984207,3.5462693269046657,6.290136619185225,-5.208065120150157,34.01751266320056,1.0,1.0,,,1.0,1.0,-0.3882416011356583,-0.20255188963212067,2267,24,"[463, 481, 460, 476, 387]","[5, 5, 5, 5, 4]",False,False,False,False,False,0.007071067811865475,0.006937363649514109,24,24,24,0,0.0,{},0.7937329154025015,0.7401223237525782,0.0,False,True,False,False,True,False,0.0,6.290136619185225,-5.208065120150157,6.290136619185225,94.45833333333333,1.146798613065767,0.0049991786909438845,False,1.2752989336651,False,0.02673611111111107,False,False,0.002892119386833514,0.02673611111111107,False,False,0.6429872221955794,0.5202323911098392,True,False,0.08039805728508781,0.3190700126913993,True,False,-0.5413828441929702,False,False,forward_only_adequate
924,sequential_evalue,martingale_evalue,True,ok,-2.221622322757456,3.6762361773677625,3.4440650282976404,-9.648345857190842,32.14726258492754,1.0,1.0,,,1.0,1.0,-0.7898846146824234,-1.0694842361983132,2267,24,"[479, 486, 460, 470, 372]","[5, 5, 5, 5, 4]",False,False,False,False,False,0.007071067811865475,0.007032259542374019,24,24,24,0,0.0,{},0.791731817745793,0.7447868498707919,0.0,False,True,False,False,True,False,0.0,3.4440650282976404,-9.648345857190842,3.4440650282976404,94.45833333333333,1.0985732813013243,0.0017488055195107725,False,1.2973324848100656,False,0.03993055555555558,False,False,0.01239825947231596,0.03993055555555558,False,False,-1.4192550563390092,0.15582466993226074,True,False,0.27184201228256805,0.045697808276940956,True,False,-0.5027152890689043,False,False,forward_only_adequate
925,sequential_evalue,martingale_evalue,True,ok,0.3250860667508875,3.6576141304891445,7.373572304101794,-5.510180951806829,34.713190054956094,1.0,1.0,,,1.0,1.0,-0.8471055964761511,-0.9303488975826011,2215,24,"[458, 462, 462, 472, 361]","[5, 5, 5, 5, 4]",False,False,False,False,False,0.007071067811865475,0.006982016724868629,24,24,24,0,0.0,{},0.7824440663210606,0.6910927430620641,0.0,False,True,False,False,True,False,0.0,7.373572304101795,-5.510180951806828,7.373572304101795,92.29166666666667,1.1641974927337115,0.037156067735993024,False,1.2332186385109267,False,0.021527777777777812,False,False,0.0013541868594458407,0.021527777777777812,False,False,-0.381110641425169,0.7031211515239806,True,False,0.03952680686551002,0.6027384141988832,True,False,-0.9360783643303828,False,False,forward_only_adequate
926,sequential_evalue,martingale_evalue,True,ok,0.6671204229302606,2.8209203716561664,5.352802521839888,-4.3065347396428155,33.92456370796847,1.0,1.0,,,1.0,1.0,-0.6223878668231495,-0.8094575895637353,2207,24,"[458, 454, 459, 463, 373]","[5, 5, 5, 5, 4]",False,False,False,False,False,0.007071067811865475,0.007007680347465941,24,24,24,0,0.0,{},0.7827492292790454,0.7084495968355927,0.0,False,True,False,False,True,False,0.0,5.352802521839888,-4.3065347396428155,5.352802521839888,91.95833333333333,1.1398668001862091,0.011184140608538888,False,1.3581977739577125,False,0.013194444444444509,False,False,0.0030648236809672946,0.013194444444444509,False,False,1.157070617273072,0.2472435101152396,True,False,0.14505831612882605,0.030501555498574414,True,False,0.4019046197931513,False,False,forward_only_adequate
927,sequential_evalue,martingale_evalue,True,ok,-3.0143706152827527,4.460319491166315,3.921054159136267,-12.238069204772392,33.98786229329091,1.0,1.0,,,1.0,1.0,-0.7083439284879394,-1.1341915916937804,2230,24,"[468, 464, 462, 473, 363]","[5, 5, 5, 5, 4]",False,False,False,False,False,0.007071067811865475,0.006981033598262832,24,24,24,0,0.0,{},0.7883773502718961,0.7351795580012896,0.0,False,True,False,False,True,False,0.0,3.921054159136267,-12.238069204772392,3.921054159136267,92.91666666666667,1.1435637842969129,0.03191938530193989,False,1.296669215861324,False,0.019444444444444486,False,False,0.016811118026454432,0.019444444444444486,False,False,1.8221185138255294,0.06843700514213309,True,False,0.18537655137448403,0.03276461828279642,True,False,0.5860187577840601,False,False,forward_only_adequate
928,sequential_evalue,martingale_evalue,True,ok,5.518419990162779,4.211040756541907,12.522288880537879,-1.7886124194083388,33.34231833086676,1.0,0.5652810528607368,,,1.0,0.5652810528607368,-1.0976683052859026,0.5704322328257381,2208,24,"[475, 444, 454, 461, 374]","[5, 5, 5, 5, 4]",False,False,False,False,False,0.007071067811865475,0.006988805063501259,24,24,24,0,0.0,{},0.7762697882208094,0.6805551280287684,0.0,False,True,False,False,True,False,0.0,12.522288880537879,-1.7886124194083388,12.522288880537879,92.0,1.1175388724726203,0.013373277572691166,False,1.3245791312559523,False,0.021527777777777812,False,False,0.03489549476997511,0.021527777777777812,False,False,-0.9603088427445061,0.3368998009186722,True,False,0.1704832500074247,0.20899986681597094,True,False,-0.3617491195985279,False,False,forward_only_adequate
929,sequential_evalue,martingale_evalue,True,ok,-2.986347838744063,3.6795336571269024,2.9006168295000307,-9.955291511345354,34.97555713939891,1.0,1.0,,,1.0,1.0,-0.6051617068285238,-1.041697774581214,2196,24,"[474, 452, 457, 454, 359]","[5, 5, 5, 5, 4]",False,False,False,False,False,0.007071067811865475,0.006928727852070896,24,24,24,0,0.0,{},0.7701334231894748,0.6785215801198126,0.0,False,True,False,False,True,False,0.0,2.9006168295000307,-9.955291511345354,2.9006168295000307,91.5,1.1590407251166945,0.02132439985983616,False,1.3129214330611676,False,0.023263888888888862,False,False,0.016375328021623094,0.023263888888888862,False,False,-0.7521161286343319,0.451981225453016,True,False,0.17635172254584824,0.23954541131159804,True,False,-0.27670925739570823,False,False,forward_only_adequate
930,sequential_evalue,martingale_evalue,True,ok,-1.3984762863229732,2.646491672614234,2.8329895567837733,-6.676754949936728,34.197003039528695,1.0,1.0,,,1.0,1.0,-0.847714554772717,-0.8799310512268227,2193,24,"[442, 463, 459, 462, 367]","[5, 5, 5, 5, 4]",False,False,False,False,False,0.007071067811865475,0.0069357610102318955,24,24,24,0,0.0,{},0.7625021531641076,0.6837703090763277,0.0,False,True,False,False,True,False,0.0,2.8329895567837737,-6.676754949936728,2.8329895567837737,91.375,1.1336157371561477,0.015963252059090386,False,1.2974485594312877,False,0.013194444444444509,False,False,0.007067121928700657,0.013194444444444509,False,False,-1.5723437824161146,0.1158708443789595,True,False,0.16437095614634675,0.03884514170774803,True,False,-0.007668283947470968,False,False,forward_only_adequate
931,sequential_evalue,martingale_evalue,True,ok,1.9510891379651618,4.071825316267735,10.249284327573664,-4.118499073885784,33.04811896226033,1.0,1.0,,,1.0,1.0,-0.9551129992864713,-0.055700114367019105,2239,24,"[449, 466, 478, 464, 382]","[5, 5, 5, 5, 4]",False,False,False,False,False,0.007071067811865475,0.007081252226754688,24,24,24,0,0.0,{},0.7935329650275038,0.6736274763252036,0.0,False,True,False,False,True,False,0.0,10.249284327573664,-4.118499073885784,10.249284327573664,93.29166666666667,1.1301816178881332,0.010940944500967397,False,1.2178725617148578,False,0.019444444444444486,False,False,0.010348367256272487,0.019444444444444486,False,False,-1.460070380123635,0.14427073213950495,True,False,0.20446797820604617,0.0316005654520621,True,False,0.02733299476449521,False,False,forward_only_adequate
932,sequential_evalue,martingale_evalue,True,ok,1.235152866472132,3.4167668942097924,6.410673110064012,-4.493814632463424,34.36006492522103,1.0,1.0,,,1.0,1.0,-1.119602254106137,-0.845372435618321,2234,24,"[462, 476, 465, 462, 369]","[5, 5, 5, 5, 4]",False,False,False,False,False,0.007071067811865475,0.0069969548159074454,24,24,24,0,0.0,{},0.7807251463396241,0.7318986474307028,0.0,False,True,False,False,True,False,0.0,6.410673110064013,-4.493814632463424,6.410673110064013,93.08333333333333,1.159762369062153,0.052787182279438134,False,1.3986868819235452,False,0.02777777777777779,False,False,0.005987263556146154,0.02777777777777779,False,False,0.10329629468285291,0.9177278163044023,True,False,0.17104118221191114,0.09083307565899078,True,False,-1.2474494501765756,False,False,forward_only_adequate
933,sequential_evalue,martingale_evalue,True,ok,0.6667534522158162,4.909110939333902,9.451310961275667,-7.380150374594254,34.57907109617067,1.0,0.9667405325882947,,,1.0,0.9667405325882947,-0.7425886021125954,0.03382514157263372,2230,24,"[452, 449, 462, 476, 391]","[5, 5, 5, 5, 4]",False,False,False,False,False,0.007071067811865475,0.006958654734340781,24,24,24,0,0.0,{},0.777320890741154,0.6859017832176116,0.0,False,True,False,False,True,False,0.0,9.451310961275667,-7.380150374594254,9.451310961275667,92.91666666666667,1.1597260869729904,0.041027658599636065,False,1.300394267939449,False,0.027430555555555514,False,False,0.0030047217189723674,0.027430555555555514,False,False,0.44158919927673024,0.658786501145405,True,False,0.2195924973868391,0.016977538951898893,True,False,-0.7179396367129812,False,False,forward_only_adequate
934,sequential_evalue,martingale_evalue,True,ok,2.505654637798344,3.924893437106408,10.465615898856091,-3.6434061420531845,34.471895263817856,1.0,0.21735682103954246,,,1.0,0.21735682103954246,-0.8671208729234863,1.5262149392951472,2200,24,"[443, 457, 469, 459, 372]","[5, 5, 5, 5, 4]",False,False,False,False,False,0.007071067811865475,0.007014147427347534,24,24,24,0,0.0,{},0.7682767378450706,0.7051282526000183,0.0,False,True,False,False,True,False,0.0,10.465615898856091,-3.6434061420531845,10.465615898856091,91.66666666666667,1.1574860759366912,0.02252314101654723,False,1.304302367674977,False,0.028125000000000067,False,False,0.01340402591365543,0.028125000000000067,False,False,-0.2033705689680653,0.8388454016784246,True,False,0.1153233741237462,0.1941810008142145,True,False,0.27754854504172644,False,False,forward_only_adequate
935,sequential_evalue,martingale_evalue,True,ok,-1.3027977140212448,3.3916679363677065,4.53031649811452,-6.89727289253916,33.80996772968699,1.0,1.0,,,1.0,1.0,-0.6505150035691618,-0.9863409492592121,2216,24,"[481, 444, 478, 462, 351]","[5, 5, 5, 5, 4]",False,False,False,False,False,0.007071067811865475,0.006945837361097769,24,24,24,0,0.0,{},0.7819785315181469,0.6688641312854737,0.0,False,True,False,False,True,False,0.0,4.53031649811452,-6.89727289253916,4.53031649811452,92.33333333333333,1.1282845148710914,0.019443401527099557,False,1.2849635965527968,False,0.022222222222222254,False,False,0.006558431764260682,0.022222222222222254,False,False,-1.1440462159812586,0.252604470961201,True,False,0.231142405051927,0.04735388451088755,True,False,-0.36936243067165503,False,False,forward_only_adequate
936,sequential_evalue,martingale_evalue,True,ok,-4.0031705560247,3.8444627454046727,2.603340645622197,-10.58196800463158,33.2066730221185,1.0,1.0,,,1.0,1.0,-0.4800328119668118,-1.1271874511031974,2178,24,"[456, 456, 474, 433, 359]","[5, 5, 5, 5, 4]",False,False,False,False,False,0.007071067811865475,0.006964876027224393,24,24,24,0,0.0,{},0.775368728175275,0.6421079855106405,0.0,False,True,False,False,True,False,0.0,2.603340645622197,-10.58196800463158,2.603340645622197,90.75,1.101620673531015,0.000788920320021149,False,1.265496408852326,False,0.02673611111111107,False,False,0.02438510259676082,0.02673611111111107,False,False,0.14765469465906783,0.8826152880367737,True,False,0.1301193681454041,0.1801450530793135,True,False,-1.3915029817238902,False,False,forward_only_adequate
937,sequential_evalue,martingale_evalue,True,ok,-9.78908203585167,3.2328559068296476,-4.659478277103916,-16.014768629045584,33.552543258989,0.8433874346645983,1.0,,,0.8433874346645983,1.0,0.17032883621011452,-1.500282365835491,2261,24,"[479, 455, 472, 469, 386]","[5, 5, 5, 5, 4]",False,False,False,False,False,0.007071067811865475,0.006998209332599432,24,24,24,0,0.0,{},0.7910158089245924,0.7321676784020101,0.0,False,True,False,False,True,False,0.0,-4.659478277103916,-16.014768629045584,-4.659478277103916,94.20833333333333,1.139533346818992,0.04079396367360231,False,1.2277475501536903,False,0.04618055555555556,False,False,0.06710804456063438,0.04618055555555556,False,False,-1.1186655516717392,0.2632828466159126,True,False,0.19753185203354057,0.04088428008913774,True,False,-1.012673376950016,False,False,forward_only_adequate
938,sequential_evalue,martingale_evalue,True,ok,5.860512807779048,3.7637541872406692,12.716111719233439,-0.2818133313708584,34.10731615811338,1.0,1.0,,,1.0,1.0,-1.3413959894661518,-0.5492821913522441,2263,24,"[477, 464, 462, 475, 385]","[5, 5, 5, 5, 4]",False,False,False,False,False,0.007071067811865475,0.006940157522848154,24,24,24,0,0.0,{},0.7977759312894903,0.6980852050048268,0.0,False,True,False,False,True,False,0.0,12.716111719233439,-0.2818133313708584,12.716111719233439,94.29166666666667,1.1492738768850983,0.005396422426701617,False,1.2514559423962819,False,0.011805555555555514,False,False,0.03623755210244586,0.011805555555555514,False,False,-1.2299447820435385,0.21871778306791512,True,False,0.13675276530967714,0.22903653370114133,True,False,0.7615946741321402,False,False,forward_only_adequate
939,sequential_evalue,martingale_evalue,True,ok,-5.6854843903915,3.5476264506438406,-0.09050340550161184,-12.072805850341975,35.64176279769525,1.0,1.0,,,1.0,1.0,-0.45920582572619084,-1.308596983765244,2204,24,"[435, 449, 469, 468, 383]","[5, 5, 5, 5, 4]",False,False,False,False,False,0.007071067811865475,0.006944778123215549,24,24,24,0,0.0,{},0.7804233634114586,0.652773662322925,0.0,False,True,False,False,True,False,0.0,-0.09050340550161184,-12.072805850341974,-0.09050340550161184,91.83333333333333,1.1860083025436354,0.006977217017936671,False,1.2400944432318506,False,0.014583333333333282,False,False,0.033703033254273325,0.014583333333333282,False,False,-1.2361529323163716,0.21640172245701306,True,False,0.20444519958494564,0.08996344717287345,True,False,-2.2212884727274553,False,False,forward_only_adequate
940,sequential_evalue,martingale_evalue,True,ok,2.8379884294486,2.942958066080089,7.432641774161544,-2.6517905449961217,33.54750864631541,1.0,1.0,,,1.0,1.0,-1.1693728411139117,-0.7256270687220487,2237,24,"[465, 468, 471, 465, 368]","[5, 5, 5, 5, 4]",False,False,False,False,False,0.007071067811865475,0.006947965610128225,24,24,24,0,0.0,{},0.7792976677946117,0.6962681244862974,0.0,False,True,False,False,True,False,0.0,7.432641774161543,-2.6517905449961217,7.432641774161543,93.20833333333333,1.125162655098053,0.016863335161053792,False,1.3179958294050123,False,0.023263888888888862,False,False,0.01597854569298453,0.023263888888888862,False,False,1.0475063990624132,0.2948660824037119,True,False,0.13277922857511035,0.20111361945201273,True,False,0.0789010626707415,False,False,forward_only_adequate
941,sequential_evalue,martingale_evalue,True,ok,-1.4744682886923952,3.7850726973850466,4.964349031827847,-7.452878657949734,34.292067368633134,1.0,1.0,,,1.0,1.0,-0.8479597668717658,-1.0566245567461559,2227,24,"[456, 462, 466, 476, 367]","[5, 5, 5, 5, 4]",False,False,False,False,False,0.007071067811865475,0.007020944201224259,24,24,24,0,0.0,{},0.7927042108473189,0.6629844011690244,0.0,False,True,False,False,True,False,0.0,4.964349031827847,-7.452878657949735,4.964349031827847,92.79166666666667,1.1596146189516114,0.005402186985576852,False,1.2281011482180453,False,0.015277777777777724,False,False,0.007312893050551037,0.015277777777777724,False,False,1.3519934578581247,0.17637740813101366,True,False,0.08283976277161872,0.29654172465081935,True,False,1.296707585571188,False,False,forward_only_adequate
942,sequential_evalue,martingale_evalue,True,ok,-2.5264042118796044,4.129658093500456,4.5742761050495115,-9.473584269285404,33.616542342227305,1.0,1.0,,,1.0,1.0,-0.4475986010209233,-0.9343229787477589,2241,24,"[468, 471, 467, 468, 367]","[5, 5, 5, 5, 4]",False,False,False,False,False,0.007071067811865475,0.006872038917193754,24,24,24,0,0.0,{},0.7896743691455012,0.715402689454525,0.0,False,True,False,False,True,False,0.0,4.5742761050495115,-9.473584269285404,4.5742761050495115,93.375,1.1161535983647184,0.0025511871498463652,False,1.3146503505000993,False,0.020486111111111094,False,False,0.014108072654804479,0.020486111111111094,False,False,0.14633214220825289,0.8836591931397879,True,False,0.12511274876923575,0.12459032820041804,True,False,-0.8111278900870673,False,False,forward_only_adequate
943,sequential_evalue,martingale_evalue,True,ok,-3.8948453037403845,4.241018645722305,3.5593636136779607,-11.568350027820768,34.934921806193664,1.0,1.0,,,1.0,1.0,-0.35449433128581964,-1.1294684640809391,2210,24,"[466, 477, 452, 453, 362]","[5, 5, 5, 5, 4]",False,False,False,False,False,0.007071067811865475,0.006968222941753041,24,24,24,0,0.0,{},0.7797715350219134,0.7135471042633439,0.0,False,True,False,False,True,False,0.0,3.5593636136779607,-11.568350027820768,3.5593636136779607,92.08333333333333,1.1679986287614064,0.009524473932994599,False,1.267805778336428,False,0.02256944444444442,False,False,0.02206696740247059,0.02256944444444442,False,False,0.2947468067546742,0.768187304060094,True,False,0.1597092079888659,0.1787835042408093,True,False,-0.5321295360835843,False,False,forward_only_adequate
944,sequential_evalue,martingale_evalue,True,ok,-0.00992304149361504,3.3242031118589592,5.350259134199157,-6.248993902712114,32.55169408507027,1.0,1.0,,,1.0,1.0,-0.7877829039666843,-0.6819041336067497,2256,24,"[485, 463, 468, 473, 367]","[5, 5, 5, 5, 4]",False,False,False,False,False,0.007071067811865475,0.007001602822215555,24,24,24,0,0.0,{},0.7939020298747674,0.7013779556678698,0.0,False,True,False,False,True,False,0.0,5.350259134199157,-6.248993902712114,5.350259134199157,94.0,1.104854267839755,0.045695435443394404,False,1.3559494251233022,False,0.03298611111111105,False,False,3.372006708481479e-05,0.03298611111111105,False,False,-0.6282272278316459,0.5298550960337982,True,False,0.22801736533511535,0.0562611832285315,True,False,0.44780469182321525,False,False,forward_only_adequate
945,sequential_evalue,martingale_evalue,True,ok,-0.5738914010084969,4.147603605627541,6.761042694666279,-7.704351677552142,32.72725699228716,1.0,1.0,,,1.0,1.0,-0.6503758314776787,-0.48483781532590325,2254,24,"[482, 460, 466, 471, 375]","[5, 5, 5, 5, 4]",False,False,False,False,False,0.007071067811865475,0.006996826215968588,24,24,24,0,0.0,{},0.7853434820445037,0.7031720888460505,0.0,False,True,False,False,True,False,0.0,6.761042694666279,-7.704351677552142,6.761042694666279,93.91666666666667,1.109563171818201,0.0012946079951034006,False,1.3039699476588549,False,0.03784722222222214,False,False,0.0026719327867801156,0.03784722222222214,False,False,-0.2944602717867454,0.7684062168875373,True,False,0.09592807727914726,0.3219864698214125,True,False,-0.6101231689489828,False,False,forward_only_adequate
946,sequential_evalue,martingale_evalue,True,ok,-2.261047263940713,4.031452688795707,3.4591845116710247,-9.993114597575309,33.25307415031245,1.0,1.0,,,1.0,1.0,-0.0891643602806162,-0.8803125738727356,2203,24,"[466, 458, 450, 462, 367]","[5, 5, 5, 5, 4]",False,False,False,False,False,0.007071067811865475,0.006865430121090312,24,24,24,0,0.0,{},0.7714643329615198,0.7093942177832974,0.0,False,True,False,False,True,False,0.0,3.4591845116710247,-9.993114597575309,3.4591845116710247,91.79166666666667,1.093631935983927,0.030239467640046862,False,1.313039144877211,False,0.015972222222222276,False,False,0.012715992981904074,0.015972222222222276,False,False,-1.840356850128366,0.06571586405458912,True,False,0.14510184550315178,0.06534832607868536,True,False,-0.06502421389125547,False,False,forward_only_adequate
947,sequential_evalue,martingale_evalue,True,ok,7.031969541774187,3.894336412176814,14.36852546628396,1.1413806466784546,33.67199595629961,1.0,1.0,,,1.0,1.0,-1.4089234982634384,-0.38695473440283956,2285,24,"[478, 469, 486, 469, 383]","[5, 5, 5, 5, 4]",False,False,False,False,False,0.007071067811865475,0.007023199698404853,24,24,24,0,0.0,{},0.8110230642122409,0.7177176346319768,0.0,False,True,False,False,True,False,0.0,14.36852546628396,1.1413806466784546,14.36852546628396,95.20833333333333,1.1537490691291594,0.012953048406231502,False,1.2660849314100955,False,0.013194444444444398,False,False,0.044702663257443126,0.013194444444444398,False,False,0.20534568386201063,0.8373020538977829,True,False,0.1073050619510088,0.2919280344870393,True,False,0.39006936261586955,False,False,forward_only_adequate
948,sequential_evalue,martingale_evalue,True,ok,0.780663364072573,3.7057973583934203,7.097366154005072,-5.813804373033538,33.946238933481915,0.8426276252201357,0.9953882188780006,,,0.8426276252201357,0.9953882188780006,0.17123014428733996,0.0046224481933253014,2200,24,"[453, 433, 462, 471, 381]","[5, 5, 5, 5, 4]",False,False,False,False,False,0.007071067811865475,0.006961147759284322,24,24,24,0,0.0,{},0.7700036176594072,0.6795671940573611,0.0,False,True,False,False,True,False,0.0,7.097366154005072,-5.813804373033538,7.097366154005072,91.66666666666667,1.131223034678637,0.022291138298678726,False,1.2617050507875782,False,0.03125,False,False,0.0036819624991457456,0.03125,False,False,0.5052244960084501,0.6134011670592817,True,False,0.10688455105929062,0.19956665985646563,True,False,0.15301127703303882,False,False,forward_only_adequate
949,sequential_evalue,martingale_evalue,True,ok,-1.1306979414212974,2.4287407668959724,3.5824540187089817,-5.271339945374965,33.46074751370275,1.0,1.0,,,1.0,1.0,-0.7902003499084863,-1.0458159592993825,2242,24,"[466, 454, 463, 489, 370]","[5, 5, 5, 5, 4]",False,False,False,False,False,0.007071067811865475,0.006981074194856712,24,24,24,0,0.0,{},0.7763952722666798,0.7117849519172226,0.0,False,True,False,False,True,False,0.0,3.5824540187089817,-5.271339945374965,3.5824540187089817,93.41666666666667,1.1288599887514992,0.008382813893245768,False,1.2491517867897615,False,0.015972222222222165,False,False,0.005587854579738978,0.015972222222222165,False,False,-1.4226045622677241,0.15485082070691947,True,False,0.14902125128316152,0.22096413418341582,True,False,-0.09970738373528691,False,False,forward_only_adequate
950,sequential_evalue,martingale_evalue,True,ok,6.237954661743269,2.985548674584156,11.466018135298121,1.4474319858061762,34.6081323373038,1.0,1.0,,,1.0,1.0,-1.2796223957758797,-0.28136869407572895,2189,24,"[452, 444, 465, 464, 364]","[5, 5, 5, 5, 4]",False,False,False,False,False,0.007071067811865475,0.006885570282055856,24,24,24,0,0.0,{},0.765441333638715,0.7299835785683588,0.0,False,True,False,False,True,False,0.0,11.466018135298121,1.4474319858061762,11.466018135298121,91.20833333333333,1.1379032625341465,0.06200767737389546,False,1.3348783759064027,False,0.026388888888888795,False,False,0.03945501422312225,0.026388888888888795,False,False,1.9408451166215575,0.052277066734195014,True,False,0.1368338649662558,0.07858133571655289,True,False,0.905626831073127,False,False,forward_only_adequate
951,sequential_evalue,martingale_evalue,True,ok,-2.7399695010149383,4.036214490815283,4.205984973440986,-9.284583033617626,34.52950721524054,1.0,1.0,,,1.0,1.0,-0.3310012883189092,-1.107154206529891,2202,24,"[450, 475, 444, 470, 363]","[5, 5, 5, 5, 4]",False,False,False,False,False,0.007071067811865475,0.006974102208770126,24,24,24,0,0.0,{},0.778347889417679,0.6870135045555463,0.0,False,True,False,False,True,False,0.0,4.205984973440986,-9.284583033617626,4.205984973440986,91.75,1.153325061023942,0.010182427166930602,False,1.271620916128033,False,0.015972222222222276,False,False,0.014914722979763807,0.015972222222222276,False,False,-0.07981550070176267,0.9363839958793235,True,False,0.1220280429596323,0.24742282782250538,True,False,-1.1369559816219696,False,False,forward_only_adequate
952,sequential_evalue,martingale_evalue,True,ok,-2.576950307159223,4.102998971096502,3.9323859401567804,-10.465581369816238,34.98586499797255,1.0,1.0,,,1.0,1.0,-0.6553749479661379,-1.0283139729207038,2190,24,"[442, 454, 459, 462, 373]","[5, 5, 5, 5, 4]",False,False,False,False,False,0.007071067811865475,0.006986800649257539,24,24,24,0,0.0,{},0.7712782312962048,0.6679150743755712,0.0,False,True,False,False,True,False,0.0,3.9323859401567804,-10.465581369816238,3.9323859401567804,91.25,1.1675013967313528,0.0010192506291211178,False,1.3440440459577758,False,0.012500000000000067,False,False,0.013706326544930552,0.012500000000000067,False,False,-1.1983691483451016,0.2307733376316421,True,False,0.12884367962078866,0.13486896488140693,True,False,-0.02589562099254399,False,False,forward_only_adequate
953,sequential_evalue,martingale_evalue,True,ok,-1.1686178387195403,3.865128359612227,5.955879300746016,-7.149962596612378,33.12843744024347,1.0,1.0,,,1.0,1.0,-0.4412805079014548,-0.8208746670379032,2234,24,"[478, 464, 466, 453, 373]","[5, 5, 5, 5, 4]",False,False,False,False,False,0.007071067811865475,0.007007207171697627,24,24,24,0,0.0,{},0.7879356062598454,0.7002239926364406,0.0,False,True,False,False,True,False,0.0,5.955879300746016,-7.1499625966123785,5.955879300746016,93.08333333333333,1.1198294323264613,0.003492590649464303,False,1.2747489531767382,False,0.025000000000000022,False,False,0.0058517552771575115,0.025000000000000022,False,False,-1.689451130479672,0.09113300955386172,True,False,0.27082088539154026,0.006454982905121198,True,False,-0.2899569043934833,False,False,forward_only_adequate
954,sequential_evalue,martingale_evalue,True,ok,-0.5507289680491982,3.037062917389332,4.682377955669364,-6.375628032419541,33.72173090265723,1.0,1.0,,,1.0,1.0,-0.6621128226905569,-0.8513255120253426,2234,24,"[463, 450, 475, 465, 381]","[5, 5, 5, 5, 4]",False,False,False,False,False,0.007071067811865475,0.006947402309313253,24,24,24,0,0.0,{},0.7779173129797067,0.7134266993019085,0.0,False,True,False,False,True,False,0.0,4.682377955669364,-6.375628032419541,4.682377955669364,93.08333333333333,1.1301556875323793,0.016736115948135524,False,1.3100684570065833,False,0.02604166666666674,False,False,0.002501211865561612,0.02604166666666674,False,False,-0.8024256217598233,0.42230679694616424,True,False,0.1584585107407835,0.2898935432582905,True,False,1.1858050522054904,False,False,forward_only_adequate
955,sequential_evalue,martingale_evalue,True,ok,-4.234596228719883,4.3523714312208455,2.7679409518467963,-11.772703600070079,32.021779683734245,1.0,1.0,,,1.0,1.0,-0.22189448640254716,-0.9720961531196501,2218,24,"[476, 438, 459, 468, 377]","[5, 5, 5, 5, 4]",False,False,False,False,False,0.007071067811865475,0.0070240917439413466,24,24,24,0,0.0,{},0.7782293589737337,0.6660047083297942,0.0,False,True,False,False,True,False,0.0,2.7679409518467963,-11.772703600070079,2.7679409518467963,92.41666666666667,1.0811371602814448,0.004493964629643755,False,1.249650853460562,False,0.018750000000000044,False,False,0.026610567976630164,0.018750000000000044,False,False,-3.52880240873081,0.000417444690756189,True,True,0.30445501514187573,0.0007874332468125767,True,False,-1.2292044728401719,False,True,selection_limited
956,sequential_evalue,martingale_evalue,True,ok,-7.687266910915522,3.188102009878124,-2.2537024001044044,-12.688036992575086,33.45513038837596,1.0,1.0,,,1.0,1.0,-0.03589607071297163,-1.3680421606702433,2223,24,"[453, 468, 473, 462, 367]","[5, 5, 5, 5, 4]",False,False,False,False,False,0.007071067811865475,0.006915281768385293,24,24,24,0,0.0,{},0.7862803627407084,0.6895567345115614,0.0,False,True,False,False,True,False,0.0,-2.2537024001044044,-12.688036992575086,-2.2537024001044044,92.625,1.1132859345113397,0.018344071403321546,False,1.3159200597604928,False,0.01805555555555549,False,False,0.051803629298315994,0.01805555555555549,False,False,0.020068213157919776,0.9839889572619656,True,False,0.038883726974806486,0.5569671559957624,True,False,-0.8152993218798307,False,False,forward_only_adequate
957,sequential_evalue,martingale_evalue,True,ok,-0.8905953985049244,3.390392600873058,4.630626288926264,-7.819254104047267,33.33376193106946,1.0,1.0,,,1.0,1.0,-0.8453977257256375,-0.9877968014473144,2252,24,"[482, 472, 461, 457, 380]","[5, 5, 5, 5, 4]",False,False,False,False,False,0.007071067811865475,0.006891614505980146,24,24,24,0,0.0,{},0.8033302357971553,0.7041967279845851,0.0,False,True,False,False,True,False,0.0,4.630626288926264,-7.819254104047267,4.630626288926264,93.83333333333333,1.1126379847861447,0.0007061710891576114,False,1.2973502361646518,False,0.014583333333333393,False,False,0.004345350540210274,0.014583333333333393,False,False,0.5345011806208425,0.5929948328563148,True,False,0.1556113025126054,0.028376509261745838,True,False,-0.6164183997304382,False,False,forward_only_adequate
958,sequential_evalue,martingale_evalue,True,ok,-2.00303894145515,3.8380901638827347,4.669579456242031,-7.89877599600794,33.58583510395361,1.0,1.0,,,1.0,1.0,-0.7219925769254978,-0.9994698766675949,2210,24,"[451, 475, 464, 453, 367]","[5, 5, 5, 5, 4]",False,False,False,False,False,0.007071067811865475,0.006956234364047812,24,24,24,0,0.0,{},0.7695551192814076,0.7006688724203822,0.0,False,True,False,False,True,False,0.0,4.669579456242031,-7.898775996007939,4.669579456242031,92.08333333333333,1.1209619657068244,0.02133399360662348,False,1.2690056203896696,False,0.016666666666666607,False,False,0.010763239664154949,0.016666666666666607,False,False,-0.4385335607924242,0.6609995472443881,True,False,0.1447394976749079,0.32005516270882306,True,False,-0.8668555027025442,False,False,forward_only_adequate
959,sequential_evalue,martingale_evalue,True,ok,-1.3193054993820539,3.0342543815206184,4.902107669730477,-5.81268482627114,33.562236847601774,1.0,1.0,,,1.0,1.0,-0.8684832881261584,-0.9594555633037285,2221,24,"[477, 469, 449, 467, 359]","[5, 5, 5, 5, 4]",False,False,False,False,False,0.007071067811865475,0.0070180719277295935,24,24,24,0,0.0,{},0.7823408802966708,0.6940600858981449,0.0,False,True,False,False,True,False,0.0,4.902107669730477,-5.81268482627114,4.902107669730477,92.54166666666667,1.132941213440911,0.0021057147097659234,False,1.2325127411817816,False,0.023263888888888862,False,False,0.006621434517011116,0.023263888888888862,False,False,0.23494726550359146,0.8142496635839855,True,False,0.1246071871861229,0.26035816156058433,True,False,-0.16999790581458657,False,False,forward_only_adequate
960,sequential_evalue,martingale_evalue,True,ok,-0.9277060445189059,3.5209101968160414,5.40118491531482,-7.11656200066865,35.318717319585986,1.0,1.0,,,1.0,1.0,-0.8193979515620786,-0.8991224526293534,2196,24,"[459, 471, 465, 447, 354]","[5, 5, 5, 5, 4]",False,False,False,False,False,0.007071067811865475,0.006908548900338312,24,24,24,0,0.0,{},0.7668117980509983,0.6886188365011355,0.0,False,True,False,False,True,False,0.0,5.401184915314819,-7.11656200066865,5.401184915314819,91.5,1.167003907316268,0.027758676459394754,False,1.3125012011555044,False,0.02777777777777779,False,False,0.004312028636011853,0.02777777777777779,False,False,-0.42312691911521155,0.6722026630810206,True,False,0.10775924697401189,0.2877667180175553,True,False,0.4715770271928165,False,False,forward_only_adequate
961,sequential_evalue,martingale_evalue,True,ok,6.649713021352725,3.2660319882920312,12.492264906036645,1.1852256183232281,32.90201625559592,1.0,0.8165788299666874,,,1.0,0.8165788299666874,-1.1645498151957558,0.20263182503877497,2214,24,"[472, 459, 462, 456, 365]","[5, 5, 5, 5, 4]",False,False,False,False,False,0.007071067811865475,0.006974362351014553,24,24,24,0,0.0,{},0.7637449802201028,0.7005648936875185,0.0,False,True,False,False,True,False,0.0,12.492264906036645,1.1852256183232281,12.492264906036645,92.25,1.101996490978289,0.0028522756527787694,False,1.2773908762471093,False,0.0253472222222223,False,False,0.04417847430935811,0.0253472222222223,False,False,-0.4310775394107526,0.6664119914282454,True,False,0.13837073231860705,0.17070667009720733,True,False,0.18861422335404604,False,False,forward_only_adequate
962,sequential_evalue,martingale_evalue,True,ok,-2.204811304531225,3.8951310129326098,3.618283459515888,-9.294897691799175,33.870803856051594,1.0,1.0,,,1.0,1.0,-0.5603298927093187,-0.9581768164594646,2182,24,"[459, 448, 455, 445, 375]","[5, 5, 5, 5, 4]",False,False,False,False,False,0.007071067811865475,0.006963132024682333,24,24,24,0,0.0,{},0.7707595880874284,0.6839788653749441,0.0,False,True,False,False,True,False,0.0,3.618283459515888,-9.294897691799175,3.618283459515888,90.91666666666667,1.124402726921485,0.013336820757671482,False,1.292046900877626,False,0.025000000000000022,False,False,0.011968434745744912,0.025000000000000022,False,False,-1.4843827465763648,0.1377074093310583,True,False,0.16141238796821297,0.25252098513838445,True,False,-1.1522405840960812,False,False,forward_only_adequate
963,sequential_evalue,martingale_evalue,True,ok,7.8137234686423485,4.364003336155601,15.479182283840013,0.8586443472659449,33.07238880980078,1.0,0.016103161271490606,,,1.0,0.016103161271490606,-1.1215560440421999,4.128739673999806,2253,24,"[464, 467, 479, 469, 374]","[5, 5, 5, 5, 4]",False,True,False,False,True,0.007071067811865475,0.006977056531788082,24,24,24,0,0.0,{},0.7903059263956878,0.7487157289073983,0.0,False,True,False,False,True,False,0.0,15.479182283840013,0.8586443472659449,15.479182283840013,93.875,1.1178480826404544,0.024518790900500468,False,1.2496813124386197,False,0.015972222222222276,False,False,0.05255838805676648,0.015972222222222276,False,False,1.5776473758909486,0.1146466420762952,True,False,0.19908094582549662,0.07427196063071277,True,False,0.7462135089155872,False,False,inconclusive
964,sequential_evalue,martingale_evalue,True,ok,2.003795846938987,3.3210005402690443,8.091446449338257,-3.3791821986328814,33.84349356476425,1.0,1.0,,,1.0,1.0,-0.9814354890580617,-0.5627722150296123,2231,24,"[470, 466, 464, 473, 358]","[5, 5, 5, 5, 4]",False,False,False,False,False,0.007071067811865475,0.006950352728108559,24,24,24,0,0.0,{},0.7867677973309888,0.7180899044688206,0.0,False,True,False,False,True,False,0.0,8.091446449338257,-3.3791821986328814,8.091446449338257,92.95833333333333,1.133955995834282,0.01882834448611342,False,1.1896428908638252,False,0.03888888888888886,False,False,0.010627238012663161,0.03888888888888886,False,False,0.20910891659358447,0.8343632141416651,True,False,0.13468721178855983,0.2262678165455284,True,False,0.19590039834015757,False,False,forward_only_adequate
965,sequential_evalue,martingale_evalue,True,ok,5.516111053522191,3.1917813334676457,11.858436316542193,0.6987880858856022,33.024252334230326,1.0,1.0,,,1.0,1.0,-1.3370195000553764,-0.5664422101016917,2254,24,"[469, 473, 476, 460, 376]","[5, 5, 5, 5, 4]",False,False,False,False,False,0.007071067811865475,0.006973232833254811,24,24,24,0,0.0,{},0.7841208835067714,0.7229503358619728,0.0,False,True,False,False,True,False,0.0,11.85843631654219,0.6987880858856022,11.85843631654219,93.91666666666667,1.1158568908333117,0.014322996422624803,False,1.2756527591675635,False,0.023958333333333415,False,False,0.034940067324360495,0.023958333333333415,False,False,0.03584156102573959,0.9714086934356186,True,False,0.057455870687921386,0.3986116607341726,True,False,1.305009633602101,False,False,forward_only_adequate
966,sequential_evalue,martingale_evalue,True,ok,3.8161227496900607,3.1248346285952078,9.12763232330675,-1.210336790441716,33.79345165850723,1.0,1.0,,,1.0,1.0,-1.128098641563744,-0.5842665662871624,2210,24,"[460, 455, 469, 468, 358]","[5, 5, 5, 5, 4]",False,False,False,False,False,0.007071067811865475,0.006971521926766054,24,24,24,0,0.0,{},0.7951591591057643,0.6581324800785927,0.0,False,True,False,False,True,False,0.0,9.12763232330675,-1.210336790441716,9.12763232330675,92.08333333333333,1.1303701248334834,0.011296174692580199,False,1.3058701087088502,False,0.029861111111111116,False,False,0.02238509237462565,0.029861111111111116,False,False,-0.8262317835608337,0.4086726217768535,True,False,0.16956667457407829,0.08001948432581635,True,False,-1.0747381860539134,False,False,forward_only_adequate
967,sequential_evalue,martingale_evalue,True,ok,6.271999233293059,3.9527456651874693,12.241879453192869,-0.12430176402312654,34.30628951101395,1.0,1.0,,,1.0,1.0,-1.3384500589494284,-0.5171960122808503,2232,24,"[476, 457, 459, 466, 374]","[5, 5, 5, 5, 4]",False,False,False,False,False,0.007071067811865475,0.006916386266870953,24,24,24,0,0.0,{},0.7833230172701451,0.7228839413234901,0.0,False,True,False,False,True,False,0.0,12.24187945319287,-0.12430176402312654,12.24187945319287,93.0,1.144101267431556,0.015032032629442131,False,1.290673681268191,False,0.011805555555555514,False,False,0.03945551222693649,0.011805555555555514,False,False,1.0321693452086382,0.3019927928829941,True,False,0.18644676067318985,0.08919443960397364,True,False,-0.45522462610495007,False,False,forward_only_adequate
968,sequential_evalue,martingale_evalue,True,ok,-1.954634024078968,4.1135661976545705,5.987535204408354,-8.487196520656601,34.55101982407411,1.0,1.0,,,1.0,1.0,-0.6197909426586793,-1.0565270292782218,2241,24,"[460, 469, 460, 474, 378]","[5, 5, 5, 5, 4]",False,False,False,False,False,0.007071067811865475,0.007035374804085021,24,24,24,0,0.0,{},0.7929240403221196,0.7234973618908837,0.0,False,True,False,False,True,False,0.0,5.987535204408354,-8.487196520656601,5.987535204408354,93.375,1.174446996466244,0.0211929581424267,False,1.2747089713358697,False,0.005902777777777701,False,False,0.009925682238098742,0.005902777777777701,False,False,-1.1061324242962476,0.26866920631287683,True,False,0.1738482860029155,0.12206825648241859,True,False,0.08363320423106356,False,False,forward_only_adequate
969,sequential_evalue,martingale_evalue,True,ok,2.4006274253048097,3.7392276125057275,8.539385896589609,-4.281366706995231,34.10522409145647,1.0,1.0,,,1.0,1.0,-1.1493535914138195,-0.7892543943767782,2214,24,"[470, 457, 461, 459, 367]","[5, 5, 5, 5, 4]",False,False,False,False,False,0.007071067811865475,0.007041080906991199,24,24,24,0,0.0,{},0.7789385945266999,0.7266632741778547,0.0,False,True,False,False,True,False,0.0,8.539385896589609,-4.281366706995231,8.539385896589609,92.25,1.1532233677172987,0.015513833146310106,False,1.2810653817926598,False,0.009722222222222188,False,False,0.012816096897237901,0.009722222222222188,False,False,-0.7224377154923896,0.4700254058616228,True,False,0.08793674635357661,0.3207462392865489,True,False,-0.5794353095460458,False,False,forward_only_adequate
970,sequential_evalue,martingale_evalue,True,ok,-4.051253594967709,3.702646774751208,2.5061915981406218,-10.112949053416548,34.266028585927344,1.0,1.0,,,1.0,1.0,-0.3663625956011929,-1.1931252948225208,2191,24,"[447, 449, 471, 452, 372]","[5, 5, 5, 5, 4]",False,False,False,False,False,0.007071067811865475,0.006973603103466722,24,24,24,0,0.0,{},0.7611026874085949,0.7084735273072498,0.0,False,True,False,False,True,False,0.0,2.5061915981406218,-10.112949053416548,2.5061915981406218,91.29166666666667,1.1415805778886103,0.005692051709055731,False,1.2507045949977607,False,0.01909722222222232,False,False,0.023722199219523225,0.01909722222222232,False,False,-0.13937425681954185,0.8891544138778656,True,False,0.17655333047267338,0.22083047969314495,True,False,-0.47949281585533426,False,False,forward_only_adequate
971,sequential_evalue,martingale_evalue,True,ok,-1.0895634826240512,3.7426875311486767,6.3066709911756185,-6.952927369271082,33.57877053729427,1.0,1.0,,,1.0,1.0,-0.9105437248902271,-1.0045621797411555,2221,24,"[476, 469, 438, 474, 364]","[5, 5, 5, 5, 4]",False,False,False,False,False,0.007071067811865475,0.006992158107242361,24,24,24,0,0.0,{},0.783157340848885,0.7074123932997778,0.0,False,True,False,False,True,False,0.0,6.3066709911756185,-6.952927369271083,6.3066709911756185,92.54166666666667,1.129313951691992,0.015197635470059315,False,1.301806018143904,False,0.042013888888888906,False,False,0.005357466134207416,0.042013888888888906,False,False,-0.4636257823571875,0.6429158791350758,True,False,0.20496496358871866,0.05677227663440273,True,False,-0.10243959811003953,False,False,forward_only_adequate
972,sequential_evalue,martingale_evalue,True,ok,-0.5802537921597187,3.383513744175802,5.112206493022302,-6.473692786758362,32.59389267792144,1.0,1.0,,,1.0,1.0,-0.498316713269767,-0.8969901208594016,2224,24,"[487, 450, 458, 468, 361]","[5, 5, 5, 5, 4]",False,False,False,False,False,0.007071067811865475,0.007020226971534252,24,24,24,0,0.0,{},0.7757883643445785,0.7137137798063808,0.0,False,True,False,False,True,False,0.0,5.112206493022302,-6.473692786758362,5.112206493022302,92.66666666666667,1.101334286290004,0.028462009674747258,False,1.2454327824281919,False,0.013194444444444398,False,False,0.002727221000510005,0.013194444444444398,False,False,-1.0873190921586964,0.2768958138143237,True,False,0.08209980956704178,0.429146878587567,True,False,-0.5566416168384885,False,False,forward_only_adequate
973,sequential_evalue,martingale_evalue,True,ok,1.7164585456967412,4.117438021400039,8.314413625163022,-6.185801201860621,33.422770260915286,1.0,1.0,,,1.0,1.0,-1.089913269598958,-0.656171522723065,2250,24,"[459, 483, 466, 468, 374]","[5, 5, 5, 5, 4]",False,False,False,False,False,0.007071067811865475,0.007011181513337404,24,24,24,0,0.0,{},0.788270311357032,0.7269093573493214,0.0,False,True,False,False,True,False,0.0,8.314413625163022,-6.185801201860621,8.314413625163022,93.75,1.1344602856702877,0.013674401629557244,False,1.2340540420612116,False,0.027430555555555514,False,False,0.008906108080106263,0.027430555555555514,False,False,-0.44541338298559197,0.6560210425035726,True,False,0.14719819306149387,0.2040090346069528,True,False,0.413232440018743,False,False,forward_only_adequate
974,sequential_evalue,martingale_evalue,True,ok,4.457698874309072,2.6046091429503755,8.837515315327487,0.05158096691767433,33.933051354698414,1.0,1.0,,,1.0,1.0,-1.2263904038467839,-0.6521601925483507,2193,24,"[458, 443, 467, 464, 361]","[5, 5, 5, 5, 4]",False,False,False,False,False,0.007071067811865475,0.006973097065531587,24,24,24,0,0.0,{},0.7732841619381741,0.7100578478530435,0.0,False,True,False,False,True,False,0.0,8.837515315327487,0.05158096691767433,8.837515315327487,91.375,1.1309211452765018,0.023002849780818728,False,1.2299591807999182,False,0.043055555555555514,False,False,0.026807610760477274,0.043055555555555514,False,False,3.078189496504812,0.002082624371875053,True,True,0.21708861100278404,0.10838874480839249,True,False,0.881966089974301,False,True,selection_limited
975,sequential_evalue,martingale_evalue,True,ok,0.3049628858946303,2.743845214035207,5.64593233974545,-3.812911050961495,34.381504482395975,1.0,1.0,,,1.0,1.0,-1.0400505129920006,-0.9675315249719505,2257,24,"[462, 489, 483, 449, 374]","[5, 5, 5, 5, 4]",False,False,False,False,False,0.007071067811865475,0.006991920438034177,24,24,24,0,0.0,{},0.7874592965556275,0.729743468565695,0.0,False,True,False,False,True,False,0.0,5.64593233974545,-3.8129110509614947,5.64593233974545,94.04166666666667,1.1656053110397864,0.02121115843512388,False,1.2586941669956493,False,0.024652777777777857,False,False,0.0012609123769443831,0.024652777777777857,False,False,0.06339405502648601,0.9494527211327373,True,False,0.13275827130043427,0.3684802897021682,True,False,0.4697671686576026,False,False,forward_only_adequate
976,sequential_evalue,martingale_evalue,True,ok,5.6753393309962386,3.3880319802113266,11.285463902017774,-0.18529749391676908,33.79987865169972,1.0,1.0,,,1.0,1.0,-1.3134622938666018,-0.519269610649326,2211,24,"[457, 462, 462, 457, 373]","[5, 5, 5, 5, 4]",False,False,False,False,False,0.007071067811865475,0.007029535749372197,24,24,24,0,0.0,{},0.7716784429816261,0.7364764771849125,0.0,False,True,False,False,True,False,0.0,11.285463902017774,-0.18529749391676908,11.285463902017774,92.125,1.1402512047259923,0.011353534467956951,False,1.2575494130610079,False,0.03125,False,False,0.0352213342403636,0.03125,False,False,-0.5641248556154473,0.5726691634019185,True,False,0.12418845910139126,0.28043334933849245,True,False,0.29640970934399685,False,False,forward_only_adequate
977,sequential_evalue,martingale_evalue,True,ok,2.525107268622035,4.464120259180094,9.616386283612762,-5.049898734859588,33.32467042028705,1.0,1.0,,,1.0,1.0,-1.1123284889459017,-0.7882247545253536,2278,24,"[480, 483, 469, 465, 381]","[5, 5, 5, 5, 4]",False,False,False,False,False,0.007071067811865475,0.007004055561691508,24,24,24,0,0.0,{},0.8027510152635488,0.73525430410833,0.0,False,True,False,False,True,False,0.0,9.616386283612762,-5.049898734859588,9.616386283612762,94.91666666666667,1.136990114867992,0.02813460608058149,False,1.3300036395439667,False,0.012499999999999956,False,False,0.013803533834494628,0.012499999999999956,False,False,-0.24391619365501788,0.8072957271852867,True,False,0.15478033742603228,0.020850195516807245,True,False,0.5141043971900122,False,False,forward_only_adequate
978,sequential_evalue,martingale_evalue,True,ok,4.531445508699711,4.171931704102343,11.295167731584751,-2.8102585064942893,34.484060541321554,1.0,1.0,,,1.0,1.0,-1.1649615064545251,-0.2866820735530986,2221,24,"[456, 470, 452, 472, 371]","[5, 5, 5, 5, 4]",False,False,False,False,False,0.007071067811865475,0.006929985832224438,24,24,24,0,0.0,{},0.7780248029101535,0.7146265092079832,0.0,False,True,False,False,True,False,0.0,11.29516773158475,-2.8102585064942893,11.29516773158475,92.54166666666667,1.1494482101901506,0.026608164204001118,False,1.3244575627689363,False,0.03749999999999998,False,False,0.026812575391330255,0.03749999999999998,False,False,-0.6248195998730232,0.5320894653326366,True,False,0.06520963251457444,0.33152552855634715,True,False,0.3175175357904031,False,False,forward_only_adequate
979,sequential_evalue,martingale_evalue,True,ok,-7.276799394393433,3.9982076138507887,0.5480563417320701,-13.768969931376272,33.205683255772946,0.8425568333362683,1.0,,,0.8425568333362683,1.0,0.1713141610649095,-1.3507185203952634,2208,24,"[457, 456, 469, 463, 363]","[5, 5, 5, 5, 4]",False,False,False,False,False,0.007071067811865475,0.007032603725711736,24,24,24,0,0.0,{},0.7747846421991105,0.7333024448890906,0.0,False,True,False,False,True,False,0.0,0.5480563417320701,-13.76896993137627,0.5480563417320701,92.0,1.1199341438114327,0.00590172929787927,False,1.2375227391743382,False,0.018750000000000044,False,False,0.0482093645710062,0.018750000000000044,False,False,-1.770670912233418,0.07661544223407826,True,False,0.16692436494154256,0.34326450035355793,True,False,-2.16244211568733,False,False,forward_only_adequate
980,sequential_evalue,martingale_evalue,True,ok,-6.888780833814661,3.311449683674374,-1.7694271973497555,-12.600887992544791,33.39615205561668,0.7257721813534339,1.0,,,0.7257721813534339,1.0,0.32051911319145554,-1.0765423375525196,2223,24,"[450, 465, 462, 472, 374]","[5, 5, 5, 5, 4]",False,False,False,False,False,0.007071067811865475,0.006934881695481586,24,24,24,0,0.0,{},0.780772903365748,0.6982504690106951,0.0,False,True,False,False,True,False,0.0,-1.7694271973497555,-12.600887992544791,-1.7694271973497555,92.625,1.1144731279709839,0.0024860930455839333,False,1.2674344507285595,False,0.025347222222222188,False,False,0.04545054143651489,0.025347222222222188,False,False,0.16218774937631142,0.8711580066558108,True,False,0.08099856444176574,0.4234672384566696,True,False,-0.3438162857318847,False,False,forward_only_adequate
981,sequential_evalue,martingale_evalue,True,ok,-0.781428105025527,2.7686131331546666,3.999612033799198,-5.460591860640069,34.19769490534592,1.0,1.0,,,1.0,1.0,-0.8442449789502029,-1.0156317057538689,2192,24,"[443, 457, 453, 465, 374]","[5, 5, 5, 5, 4]",False,False,False,False,False,0.007071067811865475,0.007028593014338172,24,24,24,0,0.0,{},0.7762984079622546,0.6957208222432171,0.0,False,True,False,False,True,False,0.0,3.9996120337991976,-5.460591860640069,3.9996120337991976,91.33333333333333,1.1485499529384717,0.014560099586524176,False,1.3421525704777155,False,0.025347222222222188,False,False,0.0036240352707058634,0.025347222222222188,False,False,-1.260517228488124,0.20748283682944857,True,False,0.15442508819503925,0.05856743782831829,True,False,0.3884423961842987,False,False,forward_only_adequate
982,sequential_evalue,martingale_evalue,True,ok,2.827582333905982,3.3622792090177183,9.386354652060021,-2.40642259281103,32.668530107664736,1.0,1.0,,,1.0,1.0,-1.1278108935797881,-0.5220620603252797,2232,24,"[479, 478, 453, 461, 361]","[5, 5, 5, 5, 4]",False,False,False,False,False,0.007071067811865475,0.006956313918329787,24,24,24,0,0.0,{},0.7844114328786908,0.7293672176721294,0.0,False,True,False,False,True,False,0.0,9.386354652060021,-2.40642259281103,9.386354652060021,93.0,1.095772116648126,0.002692498872356323,False,1.277227332663262,False,0.018055555555555602,False,False,0.016403742321563105,0.018055555555555602,False,False,-0.04351231648008258,0.9652931466941926,True,False,0.18594245145747748,0.14968628177767884,True,False,-0.6843660451780541,False,False,forward_only_adequate
983,sequential_evalue,martingale_evalue,True,ok,-3.1413242301173354,3.9566126608392342,2.9277990897992807,-10.098010088599178,34.840486023309424,1.0,1.0,,,1.0,1.0,-0.4766312702784574,-1.0750082275159267,2199,24,"[454, 466, 460, 458, 361]","[5, 5, 5, 5, 4]",False,False,False,False,False,0.007071067811865475,0.006853961531719684,24,24,24,0,0.0,{},0.7786551264986714,0.7113497643001624,0.0,False,True,False,False,True,False,0.0,2.9277990897992807,-10.098010088599178,2.9277990897992807,91.625,1.1428858756559344,0.015712350726292325,False,1.281107514466598,False,0.027430555555555514,False,False,0.01764276005936283,0.027430555555555514,False,False,-1.1013039045629027,0.27076441238713045,True,False,0.18928982155129853,0.17173047626905805,True,False,0.38010302822705805,False,False,forward_only_adequate
984,sequential_evalue,martingale_evalue,True,ok,0.09726909122406724,3.1762983198742076,5.051134087751647,-5.061371485332927,32.67680379833233,1.0,1.0,,,1.0,1.0,-0.8047820738580125,-0.7717146853149575,2226,24,"[471, 469, 467, 451, 368]","[5, 5, 5, 5, 4]",False,False,False,False,False,0.007071067811865475,0.007070565382557858,24,24,24,0,0.0,{},0.7812180668728174,0.6765999464553523,0.0,False,True,False,False,True,False,0.0,5.051134087751647,-5.061371485332927,5.051134087751647,92.75,1.1125529165634673,0.028530152062509015,False,1.1882091218243427,False,0.030902777777777835,False,False,0.00038301865453912456,0.030902777777777835,False,False,-0.19659938891411946,0.8441410488544117,True,False,0.12026148051098776,0.30220529960870424,True,False,0.0036441314157969664,False,False,forward_only_adequate
985,sequential_evalue,martingale_evalue,True,ok,3.964512348203568,2.9009004688721296,8.793491887611012,-0.8364391308799433,32.671760747834924,1.0,1.0,,,1.0,1.0,-1.0790736496497,-0.3215010815024092,2217,24,"[470, 452, 468, 456, 371]","[5, 5, 5, 5, 4]",False,False,False,False,False,0.007071067811865475,0.007045577896854772,24,24,24,0,0.0,{},0.7691251833633326,0.7242553199448469,0.0,False,True,False,False,True,False,0.0,8.793491887611012,-0.8364391308799433,8.793491887611012,92.375,1.1062069712580238,0.04121905708285373,False,1.2982386640317198,False,0.007986111111111138,False,False,0.02399506817143931,0.007986111111111138,False,False,0.4997590148224134,0.6172447727242221,True,False,0.21132826391133416,0.002619073443847939,True,False,-0.6897901889853113,False,False,forward_only_adequate
986,sequential_evalue,martingale_evalue,True,ok,2.894795787205163,3.4480960777004728,8.743930213639684,-2.9271197058372933,33.62352508591624,1.0,1.0,,,1.0,1.0,-1.1075061294585322,-0.5717351951259618,2237,24,"[473, 447, 465, 474, 378]","[5, 5, 5, 5, 4]",False,False,False,False,False,0.007071067811865475,0.0069015708468546134,24,24,24,0,0.0,{},0.7754862387110755,0.7120687107050843,0.0,False,True,False,False,True,False,0.0,8.743930213639684,-2.9271197058372933,8.743930213639684,93.20833333333333,1.1201819461473357,0.019820788605652624,False,1.330877879871748,False,0.02013888888888893,False,False,0.016431379870024538,0.02013888888888893,False,False,-0.41021851116899044,0.6816456629462959,True,False,0.12016292453497447,0.32480648029876963,True,False,-0.3418035396141796,False,False,forward_only_adequate
987,sequential_evalue,martingale_evalue,True,ok,-9.53534216516618,4.317553260243993,-1.8227398814702838,-16.66037043308374,34.757280652645186,0.48639306020313544,1.0,,,0.48639306020313544,1.0,0.7207382161064388,-1.4385316362691831,2219,24,"[464, 457, 479, 452, 367]","[5, 5, 5, 5, 4]",False,False,False,False,False,0.007071067811865475,0.007055658832699472,24,24,24,0,0.0,{},0.7729526643726763,0.6731456489459906,0.0,False,True,False,False,True,False,0.0,-1.8227398814702838,-16.66037043308374,-1.8227398814702838,92.45833333333333,1.1790341874933488,0.03276322078827631,False,1.288358569153212,False,0.019444444444444375,False,False,0.062470835524990415,0.019444444444444375,False,False,-0.27480756005834533,0.7834640895593776,True,False,0.14028247904577845,0.10603380390254896,True,False,-0.34238103517253454,False,False,forward_only_adequate
988,sequential_evalue,martingale_evalue,True,ok,3.6935269526013883,3.8433980182293346,10.246233493592905,-3.0204388701156066,33.626298696213674,1.0,1.0,,,1.0,1.0,-1.1974842088001931,-0.5510942780698702,2225,24,"[458, 473, 474, 449, 371]","[5, 5, 5, 5, 4]",False,False,False,False,False,0.007071067811865475,0.006964847470487324,24,24,24,0,0.0,{},0.7828091970702256,0.7051319908470733,0.0,False,True,False,False,True,False,0.0,10.246233493592905,-3.0204388701156066,10.246233493592905,92.70833333333333,1.1275091303806029,0.008554244485277689,False,1.292795957359395,False,0.017013888888888884,False,False,0.02161598852605774,0.017013888888888884,False,False,-0.01851389636131917,0.9852288917727252,True,False,0.08487792273733534,0.16648378523135562,True,False,0.49174032029221226,False,False,forward_only_adequate
989,sequential_evalue,martingale_evalue,True,ok,-0.1082086666651012,3.116916336531407,5.582134495650171,-4.9851287456011875,33.193868205796086,1.0,1.0,,,1.0,1.0,-0.7807907082081122,-0.9057525035547431,2232,24,"[463, 481, 462, 469, 357]","[5, 5, 5, 5, 4]",False,False,False,False,False,0.007071067811865475,0.007006226459891801,24,24,24,0,0.0,{},0.7800594893692239,0.715112289639539,0.0,False,True,False,False,True,False,0.0,5.582134495650171,-4.9851287456011875,5.582134495650171,93.0,1.1213818296042661,0.029114041124637016,False,1.2970302669463518,False,0.01388888888888895,False,False,0.00042609182236706954,0.01388888888888895,False,False,-1.490687152153002,0.13604365078082414,True,False,0.2067898054643909,0.0546597622965534,True,False,-0.8807593513154487,False,False,forward_only_adequate
990,sequential_evalue,martingale_evalue,True,ok,-5.785784137212218,4.472766792253362,1.2744866220691673,-13.452457514788884,34.53571919939516,1.0,1.0,,,1.0,1.0,-0.0012765141622077536,-1.028923723219613,2205,24,"[453, 465, 453, 468, 366]","[5, 5, 5, 5, 4]",False,False,False,False,False,0.007071067811865475,0.0069570401084776265,24,24,24,0,0.0,{},0.7850473982908693,0.6764882876916611,0.0,False,True,False,False,True,False,0.0,1.2744866220691673,-13.452457514788884,1.2744866220691673,91.875,1.151494033661372,0.026664653924668314,False,1.2875652939061057,False,0.019791666666666652,False,False,0.03561473906345483,0.019791666666666652,False,False,0.5757012525077072,0.56481712861237,True,False,0.1447796397522263,0.0742494033874636,True,False,-1.1452312282140136,False,False,forward_only_adequate
991,sequential_evalue,martingale_evalue,True,ok,8.629249768183453,3.5531199077785542,14.993760178073076,2.5632254147432816,33.77616441900393,1.0,0.4985625748458005,,,1.0,0.4985625748458005,-1.340811113087159,0.6960261711875948,2215,24,"[483, 458, 447, 472, 355]","[5, 5, 5, 5, 4]",False,False,False,False,False,0.007071067811865475,0.006905415283304945,24,24,24,0,0.0,{},0.7717730556051012,0.7014444269637884,0.0,False,True,False,False,True,False,0.0,14.993760178073076,2.5632254147432816,14.993760178073076,92.29166666666667,1.1203439686235068,0.04491006703762534,False,1.2328883536402373,False,0.014930555555555558,False,False,0.058959486948440824,0.014930555555555558,False,False,3.001555977959158,0.0026860364912948817,True,True,0.18548414811175035,0.07331300019518949,True,False,2.039709814658802,False,True,selection_limited
992,sequential_evalue,martingale_evalue,True,ok,-2.8250047213146607,3.5579131347817614,2.2775320184458816,-9.724445421228621,34.06459290680425,1.0,1.0,,,1.0,1.0,-0.7559091137076468,-1.1025359878794094,2184,24,"[464, 464, 460, 447, 349]","[5, 5, 5, 5, 4]",False,False,False,False,False,0.007071067811865475,0.007023023625695003,24,24,24,0,0.0,{},0.7646508277874946,0.6570296800303254,0.0,False,True,False,False,True,False,0.0,2.2775320184458816,-9.724445421228621,2.2775320184458816,91.0,1.1410850963574115,0.0044599063968466125,False,1.2565083038289369,False,0.010069444444444464,False,False,0.015639295443664283,0.010069444444444464,False,False,2.3147513038513927,0.02062654630369822,True,False,0.26825309857507545,0.041793188155611526,True,False,0.25583529986819464,False,False,forward_only_adequate
993,sequential_evalue,martingale_evalue,True,ok,1.610001546656309,3.514529163975028,7.5035593127679405,-3.8521359675608515,34.309187558372976,1.0,1.0,,,1.0,1.0,-0.8533441700551314,-0.5772619625112662,2233,24,"[465, 458, 459, 472, 379]","[5, 5, 5, 5, 4]",False,False,False,False,False,0.007071067811865475,0.006947684003075007,24,24,24,0,0.0,{},0.7741886221600498,0.7117176559059355,0.0,False,True,False,False,True,False,0.0,7.5035593127679405,-3.8521359675608515,7.5035593127679405,93.04166666666667,1.149633039568889,0.00782036590967086,False,1.2771655107571025,False,0.021527777777777812,False,False,0.008158014518746813,0.021527777777777812,False,False,1.0273347751783928,0.30426285285331145,True,False,0.1156579410089622,0.07063262680822699,True,False,0.9399111532207088,False,False,forward_only_adequate
994,sequential_evalue,martingale_evalue,True,ok,-1.2209218697835251,3.3794549806637164,4.456734405739586,-6.6799773676559155,32.270777017523024,1.0,1.0,,,1.0,1.0,-0.684949249559765,-0.8259708485312682,2267,24,"[463, 465, 471, 480, 388]","[5, 5, 5, 5, 4]",False,False,False,False,False,0.007071067811865475,0.006995028384226984,24,24,24,0,0.0,{},0.7986220895156444,0.7347211391983774,0.0,False,True,False,False,True,False,0.0,4.456734405739586,-6.6799773676559155,4.456734405739586,94.45833333333333,1.0969555938450597,0.022621305375294002,False,1.273217186221577,False,0.011805555555555514,False,False,0.006292180622827229,0.011805555555555514,False,False,0.03328568329924887,0.9734467705065696,True,False,0.18767061932722454,0.23921816904244597,True,False,0.7292776599249422,False,False,forward_only_adequate
995,sequential_evalue,martingale_evalue,True,ok,1.4998222910640513,3.1108524140311946,6.445001179055574,-3.9106794267119804,33.17674334432332,1.0,1.0,,,1.0,1.0,-1.0134510690763907,-0.7736425306476895,2183,24,"[462, 454, 451, 456, 360]","[5, 5, 5, 5, 4]",False,False,False,False,False,0.007071067811865475,0.006984530479796858,24,24,24,0,0.0,{},0.7597800347042338,0.6724012994845129,0.0,False,True,False,False,True,False,0.0,6.445001179055574,-3.910679426711981,6.445001179055574,90.95833333333333,1.1049998557580625,0.0009607719189601066,False,1.2662927321894564,False,0.02673611111111107,False,False,0.007873798611358743,0.02673611111111107,False,False,2.5496059730740406,0.010784472943873837,True,False,0.2611753495572867,0.010032308279018987,True,False,1.451721426389778,False,False,forward_only_adequate
996,sequential_evalue,martingale_evalue,True,ok,0.13816344163706637,3.2787179006138074,6.0127284872642335,-5.00323317463854,32.3927514912328,1.0,1.0,,,1.0,1.0,-0.8886306075847017,-0.6204538280063695,2216,24,"[462, 463, 455, 468, 368]","[5, 5, 5, 5, 4]",False,False,False,False,False,0.007071067811865475,0.0070514908155475,24,24,24,0,0.0,{},0.7844944116703145,0.6973621284211552,0.0,False,True,False,False,True,False,0.0,6.0127284872642335,-5.00323317463854,6.0127284872642335,92.33333333333333,1.0974330757009434,0.006061820470486847,False,1.2707131105559593,False,0.025694444444444353,False,False,0.0005682323463301331,0.025694444444444353,False,False,-0.11993091950363798,0.904537871020866,True,False,0.16950651971315783,0.10709005955837296,True,False,0.4662397737750839,False,False,forward_only_adequate
997,sequential_evalue,martingale_evalue,True,ok,-3.005599833490189,4.311989210714672,4.486485027868174,-9.605543281633242,34.99126655193854,1.0,1.0,,,1.0,1.0,-0.4296871288849329,-1.0033090609960107,2212,24,"[465, 454, 471, 460, 362]","[5, 5, 5, 5, 4]",False,False,False,False,False,0.007071067811865475,0.007003365376858047,24,24,24,0,0.0,{},0.7855220269532351,0.6695861938478277,0.0,False,True,False,False,True,False,0.0,4.486485027868174,-9.605543281633242,4.486485027868174,92.16666666666667,1.1763143421623596,0.023214254644651353,False,1.2968970629687127,False,0.009722222222222299,False,False,0.016218197986598622,0.009722222222222299,False,False,2.2549628901899266,0.024135658202310034,True,False,0.2524076941459733,0.05455178773908403,True,False,-0.10712645746681392,False,False,forward_only_adequate
998,sequential_evalue,martingale_evalue,True,ok,-1.8896590207393942,3.876081347408361,5.197471260335694,-8.47320386716445,33.87747338120894,0.8052692246932902,1.0,,,0.8052692246932902,1.0,0.21657861686358654,-0.9023597846969416,2209,24,"[453, 467, 466, 457, 366]","[5, 5, 5, 5, 4]",False,False,False,False,False,0.007071067811865475,0.0069095751794060415,24,24,24,0,0.0,{},0.7755860638118677,0.6866725355854014,0.0,False,True,False,False,True,False,0.0,5.197471260335694,-8.47320386716445,5.197471260335694,92.04166666666667,1.1228573874983538,0.012313565977173311,False,1.3075003754127936,False,0.053472222222222254,False,False,0.010052122278941951,0.053472222222222254,False,False,-0.0009672966878207278,0.9992282090274281,True,False,0.13039653330640388,0.21460157853840298,True,False,0.3434679457011806,False,False,forward_only_adequate
999,sequential_evalue,martingale_evalue,True,ok,-5.555513236004603,3.8847798065330843,1.390649493212437,-11.935537976469547,33.15049076703314,1.0,1.0,,,1.0,1.0,-0.10267428703165338,-1.187027411074789,2205,24,"[454, 473, 452, 466, 360]","[5, 5, 5, 5, 4]",False,False,False,False,False,0.007071067811865475,0.006969911471048862,24,24,24,0,0.0,{},0.7705672600192304,0.7130027623089948,0.0,False,True,False,False,True,False,0.0,1.390649493212437,-11.935537976469547,1.390649493212437,91.875,1.107352535682071,0.0033952435878925615,False,1.261150417722431,False,0.023958333333333304,False,False,0.035551034946534804,0.023958333333333304,False,False,-0.9627199852540046,0.3356880645451369,True,False,0.10996423855520945,0.15157843097617915,True,False,-1.3858641333476653,False,False,forward_only_adequate
1000,sequential_evalue,martingale_evalue,True,ok,-5.780949114853027,3.9266114937587253,0.863803292281597,-12.161153981858492,34.3854620281885,1.0,1.0,,,1.0,1.0,-0.1719497969438455,-1.3073106910798864,2252,24,"[471, 473, 457, 479, 372]","[5, 5, 5, 5, 4]",False,False,False,False,False,0.007071067811865475,0.006982389609460554,24,24,24,0,0.0,{},0.7941570363521997,0.7007587586937867,0.0,False,True,False,False,True,False,0.0,0.863803292281597,-12.161153981858492,0.863803292281597,93.83333333333333,1.1628602333382914,0.00827830010439754,False,1.3205212085980695,False,0.025000000000000022,False,False,0.03517190058131333,0.025000000000000022,False,False,0.8507675418626748,0.3948984953840119,True,False,0.08853652331829728,0.3765567478460401,True,False,-1.1596390383114628,False,False,forward_only_adequate
1001,sequential_evalue,martingale_evalue,True,ok,5.445116167445648,3.187628563329267,10.829675605047465,0.06688466936288595,34.18989582493044,1.0,1.0,,,1.0,1.0,-1.0975683870400883,-0.2271157228582491,2224,24,"[468, 476, 455, 466, 359]","[5, 5, 5, 5, 4]",False,False,False,False,False,0.007071067811865475,0.006966556217246347,24,24,24,0,0.0,{},0.7734642045395603,0.713131093674057,0.0,False,True,False,False,True,False,0.0,10.829675605047465,0.06688466936288595,10.829675605047465,92.66666666666667,1.146430412482673,0.0001885480803921277,False,1.2707724040507162,False,0.027083333333333348,False,False,0.03333920787919782,0.027083333333333348,False,False,0.771710298277154,0.44028602992229016,True,False,0.19448962896747884,0.01006953172153953,True,False,1.8997295951519635,False,False,forward_only_adequate
1002,sequential_evalue,martingale_evalue,True,ok,2.6046527408543283,3.729001669269191,8.611279312654169,-4.629296142207792,34.66779693195519,1.0,1.0,,,1.0,1.0,-1.0622368917724565,-0.5900473364858939,2220,24,"[459, 466, 475, 453, 367]","[5, 5, 5, 5, 4]",False,False,False,False,False,0.007071067811865475,0.006980407408613238,24,24,24,0,0.0,{},0.7763787417534014,0.7247212754981581,0.0,False,True,False,False,True,False,0.0,8.611279312654169,-4.629296142207792,8.611279312654169,92.5,1.1637183579783463,0.0035945476469263454,False,1.2529594478622743,False,0.018750000000000044,False,False,0.013927349492067052,0.018750000000000044,False,False,0.2735938533140583,0.7843967581763984,True,False,0.05910963688560911,0.5346992524800228,True,False,-0.061254260799745996,False,False,forward_only_adequate
1003,sequential_evalue,martingale_evalue,True,ok,1.8335114849518275,2.876600505206091,7.0640535413573415,-2.6026591989891017,34.1089771586771,1.0,1.0,,,1.0,1.0,-1.0518448125863349,-0.8798875152507599,2224,24,"[462, 473, 464, 458, 367]","[5, 5, 5, 5, 4]",False,False,False,False,False,0.007071067811865475,0.007001117139317382,24,24,24,0,0.0,{},0.7777785591011828,0.7276499065721316,0.0,False,True,False,False,True,False,0.0,7.0640535413573415,-2.6026591989891017,7.0640535413573415,92.66666666666667,1.1493910611034317,0.004905599270225938,False,1.2464223745298701,False,0.02847222222222212,False,False,0.009458022647918393,0.02847222222222212,False,False,0.9750799061225827,0.32952062507540636,True,False,0.2052489233392059,0.06445178207254358,True,False,-0.03006140865288989,False,False,forward_only_adequate
1004,sequential_evalue,martingale_evalue,True,ok,-0.70310114027939,3.4662654261632095,6.193332163587571,-6.098338784815239,35.191120849022276,1.0,1.0,,,1.0,1.0,-0.7464086649478663,-0.8305940842817298,2232,24,"[449, 462, 468, 469, 384]","[5, 5, 5, 5, 4]",False,False,False,False,False,0.007071067811865475,0.0069633178918597355,24,24,24,0,0.0,{},0.7757630058713298,0.7273123138840784,0.0,False,True,False,False,True,False,0.0,6.193332163587571,-6.098338784815238,6.193332163587571,93.0,1.181573658097446,0.003050117219139528,False,1.2626405931162439,False,0.02256944444444442,False,False,0.003121883962568919,0.02256944444444442,False,False,-1.0607319661591241,0.2888117283625228,True,False,0.1788261779987943,0.04748198715300796,True,False,0.7924533280281026,False,False,forward_only_adequate
1005,sequential_evalue,martingale_evalue,True,ok,-4.4169122450527665,3.5299212280667405,0.8413219171054189,-11.014977571738289,33.14094131955609,1.0,1.0,,,1.0,1.0,-0.4558729901216645,-1.21631451275308,2193,24,"[462, 462, 459, 459, 351]","[5, 5, 5, 5, 4]",False,False,False,False,False,0.007071067811865475,0.006992223673625211,24,24,24,0,0.0,{},0.7687663018820232,0.6872610254345063,0.0,False,True,False,False,True,False,0.0,0.8413219171054189,-11.01497757173829,0.8413219171054189,91.375,1.1075513008750646,0.0037326391440072122,False,1.299119042783286,False,0.011805555555555625,False,False,0.027175664990887707,0.011805555555555625,False,False,0.677636191352988,0.49800239317645645,True,False,0.14325320031429328,0.3266671599174099,True,False,-0.40534204055417067,False,False,forward_only_adequate
1006,sequential_evalue,martingale_evalue,True,ok,1.2082086787844537,3.340056467276913,8.041373792810536,-4.0460388427166585,31.9879507044744,1.0,1.0,,,1.0,1.0,-0.895107278020999,-0.5179247160260314,2228,24,"[472, 462, 467, 456, 371]","[5, 5, 5, 5, 4]",False,False,False,False,False,0.007071067811865475,0.0070049216276923945,24,24,24,0,0.0,{},0.7882562305407207,0.6879423547181622,0.0,False,True,False,False,True,False,0.0,8.041373792810536,-4.0460388427166585,8.041373792810536,92.83333333333333,1.079472729922717,0.01738319287746405,False,1.3343813747438817,False,0.01909722222222232,False,False,0.006332020171611243,0.01909722222222232,False,False,-0.7899639825215555,0.4295488031061978,True,False,0.14613030108591865,0.29040872522051553,True,False,-0.5217648020867037,False,False,forward_only_adequate
1007,sequential_evalue,martingale_evalue,True,ok,2.9943484352778307,3.2374026426893683,9.517090656183532,-1.7931882463982842,34.88566759534133,1.0,1.0,,,1.0,1.0,-1.0745433758128475,-0.5268140278035234,2206,24,"[466, 459, 452, 468, 361]","[5, 5, 5, 5, 4]",False,False,False,False,False,0.007071067811865475,0.007042481824589271,24,24,24,0,0.0,{},0.7710307097754474,0.7386010327151333,0.0,False,True,False,False,True,False,0.0,9.517090656183532,-1.7931882463982844,9.517090656183532,91.91666666666667,1.1777141978619277,0.012540975966571803,False,1.26988264195007,False,0.031597222222222165,False,False,0.01612615997069265,0.031597222222222165,False,False,0.418562256689224,0.6755360784421744,True,False,0.3016540381410043,0.000841990878355617,True,False,1.5927176838482453,False,False,forward_only_adequate
1008,sequential_evalue,martingale_evalue,True,ok,1.7465769641470814,3.5321574396486763,7.300497685943239,-4.110489366113343,34.39565088390466,1.0,1.0,,,1.0,1.0,-0.7840376225627489,-0.5306875311760082,2260,24,"[464, 467, 466, 474, 389]","[5, 5, 5, 5, 4]",False,False,False,False,False,0.007071067811865475,0.0069631775659631245,24,24,24,0,0.0,{},0.7979733192282776,0.7160189435141197,0.0,False,True,False,False,True,False,0.0,7.300497685943239,-4.110489366113343,7.300497685943239,94.16666666666667,1.1620628177619627,0.018501076480707743,False,1.2380644140353108,False,0.03194444444444444,False,False,0.008839140628911828,0.03194444444444444,False,False,0.34851767856665267,0.7274514394863265,True,False,0.12812035039355357,0.19837716673685396,True,False,0.9819379473218923,False,False,forward_only_adequate
1009,sequential_evalue,martingale_evalue,True,ok,2.076935221178246,3.526783469911728,8.160419323705652,-3.5195292381199446,32.71978351901856,1.0,1.0,,,1.0,1.0,-1.0354913845875093,-0.6824845999297503,2221,24,"[482, 458, 456, 471, 354]","[5, 5, 5, 5, 4]",False,False,False,False,False,0.007071067811865475,0.006976998584746757,24,24,24,0,0.0,{},0.7696695788455377,0.7104460253849734,0.0,False,True,False,False,True,False,0.0,8.160419323705652,-3.519529238119945,8.160419323705652,92.54166666666667,1.0980388828460776,0.02390958423925389,False,1.2911689182666022,False,0.02187500000000009,False,False,0.011485572291047052,0.02187500000000009,False,False,0.6504081795326845,0.5154285951791655,True,False,0.12346032454445754,0.12288098665136317,True,False,1.4407241950147183,False,False,forward_only_adequate
1010,sequential_evalue,martingale_evalue,True,ok,-5.899428861072699,3.866099454002762,0.6588417800132849,-11.680331854082228,33.60723207719756,0.7081220848501066,1.0,,,0.7081220848501066,1.0,0.34513876392487075,-1.1299162324400582,2200,24,"[451, 454, 462, 466, 367]","[5, 5, 5, 5, 4]",False,False,False,False,False,0.007071067811865475,0.006949997632651315,24,24,24,0,0.0,{},0.7640127650472279,0.6970242833502281,0.0,False,True,False,False,True,False,0.0,0.6588417800132849,-11.680331854082228,0.6588417800132849,91.66666666666667,1.1181321256413344,0.0014317491676999869,False,1.3112710952010385,False,0.015972222222222165,False,False,0.037718554546792564,0.015972222222222165,False,False,-1.0879672016409663,0.276609587021276,True,False,0.1975128128322876,0.06562321296788005,True,False,-1.3532040574265536,False,False,forward_only_adequate
1011,sequential_evalue,martingale_evalue,True,ok,-0.07768630331281923,3.5102312817497117,5.644225457209111,-5.897745020434717,32.559582390576324,1.0,1.0,,,1.0,1.0,-0.939469547841765,-0.882103067864822,2230,24,"[459, 472, 472, 459, 368]","[5, 5, 5, 5, 4]",False,False,False,False,False,0.007071067811865475,0.007038436595616464,24,24,24,0,0.0,{},0.7780975221283561,0.7194118742684181,0.0,False,True,False,False,True,False,0.0,5.644225457209111,-5.897745020434717,5.644225457209111,92.91666666666667,1.1045155734099024,0.014313788296935913,False,1.2990144300326838,False,0.033333333333333326,False,False,0.00030294391743738606,0.033333333333333326,False,False,-0.5194196870176716,0.6034681055630693,True,False,0.18867043460139712,0.016019626360871668,True,False,-0.4081611441567324,False,False,forward_only_adequate
1012,sequential_evalue,martingale_evalue,True,ok,-1.4364708004224642,4.418231326558779,5.165665482230436,-10.011921736811807,33.59871595912421,1.0,1.0,,,1.0,1.0,-0.8751936301894634,-0.9720471660090765,2202,24,"[478, 445, 458, 463, 358]","[5, 5, 5, 5, 4]",False,False,False,False,False,0.007071067811865475,0.0069762790575255825,24,24,24,0,0.0,{},0.7804589077732926,0.6976576727600975,0.0,False,True,False,False,True,False,0.0,5.165665482230436,-10.011921736811807,5.165665482230436,91.75,1.1225858547171172,0.014756564841152273,False,1.2719518176402185,False,0.022916666666666696,False,False,0.007365560044420374,0.022916666666666696,False,False,1.7917056389610568,0.07318013079049723,True,False,0.15542326159634706,0.2012384482582906,True,False,-1.5474085718398505,False,False,forward_only_adequate
1013,sequential_evalue,martingale_evalue,True,ok,6.40302335769458,3.574316365610665,12.824133358203351,0.23660962904982696,34.25504158372725,1.0,0.9377257529392966,,,1.0,0.9377257529392966,-1.321088058960824,0.06429774699074287,2221,24,"[460, 462, 492, 441, 366]","[5, 5, 5, 5, 4]",False,False,False,False,False,0.007071067811865475,0.007007878011225466,24,24,24,0,0.0,{},0.7828313539145071,0.6829175847496478,0.0,False,True,False,False,True,False,0.0,12.82413335820335,0.23660962904982696,12.82413335820335,92.54166666666667,1.1546482325697254,0.029996620019801672,False,1.2933420354038818,False,0.02083333333333337,False,False,0.039993068691672976,0.02083333333333337,False,False,0.6550843374143698,0.512413455694201,True,False,0.11294493287992621,0.20498633539690306,True,False,0.9460935597936184,False,False,forward_only_adequate
1014,sequential_evalue,martingale_evalue,True,ok,-0.15079087632019128,2.9781794944124345,5.267343754993318,-5.044904815212513,33.42103168585836,1.0,1.0,,,1.0,1.0,-0.9116175861129399,-0.9729209460719557,2228,24,"[469, 452, 461, 477, 369]","[5, 5, 5, 5, 4]",False,False,False,False,False,0.007071067811865475,0.007027080811823026,24,24,24,0,0.0,{},0.7810200280656706,0.7112884299065203,0.0,False,True,False,False,True,False,0.0,5.267343754993318,-5.044904815212513,5.267343754993318,92.83333333333333,1.1314015694978727,0.007233646095359226,False,1.307630129189487,False,0.018750000000000044,False,False,0.0006044520666459308,0.018750000000000044,False,False,1.8307250031409756,0.06714159918461736,True,False,0.13245452623606635,0.10286375533033582,True,False,0.9456083677712599,False,False,forward_only_adequate
1015,sequential_evalue,martingale_evalue,True,ok,1.3246946425919013,3.547302930115122,7.288823502174435,-5.302168594744872,33.45363895904986,1.0,1.0,,,1.0,1.0,-0.9964319338142869,-0.7492214295447862,2213,24,"[453, 461, 462, 451, 386]","[5, 5, 5, 5, 4]",False,False,False,False,False,0.007071067811865475,0.006953604998420987,24,24,24,0,0.0,{},0.7814234009607419,0.7086227599850967,0.0,False,True,False,False,True,False,0.0,7.288823502174435,-5.302168594744872,7.288823502174435,92.20833333333333,1.1168850373485162,0.019424876501628545,False,1.3017398379841196,False,0.032638888888888884,False,False,0.006760013262648328,0.032638888888888884,False,False,0.7056324153249426,0.48041676038909265,True,False,0.1245219903192318,0.15672988208940952,True,False,-0.8022291544921927,False,False,forward_only_adequate
1016,sequential_evalue,martingale_evalue,True,ok,2.7841468549364166,3.8349781210085507,9.631649618021552,-4.077273573094789,33.71342091321169,1.0,1.0,,,1.0,1.0,-0.7289853538958964,-0.3664849299319334,2231,24,"[465, 452, 471, 459, 384]","[5, 5, 5, 5, 4]",False,False,False,False,False,0.007071067811865475,0.007000901166209272,24,24,24,0,0.0,{},0.7755548146737918,0.7280226268378601,0.0,False,True,False,False,True,False,0.0,9.631649618021552,-4.077273573094789,9.631649618021552,92.95833333333333,1.137813122012418,0.024229978887780345,False,1.3023177943885125,False,0.02430555555555547,False,False,0.01543015701479649,0.02430555555555547,False,False,-0.6104139012680225,0.5415876618311846,True,False,0.19023894921933313,0.134285220819572,True,False,-0.14864792064223736,False,False,forward_only_adequate
1017,sequential_evalue,martingale_evalue,True,ok,4.2484486152800365,3.9473620295302627,10.517224599816164,-2.998055944659833,34.22482510877294,1.0,1.0,,,1.0,1.0,-1.2002421028129815,-0.08361583242174259,2208,24,"[457, 459, 469, 449, 374]","[5, 5, 5, 5, 4]",False,False,False,False,False,0.007071067811865475,0.006890218134791027,24,24,24,0,0.0,{},0.7671242074689293,0.6742046576255424,0.0,False,True,False,False,True,False,0.0,10.517224599816164,-2.9980559446598334,10.517224599816164,92.0,1.1309362553706752,0.002930863150321607,False,1.2920853336186613,False,0.0336805555555556,False,False,0.025346234978209405,0.0336805555555556,False,False,1.1551984806290492,0.2480091567851238,True,False,0.153942638839995,0.14652186507751008,True,False,0.6493508342361729,False,False,forward_only_adequate
1018,sequential_evalue,martingale_evalue,True,ok,1.32727372169557,3.313502088768025,6.538162671616751,-4.910243031220715,34.20082824624543,1.0,1.0,,,1.0,1.0,-0.8387339471182258,-0.6881929534443175,2202,24,"[459, 459, 458, 468, 358]","[5, 5, 5, 5, 4]",False,False,False,False,False,0.007071067811865475,0.006899205940398371,24,24,24,0,0.0,{},0.773076039827673,0.7210781222180622,0.0,False,True,False,False,True,False,0.0,6.5381626716167505,-4.910243031220715,6.5381626716167505,91.75,1.1300789180932995,0.029319853650799005,False,1.292002605903917,False,0.02777777777777779,False,False,0.006685647947620748,0.02777777777777779,False,False,0.6623516024020003,0.5077459130388579,True,False,0.12436709186615952,0.2027906922020216,True,False,0.42438568842836183,False,False,forward_only_adequate
1019,sequential_evalue,martingale_evalue,True,ok,1.6947717856040552,3.5129581898154463,7.696038249366186,-4.541430941196383,33.48198126543745,1.0,1.0,,,1.0,1.0,-1.0129900021842801,-0.8253336281572066,2177,24,"[439, 450, 466, 458, 364]","[5, 5, 5, 5, 4]",False,False,False,False,False,0.007071067811865475,0.006949037782154383,24,24,24,0,0.0,{},0.7603994201573897,0.6854450943311503,0.0,False,True,False,False,True,False,0.0,7.696038249366186,-4.541430941196383,7.696038249366186,90.70833333333333,1.1079736192874161,0.0012189630339850684,False,1.2855295136694576,False,0.029861111111111116,False,False,0.009017175866449297,0.029861111111111116,False,False,-0.5245242323293479,0.599913969993884,True,False,0.18148839008917858,0.25901384296241287,True,False,-0.9158693192673667,False,False,forward_only_adequate
1020,sequential_evalue,martingale_evalue,True,ok,2.478187663172561,2.3993806905972956,6.179834825355279,-1.6109176218290044,33.415471826968904,1.0,1.0,,,1.0,1.0,-1.0543484314883664,-0.6663449372690806,2225,24,"[459, 463, 478, 467, 358]","[5, 5, 5, 5, 4]",False,False,False,False,False,0.007071067811865475,0.007030756635258761,24,24,24,0,0.0,{},0.7775490787331565,0.6958830410974994,0.0,False,True,False,False,True,False,0.0,6.179834825355279,-1.6109176218290042,6.179834825355279,92.70833333333333,1.1310428386136406,0.0029495999675334074,False,1.2677038817614255,False,0.02673611111111107,False,False,0.013591173794676193,0.02673611111111107,False,False,2.513129992148197,0.011966523226832558,True,False,0.1644723658419196,0.058978436563858115,True,False,0.5724522906586548,False,False,forward_only_adequate
1021,sequential_evalue,martingale_evalue,True,ok,-6.010634468535312,3.805863892752707,0.024634978719996425,-13.459043753467054,35.421508718860345,1.0,1.0,,,1.0,1.0,-0.3397843244575677,-1.2619508324217972,2190,24,"[464, 474, 445, 451, 356]","[5, 5, 5, 5, 4]",False,False,False,False,False,0.007071067811865475,0.0070055061727870415,24,24,24,0,0.0,{},0.7631656589328591,0.663341638722804,0.0,False,True,False,False,True,False,0.0,0.024634978719996425,-13.459043753467052,0.024634978719996425,91.25,1.1852037481943591,0.00855576305643194,False,1.3227614392453533,False,0.044791666666666674,False,False,0.036004606121618,0.044791666666666674,False,False,-0.09308230666840393,0.9258381736359886,True,False,0.08177004975305957,0.3716717175544479,True,False,-0.7439205574252356,False,False,forward_only_adequate
1022,sequential_evalue,martingale_evalue,True,ok,-6.376973872256852,3.7981469128781495,0.18917037068910236,-12.3016274812821,34.49573134353715,1.0,1.0,,,1.0,1.0,-0.16104452493829013,-1.1634512059700448,2205,24,"[458, 444, 465, 472, 366]","[5, 5, 5, 5, 4]",False,False,False,False,False,0.007071067811865475,0.006862887968736997,24,24,24,0,0.0,{},0.7728993655704226,0.6803102403579009,0.0,False,True,False,False,True,False,0.0,0.18917037068910236,-12.301627481282102,0.18917037068910236,91.875,1.1345952124151721,0.02910102512582544,False,1.2958731645918677,False,0.041319444444444464,False,False,0.040631014845663234,0.041319444444444464,False,False,-0.0913939396816754,0.9271795770310332,True,False,0.09780548128802694,0.6305049420634876,True,False,-2.150016298863709,False,False,forward_only_adequate
1023,sequential_evalue,martingale_evalue,True,ok,0.7368382258537999,3.264855068887079,5.810875711724982,-5.252901758631927,34.32875966860285,1.0,1.0,,,1.0,1.0,-0.8048087266209243,-0.8702773703281812,2215,24,"[451, 470, 467, 453, 374]","[5, 5, 5, 5, 4]",False,False,False,False,False,0.007071067811865475,0.006906534372528026,24,24,24,0,0.0,{},0.7850635324514131,0.6810193511514344,0.0,False,True,False,False,True,False,0.0,5.810875711724982,-5.252901758631927,5.810875711724982,92.29166666666667,1.138857899472252,0.00770531399880185,False,1.2685773780588916,False,0.022222222222222254,False,False,0.0034265752042664135,0.022222222222222254,False,False,-0.9307639155549177,0.3519756992416193,True,False,0.18188710839053107,0.06941980663464865,True,False,0.2943960127449751,False,False,forward_only_adequate
1024,sequential_evalue,martingale_evalue,True,ok,6.69599516989848,3.361191486151549,13.048841053024212,1.1604456710886222,32.654928124572635,1.0,0.7478941928724122,,,1.0,0.7478941928724122,-1.1173971179876079,0.2904937643922606,2231,24,"[460, 460, 465, 484, 362]","[5, 5, 5, 5, 4]",False,False,False,False,False,0.007071067811865475,0.006850126066069519,24,24,24,0,0.0,{},0.7759709665193079,0.684259460222877,0.0,False,True,False,False,True,False,0.0,13.048841053024212,1.1604456710886222,13.048841053024212,92.95833333333333,1.0783542763055136,0.016751595874573293,False,1.2335701403543575,False,0.030208333333333393,False,False,0.04569585097120092,0.030208333333333393,False,False,1.0481350344097307,0.29457639689658344,True,False,0.19511926201549318,0.08328067237164347,True,False,2.065827499251113,False,False,forward_only_adequate
1025,sequential_evalue,martingale_evalue,True,ok,3.577860580802021,4.273016451642624,10.676311684912779,-4.066451195897732,35.16409548793562,1.0,1.0,,,1.0,1.0,-0.9208429132780251,-0.5682600379953919,2233,24,"[462, 474, 472, 467, 358]","[5, 5, 5, 5, 4]",False,False,False,False,False,0.007071067811865475,0.006961350985913204,24,24,24,0,0.0,{},0.7928713901576678,0.691829209495814,0.0,False,True,False,False,True,False,0.0,10.67631168491278,-4.066451195897732,10.67631168491278,93.04166666666667,1.1805971400576785,0.01626260476863073,False,1.3232290042918988,False,0.02604166666666663,False,False,0.019751526009271523,0.02604166666666663,False,False,0.9436381350452961,0.34535459772149324,True,False,0.06346434514545224,0.37019571293968595,True,False,0.5205836909538506,False,False,forward_only_adequate
1026,sequential_evalue,martingale_evalue,True,ok,2.4001183959254155,4.066829353184909,8.895476145245592,-4.833198636919228,34.736454337295655,1.0,1.0,,,1.0,1.0,-1.0008277532245413,-0.5586548722379168,2230,24,"[465, 470, 464, 447, 384]","[5, 5, 5, 5, 4]",False,False,False,False,False,0.007071067811865475,0.006885379823010402,24,24,24,0,0.0,{},0.7744603545579742,0.7369595314540167,0.0,False,True,False,False,True,False,0.0,8.895476145245592,-4.833198636919228,8.895476145245592,92.91666666666667,1.152736922794731,0.015522922801291176,False,1.3523864612877583,False,0.03125,False,False,0.012819178257047203,0.03125,False,False,1.0012321493883674,0.3167145870604291,True,False,0.1890102555902926,0.0856223670773826,True,False,1.300311539560662,False,False,forward_only_adequate
1027,sequential_evalue,martingale_evalue,True,ok,0.7826178694954979,3.285823958368935,6.265675356528969,-5.430775183108754,33.51618879312388,1.0,1.0,,,1.0,1.0,-0.9285109449617566,-0.8417438306196636,2203,24,"[453, 473, 443, 466, 368]","[5, 5, 5, 5, 4]",False,False,False,False,False,0.007071067811865475,0.006899773113536495,24,24,24,0,0.0,{},0.7693935798905098,0.6898137989275104,0.0,False,True,False,False,True,False,0.0,6.265675356528969,-5.430775183108754,6.265675356528969,91.79166666666667,1.1077992585443204,0.009785785940367418,False,1.268727751336424,False,0.023263888888888973,False,False,0.0037794386197187494,0.023263888888888973,False,False,-1.9892933745267782,0.04666883055943421,True,False,0.21430855129275386,0.03045009478807782,True,False,-0.6228072572989652,False,False,forward_only_adequate
1028,sequential_evalue,martingale_evalue,True,ok,5.445198664342089,3.7251334923781605,12.07407633261176,-0.6674748992009789,33.88198389529373,1.0,1.0,,,1.0,1.0,-1.2171970114469761,-0.15293213251720217,2255,24,"[457, 470, 472, 478, 378]","[5, 5, 5, 5, 4]",False,False,False,False,False,0.007071067811865475,0.007001287907805794,24,24,24,0,0.0,{},0.799951978374559,0.7076849570091449,0.0,False,True,False,False,True,False,0.0,12.07407633261176,-0.6674748992009789,12.07407633261176,93.95833333333333,1.1496997195159653,0.012148975853307533,False,1.2918015749967584,False,0.021874999999999978,False,False,0.03322868738061095,0.021874999999999978,False,False,-0.5090226400283496,0.6107363548865975,True,False,0.066901197754212,0.5330852976909607,True,False,-0.16211834617765017,False,False,forward_only_adequate
1029,sequential_evalue,martingale_evalue,True,ok,-0.5620862168879929,3.196523379094149,5.520841475186761,-5.678280962719957,34.33049308349078,1.0,1.0,,,1.0,1.0,-0.6128381811933404,-0.7657552875316477,2205,24,"[469, 447, 455, 456, 378]","[5, 5, 5, 5, 4]",False,False,False,False,False,0.007071067811865475,0.007042065692044038,24,24,24,0,0.0,{},0.7850452723256376,0.6855267085002587,0.0,False,True,False,False,True,False,0.0,5.520841475186761,-5.678280962719957,5.520841475186761,91.875,1.1586407362294984,0.005556179466851293,False,1.2827563962977824,False,0.021874999999999978,False,False,0.0024888345136396305,0.021874999999999978,False,False,1.3318305355275601,0.18291588142404014,True,False,0.199885099753915,0.016518347012654422,True,False,0.4697117067118338,False,False,forward_only_adequate
1030,sequential_evalue,martingale_evalue,True,ok,-4.9157091324407,4.297166710893149,2.4588312765280005,-11.868956029783906,34.098050813779125,1.0,1.0,,,1.0,1.0,-0.14086542182259676,-0.852441138576907,2231,24,"[472, 463, 453, 462, 381]","[5, 5, 5, 5, 4]",False,False,False,False,False,0.007071067811865475,0.006982822954223715,24,24,24,0,0.0,{},0.7737707534068827,0.7362617014939175,0.0,False,True,False,False,True,False,0.0,2.4588312765280005,-11.868956029783908,2.4588312765280005,92.95833333333333,1.1478225513841174,0.004251558811913731,False,1.3297051706016325,False,0.020486111111111094,False,False,0.029534829964124914,0.020486111111111094,False,False,-0.6957010591602962,0.48661606209811314,True,False,0.13159617684195404,0.36969742618631696,True,False,-1.1924904890999142,False,False,forward_only_adequate
1031,sequential_evalue,martingale_evalue,True,ok,-2.3115300371664205,2.639580484563553,2.4234048625597078,-6.470587664019703,33.06701354036527,1.0,1.0,,,1.0,1.0,-0.6059247880507314,-0.7358062473832804,2215,24,"[449, 472, 458, 461, 375]","[5, 5, 5, 5, 4]",False,False,False,False,False,0.007071067811865475,0.0070368893862260366,24,24,24,0,0.0,{},0.7715382359113947,0.7024999631747532,0.0,False,True,False,False,True,False,0.0,2.4234048625597078,-6.470587664019703,2.4234048625597078,92.29166666666667,1.1177043632774213,0.004257050302887052,False,1.2905973580021584,False,0.03437499999999993,False,False,0.01272049244806611,0.03437499999999993,False,False,-1.7231871537977137,0.08485468604866091,True,False,0.1447122237403917,0.11417979639685936,True,False,-0.5496579536289659,False,False,forward_only_adequate
1032,sequential_evalue,martingale_evalue,True,ok,4.694013304115516,4.561642974061738,12.195226865191522,-3.62923003516289,34.12704819034198,1.0,0.3047503296918506,,,1.0,0.3047503296918506,-0.8466237915098812,1.188262428777697,2232,24,"[472, 460, 458, 464, 378]","[5, 5, 5, 5, 4]",False,False,False,False,False,0.007071067811865475,0.006993746112747133,24,24,24,0,0.0,{},0.7762179537856759,0.7050469535060635,0.0,False,True,False,False,True,False,0.0,12.195226865191522,-3.6292300351628897,12.195226865191522,93.0,1.1508535635441848,0.01192012903986019,False,1.3112143963844498,False,0.013194444444444509,False,False,0.02789858229094859,0.013194444444444509,False,False,-0.25283218590579637,0.8003978947894572,True,False,0.040183486645492525,0.6059425084364894,True,False,0.07648882139335084,False,False,forward_only_adequate
1033,sequential_evalue,martingale_evalue,True,ok,1.9507074612590911,3.714898206565137,8.727209153675979,-3.7403070146945314,32.33526988069086,1.0,1.0,,,1.0,1.0,-1.028934642716998,-0.6121393895566529,2244,24,"[471, 459, 476, 452, 386]","[5, 5, 5, 5, 4]",False,False,False,False,False,0.007071067811865475,0.007007285595486037,24,24,24,0,0.0,{},0.781537202556207,0.7094937211944203,0.0,False,True,False,False,True,False,0.0,8.727209153675979,-3.7403070146945314,8.727209153675979,93.5,1.0954741103162844,0.01225284124095645,False,1.2170953174867023,False,0.02083333333333326,False,False,0.010720672792379926,0.02083333333333326,False,False,-0.4288810539126223,0.6680097886877054,True,False,0.18500434977424735,0.119961379614339,True,False,-0.2632661230553343,False,False,forward_only_adequate
1034,sequential_evalue,martingale_evalue,True,ok,0.6801292351238096,3.3367152591232254,6.291099471824683,-4.893228432971228,33.12487702677938,1.0,1.0,,,1.0,1.0,-0.9751530984765385,-0.8955502926614429,2224,24,"[461, 473, 465, 461, 364]","[5, 5, 5, 5, 4]",False,False,False,False,False,0.007071067811865475,0.007055338596248728,24,24,24,0,0.0,{},0.784305643036153,0.7005823556833387,0.0,False,True,False,False,True,False,0.0,6.291099471824683,-4.893228432971228,6.291099471824683,92.66666666666667,1.1248740826077173,0.0077484912751138325,False,1.309873599443983,False,0.018402777777777768,False,False,0.0031777766393679264,0.018402777777777768,False,False,0.36995605154279276,0.7114152365128773,True,False,0.14774449078467927,0.17173132498752386,True,False,1.2285096906466948,False,False,forward_only_adequate
1035,sequential_evalue,martingale_evalue,True,ok,2.6197301645184896,2.8379800748427044,7.349321981282962,-2.981543457107666,34.72514607101707,1.0,1.0,,,1.0,1.0,-1.206562532122364,-0.8432785443786424,2213,24,"[467, 455, 476, 450, 365]","[5, 5, 5, 5, 4]",False,False,False,False,False,0.007071067811865475,0.007061491271452446,24,24,24,0,0.0,{},0.7822456742532569,0.6759225151728776,0.0,False,True,False,False,True,False,0.0,7.349321981282962,-2.981543457107666,7.349321981282962,92.20833333333333,1.1773229184848846,0.006301045327172262,False,1.2372941040996326,False,0.02083333333333326,False,False,0.013834130098889823,0.02083333333333326,False,False,1.2384651338924637,0.21554364243850088,True,False,0.22164268500038953,0.13320742517626832,True,False,0.3484491726509635,False,False,forward_only_adequate
1036,sequential_evalue,martingale_evalue,True,ok,-1.8679410711646878,2.976820586019494,3.168473860718797,-7.147485521760743,33.009305427832444,1.0,1.0,,,1.0,1.0,-0.43336477969053355,-0.910753341335457,2213,24,"[449, 448, 469, 465, 382]","[5, 5, 5, 5, 4]",False,False,False,False,False,0.007071067811865475,0.007009306602452344,24,24,24,0,0.0,{},0.7699313715060856,0.6452346232845804,0.0,False,True,False,False,True,False,0.0,3.1684738607187968,-7.147485521760743,3.1684738607187968,92.20833333333333,1.1108784295882983,0.004987846142305803,False,1.285450956953119,False,0.02256944444444442,False,False,0.010042577197239305,0.02256944444444442,False,False,-3.6251358114045837,0.00028880963527570683,True,True,0.2090890207139527,0.09469810619383916,True,False,-1.4675040475978174,False,True,selection_limited
1037,sequential_evalue,martingale_evalue,True,ok,-6.816030603771071,2.863641867477876,-1.7409239328792925,-11.641752735093696,34.14073303863347,1.0,1.0,,,1.0,1.0,-0.3258476322043742,-1.3890576563271941,2187,24,"[468, 455, 452, 438, 374]","[5, 5, 5, 5, 4]",False,False,False,False,False,0.007071067811865475,0.007086064445599577,24,24,24,0,0.0,{},0.7584627879160961,0.681217025649337,0.0,False,True,False,False,True,False,0.0,-1.7409239328792925,-11.641752735093696,-1.7409239328792925,91.125,1.1546934823261297,0.005077284022352144,False,1.3331431682193529,False,0.023611111111111027,False,False,0.04304680860675314,0.023611111111111027,False,False,0.29183866809785614,0.7704099786702383,True,False,0.07617569697084826,0.49203642564668804,True,False,0.21737423560804123,False,False,forward_only_adequate
1038,sequential_evalue,martingale_evalue,True,ok,-3.769085701586757,4.3492050779801685,4.090255505518013,-10.750600038737952,33.21344467384405,1.0,1.0,,,1.0,1.0,-0.5131152899931093,-1.1175126146191383,2208,24,"[462, 457, 451, 484, 354]","[5, 5, 5, 5, 4]",False,False,False,False,False,0.007071067811865475,0.0069980279624432306,24,24,24,0,0.0,{},0.7761836996351454,0.7042107265053184,0.0,False,True,False,False,True,False,0.0,4.090255505518013,-10.750600038737952,4.090255505518013,92.0,1.1146884766105487,0.03723253483630898,False,1.2292223905928725,False,0.009375000000000022,False,False,0.022425883404220404,0.009375000000000022,False,False,-0.8926473967094978,0.37204602873248904,True,False,0.3473430899203535,0.0009444158286490582,True,False,-0.07420240629907475,False,False,forward_only_adequate
1039,sequential_evalue,martingale_evalue,True,ok,3.6139706665089175,3.980240146403776,10.022996112331771,-3.200974459203249,33.484471019968275,1.0,1.0,,,1.0,1.0,-1.080198681586115,-0.19201892008701926,2247,24,"[489, 443, 463, 468, 384]","[5, 5, 5, 5, 4]",False,False,False,False,False,0.007071067811865475,0.006969420758836808,24,24,24,0,0.0,{},0.8005450503814624,0.6778611901457267,0.0,False,True,False,False,True,False,0.0,10.022996112331771,-3.2009744592032496,10.022996112331771,93.625,1.1290314683122764,0.0333493631481531,False,1.2137028134683077,False,0.018750000000000044,False,False,0.021043909305011616,0.018750000000000044,False,False,1.751691132332569,0.07982693252108503,True,False,0.18147891787380938,0.1663816921215348,True,False,1.4716682071645641,False,False,forward_only_adequate
1040,sequential_evalue,martingale_evalue,True,ok,-2.0552841213490063,4.201583913064378,4.309831912210699,-9.797217092913058,32.85349482481165,1.0,1.0,,,1.0,1.0,-0.6379292363133806,-0.9416099590761009,2213,24,"[472, 459, 457, 467, 358]","[5, 5, 5, 5, 4]",False,False,False,False,False,0.007071067811865475,0.006969658040009893,24,24,24,0,0.0,{},0.7701360038528111,0.7097776378870407,0.0,False,True,False,False,True,False,0.0,4.309831912210699,-9.797217092913058,4.309831912210699,92.20833333333333,1.0993807687766466,0.002316784797821016,False,1.2916163037976895,False,0.016319444444444442,False,False,0.011333059350923868,0.016319444444444442,False,False,0.1694413687724579,0.8654494863303425,True,False,0.19711239708506786,0.026230493425506773,True,False,-0.0760101950532351,False,False,forward_only_adequate
1041,sequential_evalue,martingale_evalue,True,ok,-2.67367535808544,4.52288001762129,5.028626899483278,-10.259195712048184,33.69277306442724,1.0,1.0,,,1.0,1.0,-0.5147556169427001,-1.0889619592048514,2211,24,"[452, 477, 460, 451, 371]","[5, 5, 5, 5, 4]",False,False,False,False,False,0.007071067811865475,0.00699583550309906,24,24,24,0,0.0,{},0.7689114089386108,0.6882792287789486,0.0,False,True,False,False,True,False,0.0,5.028626899483278,-10.259195712048184,5.028626899483278,92.125,1.1311888109864274,6.0967008253046413e-05,False,1.2753641351490663,False,0.0215277777777777,False,False,0.01482730650626273,0.0215277777777777,False,False,-2.533914248987392,0.011279633052497972,True,False,0.15517172493549797,0.06242395126856998,True,False,-1.7775348304575325,False,False,forward_only_adequate
1042,sequential_evalue,martingale_evalue,True,ok,3.578021832892533,3.382778056496887,8.624187980191232,-3.918284141812308,33.47537935908105,1.0,1.0,,,1.0,1.0,-1.153075166277286,-0.646207612603668,2221,24,"[460, 466, 470, 459, 366]","[5, 5, 5, 5, 4]",False,False,False,False,False,0.007071067811865475,0.006918257744648857,24,24,24,0,0.0,{},0.7721226211062019,0.7163125647378613,0.0,False,True,False,False,True,False,0.0,8.624187980191232,-3.918284141812308,8.624187980191232,92.54166666666667,1.1139377144068452,0.001874656670920166,False,1.2798689592799333,False,0.023611111111111138,False,False,0.021128559165812324,0.023611111111111138,False,False,-1.3535359681678425,0.17588446738075925,True,False,0.2689286160980228,0.008418860389640601,True,False,-0.4703922745215446,False,False,forward_only_adequate
1043,sequential_evalue,martingale_evalue,True,ok,3.017276299005724,2.6885127360833203,7.92094219335827,-1.4581182725963053,34.18931767074934,1.0,1.0,,,1.0,1.0,-1.2014057463779373,-0.8303562466313033,2225,24,"[453, 462, 472, 464, 374]","[5, 5, 5, 5, 4]",False,False,False,False,False,0.007071067811865475,0.007006787219046408,24,24,24,0,0.0,{},0.7866016997599318,0.6881088658398758,0.0,False,True,False,False,True,False,0.0,7.920942193358269,-1.4581182725963053,7.920942193358269,92.70833333333333,1.1532906038938646,0.057175250285564874,False,1.2810639965109172,False,0.03020833333333328,False,False,0.016666242585581425,0.03020833333333328,False,False,-0.9869762956619342,0.3236542593669348,True,False,0.10413290585300243,0.3179358796161602,True,False,-0.2345906334592816,False,False,forward_only_adequate
1044,sequential_evalue,martingale_evalue,True,ok,-4.594332402664454,3.1945373243404114,0.690753399845538,-10.410175351647778,34.996578234201614,1.0,1.0,,,1.0,1.0,-0.42280569354856923,-1.2412796457781154,2201,24,"[454, 477, 446, 460, 364]","[5, 5, 5, 5, 4]",False,False,False,False,False,0.007071067811865475,0.006889650154668489,24,24,24,0,0.0,{},0.770185804370543,0.6921693306777642,0.0,False,True,False,False,True,False,0.0,0.690753399845538,-10.410175351647778,0.690753399845538,91.70833333333333,1.1545085619586126,0.003907878217478102,False,1.3464536373161105,False,0.03125,False,False,0.027107878169262214,0.03125,False,False,-1.0596779274625947,0.28929114778287224,True,False,0.11060314257050796,0.14020060608306792,True,False,-1.88534677927464,False,False,forward_only_adequate
1045,sequential_evalue,martingale_evalue,True,ok,-0.5696190710221986,4.03086345976657,5.966402966238114,-7.227119236466378,34.402656452839395,1.0,1.0,,,1.0,1.0,-1.0101459886674036,-1.0547214243952565,2238,24,"[468, 466, 485, 459, 360]","[5, 5, 5, 5, 4]",False,False,False,False,False,0.007071067811865475,0.007016255003172509,24,24,24,0,0.0,{},0.7942476333100237,0.6892339224613125,0.0,False,True,False,False,True,False,0.0,5.966402966238114,-7.227119236466378,5.966402966238114,93.25,1.165444959918679,0.0008244244992125161,False,1.2803225989250615,False,0.01388888888888895,False,False,0.0025094732756841265,0.01388888888888895,False,False,0.07328491857943716,0.9415793926576815,True,False,0.10022529577545479,0.28520671656460017,True,False,0.0770867043046734,False,False,forward_only_adequate
1046,sequential_evalue,martingale_evalue,True,ok,-1.4279012622435976,3.6818133948984624,4.663720202130242,-7.839908665887346,34.3101564451888,1.0,1.0,,,1.0,1.0,-0.8332175030062101,-0.8754240427717399,2223,24,"[472, 479, 446, 466, 360]","[5, 5, 5, 5, 4]",False,False,False,False,False,0.007071067811865475,0.006952995447929511,24,24,24,0,0.0,{},0.7796714499051469,0.7189906731875427,0.0,False,True,False,False,True,False,0.0,4.663720202130242,-7.839908665887346,4.663720202130242,92.625,1.1479652935096794,0.04783317423569877,False,1.2920789952489595,False,0.02951388888888884,False,False,0.007133275004270463,0.02951388888888884,False,False,0.07175453767277575,0.9427972531906995,True,False,0.23314512831697295,0.003192849179658396,True,False,-1.0664613030067762,False,False,forward_only_adequate
1047,sequential_evalue,martingale_evalue,True,ok,-3.0263465349386593,2.762597684472117,1.7116787770727302,-7.717505257806938,33.51957686998432,1.0,1.0,,,1.0,1.0,-0.42953647276115714,-0.9558034280984932,2241,24,"[479, 467, 459, 470, 366]","[5, 5, 5, 5, 4]",False,False,False,False,False,0.007071067811865475,0.007014019209323571,24,24,24,0,0.0,{},0.7824553572210289,0.7026309237910217,0.0,False,True,False,False,True,False,0.0,1.71167877707273,-7.717505257806938,1.71167877707273,93.375,1.1359279624295973,0.02424951981630497,False,1.2394103826553091,False,0.02083333333333337,False,False,0.017019174855995915,0.02083333333333337,False,False,0.4030770134038638,0.6868915701787666,True,False,0.08098185015995168,0.1016523070061686,True,False,-0.10735149301692949,False,False,forward_only_adequate
1048,sequential_evalue,martingale_evalue,True,ok,3.507634822007097,2.942491789395863,9.242362163712952,-1.5262250698665478,33.53480808376279,1.0,1.0,,,1.0,1.0,-1.1599412044427495,-0.5779395884188585,2183,24,"[456, 443, 454, 473, 357]","[5, 5, 5, 5, 4]",False,False,False,False,False,0.007071067811865475,0.006978505644669593,24,24,24,0,0.0,{},0.7646198651236293,0.7017521544252873,0.0,False,True,False,False,True,False,0.0,9.242362163712952,-1.5262250698665476,9.242362163712952,90.95833333333333,1.1159622676771803,0.025163110038370285,False,1.2730703585003043,False,0.018750000000000044,False,False,0.02060404556101709,0.018750000000000044,False,False,3.2770446842650145,0.0010489976675700113,True,True,0.29647719111263376,0.01234071533766111,True,False,0.5797976495961116,False,True,selection_limited
1049,sequential_evalue,martingale_evalue,True,ok,-0.6085817907348291,3.7508998114800014,5.083584405689665,-7.6533646995486615,34.80207116832102,1.0,1.0,,,1.0,1.0,-0.621812974814059,-0.633375827261611,2238,24,"[466, 463, 469, 456, 384]","[5, 5, 5, 5, 4]",False,False,False,False,False,0.007071067811865475,0.00682621623522815,24,24,24,0,0.0,{},0.7919303671839624,0.6906845262534245,0.0,False,True,False,False,True,False,0.0,5.083584405689665,-7.6533646995486615,5.083584405689665,93.25,1.1470426245412277,0.04249169561045453,False,1.276128760404599,False,0.021527777777777812,False,False,0.002748482116280695,0.021527777777777812,False,False,0.3301598065450553,0.7412792152614258,True,False,0.1341301653778807,0.15893263504946564,True,False,-0.21277764696163406,False,False,forward_only_adequate
1050,sequential_evalue,martingale_evalue,True,ok,0.3905604118703301,2.867075252372092,5.207716693452602,-4.031339986829739,34.22948947941828,1.0,1.0,,,1.0,1.0,-0.5002774642101104,-0.8222059404041357,2223,24,"[468, 460, 458, 468, 369]","[5, 5, 5, 5, 4]",False,False,False,False,False,0.007071067811865475,0.006929206724152398,24,24,24,0,0.0,{},0.788791104324171,0.6842199256128573,0.0,False,True,False,False,True,False,0.0,5.207716693452602,-4.031339986829739,5.207716693452602,92.625,1.141347928222458,0.025366501866810685,False,1.2356970985335582,False,0.022916666666666696,False,False,0.001693073550353854,0.022916666666666696,False,False,0.8212062975457687,0.41152877001958643,True,False,0.1470166521170612,0.31733596261442115,True,False,0.487044253246797,False,False,forward_only_adequate
1051,sequential_evalue,martingale_evalue,True,ok,2.763528215190209,3.309844663285863,8.631353788029793,-2.45248400896168,32.73079239861531,1.0,1.0,,,1.0,1.0,-1.160501702287511,-0.7330954725925514,2227,24,"[464, 476, 463, 454, 370]","[5, 5, 5, 5, 4]",False,False,False,False,False,0.007071067811865475,0.007038180896790318,24,24,24,0,0.0,{},0.7745764253310168,0.7219317957473168,0.0,False,True,False,False,True,False,0.0,8.631353788029793,-2.45248400896168,8.631353788029793,92.79166666666667,1.1095360985496088,0.0046214425730840706,False,1.3365477754274473,False,0.01388888888888884,False,False,0.015748347293281097,0.01388888888888884,False,False,0.682909675228174,0.4946639198520546,True,False,0.13203795237394397,0.23666332878718493,True,False,0.2578579483152302,False,False,forward_only_adequate
1052,sequential_evalue,martingale_evalue,True,ok,8.308319303230695,3.0639550603199206,13.098757505714172,2.630139028312138,33.637501455165896,1.0,1.0,,,1.0,1.0,-1.416253355938499,-0.0888257089411616,2244,24,"[475, 457, 453, 468, 391]","[5, 5, 5, 5, 4]",False,False,False,False,False,0.007071067811865475,0.006898368030971196,24,24,24,0,0.0,{},0.7889740328345154,0.7358993573310081,0.0,False,True,False,False,True,False,0.0,13.09875750571417,2.630139028312138,13.09875750571417,93.5,1.1218786927721034,0.004456528220815779,False,1.3136878822967348,False,0.038541666666666696,False,False,0.05627901686138693,0.038541666666666696,False,False,0.4343742978739332,0.6640166587637606,True,False,0.12116205621821773,0.37472190457777654,True,False,1.302382207089832,False,False,forward_only_adequate
1053,sequential_evalue,martingale_evalue,True,ok,-6.495706309992311,3.1662721188486675,-1.0553803256759773,-11.551253192181717,33.93458836695542,1.0,1.0,,,1.0,1.0,-0.4260140583577494,-1.3745974615110659,2230,24,"[471, 468, 458, 464, 369]","[5, 5, 5, 5, 4]",False,False,False,False,False,0.007071067811865475,0.006957655324934496,24,24,24,0,0.0,{},0.7773525375218526,0.727766419639419,0.0,False,True,False,False,True,False,0.0,-1.0553803256759773,-11.551253192181717,-1.0553803256759773,92.91666666666667,1.1379477224294596,0.014758130909561542,False,1.2820661431137452,False,0.03472222222222221,False,False,0.04137934277524578,0.03472222222222221,False,False,-1.8897500627279202,0.058791395132848916,True,False,0.17239869067676067,0.10404122761732346,True,False,-1.4392720776553438,False,False,forward_only_adequate
1054,sequential_evalue,martingale_evalue,True,ok,-4.579327656424466,4.055793920577148,2.7721237755563735,-11.498679452974987,33.977224141026845,1.0,1.0,,,1.0,1.0,-0.5856537945834632,-1.221093628496937,2202,24,"[467, 463, 451, 456, 365]","[5, 5, 5, 5, 4]",False,False,False,False,False,0.007071067811865475,0.006950071857482819,24,24,24,0,0.0,{},0.7757782981609389,0.6788165090232737,0.0,False,True,False,False,True,False,0.0,2.7721237755563735,-11.498679452974988,2.7721237755563735,91.75,1.130967775399849,0.00809503704833767,False,1.2400905228815735,False,0.012847222222222232,False,False,0.02766166823541686,0.012847222222222232,False,False,1.5631206334186167,0.11802422329122549,True,False,0.3052301757074736,0.03843889813031632,True,False,-0.8289844766988661,False,False,forward_only_adequate
1055,sequential_evalue,martingale_evalue,True,ok,-1.870450516688914,2.9919029250200526,3.0775883350536404,-7.0376049501994995,33.801875634528166,1.0,1.0,,,1.0,1.0,-0.7773918275408925,-1.088626146727383,2268,24,"[483, 460, 481, 475, 369]","[5, 5, 5, 5, 4]",False,False,False,False,False,0.007071067811865475,0.0068783748223459505,24,24,24,0,0.0,{},0.7915802049839042,0.7233656421633214,0.0,False,True,False,False,True,False,0.0,3.0775883350536404,-7.037604950199499,3.0775883350536404,94.5,1.130088736098699,0.03307522952673657,False,1.2804323346981445,False,0.006250000000000089,False,False,0.009863462765484233,0.006250000000000089,False,False,-0.725087910553745,0.4683981005746596,True,False,0.1153750185958861,0.2343178230278266,True,False,0.16561896908894475,False,False,forward_only_adequate
1056,sequential_evalue,martingale_evalue,True,ok,-0.2132761077353663,2.78132598960038,4.529808290980453,-4.806417873715931,33.13570398104287,1.0,1.0,,,1.0,1.0,-0.8973432870557569,-0.9251805371535091,2206,24,"[466, 469, 447, 466, 358]","[5, 5, 5, 5, 4]",False,False,False,False,False,0.007071067811865475,0.0070526600035821655,24,24,24,0,0.0,{},0.7771688328073478,0.6674016244349692,0.0,False,True,False,False,True,False,0.0,4.529808290980453,-4.806417873715931,4.529808290980453,91.91666666666667,1.1202534423096306,0.001011951140298798,False,1.2504239152369743,False,0.03298611111111105,False,False,0.0008908267418245153,0.03298611111111105,False,False,0.041994829697345325,0.9665028197866666,True,False,0.17567293419005284,0.16118169429867152,True,False,-0.056661199620874875,False,False,forward_only_adequate
1057,sequential_evalue,martingale_evalue,True,ok,2.2624523220538846,3.098925791837964,8.121348524803386,-2.534579665917833,33.14355953683838,1.0,1.0,,,1.0,1.0,-0.8886350393069433,-0.34342163942787496,2265,24,"[479, 468, 458, 466, 394]","[5, 5, 5, 5, 4]",False,False,False,False,False,0.007071067811865475,0.0070007995372052025,24,24,24,0,0.0,{},0.7897882561593517,0.7277130129374781,0.0,False,True,False,False,True,False,0.0,8.121348524803386,-2.534579665917833,8.121348524803386,94.375,1.1270554346915405,0.05841789649576785,False,1.3215389559906943,False,0.01388888888888895,False,False,0.012293906469548348,0.01388888888888895,False,False,-0.6384930891121506,0.5231527513093583,True,False,0.15834998813349058,0.1722655378721978,True,False,0.6477209257399976,False,False,forward_only_adequate
1058,sequential_evalue,martingale_evalue,True,ok,-3.6327326730130536,3.0449016014417816,1.2313709123491052,-8.998122310130352,33.60909586181159,1.0,1.0,,,1.0,1.0,-0.6390340836600512,-1.1982303442102564,2202,24,"[434, 473, 454, 476, 365]","[5, 5, 5, 5, 4]",False,False,False,False,False,0.007071067811865475,0.006904249396401408,24,24,24,0,0.0,{},0.7734777574748377,0.6376941582265213,0.0,False,True,False,False,True,False,0.0,1.2313709123491052,-8.998122310130352,1.2313709123491052,91.75,1.1113384514408136,0.01985030260672712,False,1.2807616020327923,False,0.01736111111111116,False,False,0.0215621114989972,0.01736111111111116,False,False,-1.8553410596324507,0.06354753835539229,True,False,0.24102630604101108,0.08499615784870161,True,False,-1.4478202778040736,False,False,forward_only_adequate
1059,sequential_evalue,martingale_evalue,True,ok,-1.8473752465051065,4.703007698726349,5.664016727552398,-10.256374816623705,33.882879232686946,1.0,1.0,,,1.0,1.0,-0.6062216319139729,-0.9524419098277838,2191,24,"[461, 454, 466, 457, 353]","[5, 5, 5, 5, 4]",False,False,False,False,False,0.007071067811865475,0.007024032086800849,24,24,24,0,0.0,{},0.7727164440592833,0.7155082895326773,0.0,False,True,False,False,True,False,0.0,5.664016727552398,-10.256374816623705,5.664016727552398,91.29166666666667,1.136978799957466,0.021630707473972187,False,1.2700750776773913,False,0.013541666666666674,False,False,0.009658009901149196,0.013541666666666674,False,False,-0.16446255854983458,0.8693670193171159,True,False,0.3700819074692801,0.017350493603150316,True,False,-1.2251750700408208,False,False,forward_only_adequate
1060,sequential_evalue,martingale_evalue,True,ok,0.04847926598525828,4.212729733266284,7.704805949336119,-7.05410049562237,35.24945333414673,1.0,1.0,,,1.0,1.0,-0.22269145699987497,-0.8949189594560798,2198,24,"[467, 438, 465, 455, 373]","[5, 5, 5, 5, 4]",False,False,False,False,False,0.007071067811865475,0.00703200558018383,24,24,24,0,0.0,{},0.772278556858423,0.7043643970821796,0.0,False,True,False,False,True,False,0.0,7.704805949336119,-7.054100495622369,7.704805949336119,91.58333333333333,1.1860686322490834,0.0018341893791077256,False,1.3599909127374583,False,0.021180555555555536,False,False,0.00016914096857329586,0.021180555555555536,False,False,1.0900956398489958,0.2756710167598716,True,False,0.12971398057051606,0.07496131764729026,True,False,0.8219741950457452,False,False,forward_only_adequate
1061,sequential_evalue,martingale_evalue,True,ok,-4.1296636416543615,2.7058002213084382,0.35466642714534125,-9.3345280117914,33.29481556079163,1.0,1.0,,,1.0,1.0,-0.5671532293840251,-1.1676943890890976,2209,24,"[461, 472, 446, 464, 366]","[5, 5, 5, 5, 4]",False,False,False,False,False,0.007071067811865475,0.006909992801013895,24,24,24,0,0.0,{},0.7794330293577465,0.7106299289622429,0.0,False,True,False,False,True,False,0.0,0.35466642714534125,-9.3345280117914,0.35466642714534125,92.04166666666667,1.1036120906565952,0.01672447258819469,False,1.2959859935257716,False,0.025694444444444464,False,False,0.02523134345439936,0.025694444444444464,False,False,-0.32615385271964986,0.7443079541034106,True,False,0.0933240206363301,0.44428385046922075,True,False,-0.3924223279158715,False,False,forward_only_adequate
1062,sequential_evalue,martingale_evalue,True,ok,6.823431235954414,3.3890931426337314,12.428029752282665,1.1046782607050245,34.10927269668766,1.0,0.6043030737506537,,,1.0,0.6043030737506537,-1.3146505221048888,0.5036794291628015,2220,24,"[460, 466, 467, 460, 367]","[5, 5, 5, 5, 4]",False,False,False,False,False,0.007071067811865475,0.007011255930450851,24,24,24,0,0.0,{},0.7783305343681763,0.7119918448997944,0.0,False,True,False,False,True,False,0.0,12.428029752282663,1.1046782607050245,12.428029752282663,92.5,1.150029948624506,0.020250466418963046,False,1.3391427236168876,False,0.019444444444444375,False,False,0.04330803636484185,0.019444444444444375,False,False,-0.8934082873153268,0.3716385662438023,True,False,0.08078557369515496,0.5696043948737903,True,False,0.21546247423348946,False,False,forward_only_adequate
1063,sequential_evalue,martingale_evalue,True,ok,0.614964791934454,3.0575420265979747,5.6324344991768545,-5.23040082531428,34.01106156988886,1.0,1.0,,,1.0,1.0,-0.7302865535606308,-0.8523441092074313,2228,24,"[468, 454, 462, 480, 364]","[5, 5, 5, 5, 4]",False,False,False,False,False,0.007071067811865475,0.006960350269232575,24,24,24,0,0.0,{},0.7763459078039325,0.7379995634010884,0.0,False,True,False,False,True,False,0.0,5.632434499176855,-5.23040082531428,5.632434499176855,92.83333333333333,1.1404421486692826,0.00941231466572435,False,1.310220943390741,False,0.015277777777777724,False,False,0.0027983417309045055,0.015277777777777724,False,False,0.668525155946487,0.5037984296641249,True,False,0.16091547676442194,0.34823085404966797,True,False,-0.16445167628074733,False,False,forward_only_adequate
1064,sequential_evalue,martingale_evalue,True,ok,1.120039005291675,3.912732816424843,7.831811853951558,-5.234692014315785,33.76208546831521,1.0,1.0,,,1.0,1.0,-0.8856335929996768,-0.43120305085918165,2206,24,"[463, 444, 470, 455, 374]","[5, 5, 5, 5, 4]",False,False,False,False,False,0.007071067811865475,0.006956750833500801,24,24,24,0,0.0,{},0.7701617711467115,0.6898849217891592,0.0,False,True,False,False,True,False,0.0,7.831811853951559,-5.234692014315785,7.831811853951559,91.91666666666667,1.1259078606247421,0.01993335965204604,False,1.3593075686868668,False,0.023958333333333304,False,False,0.005544963449669653,0.023958333333333304,False,False,0.9057936219071105,0.36504509754444536,True,False,0.15847895301266451,0.0609451462430935,True,False,0.3821161495240794,False,False,forward_only_adequate
1065,sequential_evalue,martingale_evalue,True,ok,-4.509632277816338,4.691379505046433,3.3767555505629856,-11.958356854693806,35.05964874582539,1.0,1.0,,,1.0,1.0,-0.5849741602474101,-1.2647362119482473,2186,24,"[458, 452, 453, 457, 366]","[5, 5, 5, 5, 4]",False,False,False,False,False,0.007071067811865475,0.006903479874690685,24,24,24,0,0.0,{},0.7633313797097736,0.6920462998258265,0.0,False,True,False,False,True,False,0.0,3.376755550562985,-11.958356854693806,3.376755550562985,91.08333333333333,1.154955060516922,0.026186742815986635,False,1.2457190818613215,False,0.015625,False,False,0.026513915216337322,0.015625,False,False,-0.6943235924459453,0.487479298787445,True,False,0.10429314471308632,0.33840715094598894,True,False,-1.1086723753577647,False,False,forward_only_adequate
1066,sequential_evalue,martingale_evalue,True,ok,-1.568176890546811,3.567546146142588,4.47083047643591,-7.502874937583916,33.486901244342334,1.0,1.0,,,1.0,1.0,-0.6247946695197163,-0.781649780216289,2226,24,"[460, 475, 460, 459, 372]","[5, 5, 5, 5, 4]",False,False,False,False,False,0.007071067811865475,0.006946314372312097,24,24,24,0,0.0,{},0.7857864180531945,0.7157378545745546,0.0,False,True,False,False,True,False,0.0,4.47083047643591,-7.502874937583916,4.47083047643591,92.75,1.1200988705753878,0.0032798476421232047,False,1.2249849652173717,False,0.02499999999999991,False,False,0.008155281315510314,0.02499999999999991,False,False,1.7545408699986331,0.07933787323859787,True,False,0.26022207214093473,0.041358184772353396,True,False,0.007975393489077654,False,False,forward_only_adequate
1067,sequential_evalue,martingale_evalue,True,ok,-3.2463101873876674,3.49342445411057,2.723670961442485,-8.867751739211501,32.948914982704764,1.0,1.0,,,1.0,1.0,-0.7672355340331847,-1.19006872630667,2259,24,"[455, 471, 471, 482, 380]","[5, 5, 5, 5, 4]",False,False,False,False,False,0.007071067811865475,0.0070074118305515085,24,24,24,0,0.0,{},0.789322595230584,0.7361208802255556,0.0,False,True,False,False,True,False,0.0,2.723670961442485,-8.867751739211501,2.723670961442485,94.125,1.1200083454149656,0.006123046233366195,False,1.2930548478033566,False,0.022916666666666696,False,False,0.018758972908826162,0.022916666666666696,False,False,2.0060847402709197,0.0448472076591475,True,False,0.17441018114718068,0.042262719923291905,True,False,1.0817930113115029,False,False,forward_only_adequate
1068,sequential_evalue,martingale_evalue,True,ok,2.5511583222469105,3.149148908818168,8.104400942852857,-2.5818815885938515,33.39643674760039,1.0,0.8583957693182772,,,1.0,0.8583957693182772,-0.777394659451076,0.15269001624457235,2200,24,"[455, 464, 463, 462, 356]","[5, 5, 5, 5, 4]",False,False,False,False,False,0.007071067811865475,0.006975696444944313,24,24,24,0,0.0,{},0.7664707855071247,0.711548987229804,0.0,False,True,False,False,True,False,0.0,8.104400942852857,-2.5818815885938515,8.104400942852857,91.66666666666667,1.115227395761292,0.023737581427040966,False,1.2409561084945833,False,0.019791666666666652,False,False,0.014280550165065091,0.019791666666666652,False,False,-0.1571506458868021,0.8751261237682186,True,False,0.11912038579899431,0.19381230617396722,True,False,-1.15003880842851,False,False,forward_only_adequate
1069,sequential_evalue,martingale_evalue,True,ok,-6.4940453988807105,3.59052008996419,-0.6310745547209935,-12.57783114209817,33.35959575504478,1.0,1.0,,,1.0,1.0,-0.14271052404753137,-1.266511313128275,2258,24,"[456, 473, 470, 461, 398]","[5, 5, 5, 5, 4]",False,False,False,False,False,0.007071067811865475,0.007049210639481367,24,24,24,0,0.0,{},0.7852813635285201,0.7252720101878484,0.0,False,True,False,False,True,False,0.0,-0.6310745547209935,-12.57783114209817,-0.6310745547209935,94.08333333333333,1.1404798580166877,0.00496593940455488,False,1.278062617512042,False,0.023263888888888973,False,False,0.04125872655179278,0.023263888888888973,False,False,-1.5459556589851768,0.12211527693369267,True,False,0.2544362341972432,0.10963545075094945,True,False,-1.2889662281581755,False,False,forward_only_adequate
1070,sequential_evalue,martingale_evalue,True,ok,1.2743625300164754,3.1424534183910193,7.7754117757256225,-3.2596973289921864,32.9391124911604,1.0,1.0,,,1.0,1.0,-1.0136212023958038,-0.8657167000383479,2271,24,"[474, 479, 467, 477, 374]","[5, 5, 5, 5, 4]",False,False,False,False,False,0.007071067811865475,0.0069334495625188895,24,24,24,0,0.0,{},0.7957548243365229,0.728885839169422,0.0,False,True,False,False,True,False,0.0,7.7754117757256225,-3.259697328992187,7.7754117757256225,94.625,1.110795737647906,0.011351805637646026,False,1.257114097372463,False,0.014583333333333282,False,False,0.0065109079121967,0.014583333333333282,False,False,0.3065043386816296,0.7592206769111514,True,False,0.12399001349020267,0.6441997677070991,True,False,1.8984074653520282,False,False,forward_only_adequate
1071,sequential_evalue,martingale_evalue,True,ok,-0.13620475876258364,3.7982015383858676,7.221833157678625,-6.33792642779186,33.19189979542044,1.0,1.0,,,1.0,1.0,-0.64625215801116,-0.5703773322993627,2257,24,"[479, 471, 479, 449, 379]","[5, 5, 5, 5, 4]",False,False,False,False,False,0.007071067811865475,0.006992311576360326,24,24,24,0,0.0,{},0.7952081375224698,0.653304950488743,0.0,False,True,False,False,True,False,0.0,7.221833157678625,-6.33792642779186,7.221833157678625,94.04166666666667,1.125338159799608,0.014014220393690196,False,1.3442385749681753,False,0.02013888888888893,False,False,0.0005444835355968958,0.02013888888888893,False,False,-0.30111971300534146,0.7633232094406767,True,False,0.11275402818268268,0.04534384412634067,True,False,1.266415093521378,False,False,forward_only_adequate
1072,sequential_evalue,martingale_evalue,True,ok,5.309432064384769,2.891460862797564,10.31002759239982,0.5707357098525856,33.296961397662216,1.0,1.0,,,1.0,1.0,-1.2433458904842274,-0.4110566025971921,2211,24,"[466, 453, 467, 457, 368]","[5, 5, 5, 5, 4]",False,False,False,False,False,0.007071067811865475,0.006933224917324335,24,24,24,0,0.0,{},0.7780079563669664,0.6922085767693731,0.0,False,True,False,False,True,False,0.0,10.31002759239982,0.5707357098525856,10.31002759239982,92.125,1.107895112691825,0.0011574402975306167,False,1.2449033953899993,False,0.007291666666666696,False,False,0.03369117615949875,0.007291666666666696,False,False,-0.5406934030256793,0.5887189262947503,True,False,0.0770255815201723,0.3777649496509935,True,False,-0.6031062960183378,False,False,forward_only_adequate
1073,sequential_evalue,martingale_evalue,True,ok,0.7679490160321704,2.9565968069548156,6.407200539644058,-4.0622198607867,32.94503332315371,1.0,1.0,,,1.0,1.0,-0.8691451414791038,-0.822666096841435,2230,24,"[452, 475, 463, 464, 376]","[5, 5, 5, 5, 4]",False,False,False,False,False,0.007071067811865475,0.00704373012337642,24,24,24,0,0.0,{},0.7808735317861497,0.7177075121894296,0.0,False,True,False,False,True,False,0.0,6.407200539644058,-4.0622198607867,6.407200539644058,92.91666666666667,1.1184317157889354,0.014210874972284309,False,1.2827002612420546,False,0.027083333333333348,False,False,0.003661290951200895,0.027083333333333348,False,False,0.23356383290998883,0.8153236083196702,True,False,0.18461363798448063,0.1435729818365311,True,False,-0.14694095308117552,False,False,forward_only_adequate
1074,sequential_evalue,martingale_evalue,True,ok,-5.79436265460732,4.225074999080429,1.1306851516641805,-14.18650225811989,34.49946571259874,0.22435961188461515,1.0,,,0.22435961188461515,1.0,1.4945051042213044,-1.1455400852219673,2193,24,"[463, 459, 455, 453, 363]","[5, 5, 5, 5, 4]",False,False,False,False,False,0.007071067811865475,0.007015902683217041,24,24,24,0,0.0,{},0.7805083658783987,0.6866057721263441,0.0,False,True,False,False,True,False,0.0,1.1306851516641805,-14.186502258119893,1.1306851516641805,91.375,1.1568568565869164,0.016110000394910243,False,1.291187811214009,False,0.04062499999999991,False,False,0.03548265290795699,0.04062499999999991,False,False,-2.106023209192855,0.035202336350367326,True,False,0.1400483073056742,0.18545750516102114,True,False,-2.674775997451797,False,False,forward_only_adequate
1075,sequential_evalue,martingale_evalue,True,ok,-1.1462824910055514,4.1497840676220745,5.731321723412943,-8.790573998209185,33.50128298402145,0.7227878884653666,1.0,,,0.7227878884653666,1.0,0.32463947681650895,-0.7487103307733669,2216,24,"[457, 460, 452, 471, 376]","[5, 5, 5, 5, 4]",False,False,False,False,False,0.007071067811865475,0.006945617077671427,24,24,24,0,0.0,{},0.7767175207281075,0.6730909921205451,0.0,False,True,False,False,True,False,0.0,5.731321723412943,-8.790573998209185,5.731321723412943,92.33333333333333,1.1179478296896976,0.017890401852114178,False,1.3208545567202368,False,0.024652777777777746,False,False,0.005736894793312606,0.024652777777777746,False,False,-0.5347998752019497,0.5927882493675434,True,False,0.14028725190364313,0.15354352225933662,True,False,-0.6660791852597728,False,False,forward_only_adequate
1076,sequential_evalue,martingale_evalue,True,ok,0.0059189279097247765,3.036372155315488,5.358269481274828,-4.990208647251176,34.21921993996383,1.0,1.0,,,1.0,1.0,-0.8298023137152171,-0.7599370209329603,2205,24,"[463, 457, 463, 461, 361]","[5, 5, 5, 5, 4]",False,False,False,False,False,0.007071067811865475,0.0069926251886983865,24,24,24,0,0.0,{},0.7562592520983857,0.7159912669248956,0.0,False,True,False,False,True,False,0.0,5.358269481274828,-4.990208647251176,5.358269481274828,91.875,1.1467771630526713,0.003481428893032931,False,1.3317069205343774,False,0.0371527777777777,False,False,1.8781101068663376e-05,0.0371527777777777,False,False,-0.6163813739498921,0.5376428435413947,True,False,0.1392762210097429,0.11400047991632702,True,False,0.3159389160256927,False,False,forward_only_adequate
1077,sequential_evalue,martingale_evalue,True,ok,1.4666463744480147,2.8073267016731513,6.068153455817834,-3.4745567989502124,33.775542409007734,1.0,1.0,,,1.0,1.0,-0.6804238998590773,-0.7023173965603609,2273,24,"[469, 487, 472, 470, 375]","[5, 5, 5, 5, 4]",False,False,False,False,False,0.007071067811865475,0.006917878902880593,24,24,24,0,0.0,{},0.7933194577339675,0.699607445434784,0.0,False,True,False,False,True,False,0.0,6.068153455817833,-3.4745567989502124,6.068153455817833,94.70833333333333,1.1369448242752647,0.011570230011327948,False,1.2304631258520085,False,0.023611111111111138,False,False,0.007433186914498786,0.023611111111111138,False,False,0.28391912092106947,0.7764723628470388,True,False,0.0932898310455225,0.24490093195856183,True,False,-0.1358348553652121,False,False,forward_only_adequate
1078,sequential_evalue,martingale_evalue,True,ok,-1.7872456477403296,3.981664821158575,4.612037974630398,-8.864430355612543,33.24727447369159,1.0,1.0,,,1.0,1.0,-0.5000821915724678,-0.9028185040571697,2229,24,"[444, 469, 471, 451, 394]","[5, 5, 5, 5, 4]",False,False,False,False,False,0.007071067811865475,0.006958745688431711,24,24,24,0,0.0,{},0.7863891509443146,0.6779118806536568,0.0,False,True,False,False,True,False,0.0,4.612037974630398,-8.864430355612543,4.612037974630398,92.875,1.1148243132763012,0.03327643224010712,False,1.2706404094216661,False,0.015972222222222276,False,False,0.009511735709630082,0.015972222222222276,False,False,-0.6428203359481112,0.5203406860507811,True,False,0.10513089634412397,0.18178465107564928,True,False,-1.6087327661094737,False,False,forward_only_adequate
1079,sequential_evalue,martingale_evalue,True,ok,-0.19957451004364316,3.1246218090116495,4.9407679188210905,-5.657828454722412,34.180415398512054,1.0,1.0,,,1.0,1.0,-0.8871114739433497,-0.862927965015509,2210,24,"[467, 462, 465, 455, 361]","[5, 5, 5, 5, 4]",False,False,False,False,False,0.007071067811865475,0.006982949342204138,24,24,24,0,0.0,{},0.7666728602897341,0.679217639012895,0.0,False,True,False,False,True,False,0.0,4.9407679188210905,-5.657828454722412,4.9407679188210905,92.08333333333333,1.1451878936575153,0.0011405171609487476,False,1.3240443462472076,False,0.015277777777777724,False,False,0.0008090127255003444,0.015277777777777724,False,False,-0.6616902478567339,0.5081697559345839,True,False,0.15437330804914054,0.14316808640576054,True,False,-1.5129341856708425,False,False,forward_only_adequate
1080,sequential_evalue,martingale_evalue,True,ok,-5.506358107701032,3.730470269721594,0.7902069085600809,-11.887313841007515,34.56711100907263,1.0,1.0,,,1.0,1.0,-0.43681432928435715,-1.2651840450745706,2196,24,"[453, 468, 452, 454, 369]","[5, 5, 5, 5, 4]",False,False,False,False,False,0.007071067811865475,0.006926100204622047,24,24,24,0,0.0,{},0.7844643166634181,0.6915529746550438,0.0,False,True,False,False,True,False,0.0,0.7902069085600809,-11.887313841007517,0.7902069085600809,91.5,1.145070974446635,0.023709913541386785,False,1.2246322157526899,False,0.025694444444444464,False,False,0.033826323591714134,0.025694444444444464,False,False,-1.668481254805826,0.09522023003998592,True,False,0.16463663243406373,0.14358740378656137,True,False,-1.0532904418323237,False,False,forward_only_adequate
1081,sequential_evalue,martingale_evalue,True,ok,-0.3229016244321783,4.17193083137103,6.628746227831249,-7.675547447163966,35.048904402435625,1.0,1.0,,,1.0,1.0,-0.9348256030476703,-0.9757630837863667,2242,24,"[464, 469, 479, 464, 366]","[5, 5, 5, 5, 4]",False,False,False,False,False,0.007071067811865475,0.006917514375688762,24,24,24,0,0.0,{},0.7845224151474819,0.7291541341959942,0.0,False,True,False,False,True,False,0.0,6.628746227831248,-7.675547447163967,6.628746227831248,93.41666666666667,1.171673762540145,0.01224483536393824,False,1.298873052056919,False,0.036111111111111094,False,False,0.0013348093512755388,0.036111111111111094,False,False,-0.1245898242362633,0.9008482847065995,True,False,0.18006177068370818,0.0274472987383563,True,False,0.6965223796396967,False,False,forward_only_adequate
1082,sequential_evalue,martingale_evalue,True,ok,-2.0881337430650113,3.9958244680850754,4.106842034411647,-9.150614626308123,34.392322175120306,1.0,1.0,,,1.0,1.0,-0.4638816947812239,-0.21999437528904692,2249,24,"[490, 464, 459, 467, 369]","[5, 5, 5, 5, 4]",False,False,False,False,False,0.007071067811865475,0.006934006653590379,24,24,24,0,0.0,{},0.7830658976795197,0.7369152162332537,0.0,False,True,False,False,True,False,0.0,4.106842034411647,-9.150614626308123,4.106842034411647,93.70833333333333,1.1542632422848915,0.00556986028339645,False,1.2766739820152126,False,0.026388888888888906,False,False,0.010915748238166203,0.026388888888888906,False,False,-0.16398558624402002,0.8697424907141413,True,False,0.18638231398605357,0.0508529344906771,True,False,0.6627250549372213,False,False,forward_only_adequate
1083,sequential_evalue,martingale_evalue,True,ok,-4.557149501533339,2.870973658049999,0.770179690232494,-9.142868848225294,32.94654380815502,1.0,1.0,,,1.0,1.0,-0.6030138747495728,-1.2278322722119606,2247,24,"[484, 456, 472, 456, 379]","[5, 5, 5, 5, 4]",False,False,False,False,False,0.007071067811865475,0.006960522003277629,24,24,24,0,0.0,{},0.7894688490217094,0.7018436277193469,0.0,False,True,False,False,True,False,0.0,0.770179690232494,-9.142868848225294,0.770179690232494,93.625,1.1094751845619073,0.037014276745773844,False,1.2943015859592346,False,0.03194444444444444,False,False,0.028128396552138387,0.03194444444444444,False,False,-0.8049663845546973,0.42083907827891986,True,False,0.11454690624883743,0.4819912356795139,True,False,-2.5356277017427344,False,False,forward_only_adequate
1084,sequential_evalue,martingale_evalue,True,ok,-1.456620676879436,2.9012111992603304,4.016211635961144,-6.180937556459494,32.220958372137495,1.0,1.0,,,1.0,1.0,-0.7805113952180367,-1.0577658951011168,2247,24,"[472, 460, 471, 467, 377]","[5, 5, 5, 5, 4]",False,False,False,False,False,0.007071067811865475,0.007069889706460997,24,24,24,0,0.0,{},0.7911490973173402,0.7206268930246428,0.0,False,True,False,False,True,False,0.0,4.016211635961144,-6.180937556459494,4.016211635961144,93.625,1.1020898741410177,0.0011872257623438966,False,1.3225564285421434,False,0.01388888888888884,False,False,0.007640240236373713,0.01388888888888884,False,False,-1.6296077480585198,0.10318442580148722,True,False,0.3225420283954256,0.005095056727675362,True,False,-1.5850168722845785,False,False,forward_only_adequate
1085,sequential_evalue,martingale_evalue,True,ok,-0.7364282289498775,3.5409611475448064,4.893961997500985,-7.156622660101025,31.965782714496807,1.0,1.0,,,1.0,1.0,-0.9645268410757857,-0.9915256204493212,2219,24,"[474, 455, 454, 470, 366]","[5, 5, 5, 5, 4]",False,False,False,False,False,0.007071067811865475,0.007063080830734037,24,24,24,0,0.0,{},0.7778264800850652,0.709634064385314,0.0,False,True,False,False,True,False,0.0,4.893961997500985,-7.156622660101025,4.893961997500985,92.45833333333333,1.0854818197140699,0.007108011684654664,False,1.3144593943676421,False,0.016319444444444442,False,False,0.003612598971410639,0.016319444444444442,False,False,0.5174464674184697,0.6048445292773176,True,False,0.13321261589980105,0.3719617808027627,True,False,1.1408126149181756,False,False,forward_only_adequate
1086,sequential_evalue,martingale_evalue,True,ok,-4.8767175661894,3.267543114898038,1.1868531902038066,-10.29862383254282,33.960601640041425,1.0,1.0,,,1.0,1.0,-0.35294877429758187,-1.2240715715585182,2245,24,"[458, 463, 491, 462, 371]","[5, 5, 5, 5, 4]",False,False,False,False,False,0.007071067811865475,0.0068564205385739,24,24,24,0,0.0,{},0.7812127028995679,0.738125484093268,0.0,False,True,False,False,True,False,0.0,1.1868531902038066,-10.29862383254282,1.1868531902038066,93.54166666666667,1.126018118902489,0.017678969219556452,False,1.2954953156603926,False,0.021180555555555536,False,False,0.02992468504888095,0.021180555555555536,False,False,0.11910654510204555,0.905190945417515,True,False,0.08638785700952711,0.297004192323659,True,False,-0.744652417928876,False,False,forward_only_adequate
1087,sequential_evalue,martingale_evalue,True,ok,0.3556993061334118,3.768661634319484,6.958828204040417,-5.597661003239502,34.444030408844085,1.0,1.0,,,1.0,1.0,-0.7988427758339347,-0.6402624089244624,2241,24,"[470, 467, 471, 454, 379]","[5, 5, 5, 5, 4]",False,False,False,False,False,0.007071067811865475,0.006934019749595264,24,24,24,0,0.0,{},0.7884478147444547,0.675821784862139,0.0,False,True,False,False,True,False,0.0,6.958828204040418,-5.597661003239502,6.958828204040418,93.375,1.1539429814205497,0.00248941604705061,False,1.351742764904413,False,0.04166666666666663,False,False,0.001509362496182065,0.04166666666666663,False,False,-0.4891950043786455,0.624703645951693,True,False,0.23843033936398497,0.007133268313190153,True,False,0.7149529888017121,False,False,forward_only_adequate
1088,sequential_evalue,martingale_evalue,True,ok,7.919161430235956,3.418726982839001,13.314873910393281,2.3252463237030163,33.72348096839765,1.0,0.19908998016828627,,,1.0,0.19908998016828627,-1.2325294305519887,1.6139983948022392,2220,24,"[464, 450, 483, 456, 367]","[5, 5, 5, 5, 4]",False,False,False,False,False,0.007071067811865475,0.006945402686767088,24,24,24,0,0.0,{},0.7784621759938896,0.6909213307799904,0.0,False,True,False,False,True,False,0.0,13.314873910393281,2.3252463237030163,13.314873910393281,92.5,1.1263430872034492,0.009502790018209119,False,1.245317651662226,False,0.02951388888888884,False,False,0.05292239079532716,0.02951388888888884,False,False,-0.6783055772953572,0.4975779631453833,True,False,0.151580900783324,0.14549730347389137,True,False,-0.024076084566254864,False,False,forward_only_adequate
1089,sequential_evalue,martingale_evalue,True,ok,-6.362423994909936,2.5931066228226918,-2.2246527987957174,-10.941080120746314,34.28171905825574,1.0,1.0,,,1.0,1.0,-0.4627176343072581,-1.4084255985875367,2251,24,"[452, 469, 474, 461, 395]","[5, 5, 5, 5, 4]",False,False,False,False,False,0.007071067811865475,0.006988750694953773,24,24,24,0,0.0,{},0.7887407607896361,0.7054118845052121,0.0,False,True,False,False,True,False,0.0,-2.2246527987957174,-10.941080120746314,-2.2246527987957174,93.79166666666667,1.1601503381385194,0.01635656142284001,False,1.3303986360051459,False,0.025694444444444464,False,False,0.039473348207728805,0.025694444444444464,False,False,1.4918153142309227,0.13574756811260844,True,False,0.10358978900683155,0.235735762991795,True,False,-1.148355856885414,False,False,forward_only_adequate
1090,sequential_evalue,martingale_evalue,True,ok,-2.605657660907237,3.7749243965493315,3.338996661550223,-9.664407193950877,33.776620474955664,1.0,1.0,,,1.0,1.0,-0.4335248345492865,-1.0258337502401083,2268,24,"[465, 465, 483, 475, 380]","[5, 5, 5, 5, 4]",False,False,False,False,False,0.007071067811865475,0.0069026347548680885,24,24,24,0,0.0,{},0.7982414256546021,0.738375752685566,0.0,False,True,False,False,True,False,0.0,3.338996661550223,-9.664407193950877,3.338996661550223,94.5,1.1332272166305657,0.011740307923179545,False,1.2912654514306525,False,0.031597222222222165,False,False,0.014364892482524915,0.031597222222222165,False,False,0.7204548376773718,0.47124499671353237,True,False,0.08085824888928698,0.2785398208367597,True,False,-0.42152576789062446,False,False,forward_only_adequate
1091,sequential_evalue,martingale_evalue,True,ok,6.135766138479411,3.585559354785575,13.21024441598324,0.7249095989989689,32.77246802532578,1.0,1.0,,,1.0,1.0,-1.1852355713439622,-0.24353972807178204,2164,24,"[451, 445, 458, 453, 357]","[5, 5, 5, 5, 4]",False,False,False,False,False,0.007071067811865475,0.006971217828824386,24,24,24,0,0.0,{},0.7570080363924974,0.6432966782632136,0.0,False,True,False,False,True,False,0.0,13.21024441598324,0.7249095989989689,13.21024441598324,90.16666666666667,1.0847029303337765,0.02492380587788843,False,1.2464602026746516,False,0.0253472222222223,False,False,0.040938901396822554,0.0253472222222223,False,False,-0.6605219863838606,0.5089189139789263,True,False,0.15277888928309852,0.08634136865729233,True,False,0.7300969481775446,False,False,forward_only_adequate
1092,sequential_evalue,martingale_evalue,True,ok,6.0398456930786635,3.8032348188184057,13.214328469176682,-0.11876925195927335,34.90502720316646,1.0,1.0,,,1.0,1.0,-1.0174353739534667,-0.1626251194318622,2192,24,"[458, 454, 453, 453, 374]","[5, 5, 5, 5, 4]",False,False,False,False,False,0.007071067811865475,0.00696645962651677,24,24,24,0,0.0,{},0.773089821769003,0.6937279698941179,0.0,False,True,False,False,True,False,0.0,13.214328469176683,-0.11876925195927335,13.214328469176683,91.33333333333333,1.1619428389519493,0.026822894837567068,False,1.2880238309973604,False,0.02083333333333337,False,False,0.037063283128273276,0.02083333333333337,False,False,-0.19840753453197485,0.8427262229223403,True,False,0.17819107551265126,0.026028952603405063,True,False,-0.1347044557383362,False,False,forward_only_adequate
1093,sequential_evalue,martingale_evalue,True,ok,2.5679832371503912,3.1723995753024,7.929460624231638,-2.9599476401944567,32.74926507781179,1.0,1.0,,,1.0,1.0,-1.1441618259735755,-0.6976229496245723,2251,24,"[471, 469, 476, 471, 364]","[5, 5, 5, 5, 4]",False,False,False,False,False,0.007071067811865475,0.007006783816632553,24,24,24,0,0.0,{},0.7900660785837073,0.715197088003214,0.0,False,True,False,False,True,False,0.0,7.929460624231638,-2.9599476401944567,7.929460624231638,93.79166666666667,1.111149276170471,0.002385638677946368,False,1.2998773290526493,False,0.026388888888888906,False,False,0.01444947895742816,0.026388888888888906,False,False,-0.8196563698880881,0.41241202892109863,True,False,0.2518978936620012,0.02553312743806331,True,False,-0.6721624441231806,False,False,forward_only_adequate
1094,sequential_evalue,martingale_evalue,True,ok,8.275171861022324,3.632741612289129,15.113122637429461,2.5249472095675722,31.62345375889772,1.0,0.27826276516097864,,,1.0,0.27826276516097864,-1.2588718501557739,1.2791894132894601,2243,24,"[471, 465, 462, 463, 382]","[5, 5, 5, 5, 4]",False,False,False,False,False,0.007071067811865475,0.00699802722265462,24,24,24,0,0.0,{},0.7861720793635534,0.721385540149436,0.0,False,True,False,False,True,False,0.0,15.113122637429461,2.5249472095675722,15.113122637429461,93.45833333333333,1.069704807314527,0.03490710481700944,False,1.2257122979008908,False,0.02673611111111107,False,False,0.05926463463709514,0.02673611111111107,False,False,0.19463563216896534,0.8456782060490827,True,False,0.12422789847271608,0.24508979466231764,True,False,1.602038560717576,False,False,forward_only_adequate
1095,sequential_evalue,martingale_evalue,True,ok,1.083029430139767,3.773908332858702,7.5849053221867555,-5.488759712629713,34.72884098888041,1.0,1.0,,,1.0,1.0,-0.7441405756791004,-0.2959539050554586,2221,24,"[463, 463, 460, 461, 374]","[5, 5, 5, 5, 4]",False,False,False,False,False,0.007071067811865475,0.006953786439030446,24,24,24,0,0.0,{},0.7787398820838161,0.7021361311544885,0.0,False,True,False,False,True,False,0.0,7.5849053221867555,-5.4887597126297125,7.5849053221867555,92.54166666666667,1.1615831440159197,0.005910797897011128,False,1.3289330061195161,False,0.01736111111111105,False,False,0.005155663093497762,0.01736111111111105,False,False,-0.22324922073516756,0.8233415458463329,True,False,0.12324642524734261,0.13248016344656752,True,False,1.4357257375244679,False,False,forward_only_adequate
1096,sequential_evalue,martingale_evalue,True,ok,0.062421170024215655,3.628638213133953,5.985125930330052,-6.16682913943371,36.454928902152254,1.0,1.0,,,1.0,1.0,-0.8642597284863659,-0.9084128590370926,2185,24,"[458, 454, 459, 452, 362]","[5, 5, 5, 5, 4]",False,False,False,False,False,0.007071067811865475,0.006898891149459071,24,24,24,0,0.0,{},0.7762526512048729,0.6680973577480542,0.0,False,True,False,False,True,False,0.0,5.985125930330052,-6.16682913943371,5.985125930330052,91.04166666666667,1.1998463989507093,0.03791591084226171,False,1.3100470056092253,False,0.025000000000000022,False,False,0.00021906118136955977,0.025000000000000022,False,False,0.8822881303795539,0.37762101357603894,True,False,0.16352827462621036,0.028494903938310206,True,False,0.7783435798933379,False,False,forward_only_adequate
1097,sequential_evalue,martingale_evalue,True,ok,0.37203673907617646,3.779593305601052,6.686602151520737,-5.676881231806106,33.60130537335215,1.0,1.0,,,1.0,1.0,-0.8373736834529941,-0.8453467917850019,2202,24,"[455, 481, 455, 446, 365]","[5, 5, 5, 5, 4]",False,False,False,False,False,0.007071067811865475,0.006966372450555488,24,24,24,0,0.0,{},0.7730725017466702,0.698476499293973,0.0,False,True,False,False,True,False,0.0,6.686602151520737,-5.676881231806106,6.686602151520737,91.75,1.1210781295623617,0.00936416108416753,False,1.2853568391388248,False,0.014236111111111116,False,False,0.0016369001332405175,0.014236111111111116,False,False,0.8569444188268487,0.39147560273565585,True,False,0.12809579812119545,0.3514530418361097,True,False,1.162456574501435,False,False,forward_only_adequate
1098,sequential_evalue,martingale_evalue,True,ok,-1.6341615473351194,2.2852424322577893,2.2026972635864697,-6.06598494764004,33.58662245625439,1.0,1.0,,,1.0,1.0,-0.862779884821169,-1.0429970266224398,2218,24,"[451, 454, 466, 475, 372]","[5, 5, 5, 5, 4]",False,False,False,False,False,0.007071067811865475,0.006982112676511737,24,24,24,0,0.0,{},0.7860351397533338,0.6994637252244403,0.0,False,True,False,False,True,False,0.0,2.2026972635864697,-6.06598494764004,2.2026972635864697,92.41666666666667,1.1271931475905688,0.01701599322808677,False,1.3412313726094522,False,0.03125,False,False,0.008484590611171388,0.03125,False,False,-0.8566491845006937,0.39163879477024877,True,False,0.17527117496252057,0.05502886174595999,True,False,-1.3827825810810597,False,False,forward_only_adequate
1099,sequential_evalue,martingale_evalue,True,ok,-0.6864180011798897,4.227823539435312,7.8379675139429565,-7.1742887435185905,34.788482746765915,0.5990237163571962,1.0,,,0.5990237163571962,1.0,0.5124540883997348,-0.48498432202956276,2164,24,"[448, 456, 462, 441, 357]","[5, 5, 5, 5, 4]",False,False,False,False,False,0.007071067811865475,0.006912064660830499,24,24,24,0,0.0,{},0.7635976249969816,0.6745267293642637,0.0,False,True,False,False,True,False,0.0,7.8379675139429565,-7.1742887435185905,7.8379675139429565,90.16666666666667,1.1416587035630714,0.015957959897229243,False,1.3216689770143073,False,0.014583333333333393,False,False,0.0031580226090280085,0.014583333333333393,False,False,1.0469208458233366,0.29513608661908686,True,False,0.21872362094904838,0.03724832194100665,True,False,0.48450899311055623,False,False,forward_only_adequate
1100,sequential_evalue,martingale_evalue,True,ok,-0.14453834342181585,3.459717851181378,6.631900115154693,-5.294047359123922,32.962027971104085,1.0,1.0,,,1.0,1.0,-0.8973263175170074,-0.7760573164048452,2208,24,"[470, 458, 453, 452, 375]","[5, 5, 5, 5, 4]",False,False,False,False,False,0.007071067811865475,0.007020447055936638,24,24,24,0,0.0,{},0.7821573165995521,0.7096472576835089,0.0,False,True,False,False,True,False,0.0,6.631900115154693,-5.294047359123922,6.631900115154693,92.0,1.1097946071205298,0.046592086209093046,False,1.1953559687778188,False,0.023611111111111027,False,False,0.0005895143506107981,0.023611111111111027,False,False,0.6364179517114749,0.5245040432653766,True,False,0.0995767993615382,0.2533161923102294,True,False,1.1901876990828457,False,False,forward_only_adequate
1101,sequential_evalue,martingale_evalue,True,ok,3.4931828108237544,3.380239864657556,8.797635534707315,-2.5004227255032156,34.50172913594863,1.0,1.0,,,1.0,1.0,-1.1032285844650411,-0.3744662259887219,2229,24,"[455, 468, 469, 464, 373]","[5, 5, 5, 5, 4]",False,False,False,False,False,0.007071067811865475,0.007017577630047406,24,24,24,0,0.0,{},0.776254446322673,0.7348822768598924,0.0,False,True,False,False,True,False,0.0,8.797635534707315,-2.5004227255032156,8.797635534707315,92.875,1.1666685874182594,0.03620275945115337,False,1.2783041764962921,False,0.028819444444444398,False,False,0.0194771763018648,0.028819444444444398,False,False,-0.3300778740511871,0.741341121136371,True,False,0.09849559016303688,0.10941627426166946,True,False,0.326335288856286,False,False,forward_only_adequate
1102,sequential_evalue,martingale_evalue,True,ok,1.0521543468969905,4.22023505335658,10.158534936379068,-5.198634991935686,34.5804342274742,1.0,1.0,,,1.0,1.0,-0.9234840065812537,-0.5888610395415751,2216,24,"[455, 446, 464, 479, 372]","[5, 5, 5, 5, 4]",False,False,False,False,False,0.007071067811865475,0.006942307795437259,24,24,24,0,0.0,{},0.7799680153520498,0.6780499788934361,0.0,False,True,False,False,True,False,0.0,10.158534936379068,-5.198634991935686,10.158534936379068,92.33333333333333,1.153409618227514,0.003923725182312771,False,1.2201085361452353,False,0.020138888888888817,False,False,0.0050307075827413115,0.020138888888888817,False,False,0.8538712592509542,0.39317632575546335,True,False,0.13607905396497139,0.06187132653263738,True,False,0.13243029776929008,False,False,forward_only_adequate
1103,sequential_evalue,martingale_evalue,True,ok,-1.4167140055000917,3.2616486852190802,4.3449965207746475,-7.2966530377013346,34.028124662626674,1.0,1.0,,,1.0,1.0,-0.7751566163644649,-0.9145775807656535,2214,24,"[457, 460, 468, 466, 363]","[5, 5, 5, 5, 4]",False,False,False,False,False,0.007071067811865475,0.0070041977366409386,24,24,24,0,0.0,{},0.7842265477715391,0.678728644667435,0.0,False,True,False,False,True,False,0.0,4.3449965207746475,-7.296653037701335,4.3449965207746475,92.25,1.1445890983632665,0.027325623245404915,False,1.2651046332185119,False,0.020486111111111094,False,False,0.007093715660066593,0.020486111111111094,False,False,-0.13686058307790022,0.8911409957375304,True,False,0.1513507274746754,0.3401901556736795,True,False,-0.7712464222952491,False,False,forward_only_adequate
1104,sequential_evalue,martingale_evalue,True,ok,-0.821519593225807,3.807318115401951,6.013054608434917,-7.199721424561977,32.944678026944,1.0,1.0,,,1.0,1.0,-0.8133388789856324,-1.0336174327327339,2234,24,"[459, 463, 469, 465, 378]","[5, 5, 5, 5, 4]",False,False,False,False,False,0.007071067811865475,0.007031679538176969,24,24,24,0,0.0,{},0.7839992896256271,0.707481891151413,0.0,False,True,False,False,True,False,0.0,6.013054608434917,-7.199721424561976,6.013054608434917,93.08333333333333,1.1175071366863447,0.013852872408688162,False,1.2514167080472531,False,0.02951388888888884,False,False,0.003951068564330831,0.02951388888888884,False,False,0.8453667805770901,0.39790608592531285,True,False,0.16233195330983535,0.12609032377914794,True,False,0.2731655267792366,False,False,forward_only_adequate
1105,sequential_evalue,martingale_evalue,True,ok,1.1419580960764486,3.2445757096678873,6.198679845942669,-4.607568444173301,33.89222435256435,1.0,1.0,,,1.0,1.0,-1.0006390500332731,-0.758320299695217,2183,24,"[457, 464, 447, 444, 371]","[5, 5, 5, 5, 4]",False,False,False,False,False,0.007071067811865475,0.006993627475404069,24,24,24,0,0.0,{},0.7701029598136186,0.6346931612528154,0.0,False,True,False,False,True,False,0.0,6.198679845942668,-4.607568444173301,6.198679845942668,90.95833333333333,1.1303002385604701,0.021008172120135973,False,1.2763166466026559,False,0.0371527777777777,False,False,0.00564237683693217,0.0371527777777777,False,False,0.91671079052166,0.3592942101885862,True,False,0.12579239035849257,0.2155967652908334,True,False,0.3327032555057033,False,False,forward_only_adequate
1106,sequential_evalue,martingale_evalue,True,ok,0.1373080182411671,3.756572461851228,7.356383693595071,-5.932544834178344,34.22734005008253,1.0,1.0,,,1.0,1.0,-0.8528515933215929,-0.7435649278379415,2205,24,"[453, 465, 458, 470, 359]","[5, 5, 5, 5, 4]",False,False,False,False,False,0.007071067811865475,0.0069912960205669745,24,24,24,0,0.0,{},0.7802505625957568,0.7023387532306835,0.0,False,True,False,False,True,False,0.0,7.356383693595071,-5.932544834178344,7.356383693595071,91.875,1.1468312568024073,0.013831098221831716,False,1.266177125135297,False,0.04930555555555549,False,False,0.0005381186796336479,0.04930555555555549,False,False,-0.456825314674773,0.6477966088354521,True,False,0.14901368082361827,0.11190229396393114,True,False,0.45326683263684203,False,False,forward_only_adequate
1107,sequential_evalue,martingale_evalue,True,ok,3.8198030316555953,2.6828585033114174,8.153677533647919,-1.0347767787778337,33.64770250282084,1.0,1.0,,,1.0,1.0,-0.9715566253127726,-0.4233468658287003,2215,24,"[448, 479, 467, 462, 359]","[5, 5, 5, 5, 4]",False,False,False,False,False,0.007071067811865475,0.0070243189494820085,24,24,24,0,0.0,{},0.7839244237708849,0.6870508595736357,0.0,False,True,False,False,True,False,0.0,8.153677533647919,-1.0347767787778337,8.153677533647919,92.29166666666667,1.1353006523794715,0.0008513105493327123,False,1.2627600446222451,False,0.016666666666666607,False,False,0.02229718466381575,0.016666666666666607,False,False,1.7712921014520357,0.07651214024117696,True,False,0.14852883020881938,0.18269893662568115,True,False,-0.33514961007229443,False,False,forward_only_adequate
1108,sequential_evalue,martingale_evalue,True,ok,2.411743126541163,3.93077294744145,9.002913022233546,-4.528069739623684,35.166133943672705,1.0,1.0,,,1.0,1.0,-1.076953096991053,-0.7034493626683669,2215,24,"[466, 461, 451, 474, 363]","[5, 5, 5, 5, 4]",False,False,False,False,False,0.007071067811865475,0.006933562706974883,24,24,24,0,0.0,{},0.7876033168145598,0.7065460069522704,0.0,False,True,False,False,True,False,0.0,9.002913022233546,-4.528069739623684,9.002913022233546,92.29166666666667,1.1712033943058677,0.005359386526600551,False,1.3378072724855878,False,0.029861111111111116,False,False,0.012657783696770291,0.029861111111111116,False,False,1.2352570600781339,0.2167348492101877,True,False,0.18985586088321807,0.06554777281873558,True,False,0.16042280694214112,False,False,forward_only_adequate
1109,sequential_evalue,martingale_evalue,True,ok,-5.994039808188563,3.962201674090263,1.2465409675440302,-12.681156688287219,34.609036250501006,0.7666221625551499,1.0,,,0.7666221625551499,1.0,0.26576121625901367,-1.2594597888295904,2179,24,"[462, 452, 445, 450, 370]","[5, 5, 5, 5, 4]",False,False,False,False,False,0.007071067811865475,0.006975800359691167,24,24,24,0,0.0,{},0.76623501729665,0.6784496482884674,0.0,False,True,False,False,True,False,0.0,1.2465409675440302,-12.681156688287219,1.2465409675440302,90.79166666666667,1.1502084330306153,0.004317017165756592,False,1.2722348885951156,False,0.022222222222222254,False,False,0.03717396541087472,0.022222222222222254,False,False,-1.9222596344024492,0.054573096427696234,True,False,0.21733192095766016,0.05644737946270972,True,False,-0.9604431609519669,False,False,forward_only_adequate
1110,sequential_evalue,martingale_evalue,True,ok,5.490974948283404,2.731992623411805,10.048690741575815,0.6831038256322426,33.518859127391735,1.0,1.0,,,1.0,1.0,-1.2203281347917012,-0.37242175003254396,2229,24,"[473, 460, 468, 456, 372]","[5, 5, 5, 5, 4]",False,False,False,False,False,0.007071067811865475,0.006908747216394754,24,24,24,0,0.0,{},0.7767984295697277,0.7073186816559086,0.0,False,True,False,False,True,False,0.0,10.048690741575815,0.6831038256322426,10.048690741575815,92.875,1.1158554747800913,0.024601570922338112,False,1.2409880319937439,False,0.026388888888888906,False,False,0.0347533513606231,0.026388888888888906,False,False,0.7497871690542397,0.45338289771276086,True,False,0.11962934213004113,0.30907774437857555,True,False,1.657534890182701,False,False,forward_only_adequate
1111,sequential_evalue,martingale_evalue,True,ok,2.8973083549623087,3.535952342413621,8.862146243200586,-2.8702153361383167,34.27621992352478,1.0,1.0,,,1.0,1.0,-1.078828880506394,-0.602867178700987,2194,24,"[441, 438, 464, 479, 372]","[5, 5, 5, 5, 4]",False,False,False,False,False,0.007071067811865475,0.006979934181665806,24,24,24,0,0.0,{},0.770916750758579,0.6861088831178751,0.0,False,True,False,False,True,False,0.0,8.862146243200586,-2.8702153361383167,8.862146243200586,91.41666666666667,1.1437390341245306,0.0053143763310398015,False,1.2969610596946177,False,0.04618055555555556,False,False,0.01605809417957146,0.04618055555555556,False,False,-1.976458074905673,0.048102919639591186,True,False,0.18735219866765995,0.0850270904523642,True,False,-1.2766633328255403,False,False,forward_only_adequate
1112,sequential_evalue,martingale_evalue,True,ok,1.6834116766775564,3.5730875372233117,7.382278045317595,-4.320274187528949,34.03908431251793,1.0,0.9269703552442269,,,1.0,0.9269703552442269,-0.9138339939707254,0.07583369316794486,2213,24,"[471, 469, 447, 453, 373]","[5, 5, 5, 5, 4]",False,False,False,False,False,0.007071067811865475,0.0069390029612422235,24,24,24,0,0.0,{},0.7745881718911142,0.7233294965022001,0.0,False,True,False,False,True,False,0.0,7.382278045317595,-4.320274187528949,7.382278045317595,92.20833333333333,1.1340443308324217,0.022286839825142055,False,1.2198728063746114,False,0.01909722222222221,False,False,0.008715262963021105,0.01909722222222221,False,False,-0.23970655254103881,0.8105577548336217,True,False,0.08469260032325349,0.14375969248238932,True,False,0.10653521412326467,False,False,forward_only_adequate
1113,sequential_evalue,martingale_evalue,True,ok,6.350218005353654,3.766942536048566,13.454980660619885,0.11995317076327616,32.61297416970547,1.0,1.0,,,1.0,1.0,-1.3514203174097053,-0.20662688059721923,2212,24,"[464, 470, 443, 471, 364]","[5, 5, 5, 5, 4]",False,False,False,False,False,0.007071067811865475,0.007022310067870821,24,24,24,0,0.0,{},0.7806976994040282,0.7246019300185547,0.0,False,True,False,False,True,False,0.0,13.454980660619887,0.11995317076327616,13.454980660619887,92.16666666666667,1.0993281603274412,0.0046093380783421714,False,1.2590736556188802,False,0.028819444444444398,False,False,0.04196226386474743,0.028819444444444398,False,False,-0.5430907675683745,0.5870673089959645,True,False,0.21643655754785865,0.07591827317340513,True,False,-0.7148041458363278,False,False,forward_only_adequate
1114,sequential_evalue,martingale_evalue,True,ok,1.5028669652802928,4.236842447316859,8.679988193843384,-5.238372072058488,34.031148552127895,1.0,1.0,,,1.0,1.0,-0.9308551980745502,-0.7776495231961584,2230,24,"[451, 474, 461, 466, 378]","[5, 5, 5, 5, 4]",False,False,False,False,False,0.007071067811865475,0.007020216365405719,24,24,24,0,0.0,{},0.7863789243506438,0.6817986158427793,0.0,False,True,False,False,True,False,0.0,8.679988193843384,-5.238372072058488,8.679988193843384,92.91666666666667,1.1514469115302746,0.0007130903224299809,False,1.3313568271206313,False,0.011111111111111183,False,False,0.007532430900900578,0.011111111111111183,False,False,-0.027050144812853776,0.9784197388684456,True,False,0.2092219837380449,0.038910961550348726,True,False,0.15046631900063737,False,False,forward_only_adequate
1115,sequential_evalue,martingale_evalue,True,ok,1.8968216866812,3.605908935865069,8.515319601778872,-3.7700873257027068,34.9991475957845,1.0,1.0,,,1.0,1.0,-0.9505553854447222,-0.7284547920442781,2193,24,"[449, 456, 454, 466, 368]","[5, 5, 5, 5, 4]",False,False,False,False,False,0.007071067811865475,0.007010017618475018,24,24,24,0,0.0,{},0.7767482169583755,0.6994123702868825,0.0,False,True,False,False,True,False,0.0,8.515319601778872,-3.7700873257027063,8.515319601778872,91.375,1.1726280431926788,0.011978864864321726,False,1.3064037678356308,False,0.037847222222222254,False,False,0.009609126848255347,0.037847222222222254,False,False,0.887384479644944,0.3748719365671781,True,False,0.16767254824794078,0.12489349165201415,True,False,0.8967833177820792,False,False,forward_only_adequate
1116,sequential_evalue,martingale_evalue,True,ok,-2.7578482327955225,3.081766229371963,1.7831351591792863,-9.935336563108766,33.043236152725214,1.0,1.0,,,1.0,1.0,-0.674051520481599,-1.120508757638628,2228,24,"[451, 465, 472, 455, 385]","[5, 5, 5, 5, 4]",False,False,False,False,False,0.007071067811865475,0.007001440989647873,24,24,24,0,0.0,{},0.7872078473085662,0.6842471907109541,0.0,False,True,False,False,True,False,0.0,1.7831351591792863,-9.935336563108766,1.7831351591792863,92.83333333333333,1.1145305665457594,0.0094879905383519,False,1.2971059766337578,False,0.017013888888888884,False,False,0.015630063709173008,0.017013888888888884,False,False,-1.0769344139342871,0.2815095673102036,True,False,0.11247490612598227,0.3400400619200431,True,False,-1.38818293118449,False,False,forward_only_adequate
1117,sequential_evalue,martingale_evalue,True,ok,-2.6165016711908025,2.879965707177601,2.714159726381212,-7.264076491757077,33.73932191291421,1.0,1.0,,,1.0,1.0,-0.7540053353824938,-1.1121360584127653,2254,24,"[481, 460, 460, 484, 369]","[5, 5, 5, 5, 4]",False,False,False,False,False,0.007071067811865475,0.006983303494969316,24,24,24,0,0.0,{},0.7922122692436155,0.7310639590741543,0.0,False,True,False,False,True,False,0.0,2.714159726381212,-7.264076491757077,2.714159726381212,93.91666666666667,1.1416647873978212,0.0242486856661683,False,1.256823780501229,False,0.021874999999999978,False,False,0.014311117214016983,0.021874999999999978,False,False,0.0790087746051216,0.9370256437581646,True,False,0.10833406838842946,0.2028542687257397,True,False,-0.9160495464939487,False,False,forward_only_adequate
1118,sequential_evalue,martingale_evalue,True,ok,-1.7072290462738684,3.004432277103698,3.402365001254921,-6.9296313608309035,33.64169765391719,1.0,1.0,,,1.0,1.0,-0.7468628002758966,-1.0280652621027133,2235,24,"[462, 461, 473, 454, 385]","[5, 5, 5, 5, 4]",False,False,False,False,False,0.007071067811865475,0.006969931685225305,24,24,24,0,0.0,{},0.7772564995344592,0.712437506863863,0.0,False,True,False,False,True,False,0.0,3.402365001254921,-6.9296313608309035,3.402365001254921,93.125,1.1313828000382773,0.04432255664294201,False,1.283257070701875,False,0.028472222222222232,False,False,0.008879086199901033,0.028472222222222232,False,False,-0.40576537172359506,0.6849150044423112,True,False,0.17191566148069612,0.01588139846198639,True,False,0.5276312891321772,False,False,forward_only_adequate
1119,sequential_evalue,martingale_evalue,True,ok,-6.695045136634708,3.9779556226561716,0.5694344191710803,-13.394356056169181,33.18963577187663,0.7125582616366362,1.0,,,0.7125582616366362,1.0,0.3388935994642885,-1.3235296585603205,2232,24,"[456, 453, 476, 463, 384]","[5, 5, 5, 5, 4]",False,False,False,False,False,0.007071067811865475,0.006927208465618039,24,24,24,0,0.0,{},0.7827752067270805,0.7267533448012016,0.0,False,True,False,False,True,False,0.0,0.5694344191710803,-13.394356056169181,0.5694344191710803,93.0,1.1085932308037396,0.0025343199362234696,False,1.3320737119570745,False,0.014930555555555558,False,False,0.044221518214392935,0.014930555555555558,False,False,-0.629795780015168,0.52882820700931,True,False,0.2501437940555472,0.10221155972670729,True,False,-1.0184897992878272,False,False,forward_only_adequate
1120,sequential_evalue,martingale_evalue,True,ok,-1.0612871911807182,3.1202676758416974,4.037724556418731,-6.753597680063435,34.64916264004165,1.0,1.0,,,1.0,1.0,-0.21220667168749618,-0.9626827818649548,2231,24,"[452, 469, 456, 479, 375]","[5, 5, 5, 5, 4]",False,False,False,False,False,0.007071067811865475,0.0069236523480788546,24,24,24,0,0.0,{},0.7796711658481436,0.7189641865797117,0.0,False,True,False,False,True,False,0.0,4.037724556418731,-6.753597680063435,4.037724556418731,92.95833333333333,1.1564907541451575,0.01597545230699065,False,1.313153577835374,False,0.017013888888888884,False,False,0.005064549755585797,0.017013888888888884,False,False,0.40466607420761347,0.6857229828598095,True,False,0.18753161695981177,0.018980049246229987,True,False,-0.5465508409900425,False,False,forward_only_adequate
1121,sequential_evalue,martingale_evalue,True,ok,0.3566092268974434,3.181811254310795,8.079353933179414,-4.365783170539207,34.773927480258806,1.0,1.0,,,1.0,1.0,-0.9534663629328832,-0.6078561605961729,2219,24,"[474, 445, 453, 463, 384]","[5, 5, 5, 5, 4]",False,False,False,False,False,0.007071067811865475,0.0070085849310091795,24,24,24,0,0.0,{},0.7769782944226679,0.7012212694270004,0.0,False,True,False,False,True,False,0.0,8.079353933179414,-4.365783170539207,8.079353933179414,92.45833333333333,1.171728839450108,0.020812891787052545,False,1.3295339662202152,False,0.018750000000000044,False,False,0.0014883882023998551,0.018750000000000044,False,False,0.8816302742293508,0.37797677804818186,True,False,0.07824474475075195,0.3709185742304827,True,False,0.22475717988698837,False,False,forward_only_adequate
1122,sequential_evalue,martingale_evalue,True,ok,1.8796760920124156,3.710497070187608,8.99964026079432,-4.225611715645533,34.91737166974743,1.0,1.0,,,1.0,1.0,-0.9563545821967239,-0.7174484380536954,2208,24,"[451, 459, 455, 472, 371]","[5, 5, 5, 5, 4]",False,False,False,False,False,0.007071067811865475,0.007025973945317314,24,24,24,0,0.0,{},0.7862005723897447,0.6781055857693967,0.0,False,True,False,False,True,False,0.0,8.99964026079432,-4.225611715645533,8.99964026079432,92.0,1.1765543629202286,0.011503501107421474,False,1.2948492971797352,False,0.02256944444444442,False,False,0.009474267700708423,0.02256944444444442,False,False,0.07048890274323777,0.9438045329081965,True,False,0.13584280336447618,0.0931399210753543,True,False,0.1342841599588388,False,False,forward_only_adequate
1123,sequential_evalue,martingale_evalue,True,ok,1.5033415846027574,3.332897029594616,6.895073647640215,-4.595768109212784,33.44366394896053,1.0,1.0,,,1.0,1.0,-0.9480445092882828,-0.7400535031695072,2259,24,"[473, 475, 456, 475, 380]","[5, 5, 5, 5, 4]",False,False,False,False,False,0.007071067811865475,0.006964542454728178,24,24,24,0,0.0,{},0.7921170569399898,0.7428315827326796,0.0,False,True,False,False,True,False,0.0,6.895073647640214,-4.595768109212784,6.895073647640214,94.125,1.1298712030059863,0.017134728545133565,False,1.3047318523869342,False,0.02673611111111107,False,False,0.007698203346154666,0.02673611111111107,False,False,0.2495344833576035,0.8029473704571739,True,False,0.1570135957291766,0.10851784650756736,True,False,-0.001724516198505321,False,False,forward_only_adequate
1124,sequential_evalue,martingale_evalue,True,ok,4.974129551545414,2.7115667640787,9.614577035860595,0.21216394573941333,32.995902668204955,1.0,1.0,,,1.0,1.0,-1.3033357575492976,-0.6035026391272105,2220,24,"[481, 463, 447, 463, 366]","[5, 5, 5, 5, 4]",False,False,False,False,False,0.007071067811865475,0.00703790211257185,24,24,24,0,0.0,{},0.7773978883594204,0.7109236458878424,0.0,False,True,False,False,True,False,0.0,9.614577035860595,0.21216394573941333,9.614577035860595,92.5,1.116719517655435,0.02789276216984554,False,1.2406006937419474,False,0.021874999999999978,False,False,0.03092367611080981,0.021874999999999978,False,False,0.4620380464364053,0.6440540368624281,True,False,0.13215547329657018,0.15529129651041304,True,False,-0.3853058441496139,False,False,forward_only_adequate
1125,sequential_evalue,martingale_evalue,True,ok,-4.452523586462054,3.7948209168122835,3.5499606102376804,-10.307598807869214,33.60383486197155,1.0,1.0,,,1.0,1.0,-0.5878693391751275,-1.2650964908043978,2229,24,"[464, 485, 463, 446, 371]","[5, 5, 5, 5, 4]",False,False,False,False,False,0.007071067811865475,0.007052056916437593,24,24,24,0,0.0,{},0.7808804750862466,0.7078358149284559,0.0,False,True,False,False,True,False,0.0,3.549960610237681,-10.307598807869214,3.549960610237681,92.875,1.1418894705562967,0.01037499984018707,False,1.2406153527234833,False,0.03923611111111114,False,False,0.026471671801881348,0.03923611111111114,False,False,-0.30291359335384327,0.761955711756086,True,False,0.20398544001644692,0.005281356995475229,True,False,-1.6248534113903659,False,False,forward_only_adequate
1126,sequential_evalue,martingale_evalue,True,ok,-0.8346376924576475,3.530042325050419,5.376798834250216,-7.643375263013155,34.09448874467293,1.0,1.0,,,1.0,1.0,-0.9505849316484343,-0.9935790798455413,2226,24,"[464, 461, 474, 454, 373]","[5, 5, 5, 5, 4]",False,False,False,False,False,0.007071067811865475,0.007032497092397895,24,24,24,0,0.0,{},0.7851565694961136,0.7089442800024189,0.0,False,True,False,False,True,False,0.0,5.376798834250216,-7.643375263013155,5.376798834250216,92.75,1.1545711657529534,0.0016813777524094424,False,1.3061457522872701,False,0.011805555555555514,False,False,0.0038777059736956688,0.011805555555555514,False,False,-0.3190816049349121,0.7496646322967593,True,False,0.08788350232728537,0.13345681517585103,True,False,-1.8230998135727219,False,False,forward_only_adequate
1127,sequential_evalue,martingale_evalue,True,ok,0.9577439864169907,4.334720552714803,8.726457795967626,-5.993182224789965,33.535865321801914,1.0,0.8951899950372623,,,1.0,0.8951899950372623,-0.710404109517877,0.11071929827871002,2199,24,"[462, 464, 434, 463, 376]","[5, 5, 5, 5, 4]",False,False,False,False,False,0.007071067811865475,0.006910839624997079,24,24,24,0,0.0,{},0.77670500229408,0.6939150142610896,0.0,False,True,False,False,True,False,0.0,8.726457795967626,-5.993182224789965,8.726457795967626,91.625,1.1092190757906435,0.0012703127790167983,False,1.2425686120630854,False,0.011458333333333348,False,False,0.004730090457320999,0.011458333333333348,False,False,0.03820562202467451,0.9695237384427989,True,False,0.08954544937748687,0.27847213717311115,True,False,-0.17182120699797407,False,False,forward_only_adequate
1128,sequential_evalue,martingale_evalue,True,ok,-5.1636056529111025,3.1363426205221114,0.1351163314817665,-10.578497880760338,34.420477778380864,1.0,1.0,,,1.0,1.0,-0.3057587795369353,-1.2907205149763148,2223,24,"[465, 458, 452, 474, 374]","[5, 5, 5, 5, 4]",False,False,False,False,False,0.007071067811865475,0.007013430329737579,24,24,24,0,0.0,{},0.7884323644026384,0.6952767315340134,0.0,False,True,False,False,True,False,0.0,0.1351163314817665,-10.578497880760338,0.1351163314817665,92.625,1.161666582604318,0.0146208327703539,False,1.3312673992850903,False,0.018749999999999933,False,False,0.030848653350110326,0.018749999999999933,False,False,0.2048472009851626,0.8376915078367717,True,False,0.17161849752964806,0.23057612951645032,True,False,-0.2867468518653648,False,False,forward_only_adequate
1129,sequential_evalue,martingale_evalue,True,ok,-3.907499001726702,3.010155684192848,1.0562058688876066,-8.964668252179596,32.66824707502749,1.0,1.0,,,1.0,1.0,-0.30108229609562775,-1.13078353439292,2221,24,"[458, 489, 454, 443, 377]","[5, 5, 5, 5, 4]",False,False,False,False,False,0.007071067811865475,0.006995003288023458,24,24,24,0,0.0,{},0.7836328134403272,0.6637050347850717,0.0,False,True,False,False,True,False,0.0,1.0562058688876066,-8.964668252179596,1.0562058688876066,92.54166666666667,1.0991384922431775,0.0360127185089969,False,1.2846248247347014,False,0.036805555555555536,False,False,0.023770755745876313,0.036805555555555536,False,False,0.08614585478732126,0.9313504722329861,True,False,0.13462191606496282,0.35742240551272875,True,False,-1.2961945668301709,False,False,forward_only_adequate
1130,sequential_evalue,martingale_evalue,True,ok,5.258124363819459,3.4743384762062526,11.468452933350337,-0.450551664946623,32.93537323639704,1.0,1.0,,,1.0,1.0,-1.3277057208941,-0.5842596641343365,2203,24,"[445, 459, 454, 469, 376]","[5, 5, 5, 5, 4]",False,False,False,False,False,0.007071067811865475,0.007065076125357524,24,24,24,0,0.0,{},0.7678508696900792,0.7038750212352011,0.0,False,True,False,False,True,False,0.0,11.468452933350337,-0.450551664946623,11.468452933350337,91.79166666666667,1.1146822027209966,0.015520443635116597,False,1.2947991879203864,False,0.013194444444444509,False,False,0.03307214999304468,0.013194444444444509,False,False,-0.31593033905670703,0.7520553831768696,True,False,0.14257475738685532,0.3555832556261353,True,False,-0.015887106188572697,False,False,forward_only_adequate
1131,sequential_evalue,martingale_evalue,True,ok,2.1877869948869897,2.7838250012550163,6.6638934261502305,-2.6948533149608043,33.76272394363017,1.0,1.0,,,1.0,1.0,-1.1719767699597803,-0.7722642066354757,2213,24,"[475, 456, 465, 454, 363]","[5, 5, 5, 5, 4]",False,False,False,False,False,0.007071067811865475,0.007015650121689136,24,24,24,0,0.0,{},0.7796881061776573,0.6585035790570744,0.0,False,True,False,False,True,False,0.0,6.6638934261502305,-2.6948533149608043,6.6638934261502305,92.20833333333333,1.1372619014340408,0.02946221378700174,False,1.3036999953335175,False,0.016319444444444442,False,False,0.011709567168065137,0.016319444444444442,False,False,-0.25133528748086076,0.8015548950871327,True,False,0.2919973155213467,0.005610037484703599,True,False,1.0860695190191942,False,False,forward_only_adequate
1132,sequential_evalue,martingale_evalue,True,ok,-0.44703570546193205,3.7457145180107347,5.88203488459527,-6.682245442651598,34.01765346683321,1.0,1.0,,,1.0,1.0,-0.6494672322100596,-0.08841446243413731,2179,24,"[451, 450, 451, 449, 378]","[5, 5, 5, 5, 4]",False,False,False,False,False,0.007071067811865475,0.006853909115745546,24,24,24,0,0.0,{},0.7635316663142608,0.6847683261746295,0.0,False,True,False,False,True,False,0.0,5.88203488459527,-6.682245442651598,5.88203488459527,90.79166666666667,1.1107995435945905,0.0006433444817093982,False,1.302197354549381,False,0.037847222222222254,False,False,0.0020243855298400825,0.037847222222222254,False,False,-1.3289631857215836,0.18386011585890683,True,False,0.16752322883863766,0.07227715256565335,True,False,0.6579910561863681,False,False,forward_only_adequate
1133,sequential_evalue,martingale_evalue,True,ok,3.011901895908634,5.221121606490871,11.242732761873546,-7.175432883469494,35.09484303001267,0.6027818223576739,0.7255800821134941,,,0.6027818223576739,0.7255800821134941,0.5061999680300757,0.3207838307874481,2204,24,"[448, 457, 459, 475, 365]","[5, 5, 5, 5, 4]",False,False,False,False,False,0.007071067811865475,0.00691296503487528,24,24,24,0,0.0,{},0.7744444646169364,0.6891955145536801,0.0,False,True,False,False,True,False,0.0,11.242732761873546,-7.175432883469494,11.242732761873546,91.83333333333333,1.1624595322973807,0.025947669594122324,False,1.2594590306327342,False,0.03229166666666672,False,False,0.01648088854802315,0.03229166666666672,False,False,0.23453350748555055,0.8145708232564755,True,False,0.14704153647844592,0.08183226598443734,True,False,0.11371119745464164,False,False,forward_only_adequate
1134,sequential_evalue,martingale_evalue,True,ok,1.2952538352426428,2.859405357288444,5.61684788034412,-4.448952073077828,33.750892330192244,1.0,1.0,,,1.0,1.0,-1.0051907609506503,-0.9046999110818377,2198,24,"[452, 467, 451, 467, 361]","[5, 5, 5, 5, 4]",False,False,False,False,False,0.007071067811865475,0.007005040594209832,24,24,24,0,0.0,{},0.7629646962781631,0.715762268782334,0.0,False,True,False,False,True,False,0.0,5.61684788034412,-4.448952073077828,5.61684788034412,91.58333333333333,1.131290508436521,0.003868038181221954,False,1.2845683047068552,False,0.024652777777777746,False,False,0.006496075314164636,0.024652777777777746,False,False,1.8406716465988495,0.06566969135928927,True,False,0.11714913781627487,0.1717723306543715,True,False,0.6077053108799066,False,False,forward_only_adequate
1135,sequential_evalue,martingale_evalue,True,ok,-0.8757348868583525,2.9795858988545603,4.842687232590915,-5.9484492110230125,34.295478039946126,1.0,1.0,,,1.0,1.0,-0.8231494496127325,-0.9478098672307436,2216,24,"[469, 469, 461, 446, 371]","[5, 5, 5, 5, 4]",False,False,False,False,False,0.007071067811865475,0.006954593007955996,24,24,24,0,0.0,{},0.7784123041761007,0.7402493477595402,0.0,False,True,False,False,True,False,0.0,4.842687232590915,-5.948449211023013,4.842687232590915,92.33333333333333,1.1459293473721797,0.006220421889575214,False,1.2482105065497224,False,0.031597222222222165,False,False,0.004126062192883815,0.031597222222222165,False,False,1.5976372341086464,0.11012373486313136,True,False,0.16352403206322,0.07779267667493947,True,False,0.09976856904964647,False,False,forward_only_adequate
1136,sequential_evalue,martingale_evalue,True,ok,-3.0274462779678353,3.600260586867585,3.72814704757578,-8.81110226839918,35.317906833525996,1.0,1.0,,,1.0,1.0,-0.7356250590451696,-1.0933490821020708,2209,24,"[459, 463, 460, 449, 378]","[5, 5, 5, 5, 4]",False,False,False,False,False,0.007071067811865475,0.007010541794907387,24,24,24,0,0.0,{},0.7778140327644795,0.6959870353952906,0.0,False,True,False,False,True,False,0.0,3.72814704757578,-8.81110226839918,3.72814704757578,92.04166666666667,1.1877055360860933,0.022114318344031464,False,1.2880123447172052,False,0.04618055555555556,False,False,0.016173509233557325,0.04618055555555556,False,False,0.016036862963311187,0.9872049830793651,True,False,0.0603629975483793,0.4158001978521163,True,False,-1.4451138077758234,False,False,forward_only_adequate
1137,sequential_evalue,martingale_evalue,True,ok,4.956056700848551,3.2660875369773095,10.365037775857129,-0.6793533315775822,33.51082107567747,1.0,0.6081527993802581,,,1.0,0.6081527993802581,-1.1644991716156488,0.4973291138200755,2243,24,"[460, 477, 480, 454, 372]","[5, 5, 5, 5, 4]",False,False,False,False,False,0.007071067811865475,0.006989956873510909,24,24,24,0,0.0,{},0.7951863904098346,0.7192810626831275,0.0,False,True,False,False,True,False,0.0,10.365037775857129,-0.6793533315775822,10.365037775857129,93.45833333333333,1.1322402394042066,0.02138909273986553,False,1.2572697584013717,False,0.01041666666666663,False,False,0.030298962434300296,0.01041666666666663,False,False,-2.1245563467222204,0.03362364965510869,True,False,0.31043613456587543,0.02146110252962565,True,False,-2.2814908782654246,False,False,forward_only_adequate
1138,sequential_evalue,martingale_evalue,True,ok,2.203542231674219,3.418868281389121,7.806575398140283,-4.136257423784028,33.482974421315895,1.0,1.0,,,1.0,1.0,-1.1088722043099308,-0.7495246536336795,2219,24,"[461, 452, 464, 467, 375]","[5, 5, 5, 5, 4]",False,False,False,False,False,0.007071067811865475,0.006934919240862521,24,24,24,0,0.0,{},0.7776458015594085,0.6973076824340461,0.0,False,True,False,False,True,False,0.0,7.806575398140283,-4.136257423784028,7.806575398140283,92.45833333333333,1.1163708132499799,0.013100613239174875,False,1.2602927346771295,False,0.03229166666666661,False,False,0.01205903833360828,0.03229166666666661,False,False,-1.754704624426815,0.07930984462020554,True,False,0.27395271906269075,0.005453778019924045,True,False,-1.060024713499055,False,False,forward_only_adequate
1139,sequential_evalue,martingale_evalue,True,ok,-1.3884751214172883,2.72719247748636,3.5389364353763506,-5.772428076937275,33.28192646699683,1.0,1.0,,,1.0,1.0,-0.7934522763871179,-1.0448562423420933,2240,24,"[460, 467, 462, 468, 383]","[5, 5, 5, 5, 4]",False,False,False,False,False,0.007071067811865475,0.006990810718233388,24,24,24,0,0.0,{},0.7793832216794173,0.7196600539918533,0.0,False,True,False,False,True,False,0.0,3.538936435376351,-5.772428076937275,3.538936435376351,93.33333333333333,1.1238915159050187,0.0010833375994193186,False,1.317166703504813,False,0.01215277777777779,False,False,0.007078615320907174,0.01215277777777779,False,False,-0.30955118200763626,0.7569022849474524,True,False,0.19745294933934598,0.019645562010922282,True,False,-0.3135270234867487,False,False,forward_only_adequate
1140,sequential_evalue,martingale_evalue,True,ok,5.313340758947047,3.184681501620227,10.748089061483018,-0.3757669945197133,32.4774193680324,1.0,1.0,,,1.0,1.0,-1.1435554455357435,-0.02819015321813423,2249,24,"[462, 474, 469, 466, 378]","[5, 5, 5, 5, 4]",False,False,False,False,False,0.007071067811865475,0.007003011523728425,24,24,24,0,0.0,{},0.7845477793383926,0.7438714635622349,0.0,False,True,False,False,True,False,0.0,10.74808906148302,-0.3757669945197133,10.74808906148302,93.70833333333333,1.1008432033538464,0.031621658715580495,False,1.2959637300021158,False,0.006249999999999978,False,False,0.03397372429151228,0.006249999999999978,False,False,0.49973260172674383,0.6172633733578498,True,False,0.22812635325895053,0.054465803909034424,True,False,1.617559137899083,False,False,forward_only_adequate
1141,sequential_evalue,martingale_evalue,True,ok,3.8090428355778805,3.343794707636721,9.121448753604703,-1.8363984998714091,33.46154032156185,1.0,1.0,,,1.0,1.0,-1.197849570166545,-0.5826711055031698,2240,24,"[464, 469, 470, 462, 375]","[5, 5, 5, 5, 4]",False,False,False,False,False,0.007071067811865475,0.007006593871311437,24,24,24,0,0.0,{},0.7833128494432114,0.7105249129562732,0.0,False,True,False,False,True,False,0.0,9.121448753604703,-1.8363984998714091,9.121448753604703,93.33333333333333,1.1325079681082888,0.017925145714415995,False,1.2449939234916556,False,0.03402777777777777,False,False,0.022287916788556135,0.03402777777777777,False,False,-0.5071984428256223,0.6120155875093569,True,False,0.1648645971717752,0.14111713915373267,True,False,0.621745836772002,False,False,forward_only_adequate
1142,sequential_evalue,martingale_evalue,True,ok,-12.43251525067734,3.8489158707219118,-5.133659514839632,-18.197676106377465,32.840524685676485,0.29781011065338625,1.0,,,0.29781011065338625,1.0,1.211299208155479,-1.5343061513509375,2252,24,"[470, 459, 466, 479, 378]","[5, 5, 5, 5, 4]",False,False,False,False,False,0.007071067811865475,0.006990310208914838,24,24,24,0,0.0,{},0.7917275634173999,0.7233897688728973,0.0,False,True,False,False,True,False,0.0,-5.133659514839632,-18.197676106377465,-5.133659514839632,93.83333333333333,1.1118728164814362,0.024736951842561403,False,1.2711969128482272,False,0.03576388888888882,False,False,0.09179811977269534,0.03576388888888882,False,False,-1.8301720372189214,0.06722421772875602,True,False,0.21349345133527836,0.058870796822564776,True,False,-1.5271563128039636,False,False,forward_only_adequate
1143,sequential_evalue,martingale_evalue,True,ok,-1.4396044537638073,3.189293943924409,3.4940178086921803,-7.87563706877677,33.33251772872032,1.0,1.0,,,1.0,1.0,-0.7385864597392678,-1.0335847872475212,2197,24,"[461, 458, 461, 462, 355]","[5, 5, 5, 5, 4]",False,False,False,False,False,0.007071067811865475,0.006899291673582519,24,24,24,0,0.0,{},0.7764356938163377,0.6818254314468675,0.0,False,True,False,False,True,False,0.0,3.49401780869218,-7.875637068776771,3.49401780869218,91.54166666666667,1.1001503372462713,0.026197600844156208,False,1.2340300759948186,False,0.023611111111111138,False,False,0.007554339319667079,0.023611111111111138,False,False,-0.3843663133591249,0.7007069645225645,True,False,0.20245990026750763,0.264198206435679,True,False,0.37367197760755283,False,False,forward_only_adequate
1144,sequential_evalue,martingale_evalue,True,ok,0.11568268263308863,3.456144852225698,5.769443210952342,-5.7043935647916335,33.55322639149921,1.0,1.0,,,1.0,1.0,-0.819286308925349,-0.6938210075347224,2245,24,"[468, 468, 454, 477, 378]","[5, 5, 5, 5, 4]",False,False,False,False,False,0.007071067811865475,0.007001990290609953,24,24,24,0,0.0,{},0.7941933257048572,0.7237884989528627,0.0,False,True,False,False,True,False,0.0,5.769443210952342,-5.7043935647916335,5.769443210952342,93.54166666666667,1.136130836565143,0.02174747900522798,False,1.2343248643374345,False,0.027430555555555514,False,False,0.00045156904140523983,0.027430555555555514,False,False,-1.023892749912113,0.3058859350243387,True,False,0.11026384223182958,0.39022677495408165,True,False,0.7795939541923845,False,False,forward_only_adequate
1145,sequential_evalue,martingale_evalue,True,ok,4.831241223898799,3.3615373116052742,11.062855842541504,-1.0101849636838987,33.61420182685181,1.0,1.0,,,1.0,1.0,-1.092050772995096,-0.41867692300975845,2207,24,"[441, 460, 463, 465, 378]","[5, 5, 5, 5, 4]",False,False,False,False,False,0.007071067811865475,0.007008177623721167,24,24,24,0,0.0,{},0.7631385112830706,0.707706888639806,0.0,False,True,False,False,True,False,0.0,11.062855842541504,-1.0101849636838987,11.062855842541504,91.95833333333333,1.129518774406872,0.014964485320170254,False,1.3646216171006331,False,0.03715277777777781,False,False,0.02949144140884246,0.03715277777777781,False,False,-0.34971229120522773,0.7265546284134299,True,False,0.11243651669093715,0.18541447900395464,True,False,1.329752068641026,False,False,forward_only_adequate
1146,sequential_evalue,martingale_evalue,True,ok,-7.278868608799009,2.949958645383817,-1.8276280822883137,-12.132573015820252,34.309307600554995,0.8953413427501916,1.0,,,0.8953413427501916,1.0,0.1105502448697071,-1.3088600922495557,2161,24,"[449, 468, 446, 438, 360]","[5, 5, 5, 5, 4]",False,False,False,False,False,0.007071067811865475,0.006989724956127135,24,24,24,0,0.0,{},0.7563316548730168,0.6756178396247451,0.0,False,True,False,False,True,False,0.0,-1.8276280822883137,-12.13257301582025,-1.8276280822883137,90.04166666666667,1.137794440106735,0.02632963235427903,False,1.300511495838135,False,0.018055555555555602,False,False,0.04733267399734126,0.018055555555555602,False,False,-1.0193770130369129,0.308024014850129,True,False,0.16453846220859086,0.056631655692481755,True,False,-0.265306667956673,False,False,forward_only_adequate
1147,sequential_evalue,martingale_evalue,True,ok,-1.3198821248126813,3.619596369930623,4.950211161309618,-7.1454620396477395,33.73170273512411,1.0,1.0,,,1.0,1.0,-0.43744697855182835,-0.7972329093516041,2225,24,"[458, 471, 456, 474, 366]","[5, 5, 5, 5, 4]",False,False,False,False,False,0.007071067811865475,0.006931807177719334,24,24,24,0,0.0,{},0.7944037805764048,0.6979449571072038,0.0,False,True,False,False,True,False,0.0,4.950211161309618,-7.1454620396477395,4.950211161309618,92.70833333333333,1.1256778718172398,0.014213352601733408,False,1.2688201433116622,False,0.024652777777777746,False,False,0.006672963374880268,0.024652777777777746,False,False,0.12802159961814089,0.8981318796674154,True,False,0.10427089526131268,0.22430650035454153,True,False,-0.04390857760848305,False,False,forward_only_adequate
1148,sequential_evalue,martingale_evalue,True,ok,-4.753404265536748,3.4424437525928475,1.1652897904224808,-10.46573711272086,35.12284966083331,1.0,1.0,,,1.0,1.0,-0.3981703043835625,-1.0996075413668849,2225,24,"[477, 450, 463, 457, 378]","[5, 5, 5, 5, 4]",False,False,False,False,False,0.007071067811865475,0.007072579829323981,24,24,24,0,0.0,{},0.7820777650103157,0.7051995198828286,0.0,False,True,False,False,True,False,0.0,1.1652897904224808,-10.46573711272086,1.1652897904224808,92.70833333333333,1.1959058601228758,0.0011416486471556096,False,1.3447647187996803,False,0.014930555555555558,False,False,0.027070219632599823,0.014930555555555558,False,False,0.5601485076500576,0.5753781460931435,True,False,0.10723009728972697,0.22770433795216868,True,False,-0.9486400961132011,False,False,forward_only_adequate
1149,sequential_evalue,martingale_evalue,True,ok,3.186798379836931,2.5020743480904137,7.276072494403966,-1.1064707569017744,34.062606663767895,1.0,1.0,,,1.0,1.0,-1.1502769715420376,-0.7527718524864877,2232,24,"[461, 459, 477, 459, 376]","[5, 5, 5, 5, 4]",False,False,False,False,False,0.007071067811865475,0.006983902815056274,24,24,24,0,0.0,{},0.7770347513633451,0.7218935507333205,0.0,False,True,False,False,True,False,0.0,7.276072494403966,-1.1064707569017744,7.276072494403966,93.0,1.1470637242609798,0.024488022969782846,False,1.2972608557019714,False,0.026388888888888906,False,False,0.017862581867407114,0.026388888888888906,False,False,-0.013826979545269284,0.988968018024993,True,False,0.19974315296140543,0.008553707120807814,True,False,-0.5772935400347508,False,False,forward_only_adequate
1150,sequential_evalue,martingale_evalue,True,ok,1.1573415659459971,3.3489983635437683,6.778726607738046,-4.527770703953861,33.566585664689995,1.0,1.0,,,1.0,1.0,-1.085635154687696,-0.9746121750533956,2245,24,"[454, 476, 467, 470, 378]","[5, 5, 5, 5, 4]",False,False,False,False,False,0.007071067811865475,0.00705205648925685,24,24,24,0,0.0,{},0.7911989526838532,0.6928927079779972,0.0,False,True,False,False,True,False,0.0,6.778726607738046,-4.527770703953861,6.778726607738046,93.54166666666667,1.1447100782210684,0.03020497437299782,False,1.231504067898919,False,0.03923611111111114,False,False,0.0056469040056725175,0.03923611111111114,False,False,0.893923142064795,0.3713630148216822,True,False,0.2396211907920144,0.11509477653650572,True,False,1.8275049008299729,False,False,forward_only_adequate
1151,sequential_evalue,martingale_evalue,True,ok,3.379597769310294,3.551603397355225,9.905825763664616,-2.3594977089084255,33.48024595665575,1.0,1.0,,,1.0,1.0,-1.0966659340957308,-0.6414689444114887,2228,24,"[475, 471, 459, 458, 365]","[5, 5, 5, 5, 4]",False,False,False,False,False,0.007071067811865475,0.00699513593189964,24,24,24,0,0.0,{},0.7832995987489161,0.686908413915864,0.0,False,True,False,False,True,False,0.0,9.905825763664616,-2.3594977089084255,9.905825763664616,92.83333333333333,1.1282537217694033,0.06993693345601075,True,1.2540604072962755,False,0.03437499999999993,False,False,0.019486751481868087,0.03437499999999993,False,False,1.7355424446182293,0.0826447703207171,True,False,0.24174094560717133,0.0021368460641962564,True,False,0.6487985061980485,False,False,diagnostic_failure
1152,sequential_evalue,martingale_evalue,True,ok,3.392435918324321,3.4495929140287966,9.123345934688578,-2.5018928399607723,34.31652039796996,1.0,1.0,,,1.0,1.0,-1.1767144789328752,-0.4642724025635161,2203,24,"[456, 461, 465, 451, 370]","[5, 5, 5, 5, 4]",False,False,False,False,False,0.007071067811865475,0.006985188081526241,24,24,24,0,0.0,{},0.7671356904185382,0.7092202535301236,0.0,False,True,False,False,True,False,0.0,9.123345934688578,-2.5018928399607723,9.123345934688578,91.79166666666667,1.1482936983706036,0.01241040301218391,False,1.2775871366242135,False,0.01666666666666672,False,False,0.019177727137365385,0.01666666666666672,False,False,-1.7742620674969907,0.07601981185850243,True,False,0.23034205457542614,0.00603873753324021,True,False,0.09786865066692708,False,False,forward_only_adequate
1153,sequential_evalue,martingale_evalue,True,ok,0.9338764185366021,3.061408413213852,6.242280375159993,-4.5387488089072,33.22955791907895,1.0,1.0,,,1.0,1.0,-0.9803109126152418,-0.8742717362693844,2223,24,"[473, 479, 458, 448, 365]","[5, 5, 5, 5, 4]",False,False,False,False,False,0.007071067811865475,0.006945399314910568,24,24,24,0,0.0,{},0.7794637284403135,0.6918565220881129,0.0,False,True,False,False,True,False,0.0,6.242280375159993,-4.5387488089072,6.242280375159993,92.625,1.110595471371688,0.017333985990452445,False,1.218623044753897,False,0.036111111111111094,False,False,0.004591845994209467,0.036111111111111094,False,False,-1.9614686638950758,0.04982437698017609,True,False,0.23861427625729928,0.03447844913197775,True,False,-0.5696373234847735,False,False,forward_only_adequate
1154,sequential_evalue,martingale_evalue,True,ok,4.891536173611802,3.438666185078173,10.767286437588343,-0.7473362859132484,34.016003551811885,1.0,1.0,,,1.0,1.0,-1.2024309074221764,-0.48485513452257667,2225,24,"[465, 442, 470, 469, 379]","[5, 5, 5, 5, 4]",False,False,False,False,False,0.007071067811865475,0.006937157371590703,24,24,24,0,0.0,{},0.7817935350562444,0.7084846470116777,0.0,False,True,False,False,True,False,0.0,10.767286437588345,-0.7473362859132484,10.767286437588345,92.70833333333333,1.1360415770370726,0.05809991203266887,False,1.3315388812331632,False,0.03576388888888893,False,False,0.02972143828565279,0.03576388888888893,False,False,-0.8765332772866408,0.3807401939186027,True,False,0.17328073927057505,0.34860730702050835,True,False,1.396057292222484,False,False,forward_only_adequate
1155,sequential_evalue,martingale_evalue,True,ok,-6.4934662379588675,3.7856022862808674,0.08802063418120376,-13.199924713020533,33.25600880291514,0.9983704596089751,1.0,,,0.9983704596089751,1.0,0.0016308695360945924,-1.2805842276536226,2262,24,"[479, 463, 472, 476, 372]","[5, 5, 5, 5, 4]",False,False,False,False,False,0.007071067811865475,0.006933335197063793,24,24,24,0,0.0,{},0.7947101509115833,0.740088215289653,0.0,False,True,False,False,True,False,0.0,0.08802063418120376,-13.19992471302053,0.08802063418120376,94.25,1.1192394443821032,0.02053113397898683,False,1.291197707805849,False,0.03020833333333328,False,False,0.04217824632918314,0.03020833333333328,False,False,1.3512500645232026,0.17661534211711805,True,False,0.21943255676580745,0.08984203998862351,True,False,0.6028219673773209,False,False,forward_only_adequate
1156,sequential_evalue,martingale_evalue,True,ok,-4.741493841745702,4.328427577656398,2.149538196907277,-13.110163652488374,34.87523126886214,1.0,1.0,,,1.0,1.0,-0.3898104041385987,-1.2106049002197063,2204,24,"[462, 466, 459, 445, 372]","[5, 5, 5, 5, 4]",False,False,False,False,False,0.007071067811865475,0.006863870129555265,24,24,24,0,0.0,{},0.7774989475612462,0.7053877522923235,0.0,False,True,False,False,True,False,0.0,2.149538196907277,-13.110163652488374,2.149538196907277,91.83333333333333,1.1469812871289005,0.018236279362461454,False,1.2723622633982268,False,0.017013888888888884,False,False,0.028339697122637994,0.017013888888888884,False,False,-0.4320986445428374,0.6656697197984862,True,False,0.16723248204271715,0.09153760459892459,True,False,-0.4004216812262808,False,False,forward_only_adequate
1157,sequential_evalue,martingale_evalue,True,ok,-0.9087439443255226,3.5070243083545285,4.956286064902019,-6.505108566226893,34.24261698072942,1.0,1.0,,,1.0,1.0,-0.7403179223587906,-0.9217286990225175,2239,24,"[461, 463, 483, 464, 368]","[5, 5, 5, 5, 4]",False,False,False,False,False,0.007071067811865475,0.0069659663173582825,24,24,24,0,0.0,{},0.7866096397008799,0.6987932940972176,0.0,False,True,False,False,True,False,0.0,4.956286064902019,-6.505108566226892,4.956286064902019,93.29166666666667,1.151966231705714,0.001739582290268313,False,1.3218773959154402,False,0.022222222222222254,False,False,0.004275136299922817,0.022222222222222254,False,False,-0.18973788917740955,0.8495145288133453,True,False,0.14089951232272283,0.2514825315733043,True,False,0.19078514886687514,False,False,forward_only_adequate
1158,sequential_evalue,martingale_evalue,True,ok,1.30694774274437,3.838634906439629,8.766476713823486,-4.522915529679507,32.54739671331602,1.0,1.0,,,1.0,1.0,-0.9724886359652223,-0.7739675747146562,2204,24,"[457, 442, 473, 460, 372]","[5, 5, 5, 5, 4]",False,False,False,False,False,0.007071067811865475,0.007122136843432462,24,24,24,0,0.0,{},0.7758398032901452,0.6628305911596302,0.0,False,True,False,False,True,False,0.0,8.766476713823486,-4.522915529679507,8.766476713823486,91.83333333333333,1.110699943861897,0.01571510443297369,False,1.2897494545218344,False,0.0038194444444444864,False,False,0.006699733478229128,0.0038194444444444864,False,False,0.17021601680073953,0.8648402559434549,True,False,0.1448002200820264,0.08795269608885128,True,False,0.334441759985438,False,False,forward_only_adequate
1159,sequential_evalue,martingale_evalue,True,ok,5.01592292332201,3.6549812085837465,10.917379239854744,-1.6011676963910855,33.94628879481876,1.0,1.0,,,1.0,1.0,-1.2664742827279423,-0.360245354235893,2210,24,"[481, 456, 460, 459, 354]","[5, 5, 5, 5, 4]",False,False,False,False,False,0.007071067811865475,0.006934639245512396,24,24,24,0,0.0,{},0.7707690374484114,0.6932470478930045,0.0,False,True,False,False,True,False,0.0,10.917379239854744,-1.6011676963910855,10.917379239854744,92.08333333333333,1.1294751883374692,0.006405048345225845,False,1.3119222072711434,False,0.030902777777777835,False,False,0.0308156367916111,0.030902777777777835,False,False,-0.1597147598184123,0.8731057735074605,True,False,0.05451860085548714,0.5863567006417547,True,False,0.7362784411365473,False,False,forward_only_adequate
1160,sequential_evalue,martingale_evalue,True,ok,9.333712853233694,3.2801091542782634,15.238899200950417,4.1487184181035115,33.96964304789968,1.0,0.45957999589465603,,,1.0,0.45957999589465603,-1.3732452616238855,0.7774422589881637,2226,24,"[452, 467, 455, 471, 381]","[5, 5, 5, 5, 4]",False,False,False,False,False,0.007071067811865475,0.007078457187047644,24,24,24,0,0.0,{},0.7716558595122397,0.6727264975827938,0.0,False,True,False,False,True,False,0.0,15.238899200950419,4.1487184181035115,15.238899200950419,92.75,1.1578613480274935,0.014590846034654369,False,1.3153312790263616,False,0.027083333333333348,False,False,0.06223038064817928,0.027083333333333348,False,False,2.4053115957837643,0.016158681512044356,True,False,0.2189584173946098,0.007718128073012715,True,False,1.9636300629265153,False,False,forward_only_adequate
1161,sequential_evalue,martingale_evalue,True,ok,-2.451870915277018,3.4082819405234672,3.1226858918459044,-8.44963061826472,33.595471689471346,1.0,1.0,,,1.0,1.0,-0.6749129780138379,-1.0994424893139036,2218,24,"[457, 445, 473, 476, 367]","[5, 5, 5, 5, 4]",False,False,False,False,False,0.007071067811865475,0.007026500045671567,24,24,24,0,0.0,{},0.7870777786297907,0.6974046337987735,0.0,False,True,False,False,True,False,0.0,3.1226858918459044,-8.44963061826472,3.1226858918459044,92.41666666666667,1.1346579252222952,0.044659462466112104,False,1.307298838886066,False,0.018402777777777768,False,False,0.013376700411235157,0.018402777777777768,False,False,-0.4085077139583878,0.6829009684017664,True,False,0.13372334742778538,0.06159203316814988,True,False,-0.06645556952962249,False,False,forward_only_adequate
1162,sequential_evalue,martingale_evalue,True,ok,-3.988530669507245,3.6360349427400998,2.247069940674895,-9.551807373510428,33.73592285144163,1.0,1.0,,,1.0,1.0,-0.6597512022739078,-1.2041048274361588,2178,24,"[463, 454, 448, 460, 353]","[5, 5, 5, 5, 4]",False,False,False,False,False,0.007071067811865475,0.007012231704574128,24,24,24,0,0.0,{},0.7630866377586906,0.7079912792649071,0.0,False,True,False,False,True,False,0.0,2.247069940674895,-9.551807373510428,2.247069940674895,90.75,1.1267878983904707,0.016443222609513607,False,1.2858987132692956,False,0.0253472222222223,False,False,0.02365166387636889,0.0253472222222223,False,False,-0.08573953027947975,0.9316734771958706,True,False,0.08664251993817824,0.20381862526340175,True,False,-0.337531152419672,False,False,forward_only_adequate
1163,sequential_evalue,martingale_evalue,True,ok,-1.3863551542827928,2.0282850277768896,2.0827982324258802,-4.583135142018934,34.5849605032983,1.0,1.0,,,1.0,1.0,-0.9062756336831557,-1.0661367180422037,2171,24,"[444, 475, 440, 437, 375]","[5, 5, 5, 5, 4]",False,False,False,False,False,0.007071067811865475,0.006940724409001126,24,24,24,0,0.0,{},0.7715277017865483,0.6346314829217995,0.0,False,True,False,False,True,False,0.0,2.0827982324258802,-4.583135142018934,2.0827982324258802,90.45833333333333,1.141527503678888,0.017915597126405614,False,1.2600008727332002,False,0.022222222222222254,False,False,0.006943174765232321,0.022222222222222254,False,False,0.04032168097412084,0.9678366689152746,True,False,0.24124076509083672,0.015148032595165235,True,False,-0.08513166951747116,False,False,forward_only_adequate
1164,sequential_evalue,martingale_evalue,True,ok,-1.3427381253332857,3.499172081725685,4.255236490469974,-7.761441138030815,33.378481791190076,1.0,1.0,,,1.0,1.0,-0.29470416143164646,-0.8817366393788568,2200,24,"[450, 465, 455, 470, 360]","[5, 5, 5, 5, 4]",False,False,False,False,False,0.007071067811865475,0.0070250945493492275,24,24,24,0,0.0,{},0.7639011769952428,0.7157892945629487,0.0,False,True,False,False,True,False,0.0,4.255236490469974,-7.761441138030815,4.255236490469974,91.66666666666667,1.1225210055893962,0.026076692234562365,False,1.271000448590773,False,0.010069444444444464,False,False,0.006825170755439782,0.010069444444444464,False,False,0.975688253229464,0.32921897513307696,True,False,0.21031750168427574,0.020155928438875495,True,False,-0.06512367562168501,False,False,forward_only_adequate
1165,sequential_evalue,martingale_evalue,True,ok,-0.7484662983211582,2.8439194366720586,3.998401630497155,-5.449546873836757,34.237471503640805,1.0,1.0,,,1.0,1.0,-0.8202093937721933,-1.016770043224948,2212,24,"[459, 446, 469, 460, 378]","[5, 5, 5, 5, 4]",False,False,False,False,False,0.007071067811865475,0.006962917175707483,24,24,24,0,0.0,{},0.7721508452797099,0.7006309607373589,0.0,False,True,False,False,True,False,0.0,3.998401630497155,-5.4495468738367565,3.998401630497155,92.16666666666667,1.1443262431197097,0.001883835073634691,False,1.2739742595253298,False,0.0371527777777777,False,False,0.0034683051494605976,0.0371527777777777,False,False,-0.43757619754154253,0.661693528860113,True,False,0.16824518628500304,0.2251280581826123,True,False,-0.9410578585409017,False,False,forward_only_adequate
1166,sequential_evalue,martingale_evalue,True,ok,-0.6376852443463846,3.2289145279826763,4.964140160340139,-5.672789943709811,34.95318906192924,1.0,1.0,,,1.0,1.0,-0.8622085273723143,-0.9825313555005222,2138,24,"[438, 454, 459, 435, 352]","[5, 5, 5, 5, 4]",False,False,False,False,False,0.007071067811865475,0.006882222465638757,24,24,24,0,0.0,{},0.7446703691310493,0.6926163169983518,0.0,False,True,False,False,True,False,0.0,4.964140160340139,-5.6727899437098115,4.964140160340139,89.08333333333333,1.1352297059784144,0.03505283147866629,False,1.2855154527761234,False,0.025347222222222188,False,False,0.0029281924921374138,0.025347222222222188,False,False,-0.6856681310248766,0.4929224075819637,True,False,0.19823182074614748,0.025097191036513793,True,False,-0.6084494455500454,False,False,forward_only_adequate
1167,sequential_evalue,martingale_evalue,True,ok,0.7545012717320857,3.415784187206567,6.230760228981931,-5.164154106411042,34.61417976768388,1.0,1.0,,,1.0,1.0,-0.9494924675905094,-0.8424982574371109,2183,24,"[465, 439, 448, 458, 373]","[5, 5, 5, 5, 4]",False,False,False,False,False,0.007071067811865475,0.006904263473318908,24,24,24,0,0.0,{},0.7609409968211391,0.6781438263902695,0.0,False,True,False,False,True,False,0.0,6.230760228981931,-5.164154106411042,6.230760228981931,90.95833333333333,1.139626796153536,0.02873703322594971,False,1.3092449195137683,False,0.022222222222222254,False,False,0.003515556473746775,0.022222222222222254,False,False,0.4463928403673664,0.6553135036469131,True,False,0.10680178060457086,0.08512465366772992,True,False,0.9212032171076645,False,False,forward_only_adequate
1168,sequential_evalue,martingale_evalue,True,ok,1.4630975412916545,4.109673843798131,9.097953599317297,-5.604319451386061,33.95808390781568,1.0,1.0,,,1.0,1.0,-0.6833706983331541,-0.323742180464073,2210,24,"[460, 468, 466, 455, 361]","[5, 5, 5, 5, 4]",False,False,False,False,False,0.007071067811865475,0.006873459620767092,24,24,24,0,0.0,{},0.7739490517385619,0.7021917962942152,0.0,False,True,False,False,True,False,0.0,9.097953599317297,-5.604319451386061,9.097953599317297,92.08333333333333,1.1198995834428955,0.008640431273195096,False,1.3292019556791124,False,0.04270833333333335,False,False,0.00754063168665813,0.04270833333333335,False,False,-1.247961998316176,0.2120449741902729,True,False,0.16835116251205484,0.14793588068312694,True,False,0.48289495958213835,False,False,forward_only_adequate
1169,sequential_evalue,martingale_evalue,True,ok,0.4902199177007696,3.25305588749919,6.267239658246871,-5.033150696331222,32.34761592633465,1.0,1.0,,,1.0,1.0,-0.8056496877006165,-0.693712062056796,2201,24,"[454, 456, 445, 477, 369]","[5, 5, 5, 5, 4]",False,False,False,False,False,0.007071067811865475,0.007032334398044233,24,24,24,0,0.0,{},0.7698839467690644,0.6726590591962094,0.0,False,True,False,False,True,False,0.0,6.267239658246871,-5.033150696331222,6.267239658246871,91.70833333333333,1.089221478390972,0.057165806768538156,False,1.2915162252520314,False,0.030208333333333393,False,False,0.0022905751077179027,0.030208333333333393,False,False,0.3981518262794905,0.6905182736856195,True,False,0.1689302015347958,0.15094121162292795,True,False,-0.39867436893609354,False,False,forward_only_adequate
1170,sequential_evalue,martingale_evalue,True,ok,-0.25908252034748475,3.951113746581254,6.104207918576055,-7.104194322551874,34.61615482818281,1.0,1.0,,,1.0,1.0,-0.9441381839273124,-0.9698864590509177,2241,24,"[473, 447, 465, 475, 381]","[5, 5, 5, 5, 4]",False,False,False,False,False,0.007071067811865475,0.006889055996970995,24,24,24,0,0.0,{},0.7833833863493401,0.7036961475902987,0.0,False,True,False,False,True,False,0.0,6.104207918576055,-7.104194322551874,6.104207918576055,93.375,1.1521893359255997,0.011774397537114302,False,1.2587518874487553,False,0.03298611111111105,False,False,0.0010683273043170184,0.03298611111111105,False,False,0.2758518831090979,0.7826618321355316,True,False,0.061682038527382986,0.5475217813710692,True,False,0.4980135826055063,False,False,forward_only_adequate
1171,sequential_evalue,martingale_evalue,True,ok,3.183494949723054,4.009492058429308,9.700327635656976,-3.7267143446273434,33.49372415664089,1.0,1.0,,,1.0,1.0,-1.1626410235475717,-0.6963330521059721,2251,24,"[458, 469, 475, 469, 380]","[5, 5, 5, 5, 4]",False,False,False,False,False,0.007071067811865475,0.0069631813069153635,24,24,24,0,0.0,{},0.7895946441954718,0.7360830858798679,0.0,False,True,False,False,True,False,0.0,9.700327635656976,-3.7267143446273434,9.700327635656976,93.79166666666667,1.1293362634273174,0.0006107779403647144,False,1.2386213912528432,False,0.014583333333333393,False,False,0.018165090892183464,0.014583333333333393,False,False,-1.2246197860850885,0.2207185094300146,True,False,0.11615887567306855,0.03526089116604673,True,False,0.21447307112788702,False,False,forward_only_adequate
1172,sequential_evalue,martingale_evalue,True,ok,5.0495682704862,2.550405732833644,9.368997362541972,0.8942871960327956,33.7852070904253,1.0,1.0,,,1.0,1.0,-1.199046358991236,-0.3398731385424911,2218,24,"[469, 463, 453, 471, 362]","[5, 5, 5, 5, 4]",False,False,False,False,False,0.007071067811865475,0.0070102302377935055,24,24,24,0,0.0,{},0.7655089585603112,0.71558572172694,0.0,False,True,False,False,True,False,0.0,9.368997362541972,0.8942871960327956,9.368997362541972,92.41666666666667,1.1384239439766273,0.004185125454548058,False,1.2669469143743262,False,0.021874999999999978,False,False,0.030772164292833328,0.021874999999999978,False,False,0.29672713265860085,0.7666748406034694,True,False,0.2559013434535099,0.010337801987306421,True,False,0.7670643308204398,False,False,forward_only_adequate
1173,sequential_evalue,martingale_evalue,True,ok,6.347803836783737,3.6106830420154012,12.39246507720554,0.043901895862539675,33.04252161851711,1.0,0.6016755207491709,,,1.0,0.6016755207491709,-1.0872784396266821,0.5080369810649439,2219,24,"[474, 457, 447, 461, 380]","[5, 5, 5, 5, 4]",False,False,False,False,False,0.007071067811865475,0.006996488992734563,24,24,24,0,0.0,{},0.7772770118982963,0.6954803901471291,0.0,False,True,False,False,True,False,0.0,12.392465077205538,0.043901895862539675,12.392465077205538,92.45833333333333,1.1114664876698075,0.002994129835404906,False,1.274149451326378,False,0.018750000000000044,False,False,0.04140438292888489,0.018750000000000044,False,False,-0.15631501867703104,0.8757847186647346,True,False,0.17001553271862527,0.037343251326457806,True,False,1.4054960221149775,False,False,forward_only_adequate
1174,sequential_evalue,martingale_evalue,True,ok,2.5014933310736933,3.3516006975910027,7.668263949247335,-3.689242469494094,32.94743461018792,1.0,1.0,,,1.0,1.0,-1.0691942272568713,-0.7282306967432068,2228,24,"[462, 465, 475, 461, 365]","[5, 5, 5, 5, 4]",False,False,False,False,False,0.007071067811865475,0.007030776550431521,24,24,24,0,0.0,{},0.7892341438250688,0.7309293596255354,0.0,False,True,False,False,True,False,0.0,7.6682639492473355,-3.689242469494094,7.6682639492473355,92.83333333333333,1.1159555001677277,0.021826860843628778,False,1.2709814665993628,False,0.014930555555555558,False,False,0.013951318248171233,0.014930555555555558,False,False,1.3653408483005547,0.17214594594489863,True,False,0.11523903403470574,0.23453612872332927,True,False,1.3417723219198856,False,False,forward_only_adequate
1175,sequential_evalue,martingale_evalue,True,ok,-6.1069866976020295,3.305015515131907,-0.3741909753640664,-11.51082643863352,34.76244452091859,1.0,1.0,,,1.0,1.0,-0.3117620389568678,-1.1521591141818104,2199,24,"[454, 472, 455, 451, 367]","[5, 5, 5, 5, 4]",False,False,False,False,False,0.007071067811865475,0.007004830581376335,24,24,24,0,0.0,{},0.7742348909286269,0.7366290887583379,0.0,False,True,False,False,True,False,0.0,-0.3741909753640664,-11.51082643863352,-0.3741909753640664,91.625,1.165426644330023,0.0325120216655329,False,1.2845094303705127,False,0.016319444444444442,False,False,0.037416081105734245,0.016319444444444442,False,False,-0.7365754270928491,0.4613805828919434,True,False,0.1730110768995332,0.049237471692465874,True,False,-1.5161195868608888,False,False,forward_only_adequate
1176,sequential_evalue,martingale_evalue,True,ok,4.836318772978919,3.441878873244804,10.886142832226438,-1.1314170774275523,34.181411665394506,1.0,1.0,,,1.0,1.0,-0.9524791513508554,-0.30453804921555583,2205,24,"[453, 459, 464, 454, 375]","[5, 5, 5, 5, 4]",False,False,False,False,False,0.007071067811865475,0.00693160955606252,24,24,24,0,0.0,{},0.7691111051045512,0.7178106511166434,0.0,False,True,False,False,True,False,0.0,10.886142832226438,-1.1314170774275523,10.886142832226438,91.875,1.135514715970899,0.012204740426981267,False,1.308591808916292,False,0.024652777777777857,False,False,0.02934549864458411,0.024652777777777857,False,False,1.076102360745963,0.281881479991808,True,False,0.15690509602430028,0.1071485319520902,True,False,1.1547291040221097,False,False,forward_only_adequate
1177,sequential_evalue,martingale_evalue,True,ok,3.1293468264553375,2.913671783158902,8.525322930119458,-1.5581239322800937,33.34273820748953,1.0,1.0,,,1.0,1.0,-1.1300116710327113,-0.7083503775948103,2223,24,"[465, 475, 454, 476, 353]","[5, 5, 5, 5, 4]",False,False,False,False,False,0.007071067811865475,0.0070041077842849155,24,24,24,0,0.0,{},0.7832025847456372,0.6795194213056142,0.0,False,True,False,False,True,False,0.0,8.525322930119458,-1.558123932280094,8.525322930119458,92.625,1.123797853078215,0.008299615097739096,False,1.3691756719836718,False,0.04062500000000002,False,False,0.017910074243334965,0.04062500000000002,False,False,1.6714609678717403,0.09463066217222552,True,False,0.1594671956749605,0.09450228409387558,True,False,1.6150148936163158,False,False,forward_only_adequate
1178,sequential_evalue,martingale_evalue,True,ok,-5.839633208753701,1.9846642450774854,-2.2567560006044127,-9.341667336506307,33.54702530079657,1.0,1.0,,,1.0,1.0,-0.37671801258229376,-1.2885078442641649,2251,24,"[469, 464, 466, 468, 384]","[5, 5, 5, 5, 4]",False,False,False,False,False,0.007071067811865475,0.006933896010023868,24,24,24,0,0.0,{},0.7941933492388286,0.7098527628409378,0.0,False,True,False,False,True,False,0.0,-2.2567560006044127,-9.341667336506307,-2.2567560006044127,93.79166666666667,1.1263762153967987,0.026726159488031535,False,1.2749258273510147,False,0.035069444444444486,False,False,0.03694923994636441,0.035069444444444486,False,False,0.38426933092145493,0.7007788366448089,True,False,0.2157271977703533,0.1055816758407988,True,False,-1.0869161406725558,False,False,forward_only_adequate
1179,sequential_evalue,martingale_evalue,True,ok,0.015382282586829868,4.162260945275438,6.592457754019848,-7.131525163347667,34.007226468172014,1.0,1.0,,,1.0,1.0,-0.8611125172479834,-0.6211095474460546,2265,24,"[478, 474, 470, 461, 382]","[5, 5, 5, 5, 4]",False,False,False,False,False,0.007071067811865475,0.006909181818527242,24,24,24,0,0.0,{},0.7977799024926617,0.7267155152274324,0.0,False,True,False,False,True,False,0.0,6.592457754019848,-7.131525163347667,6.592457754019848,94.375,1.141290813969846,0.011860750955477912,False,1.27923475310574,False,0.00868055555555558,False,False,5.1844937638576564e-05,0.00868055555555558,False,False,1.1453965444507936,0.25204492912211374,True,False,0.3095270569473585,0.034816955254121214,True,False,0.6595697078912875,False,False,forward_only_adequate
1180,sequential_evalue,martingale_evalue,True,ok,-6.237460851816102,3.451794025518665,0.7889118053680875,-11.370091358444746,34.866609544247055,1.0,1.0,,,1.0,1.0,-0.31899063080543166,-1.3536727994095148,2217,24,"[469, 459, 451, 468, 370]","[5, 5, 5, 5, 4]",False,False,False,False,False,0.007071067811865475,0.006939491893543296,24,24,24,0,0.0,{},0.7814021526211931,0.7022437148970645,0.0,False,True,False,False,True,False,0.0,0.7889118053680875,-11.370091358444746,0.7889118053680875,92.375,1.1627453760694875,0.009048261807980592,False,1.238583668119829,False,0.029166666666666674,False,False,0.03846168350869163,0.029166666666666674,False,False,0.5645357489145277,0.5723895779812742,True,False,0.19040338982404956,0.1389169374306535,True,False,-0.9804428346946482,False,False,forward_only_adequate
1181,sequential_evalue,martingale_evalue,True,ok,-1.0281111690579694,3.556156785255074,4.781096322751867,-7.212719995916676,34.29244071262575,1.0,1.0,,,1.0,1.0,-0.929785137721503,-0.9743376207311438,2177,24,"[457, 455, 452, 460, 353]","[5, 5, 5, 5, 4]",False,False,False,False,False,0.007071067811865475,0.007017916049817365,24,24,24,0,0.0,{},0.7657965484048492,0.6853461144158237,0.0,False,True,False,False,True,False,0.0,4.781096322751867,-7.212719995916676,4.781096322751867,90.70833333333333,1.1460410218851864,0.008090052563537687,False,1.2679534137885586,False,0.012847222222222121,False,False,0.004937295005201517,0.012847222222222121,False,False,-1.9165196200124628,0.05529898829298087,True,False,0.26752402300264755,0.01468077033975483,True,False,-0.37530105735173613,False,False,forward_only_adequate
1182,sequential_evalue,martingale_evalue,True,ok,-1.6913923498233139,4.675615345846704,6.095123398536996,-10.023014266919665,34.54774557167316,1.0,1.0,,,1.0,1.0,-0.023953565603089977,-0.7016515447289196,2256,24,"[458, 488, 469, 470, 371]","[5, 5, 5, 5, 4]",False,False,False,False,False,0.007071067811865475,0.006981377079082207,24,24,24,0,0.0,{},0.8028241548884241,0.6708728699595853,0.0,False,True,False,False,True,False,0.0,6.0951233985369955,-10.023014266919665,6.0951233985369955,94.0,1.1692159723434947,0.016312360335276735,False,1.2944848004180967,False,0.030555555555555558,False,False,0.008463623614281901,0.030555555555555558,False,False,0.4456407084421448,0.6558567999711911,True,False,0.11597672161140274,0.4462617258386804,True,False,0.6119696767618835,False,False,forward_only_adequate
1183,sequential_evalue,martingale_evalue,True,ok,-1.515305043828332,3.1695039953836184,3.7553993368282006,-6.449059638714048,33.916621050361776,1.0,1.0,,,1.0,1.0,-0.6580303342177811,-0.9000365807543389,2214,24,"[451, 488, 442, 455, 378]","[5, 5, 5, 5, 4]",False,False,False,False,False,0.007071067811865475,0.0069995376355846415,24,24,24,0,0.0,{},0.7629523346087626,0.7214206560282023,0.0,False,True,False,False,True,False,0.0,3.7553993368282,-6.449059638714048,3.7553993368282,92.25,1.14007946650091,0.016805345592850632,False,1.260671741703954,False,0.014930555555555558,False,False,0.007688901089158316,0.014930555555555558,False,False,1.0320554500839185,0.30204614206863,True,False,0.17867122896140183,0.1510116569976469,True,False,1.381185411042447,False,False,forward_only_adequate
1184,sequential_evalue,martingale_evalue,True,ok,3.2463046613927466,3.737946560004074,9.845392150647243,-2.9311596798469925,33.623255842374604,1.0,1.0,,,1.0,1.0,-0.700363068590337,-0.33439729649593464,2200,24,"[450, 460, 446, 464, 380]","[5, 5, 5, 5, 4]",False,False,False,False,False,0.007071067811865475,0.00691885932025869,24,24,24,0,0.0,{},0.7699195769953406,0.6928841940488862,0.0,False,True,False,False,True,False,0.0,9.845392150647243,-2.9311596798469925,9.845392150647243,91.66666666666667,1.113653251405131,0.022964253566735485,False,1.2904244214038194,False,0.022222222222222254,False,False,0.018882779320522788,0.022222222222222254,False,False,-0.4990518975953382,0.617742823578175,True,False,0.18198659513461513,0.27303568398685457,True,False,0.7953252075723098,False,False,forward_only_adequate
1185,sequential_evalue,martingale_evalue,True,ok,-2.506140621121301,4.168518176032749,5.1260815218274605,-9.42866664780518,33.95873862038161,1.0,1.0,,,1.0,1.0,-0.6693814041018366,-0.9253494463976285,2215,24,"[455, 460, 472, 458, 370]","[5, 5, 5, 5, 4]",False,False,False,False,False,0.007071067811865475,0.006963726930241305,24,24,24,0,0.0,{},0.7824512271342932,0.6713963865060235,0.0,False,True,False,False,True,False,0.0,5.1260815218274605,-9.42866664780518,5.1260815218274605,92.29166666666667,1.1359115924129697,0.01480127027402533,False,1.2274229886919812,False,0.029861111111111116,False,False,0.013699529691212528,0.029861111111111116,False,False,-0.7187027882923901,0.47232406495731183,True,False,0.0673459649574339,0.32493722575829165,True,False,-1.0934184469055712,False,False,forward_only_adequate
1186,sequential_evalue,martingale_evalue,True,ok,3.970361154955612,3.2390462674768092,9.51790791584627,-1.6237622978829314,33.309427973314875,1.0,1.0,,,1.0,1.0,-0.9370827869577971,-0.45492377536412065,2190,24,"[463, 454, 450, 449, 374]","[5, 5, 5, 5, 4]",False,False,False,False,False,0.007071067811865475,0.006988292492024856,24,24,24,0,0.0,{},0.7634030218289831,0.6999164112146918,0.0,False,True,False,False,True,False,0.0,9.51790791584627,-1.6237622978829311,9.51790791584627,91.25,1.1117949303293422,0.020396558863416778,False,1.216837232779963,False,0.007291666666666696,False,False,0.023895783976898607,0.007291666666666696,False,False,2.935239785371929,0.003332900233726191,True,False,0.1940297643401758,0.019521559812045938,True,False,1.0568127523905841,False,False,forward_only_adequate
1187,sequential_evalue,martingale_evalue,True,ok,2.448010723208143,3.366586878342275,8.01354436777045,-3.759667852970554,32.931430102682434,1.0,0.8414090275968392,,,1.0,0.8414090275968392,-1.0357067359070864,0.1726773786262753,2209,24,"[470, 464, 448, 455, 372]","[5, 5, 5, 5, 4]",False,False,False,False,False,0.007071067811865475,0.007000228940675647,24,24,24,0,0.0,{},0.78456859903533,0.7083383158610742,0.0,False,True,False,False,True,False,0.0,8.01354436777045,-3.7596678529705536,8.01354436777045,92.04166666666667,1.1058216190602457,0.004066841729200034,False,1.2578650196237864,False,0.025347222222222188,False,False,0.013752747096949236,0.025347222222222188,False,False,0.33457574200050993,0.7379451463656733,True,False,0.09379854239837838,0.30619582444323706,True,False,1.2985640346289644,False,False,forward_only_adequate
1188,sequential_evalue,martingale_evalue,True,ok,3.1675014381650946,3.885029905880542,9.967921629082886,-3.307799020683438,33.622516623198685,1.0,0.7154173089928867,,,1.0,0.7154173089928867,-0.8349495604535957,0.33488925760382876,2211,24,"[474, 442, 475, 458, 362]","[5, 5, 5, 5, 4]",False,False,False,False,False,0.007071067811865475,0.006980531377357939,24,24,24,0,0.0,{},0.7744601498070971,0.7092841649690881,0.0,False,True,False,False,True,False,0.0,9.967921629082886,-3.307799020683438,9.967921629082886,92.125,1.1263606125660857,0.009884236115272768,False,1.314715523158156,False,0.019444444444444375,False,False,0.01811483014899311,0.019444444444444375,False,False,0.7577259746439984,0.4486150458370659,True,False,0.11645750863758342,0.29648564552462014,True,False,1.6360219455002867,False,False,forward_only_adequate
1189,sequential_evalue,martingale_evalue,True,ok,0.2427191341197504,3.2601658611879083,5.987195481584276,-4.858388752371093,34.22243229275095,1.0,1.0,,,1.0,1.0,-0.8996363661292639,-0.7751595701128461,2212,24,"[453, 453, 467, 472, 367]","[5, 5, 5, 5, 4]",False,False,False,False,False,0.007071067811865475,0.0069868350531149415,24,24,24,0,0.0,{},0.7669687854654434,0.7225813598040529,0.0,False,True,False,False,True,False,0.0,5.987195481584276,-4.858388752371093,5.987195481584276,92.16666666666667,1.1477526606126924,0.0017606064486472013,False,1.2746863134283122,False,0.036111111111111094,False,False,0.0009990352208888154,0.036111111111111094,False,False,0.922755335365527,0.3561347216935936,True,False,0.11438167855204591,0.09693033891789578,True,False,0.15602850352344574,False,False,forward_only_adequate
1190,sequential_evalue,martingale_evalue,True,ok,3.162614081608559,3.6782214539119322,9.587619175836886,-3.159333083059004,34.71980328585846,1.0,1.0,,,1.0,1.0,-1.1261626166872685,-0.7280892297117156,2214,24,"[459, 461, 472, 452, 370]","[5, 5, 5, 5, 4]",False,False,False,False,False,0.007071067811865475,0.006988992629245144,24,24,24,0,0.0,{},0.7819622803052377,0.7099479386471633,0.0,False,True,False,False,True,False,0.0,9.587619175836886,-3.159333083059004,9.587619175836886,92.25,1.1653195436893498,0.01308584374010003,False,1.2339908288988506,False,0.028125000000000067,False,False,0.017386316576486437,0.028125000000000067,False,False,0.9723900094247603,0.33085656023181065,True,False,0.15027657689624027,0.20938825147412224,True,False,0.7272260278595531,False,False,forward_only_adequate
1191,sequential_evalue,martingale_evalue,True,ok,-2.9597500065346396,3.6864870790883915,4.0344015174860495,-9.480046888022214,34.17973139135969,1.0,1.0,,,1.0,1.0,-0.5587809972942568,-1.0569939958239263,2199,24,"[467, 453, 457, 465, 357]","[5, 5, 5, 5, 4]",False,False,False,False,False,0.007071067811865475,0.006967336731171533,24,24,24,0,0.0,{},0.7755651570556581,0.7060726711429689,0.0,False,True,False,False,True,False,0.0,4.0344015174860495,-9.480046888022214,4.0344015174860495,91.625,1.1397574615600445,0.04667716189272104,False,1.2341287086350943,False,0.025000000000000022,False,False,0.01652379425637863,0.025000000000000022,False,False,-1.5344901680930276,0.12490911020191424,True,False,0.16961998359585875,0.12170000635514076,True,False,-1.335071690864378,False,False,forward_only_adequate
1192,sequential_evalue,martingale_evalue,True,ok,-1.089137990026488,3.1271086869047475,4.580163838215984,-6.377330965656588,34.93838959650589,1.0,1.0,,,1.0,1.0,-0.7887281610280973,-1.0466953739760128,2225,24,"[469, 462, 474, 461, 359]","[5, 5, 5, 5, 4]",False,False,False,False,False,0.007071067811865475,0.007123118038366813,24,24,24,0,0.0,{},0.7831014431178633,0.6914621676194896,0.0,False,True,False,False,True,False,0.0,4.580163838215984,-6.377330965656587,4.580163838215984,92.70833333333333,1.1981257873698632,0.0019133911050921966,False,1.2787630945321937,False,0.01388888888888895,False,False,0.005011050712426266,0.01388888888888895,False,False,1.5155001690597065,0.1296457875430111,True,False,0.1717756726774029,0.09254482709105644,True,False,0.7966006453912005,False,False,forward_only_adequate
1193,sequential_evalue,martingale_evalue,True,ok,-0.8800531394968205,2.8945069738727733,4.414126804864006,-6.236814132634941,34.500704496785914,1.0,1.0,,,1.0,1.0,-0.8987809332607068,-0.9456464302584524,2183,24,"[461, 448, 449, 439, 386]","[5, 5, 5, 5, 4]",False,False,False,False,False,0.007071067811865475,0.006979433258754598,24,24,24,0,0.0,{},0.7667567999793987,0.6843144819846025,0.0,False,True,False,False,True,False,0.0,4.414126804864006,-6.236814132634941,4.414126804864006,90.95833333333333,1.148257718353028,0.017406300681735567,False,1.2793046432313204,False,0.027430555555555514,False,False,0.004139407026775155,0.027430555555555514,False,False,0.3826376834282849,0.7019884254761293,True,False,0.09857483963130206,0.0392479571604048,True,False,0.18545683030716278,False,False,forward_only_adequate
1194,sequential_evalue,martingale_evalue,True,ok,0.5942782850171661,3.1886941552489714,6.169079486132473,-4.973237275307881,32.18034516963105,1.0,1.0,,,1.0,1.0,-0.6433002617448205,-0.7301208356363516,2210,24,"[453, 463, 461, 454, 379]","[5, 5, 5, 5, 4]",False,False,False,False,False,0.007071067811865475,0.006974978286776995,24,24,24,0,0.0,{},0.7662035619715889,0.7326957966847853,0.0,False,True,False,False,True,False,0.0,6.169079486132472,-4.973237275307881,6.169079486132472,92.08333333333333,1.0769463740414955,0.009964974697924414,False,1.3059019206100393,False,0.018749999999999933,False,False,0.002870915070939266,0.018749999999999933,False,False,1.6660642188188781,0.09570062430914474,True,False,0.16294260361438986,0.03431728348029593,True,False,0.25640853175700246,False,False,forward_only_adequate
1195,sequential_evalue,martingale_evalue,True,ok,-0.5242106160306803,4.313081203943753,7.119129993555088,-7.85101057396631,33.56911356341742,1.0,1.0,,,1.0,1.0,-0.834760015962883,-0.78660474987716,2239,24,"[457, 460, 463, 477, 382]","[5, 5, 5, 5, 4]",False,False,False,False,False,0.007071067811865475,0.007016452688525055,24,24,24,0,0.0,{},0.7752139403769267,0.7369297548729806,0.0,False,True,False,False,True,False,0.0,7.119129993555088,-7.85101057396631,7.119129993555088,93.29166666666667,1.1374934503668905,0.0003181373208923135,False,1.3206046878561812,False,0.013541666666666674,False,False,0.0023513485150637226,0.013541666666666674,False,False,-0.01773405692276751,0.9858510114200245,True,False,0.2573288612996311,0.03543503018016056,True,False,-1.6104210458572612,False,False,forward_only_adequate
1196,sequential_evalue,martingale_evalue,True,ok,-0.9677701960422066,2.605887331943587,3.910229736751121,-5.395056879730973,34.68712011676484,1.0,1.0,,,1.0,1.0,-0.9722768290398709,-1.095147885537098,2194,24,"[448, 473, 443, 459, 371]","[5, 5, 5, 5, 4]",False,False,False,False,False,0.007071067811865475,0.007063089301646854,24,24,24,0,0.0,{},0.7688256733154486,0.6900212412789161,0.0,False,True,False,False,True,False,0.0,3.910229736751121,-5.395056879730973,3.910229736751121,91.41666666666667,1.1712393005883708,0.03953157990154314,False,1.2292204473703534,False,0.015625,False,False,0.004502661573747888,0.015625,False,False,-0.6213995687248394,0.5343367557484795,True,False,0.11150305663916237,0.1938824062538408,True,False,1.3647678231256417,False,False,forward_only_adequate
1197,sequential_evalue,martingale_evalue,True,ok,-7.159194389181252,4.14648129567705,0.6642608254543223,-13.77644665204497,33.12728070846701,1.0,1.0,,,1.0,1.0,-0.09752633062658478,-1.4145891549112322,2267,24,"[458, 472, 474, 483, 380]","[5, 5, 5, 5, 4]",False,False,False,False,False,0.007071067811865475,0.0070075490218525945,24,24,24,0,0.0,{},0.8003901476580717,0.7125343680203857,0.0,False,True,False,False,True,False,0.0,0.6642608254543223,-13.776446652044973,0.6642608254543223,94.45833333333333,1.1280856530061107,0.02036985343576612,False,1.285811982982181,False,0.018402777777777768,False,False,0.04688716686315113,0.018402777777777768,False,False,-0.08361029797102866,0.9333662790118615,True,False,0.12830750018581977,0.07954064986713331,True,False,-1.5345890128197066,False,False,forward_only_adequate
1198,sequential_evalue,martingale_evalue,True,ok,-8.73444830583933,3.5562357318151743,-2.113891312419508,-15.146464348368458,33.52142157921881,0.7781446695845975,1.0,,,0.7781446695845975,1.0,0.25084282146754355,-1.2663310892158144,2253,24,"[455, 471, 470, 477, 380]","[5, 5, 5, 5, 4]",False,False,False,False,False,0.007071067811865475,0.006937588899198513,24,24,24,0,0.0,{},0.7853927842552569,0.702464006875128,0.0,False,True,False,False,True,False,0.0,-2.113891312419508,-15.14646434836846,-2.113891312419508,93.875,1.1266161396821677,0.010533495590706241,False,1.2914095208648406,False,0.02083333333333337,False,False,0.059417926597403276,0.02083333333333337,False,False,-0.6337872317846627,0.5262196870065006,True,False,0.12031594647852317,0.28593267849209064,True,False,-2.2525108824618756,False,False,forward_only_adequate
1199,sequential_evalue,martingale_evalue,True,ok,-1.5653617533122475,4.159699912502002,5.771026564197345,-8.451887511319093,32.823444257874584,1.0,1.0,,,1.0,1.0,-0.7197377179911724,-0.8908377460606192,2218,24,"[465, 468, 453, 451, 381]","[5, 5, 5, 5, 4]",False,False,False,False,False,0.007071067811865475,0.006909744162611683,24,24,24,0,0.0,{},0.7754408745303392,0.6863067663605009,0.0,False,True,False,False,True,False,0.0,5.771026564197345,-8.451887511319093,5.771026564197345,92.41666666666667,1.090162585510851,0.03174358063420035,False,1.266199518095047,False,0.01736111111111105,False,False,0.008392593319804343,0.01736111111111105,False,False,-1.9329150569869666,0.05324666270164776,True,False,0.13282797954077863,0.09656975392847404,True,False,-0.9473557592642835,False,False,forward_only_adequate
