replicate,inference_route,calibration,route_valid,route_reason,beta_hat,se,ucb,lcb,beta_min,p_infer_less,p_infer_greater,p_rand_less,p_rand_greater,p_seq_less,p_seq_greater,log_e_seq_less,log_e_seq_greater,n_evalue_terms,n_evalue_participants,evalue_fold_term_counts,evalue_fold_participant_counts,infer_neg_pass,infer_pos_pass,magnitude_neg_pass,magnitude_pos_pass,component_disagreement,sigma_tau_design,sigma_tau_eff,N,N_eligible,N_estimable,N_nonestimable,nonestimable_fraction,nonestimable_reasons,median_leverage_fraction,min_leverage_fraction_estimable,estimability_summary_max_smd,estimability_summary_fired,estimability_information_sufficient,estimability_support_passed,estimability_opposite_passed,estimability_adequacy_passed,estimability_conclusion_changing,nonestimable_abs_bound_sum,support_ucb_upper,eligible_lcb_lower,eligible_ucb_upper,nbar_ret,sigma_blind,leak_excursion,leak_fired,delivery_p99_ms,delivery_fired,retention_imbalance,retention_fired,balance_fired,gate_required,gate_audited,gate_passed,gate_applicable,collider_inter_z,collider_inter_p,collider_inter_valid,collider_inter_fired,collider_smd,collider_smd_min_p,collider_smd_valid,collider_smd_fired,collider_rank_z,collider_invalid,collider_fired,decision
0,assignment_isolation,plus_one_randomisation,True,ok,56.543715382956314,3.9024537586302803,63.16853594757359,49.23640432181181,30.898425899190006,1.0,0.001,1.0,0.001,,,,,0,0,[],[],False,True,False,True,False,0.007071067811865475,0.007043875794311146,24,24,24,0,0.0,{},0.8000792079207919,0.6916666666666667,0.0,False,True,False,True,False,False,0.0,63.16853594757359,49.23640432181181,63.16853594757359,95.66666666666667,1.0643840792051786,0.01183065726475408,False,0.497370478777384,False,0.018749999999999933,False,False,0.5217381922623957,0.018749999999999933,True,True,0.04115202889173905,0.9671746966472797,True,False,0.10048156111939055,0.2839652128383756,True,False,7.667280265743119,False,False,opposite_direction
1,assignment_isolation,plus_one_randomisation,True,ok,68.968525413862,3.7408815386279106,75.81779907808692,62.58163881547534,31.8372488569966,1.0,0.001,1.0,0.001,,,,,0,0,[],[],False,True,False,True,False,0.007071067811865475,0.007087650734832412,24,24,24,0,0.0,{},0.816129288710121,0.6791176470588235,0.0,False,True,False,True,False,False,0.0,75.81779907808692,62.58163881547534,75.81779907808692,96.91666666666667,1.1107263607327373,0.012869630877117585,False,0.4989673297170608,False,0.015277777777777724,False,False,0.5900332642028113,0.015277777777777724,True,True,1.7183785209775706,0.08572759550574106,True,False,0.1759207012658482,0.02702130506706894,True,False,11.39885022691936,False,False,opposite_direction
2,assignment_isolation,plus_one_randomisation,True,ok,54.44499426731603,4.085760248747446,61.954356935250864,48.320308235142406,31.173415501668796,1.0,0.001,1.0,0.001,,,,,0,0,[],[],False,True,False,True,False,0.007071067811865475,0.007065655808709564,24,24,24,0,0.0,{},0.8053357712765958,0.7105311355311357,0.0,False,True,False,True,False,False,0.0,61.954356935250864,48.3203082351424,61.954356935250864,96.0,1.0790522800054676,0.019626265913200224,False,0.5258621201171247,False,0.028124999999999956,False,False,0.49910638461388673,0.028124999999999956,True,True,0.8174872782604989,0.4136500165014737,True,False,0.10526603401291673,0.2832087263687605,True,False,8.164590030559184,False,False,opposite_direction
3,assignment_isolation,plus_one_randomisation,True,ok,58.95749815513802,2.9975857301790656,64.37103815217048,53.91776740642271,31.352113001696253,1.0,0.001,1.0,0.001,,,,,0,0,[],[],False,True,False,True,False,0.007071067811865475,0.007076478342415597,24,24,24,0,0.0,{},0.7992234674768783,0.6704212454212453,0.0,False,True,False,True,False,False,0.0,64.37103815217048,53.91776740642271,64.37103815217048,95.79166666666667,1.0857200718296105,0.004936714774301061,False,0.47247468892288863,False,0.021180555555555536,False,False,0.531411783267492,0.021180555555555536,True,True,0.9453211801934449,0.34449492845398955,True,False,0.1023936209000137,0.40444392264274426,True,False,9.447352741436458,False,False,opposite_direction
4,assignment_isolation,plus_one_randomisation,True,ok,59.259938438228765,3.7834653879192883,65.0736243830356,51.981202002973916,32.40403038469157,1.0,0.001,1.0,0.001,,,,,0,0,[],[],False,True,False,True,False,0.007071067811865475,0.007040246448857254,24,24,24,0,0.0,{},0.7789399685459467,0.7018981481481481,0.0,False,True,False,True,False,False,0.0,65.0736243830356,51.98120200297391,65.0736243830356,94.66666666666667,1.109827392913457,0.003722433009334155,False,0.5217271464507466,False,0.023611111111111138,False,False,0.5239895812446542,0.023611111111111138,True,True,0.37881917036935725,0.7048221506320851,True,False,0.09043684657388519,0.2937651841037857,True,False,9.783783584374067,False,False,opposite_direction
5,assignment_isolation,plus_one_randomisation,True,ok,57.27968443719627,3.5452586129954278,63.27324972216953,51.38752427765587,32.21759071231681,1.0,0.001,1.0,0.001,,,,,0,0,[],[],False,True,False,True,False,0.007071067811865475,0.007069363218753962,24,24,24,0,0.0,{},0.7893719125859107,0.7232558139534883,0.0,False,True,False,True,False,False,0.0,63.27324972216953,51.38752427765587,63.27324972216953,95.08333333333333,1.1104411813987287,0.026283313980674194,False,0.495475193860948,False,0.02499999999999991,False,False,0.5087915228945752,0.02499999999999991,True,True,-2.400313046386242,0.016381056061629706,True,False,0.27051128347461667,0.023268869114433658,True,False,7.410608146444557,False,False,opposite_direction
6,assignment_isolation,plus_one_randomisation,True,ok,58.77897989348268,3.2899926887520112,64.05432163126267,52.35681518883394,32.021042091238165,1.0,0.001,1.0,0.001,,,,,0,0,[],[],False,True,False,True,False,0.007071067811865475,0.007051675037583574,24,24,24,0,0.0,{},0.7810606060606062,0.7087912087912087,0.0,False,True,False,True,False,False,0.0,64.05432163126267,52.35681518883394,64.05432163126267,95.0,1.1004227464121776,0.009890426062386512,False,0.5243845401496112,False,0.02430555555555558,False,False,0.524148562098726,0.02430555555555558,True,True,0.8508027931030302,0.39487890984158514,True,False,0.0821223489872758,0.4183673910506836,True,False,8.024435520822534,False,False,opposite_direction
7,assignment_isolation,plus_one_randomisation,True,ok,60.619860785990085,3.725061933943088,66.6524538453413,53.70062724703763,31.380111145487646,1.0,0.001,1.0,0.001,,,,,0,0,[],[],False,True,False,True,False,0.007071067811865475,0.007119281608054054,24,24,24,0,0.0,{},0.8252371070440376,0.7067204301075269,0.0,False,True,False,True,False,False,0.0,66.6524538453413,53.70062724703763,66.6524538453413,96.875,1.099427287070878,0.022192943453162164,False,0.5290711035803263,False,0.02777777777777779,False,False,0.5381359820762778,0.02777777777777779,True,True,0.8086959691976306,0.41869004727917114,True,False,0.18200380740657787,0.16800039301244785,True,False,9.714395166371986,False,False,opposite_direction
8,assignment_isolation,plus_one_randomisation,True,ok,62.74471223759374,3.868343037821742,69.2796520198422,55.612578632247896,31.75575074671624,1.0,0.001,1.0,0.001,,,,,0,0,[],[],False,True,False,True,False,0.007071067811865475,0.007050878611269466,24,24,24,0,0.0,{},0.8066025504404659,0.7409498207885306,0.0,False,True,False,True,False,False,0.0,69.2796520198422,55.612578632247896,69.2796520198422,96.625,1.1004755048115946,0.0026358404036562234,False,0.5187023401924512,False,0.035069444444444486,False,False,0.5528781064397301,0.035069444444444486,True,True,1.5228716470892203,0.12779082049907975,True,False,0.206460944486871,0.027541011033301227,True,False,9.554348459827285,False,False,opposite_direction
9,assignment_isolation,plus_one_randomisation,True,ok,54.909850462271386,3.693564369904344,61.05055338461125,48.590723293086604,31.203966125383236,1.0,0.001,1.0,0.001,,,,,0,0,[],[],False,True,False,True,False,0.007071067811865475,0.007064376226523793,24,24,24,0,0.0,{},0.7757067572892042,0.7159498207885303,0.0,False,True,False,True,False,False,0.0,61.05055338461125,48.590723293086604,61.05055338461125,94.08333333333333,1.0690794225087195,0.004800544991596988,False,0.5282121123493984,False,0.011458333333333348,False,False,0.5069058233907668,0.011458333333333348,True,True,1.1626598736902598,0.24496752799352428,True,False,0.19431556476509285,0.07247217941405261,True,False,7.614254479068117,False,False,opposite_direction
10,assignment_isolation,plus_one_randomisation,True,ok,60.967536135164,4.476819900714077,69.79522793378499,53.36317893915597,31.826659125536388,1.0,0.001,1.0,0.001,,,,,0,0,[],[],False,True,False,True,False,0.007071067811865475,0.007090627472630203,24,24,24,0,0.0,{},0.8162450031559015,0.6748062015503876,0.0,False,True,False,True,False,False,0.0,69.79522793378499,53.36317893915597,69.79522793378499,96.83333333333333,1.110345577367814,0.001168848033863325,False,0.5123889022499035,False,0.018750000000000044,False,False,0.53630179974932,0.018750000000000044,True,True,0.861241452170734,0.38910507412091166,True,False,0.16206605965422727,0.08495125228785384,True,False,9.237921644948994,False,False,opposite_direction
11,assignment_isolation,plus_one_randomisation,True,ok,60.454387154085474,4.154896978261663,68.08055443286155,54.0431653822557,30.788689746407655,1.0,0.001,1.0,0.001,,,,,0,0,[],[],False,True,False,True,False,0.007071067811865475,0.007043120620109288,24,24,24,0,0.0,{},0.7808696472363704,0.6954166666666667,0.0,False,True,False,True,False,False,0.0,68.08055443286155,54.0431653822557,68.08055443286155,95.58333333333333,1.060028211612781,0.016596533198277405,False,0.5315643836258637,False,0.029861111111111116,False,False,0.5529930824528506,0.029861111111111116,True,True,0.5872831138949932,0.5570135800876022,True,False,0.1896076855344664,0.015547578283677189,True,False,8.498620411917162,False,False,opposite_direction
12,assignment_isolation,plus_one_randomisation,True,ok,55.73255358883703,4.197465306975016,62.51888421134359,48.34448224251163,30.877878418782803,1.0,0.001,1.0,0.001,,,,,0,0,[],[],False,True,False,True,False,0.007071067811865475,0.007028350001541891,24,24,24,0,0.0,{},0.7870103092783507,0.6957831325301205,0.0,False,True,False,True,False,False,0.0,62.51888421134359,48.34448224251164,62.51888421134359,95.25,1.0590179710483272,0.027362885217587236,False,0.5356250759779914,False,0.017013888888888884,False,False,0.5176014487614813,0.017013888888888884,True,True,0.30782423270913345,0.758216081299978,True,False,0.09295217550497642,0.29376259012563877,True,False,7.035432106978448,False,False,opposite_direction
13,assignment_isolation,plus_one_randomisation,True,ok,59.89615480010851,4.7614856315810945,68.26975876719273,51.90771017384884,32.29446890211858,1.0,0.001,1.0,0.001,,,,,0,0,[],[],False,True,False,True,False,0.007071067811865475,0.007057447023048117,24,24,24,0,0.0,{},0.7920411781733969,0.715036231884058,0.0,False,True,False,True,False,False,0.0,68.26975876719273,51.90771017384884,68.26975876719273,94.08333333333333,1.105355879953815,0.01068960261336296,False,0.4925066752468627,False,0.028472222222222232,False,False,0.5304738160144045,0.028472222222222232,True,True,-3.3726045637018034,0.0007446080744547346,True,True,0.19385209168064274,0.019529938004123396,True,False,7.302538525774176,False,True,selection_limited
14,assignment_isolation,plus_one_randomisation,True,ok,57.1465138631389,3.141812801941205,62.692175134894704,51.99955344346611,31.051208957203883,1.0,0.001,1.0,0.001,,,,,0,0,[],[],False,True,False,True,False,0.007071067811865475,0.0070632172560505324,24,24,24,0,0.0,{},0.8071689303904921,0.685304659498208,0.0,False,True,False,True,False,False,0.0,62.692175134894704,51.99955344346611,62.692175134894704,96.66666666666667,1.078175489250356,0.021140390077499772,False,0.5250725595953905,False,0.01909722222222221,False,False,0.5207386636771961,0.01909722222222221,True,True,-1.378916336262881,0.1679205507247642,True,False,0.19245757175999392,0.08229680543753089,True,False,8.948563018545713,False,False,opposite_direction
15,assignment_isolation,plus_one_randomisation,True,ok,66.13938778324042,4.553767856664347,73.21775933862872,57.91061235803291,32.257259076137956,1.0,0.001,1.0,0.001,,,,,0,0,[],[],False,True,False,True,False,0.007071067811865475,0.0070686053221893546,24,24,24,0,0.0,{},0.8223797250859107,0.6831417624521074,0.0,False,True,False,True,False,False,0.0,73.21775933862872,57.910612358032914,73.21775933862872,96.75,1.1213900203499787,0.0018102167569893357,False,0.5032932567438129,False,0.027083333333333348,False,False,0.5677178011250162,0.027083333333333348,True,True,1.5774273510866155,0.11469722615469875,True,False,0.1580278770043368,0.04454972493247897,True,False,11.461826444774614,False,False,opposite_direction
16,assignment_isolation,plus_one_randomisation,True,ok,66.32611378612596,4.583716204011485,74.054756336646,58.74407749361936,31.60350408024375,1.0,0.001,1.0,0.001,,,,,0,0,[],[],False,True,False,True,False,0.007071067811865475,0.007092186683460434,24,24,24,0,0.0,{},0.7958042442375887,0.7316287878787879,0.0,False,True,False,True,False,False,0.0,74.054756336646,58.74407749361936,74.054756336646,94.75,1.0908750545097345,0.024981871324351698,False,0.4835738958600522,False,0.012500000000000067,False,False,0.5809508196142477,0.012500000000000067,True,True,-1.2159275911833272,0.22401250647495452,True,False,0.20358287856955112,0.009524873345671642,True,False,10.448412307256639,False,False,opposite_direction
17,assignment_isolation,plus_one_randomisation,True,ok,58.591131600015274,4.022826318018821,65.72807341810623,51.70658352559577,30.71650756040654,1.0,0.001,1.0,0.001,,,,,0,0,[],[],False,True,False,True,False,0.007071067811865475,0.007062646547979664,24,24,24,0,0.0,{},0.7976376208378089,0.6946360153256704,0.0,False,True,False,True,False,False,0.0,65.72807341810623,51.70658352559577,65.72807341810623,96.875,1.067616235962362,0.025908541795279644,False,0.5058806179788148,False,0.02256944444444453,False,False,0.536074775524036,0.02256944444444453,True,True,-0.10505515018186991,0.9163320472705013,True,False,0.20484836405777812,0.03583565091252715,True,False,7.420782595263112,False,False,opposite_direction
18,assignment_isolation,plus_one_randomisation,True,ok,54.88673447646854,3.478138088511072,61.52519728857809,49.11593955886143,30.70321723336777,1.0,0.001,1.0,0.001,,,,,0,0,[],[],False,True,False,True,False,0.007071067811865475,0.00710514008963036,24,24,24,0,0.0,{},0.8052440803019902,0.6414794007490637,0.0,False,True,False,True,False,False,0.0,61.52519728857809,49.11593955886142,61.52519728857809,96.25,1.0701062583611334,0.05566007841313979,False,0.5123788727929643,False,0.02604166666666674,False,False,0.5062995096562947,0.02604166666666674,True,True,-1.700586850361575,0.0890205950977721,True,False,0.221769110940132,0.05615076522031065,True,False,8.239715038287892,False,False,opposite_direction
19,assignment_isolation,plus_one_randomisation,True,ok,63.31854964126833,3.5614476806358977,69.10103018113779,57.05026937555453,32.02002648811778,1.0,0.001,1.0,0.001,,,,,0,0,[],[],False,True,False,True,False,0.007071067811865475,0.0070723673194064834,24,24,24,0,0.0,{},0.7983077302575621,0.7184865900383143,0.0,False,True,False,True,False,False,0.0,69.10103018113779,57.05026937555453,69.10103018113779,95.91666666666667,1.1089284832391366,0.004493743123257329,False,0.5032865222718417,False,0.013194444444444398,False,False,0.5535160989636648,0.013194444444444398,True,True,0.8886603959202027,0.37418562167097913,True,False,0.13891001345770898,0.3522639263950258,True,False,11.107585860863015,False,False,opposite_direction
20,assignment_isolation,plus_one_randomisation,True,ok,60.29964737923459,3.6411966771934834,66.95556113077397,54.390270957702455,30.871182074788685,1.0,0.001,1.0,0.001,,,,,0,0,[],[],False,True,False,True,False,0.007071067811865475,0.007067279545941434,24,24,24,0,0.0,{},0.8204674709689699,0.7331439393939394,0.0,False,True,False,True,False,False,0.0,66.95556113077397,54.390270957702455,66.95556113077397,97.625,1.0778443688457835,0.012398740740383713,False,0.516051124559934,False,0.007986111111111138,False,False,0.5445350944362061,0.007986111111111138,True,True,-0.37992013835440674,0.7040046979702952,True,False,0.18708703379803768,0.06696332139809974,True,False,10.016619641179238,False,False,opposite_direction
21,assignment_isolation,plus_one_randomisation,True,ok,53.623078626928134,3.258792153922317,59.115675570516494,47.764468821127366,30.83081315166293,1.0,0.001,1.0,0.001,,,,,0,0,[],[],False,True,False,True,False,0.007071067811865475,0.007034912821618836,24,24,24,0,0.0,{},0.791579861111111,0.7164035087719302,0.0,False,True,False,True,False,False,0.0,59.115675570516494,47.764468821127366,59.115675570516494,96.25,1.0639324928376117,0.0033470478595787126,False,0.511829225579151,False,0.02083333333333337,False,False,0.4986246869589113,0.02083333333333337,True,True,-0.2508619031591176,0.8019208795804211,True,False,0.08447960297598059,0.34677644204583813,True,False,9.052529857560934,False,False,opposite_direction
22,assignment_isolation,plus_one_randomisation,True,ok,56.84225550483098,3.943186993215229,64.13816282334521,49.21869918821442,31.44327130291208,1.0,0.001,1.0,0.001,,,,,0,0,[],[],False,True,False,True,False,0.007071067811865475,0.0070262828104681865,24,24,24,0,0.0,{},0.789308905380334,0.6863295880149811,0.0,False,True,False,True,False,False,0.0,64.13816282334521,49.21869918821442,64.13816282334521,96.58333333333333,1.0856115334105025,0.02355006265949973,False,0.512566067859675,False,0.03749999999999998,False,False,0.5153633403458432,0.03749999999999998,True,True,1.1413460687836654,0.2537259381213619,True,False,0.20118363118097782,0.044548605626111445,True,False,8.38307983566549,False,False,opposite_direction
23,assignment_isolation,plus_one_randomisation,True,ok,56.44407746110002,3.3738282934689514,62.27735251167021,50.428232395538494,31.70365638142464,1.0,0.001,1.0,0.001,,,,,0,0,[],[],False,True,False,True,False,0.007071067811865475,0.007006411405901416,24,24,24,0,0.0,{},0.7914491770663774,0.702996254681648,0.0,False,True,False,True,False,False,0.0,62.27735251167021,50.428232395538494,62.27735251167021,96.08333333333333,1.0886769353482784,0.03421003270434685,False,0.5055538725635063,False,0.036111111111111094,False,False,0.5110319463533929,0.036111111111111094,True,True,1.9643710132550005,0.049487081846556084,True,False,0.1677298053924,0.05650313392317906,True,False,8.738270093883532,False,False,opposite_direction
24,assignment_isolation,plus_one_randomisation,True,ok,57.830877362897354,3.3835535992262695,63.380284579267474,52.04689814451258,31.435736757537462,1.0,0.001,1.0,0.001,,,,,0,0,[],[],False,True,False,True,False,0.007071067811865475,0.007056545738595466,24,24,24,0,0.0,{},0.795475372279496,0.6946078431372549,0.0,False,True,False,True,False,False,0.0,63.380284579267474,52.04689814451259,63.380284579267474,95.25,1.082476061034074,0.002238767596574675,False,0.508337281534722,False,0.027430555555555625,False,False,0.5242286923515537,0.027430555555555625,True,True,-1.0940892933354691,0.27391581770808393,True,False,0.13979502376208655,0.1525772463620539,True,False,8.18225323495964,False,False,opposite_direction
25,assignment_isolation,plus_one_randomisation,True,ok,61.245542489099385,2.985891904260621,66.78287387226052,56.14372004643231,30.57716701418763,1.0,0.001,1.0,0.001,,,,,0,0,[],[],False,True,False,True,False,0.007071067811865475,0.007078750321619976,24,24,24,0,0.0,{},0.8196171875,0.7280701754385964,0.0,False,True,False,True,False,False,0.0,66.78287387226052,56.143720046432314,66.78287387226052,96.79166666666667,1.0647381815023573,0.007786594394305888,False,0.49728923461868335,False,0.018402777777777768,False,False,0.5567556303582027,0.018402777777777768,True,True,0.623302666400434,0.5330856459298681,True,False,0.15852402464516824,0.20067524348684918,True,False,8.555682398863189,False,False,opposite_direction
26,assignment_isolation,plus_one_randomisation,True,ok,64.1050734436098,4.122838051585927,71.4341648440477,57.183065351840995,31.642697720223783,1.0,0.001,1.0,0.001,,,,,0,0,[],[],False,True,False,True,False,0.007071067811865475,0.007063754705971639,24,24,24,0,0.0,{},0.8062133361102433,0.7120689655172414,0.0,False,True,False,True,False,False,0.0,71.4341648440477,57.183065351841,71.4341648440477,96.875,1.0999804695595576,0.015806422781386904,False,0.5078608703705554,False,0.01215277777777779,False,False,0.5624848778972392,0.01215277777777779,True,True,1.2417915801745614,0.21431347009529267,True,False,0.31250328939984173,0.0644161020332265,True,False,10.050156299927451,False,False,opposite_direction
27,assignment_isolation,plus_one_randomisation,True,ok,60.451605933770814,3.119242927832878,65.5018150115457,54.98116457232142,31.25248784091611,1.0,0.001,1.0,0.001,,,,,0,0,[],[],False,True,False,True,False,0.007071067811865475,0.00709464319142417,24,24,24,0,0.0,{},0.7978956228956227,0.7041193181818183,0.0,False,True,False,True,False,False,0.0,65.5018150115457,54.981164572321426,65.5018150115457,94.375,1.0769948833941305,0.01749128409342908,False,0.5117802159025486,False,0.01909722222222221,False,False,0.5459899449349592,0.01909722222222221,True,True,-1.02029481960477,0.30758865947204284,True,False,0.12565217492853087,0.3011975505748453,True,False,7.708280256286285,False,False,opposite_direction
28,assignment_isolation,plus_one_randomisation,True,ok,61.55990222716514,4.389797563670176,68.98108664380315,54.00878727726065,31.35020731839194,1.0,0.001,1.0,0.001,,,,,0,0,[],[],False,True,False,True,False,0.007071067811865475,0.007061703364046001,24,24,24,0,0.0,{},0.7978239845261121,0.6793120155038759,0.0,False,True,False,True,False,False,0.0,68.98108664380315,54.00878727726066,68.98108664380315,95.79166666666667,1.0833873412025723,0.0025890178646477756,False,0.5190340739841247,False,0.012499999999999956,False,False,0.5513778516926233,0.012499999999999956,True,True,0.6636000216834899,0.5069463434231649,True,False,0.17232374376168832,0.0868042411402707,True,False,9.143421998193416,False,False,opposite_direction
29,assignment_isolation,plus_one_randomisation,True,ok,62.232716053399116,3.649988942603177,68.69565789635708,56.079222377506895,31.45282096168048,1.0,0.001,1.0,0.001,,,,,0,0,[],[],False,True,False,True,False,0.007071067811865475,0.007077098923123163,24,24,24,0,0.0,{},0.7988738259790892,0.7081372549019607,0.0,False,True,False,True,False,False,0.0,68.69565789635708,56.0792223775069,68.69565789635708,95.58333333333333,1.0881179114746136,0.010883365320009905,False,0.5026029259452129,False,0.014236111111111116,False,False,0.5542396389373465,0.014236111111111116,True,True,-0.47878377935779326,0.6320924573010966,True,False,0.16363082960164535,0.1033159899855981,True,False,9.863083574974743,False,False,opposite_direction
30,assignment_isolation,plus_one_randomisation,True,ok,55.66056458803797,3.7151378724743274,62.06051929118036,49.17279076733683,31.25110671472714,1.0,0.001,1.0,0.001,,,,,0,0,[],[],False,True,False,True,False,0.007071067811865475,0.007029202940689921,24,24,24,0,0.0,{},0.8020833333333335,0.704122340425532,0.0,False,True,False,True,False,False,0.0,62.06051929118036,49.17279076733683,62.06051929118036,96.08333333333333,1.076627624480903,0.01959430071267163,False,0.5008866128565928,False,0.023958333333333304,False,False,0.509779917930769,0.023958333333333304,True,True,0.08568328691937466,0.9317181883684387,True,False,0.14061815743802594,0.34705610658537234,True,False,8.59163658499468,False,False,opposite_direction
31,assignment_isolation,plus_one_randomisation,True,ok,61.487137755053006,4.145049152763827,69.90365085980821,55.14551768828304,31.96529364862846,1.0,0.001,1.0,0.001,,,,,0,0,[],[],False,True,False,True,False,0.007071067811865475,0.007081275131066601,24,24,24,0,0.0,{},0.8026735521599699,0.6700396825396826,0.0,False,True,False,True,False,False,0.0,69.90365085980821,55.14551768828304,69.90365085980821,95.375,1.1052930691456497,0.01558116900493559,False,0.5336991875014696,False,0.028124999999999956,False,False,0.542049329248675,0.028124999999999956,True,True,1.0033459413891754,0.31569397707419444,True,False,0.14666912780901875,0.07037066224057469,True,False,11.06542114111225,False,False,opposite_direction
32,assignment_isolation,plus_one_randomisation,True,ok,58.79307115700605,3.9214024300402857,65.26051810268197,52.104801540852556,30.581626955065996,1.0,0.001,1.0,0.001,,,,,0,0,[],[],False,True,False,True,False,0.007071067811865475,0.007093168396158462,24,24,24,0,0.0,{},0.805640090324822,0.7331460674157303,0.0,False,True,False,True,False,False,0.0,65.26051810268197,52.104801540852556,65.26051810268197,95.75,1.0613051028929696,0.017396480152783958,False,0.5188398837574782,False,0.03576388888888893,False,False,0.5402026763300111,0.03576388888888893,True,True,-1.5896875295034745,0.1119052560161341,True,False,0.22939593299526442,0.01165568303148199,True,False,9.097457791545363,False,False,opposite_direction
33,assignment_isolation,plus_one_randomisation,True,ok,64.62380647129571,4.176415315078861,71.74065382859764,57.4395532608851,31.88806566637839,1.0,0.001,1.0,0.001,,,,,0,0,[],[],False,True,False,True,False,0.007071067811865475,0.007089149666553052,24,24,24,0,0.0,{},0.8078686348016244,0.7053030303030303,0.0,False,True,False,True,False,False,0.0,71.74065382859764,57.4395532608851,71.74065382859764,95.75,1.1060167817904998,0.008083449139788387,False,0.49539558467926964,False,0.03229166666666672,False,False,0.5636172958178495,0.03229166666666672,True,True,3.2897512101860253,0.0010027600177912371,True,True,0.2170455325557913,0.042443899291921945,True,False,11.55115213263242,False,True,selection_limited
34,assignment_isolation,plus_one_randomisation,True,ok,57.98227932955077,2.897419109364095,62.939346877347624,52.765342773476995,31.226182834139777,1.0,0.001,1.0,0.001,,,,,0,0,[],[],False,True,False,True,False,0.007071067811865475,0.007079205635655601,24,24,24,0,0.0,{},0.791578947368421,0.7164874551971323,0.0,False,True,False,True,False,False,0.0,62.939346877347624,52.765342773476995,62.939346877347624,94.58333333333333,1.0749313723531593,0.026026761067377616,False,0.5126097993435973,False,0.02951388888888895,False,False,0.5284624243765749,0.02951388888888895,True,True,0.8741469264141329,0.382038244793685,True,False,0.11903949359756773,0.24315069066092215,True,False,9.469252047755981,False,False,opposite_direction
35,assignment_isolation,plus_one_randomisation,True,ok,62.17353985657774,2.9206131954953056,66.92361330849053,56.14309315005389,32.224160000243515,1.0,0.001,1.0,0.001,,,,,0,0,[],[],False,True,False,True,False,0.007071067811865475,0.007088748760564882,24,24,24,0,0.0,{},0.7831520882584713,0.6748127340823971,0.0,False,True,False,True,False,False,0.0,66.92361330849053,56.14309315005389,66.92361330849053,94.08333333333333,1.1078412755106453,0.01859051407416204,False,0.4991411359267166,False,0.012847222222222232,False,False,0.545922911301692,0.012847222222222232,True,True,2.1309027561939335,0.033097154284314895,True,False,0.19059129123352028,0.021931961592979665,True,False,10.6799247468735,False,False,opposite_direction
36,assignment_isolation,plus_one_randomisation,True,ok,57.80258612675744,4.61489836991672,67.06523792061843,50.91607576823736,31.155577017127708,1.0,0.001,1.0,0.001,,,,,0,0,[],[],False,True,False,True,False,0.007071067811865475,0.0070758731940968106,24,24,24,0,0.0,{},0.8139032073310424,0.699551971326165,0.0,False,True,False,True,False,False,0.0,67.06523792061843,50.91607576823736,67.06523792061843,97.0,1.08560469243069,0.0007879153695409697,False,0.5077499378141096,False,0.014583333333333282,False,False,0.5227417994468342,0.014583333333333282,True,True,-1.494904051171357,0.13493948485519,True,False,0.22223648211519548,0.09289871213311614,True,False,8.610696703893453,False,False,opposite_direction
37,assignment_isolation,plus_one_randomisation,True,ok,52.513152910341624,3.7415362200447,58.33245810608791,45.52828080381473,30.766890231116665,1.0,0.001,1.0,0.001,,,,,0,0,[],[],False,True,False,True,False,0.007071067811865475,0.007054733199140725,24,24,24,0,0.0,{},0.7835355432477882,0.7216117216117215,0.0,False,True,False,True,False,False,0.0,58.332458106087905,45.52828080381473,58.332458106087905,95.5,1.0605615699207616,0.05125286028381338,False,0.49615167765835944,False,0.014930555555555558,False,False,0.4908697248846903,0.014930555555555558,True,True,-0.15406893056896298,0.8775553855591834,True,False,0.16697380595378325,0.20429273343813492,True,False,8.126412273473777,False,False,opposite_direction
38,assignment_isolation,plus_one_randomisation,True,ok,64.25249398884051,3.8629029227967075,70.8049211468592,57.86074310672293,31.404203300825767,1.0,0.001,1.0,0.001,,,,,0,0,[],[],False,True,False,True,False,0.007071067811865475,0.0070595323805109035,24,24,24,0,0.0,{},0.8058566058002149,0.6954022988505746,0.0,False,True,False,True,False,False,0.0,70.8049211468592,57.86074310672293,70.8049211468592,96.5,1.0889235134768633,0.029640160696318554,False,0.51932569889996,False,0.010069444444444464,False,False,0.5679080271643111,0.010069444444444464,True,True,1.8352015911126303,0.06647582548982399,True,False,0.11989357618692968,0.32986300387983036,True,False,9.794331568096892,False,False,opposite_direction
39,assignment_isolation,plus_one_randomisation,True,ok,62.076163524418455,3.4668326728901513,67.63014453139023,55.35935942326205,30.780598195939067,1.0,0.001,1.0,0.001,,,,,0,0,[],[],False,True,False,True,False,0.007071067811865475,0.007100986505461346,24,24,24,0,0.0,{},0.801439649584382,0.7164609053497942,0.0,False,True,False,True,False,False,0.0,67.63014453139023,55.35935942326205,67.63014453139023,95.45833333333333,1.0677575996155422,0.002017371766922214,False,0.5459566854566648,False,0.031597222222222276,False,False,0.561420672900465,0.031597222222222276,True,True,0.3353653121822747,0.7373495312252347,True,False,0.09842363677972225,0.2727232986086762,True,False,7.984149856399432,False,False,opposite_direction
40,assignment_isolation,plus_one_randomisation,True,ok,59.7417324228061,3.111630393860611,65.10893200699319,54.22831549427944,31.214371901060108,1.0,0.001,1.0,0.001,,,,,0,0,[],[],False,True,False,True,False,0.007071067811865475,0.007126610862791811,24,24,24,0,0.0,{},0.8142257996632996,0.7073863636363636,0.0,False,True,False,True,False,False,0.0,65.10893200699319,54.228315494279435,65.10893200699319,96.08333333333333,1.0902640219846662,0.00711626195060029,False,0.5087264517204152,False,0.03437499999999993,False,False,0.5353943949228668,0.03437499999999993,True,True,-1.1664918979003307,0.24341562246922843,True,False,0.25836282447874825,0.043465335091159636,True,False,7.565066298929271,False,False,opposite_direction
41,assignment_isolation,plus_one_randomisation,True,ok,65.38418412483968,4.783364945837501,74.48183233654544,57.55774219149137,32.55302915952654,1.0,0.001,1.0,0.001,,,,,0,0,[],[],False,True,False,True,False,0.007071067811865475,0.007020581999396767,24,24,24,0,0.0,{},0.7845968645016796,0.6945932539682538,0.0,False,True,False,True,False,False,0.0,74.48183233654544,57.55774219149137,74.48183233654544,94.91666666666667,1.1132834855353662,0.018061583125226526,False,0.512356735168662,False,0.030208333333333393,False,False,0.5658696879538945,0.030208333333333393,True,True,0.6177113537492741,0.5367656264268212,True,False,0.0653631538085305,0.35183594490046155,True,False,8.661850659357437,False,False,opposite_direction
42,assignment_isolation,plus_one_randomisation,True,ok,55.58808787485941,3.299941648974778,61.919800806596946,50.20106012135554,30.719314383795414,1.0,0.001,1.0,0.001,,,,,0,0,[],[],False,True,False,True,False,0.007071067811865475,0.007105755392231189,24,24,24,0,0.0,{},0.8058834636154224,0.7517399267399266,0.0,False,True,False,True,False,False,0.0,61.919800806596946,50.20106012135554,61.919800806596946,96.08333333333333,1.069832548813069,0.015825661819154294,False,0.527535290197144,False,0.030902777777777724,False,False,0.5119900749925032,0.030902777777777724,True,True,1.953393625982498,0.050772970934288855,True,False,0.1792115766551455,0.11572904092662004,True,False,9.494850059008018,False,False,opposite_direction
43,assignment_isolation,plus_one_randomisation,True,ok,62.9963605798927,3.985016465334544,69.28298584202956,55.828630798440514,31.37405980893611,1.0,0.001,1.0,0.001,,,,,0,0,[],[],False,True,False,True,False,0.007071067811865475,0.007085745042453809,24,24,24,0,0.0,{},0.8074907235621522,0.7083333333333333,0.0,False,True,False,True,False,False,0.0,69.28298584202956,55.828630798440514,69.28298584202956,96.41666666666667,1.0914461229706998,0.008563178173773073,False,0.5021120574097725,False,0.014236111111111116,False,False,0.5582522746839675,0.014236111111111116,True,True,0.8141804748706761,0.4155415691848776,True,False,0.05955980561649645,0.4125156153834189,True,False,10.833295350584722,False,False,opposite_direction
44,assignment_isolation,plus_one_randomisation,True,ok,50.87420724439164,4.909139988661939,60.70839317495469,43.153271661390804,31.228936828568962,1.0,0.001,1.0,0.001,,,,,0,0,[],[],False,True,False,True,False,0.007071067811865475,0.0070782194927066925,24,24,24,0,0.0,{},0.8054472723367696,0.6586647727272725,0.0,False,True,False,True,False,False,0.0,60.70839317495469,43.1532716613908,60.70839317495469,95.58333333333333,1.0805436494112242,0.015137645430963105,False,0.5108196271432054,False,0.04375000000000007,False,False,0.46902416646394995,0.04375000000000007,True,True,0.23782884174596824,0.8120138479116014,True,False,0.14466355276144816,0.23489975167363816,True,False,8.127121375647056,False,False,opposite_direction
45,assignment_isolation,plus_one_randomisation,True,ok,59.321059181154084,4.1837849995008245,66.27534793430222,52.402798402087,31.775093567794972,1.0,0.001,1.0,0.001,,,,,0,0,[],[],False,True,False,True,False,0.007071067811865475,0.007034167941904345,24,24,24,0,0.0,{},0.7783066652348225,0.6914794007490636,0.0,False,True,False,True,False,False,0.0,66.27534793430222,52.402798402087,66.27534793430222,95.33333333333333,1.09116886272049,0.02577540706669675,False,0.5192991344910807,False,0.023263888888888973,False,False,0.531914833932617,0.023263888888888973,True,True,1.0844366307360702,0.2781712496270973,True,False,0.15520446162465368,0.3211443213486264,True,False,9.643636487934865,False,False,opposite_direction
46,assignment_isolation,plus_one_randomisation,True,ok,56.56997598355138,3.2194678797512406,63.030108372775686,51.471755818886166,30.677156835242574,1.0,0.001,1.0,0.001,,,,,0,0,[],[],False,True,False,True,False,0.007071067811865475,0.007017063561291854,24,24,24,0,0.0,{},0.7832465277777779,0.6634920634920635,0.0,False,True,False,True,False,False,0.0,63.030108372775686,51.47175581888617,63.030108372775686,95.875,1.0538849676587125,0.013818554545045922,False,0.5102333926763174,False,0.030902777777777835,False,False,0.5263096709402932,0.030902777777777835,True,True,1.541387090285134,0.12322260410160812,True,False,0.15696252055354135,0.12174806772007081,True,False,7.67819891534973,False,False,opposite_direction
47,assignment_isolation,plus_one_randomisation,True,ok,62.91405785793098,3.730942999195322,69.7065261947017,56.50190936515634,31.487905437662263,1.0,0.001,1.0,0.001,,,,,0,0,[],[],False,True,False,True,False,0.007071067811865475,0.0070930484758142546,24,24,24,0,0.0,{},0.8238635153837964,0.7197132616487452,0.0,False,True,False,True,False,False,0.0,69.7065261947017,56.50190936515634,69.7065261947017,96.91666666666667,1.0993752084085417,0.00140374573074182,False,0.4994072487190532,False,0.036805555555555536,False,False,0.5545015172250116,0.036805555555555536,True,True,-0.1885167204821177,0.8504716094472676,True,False,0.058244251682823586,0.5898105204455886,True,False,10.88370871079982,False,False,opposite_direction
48,assignment_isolation,plus_one_randomisation,True,ok,61.965871656274466,3.8227528760288956,68.80290648894119,55.35403156006697,30.97342284283461,1.0,0.001,1.0,0.001,,,,,0,0,[],[],False,True,False,True,False,0.007071067811865475,0.007066010330421202,24,24,24,0,0.0,{},0.8134574915824915,0.7159259259259259,0.0,False,True,False,True,False,False,0.0,68.80290648894119,55.35403156006697,68.80290648894119,97.91666666666667,1.0828337515536306,0.04610173834734662,False,0.5191825354745229,False,0.02430555555555558,False,False,0.5544904147933581,0.02430555555555558,True,True,-1.0908013468273545,0.27536030371545206,True,False,0.2416614914544598,0.019682702833846478,True,False,9.761265119035576,False,False,opposite_direction
49,assignment_isolation,plus_one_randomisation,True,ok,59.44554631827716,3.2482772306389154,64.26139164956665,53.28219726197739,30.832970969040435,1.0,0.001,1.0,0.001,,,,,0,0,[],[],False,True,False,True,False,0.007071067811865475,0.007088251357454207,24,24,24,0,0.0,{},0.8058808479532162,0.6537254901960784,0.0,False,True,False,True,False,False,0.0,64.26139164956665,53.28219726197739,64.26139164956665,95.66666666666667,1.0688205838946088,0.03490409649962046,False,0.486886260470197,False,0.03437499999999993,False,False,0.5419557192773977,0.03437499999999993,True,True,0.5862529315393078,0.5577055561561709,True,False,0.18029739104651987,0.05087917540606826,True,False,7.943023875586676,False,False,opposite_direction
50,assignment_isolation,plus_one_randomisation,True,ok,56.44391712574503,4.260959776293411,64.53485212641428,49.67795545346256,30.794146781698412,1.0,0.001,1.0,0.001,,,,,0,0,[],[],False,True,False,True,False,0.007071067811865475,0.007063570682273922,24,24,24,0,0.0,{},0.8017065602836881,0.6914814814814814,0.0,False,True,False,True,False,False,0.0,64.53485212641428,49.67795545346255,64.53485212641428,94.91666666666667,1.0595799072589431,0.006118530126816549,False,0.5077000647761156,False,0.009722222222222188,False,False,0.522952632968786,0.009722222222222188,True,True,-0.3045155330209281,0.7607351606667943,True,False,0.129080465688741,0.262086745799003,True,False,6.818517884249225,False,False,opposite_direction
51,assignment_isolation,plus_one_randomisation,True,ok,61.565204590234345,2.81302429962927,67.01926813274753,57.12628635967213,31.824448530548406,1.0,0.001,1.0,0.001,,,,,0,0,[],[],False,True,False,True,False,0.007071067811865475,0.007066955539506954,24,24,24,0,0.0,{},0.7904769174401562,0.649233716475096,0.0,False,True,False,True,False,False,0.0,67.01926813274753,57.12628635967213,67.01926813274753,93.625,1.0880758356540035,0.01412430273338858,False,0.5296443717960554,False,0.023611111111111138,False,False,0.5495171280961157,0.023611111111111138,True,True,-0.1724306114348169,0.8630990081353165,True,False,0.11308273884377841,0.20537712957983087,True,False,10.127189803589085,False,False,opposite_direction
52,assignment_isolation,plus_one_randomisation,True,ok,53.564920136890386,4.226529502467329,61.152185309898755,46.72176039457182,31.676218879798125,1.0,0.001,1.0,0.001,,,,,0,0,[],[],False,True,False,True,False,0.007071067811865475,0.007030567939162826,24,24,24,0,0.0,{},0.8043418858014832,0.6954212454212455,0.0,False,True,False,True,False,False,0.0,61.152185309898755,46.72176039457182,61.152185309898755,95.66666666666667,1.0891158287426408,0.013403726666823976,False,0.5150006643468216,False,0.04131944444444435,False,False,0.4879323479949032,0.04131944444444435,True,True,-0.15981547044765532,0.873026437067084,True,False,0.1380596677317526,0.18105044262527475,True,False,7.450561542581206,False,False,opposite_direction
53,assignment_isolation,plus_one_randomisation,True,ok,57.81983446983562,3.782689710790552,64.51640422314463,51.01398946217914,31.729025304854275,1.0,0.001,1.0,0.001,,,,,0,0,[],[],False,True,False,True,False,0.007071067811865475,0.00705334761329597,24,24,24,0,0.0,{},0.7820639213217337,0.6870833333333333,0.0,False,True,False,True,False,False,0.0,64.51640422314463,51.01398946217913,64.51640422314463,93.79166666666667,1.083687714588856,0.022802697068248345,False,0.4955539474855869,False,0.012500000000000067,False,False,0.5236517432593665,0.012500000000000067,True,True,0.5825655718299765,0.5601857875594682,True,False,0.2103578789824017,0.14966344217836966,True,False,9.597580165136295,False,False,opposite_direction
54,assignment_isolation,plus_one_randomisation,True,ok,61.15661832754497,3.544380902748722,67.21424872549143,54.79016829641539,31.783406036657194,1.0,0.001,1.0,0.001,,,,,0,0,[],[],False,True,False,True,False,0.007071067811865475,0.007049069093741952,24,24,24,0,0.0,{},0.7952695401077097,0.712037037037037,0.0,False,True,False,True,False,False,0.0,67.21424872549143,54.79016829641538,67.21424872549143,96.41666666666667,1.0999634749566785,0.00032205258556288233,False,0.4984256456250841,False,0.015277777777777835,False,False,0.5418043099322807,0.015277777777777835,True,True,-0.6257789734688735,0.53145992520783,True,False,0.17852896965203072,0.07982314553528291,True,False,10.334354535995914,False,False,opposite_direction
55,assignment_isolation,plus_one_randomisation,True,ok,57.488473930008446,4.0674972977246755,66.08908538255815,50.79103392497113,31.27849572933183,1.0,0.001,1.0,0.001,,,,,0,0,[],[],False,True,False,True,False,0.007071067811865475,0.007055495435414807,24,24,24,0,0.0,{},0.7938097002635047,0.6899621212121212,0.0,False,True,False,True,False,False,0.0,66.08908538255815,50.791033924971124,66.08908538255815,95.45833333333333,1.0780782932521007,0.0164469222144799,False,0.5382987614360123,False,0.012499999999999956,False,False,0.5234060613411975,0.012499999999999956,True,True,-3.792790522935394,0.00014896381286784454,True,True,0.23952361918354426,0.021570315574475005,True,False,6.855577683341926,False,True,selection_limited
56,assignment_isolation,plus_one_randomisation,True,ok,63.15337217551926,4.876596704540846,70.54366739657685,53.63318153295761,31.504470977912117,1.0,0.001,1.0,0.001,,,,,0,0,[],[],False,True,False,True,False,0.007071067811865475,0.007081984855575638,24,24,24,0,0.0,{},0.79286941580756,0.7124547101449273,0.0,False,True,False,True,False,False,0.0,70.54366739657685,53.6331815329576,70.54366739657685,96.125,1.0937431996261817,0.03817784178804279,False,0.5175110886933569,False,0.02013888888888893,False,False,0.5584219640191715,0.02013888888888893,True,True,-1.2615438558827539,0.20711296964002557,True,False,0.1325377893964264,0.10524069819762012,True,False,9.431291472666427,False,False,opposite_direction
57,assignment_isolation,plus_one_randomisation,True,ok,67.08776846655626,3.630944249285546,72.64944821097879,60.286847789720994,32.0072538336568,1.0,0.001,1.0,0.001,,,,,0,0,[],[],False,True,False,True,False,0.007071067811865475,0.007023569373769072,24,24,24,0,0.0,{},0.7893171398994379,0.7000000000000001,0.0,False,True,False,True,False,False,0.0,72.64944821097879,60.286847789721,72.64944821097879,95.91666666666667,1.100837799654721,0.01402940547924673,False,0.5138227809279683,False,0.030555555555555558,False,False,0.5819586942265557,0.030555555555555558,True,True,1.9556065005733594,0.05051152653381088,True,False,0.18768606923585623,0.12284768790943486,True,False,10.502366901130982,False,False,opposite_direction
58,assignment_isolation,plus_one_randomisation,True,ok,63.03708894725664,3.9334130197160224,69.99242247402807,56.534614565287434,32.11270580926239,1.0,0.001,1.0,0.001,,,,,0,0,[],[],False,True,False,True,False,0.007071067811865475,0.007092028014812424,24,24,24,0,0.0,{},0.8072721205186879,0.7268465909090908,0.0,False,True,False,True,False,False,0.0,69.99242247402807,56.534614565287434,69.99242247402807,96.04166666666667,1.115956308190605,0.00933891601647604,False,0.5000719650798232,False,0.02951388888888884,False,False,0.5487807030118353,0.02951388888888884,True,True,0.37510153132809304,0.7075849582090774,True,False,0.0384767647485871,0.32809818232448806,True,False,9.167272543522257,False,False,opposite_direction
59,assignment_isolation,plus_one_randomisation,True,ok,57.53547696703523,4.176096141192897,65.48932003612636,50.566508030144774,31.583206681844178,1.0,0.001,1.0,0.001,,,,,0,0,[],[],False,True,False,True,False,0.007071067811865475,0.0070977937829984445,24,24,24,0,0.0,{},0.8039518900343644,0.6992753623188404,0.0,False,True,False,True,False,False,0.0,65.48932003612636,50.566508030144774,65.48932003612636,96.20833333333333,1.0994005493701855,0.013122557038072698,False,0.5075456055421783,False,0.024652777777777746,False,False,0.5151434214201123,0.024652777777777746,True,True,0.27681943507349416,0.7819187570874053,True,False,0.0587600478398655,0.25604601668133353,True,False,7.435148482986966,False,False,opposite_direction
60,assignment_isolation,plus_one_randomisation,True,ok,63.11278791658785,5.189142785533322,71.30309681059943,53.6267829394844,31.621908256061214,1.0,0.001,1.0,0.001,,,,,0,0,[],[],False,True,False,True,False,0.007071067811865475,0.007075909221885225,24,24,24,0,0.0,{},0.7903114030067155,0.660125968992248,0.0,False,True,False,True,False,False,0.0,71.30309681059943,53.6267829394844,71.30309681059943,95.79166666666667,1.0949749808619582,0.01234325215360141,False,0.5215083088707132,False,0.015277777777777724,False,False,0.5576462473211053,0.015277777777777724,True,True,-0.18939944687406265,0.8497797579536114,True,False,0.17952071436494269,0.28231218023350646,True,False,8.910053734283405,False,False,opposite_direction
61,assignment_isolation,plus_one_randomisation,True,ok,60.91422208528892,2.873734447918442,66.30291094756342,56.18899895377544,31.7322783430732,1.0,0.001,1.0,0.001,,,,,0,0,[],[],False,True,False,True,False,0.007071067811865475,0.007077868288837211,24,24,24,0,0.0,{},0.8053402341999102,0.7186379928315412,0.0,False,True,False,True,False,False,0.0,66.30291094756342,56.18899895377544,66.30291094756342,95.79166666666667,1.0991009945539456,0.04004739362706963,False,0.5005490078551336,False,0.014236111111111116,False,False,0.5404006599165238,0.014236111111111116,True,True,-1.6343860659865705,0.10217781216308656,True,False,0.09556393014046495,0.1584016628274493,True,False,8.378877917650055,False,False,opposite_direction
62,assignment_isolation,plus_one_randomisation,True,ok,58.181193652693885,3.7173090669205653,65.15552776904963,52.20624537411893,31.16841777663344,1.0,0.001,1.0,0.001,,,,,0,0,[],[],False,True,False,True,False,0.007071067811865475,0.007067281135460254,24,24,24,0,0.0,{},0.7993009808227198,0.6707843137254902,0.0,False,True,False,True,False,False,0.0,65.15552776904963,52.20624537411893,65.15552776904963,95.83333333333333,1.07819031345447,0.013992368541543409,False,0.5307339738349037,False,0.01215277777777779,False,False,0.528637611567013,0.01215277777777779,True,True,-0.11134264944940199,0.9113446362706485,True,False,0.191594123434577,0.07705435569640699,True,False,7.099131615904817,False,False,opposite_direction
63,assignment_isolation,plus_one_randomisation,True,ok,63.09421784380095,4.585915961176957,70.92409291764125,54.78537904418824,31.774205082734507,1.0,0.001,1.0,0.001,,,,,0,0,[],[],False,True,False,True,False,0.007071067811865475,0.007103900613324119,24,24,24,0,0.0,{},0.8058659797705314,0.6748106060606059,0.0,False,True,False,True,False,False,0.0,70.92409291764125,54.78537904418824,70.92409291764125,95.54166666666667,1.1031586685734283,0.009392524015846246,False,0.5149493256921402,False,0.02013888888888893,False,False,0.5542485208487848,0.02013888888888893,True,True,-1.3733384944954317,0.16964714077781728,True,False,0.2575879538864082,0.13539881540326512,True,False,8.501556696997547,False,False,opposite_direction
64,assignment_isolation,plus_one_randomisation,True,ok,63.958168286975855,4.254133241038119,71.79976890941286,57.21194424187603,31.961559328176502,1.0,0.001,1.0,0.001,,,,,0,0,[],[],False,True,False,True,False,0.007071067811865475,0.0070726066153231695,24,24,24,0,0.0,{},0.7886537524366473,0.731684981684982,0.0,False,True,False,True,False,False,0.0,71.79976890941286,57.21194424187603,71.79976890941286,95.375,1.1038110619506782,0.003914417218975335,False,0.4924628102097113,False,0.028124999999999956,False,False,0.5599566608401739,0.028124999999999956,True,True,1.1991894769896925,0.23045427807432195,True,False,0.19359271547175128,0.06087769218132314,True,False,8.305516502462156,False,False,opposite_direction
65,assignment_isolation,plus_one_randomisation,True,ok,52.87386332920901,2.3841720413705194,57.016688331368776,49.18165373845574,30.964820206377738,1.0,0.001,1.0,0.001,,,,,0,0,[],[],False,True,False,True,False,0.007071067811865475,0.007012069774377216,24,24,24,0,0.0,{},0.7826241134751771,0.7120879120879118,0.0,False,True,False,True,False,False,0.0,57.016688331368776,49.18165373845574,57.016688331368776,96.29166666666667,1.0653177123883344,0.0013066773976379111,False,0.519714317773127,False,0.030902777777777835,False,False,0.49190447779823315,0.030902777777777835,True,True,-0.05493302787025489,0.9561918191600052,True,False,0.11055812397649957,0.12827925158202588,True,False,8.072176480274623,False,False,opposite_direction
66,assignment_isolation,plus_one_randomisation,True,ok,61.23444933394893,3.7647665921616524,67.84765937670812,54.809273690071564,31.833200419152732,1.0,0.001,1.0,0.001,,,,,0,0,[],[],False,True,False,True,False,0.007071067811865475,0.007101427103432291,24,24,24,0,0.0,{},0.8046697845804989,0.7150362318840578,0.0,False,True,False,True,False,False,0.0,67.84765937670812,54.809273690071564,67.84765937670812,94.70833333333333,1.0999932957778042,0.0027815426234714855,False,0.4865307963690451,False,0.019791666666666652,False,False,0.5423524574386063,0.019791666666666652,True,True,-1.0479503307529687,0.2946614915835356,True,False,0.190467060953619,0.07637556196707589,True,False,9.105676928346456,False,False,opposite_direction
67,assignment_isolation,plus_one_randomisation,True,ok,58.08409166030244,2.688022474263648,62.844638244543795,53.42103884081119,30.91101841568356,1.0,0.001,1.0,0.001,,,,,0,0,[],[],False,True,False,True,False,0.007071067811865475,0.007061129796434969,24,24,24,0,0.0,{},0.8093642611683849,0.7054029304029305,0.0,False,True,False,True,False,False,0.0,62.844638244543795,53.421038840811185,62.844638244543795,98.20833333333333,1.0815128485576757,0.0038647410892490813,False,0.5089510871851441,False,0.011458333333333348,False,False,0.5265457921236897,0.011458333333333348,True,True,-0.009396833960303283,0.9925025216013091,True,False,0.15806142275151858,0.11319157977537912,True,False,8.153042656883528,False,False,opposite_direction
68,assignment_isolation,plus_one_randomisation,True,ok,59.32912402849032,4.498770920321205,67.84239689758536,51.8052692816451,31.26869963766979,1.0,0.001,1.0,0.001,,,,,0,0,[],[],False,True,False,True,False,0.007071067811865475,0.007100805054453232,24,24,24,0,0.0,{},0.8057059961315282,0.6480182926829269,0.0,False,True,False,True,False,False,0.0,67.84239689758536,51.8052692816451,67.84239689758536,95.08333333333333,1.0825291854549266,0.011005563357435025,False,0.5171482049299357,False,0.01805555555555549,False,False,0.535477787651084,0.01805555555555549,True,True,-0.6850773417889193,0.49329511737303633,True,False,0.1905321585813537,0.07047894684022686,True,False,9.832576796380591,False,False,opposite_direction
69,assignment_isolation,plus_one_randomisation,True,ok,64.28943780183145,4.570853713867928,72.74823044643756,56.61741058673906,32.312269286997285,1.0,0.001,1.0,0.001,,,,,0,0,[],[],False,True,False,True,False,0.007071067811865475,0.00706086443077454,24,24,24,0,0.0,{},0.8044641857078854,0.7164772727272726,0.0,False,True,False,True,False,False,0.0,72.74823044643756,56.61741058673906,72.74823044643756,95.5,1.1148001609705007,0.029421752948150644,False,0.5007744711289794,False,0.014583333333333282,False,False,0.5578780082803206,0.014583333333333282,True,True,-0.10742471161796094,0.9144520509032124,True,False,0.14031701449159478,0.06906167000204869,True,False,10.358619659439695,False,False,opposite_direction
70,assignment_isolation,plus_one_randomisation,True,ok,60.292237549632226,4.4488144002670875,69.37302275406404,53.56149789809038,31.36064457935653,1.0,0.001,1.0,0.001,,,,,0,0,[],[],False,True,False,True,False,0.007071067811865475,0.007013975444990873,24,24,24,0,0.0,{},0.7791666666666667,0.6768199233716474,0.0,False,True,False,True,False,False,0.0,69.37302275406404,53.56149789809038,69.37302275406404,96.04166666666667,1.0778270281105033,0.009744174428968015,False,0.5132142141664995,False,0.02604166666666663,False,False,0.5444880788120797,0.02604166666666663,True,True,0.31130680894807616,0.7555673914989189,True,False,0.13030842322417502,0.039334237059966554,True,False,7.911921878345996,False,False,opposite_direction
71,assignment_isolation,plus_one_randomisation,True,ok,56.940072598335455,2.830511009307849,61.622526451390236,51.79459899138633,31.30143641197572,1.0,0.001,1.0,0.001,,,,,0,0,[],[],False,True,False,True,False,0.007071067811865475,0.0070687672859654415,24,24,24,0,0.0,{},0.8118054801953338,0.675287356321839,0.0,False,True,False,True,False,False,0.0,61.622526451390236,51.79459899138633,61.622526451390236,96.25,1.0853712795343697,0.012200927418093253,False,0.5178573505336723,False,0.02604166666666663,False,False,0.5162172672238102,0.02604166666666663,True,True,-1.4617834605531512,0.14380055782756046,True,False,0.16327612388862847,0.3888062456533251,True,False,9.505176624611243,False,False,opposite_direction
72,assignment_isolation,plus_one_randomisation,True,ok,62.16313854913094,3.3600333146794408,67.70119289663563,56.033546120708564,31.61539566736518,1.0,0.001,1.0,0.001,,,,,0,0,[],[],False,True,False,True,False,0.007071067811865475,0.007121965148466656,24,24,24,0,0.0,{},0.8071880829387286,0.731684981684982,0.0,False,True,False,True,False,False,0.0,67.70119289663563,56.033546120708564,67.70119289663563,95.41666666666667,1.0997161175125634,0.0038132332102518676,False,0.5391553484883442,False,0.01909722222222232,False,False,0.5490879508654379,0.01909722222222232,True,True,-0.09901736456740488,0.9211244829267065,True,False,0.28558463313997445,0.003928779085557335,True,False,8.272017677614803,False,False,opposite_direction
73,assignment_isolation,plus_one_randomisation,True,ok,58.59489281145713,3.654309199349252,64.69286508458414,52.058915107832064,32.29134401679218,1.0,0.001,1.0,0.001,,,,,0,0,[],[],False,True,False,True,False,0.007071067811865475,0.007046386087440728,24,24,24,0,0.0,{},0.7919343171296296,0.6920411985018726,0.0,False,True,False,True,False,False,0.0,64.69286508458414,52.058915107832064,64.69286508458414,94.79166666666667,1.1076629794419859,0.01186905541909886,False,0.5338490252792353,False,0.02604166666666663,False,False,0.5198786934870808,0.02604166666666663,True,True,-0.19438866154506612,0.8458715673675802,True,False,0.18063508366417874,0.08149489939784828,True,False,8.697517036083205,False,False,opposite_direction
74,assignment_isolation,plus_one_randomisation,True,ok,56.24282319697043,4.0952778136001236,63.75947141499904,49.90497882536342,31.754166184397693,1.0,0.001,1.0,0.001,,,,,0,0,[],[],False,True,False,True,False,0.007071067811865475,0.007088104998193774,24,24,24,0,0.0,{},0.8020611702127658,0.7253314393939393,0.0,False,True,False,True,False,False,0.0,63.75947141499904,49.90497882536342,63.75947141499904,95.25,1.098331279473328,0.004102204550321093,False,0.5033756346008971,False,0.025694444444444464,False,False,0.5055852520713259,0.025694444444444464,True,True,1.2231380677805834,0.2212775525393571,True,False,0.22513385938998942,0.12815552720004197,True,False,9.276818642620274,False,False,opposite_direction
75,assignment_isolation,plus_one_randomisation,True,ok,52.62846000393389,4.048475778912609,59.57999281006788,45.508062725244756,30.79635727603079,1.0,0.001,1.0,0.001,,,,,0,0,[],[],False,True,False,True,False,0.007071067811865475,0.007068148118256441,24,24,24,0,0.0,{},0.7867257742257744,0.6874491869918699,0.0,False,True,False,True,False,False,0.0,59.57999281006787,45.50806272524475,59.57999281006787,94.0,1.055210058544372,0.0054967698488310405,False,0.49018199134463686,False,0.017708333333333326,False,False,0.4940363086424455,0.017708333333333326,True,True,0.02885509416003977,0.9769801603630717,True,False,0.15766113367851348,0.20005245527122842,True,False,7.899240558572342,False,False,opposite_direction
76,assignment_isolation,plus_one_randomisation,True,ok,57.72065048349003,4.320162382678252,66.20342880389089,50.841094853207586,31.448422135286826,1.0,0.001,1.0,0.001,,,,,0,0,[],[],False,True,False,True,False,0.007071067811865475,0.007100569973468408,24,24,24,0,0.0,{},0.7994713619713618,0.6831417624521072,0.0,False,True,False,True,False,False,0.0,66.20342880389089,50.841094853207586,66.20342880389089,95.54166666666667,1.0913360033046364,0.005983173015879548,False,0.5155514217742779,False,0.016319444444444442,False,False,0.5197982043851627,0.016319444444444442,True,True,-1.070684408610145,0.2843113555943556,True,False,0.19601751914568052,0.07528520345854262,True,False,6.904719723950646,False,False,opposite_direction
77,assignment_isolation,plus_one_randomisation,True,ok,60.768555678829124,3.0289752775884837,66.35326905205926,56.003743921287,30.992443222150822,1.0,0.001,1.0,0.001,,,,,0,0,[],[],False,True,False,True,False,0.007071067811865475,0.007043007659988481,24,24,24,0,0.0,{},0.7918262670565301,0.7013565891472868,0.0,False,True,False,True,False,False,0.0,66.35326905205926,56.003743921287,66.35326905205926,95.33333333333333,1.0656298285193067,0.0045373128650660274,False,0.5293213345195299,False,0.018055555555555602,False,False,0.5529547869875769,0.018055555555555602,True,True,2.378238807555902,0.01739555595957126,True,False,0.20661666209839868,0.015697099247587228,True,False,7.721303044730643,False,False,opposite_direction
78,assignment_isolation,plus_one_randomisation,True,ok,66.12837862697307,4.1685149845368565,73.19737179232996,59.062729380791424,32.713136889292706,1.0,0.001,1.0,0.001,,,,,0,0,[],[],False,True,False,True,False,0.007071067811865475,0.00700367106862259,24,24,24,0,0.0,{},0.7852171985815602,0.6284313725490196,0.0,False,True,False,True,False,False,0.0,73.19737179232996,59.06272938079142,73.19737179232996,94.95833333333333,1.116309133369085,0.03502168114972103,False,0.5315482246795222,False,0.032638888888888884,False,False,0.5696278792541539,0.032638888888888884,True,True,1.8226665576926186,0.06835390829733665,True,False,0.18249108464621774,0.07240494984907266,True,False,10.762319999029367,False,False,opposite_direction
79,assignment_isolation,plus_one_randomisation,True,ok,56.5384455431221,3.368878787785387,62.894410629335155,51.04788073859027,30.51878373859016,1.0,0.001,1.0,0.001,,,,,0,0,[],[],False,True,False,True,False,0.007071067811865475,0.007118810623132384,24,24,24,0,0.0,{},0.7932145514455782,0.6533730158730159,0.0,False,True,False,True,False,False,0.0,62.89441062933516,51.04788073859027,62.89441062933516,95.625,1.0622589282556092,0.014346329750892561,False,0.5219224739646304,False,0.04861111111111116,False,False,0.5225774112565246,0.04861111111111116,True,True,0.04168279837834138,0.9667515669480178,True,False,0.255551417846619,0.012511336435391698,True,False,9.184538844799908,False,False,opposite_direction
80,assignment_isolation,plus_one_randomisation,True,ok,62.424825731381056,2.8842971528434838,67.09126888085746,57.60299727173217,31.87463688345258,1.0,0.001,1.0,0.001,,,,,0,0,[],[],False,True,False,True,False,0.007071067811865475,0.0070338438720782106,24,24,24,0,0.0,{},0.8034251220835594,0.6815686274509802,0.0,False,True,False,True,False,False,0.0,67.09126888085746,57.60299727173217,67.09126888085746,96.125,1.09907201773926,0.011620494194375554,False,0.5370746606479178,False,0.023263888888888862,False,False,0.5511926522769376,0.023263888888888862,True,True,-0.939658048782662,0.3473929902095231,True,False,0.27011375170092494,0.017528956484345135,True,False,8.41769211772072,False,False,opposite_direction
81,assignment_isolation,plus_one_randomisation,True,ok,66.50505041197567,3.9248386537541124,73.43030345715943,60.554305577006886,31.656841562495465,1.0,0.001,1.0,0.001,,,,,0,0,[],[],False,True,False,True,False,0.007071067811865475,0.007062654987226133,24,24,24,0,0.0,{},0.7901862026862028,0.7353732638888888,0.0,False,True,False,True,False,False,0.0,73.43030345715943,60.554305577006886,73.43030345715943,96.08333333333333,1.095795743093006,0.01586257686022487,False,0.5216276258243783,False,0.012500000000000067,False,False,0.5801678108218695,0.012500000000000067,True,True,0.4784758267856325,0.6323115754735965,True,False,0.2650320528109927,0.01376687111264516,True,False,10.30405244432952,False,False,opposite_direction
82,assignment_isolation,plus_one_randomisation,True,ok,57.154352883190974,2.70385672071965,61.64568731457311,52.31969495507252,31.635068419056847,1.0,0.001,1.0,0.001,,,,,0,0,[],[],False,True,False,True,False,0.007071067811865475,0.0070939889507013075,24,24,24,0,0.0,{},0.8050886330409357,0.6700980392156863,0.0,False,True,False,True,False,False,0.0,61.64568731457311,52.31969495507252,61.64568731457311,95.58333333333333,1.097034728269148,0.04546570570853489,False,0.5085598703763337,False,0.026388888888888906,False,False,0.5131675805693221,0.026388888888888906,True,True,0.307069836506694,0.7587902162560336,True,False,0.18970284419478622,0.0233974179043673,True,False,8.612157759755696,False,False,opposite_direction
83,assignment_isolation,plus_one_randomisation,True,ok,61.079121994041266,3.362191701441011,66.5719610283127,55.805890567160944,31.400707896813504,1.0,0.001,1.0,0.001,,,,,0,0,[],[],False,True,False,True,False,0.007071067811865475,0.00703997347253433,24,24,24,0,0.0,{},0.7741505930606363,0.7159176029962545,0.0,False,True,False,True,False,False,0.0,66.5719610283127,55.80589056716095,66.5719610283127,95.125,1.0780224390876556,0.011983394485833793,False,0.5210910564303229,False,0.02881944444444451,False,False,0.5501133237004989,0.02881944444444451,True,True,0.7362802991084728,0.4615601330775706,True,False,0.14725039845650922,0.1670941377883541,True,False,9.090000579580314,False,False,opposite_direction
84,assignment_isolation,plus_one_randomisation,True,ok,63.06826462609833,3.9080927624195425,69.79706286830361,56.769183081414496,31.540766058381312,1.0,0.001,1.0,0.001,,,,,0,0,[],[],False,True,False,True,False,0.007071067811865475,0.007070508386629913,24,24,24,0,0.0,{},0.8060511078894617,0.7287590579710144,0.0,False,True,False,True,False,False,0.0,69.79706286830361,56.769183081414496,69.79706286830361,96.20833333333333,1.0937025605975932,0.005252937092864283,False,0.5116879140649809,False,0.021180555555555536,False,False,0.5578467428741416,0.021180555555555536,True,True,1.1705710059015129,0.24177125735480287,True,False,0.14570185851214187,0.03986567278999938,True,False,10.33204200411866,False,False,opposite_direction
85,assignment_isolation,plus_one_randomisation,True,ok,59.97200634436145,3.3666688467508177,66.1360947763972,54.43173346742002,31.16649541982968,1.0,0.001,1.0,0.001,,,,,0,0,[],[],False,True,False,True,False,0.007071067811865475,0.007073365962549083,24,24,24,0,0.0,{},0.8110631868131868,0.6751488095238095,0.0,False,True,False,True,False,False,0.0,66.1360947763972,54.43173346742001,66.1360947763972,96.125,1.0806928518430925,0.002192290865123963,False,0.5198290769288016,False,0.025347222222222188,False,False,0.5409738715140725,0.025347222222222188,True,True,-0.8823454255857401,0.3775900384605019,True,False,0.2720012057448817,0.004967254942836271,True,False,8.178190505435067,False,False,opposite_direction
86,assignment_isolation,plus_one_randomisation,True,ok,62.04536086128197,4.027768922675022,68.97547612727033,55.392879113731695,31.47948713900481,1.0,0.001,1.0,0.001,,,,,0,0,[],[],False,True,False,True,False,0.007071067811865475,0.007035081247604843,24,24,24,0,0.0,{},0.8002030865537705,0.6992831541218637,0.0,False,True,False,True,False,False,0.0,68.97547612727033,55.3928791137317,68.97547612727033,97.25,1.0919721824304192,0.02733614376585605,False,0.5187042156038045,False,0.019444444444444486,False,False,0.5513612277261459,0.019444444444444486,True,True,-1.04675345275791,0.29521330359830655,True,False,0.10657346653763239,0.15557156957204535,True,False,8.8583145196148,False,False,opposite_direction
87,assignment_isolation,plus_one_randomisation,True,ok,57.23741088592539,3.77397780919429,63.888827575720015,51.325946054964405,31.7896999574458,1.0,0.001,1.0,0.001,,,,,0,0,[],[],False,True,False,True,False,0.007071067811865475,0.007008107737322074,24,24,24,0,0.0,{},0.7864149305555557,0.6203586497890295,0.0,False,True,False,True,False,False,0.0,63.88882757572001,51.32594605496441,63.88882757572001,95.70833333333333,1.0897630532062075,0.047951130887432504,False,0.5091763967311395,False,0.05104166666666665,False,False,0.5167322302654037,0.05104166666666665,True,True,-0.013574698095781152,0.9891692906063579,True,False,0.13596477504331222,0.21912864276306435,True,False,7.067567656057074,False,False,opposite_direction
88,assignment_isolation,plus_one_randomisation,True,ok,58.531069341875344,4.001344330266952,65.08153177643587,51.153873364983056,30.290199480359046,1.0,0.001,1.0,0.001,,,,,0,0,[],[],False,True,False,True,False,0.007071067811865475,0.007076066730229017,24,24,24,0,0.0,{},0.8116513605442178,0.742280701754386,0.0,False,True,False,True,False,False,0.0,65.08153177643587,51.15387336498306,65.08153177643587,97.04166666666667,1.0557064647765082,0.004548423011993491,False,0.5081524234515452,False,0.020486111111111094,False,False,0.5405651393510337,0.020486111111111094,True,True,-1.2906931699453112,0.19681009396958193,True,False,0.2714375709044292,0.016139066955595173,True,False,8.411660432431043,False,False,opposite_direction
89,assignment_isolation,plus_one_randomisation,True,ok,59.242259449509355,3.564022188385395,65.5881171449616,53.61713452543427,30.513225420991386,1.0,0.001,1.0,0.001,,,,,0,0,[],[],False,True,False,True,False,0.007071067811865475,0.006973878434456854,24,24,24,0,0.0,{},0.7809048977413006,0.6877394636015326,0.0,False,True,False,True,False,False,0.0,65.5881171449616,53.61713452543427,65.5881171449616,94.91666666666667,1.0365821678888392,0.0006731989585165077,False,0.5302446424984893,False,0.04965277777777777,False,False,0.5539211485559029,0.04965277777777777,True,True,0.670491803205891,0.5025443299568667,True,False,0.07609170407440728,0.26737997803075747,True,False,9.086024546097775,False,False,opposite_direction
90,assignment_isolation,plus_one_randomisation,True,ok,62.54218960602486,3.5762144486011067,68.35852748843146,54.9062607929274,31.290005142713394,1.0,0.001,1.0,0.001,,,,,0,0,[],[],False,True,False,True,False,0.007071067811865475,0.007075988844333676,24,24,24,0,0.0,{},0.8018060961498001,0.7374542124542124,0.0,False,True,False,True,False,False,0.0,68.35852748843146,54.90626079292739,68.35852748843146,96.625,1.0881970190170318,0.03683309286447706,False,0.506686399931722,False,0.017708333333333326,False,False,0.5563856611581971,0.017708333333333326,True,True,-0.0004789294508593435,0.9996178696000539,True,False,0.09790838651738311,0.38958183784156825,True,False,11.059219825707922,False,False,opposite_direction
91,assignment_isolation,plus_one_randomisation,True,ok,58.04886633477407,3.5335766616160136,63.72696075519109,51.477232294770104,31.054136106751855,1.0,0.001,1.0,0.001,,,,,0,0,[],[],False,True,False,True,False,0.007071067811865475,0.007071279177538182,24,24,24,0,0.0,{},0.8174066068063406,0.7252422480620154,0.0,False,True,False,True,False,False,0.0,63.72696075519108,51.47723229477011,63.72696075519108,96.79166666666667,1.0802055995930118,0.03323126285361778,False,0.5385207147598308,False,0.012847222222222232,False,False,0.5268114056871284,0.012847222222222232,True,True,-0.28419631446579763,0.7762599397066713,True,False,0.20262220069381465,0.1370423061185808,True,False,8.714217744702172,False,False,opposite_direction
92,assignment_isolation,plus_one_randomisation,True,ok,55.965657892891954,3.6326931349366056,62.298848788211316,49.72595458729005,31.232767664981676,1.0,0.001,1.0,0.001,,,,,0,0,[],[],False,True,False,True,False,0.007071067811865475,0.007098209316437809,24,24,24,0,0.0,{},0.8094460335621663,0.7446629213483147,0.0,False,True,False,True,False,False,0.0,62.29884878821131,49.72595458729004,62.29884878821131,96.75,1.0903219712200363,0.008820115125879246,False,0.5087061395333466,False,0.021874999999999978,False,False,0.5066294000103986,0.021874999999999978,True,True,-0.9849803956754267,0.32463370070148123,True,False,0.13588324093554568,0.13802934296716876,True,False,8.65471410136311,False,False,opposite_direction
93,assignment_isolation,plus_one_randomisation,True,ok,57.18637243843091,3.726418394687457,63.60854275724398,51.142475636484846,31.11476231921959,1.0,0.001,1.0,0.001,,,,,0,0,[],[],False,True,False,True,False,0.007071067811865475,0.007057549324428004,24,24,24,0,0.0,{},0.7872158260233918,0.6511044176706827,0.0,False,True,False,True,False,False,0.0,63.60854275724398,51.142475636484846,63.60854275724398,95.20833333333333,1.0713414193241544,0.01777619969719484,False,0.5259331892182764,False,0.01041666666666663,False,False,0.5238464532736408,0.01041666666666663,True,True,-0.5753164071242167,0.5650773271872203,True,False,0.15779199454197282,0.05376142697440227,True,False,8.112873120471878,False,False,opposite_direction
94,assignment_isolation,plus_one_randomisation,True,ok,62.26525911775702,3.3707692903877824,67.70664970168554,56.14106287931603,31.95318212474949,1.0,0.001,1.0,0.001,,,,,0,0,[],[],False,True,False,True,False,0.007071067811865475,0.007060961545147071,24,24,24,0,0.0,{},0.7964021206308609,0.6833333333333332,0.0,False,True,False,True,False,False,0.0,67.70664970168554,56.14106287931603,67.70664970168554,95.08333333333333,1.1000189443644974,0.013630511974362972,False,0.52048448740931,False,0.03402777777777777,False,False,0.5496887324050187,0.03402777777777777,True,True,-0.17705914053562888,0.8594619359076175,True,False,0.11563264662260095,0.26209757104138226,True,False,8.245830674367278,False,False,opposite_direction
95,assignment_isolation,plus_one_randomisation,True,ok,60.02735473102293,3.365734322626619,65.65630557936021,54.03644780987387,31.047358237379893,1.0,0.001,1.0,0.001,,,,,0,0,[],[],False,True,False,True,False,0.007071067811865475,0.007086647541402267,24,24,24,0,0.0,{},0.804849931607744,0.7170833333333334,0.0,False,True,False,True,False,False,0.0,65.65630557936021,54.03644780987387,65.65630557936021,96.0,1.0778817208026463,0.022044995907223027,False,0.5163117252899964,False,0.015277777777777835,False,False,0.5425271809507659,0.015277777777777835,True,True,-1.868082213284361,0.06175061237199707,True,False,0.23775985375135833,0.04455492895234988,True,False,8.811038743791368,False,False,opposite_direction
96,assignment_isolation,plus_one_randomisation,True,ok,59.69214952705232,4.752234370686079,67.4074975240163,50.672088971559845,31.564780437537078,1.0,0.001,1.0,0.001,,,,,0,0,[],[],False,True,False,True,False,0.007071067811865475,0.006994292611093215,24,24,24,0,0.0,{},0.7705670567056704,0.6983333333333335,0.0,False,True,False,True,False,False,0.0,67.4074975240163,50.672088971559845,67.4074975240163,94.91666666666667,1.0754440310222786,0.0042771579957385205,False,0.5112770281980289,False,0.03749999999999998,False,False,0.5410581518655673,0.03749999999999998,True,True,-0.2721922070972237,0.7854742335457039,True,False,0.14391727513985753,0.20444849707238494,True,False,8.587299113525592,False,False,opposite_direction
97,assignment_isolation,plus_one_randomisation,True,ok,64.00084167142133,4.210800985779244,71.2345721584764,56.9433434124019,32.18591393315323,1.0,0.001,1.0,0.001,,,,,0,0,[],[],False,True,False,True,False,0.007071067811865475,0.007042134306988762,24,24,24,0,0.0,{},0.8014567860178102,0.6916666666666667,0.0,False,True,False,True,False,False,0.0,71.2345721584764,56.9433434124019,71.2345721584764,95.75,1.1089438198121078,0.047005053271116745,False,0.492070286497383,False,0.02499999999999991,False,False,0.5582148887638403,0.02499999999999991,True,True,-0.7517267541434407,0.45221539778356334,True,False,0.16279266833775244,0.38260899264268244,True,False,9.729729996089965,False,False,opposite_direction
98,assignment_isolation,plus_one_randomisation,True,ok,59.61327702521396,3.4776891535843695,67.07710159910839,54.11794124049135,30.94118908934162,1.0,0.001,1.0,0.001,,,,,0,0,[],[],False,True,False,True,False,0.007071067811865475,0.007082462954796673,24,24,24,0,0.0,{},0.8064972419227738,0.7041208791208792,0.0,False,True,False,True,False,False,0.0,67.07710159910839,54.11794124049135,67.07710159910839,95.95833333333333,1.073328506564578,0.002667795796357307,False,0.4967914179147679,False,0.019791666666666652,False,False,0.541343044872578,0.019791666666666652,True,True,0.7835783921785776,0.43328753875491866,True,False,0.1660132434227831,0.04451436426693046,True,False,9.577284107424065,False,False,opposite_direction
99,assignment_isolation,plus_one_randomisation,True,ok,58.68900293387495,4.022255908654301,65.76718156146107,51.92150284187772,31.550992096633895,1.0,0.001,1.0,0.001,,,,,0,0,[],[],False,True,False,True,False,0.007071067811865475,0.0070490070309452615,24,24,24,0,0.0,{},0.8,0.6867647058823529,0.0,False,True,False,True,False,False,0.0,65.76718156146107,51.92150284187772,65.76718156146107,95.45833333333333,1.0864703821282617,0.00869895773256202,False,0.5007621872893798,False,0.014236111111111116,False,False,0.5290958773754112,0.014236111111111116,True,True,-0.17762520879967875,0.8590173255980117,True,False,0.25557123714157853,0.004334204495618769,True,False,7.072839072139177,False,False,opposite_direction
100,assignment_isolation,plus_one_randomisation,True,ok,59.99633360365228,3.2580486651431495,66.04738613401571,54.923150661493935,32.280859346518916,1.0,0.001,1.0,0.001,,,,,0,0,[],[],False,True,False,True,False,0.007071067811865475,0.007083489468858277,24,24,24,0,0.0,{},0.8061791383219956,0.7331521739130437,0.0,False,True,False,True,False,False,0.0,66.04738613401571,54.923150661493935,66.04738613401571,96.58333333333333,1.1236044211436151,0.018702257374409753,False,0.5157538432363418,False,0.023263888888888862,False,False,0.5239951763010181,0.023263888888888862,True,True,-0.7827109958992491,0.43379684361232995,True,False,0.16056787144519077,0.2267278771440897,True,False,8.879170410168117,False,False,opposite_direction
101,assignment_isolation,plus_one_randomisation,True,ok,60.84389649900741,4.016630466422839,67.57117393214149,53.572508145471495,32.35844456011748,1.0,0.001,1.0,0.001,,,,,0,0,[],[],False,True,False,True,False,0.007071067811865475,0.007059597174739929,24,24,24,0,0.0,{},0.7835755208333334,0.7076007326007328,0.0,False,True,False,True,False,False,0.0,67.57117393214149,53.572508145471495,67.57117393214149,95.16666666666667,1.114243197069916,0.011290517576311387,False,0.5009889619903671,False,0.024652777777777857,False,False,0.5338631692229578,0.024652777777777857,True,True,-0.44770142252711853,0.654368694892566,True,False,0.16411304027480803,0.24350893811319999,True,False,7.998011013692322,False,False,opposite_direction
102,assignment_isolation,plus_one_randomisation,True,ok,58.58248498509264,3.659143124828965,64.8490145385396,52.418613736488076,31.604075207102326,1.0,0.001,1.0,0.001,,,,,0,0,[],[],False,True,False,True,False,0.007071067811865475,0.007063176305395223,24,24,24,0,0.0,{},0.793128575514874,0.7325581395348837,0.0,False,True,False,True,False,False,0.0,64.8490145385396,52.418613736488076,64.8490145385396,95.70833333333333,1.091912944619422,0.01383896654452025,False,0.503359080254578,False,0.025347222222222188,False,False,0.5260935651798573,0.025347222222222188,True,True,-2.349567758821879,0.018795222851136616,True,False,0.21093182978430994,0.0367737884483128,True,False,7.695646843857351,False,False,opposite_direction
103,assignment_isolation,plus_one_randomisation,True,ok,64.5490573059565,4.397944292826025,71.89166226130962,57.021630344440624,32.62127030886171,1.0,0.001,1.0,0.001,,,,,0,0,[],[],False,True,False,True,False,0.007071067811865475,0.007089678707586021,24,24,24,0,0.0,{},0.801459586197022,0.6858599290780142,0.0,False,True,False,True,False,False,0.0,71.89166226130962,57.02163034444063,71.89166226130962,95.33333333333333,1.1290672663312655,0.0009449517010034031,False,0.513118957756453,False,0.030555555555555558,False,False,0.554064973609659,0.030555555555555558,True,True,-0.1904162291155793,0.8489829813307843,True,False,0.16180655121000032,0.11335408650261954,True,False,8.801273980298316,False,False,opposite_direction
104,assignment_isolation,plus_one_randomisation,True,ok,57.348615133896374,3.4323687756940116,63.55906666216129,51.91267314454153,30.856429360436888,1.0,0.001,1.0,0.001,,,,,0,0,[],[],False,True,False,True,False,0.007071067811865475,0.007031813316323403,24,24,24,0,0.0,{},0.8019756944444443,0.6787405303030303,0.0,False,True,False,True,False,False,0.0,63.55906666216129,51.91267314454152,63.55906666216129,96.91666666666667,1.0680270200617255,0.003714280214050858,False,0.5182549022340919,False,0.022222222222222254,False,False,0.5264597333809807,0.022222222222222254,True,True,-1.659468034537024,0.0970215167417419,True,False,0.20845081765819187,0.12587140033501815,True,False,7.487680839045623,False,False,opposite_direction
105,assignment_isolation,plus_one_randomisation,True,ok,59.25704544113967,4.516342692156878,67.56878753094152,51.68128069760384,31.256317796495473,1.0,0.001,1.0,0.001,,,,,0,0,[],[],False,True,False,True,False,0.007071067811865475,0.00707054990506911,24,24,24,0,0.0,{},0.8077861952861953,0.7037590579710142,0.0,False,True,False,True,False,False,0.0,67.56878753094152,51.681280697603846,67.56878753094152,96.375,1.0847838370154126,0.009162771777339238,False,0.5235657532590179,False,0.004513888888888817,False,False,0.5340252755595088,0.004513888888888817,True,True,-1.9940568404014483,0.046145843148651375,True,False,0.23914892957476827,0.05580826230049033,True,False,7.692293614186227,False,False,opposite_direction
106,assignment_isolation,plus_one_randomisation,True,ok,62.79875876229432,3.2277485435549895,69.53226456665531,57.56159541487339,31.660251655060886,1.0,0.001,1.0,0.001,,,,,0,0,[],[],False,True,False,True,False,0.007071067811865475,0.007071530197043027,24,24,24,0,0.0,{},0.8048888825950682,0.6791208791208792,0.0,False,True,False,True,False,False,0.0,69.53226456665531,57.56159541487339,69.53226456665531,95.95833333333333,1.096576956309634,0.039609454770549585,False,0.5251971069509237,False,0.02013888888888893,False,False,0.5548151689058985,0.02013888888888893,True,True,0.20144129558179674,0.8403535277473007,True,False,0.13197172002209656,0.08184159364112027,True,False,10.02340494346249,False,False,opposite_direction
107,assignment_isolation,plus_one_randomisation,True,ok,69.83346560447829,3.529346241639491,76.7114641323622,63.94018252787107,31.978995369256463,1.0,0.001,1.0,0.001,,,,,0,0,[],[],False,True,False,True,False,0.007071067811865475,0.007051233096393914,24,24,24,0,0.0,{},0.7964760638297872,0.6481646825396826,0.0,False,True,False,True,False,False,0.0,76.7114641323622,63.94018252787108,76.7114641323622,96.04166666666667,1.1049172048076228,0.012601482339607027,False,0.5352583779742732,False,0.01388888888888895,False,False,0.5976246387620286,0.01388888888888895,True,True,1.0547847990831416,0.29152375830023425,True,False,0.32749626526630576,0.017390055114686474,True,False,10.088874693754939,False,False,opposite_direction
108,assignment_isolation,plus_one_randomisation,True,ok,65.0967997161661,3.4142888985108892,70.61388477799039,58.41945975387145,31.253068290780824,1.0,0.001,1.0,0.001,,,,,0,0,[],[],False,True,False,True,False,0.007071067811865475,0.00710665103042029,24,24,24,0,0.0,{},0.8065161907428141,0.7370370370370372,0.0,False,True,False,True,False,False,0.0,70.61388477799039,58.41945975387145,70.61388477799039,96.58333333333333,1.0913869344225744,0.007997316599321878,False,0.4973929826072605,False,0.02881944444444451,False,False,0.5726173611573947,0.02881944444444451,True,True,0.20206680410592942,0.8398644990169969,True,False,0.09225636812190967,0.1942818889847488,True,False,10.443966250097347,False,False,opposite_direction
109,assignment_isolation,plus_one_randomisation,True,ok,52.330854929087046,3.396962351641207,58.76676409749961,47.2752019369687,30.755461044454698,1.0,0.001,1.0,0.001,,,,,0,0,[],[],False,True,False,True,False,0.007071067811865475,0.007081447581426592,24,24,24,0,0.0,{},0.7913194444444447,0.7101799242424243,0.0,False,True,False,True,False,False,0.0,58.76676409749961,47.2752019369687,58.76676409749961,95.125,1.0620907481821318,0.014555416866232516,False,0.5155639551836183,False,0.04583333333333328,False,False,0.4887248589283315,0.04583333333333328,True,True,-2.837774954446311,0.004542920049935743,True,False,0.2331176635396012,0.016468677421100707,True,False,6.103489763379656,False,False,opposite_direction
110,assignment_isolation,plus_one_randomisation,True,ok,58.862620161762926,3.703816157629531,65.31319965750842,52.86192539771649,31.302300024023676,1.0,0.001,1.0,0.001,,,,,0,0,[],[],False,True,False,True,False,0.007071067811865475,0.007072064000420999,24,24,24,0,0.0,{},0.7959032195874299,0.6659176029962546,0.0,False,True,False,True,False,False,0.0,65.31319965750842,52.86192539771648,65.31319965750842,95.29166666666667,1.0804878752375007,0.0024796727378281124,False,0.4923420865584096,False,0.02013888888888893,False,False,0.5328308791554776,0.02013888888888893,True,True,0.34002299668191677,0.7338392097849686,True,False,0.26613022893587923,0.01444704422306283,True,False,9.5415692769151,False,False,opposite_direction
111,assignment_isolation,plus_one_randomisation,True,ok,55.19078646358317,4.312374896280411,61.61677251705401,43.861714399908195,31.731729504417196,1.0,0.001,1.0,0.001,,,,,0,0,[],[],False,True,False,True,False,0.007071067811865475,0.0070186738372007024,24,24,24,0,0.0,{},0.7780700539302601,0.7171648550724636,0.0,False,True,False,True,False,False,0.0,61.61677251705401,43.8617143999082,61.61677251705401,95.45833333333333,1.087992076357299,0.01921509092327423,False,0.5104902316195201,False,0.015277777777777724,False,False,0.5014520012541669,0.015277777777777724,True,True,-1.3436696181712524,0.1790552460618835,True,False,0.14394527442146832,0.02487576148385415,True,False,6.999590571749684,False,False,opposite_direction
112,assignment_isolation,plus_one_randomisation,True,ok,59.36580632416547,3.6435702094778146,65.69545320402558,53.52410312977232,31.036796036280336,1.0,0.001,1.0,0.001,,,,,0,0,[],[],False,True,False,True,False,0.007071067811865475,0.007044797951575192,24,24,24,0,0.0,{},0.809033959328412,0.7150709219858158,0.0,False,True,False,True,False,False,0.0,65.69545320402558,53.52410312977232,65.69545320402558,96.54166666666667,1.0741695186816964,0.009340210218577878,False,0.4967587666205414,False,0.0409722222222223,False,False,0.5391657174486453,0.0409722222222223,True,True,0.6271679543944176,0.5305491467261605,True,False,0.09500799636903753,0.4976694178472002,True,False,8.94027872077855,False,False,opposite_direction
113,assignment_isolation,plus_one_randomisation,True,ok,61.928253045244446,3.1080152092747744,68.11921932147155,57.23234702259176,31.60107548353488,1.0,0.001,1.0,0.001,,,,,0,0,[],[],False,True,False,True,False,0.007071067811865475,0.007058144059838642,24,24,24,0,0.0,{},0.8112360446570974,0.6712546816479401,0.0,False,True,False,True,False,False,0.0,68.11921932147155,57.23234702259176,68.11921932147155,96.5,1.095534459256709,0.0037384366787437313,False,0.5123889799578822,False,0.03437499999999993,False,False,0.5490985266669517,0.03437499999999993,True,True,-0.21604389097531856,0.8289535352852916,True,False,0.14395128869060994,0.08719506102426464,True,False,7.853646482000271,False,False,opposite_direction
114,assignment_isolation,plus_one_randomisation,True,ok,56.500786040624426,4.339573614268804,64.03973934354478,49.508467976754105,31.135466159828567,1.0,0.001,1.0,0.001,,,,,0,0,[],[],False,True,False,True,False,0.007071067811865475,0.007103932553007791,24,24,24,0,0.0,{},0.8123272837915235,0.7436379928315411,0.0,False,True,False,True,False,False,0.0,64.03973934354478,49.508467976754105,64.03973934354478,96.20833333333333,1.084752230364089,0.022723927577476766,False,0.510282517083478,False,0.041319444444444464,False,False,0.5130612607181112,0.041319444444444464,True,True,0.5038337114680134,0.614378235853695,True,False,0.11607479074331367,0.2155892313648746,True,False,8.160799073813225,False,False,opposite_direction
115,assignment_isolation,plus_one_randomisation,True,ok,54.46730245120019,3.574260741985679,60.170292446144934,47.00474506450404,31.35712880126405,1.0,0.001,1.0,0.001,,,,,0,0,[],[],False,True,False,True,False,0.007071067811865475,0.007036949648395949,24,24,24,0,0.0,{},0.7855951381112354,0.7083333333333334,0.0,False,True,False,True,False,False,0.0,60.170292446144934,47.00474506450404,60.170292446144934,94.83333333333333,1.074412978381208,0.007529842986070454,False,0.5132765430268553,False,0.027430555555555625,False,False,0.5011732618622846,0.027430555555555625,True,True,-1.9275859327502796,0.05390664999463354,True,False,0.1398331285352092,0.11160185756163456,True,False,6.965120007302718,False,False,opposite_direction
116,assignment_isolation,plus_one_randomisation,True,ok,57.02944100566373,3.460001036854188,62.63440522118405,51.45216053074527,31.016215464911017,1.0,0.001,1.0,0.001,,,,,0,0,[],[],False,True,False,True,False,0.007071067811865475,0.007011650084296388,24,24,24,0,0.0,{},0.7823272390463918,0.6957880434782607,0.0,False,True,False,True,False,False,0.0,62.634405221184046,51.45216053074527,62.634405221184046,95.54166666666667,1.0628585007285485,0.01799049329521324,False,0.514595444983323,False,0.04097222222222219,False,False,0.5261380919895837,0.04097222222222219,True,True,0.6902452990799133,0.49003994081180924,True,False,0.10137947735377913,0.3691684628735055,True,False,8.820305788312147,False,False,opposite_direction
117,assignment_isolation,plus_one_randomisation,True,ok,61.34169761926216,3.972106294758123,67.4482683303838,53.261901030389964,31.74519422052708,1.0,0.001,1.0,0.001,,,,,0,0,[],[],False,True,False,True,False,0.007071067811865475,0.007065095995569356,24,24,24,0,0.0,{},0.8095247784409478,0.6532520325203253,0.0,False,True,False,True,False,False,0.0,67.4482683303838,53.261901030389964,67.4482683303838,96.375,1.1009009727359012,0.01162275228962682,False,0.5177368540245444,False,0.014930555555555558,False,False,0.542759811464819,0.014930555555555558,True,True,-0.17305874294137388,0.8626052539367774,True,False,0.0872463795175072,0.22233824912441344,True,False,7.2315450157522445,False,False,opposite_direction
118,assignment_isolation,plus_one_randomisation,True,ok,54.53088232142775,3.3458004669067813,59.90707651139097,48.5920298020243,30.369885758565584,1.0,0.001,1.0,0.001,,,,,0,0,[],[],False,True,False,True,False,0.007071067811865475,0.007086768120241838,24,24,24,0,0.0,{},0.8039386928860612,0.7081349206349206,0.0,False,True,False,True,False,False,0.0,59.90707651139096,48.59202980202431,59.90707651139096,95.33333333333333,1.050712199203825,0.014676992162295966,False,0.4997377544477462,False,0.04618055555555556,False,False,0.511476676259348,0.04618055555555556,True,True,-2.1234646704302675,0.033714932984362206,True,False,0.19577314278775057,0.10888403229236819,True,False,7.650960027264997,False,False,opposite_direction
119,assignment_isolation,plus_one_randomisation,True,ok,54.02726517413901,3.7066178961561,60.79519744962272,48.04915559893381,30.550494899479723,1.0,0.001,1.0,0.001,,,,,0,0,[],[],False,True,False,True,False,0.007071067811865475,0.007062929642871944,24,24,24,0,0.0,{},0.8121054553264606,0.724820788530466,0.0,False,True,False,True,False,False,0.0,60.79519744962272,48.049155598933815,60.79519744962272,96.45833333333333,1.0596025899638786,0.04205507650628772,False,0.5101731539269359,False,0.02256944444444442,False,False,0.5037023840275193,0.02256944444444442,True,True,-1.9593459060945193,0.05007229104945052,True,False,0.2711477583194954,0.08219806740200389,True,False,7.915566897506436,False,False,opposite_direction
120,assignment_isolation,plus_one_randomisation,True,ok,63.116972071901365,3.9359049671037654,71.0390269185573,57.14718232333557,31.989229097563722,1.0,0.001,1.0,0.001,,,,,0,0,[],[],False,True,False,True,False,0.007071067811865475,0.007057961617891568,24,24,24,0,0.0,{},0.7998267463585755,0.6620786516853933,0.0,False,True,False,True,False,False,0.0,71.0390269185573,57.147182323335564,71.0390269185573,96.33333333333333,1.108004093438994,0.0657210893771753,False,0.5141861857575655,False,0.027083333333333348,False,False,0.552481535391081,0.027083333333333348,True,True,-1.3677816735987216,0.17138042580763135,True,False,0.16519850649491677,0.1994447385079378,True,False,8.420004295235763,False,False,opposite_direction
121,assignment_isolation,plus_one_randomisation,True,ok,49.652954916290206,4.57943118498278,56.8233666982038,41.0852306770237,30.353774412055692,1.0,0.001,1.0,0.001,,,,,0,0,[],[],False,True,False,True,False,0.007071067811865475,0.007016352646327729,24,24,24,0,0.0,{},0.774772254655067,0.7183333333333334,0.0,False,True,False,True,False,False,0.0,56.82336669820379,41.0852306770237,56.82336669820379,95.875,1.0426698216364003,0.04679761885166033,False,0.5137419085855844,False,0.041319444444444464,False,False,0.47393431365788796,0.041319444444444464,True,True,-0.9372439715886325,0.34863307600724136,True,False,0.22570683934568603,0.027643294691360613,True,False,7.017838035490525,False,False,opposite_direction
122,assignment_isolation,plus_one_randomisation,True,ok,58.607366686592535,3.274985231015741,63.811623456412555,52.965510995633096,31.03915947959498,1.0,0.001,1.0,0.001,,,,,0,0,[],[],False,True,False,True,False,0.007071067811865475,0.007040750890444228,24,24,24,0,0.0,{},0.7871563573883162,0.6957875457875458,0.0,False,True,False,True,False,False,0.0,63.811623456412555,52.96551099563309,63.811623456412555,95.29166666666667,1.066660952059505,0.024909941846623533,False,0.506712154537524,False,0.025347222222222188,False,False,0.5365912902539342,0.025347222222222188,True,True,0.6931892351307873,0.4881908028775622,True,False,0.16905551833580676,0.0891349600775617,True,False,10.530053585149963,False,False,opposite_direction
123,assignment_isolation,plus_one_randomisation,True,ok,62.06537394886544,4.02541400587426,68.9289962453851,55.6911604109573,31.666532550374885,1.0,0.001,1.0,0.001,,,,,0,0,[],[],False,True,False,True,False,0.007071067811865475,0.007055372126051406,24,24,24,0,0.0,{},0.8063717164855071,0.6953703703703703,0.0,False,True,False,True,False,False,0.0,68.9289962453851,55.6911604109573,68.9289962453851,95.75,1.093099842795598,0.008968492951774439,False,0.5099656608614764,False,0.023263888888888862,False,False,0.5510492825127452,0.023263888888888862,True,True,-1.079218752446508,0.28049022195351025,True,False,0.1712265286250471,0.11376614039285908,True,False,7.879466461437437,False,False,opposite_direction
124,assignment_isolation,plus_one_randomisation,True,ok,63.13807214898727,4.895260120335068,70.70656671125039,54.67527891989487,31.846119888468838,1.0,0.001,1.0,0.001,,,,,0,0,[],[],False,True,False,True,False,0.007071067811865475,0.007073507330080215,24,24,24,0,0.0,{},0.811012316143895,0.7185897435897437,0.0,False,True,False,True,False,False,0.0,70.70656671125039,54.67527891989487,70.70656671125039,96.20833333333333,1.1047593442153427,0.009851513851168952,False,0.528616365497337,False,0.013541666666666674,False,False,0.5539168533275621,0.013541666666666674,True,True,0.777783043504202,0.4366969259001824,True,False,0.09107256939174992,0.6235833295374076,True,False,9.46241052024459,False,False,opposite_direction
125,assignment_isolation,plus_one_randomisation,True,ok,59.49731012088652,3.722336297126759,66.02493601031419,53.30323233394289,31.184909941916008,1.0,0.001,1.0,0.001,,,,,0,0,[],[],False,True,False,True,False,0.007071067811865475,0.0071071411784918385,24,24,24,0,0.0,{},0.8219227150537635,0.7066091954022987,0.0,False,True,False,True,False,False,0.0,66.02493601031419,53.30323233394288,66.02493601031419,96.41666666666667,1.088141809578487,0.009284790603627763,False,0.5018435177919228,False,0.030902777777777835,False,False,0.5344464124006576,0.030902777777777835,True,True,0.050186141666005074,0.9599740549864297,True,False,0.08717485857796693,0.29231536744092906,True,False,9.343657514589836,False,False,opposite_direction
126,assignment_isolation,plus_one_randomisation,True,ok,62.38691903338122,3.856502536309244,68.90433351687832,55.984455535265276,32.017821794071736,1.0,0.001,1.0,0.001,,,,,0,0,[],[],False,True,False,True,False,0.007071067811865475,0.007039031086345351,24,24,24,0,0.0,{},0.7995695518327606,0.6600732600732601,0.0,False,True,False,True,False,False,0.0,68.90433351687832,55.984455535265276,68.90433351687832,96.41666666666667,1.106498238901891,0.0017675585487582,False,0.5267971730755409,False,0.030902777777777835,False,False,0.5479641907950068,0.030902777777777835,True,True,-0.2268781047810039,0.8205185279861347,True,False,0.24352517631707318,0.0033581934739832235,True,False,10.946968315162119,False,False,opposite_direction
127,assignment_isolation,plus_one_randomisation,True,ok,62.91150781515344,3.4922028282839404,68.64183532018133,56.42827694216642,31.282914892414304,1.0,0.001,1.0,0.001,,,,,0,0,[],[],False,True,False,True,False,0.007071067811865475,0.007026300383651251,24,24,24,0,0.0,{},0.8049079381622373,0.7172043010752689,0.0,False,True,False,True,False,False,0.0,68.64183532018133,56.42827694216643,68.64183532018133,97.20833333333333,1.0835667714619592,0.004173937667977133,False,0.5115332320827426,False,0.023611111111111027,False,False,0.5608377805384722,0.023611111111111027,True,True,-0.8461809220603697,0.3974518230281948,True,False,0.17660475676835494,0.02107587576022705,True,False,10.227784573915976,False,False,opposite_direction
128,assignment_isolation,plus_one_randomisation,True,ok,59.87912049601562,3.8758993271803392,65.96520824862125,52.9170044157105,31.498494802680757,1.0,0.001,1.0,0.001,,,,,0,0,[],[],False,True,False,True,False,0.007071067811865475,0.0070540329267171804,24,24,24,0,0.0,{},0.8085729435137458,0.7120833333333334,0.0,False,True,False,True,False,False,0.0,65.96520824862125,52.9170044157105,65.96520824862125,95.95833333333333,1.088274958214886,0.000938444277668423,False,0.5264615708619951,False,0.023611111111111138,False,False,0.5372111367671047,0.023611111111111138,True,True,-0.8194027135636868,0.41255668724991634,True,False,0.3260905713830901,0.010603366880352296,True,False,9.140408253414998,False,False,opposite_direction
129,assignment_isolation,plus_one_randomisation,True,ok,65.09257184114342,3.673406918980193,71.8678090293931,58.662941164558866,31.88385809247533,1.0,0.001,1.0,0.001,,,,,0,0,[],[],False,True,False,True,False,0.007071067811865475,0.007067625410248936,24,24,24,0,0.0,{},0.8151189569506401,0.715934065934066,0.0,False,True,False,True,False,False,0.0,71.8678090293931,58.662941164558866,71.8678090293931,96.66666666666667,1.1077780789352496,0.016643922269626334,False,0.5045694905481984,False,0.02083333333333326,False,False,0.5660828284174458,0.02083333333333326,True,True,-0.8189274671877267,0.4128277976931347,True,False,0.1490122750488074,0.10000461085556417,True,False,9.239046859454113,False,False,opposite_direction
130,assignment_isolation,plus_one_randomisation,True,ok,59.569419416498214,3.518374382364776,65.75218577758314,53.56749246153534,31.203552966552866,1.0,0.001,1.0,0.001,,,,,0,0,[],[],False,True,False,True,False,0.007071067811865475,0.00706784361703348,24,24,24,0,0.0,{},0.787389636705746,0.6914814814814814,0.0,False,True,False,True,False,False,0.0,65.75218577758314,53.567492461535345,65.75218577758314,96.0,1.0804299139272868,0.037999016027387665,False,0.5080219730485407,False,0.019444444444444375,False,False,0.5381140136532921,0.019444444444444375,True,True,-2.025581843944496,0.04280765364335943,True,False,0.22824780961510863,0.1499301684467819,True,False,7.753376385673048,False,False,opposite_direction
131,assignment_isolation,plus_one_randomisation,True,ok,58.531996883704174,4.657829183998115,66.00597052100701,49.89660033866605,31.33290395292114,1.0,0.001,1.0,0.001,,,,,0,0,[],[],False,True,False,True,False,0.007071067811865475,0.007061662304048606,24,24,24,0,0.0,{},0.8037632542895701,0.7287634408602149,0.0,False,True,False,True,False,False,0.0,66.00597052100701,49.89660033866605,66.00597052100701,96.70833333333333,1.0879515279453458,0.009553714089454232,False,0.5096716778986953,False,0.006597222222222254,False,False,0.5273151259281802,0.006597222222222254,True,True,1.4367994464416627,0.15077498775062398,True,False,0.1926787502772123,0.13971029415026814,True,False,8.444954780420415,False,False,opposite_direction
132,assignment_isolation,plus_one_randomisation,True,ok,61.584442369912146,3.2762745616336564,67.05790151396022,55.675559511671636,31.35862662413203,1.0,0.001,1.0,0.001,,,,,0,0,[],[],False,True,False,True,False,0.007071067811865475,0.007097227384854774,24,24,24,0,0.0,{},0.8090481639309763,0.7120689655172413,0.0,False,True,False,True,False,False,0.0,67.05790151396022,55.67555951167164,67.05790151396022,96.375,1.0924409057225892,0.030492186363444085,False,0.5141366880860616,False,0.020138888888888817,False,False,0.5478935351568807,0.020138888888888817,True,True,0.050743597688082655,0.9595298354467521,True,False,0.16238735628768505,0.14505442905719687,True,False,9.872781629648152,False,False,opposite_direction
133,assignment_isolation,plus_one_randomisation,True,ok,61.17735076220011,3.8714934050053116,68.15975226517827,54.4990068800676,31.142201141108256,1.0,0.001,1.0,0.001,,,,,0,0,[],[],False,True,False,True,False,0.007071067811865475,0.007053634256736718,24,24,24,0,0.0,{},0.7996212121212121,0.6886363636363636,0.0,False,True,False,True,False,False,0.0,68.15975226517827,54.49900688006759,68.15975226517827,95.16666666666667,1.071456825191472,0.039073635862875954,False,0.539934928584461,False,0.005555555555555647,False,False,0.5535045380667988,0.005555555555555647,True,True,-0.6773578760815493,0.49817891809912107,True,False,0.11333687267408997,0.46347665315528225,True,False,8.457364322597352,False,False,opposite_direction
134,assignment_isolation,plus_one_randomisation,True,ok,57.660930405587045,3.2033095234278917,63.13372718474817,52.55573148802032,30.75246021197647,1.0,0.001,1.0,0.001,,,,,0,0,[],[],False,True,False,True,False,0.007071067811865475,0.007066019372444025,24,24,24,0,0.0,{},0.8051024568602693,0.7291213768115942,0.0,False,True,False,True,False,False,0.0,63.13372718474816,52.55573148802032,63.13372718474816,97.0,1.0700659886746289,0.012145109845381861,False,0.5300451023796867,False,0.018402777777777768,False,False,0.5280124673345568,0.018402777777777768,True,True,-0.5292593679391232,0.5966255379983929,True,False,0.28002096334017196,0.011561989737176568,True,False,7.436038447326312,False,False,opposite_direction
135,assignment_isolation,plus_one_randomisation,True,ok,64.50221487019071,4.2430407975071915,71.34859746251885,56.596552289055765,32.10455853266575,1.0,0.001,1.0,0.001,,,,,0,0,[],[],False,True,False,True,False,0.007071067811865475,0.007041864232328876,24,24,24,0,0.0,{},0.7871073190789473,0.7352836879432625,0.0,False,True,False,True,False,False,0.0,71.34859746251885,56.59655228905577,71.34859746251885,95.95833333333333,1.1073010261717824,0.006432754210424814,False,0.5006459244565827,False,0.028819444444444398,False,False,0.5622847231295259,0.028819444444444398,True,True,0.06432546124210896,0.9487110802941514,True,False,0.09836417355116416,0.17796248035344564,True,False,8.379998982757042,False,False,opposite_direction
136,assignment_isolation,plus_one_randomisation,True,ok,57.593352937225575,5.394924182942886,66.8560403921037,48.19146331419096,31.105798096781363,1.0,0.001,1.0,0.001,,,,,0,0,[],[],False,True,False,True,False,0.007071067811865475,0.007101286667473717,24,24,24,0,0.0,{},0.809469298245614,0.748421052631579,0.0,False,True,False,True,False,False,0.0,66.8560403921037,48.19146331419096,66.8560403921037,97.16666666666667,1.088697059754598,0.012647927571053479,False,0.5035766927605647,False,0.025000000000000022,False,False,0.519892065768153,0.025000000000000022,True,True,-0.6901517600381615,0.49009875602505115,True,False,0.1169899310083524,0.5040088361192653,True,False,8.520715069008899,False,False,opposite_direction
137,assignment_isolation,plus_one_randomisation,True,ok,51.29463457317004,3.2376193481777324,56.211512102365944,45.81040463985379,30.142281516445912,1.0,0.001,1.0,0.001,,,,,0,0,[],[],False,True,False,True,False,0.007071067811865475,0.0070380817897417,24,24,24,0,0.0,{},0.797143470790378,0.6998148148148147,0.0,False,True,False,True,False,False,0.0,56.21151210236595,45.81040463985379,56.21151210236595,96.125,1.0399647329910806,0.015804195975133203,False,0.4966521477802634,False,0.03229166666666672,False,False,0.48918368934857004,0.03229166666666672,True,True,-0.25790127872345975,0.7964830979599324,True,False,0.13301801446881223,0.34770950388081007,True,False,7.629465637239892,False,False,opposite_direction
138,assignment_isolation,plus_one_randomisation,True,ok,53.35734892045227,3.991949439635011,60.3355074090166,46.12421305750149,30.878890015627732,1.0,0.001,1.0,0.001,,,,,0,0,[],[],False,True,False,True,False,0.007071067811865475,0.0070227438166176985,24,24,24,0,0.0,{},0.7978960396039603,0.712087912087912,0.0,False,True,False,True,False,False,0.0,60.3355074090166,46.12421305750149,60.3355074090166,97.08333333333333,1.0683433490278194,0.00561603246979872,False,0.4908484303446216,False,0.03298611111111116,False,False,0.4946417355930063,0.03298611111111116,True,True,-0.8432504162608064,0.3990884072855654,True,False,0.2242589461051929,0.053147550228677225,True,False,4.396674230000174,False,False,opposite_direction
139,assignment_isolation,plus_one_randomisation,True,ok,62.18702729648285,4.154207254904597,69.50310143276867,55.64022141189706,31.717218464636137,1.0,0.001,1.0,0.001,,,,,0,0,[],[],False,True,False,True,False,0.007071067811865475,0.007073666784641349,24,24,24,0,0.0,{},0.8072491319444445,0.7235648148148149,0.0,False,True,False,True,False,False,0.0,69.50310143276867,55.64022141189705,69.50310143276867,96.375,1.101265138130883,0.022599850695136873,False,0.5073796840053258,False,0.023263888888888862,False,False,0.5486378477921355,0.023263888888888862,True,True,0.05735679484186275,0.9542609790322141,True,False,0.14884956916340944,0.11889252936070317,True,False,9.638125904687966,False,False,opposite_direction
140,assignment_isolation,plus_one_randomisation,True,ok,58.96554660697151,4.096147065472466,65.30871981068015,51.851811357388,31.653336418120652,1.0,0.001,1.0,0.001,,,,,0,0,[],[],False,True,False,True,False,0.007071067811865475,0.007090833969474176,24,24,24,0,0.0,{},0.8036241319444447,0.7149709302325584,0.0,False,True,False,True,False,False,0.0,65.30871981068015,51.85181135738801,65.30871981068015,95.58333333333333,1.0971800453200813,0.02096332103416351,False,0.5163744099738871,False,0.039583333333333304,False,False,0.526844998397446,0.039583333333333304,True,True,0.09168537813972866,0.926948015009052,True,False,0.1096419222599729,0.2904812252355844,True,False,10.168161534592151,False,False,opposite_direction
141,assignment_isolation,plus_one_randomisation,True,ok,61.14780188865461,2.892678148461252,66.67276407522992,56.686103006989505,31.444876960406372,1.0,0.001,1.0,0.001,,,,,0,0,[],[],False,True,False,True,False,0.007071067811865475,0.007065055286432999,24,24,24,0,0.0,{},0.7922900109085241,0.6988031914893617,0.0,False,True,False,True,False,False,0.0,66.67276407522992,56.686103006989505,66.67276407522992,95.79166666666667,1.0871746907689959,0.0015885761179127511,False,0.5011391818398947,False,0.007291666666666696,False,False,0.5468890302377333,0.007291666666666696,True,True,0.2473523163656302,0.8046355737377704,True,False,0.1674968629348529,0.05578735760216162,True,False,9.765396095515136,False,False,opposite_direction
142,assignment_isolation,plus_one_randomisation,True,ok,67.60723935293761,4.087481352178929,74.8946439119551,59.99838678463971,31.751192713842133,1.0,0.001,1.0,0.001,,,,,0,0,[],[],False,True,False,True,False,0.007071067811865475,0.00707805871772638,24,24,24,0,0.0,{},0.802496632996633,0.7207875457875457,0.0,False,True,False,True,False,False,0.0,74.8946439119551,59.99838678463971,74.8946439119551,95.75,1.0995465005925726,0.008434703137218091,False,0.5246560668369525,False,0.02187500000000009,False,False,0.5858013815877374,0.02187500000000009,True,True,-0.9987097155567678,0.31793533282700737,True,False,0.2617744700471061,0.027189919319894344,True,False,9.364310455972547,False,False,opposite_direction
143,assignment_isolation,plus_one_randomisation,True,ok,62.39336730063434,3.441330345680039,68.39279785637383,56.4861421200788,31.33881731253813,1.0,0.001,1.0,0.001,,,,,0,0,[],[],False,True,False,True,False,0.007071067811865475,0.007036245578203228,24,24,24,0,0.0,{},0.7872949179671869,0.7307180851063828,0.0,False,True,False,True,False,False,0.0,68.39279785637383,56.4861421200788,68.39279785637383,96.16666666666667,1.0811996020571693,0.010299818133030042,False,0.5266691107220611,False,0.02499999999999991,False,False,0.5581708608451067,0.02499999999999991,True,True,-0.2273032536808057,0.8201879432507186,True,False,0.1635006878783091,0.045827633198025255,True,False,8.83934682705735,False,False,opposite_direction
144,assignment_isolation,plus_one_randomisation,True,ok,66.85661873792151,5.444295653870863,76.64247217900788,58.31388022760842,32.28465311425723,1.0,0.001,1.0,0.001,,,,,0,0,[],[],False,True,False,True,False,0.007071067811865475,0.007078687903178635,24,24,24,0,0.0,{},0.7908333333333333,0.7000000000000001,0.0,False,True,False,True,False,False,0.0,76.64247217900788,58.31388022760842,76.64247217900788,94.83333333333333,1.1127546086291322,0.043551292636607924,False,0.5081091543209276,False,0.017013888888888884,False,False,0.5757885503849905,0.017013888888888884,True,True,-1.4725997695999185,0.14085898698031543,True,False,0.2399361148595918,0.029264578988317826,True,False,9.196705586135877,False,False,opposite_direction
145,assignment_isolation,plus_one_randomisation,True,ok,64.04998603344606,2.7424133030562468,68.75667174969615,59.31091376364472,31.361831651560195,1.0,0.001,1.0,0.001,,,,,0,0,[],[],False,True,False,True,False,0.007071067811865475,0.007104203678791041,24,24,24,0,0.0,{},0.8268080840342099,0.7471014492753624,0.0,False,True,False,True,False,False,0.0,68.75667174969615,59.31091376364472,68.75667174969615,98.20833333333333,1.1039794726465875,0.008899865835583307,False,0.5272297127085452,False,0.028819444444444398,False,False,0.5605185500755804,0.028819444444444398,True,True,0.1665031698995433,0.8677609887737687,True,False,0.15265283015069658,0.04315218903334009,True,False,10.582372857959168,False,False,opposite_direction
146,assignment_isolation,plus_one_randomisation,True,ok,63.18693278844696,3.3893952393481337,68.44471240071978,56.23261386577678,31.89269758064142,1.0,0.001,1.0,0.001,,,,,0,0,[],[],False,True,False,True,False,0.007071067811865475,0.007078415097354276,24,24,24,0,0.0,{},0.7880621544897655,0.7101532567049805,0.0,False,True,False,True,False,False,0.0,68.44471240071978,56.23261386577678,68.44471240071978,94.95833333333333,1.0999269118951334,0.019003818771062025,False,0.5374940747316727,False,0.025694444444444464,False,False,0.5561814062199497,0.025694444444444464,True,True,-0.2964185869914657,0.7669104324337968,True,False,0.07570187958370918,0.37127846798130626,True,False,8.831875585314595,False,False,opposite_direction
147,assignment_isolation,plus_one_randomisation,True,ok,54.609654652469864,3.6609071793495813,60.44489407423827,47.515946956520935,31.99153019811481,1.0,0.001,1.0,0.001,,,,,0,0,[],[],False,True,False,True,False,0.007071067811865475,0.007055580198469489,24,24,24,0,0.0,{},0.7871030745967742,0.6801960784313728,0.0,False,True,False,True,False,False,0.0,60.44489407423827,47.515946956520935,60.44489407423827,94.875,1.0992934618474515,0.006141333479162939,False,0.5326186210241908,False,0.013194444444444398,False,False,0.49230043687980274,0.013194444444444398,True,True,-0.8023461173403196,0.4223527724953988,True,False,0.25725878260506324,0.013278649351366556,True,False,9.21554336057328,False,False,opposite_direction
148,assignment_isolation,plus_one_randomisation,True,ok,51.59113664539452,3.538452616832173,57.50306171655953,45.27230035467663,30.58481599798022,1.0,0.001,1.0,0.001,,,,,0,0,[],[],False,True,False,True,False,0.007071067811865475,0.007055276671806224,24,24,24,0,0.0,{},0.7942436309009343,0.6870786516853933,0.0,False,True,False,True,False,False,0.0,57.50306171655953,45.272300354676624,57.50306171655953,96.20833333333333,1.0582694794741987,0.02714450845438814,False,0.4996062665076098,False,0.015277777777777724,False,False,0.48409633470305513,0.015277777777777724,True,True,-0.9325987385957223,0.3510271849076202,True,False,0.18664278026373757,0.026929065147724123,True,False,6.342353785054946,False,False,opposite_direction
149,assignment_isolation,plus_one_randomisation,True,ok,58.89968991305298,2.7727674681204078,64.3744326059537,54.64369908569238,31.296395350261097,1.0,0.001,1.0,0.001,,,,,0,0,[],[],False,True,False,True,False,0.007071067811865475,0.0070537328402251135,24,24,24,0,0.0,{},0.8090478757613588,0.6835294117647059,0.0,False,True,False,True,False,False,0.0,64.3744326059537,54.64369908569238,64.3744326059537,95.79166666666667,1.080307012565646,0.004985725942792954,False,0.5383794188564344,False,0.023958333333333304,False,False,0.5331820906119645,0.023958333333333304,True,True,-1.8314081029178164,0.06703965277621995,True,False,0.19840869769453903,0.17722627780277117,True,False,8.62158451979847,False,False,opposite_direction
150,assignment_isolation,plus_one_randomisation,True,ok,65.44945844548973,3.3819286923098946,71.14686448096177,59.9076905287398,32.09380063902893,1.0,0.001,1.0,0.001,,,,,0,0,[],[],False,True,False,True,False,0.007071067811865475,0.007093586179068057,24,24,24,0,0.0,{},0.7963487972508589,0.7164794007490637,0.0,False,True,False,True,False,False,0.0,71.14686448096177,59.9076905287398,71.14686448096177,95.125,1.1102079656746267,0.008205847275039486,False,0.5070828644494563,False,0.021874999999999978,False,False,0.5675148466029006,0.021874999999999978,True,True,1.959844710190781,0.050013943625066414,True,False,0.1308301199417656,0.1227343246288203,True,False,9.752178079430397,False,False,opposite_direction
151,assignment_isolation,plus_one_randomisation,True,ok,56.162743530829324,3.9306168095248344,62.23186777015808,48.47282577676061,30.788635071554797,1.0,0.001,1.0,0.001,,,,,0,0,[],[],False,True,False,True,False,0.007071067811865475,0.007054313547129076,24,24,24,0,0.0,{},0.8119415807560137,0.7017399267399268,0.0,False,True,False,True,False,False,0.0,62.23186777015808,48.47282577676061,62.23186777015808,97.70833333333333,1.0734479778039792,0.02070259592826258,False,0.5172845112230624,False,0.01041666666666674,False,False,0.5150295020978275,0.01041666666666674,True,True,-0.5579071701060744,0.576907775130321,True,False,0.20877578943287725,0.06227933790960581,True,False,9.135589469131205,False,False,opposite_direction
152,assignment_isolation,plus_one_randomisation,True,ok,61.24418510813331,3.832725903913265,68.58561078351248,55.021332037327866,31.56866946576134,1.0,0.001,1.0,0.001,,,,,0,0,[],[],False,True,False,True,False,0.007071067811865475,0.007077659753705932,24,24,24,0,0.0,{},0.8052482358870969,0.6629213483146068,0.0,False,True,False,True,False,False,0.0,68.58561078351248,55.02133203732787,68.58561078351248,95.66666666666667,1.0926882779790563,0.011838372637833527,False,0.5098665888575424,False,0.014236111111111116,False,False,0.5453559263325296,0.014236111111111116,True,True,1.1791278014477913,0.23834728968909646,True,False,0.12083664030144761,0.25110924182623207,True,False,9.839543754102136,False,False,opposite_direction
153,assignment_isolation,plus_one_randomisation,True,ok,57.01288653818577,3.8625915803040844,63.88259011720647,50.80622637900616,31.82893802640201,1.0,0.001,1.0,0.001,,,,,0,0,[],[],False,True,False,True,False,0.007071067811865475,0.007078811320758993,24,24,24,0,0.0,{},0.799891264619883,0.6784313725490195,0.0,False,True,False,True,False,False,0.0,63.88259011720647,50.80622637900617,63.88259011720647,94.58333333333333,1.0956196114083587,0.008290870398278237,False,0.5358386023669384,False,0.02430555555555558,False,False,0.5126454085484662,0.02430555555555558,True,True,-1.2708442065769034,0.20378407846659807,True,False,0.24250029145399254,0.06887104692367449,True,False,8.281628369484745,False,False,opposite_direction
154,assignment_isolation,plus_one_randomisation,True,ok,61.43253275035479,3.4708386815817702,67.20227495163093,55.69414794933455,31.31230504462864,1.0,0.001,1.0,0.001,,,,,0,0,[],[],False,True,False,True,False,0.007071067811865475,0.007071009230526431,24,24,24,0,0.0,{},0.8124321168676008,0.7420411985018729,0.0,False,True,False,True,False,False,0.0,67.20227495163093,55.69414794933456,67.20227495163093,97.66666666666667,1.0940561973417477,0.03382872498205744,False,0.5047922722328656,False,0.020486111111111094,False,False,0.5461567279751881,0.020486111111111094,True,True,0.6437631930118115,0.5197290048864006,True,False,0.2157974208082423,0.13244580054263796,True,False,11.124398655530424,False,False,opposite_direction
155,assignment_isolation,plus_one_randomisation,True,ok,59.56755598111056,4.259681153225065,66.69170863751297,52.47885759149648,30.866915697002764,1.0,0.001,1.0,0.001,,,,,0,0,[],[],False,True,False,True,False,0.007071067811865475,0.007056722686906585,24,24,24,0,0.0,{},0.7952522537199955,0.7248207885304658,0.0,False,True,False,True,False,False,0.0,66.69170863751297,52.47885759149648,66.69170863751297,96.45833333333333,1.069636385951814,0.002706203121395488,False,0.5181000509426243,False,0.015625,False,False,0.5425226337559613,0.015625,True,True,0.16080626611849627,0.8722459898204268,True,False,0.08155558077705966,0.4720847885782731,True,False,9.989398675215343,False,False,opposite_direction
156,assignment_isolation,plus_one_randomisation,True,ok,63.33037286713705,2.608598755816057,68.01654548507877,59.06873723872926,31.370601090592604,1.0,0.001,1.0,0.001,,,,,0,0,[],[],False,True,False,True,False,0.007071067811865475,0.00705685926567255,24,24,24,0,0.0,{},0.8056838768115943,0.6707870370370371,0.0,False,True,False,True,False,False,0.0,68.01654548507877,59.06873723872926,68.01654548507877,96.16666666666667,1.0854668942801915,0.005159075632510744,False,0.5340659057057875,False,0.02013888888888893,False,False,0.5629769022555179,0.02013888888888893,True,True,1.8182927048204542,0.06901940721523075,True,False,0.2633752681969578,0.054375673830190964,True,False,10.255522757696614,False,False,opposite_direction
157,assignment_isolation,plus_one_randomisation,True,ok,55.98160454932662,2.8713558503367134,60.16902773313782,49.91987007783517,30.972094414008954,1.0,0.001,1.0,0.001,,,,,0,0,[],[],False,True,False,True,False,0.007071067811865475,0.007013685156097408,24,24,24,0,0.0,{},0.7818280880614659,0.6992673992673993,0.0,False,True,False,True,False,False,0.0,60.16902773313782,49.919870077835164,60.16902773313782,95.20833333333333,1.0598010042075339,0.03255602839539836,False,0.522583167290272,False,0.04513888888888884,False,False,0.5192388698480744,0.04513888888888884,True,True,-0.5486868044986574,0.5832204033216084,True,False,0.246835161108871,0.1902608765518893,True,False,8.616948962489726,False,False,opposite_direction
158,assignment_isolation,plus_one_randomisation,True,ok,54.440366386404214,3.1923138676412703,60.085312061669285,48.901137746864876,30.908180604398503,1.0,0.001,1.0,0.001,,,,,0,0,[],[],False,True,False,True,False,0.007071067811865475,0.007038925769263673,24,24,24,0,0.0,{},0.7903061224489796,0.7030092592592591,0.0,False,True,False,True,False,False,0.0,60.08531206166928,48.90113774686487,60.08531206166928,96.0,1.0658238822759458,0.015441379452145073,False,0.5161778385950057,False,0.043749999999999956,False,False,0.5044757018539848,0.043749999999999956,True,True,-0.641184907489127,0.5214025541589142,True,False,0.12319836123700038,0.23828343078068304,True,False,7.752463457742801,False,False,opposite_direction
159,assignment_isolation,plus_one_randomisation,True,ok,58.65573849797368,4.413837556786811,66.53992984006481,51.42962277617903,31.088586007052466,1.0,0.001,1.0,0.001,,,,,0,0,[],[],False,True,False,True,False,0.007071067811865475,0.007091916878059431,24,24,24,0,0.0,{},0.7971057153192258,0.738095238095238,0.0,False,True,False,True,False,False,0.0,66.53992984006481,51.42962277617903,66.53992984006481,95.5,1.0772990986298714,0.003527623435667583,False,0.48529832467216205,False,0.0371527777777777,False,False,0.532581785912723,0.0371527777777777,True,True,-1.0886591073058922,0.2763042410353108,True,False,0.15460211698596577,0.3623020256491711,True,False,9.132069814220234,False,False,opposite_direction
160,assignment_isolation,plus_one_randomisation,True,ok,67.285652664077,4.897617329821438,75.05226755058969,57.899604696682445,32.43818739571803,1.0,0.001,1.0,0.001,,,,,0,0,[],[],False,True,False,True,False,0.007071067811865475,0.007099236055545591,24,24,24,0,0.0,{},0.8114686200036174,0.7624531835205992,0.0,False,True,False,True,False,False,0.0,75.05226755058969,57.899604696682445,75.05226755058969,96.79166666666667,1.1328102861553564,0.022414295069003658,False,0.5260249497395904,False,0.014583333333333393,False,False,0.5707950360202539,0.014583333333333393,True,True,0.36124428490548144,0.7179168395342708,True,False,0.21899262650557788,0.09781113793722267,True,False,10.462593278641831,False,False,opposite_direction
161,assignment_isolation,plus_one_randomisation,True,ok,59.29676372355706,4.40264555203244,66.69343015501444,52.12814080277205,32.058613334939274,1.0,0.001,1.0,0.001,,,,,0,0,[],[],False,True,False,True,False,0.007071067811865475,0.006994216950669083,24,24,24,0,0.0,{},0.7849877450980391,0.6803703703703704,0.0,False,True,False,True,False,False,0.0,66.69343015501444,52.128140802772045,66.69343015501444,95.83333333333333,1.0975192196289734,0.0015945470203737996,False,0.5144747064237158,False,0.02951388888888884,False,False,0.529177069546528,0.02951388888888884,True,True,0.41803440557896876,0.675921962187678,True,False,0.09120834501346511,0.3928780837446147,True,False,8.392899949607822,False,False,opposite_direction
162,assignment_isolation,plus_one_randomisation,True,ok,60.876865468822935,4.747180024390825,69.01901519061173,52.727749786128456,30.735831694172077,1.0,0.001,1.0,0.001,,,,,0,0,[],[],False,True,False,True,False,0.007071067811865475,0.0070828765867640905,24,24,24,0,0.0,{},0.8146041666666668,0.7457880434782609,0.0,False,True,False,True,False,False,0.0,69.01901519061173,52.72774978612845,69.01901519061173,97.58333333333333,1.0752574811785642,0.009667281696352677,False,0.5109810248395608,False,0.028472222222222232,False,False,0.5497840879652145,0.028472222222222232,True,True,1.0795649243723904,0.2803359679179317,True,False,0.2787467726929569,0.017323184553260564,True,False,9.605054956232093,False,False,opposite_direction
163,assignment_isolation,plus_one_randomisation,True,ok,59.93684894099033,3.5701047284720295,66.36778219296836,54.31431758438479,31.110896461551494,1.0,0.001,1.0,0.001,,,,,0,0,[],[],False,True,False,True,False,0.007071067811865475,0.00707223238596882,24,24,24,0,0.0,{},0.7995854833161337,0.7291213768115942,0.0,False,True,False,True,False,False,0.0,66.36778219296836,54.31431758438479,66.36778219296836,95.66666666666667,1.0760175964297687,0.020865358015783406,False,0.5393387295727191,False,0.015972222222222276,False,False,0.5426249593171227,0.015972222222222276,True,True,0.6120887078922888,0.5404790682079635,True,False,0.10603793489509854,0.22556200471297733,True,False,9.957512176021165,False,False,opposite_direction
164,assignment_isolation,plus_one_randomisation,True,ok,60.23533347437086,2.620505787777932,64.30770878060396,54.88313439694417,30.528910277188242,1.0,0.001,1.0,0.001,,,,,0,0,[],[],False,True,False,True,False,0.007071067811865475,0.007075106839729461,24,24,24,0,0.0,{},0.8173400673400674,0.708154121863799,0.0,False,True,False,True,False,False,0.0,64.30770878060396,54.88313439694417,64.30770878060396,97.08333333333333,1.0641103049397926,0.01494552810650502,False,0.5170577111747929,False,0.01041666666666663,False,False,0.5497080061627899,0.01041666666666663,True,True,-0.3798571135916738,0.7040514837203973,True,False,0.11319744436281055,0.119765842346569,True,False,8.775383209816995,False,False,opposite_direction
165,assignment_isolation,plus_one_randomisation,True,ok,53.57368167168017,2.935725292774669,58.26269065925215,48.08316202340513,31.107568513659935,1.0,0.001,1.0,0.001,,,,,0,0,[],[],False,True,False,True,False,0.007071067811865475,0.007036582590993524,24,24,24,0,0.0,{},0.7868817318594105,0.67687265917603,0.0,False,True,False,True,False,False,0.0,58.26269065925215,48.08316202340513,58.26269065925215,95.29166666666667,1.0683789474746814,0.011841727154077213,False,0.5136166120438383,False,0.019791666666666652,False,False,0.4963963398635505,0.019791666666666652,True,True,0.18786477454179892,0.8509826568734427,True,False,0.11502451013033022,0.32150816830435835,True,False,8.446614063948545,False,False,opposite_direction
166,assignment_isolation,plus_one_randomisation,True,ok,54.26435943796894,3.2795625587362625,59.699665917819836,48.32170106454633,30.61548791403999,1.0,0.001,1.0,0.001,,,,,0,0,[],[],False,True,False,True,False,0.007071067811865475,0.007100729003631969,24,24,24,0,0.0,{},0.8072321149640737,0.681547619047619,0.0,False,True,False,True,False,False,0.0,59.699665917819836,48.321701064546325,59.699665917819836,95.33333333333333,1.0612959744822112,0.002829394477238309,False,0.5062387226868097,False,0.023611111111111027,False,False,0.504922813300794,0.023611111111111027,True,True,0.4648311445498915,0.6420523825504217,True,False,0.13447226719432198,0.21489796667416067,True,False,10.321786908303208,False,False,opposite_direction
167,assignment_isolation,plus_one_randomisation,True,ok,66.61157098394006,3.9166113489620837,73.63657850040579,60.805407449329145,32.68230113256556,1.0,0.001,1.0,0.001,,,,,0,0,[],[],False,True,False,True,False,0.007071067811865475,0.007066001998108533,24,24,24,0,0.0,{},0.7888124999999999,0.6863295880149813,0.0,False,True,False,True,False,False,0.0,73.63657850040579,60.805407449329145,73.63657850040579,95.58333333333333,1.128879206038737,0.023246286628929823,False,0.53812904609782,False,0.020486111111111094,False,False,0.567917671227338,0.020486111111111094,True,True,-0.9484205718806057,0.3429153907050081,True,False,0.19182730453453647,0.025091763515096042,True,False,8.225995472436008,False,False,opposite_direction
168,assignment_isolation,plus_one_randomisation,True,ok,61.326672077418664,4.168040918453807,68.71980104947917,53.67014754975416,31.419331178700823,1.0,0.001,1.0,0.001,,,,,0,0,[],[],False,True,False,True,False,0.007071067811865475,0.0071142197766074595,24,24,24,0,0.0,{},0.818543956043956,0.7287590579710144,0.0,False,True,False,True,False,False,0.0,68.71980104947917,53.670147549754155,68.71980104947917,96.16666666666667,1.0959897669959866,0.0021373302335421776,False,0.49448794309617033,False,0.02013888888888893,False,False,0.5446204237783029,0.02013888888888893,True,True,-1.4122237582740047,0.1578840871047602,True,False,0.18669896833871044,0.017809314106099226,True,False,9.364666849793672,False,False,opposite_direction
169,assignment_isolation,plus_one_randomisation,True,ok,61.21699262933498,4.390311628656082,68.93653441902786,54.01598693761508,31.69003396621338,1.0,0.001,1.0,0.001,,,,,0,0,[],[],False,True,False,True,False,0.007071067811865475,0.007033537343648043,24,24,24,0,0.0,{},0.7809548611111112,0.6704166666666667,0.0,False,True,False,True,False,False,0.0,68.93653441902786,54.01598693761508,68.93653441902786,96.375,1.0940790504043314,0.01313624321552759,False,0.5023306797768592,False,0.03576388888888882,False,False,0.5446005463883413,0.03576388888888882,True,True,-0.1484922987450095,0.8819542632908518,True,False,0.23819008839435998,0.02917320806886707,True,False,7.931611576640843,False,False,opposite_direction
170,assignment_isolation,plus_one_randomisation,True,ok,60.03970779652226,3.478990917276197,66.04948912787691,54.15278347734925,31.381759391850366,1.0,0.001,1.0,0.001,,,,,0,0,[],[],False,True,False,True,False,0.007071067811865475,0.0070521202772976565,24,24,24,0,0.0,{},0.7994353021572105,0.6803030303030303,0.0,False,True,False,True,False,False,0.0,66.04948912787691,54.15278347734925,66.04948912787691,95.04166666666667,1.0787579894724908,0.01933751168796379,False,0.5357187042266216,False,0.018749999999999933,False,False,0.5422599494144745,0.018749999999999933,True,True,0.2237715620756117,0.8229350590398454,True,False,0.15704787249242785,0.2139526655504083,True,False,8.407510802844198,False,False,opposite_direction
171,assignment_isolation,plus_one_randomisation,True,ok,58.15099685837517,3.7254772889414287,64.11104062993657,51.49280322834048,31.702268431018382,1.0,0.001,1.0,0.001,,,,,0,0,[],[],False,True,False,True,False,0.007071067811865475,0.007053624227519358,24,24,24,0,0.0,{},0.8113786139455781,0.7081481481481481,0.0,False,True,False,True,False,False,0.0,64.11104062993657,51.49280322834048,64.11104062993657,95.66666666666667,1.093586105676734,0.002177561760318294,False,0.5201276362949505,False,0.04131944444444435,False,False,0.5221623119818916,0.04131944444444435,True,True,-0.9377168062865922,0.34838996461124316,True,False,0.2117289585684486,0.10844021452637277,True,False,7.141771077155103,False,False,opposite_direction
172,assignment_isolation,plus_one_randomisation,True,ok,58.599271043529484,2.5928632114820287,63.27794688173026,54.3433989371662,30.823437674600456,1.0,0.001,1.0,0.001,,,,,0,0,[],[],False,True,False,True,False,0.007071067811865475,0.007078881145122686,24,24,24,0,0.0,{},0.8053621812262617,0.6818981481481481,0.0,False,True,False,True,False,False,0.0,63.27794688173026,54.3433989371662,63.27794688173026,96.0,1.068935042126808,0.009227251359262398,False,0.5175099603728954,False,0.027430555555555625,False,False,0.5355920102603046,0.027430555555555625,True,True,-1.8881423595089009,0.059006841477348144,True,False,0.3302135253038641,0.006675869261653419,True,False,9.955636609503589,False,False,opposite_direction
173,assignment_isolation,plus_one_randomisation,True,ok,54.65467687795527,3.750366481136264,60.2563328137128,48.72057789304938,31.228933985776756,1.0,0.001,1.0,0.001,,,,,0,0,[],[],False,True,False,True,False,0.007071067811865475,0.007015649252729704,24,24,24,0,0.0,{},0.7693486590038312,0.673564814814815,0.0,False,True,False,True,False,False,0.0,60.25633281371281,48.72057789304938,60.25633281371281,94.5,1.0649051726745626,0.0022652944830116556,False,0.51576906610221,False,0.030208333333333393,False,False,0.506578396984349,0.030208333333333393,True,True,-1.7503023139598093,0.08006616184931348,True,False,0.10115457947233727,0.19323598848631712,True,False,7.133721734739641,False,False,opposite_direction
174,assignment_isolation,plus_one_randomisation,True,ok,63.28161075538835,3.3708476405983396,68.86624898478063,57.9962745972224,31.66060365592777,1.0,0.001,1.0,0.001,,,,,0,0,[],[],False,True,False,True,False,0.007071067811865475,0.007084247196533133,24,24,24,0,0.0,{},0.8024589002267574,0.7233516483516486,0.0,False,True,False,True,False,False,0.0,68.86624898478063,57.9962745972224,68.86624898478063,96.29166666666667,1.100467584041921,0.033677028042295894,False,0.5069085126107353,False,0.014236111111111116,False,False,0.5566228629933659,0.014236111111111116,True,True,-0.5212413165603655,0.6021986754313233,True,False,0.1383029563023382,0.06550663849144842,True,False,10.232122964748266,False,False,opposite_direction
175,assignment_isolation,plus_one_randomisation,True,ok,61.10538909121221,3.7886556018557083,66.59143713960842,53.371149634719096,31.104294577677482,1.0,0.001,1.0,0.001,,,,,0,0,[],[],False,True,False,True,False,0.007071067811865475,0.007047942424355446,24,24,24,0,0.0,{},0.8142396907216496,0.632170542635659,0.0,False,True,False,True,False,False,0.0,66.59143713960842,53.371149634719096,66.59143713960842,96.04166666666667,1.0741935795270476,0.0170289439421654,False,0.49043388389728904,False,0.015625,False,False,0.5518664693696982,0.015625,True,True,1.8859353002151527,0.059303673876393195,True,False,0.13531877840212106,0.08823866647594902,True,False,9.633093285729657,False,False,opposite_direction
176,assignment_isolation,plus_one_randomisation,True,ok,56.55198078216004,3.856125629507891,64.18555011785817,50.17216661799576,31.624849632014456,1.0,0.001,1.0,0.001,,,,,0,0,[],[],False,True,False,True,False,0.007071067811865475,0.007053795223230368,24,24,24,0,0.0,{},0.7956053595527277,0.7498245614035088,0.0,False,True,False,True,False,False,0.0,64.18555011785817,50.172166617995764,64.18555011785817,96.91666666666667,1.098046053903729,0.0035846130791102023,False,0.5088273797311023,False,0.029166666666666674,False,False,0.5081060052260739,0.029166666666666674,True,True,0.2380473192139635,0.8118443934431002,True,False,0.2875412440882059,0.023684611276068954,True,False,7.1113275381134615,False,False,opposite_direction
177,assignment_isolation,plus_one_randomisation,True,ok,57.34217036761165,3.410182104790575,63.25267865239834,50.81650494827977,31.241143015365655,1.0,0.001,1.0,0.001,,,,,0,0,[],[],False,True,False,True,False,0.007071067811865475,0.00706977811978535,24,24,24,0,0.0,{},0.7997669244090047,0.6898594377510039,0.0,False,True,False,True,False,False,0.0,63.25267865239834,50.81650494827977,63.25267865239834,95.125,1.0770851498577954,0.0027980804387317568,False,0.5306546146084142,False,0.021527777777777812,False,False,0.5226895982699451,0.021527777777777812,True,True,0.8181882534454787,0.4132497014675651,True,False,0.21803355818565928,0.04405714281414979,True,False,8.584242566331566,False,False,opposite_direction
178,assignment_isolation,plus_one_randomisation,True,ok,62.011736537382184,3.824053200019652,68.85467218179178,55.91532688262308,31.310122564649014,1.0,0.001,1.0,0.001,,,,,0,0,[],[],False,True,False,True,False,0.007071067811865475,0.0070708401181468015,24,24,24,0,0.0,{},0.7854159884246699,0.7124537037037039,0.0,False,True,False,True,False,False,0.0,68.85467218179178,55.91532688262308,68.85467218179178,95.04166666666667,1.079152475063463,0.016864986448610564,False,0.5114919087586531,False,0.021180555555555536,False,False,0.5563104022048003,0.021180555555555536,True,True,0.22232218423728728,0.8240630836808543,True,False,0.20496411268039808,0.06586976524998038,True,False,10.048386260826344,False,False,opposite_direction
179,assignment_isolation,plus_one_randomisation,True,ok,54.6005101919653,3.1985174289848577,59.49663362001664,48.262813581816594,31.062431109196424,1.0,0.001,1.0,0.001,,,,,0,0,[],[],False,True,False,True,False,0.007071067811865475,0.007075102919245867,24,24,24,0,0.0,{},0.7957903780068729,0.7370786516853932,0.0,False,True,False,True,False,False,0.0,59.49663362001664,48.262813581816594,59.49663362001664,96.25,1.0780491912435386,0.05219608210911293,False,0.5293826363639658,False,0.01041666666666663,False,False,0.5007631206042612,0.01041666666666663,True,True,-2.065241343385393,0.03890017047112334,True,False,0.21212399129284812,0.1592343537566779,True,False,6.596000123864036,False,False,opposite_direction
180,assignment_isolation,plus_one_randomisation,True,ok,57.824091569231655,3.700327185742662,63.85273756586509,51.16917455879739,30.086216681692857,1.0,0.001,1.0,0.001,,,,,0,0,[],[],False,True,False,True,False,0.007071067811865475,0.00706775345353755,24,24,24,0,0.0,{},0.8078171214137828,0.7326460481099656,0.0,False,True,False,True,False,False,0.0,63.85273756586509,51.16917455879739,63.85273756586509,97.29166666666667,1.0487133496000136,0.01805655139855273,False,0.5291041006213509,False,0.01736111111111116,False,False,0.5381396332794017,0.01736111111111116,True,True,-0.6307919184040883,0.5281765882624019,True,False,0.18914811752168598,0.1328677553368455,True,False,8.879347193737528,False,False,opposite_direction
181,assignment_isolation,plus_one_randomisation,True,ok,55.81044887153482,4.4830497649586025,63.3549663419121,47.79402853468238,30.377914070960777,1.0,0.001,1.0,0.001,,,,,0,0,[],[],False,True,False,True,False,0.007071067811865475,0.007099017584138746,24,24,24,0,0.0,{},0.8039929801707919,0.7083333333333334,0.0,False,True,False,True,False,False,0.0,63.3549663419121,47.79402853468238,63.3549663419121,95.0,1.0509644073918414,0.00030891970292879964,False,0.5244258993506964,False,0.03125,False,False,0.5215774934114873,0.03125,True,True,0.7300715041132655,0.46534647850863975,True,False,0.12738387164200307,0.31163880653507914,True,False,8.096523172452775,False,False,opposite_direction
182,assignment_isolation,plus_one_randomisation,True,ok,60.46784045079784,3.2549101613167473,66.3310845897889,55.27151620685418,31.665170161212906,1.0,0.001,1.0,0.001,,,,,0,0,[],[],False,True,False,True,False,0.007071067811865475,0.007044508905886246,24,24,24,0,0.0,{},0.7998316326530612,0.6791176470588237,0.0,False,True,False,True,False,False,0.0,66.3310845897889,55.27151620685418,66.3310845897889,96.58333333333333,1.0961087584066715,0.014866854735501662,False,0.509255051197879,False,0.021874999999999978,False,False,0.5383615788309477,0.021874999999999978,True,True,0.5541952590064328,0.5794452225918787,True,False,0.13143181213155955,0.2103905521742477,True,False,9.15833587690087,False,False,opposite_direction
183,assignment_isolation,plus_one_randomisation,True,ok,59.347366416644434,4.399408691282463,67.24816101316134,52.35134815977922,31.714089907628676,1.0,0.001,1.0,0.001,,,,,0,0,[],[],False,True,False,True,False,0.007071067811865475,0.007105222819512584,24,24,24,0,0.0,{},0.8248281786941581,0.6529265873015873,0.0,False,True,False,True,False,False,0.0,67.24816101316134,52.35134815977923,67.24816101316134,96.58333333333333,1.1072636791936523,0.012626978697913094,False,0.5293999337169019,False,0.03923611111111114,False,False,0.5256579549808683,0.03923611111111114,True,True,-1.2976020848072907,0.19442410539433386,True,False,0.16958632214854302,0.020307267201353955,True,False,9.083635634283937,False,False,opposite_direction
184,assignment_isolation,plus_one_randomisation,True,ok,60.112844916276515,2.910685250265074,65.2579456925399,55.24725155593204,30.90639759414631,1.0,0.001,1.0,0.001,,,,,0,0,[],[],False,True,False,True,False,0.007071067811865475,0.00707175383110774,24,24,24,0,0.0,{},0.784031357388316,0.6992673992673994,0.0,False,True,False,True,False,False,0.0,65.2579456925399,55.24725155593203,65.2579456925399,95.0,1.0651415556085873,0.03143951523637349,False,0.5205816491107927,False,0.01388888888888895,False,False,0.5483867149367675,0.01388888888888895,True,True,-0.42443424877407704,0.6712491477489488,True,False,0.2433133432759107,0.030680026891450655,True,False,8.730115665449068,False,False,opposite_direction
185,assignment_isolation,plus_one_randomisation,True,ok,67.7158197734186,4.126270565885784,74.43742310357372,60.62760700715411,32.0618487786645,1.0,0.001,1.0,0.001,,,,,0,0,[],[],False,True,False,True,False,0.007071067811865475,0.0070534838863432125,24,24,24,0,0.0,{},0.795618556701031,0.6982758620689657,0.0,False,True,False,True,False,False,0.0,74.43742310357372,60.62760700715412,74.43742310357372,95.41666666666667,1.1045219846803194,0.029508630006569905,False,0.5252901376281127,False,0.015625,False,False,0.5845443398757707,0.015625,True,True,2.1139146842666854,0.034522554813224776,True,False,0.1852919283637371,0.013454452909919042,True,False,9.98760278894219,False,False,opposite_direction
186,assignment_isolation,plus_one_randomisation,True,ok,51.898245701621086,4.799325620424385,61.20005002100285,43.7103854098609,31.363047768280822,1.0,0.001,1.0,0.001,,,,,0,0,[],[],False,True,False,True,False,0.007071067811865475,0.006999932598834131,24,24,24,0,0.0,{},0.7627752176139272,0.6075396825396824,0.0,False,True,False,True,False,False,0.0,61.20005002100285,43.7103854098609,61.20005002100285,91.58333333333333,1.0504861849466827,0.02813219430784349,False,0.49436810406861165,False,0.020138888888888817,False,False,0.48989554627117826,0.020138888888888817,True,True,-2.240102923129189,0.025084241817857,True,False,0.2365695214890544,0.006269064330355133,True,False,6.688917419701494,False,False,opposite_direction
187,assignment_isolation,plus_one_randomisation,True,ok,54.021229583113524,3.5883540817315707,60.190544993971784,47.895209274169254,30.71529117019598,1.0,0.001,1.0,0.001,,,,,0,0,[],[],False,True,False,True,False,0.007071067811865475,0.007075649877612203,24,24,24,0,0.0,{},0.8097890979308391,0.6703183520599251,0.0,False,True,False,True,False,False,0.0,60.19054499397178,47.895209274169254,60.19054499397178,95.70833333333333,1.0630797666675653,0.007738803817464505,False,0.5075014166057906,False,0.023263888888888862,False,False,0.5022167926749137,0.023263888888888862,True,True,-0.18824986319701092,0.8506807859727401,True,False,0.17361096004500284,0.01629600052902193,True,False,8.028000151572895,False,False,opposite_direction
188,assignment_isolation,plus_one_randomisation,True,ok,68.40274418936689,2.9230047576427585,72.98010925755796,63.21722812112183,31.825636750973356,1.0,0.001,1.0,0.001,,,,,0,0,[],[],False,True,False,True,False,0.007071067811865475,0.007060918545410209,24,24,24,0,0.0,{},0.8007370327993899,0.7138596491228067,0.0,False,True,False,True,False,False,0.0,72.98010925755796,63.21722812112183,72.98010925755796,95.66666666666667,1.0989770633794893,0.0049050530547666725,False,0.5177108557069486,False,0.017708333333333437,False,False,0.5910640760582535,0.017708333333333437,True,True,-1.2273070630104885,0.21970720195332794,True,False,0.2158394435093004,0.021588708864366667,True,False,10.733072033560411,False,False,opposite_direction
189,assignment_isolation,plus_one_randomisation,True,ok,66.05707371188446,4.030303125986069,73.2025452635298,59.423429826828446,32.66065617073828,1.0,0.001,1.0,0.001,,,,,0,0,[],[],False,True,False,True,False,0.007071067811865475,0.0070878215606890865,24,24,24,0,0.0,{},0.7761863136863135,0.686379928315412,0.0,False,True,False,True,False,False,0.0,73.2025452635298,59.423429826828446,73.2025452635298,93.5,1.119214919791659,0.020111616565780414,False,0.5289292940061797,False,0.029861111111111116,False,False,0.5680219004691056,0.029861111111111116,True,True,-1.1331392702454985,0.25715577233777054,True,False,0.12946620238049264,0.3341762023081881,True,False,8.427690006668055,False,False,opposite_direction
190,assignment_isolation,plus_one_randomisation,True,ok,55.52352831840826,3.4072540217068767,61.45602901793208,48.85100151714411,30.955414033406786,1.0,0.001,1.0,0.001,,,,,0,0,[],[],False,True,False,True,False,0.007071067811865475,0.007050058377572249,24,24,24,0,0.0,{},0.79262728012728,0.7135658914728681,0.0,False,True,False,True,False,False,0.0,61.45602901793208,48.85100151714411,61.45602901793208,96.41666666666667,1.0714585902608407,0.010708180010060454,False,0.503830610749481,False,0.054166666666666585,False,False,0.5108116284078478,0.054166666666666585,True,True,-1.4699119334019652,0.14158560714328747,True,False,0.13672293625729576,0.15139952884341293,True,False,8.810169011788254,False,False,opposite_direction
191,assignment_isolation,plus_one_randomisation,True,ok,67.86096948542239,3.295896635958305,73.14483979718169,61.88547807135671,32.03220160479308,1.0,0.001,1.0,0.001,,,,,0,0,[],[],False,True,False,True,False,0.007071067811865475,0.007068613844375074,24,24,24,0,0.0,{},0.797852233676976,0.7183908045977012,0.0,False,True,False,True,False,False,0.0,73.14483979718169,61.88547807135671,73.14483979718169,95.45833333333333,1.106109122733941,0.009399902046124906,False,0.5287954136244626,False,0.028124999999999956,False,False,0.584849119347905,0.028124999999999956,True,True,1.0385372504702712,0.29902000226277325,True,False,0.22295170497863015,0.011897229135306832,True,False,11.05172674516688,False,False,opposite_direction
192,assignment_isolation,plus_one_randomisation,True,ok,65.46648598831588,3.8048410944500892,72.08112350810802,59.46928813830823,32.23484564805158,1.0,0.001,1.0,0.001,,,,,0,0,[],[],False,True,False,True,False,0.007071067811865475,0.00704399502031046,24,24,24,0,0.0,{},0.7961994865543736,0.6992753623188405,0.0,False,True,False,True,False,False,0.0,72.08112350810802,59.46928813830823,72.08112350810802,94.75,1.1051067941058006,0.023453663272374328,False,0.5127236619319302,False,0.014236111111111116,False,False,0.5696393191326372,0.014236111111111116,True,True,-1.6962625057918062,0.08983617776390579,True,False,0.1375584659091419,0.13649886299800512,True,False,9.46039092283595,False,False,opposite_direction
193,assignment_isolation,plus_one_randomisation,True,ok,60.39902573546426,2.9049666088027952,65.3602215969022,55.94889953101759,31.600149773146313,1.0,0.001,1.0,0.001,,,,,0,0,[],[],False,True,False,True,False,0.007071067811865475,0.007048232742405818,24,24,24,0,0.0,{},0.800707890070922,0.6748106060606059,0.0,False,True,False,True,False,False,0.0,65.3602215969022,55.94889953101759,65.3602215969022,96.20833333333333,1.0923095422608042,0.003486014811662731,False,0.5167585910146402,False,0.025694444444444464,False,False,0.5393895396100465,0.025694444444444464,True,True,-0.21387922225044653,0.8306412435656669,True,False,0.10758845171202419,0.1434298063092083,True,False,9.11902076618874,False,False,opposite_direction
194,assignment_isolation,plus_one_randomisation,True,ok,57.37123173725633,3.763837547834496,63.30656953178491,50.290479077329195,31.63433698933007,1.0,0.001,1.0,0.001,,,,,0,0,[],[],False,True,False,True,False,0.007071067811865475,0.007070919351131034,24,24,24,0,0.0,{},0.7869232770582794,0.7151647286821703,0.0,False,True,False,True,False,False,0.0,63.30656953178491,50.290479077329195,63.30656953178491,94.875,1.0893828132880075,0.010920536360814997,False,0.5192936178229878,False,0.026736111111111183,False,False,0.5179136559179165,0.026736111111111183,True,True,0.6619039354680508,0.5080327894662271,True,False,0.12015183206050305,0.31596889497226527,True,False,9.392209309053902,False,False,opposite_direction
195,assignment_isolation,plus_one_randomisation,True,ok,63.13581634874433,3.8890610635363525,69.49409019368689,56.439046303101755,30.965558996064352,1.0,0.001,1.0,0.001,,,,,0,0,[],[],False,True,False,True,False,0.007071067811865475,0.007110660829799116,24,24,24,0,0.0,{},0.8311428308436778,0.6983333333333335,0.0,False,True,False,True,False,False,0.0,69.49409019368689,56.439046303101755,69.49409019368689,97.41666666666667,1.0866145726140042,0.021183482087762696,False,0.5233924662021445,False,0.025000000000000022,False,False,0.5611665392959274,0.025000000000000022,True,True,-0.4515271233424961,0.651609680991155,True,False,0.13130044149552658,0.18373153391105662,True,False,10.946159057027067,False,False,opposite_direction
196,assignment_isolation,plus_one_randomisation,True,ok,58.31250268893672,2.8143677659185964,63.22777561246559,53.961297792059355,31.45466369715955,1.0,0.001,1.0,0.001,,,,,0,0,[],[],False,True,False,True,False,0.007071067811865475,0.007085861428577044,24,24,24,0,0.0,{},0.7828088061465722,0.6998015873015873,0.0,False,True,False,True,False,False,0.0,63.22777561246559,53.961297792059355,63.22777561246559,94.16666666666667,1.081424748610619,0.016588184200899476,False,0.51562903004137,False,0.02604166666666663,False,False,0.5283110693133336,0.02604166666666663,True,True,0.6291053199758582,0.5292801078320247,True,False,0.11347203913704286,0.2147765671148192,True,False,10.363341660564984,False,False,opposite_direction
197,assignment_isolation,plus_one_randomisation,True,ok,58.18858533556496,3.529070478386642,64.95032786876196,52.481322080717725,31.118311824867103,1.0,0.001,1.0,0.001,,,,,0,0,[],[],False,True,False,True,False,0.007071067811865475,0.007032243409917312,24,24,24,0,0.0,{},0.7859027320304495,0.7137037037037036,0.0,False,True,False,True,False,False,0.0,64.95032786876196,52.481322080717725,64.95032786876196,95.5,1.0692557964554132,0.003229951577570796,False,0.5187212671107644,False,0.03541666666666665,False,False,0.5323605525660356,0.03541666666666665,True,True,0.21437421562266076,0.830255247226751,True,False,0.09553544466804254,0.154134962811405,True,False,7.835945444183121,False,False,opposite_direction
198,assignment_isolation,plus_one_randomisation,True,ok,60.5921374249659,4.151614336655388,67.08576793625681,53.31722170415488,31.726849898798203,1.0,0.001,1.0,0.001,,,,,0,0,[],[],False,True,False,True,False,0.007071067811865475,0.007040514437266848,24,24,24,0,0.0,{},0.7931317318594105,0.6801960784313726,0.0,False,True,False,True,False,False,0.0,67.08576793625681,53.31722170415488,67.08576793625681,96.33333333333333,1.0961996161865686,0.002250024474377726,False,0.5117756644113206,False,0.019791666666666652,False,False,0.539229702759061,0.019791666666666652,True,True,-0.9012216753027872,0.3674704685844219,True,False,0.15933361229705872,0.10698749287203746,True,False,7.603944733954442,False,False,opposite_direction
199,assignment_isolation,plus_one_randomisation,True,ok,57.62209179554515,3.620957941787108,63.517426667656075,50.693560120202285,31.94814161229318,1.0,0.001,1.0,0.001,,,,,0,0,[],[],False,True,False,True,False,0.007071067811865475,0.007054166671373789,24,24,24,0,0.0,{},0.8010901484929079,0.6900183150183151,0.0,False,True,False,True,False,False,0.0,63.517426667656075,50.693560120202285,63.517426667656075,96.16666666666667,1.105028815702804,0.00031702630793909624,False,0.5347712172661861,False,0.014583333333333282,False,False,0.5135589492269637,0.014583333333333282,True,True,-0.2748431728907316,0.7834367276961879,True,False,0.1579969515746825,0.11869530441570783,True,False,7.87780408554759,False,False,opposite_direction
200,assignment_isolation,plus_one_randomisation,True,ok,62.777958504905904,5.105146481606232,72.24110368383596,54.66358649109458,32.35056839937716,1.0,0.001,1.0,0.001,,,,,0,0,[],[],False,True,False,True,False,0.007071067811865475,0.007020841934656596,24,24,24,0,0.0,{},0.789018153683575,0.7120833333333334,0.0,False,True,False,True,False,False,0.0,72.24110368383596,54.66358649109458,72.24110368383596,94.875,1.1061576061323963,0.03583988323820762,False,0.5190778706755373,False,0.021527777777777812,False,False,0.550847477409611,0.021527777777777812,True,True,-1.0011512521515895,0.3167536899319203,True,False,0.21631231528638997,0.04671987086233123,True,False,8.81291808306027,False,False,opposite_direction
201,assignment_isolation,plus_one_randomisation,True,ok,61.113701877497185,4.25288208383604,68.33791355230099,54.135316744134926,31.162241347057765,1.0,0.001,1.0,0.001,,,,,0,0,[],[],False,True,False,True,False,0.007071067811865475,0.007033337798273427,24,24,24,0,0.0,{},0.8079090221947363,0.6374497991967871,0.0,False,True,False,True,False,False,0.0,68.33791355230099,54.13531674413493,68.33791355230099,96.83333333333333,1.0783819460247381,0.0410812291597631,False,0.5086620080171402,False,0.022222222222222254,False,False,0.5502155777858037,0.022222222222222254,True,True,0.028663071804411307,0.9771333086892936,True,False,0.257256678440791,0.19746609847306446,True,False,8.9907102781658,False,False,opposite_direction
202,assignment_isolation,plus_one_randomisation,True,ok,60.25712067890978,3.893940594722477,67.04514492227682,53.78493773446192,31.43605589540787,1.0,0.001,1.0,0.001,,,,,0,0,[],[],False,True,False,True,False,0.007071067811865475,0.007046312766851236,24,24,24,0,0.0,{},0.8144759450171821,0.7065891472868217,0.0,False,True,False,True,False,False,0.0,67.04514492227682,53.78493773446192,67.04514492227682,97.0,1.0908017856457415,0.015098902012275614,False,0.5090895296617862,False,0.011458333333333348,False,False,0.5389618206824263,0.011458333333333348,True,True,0.3629503353543005,0.7166419846816888,True,False,0.12174398957094022,0.35928077704130723,True,False,10.036347850497767,False,False,opposite_direction
203,assignment_isolation,plus_one_randomisation,True,ok,59.3710418857062,3.1600261273122388,64.72184815484736,53.9215805239439,32.00984789783566,1.0,0.001,1.0,0.001,,,,,0,0,[],[],False,True,False,True,False,0.007071067811865475,0.007027836116543701,24,24,24,0,0.0,{},0.7867678617678618,0.7101799242424242,0.0,False,True,False,True,False,False,0.0,64.72184815484736,53.9215805239439,64.72184815484736,95.58333333333333,1.0996799993461626,0.007411092893040289,False,0.5120151134382728,False,0.023958333333333304,False,False,0.5288619984786406,0.023958333333333304,True,True,0.9101351195864044,0.3627512553262029,True,False,0.20977850172029813,0.03489099888588699,True,False,10.414313616924211,False,False,opposite_direction
204,assignment_isolation,plus_one_randomisation,True,ok,57.37632182915869,3.7058657331355964,63.700911228772725,50.744154854705684,31.22591271079658,1.0,0.001,1.0,0.001,,,,,0,0,[],[],False,True,False,True,False,0.007071067811865475,0.007099232240364196,24,24,24,0,0.0,{},0.7989148128052089,0.7149621212121212,0.0,False,True,False,True,False,False,0.0,63.700911228772725,50.74415485470568,63.700911228772725,95.91666666666667,1.085534343964576,0.03360814729441143,False,0.552886702067333,False,0.023263888888888973,False,False,0.519510685575982,0.023263888888888973,True,True,-0.03555156270314044,0.9716399312453698,True,False,0.1624786378247747,0.11764736757811328,True,False,9.143608405576911,False,False,opposite_direction
205,assignment_isolation,plus_one_randomisation,True,ok,62.56084786226208,4.3715178413217,69.41950194457735,55.42210857218726,31.533285283493964,1.0,0.001,1.0,0.001,,,,,0,0,[],[],False,True,False,True,False,0.007071067811865475,0.007064629350537416,24,24,24,0,0.0,{},0.794768772893773,0.7075670498084293,0.0,False,True,False,True,False,False,0.0,69.41950194457735,55.42210857218726,69.41950194457735,95.375,1.087792051315768,0.004731767537111874,False,0.500876492475177,False,0.007291666666666696,False,False,0.5566799311961894,0.007291666666666696,True,True,0.16447143275212098,0.8693600338462661,True,False,0.1516659692011396,0.04391490662722878,True,False,8.259614623596995,False,False,opposite_direction
206,assignment_isolation,plus_one_randomisation,True,ok,54.908466940930644,3.837608207131082,61.55687064988296,48.45378165889193,30.846875401167775,1.0,0.001,1.0,0.001,,,,,0,0,[],[],False,True,False,True,False,0.007071067811865475,0.007093094474178412,24,24,24,0,0.0,{},0.8137803819444442,0.7086647727272727,0.0,False,True,False,True,False,False,0.0,61.55687064988296,48.45378165889193,61.55687064988296,96.45833333333333,1.0744514708287702,0.00016889520513477209,False,0.48967493531641376,False,0.02083333333333326,False,False,0.5046948403923915,0.02083333333333326,True,True,0.13383300059195077,0.8935346312306588,True,False,0.1663807665433849,0.05475974339499547,True,False,7.6445933562358475,False,False,opposite_direction
207,assignment_isolation,plus_one_randomisation,True,ok,68.19539622056074,4.252096452723597,75.00982123705617,59.67166178920466,32.46145432025681,1.0,0.001,1.0,0.001,,,,,0,0,[],[],False,True,False,True,False,0.007071067811865475,0.007048455607979193,24,24,24,0,0.0,{},0.7914496527777777,0.6957859848484849,0.0,False,True,False,True,False,False,0.0,75.00982123705617,59.671661789204656,75.00982123705617,94.83333333333333,1.1140699347387741,0.02469180553706129,False,0.5045659033379006,False,0.019444444444444375,False,False,0.5838742771733206,0.019444444444444375,True,True,0.9520504416151939,0.34107140089927335,True,False,0.13644994767994356,0.15332755070600898,True,False,10.383475996784602,False,False,opposite_direction
208,assignment_isolation,plus_one_randomisation,True,ok,62.23758713453207,3.3512870303769016,69.22934391945778,57.095713927059,31.322844735849337,1.0,0.001,1.0,0.001,,,,,0,0,[],[],False,True,False,True,False,0.007071067811865475,0.007077714115337101,24,24,24,0,0.0,{},0.8076388135286672,0.6457837301587301,0.0,False,True,False,True,False,False,0.0,69.22934391945778,57.095713927059,69.22934391945778,95.5,1.0832430327335805,0.00024171430853739962,False,0.4915086941291271,False,0.01840277777777788,False,False,0.5562454791034561,0.01840277777777788,True,True,-0.9748260569719635,0.3296465495330324,True,False,0.14093670517954432,0.2594406033335071,True,False,8.778297208164235,False,False,opposite_direction
209,assignment_isolation,plus_one_randomisation,True,ok,61.57435745099326,4.215453541562502,68.20913323433118,53.72116290798481,31.421768751250866,1.0,0.001,1.0,0.001,,,,,0,0,[],[],False,True,False,True,False,0.007071067811865475,0.0070648672588076635,24,24,24,0,0.0,{},0.8142070220153665,0.743486590038314,0.0,False,True,False,True,False,False,0.0,68.20913323433118,53.72116290798481,68.20913323433118,97.41666666666667,1.095522423678378,0.020964356726293775,False,0.5210859134986087,False,0.006249999999999978,False,False,0.5465821304862475,0.006249999999999978,True,True,-1.2593925689642465,0.20788857219102386,True,False,0.09521858577459892,0.12531621503000281,True,False,8.508451309578591,False,False,opposite_direction
210,assignment_isolation,plus_one_randomisation,True,ok,55.37768371088924,4.249623633274099,62.91690734622013,48.74606522674671,31.0023460022612,1.0,0.001,1.0,0.001,,,,,0,0,[],[],False,True,False,True,False,0.007071067811865475,0.0070640243250214675,24,24,24,0,0.0,{},0.8058848797250858,0.7408914728682172,0.0,False,True,False,True,False,False,0.0,62.916907346220135,48.74606522674671,62.916907346220135,95.79166666666667,1.0717182199743505,0.033997043688408335,False,0.5199589605432677,False,0.014236111111111116,False,False,0.5095493276012678,0.014236111111111116,True,True,-0.9259121882385131,0.3544916167004042,True,False,0.10754581115145727,0.18807485600397972,True,False,8.280137635526945,False,False,opposite_direction
211,assignment_isolation,plus_one_randomisation,True,ok,60.0121786489261,4.730978494465563,68.04994082097555,51.84540929472537,31.776495283019038,1.0,0.001,1.0,0.001,,,,,0,0,[],[],False,True,False,True,False,0.007071067811865475,0.007026749914548214,24,24,24,0,0.0,{},0.7945793149318257,0.7041187739463604,0.0,False,True,False,True,False,False,0.0,68.04994082097555,51.84540929472538,68.04994082097555,95.95833333333333,1.0936336019947286,0.006380235730848981,False,0.5050430839419169,False,0.03576388888888893,False,False,0.5360248900004807,0.03576388888888893,True,True,-1.2646467622403368,0.20599798211859022,True,False,0.21634816053476158,0.0963153087800385,True,False,7.029017307883581,False,False,opposite_direction
212,assignment_isolation,plus_one_randomisation,True,ok,54.58302392079809,4.349984960994155,61.360439800705365,46.57383074897868,30.19738440697487,1.0,0.001,1.0,0.001,,,,,0,0,[],[],False,True,False,True,False,0.007071067811865475,0.0070967484426714975,24,24,24,0,0.0,{},0.8122777777777777,0.7492753623188403,0.0,False,True,False,True,False,False,0.0,61.360439800705365,46.57383074897868,61.360439800705365,96.45833333333333,1.0523703893298881,0.03700776140133755,False,0.5140930701214012,False,0.02604166666666663,False,False,0.5112036159077619,0.02604166666666663,True,True,1.167308074411187,0.2430859790533001,True,False,0.14622646631200906,0.29038997990351023,True,False,8.886443423187663,False,False,opposite_direction
213,assignment_isolation,plus_one_randomisation,True,ok,71.08350468130918,3.543922390836357,76.77744451224376,64.82675479211521,31.870466096479337,1.0,0.001,1.0,0.001,,,,,0,0,[],[],False,True,False,True,False,0.007071067811865475,0.00705298642348939,24,24,24,0,0.0,{},0.8120659722222223,0.697003745318352,0.0,False,True,False,True,False,False,0.0,76.77744451224376,64.82675479211521,76.77744451224376,96.66666666666667,1.1050192373252559,0.014119209789583101,False,0.5280931321301389,False,0.02083333333333326,False,False,0.6051337347620092,0.02083333333333326,True,True,0.12940113621910135,0.8970402486679631,True,False,0.13907724228051574,0.09575535523265469,True,False,11.678533728545954,False,False,opposite_direction
214,assignment_isolation,plus_one_randomisation,True,ok,63.95349699712286,2.8435656880084474,68.75264482050123,59.1812203760274,31.44470222688247,1.0,0.001,1.0,0.001,,,,,0,0,[],[],False,True,False,True,False,0.007071067811865475,0.007035349347635847,24,24,24,0,0.0,{},0.8085919419314118,0.6791170634920634,0.0,False,True,False,True,False,False,0.0,68.75264482050123,59.1812203760274,68.75264482050123,97.125,1.0901058601721638,0.0004348476010448451,False,0.5011941258208749,False,0.029861111111111116,False,False,0.5653951335514228,0.029861111111111116,True,True,-0.34691099010663895,0.7286581898866247,True,False,0.1746684168203077,0.09707581389235251,True,False,9.82279167794717,False,False,opposite_direction
215,assignment_isolation,plus_one_randomisation,True,ok,57.785295747762454,3.4517958982480175,63.83333595647925,52.27227576494152,30.678141477418862,1.0,0.001,1.0,0.001,,,,,0,0,[],[],False,True,False,True,False,0.007071067811865475,0.0070751113866754645,24,24,24,0,0.0,{},0.7926365740740742,0.7152314814814814,0.0,False,True,False,True,False,False,0.0,63.83333595647925,52.27227576494152,63.83333595647925,95.70833333333333,1.061713179708414,0.0016227577349467361,False,0.507694046329347,False,0.025347222222222188,False,False,0.5324152926385385,0.025347222222222188,True,True,1.811681439039048,0.07003543319585875,True,False,0.2534201355508693,0.0596633969439017,True,False,9.856347519181773,False,False,opposite_direction
216,assignment_isolation,plus_one_randomisation,True,ok,58.03855998555224,4.028903828546806,64.74583252658397,51.14350611613467,31.434054996580844,1.0,0.001,1.0,0.001,,,,,0,0,[],[],False,True,False,True,False,0.007071067811865475,0.0070607540032021346,24,24,24,0,0.0,{},0.8035915448814385,0.7319597069597069,0.0,False,True,False,True,False,False,0.0,64.74583252658397,51.14350611613467,64.74583252658397,97.20833333333333,1.0941408743248051,0.03568784591929117,False,0.5169939697543536,False,0.018402777777777768,False,False,0.5210865664896975,0.018402777777777768,True,True,-1.6518295820527158,0.0985692963921171,True,False,0.10462132503952463,0.1483928323317442,True,False,9.698291418807317,False,False,opposite_direction
217,assignment_isolation,plus_one_randomisation,True,ok,60.795678162821076,4.526586469284045,68.73987675388436,53.18455757925052,31.5133488978539,1.0,0.001,1.0,0.001,,,,,0,0,[],[],False,True,False,True,False,0.007071067811865475,0.007134973716497596,24,24,24,0,0.0,{},0.832708290360286,0.7485648148148148,0.0,False,True,False,True,False,False,0.0,68.73987675388436,53.18455757925053,68.73987675388436,97.04166666666667,1.1074804362607025,0.0008430302093400149,False,0.5047486085612501,False,0.029861111111111116,False,False,0.5361964528692135,0.029861111111111116,True,True,1.7583812847657265,0.07868265535791659,True,False,0.24400299218512547,0.15189572977785176,True,False,9.513675195864007,False,False,opposite_direction
218,assignment_isolation,plus_one_randomisation,True,ok,53.04967148590078,2.9850919656506845,57.71631527054612,46.93085850146217,31.158506951029096,1.0,0.001,1.0,0.001,,,,,0,0,[],[],False,True,False,True,False,0.007071067811865475,0.00703098729693647,24,24,24,0,0.0,{},0.791459764598909,0.7037453183520601,0.0,False,True,False,True,False,False,0.0,57.71631527054612,46.93085850146216,57.71631527054612,95.79166666666667,1.0720790798551394,0.009928751628705108,False,0.5012340237809636,False,0.013541666666666674,False,False,0.49059212153511345,0.013541666666666674,True,True,-1.0683439047778278,0.2853654105972385,True,False,0.06952101482150798,0.40864665613633133,True,False,5.616750804437427,False,False,opposite_direction
219,assignment_isolation,plus_one_randomisation,True,ok,55.02583975826079,3.8222211918652764,61.10283467789229,48.1632811606064,31.078068711653906,1.0,0.001,1.0,0.001,,,,,0,0,[],[],False,True,False,True,False,0.007071067811865475,0.007097598441325712,24,24,24,0,0.0,{},0.8174095929373522,0.7120738636363635,0.0,False,True,False,True,False,False,0.0,61.10283467789228,48.1632811606064,61.10283467789228,96.04166666666667,1.0808496733773951,0.010014470100346626,False,0.49115604643613525,False,0.02083333333333337,False,False,0.5030272341358833,0.02083333333333337,True,True,0.30179775077544513,0.7628062455950724,True,False,0.032655301096220106,0.38763627855593974,True,False,9.458835183556129,False,False,opposite_direction
220,assignment_isolation,plus_one_randomisation,True,ok,65.25165252564936,3.719089372635418,71.29403353151294,58.40021105325551,31.440196983771212,1.0,0.001,1.0,0.001,,,,,0,0,[],[],False,True,False,True,False,0.007071067811865475,0.0070479338867348185,24,24,24,0,0.0,{},0.8014482060185186,0.7037405303030302,0.0,False,True,False,True,False,False,0.0,71.29403353151294,58.40021105325551,71.29403353151294,95.83333333333333,1.0846144381903253,0.014041094699860378,False,0.5110988277708224,False,0.01736111111111116,False,False,0.5763602939182908,0.01736111111111116,True,True,1.6758756185447206,0.09376255834920717,True,False,0.1409664039137906,0.13216293545772223,True,False,10.389182111513584,False,False,opposite_direction
221,assignment_isolation,plus_one_randomisation,True,ok,63.54087372573309,4.068484827279414,70.67682488943238,56.317516035969035,31.608797653639872,1.0,0.001,1.0,0.001,,,,,0,0,[],[],False,True,False,True,False,0.007071067811865475,0.00707685460550395,24,24,24,0,0.0,{},0.799138151641442,0.7265151515151516,0.0,False,True,False,True,False,False,0.0,70.67682488943238,56.31751603596903,70.67682488943238,95.95833333333333,1.0956191179755403,0.005199523746350218,False,0.532134461467747,False,0.016666666666666607,False,False,0.5603525888555791,0.016666666666666607,True,True,0.5133490693387789,0.607707165227795,True,False,0.21524679203749542,0.0958295351908504,True,False,8.924134437238703,False,False,opposite_direction
222,assignment_isolation,plus_one_randomisation,True,ok,56.36208575244257,3.6079319928817863,62.33363540713377,50.744456068420185,31.093292070984386,1.0,0.001,1.0,0.001,,,,,0,0,[],[],False,True,False,True,False,0.007071067811865475,0.007015850815977657,24,24,24,0,0.0,{},0.8068404634581103,0.7232954545454544,0.0,False,True,False,True,False,False,0.0,62.33363540713376,50.744456068420185,62.33363540713376,96.83333333333333,1.0733206806426772,0.0030872928400613392,False,0.5173028034863251,False,0.037847222222222254,False,False,0.5166406844594349,0.037847222222222254,True,True,0.9430324100075557,0.34566432559280413,True,False,0.23889145610010773,0.007404846606793623,True,False,8.368831458394995,False,False,opposite_direction
223,assignment_isolation,plus_one_randomisation,True,ok,55.206082995594365,4.228440882609817,62.6903148355997,47.42496040131637,31.646147770834705,1.0,0.001,1.0,0.001,,,,,0,0,[],[],False,True,False,True,False,0.007071067811865475,0.007062510360998476,24,24,24,0,0.0,{},0.8006504362913551,0.7374509803921568,0.0,False,True,False,True,False,False,0.0,62.6903148355997,47.424960401316376,62.6903148355997,96.66666666666667,1.0987232775088092,0.005449725648926258,False,0.5058783511012791,False,0.01041666666666674,False,False,0.49727518288189093,0.01041666666666674,True,True,0.799307414346409,0.4241121807482626,True,False,0.16591558179234786,0.4270708279758354,True,False,8.481615859051807,False,False,opposite_direction
224,assignment_isolation,plus_one_randomisation,True,ok,61.71283589107686,3.363215547852661,67.19364606776587,55.71258762890336,31.635066799018027,1.0,0.001,1.0,0.001,,,,,0,0,[],[],False,True,False,True,False,0.007071067811865475,0.007077421068731696,24,24,24,0,0.0,{},0.8174453415386773,0.6885658914728681,0.0,False,True,False,True,False,False,0.0,67.19364606776587,55.71258762890336,67.19364606776587,96.79166666666667,1.1013688236547203,0.0044824148360131525,False,0.49313627481740213,False,0.03194444444444444,False,False,0.545228378150541,0.03194444444444444,True,True,-0.16952202714871695,0.8653860479350146,True,False,0.0645849820583771,0.4187954843843358,True,False,10.38192318173736,False,False,opposite_direction
225,assignment_isolation,plus_one_randomisation,True,ok,62.88844042575357,3.1700013880102484,68.78038619252784,57.14927367861189,31.082047088029906,1.0,0.001,1.0,0.001,,,,,0,0,[],[],False,True,False,True,False,0.007071067811865475,0.0070468991531281834,24,24,24,0,0.0,{},0.8072482638888889,0.6804659498207888,0.0,False,True,False,True,False,False,0.0,68.78038619252784,57.149273678611884,68.78038619252784,96.54166666666667,1.0760564891653248,0.03543751687317359,False,0.5076116248895286,False,0.02013888888888893,False,False,0.5637230458677921,0.02013888888888893,True,True,0.6736815908565251,0.5005137681678535,True,False,0.17223544459463494,0.17850824311890448,True,False,10.195013226492428,False,False,opposite_direction
226,assignment_isolation,plus_one_randomisation,True,ok,58.87767164032291,3.917423020697242,65.59624409864689,52.3050255448871,31.13041067353281,1.0,0.001,1.0,0.001,,,,,0,0,[],[],False,True,False,True,False,0.007071067811865475,0.007024663148122433,24,24,24,0,0.0,{},0.8121363831615119,0.695788043478261,0.0,False,True,False,True,False,False,0.0,65.59624409864689,52.30502554488711,65.59624409864689,97.04166666666667,1.0771085694999756,0.005890720177733422,False,0.5131248480655365,False,0.022222222222222143,False,False,0.5343239537899352,0.022222222222222143,True,True,-1.1753589863480995,0.23985112471065773,True,False,0.19739931113529374,0.03978110767312154,True,False,9.60490534773642,False,False,opposite_direction
227,assignment_isolation,plus_one_randomisation,True,ok,64.37501328717435,3.904738794099082,70.09428821311108,56.42196330173056,31.895282551971498,1.0,0.001,1.0,0.001,,,,,0,0,[],[],False,True,False,True,False,0.007071067811865475,0.007068241272436081,24,24,24,0,0.0,{},0.8015313549832026,0.7150362318840578,0.0,False,True,False,True,False,False,0.0,70.09428821311108,56.42196330173056,70.09428821311108,95.5,1.1015634296910004,0.014656745170698017,False,0.5499826138268649,False,0.014930555555555558,False,False,0.5636948977178141,0.014930555555555558,True,True,-0.9368808895876639,0.34881983040152087,True,False,0.11742941557036786,0.10217520719906407,True,False,9.401371942778498,False,False,opposite_direction
228,assignment_isolation,plus_one_randomisation,True,ok,55.76381713780106,3.816161311833589,61.704429340515986,48.47276215410078,31.293467188293864,1.0,0.001,1.0,0.001,,,,,0,0,[],[],False,True,False,True,False,0.007071067811865475,0.007079997348050384,24,24,24,0,0.0,{},0.7943175631996191,0.6886015325670498,0.0,False,True,False,True,False,False,0.0,61.704429340515986,48.47276215410077,61.704429340515986,95.0,1.0797384966950716,0.004138215697018133,False,0.49629879823384226,False,0.00868055555555558,False,False,0.5093264925827453,0.00868055555555558,True,True,-0.38038798025407833,0.7036574356353587,True,False,0.14245583577257265,0.1449778610931891,True,False,8.172528451778529,False,False,opposite_direction
229,assignment_isolation,plus_one_randomisation,True,ok,58.63732371050256,5.026473260139808,67.1248566043254,49.593154316729766,31.92382012745525,1.0,0.001,1.0,0.001,,,,,0,0,[],[],False,True,False,True,False,0.007071067811865475,0.007049935553793204,24,24,24,0,0.0,{},0.8130847953216375,0.6779962546816479,0.0,False,True,False,True,False,False,0.0,67.1248566043254,49.593154316729766,67.1248566043254,96.66666666666667,1.1063903470576477,0.025665748830093447,False,0.5092132895230769,False,0.00868055555555558,False,False,0.5207036558670993,0.00868055555555558,True,True,1.3177918704767555,0.18757333007603783,True,False,0.15283089078277762,0.06559912881164202,True,False,10.248718715872492,False,False,opposite_direction
230,assignment_isolation,plus_one_randomisation,True,ok,61.938932501182826,4.631037146385326,69.34076143391081,53.47956334390213,32.44471078984838,1.0,0.001,1.0,0.001,,,,,0,0,[],[],False,True,False,True,False,0.007071067811865475,0.007058068652933068,24,24,24,0,0.0,{},0.8149614423807972,0.6914893617021277,0.0,False,True,False,True,False,False,0.0,69.34076143391081,53.47956334390213,69.34076143391081,97.20833333333333,1.1288897726148712,0.02097454506837953,False,0.4882678937239107,False,0.009375000000000022,False,False,0.5359687116675075,0.009375000000000022,True,True,0.372376796191856,0.7096123276800557,True,False,0.16903014755257953,0.08344733901582989,True,False,9.283458873655574,False,False,opposite_direction
231,assignment_isolation,plus_one_randomisation,True,ok,60.00702664822372,3.505255692225539,66.32637539051552,54.21378280897317,31.166451333477557,1.0,0.001,1.0,0.001,,,,,0,0,[],[],False,True,False,True,False,0.007071067811865475,0.007097404459957054,24,24,24,0,0.0,{},0.7936414930555555,0.7287499999999999,0.0,False,True,False,True,False,False,0.0,66.32637539051552,54.21378280897317,66.32637539051552,94.79166666666667,1.0768172265419333,0.023109530028180503,False,0.5080764716347417,False,0.01909722222222221,False,False,0.5428131201813651,0.01909722222222221,True,True,0.773901473000663,0.43898905846057923,True,False,0.12753344527430932,0.2978394534961364,True,False,9.917071769037495,False,False,opposite_direction
232,assignment_isolation,plus_one_randomisation,True,ok,56.981425143765016,3.488656146648678,63.775932847262865,51.33562864937056,30.585179146440982,1.0,0.001,1.0,0.001,,,,,0,0,[],[],False,True,False,True,False,0.007071067811865475,0.007114848381626442,24,24,24,0,0.0,{},0.7994233351235231,0.6815686274509805,0.0,False,True,False,True,False,False,0.0,63.77593284726286,51.33562864937056,63.77593284726286,95.25,1.0618891290411203,0.0038777088779071325,False,0.5051845181710847,False,0.029861111111111116,False,False,0.5261690027200016,0.029861111111111116,True,True,-0.0013004066096217821,0.9989624259358497,True,False,0.1435605807660127,0.2318549763833074,True,False,8.235498253412404,False,False,opposite_direction
233,assignment_isolation,plus_one_randomisation,True,ok,59.5084145770826,3.4196855357122318,64.83146727336893,53.28154075803489,31.748109104805177,1.0,0.001,1.0,0.001,,,,,0,0,[],[],False,True,False,True,False,0.007071067811865475,0.007031170318813947,24,24,24,0,0.0,{},0.7935567010309279,0.6482954545454547,0.0,False,True,False,True,False,False,0.0,64.83146727336893,53.281540758034886,64.83146727336893,95.75,1.0921565077892963,0.009071498359359541,False,0.5003307332568792,False,0.04444444444444451,False,False,0.5329057746749365,0.04444444444444451,True,True,0.0006999272951898796,0.9994415388630816,True,False,0.12796094360756244,0.18657911782695505,True,False,8.4076487420713,False,False,opposite_direction
234,assignment_isolation,plus_one_randomisation,True,ok,60.40173922268398,3.086967540291713,65.98684647497683,55.263159418447636,30.922025672425278,1.0,0.001,1.0,0.001,,,,,0,0,[],[],False,True,False,True,False,0.007071067811865475,0.007104590129568162,24,24,24,0,0.0,{},0.8079293602069579,0.6920411985018726,0.0,False,True,False,True,False,False,0.0,65.98684647497683,55.263159418447636,65.98684647497683,95.625,1.0741444601763541,0.04771645254322906,False,0.49635117447223154,False,0.02430555555555558,False,False,0.5467930153501079,0.02430555555555558,True,True,0.8861435566883132,0.37554017438393206,True,False,0.13338260291961568,0.05803036290981785,True,False,9.935369405146963,False,False,opposite_direction
235,assignment_isolation,plus_one_randomisation,True,ok,69.29627610784168,4.601110024358778,77.62726038969465,61.972604132708206,32.401439873649295,1.0,0.001,1.0,0.001,,,,,0,0,[],[],False,True,False,True,False,0.007071067811865475,0.007030797197721818,24,24,24,0,0.0,{},0.7984787234042554,0.6552325581395348,0.0,False,True,False,True,False,False,0.0,77.62726038969465,61.972604132708206,77.62726038969465,95.70833333333333,1.114329844360007,0.014890339708697317,False,0.5195062175526415,False,0.018402777777777768,False,False,0.5906792416089521,0.018402777777777768,True,True,-0.6164769545551135,0.5375797772690749,True,False,0.1861303411363463,0.02777232618742594,True,False,8.566296012512629,False,False,opposite_direction
236,assignment_isolation,plus_one_randomisation,True,ok,60.138220481537054,2.7246830903581043,65.12867780089383,55.82409864206829,31.146657479612678,1.0,0.001,1.0,0.001,,,,,0,0,[],[],False,True,False,True,False,0.007071067811865475,0.00707225757559396,24,24,24,0,0.0,{},0.8030585106382978,0.6537306201550389,0.0,False,True,False,True,False,False,0.0,65.12867780089383,55.82409864206829,65.12867780089383,94.41666666666667,1.0701973043771273,0.014643034900776248,False,0.5346680009199541,False,0.021180555555555536,False,False,0.5464890160881366,0.021180555555555536,True,True,0.14883340070657505,0.8816850942030592,True,False,0.15385100192620635,0.028091828711447428,True,False,8.563709851962214,False,False,opposite_direction
237,assignment_isolation,plus_one_randomisation,True,ok,58.873883725019574,3.2724743304662107,63.87799910777523,52.9728678311412,31.11113009910318,1.0,0.001,1.0,0.001,,,,,0,0,[],[],False,True,False,True,False,0.007071067811865475,0.007014691764795865,24,24,24,0,0.0,{},0.7829966329966329,0.7164794007490637,0.0,False,True,False,True,False,False,0.0,63.87799910777523,52.9728678311412,63.87799910777523,96.45833333333333,1.0716778643860772,0.015073248408677414,False,0.5072914123106647,False,0.03298611111111105,False,False,0.5365229230786414,0.03298611111111105,True,True,1.3780673074031091,0.1681825081525946,True,False,0.251432534452272,0.060133969564668634,True,False,8.576860514990933,False,False,opposite_direction
238,assignment_isolation,plus_one_randomisation,True,ok,59.378458293958005,3.8279650366563955,65.78398475213153,52.7469999039148,31.362627688648693,1.0,0.001,1.0,0.001,,,,,0,0,[],[],False,True,False,True,False,0.007071067811865475,0.007067760583065155,24,24,24,0,0.0,{},0.8173717038361735,0.7120923913043475,0.0,False,True,False,True,False,False,0.0,65.78398475213153,52.7469999039148,65.78398475213153,97.20833333333333,1.0927379471622827,0.01234619345156189,False,0.5036912332139242,False,0.018402777777777768,False,False,0.5317077906010951,0.018402777777777768,True,True,0.420517518691086,0.6741074342771303,True,False,0.17680233903780077,0.27767639188190035,True,False,9.651319802369663,False,False,opposite_direction
239,assignment_isolation,plus_one_randomisation,True,ok,62.201321133842555,4.106159350202227,69.57061940385141,55.219761613324074,31.648989608414738,1.0,0.001,1.0,0.001,,,,,0,0,[],[],False,True,False,True,False,0.007071067811865475,0.007067818343837561,24,24,24,0,0.0,{},0.8088035324982448,0.7164814814814814,0.0,False,True,False,True,False,False,0.0,69.57061940385141,55.219761613324074,69.57061940385141,96.08333333333333,1.0963248633701463,0.021136443100274405,False,0.5368338122982261,False,0.010069444444444353,False,False,0.5507160501627649,0.010069444444444353,True,True,0.3678738557096802,0.7129672954494736,True,False,0.13404645542962132,0.3005718117219201,True,False,8.458170466721414,False,False,opposite_direction
240,assignment_isolation,plus_one_randomisation,True,ok,57.1129862039162,3.483503595312918,63.32841535141271,51.38031353483372,30.648313020395513,1.0,0.001,1.0,0.001,,,,,0,0,[],[],False,True,False,True,False,0.007071067811865475,0.007037477711347265,24,24,24,0,0.0,{},0.7997402545103094,0.6731646825396824,0.0,False,True,False,True,False,False,0.0,63.32841535141271,51.380313534833725,63.32841535141271,95.625,1.0545795256683008,0.00915413430852285,False,0.5108840673797187,False,0.015625,False,False,0.5302289825282229,0.015625,True,True,0.7290554438328638,0.4659677481255575,True,False,0.12177451466186484,0.18002684909586059,True,False,8.019241087057392,False,False,opposite_direction
241,assignment_isolation,plus_one_randomisation,True,ok,59.762294579800816,4.17396681819675,67.53591254581058,53.078657263678934,31.556615209657643,1.0,0.001,1.0,0.001,,,,,0,0,[],[],False,True,False,True,False,0.007071067811865475,0.007068601724969734,24,24,24,0,0.0,{},0.8077918729372937,0.6670411985018726,0.0,False,True,False,True,False,False,0.0,67.53591254581058,53.078657263678934,67.53591254581058,96.16666666666667,1.0937201473628706,0.03570909851785745,False,0.5019783423700296,False,0.0215277777777777,False,False,0.5341513632843604,0.0215277777777777,True,True,-0.4701771228225148,0.6382284773171849,True,False,0.07987569175369123,0.5087169155190334,True,False,10.06217915440801,False,False,opposite_direction
242,assignment_isolation,plus_one_randomisation,True,ok,63.96671185792271,3.393275782767318,70.9421624264107,58.74473005767196,31.598862894578538,1.0,0.001,1.0,0.001,,,,,0,0,[],[],False,True,False,True,False,0.007071067811865475,0.0070536228713466995,24,24,24,0,0.0,{},0.7999554252479022,0.7184065934065936,0.0,False,True,False,True,False,False,0.0,70.9421624264107,58.74473005767195,70.9421624264107,96.125,1.0926268567443307,0.0038706756277476985,False,0.5191059484802506,False,0.007638888888888862,False,False,0.5644750991948649,0.007638888888888862,True,True,-0.7326230657911522,0.46378835893916814,True,False,0.20796310036935803,0.0360689171052658,True,False,8.826201699700215,False,False,opposite_direction
243,assignment_isolation,plus_one_randomisation,True,ok,56.2141624296655,3.440711025558827,61.39553535404798,50.311958383439475,30.90461168186011,1.0,0.001,1.0,0.001,,,,,0,0,[],[],False,True,False,True,False,0.007071067811865475,0.007065767156769804,24,24,24,0,0.0,{},0.8113721941946334,0.7248084291187741,0.0,False,True,False,True,False,False,0.0,61.39553535404798,50.311958383439475,61.39553535404798,96.91666666666667,1.0748598765949833,0.003980926218983133,False,0.5107462990228008,False,0.025694444444444464,False,False,0.5148538300818813,0.025694444444444464,True,True,-1.02609082846508,0.30484877299280233,True,False,0.25200113924950707,0.03111574548771836,True,False,7.970596521963113,False,False,opposite_direction
244,assignment_isolation,plus_one_randomisation,True,ok,58.518490324899794,3.2408187444128282,63.46958860737566,51.90718323303415,31.755611225534786,1.0,0.001,1.0,0.001,,,,,0,0,[],[],False,True,False,True,False,0.007071067811865475,0.0070311581721758205,24,24,24,0,0.0,{},0.7991281702898549,0.6914794007490636,0.0,False,True,False,True,False,False,0.0,63.46958860737566,51.90718323303415,63.46958860737566,97.0,1.0995202082211721,0.013818533522490373,False,0.5419574812414375,False,0.02013888888888893,False,False,0.52255350024046,0.02013888888888893,True,True,-0.6919983856103227,0.4889383428193632,True,False,0.2050975473066129,0.11514226737995166,True,False,8.265479435758008,False,False,opposite_direction
245,assignment_isolation,plus_one_randomisation,True,ok,58.65969345717062,3.4917150720153862,65.21462318222936,53.032532661275006,31.44276679556689,1.0,0.001,1.0,0.001,,,,,0,0,[],[],False,True,False,True,False,0.007071067811865475,0.007093129358545256,24,24,24,0,0.0,{},0.8075486111111112,0.713095238095238,0.0,False,True,False,True,False,False,0.0,65.21462318222936,53.032532661275006,65.21462318222936,95.625,1.090471609760359,0.011908138102552394,False,0.5166283514102601,False,0.02083333333333337,False,False,0.5272559050124289,0.02083333333333337,True,True,-0.5838453811105284,0.5593243430566268,True,False,0.08264518151155419,0.15843764672507082,True,False,8.257806695899271,False,False,opposite_direction
246,assignment_isolation,plus_one_randomisation,True,ok,59.410472359265015,4.014607053157236,66.07834343639134,52.708518864468246,30.89157777934505,1.0,0.001,1.0,0.001,,,,,0,0,[],[],False,True,False,True,False,0.007071067811865475,0.007059313770337414,24,24,24,0,0.0,{},0.793189964157706,0.6983333333333334,0.0,False,True,False,True,False,False,0.0,66.07834343639134,52.70851886446824,66.07834343639134,95.625,1.0662481839600177,0.039689844785376904,False,0.4849972527996586,False,0.02083333333333337,False,False,0.5427569375759557,0.02083333333333337,True,True,-1.7004531055639331,0.08904573001590198,True,False,0.10144756468295732,0.23817816576627007,True,False,7.949520604173987,False,False,opposite_direction
247,assignment_isolation,plus_one_randomisation,True,ok,63.81323658086558,4.712899464781784,72.46861185957343,56.40462104383694,31.483056569204024,1.0,0.001,1.0,0.001,,,,,0,0,[],[],False,True,False,True,False,0.007071067811865475,0.007096089029295955,24,24,24,0,0.0,{},0.8121026295133438,0.7420833333333333,0.0,False,True,False,True,False,False,0.0,72.46861185957343,56.40462104383695,72.46861185957343,96.375,1.0965997567445303,0.015398308015137599,False,0.5247479251355992,False,0.021527777777777812,False,False,0.5618346491804772,0.021527777777777812,True,True,0.12209267515235604,0.90282562286199,True,False,0.14042826411025336,0.14591316145521502,True,False,9.424914601171045,False,False,opposite_direction
248,assignment_isolation,plus_one_randomisation,True,ok,64.94159476650742,3.427710369382822,70.13846215865809,58.57419203010764,32.47373070220725,1.0,0.001,1.0,0.001,,,,,0,0,[],[],False,True,False,True,False,0.007071067811865475,0.00704784052552331,24,24,24,0,0.0,{},0.7957465277777778,0.7029411764705881,0.0,False,True,False,True,False,False,0.0,70.13846215865809,58.57419203010764,70.13846215865809,95.75,1.1197669601521916,0.009475504125282586,False,0.5252671923776552,False,0.02013888888888893,False,False,0.5603543244235188,0.02013888888888893,True,True,0.21651954398099463,0.828582792561034,True,False,0.14665749365931013,0.23242656720079916,True,False,8.564657100662673,False,False,opposite_direction
249,assignment_isolation,plus_one_randomisation,True,ok,60.85349779861233,2.548155843354986,64.78685404019738,56.10619486683863,31.96572823853816,1.0,0.001,1.0,0.001,,,,,0,0,[],[],False,True,False,True,False,0.007071067811865475,0.0070079792856902355,24,24,24,0,0.0,{},0.7892253744932316,0.6826086956521737,0.0,False,True,False,True,False,False,0.0,64.78685404019738,56.10619486683863,64.78685404019738,96.54166666666667,1.1005374172708797,0.010269275833789344,False,0.5194055167436931,False,0.03020833333333328,False,False,0.5393860175173834,0.03020833333333328,True,True,0.8385218544244846,0.40173767888192446,True,False,0.11486701001576242,0.3687591746724607,True,False,7.688550149073538,False,False,opposite_direction
250,assignment_isolation,plus_one_randomisation,True,ok,62.39486418739225,4.176396542181444,70.50903818023603,55.6982805498796,31.92520594568702,1.0,0.001,1.0,0.001,,,,,0,0,[],[],False,True,False,True,False,0.007071067811865475,0.007044892108052804,24,24,24,0,0.0,{},0.8024061426116837,0.7185648148148147,0.0,False,True,False,True,False,False,0.0,70.50903818023603,55.6982805498796,70.50903818023603,96.625,1.1054085302545409,0.00035086769112146235,False,0.5193449886428597,False,0.031597222222222276,False,False,0.5484536427083073,0.031597222222222276,True,True,-1.6881407677864217,0.09138421023444131,True,False,0.20690909331140764,0.03882202228672987,True,False,9.05621743329863,False,False,opposite_direction
251,assignment_isolation,plus_one_randomisation,True,ok,62.332889624882995,2.9055437698277755,67.04351032453158,57.378572629368946,31.04744653065064,1.0,0.001,1.0,0.001,,,,,0,0,[],[],False,True,False,True,False,0.007071067811865475,0.0070554822350954935,24,24,24,0,0.0,{},0.80708089668616,0.6919540229885057,0.0,False,True,False,True,False,False,0.0,67.04351032453158,57.37857262936895,67.04351032453158,97.0,1.0787193322055602,0.007202345543475914,False,0.5116818449697909,False,0.012847222222222232,False,False,0.5587528039198338,0.012847222222222232,True,True,-0.136269283121674,0.8916084058565109,True,False,0.158615896568311,0.06388041183603196,True,False,9.893595937210518,False,False,opposite_direction
252,assignment_isolation,plus_one_randomisation,True,ok,62.04064246995224,3.2016740258223435,67.85723277235961,56.576816137526365,31.708995894712327,1.0,0.001,1.0,0.001,,,,,0,0,[],[],False,True,False,True,False,0.007071067811865475,0.007029993873646079,24,24,24,0,0.0,{},0.7914913742233329,0.6658634538152611,0.0,False,True,False,True,False,False,0.0,67.85723277235961,56.57681613752637,67.85723277235961,95.58333333333333,1.0896788625136362,0.006794721152634978,False,0.5052451320316713,False,0.031597222222222276,False,False,0.5522518133885794,0.031597222222222276,True,True,-1.0325290202824584,0.301824360011557,True,False,0.15863869826031363,0.01577003103729207,True,False,8.91546136150947,False,False,opposite_direction
253,assignment_isolation,plus_one_randomisation,True,ok,60.15153269893381,4.315492262169734,67.60927876501279,52.923001332544075,31.39218762919161,1.0,0.001,1.0,0.001,,,,,0,0,[],[],False,True,False,True,False,0.007071067811865475,0.007029327547831853,24,24,24,0,0.0,{},0.7982508977180586,0.6664794007490638,0.0,False,True,False,True,False,False,0.0,67.60927876501279,52.92300133254408,67.60927876501279,95.54166666666667,1.078454366185826,0.025655592798003987,False,0.5130563215335036,False,0.023611111111111138,False,False,0.5432032670134362,0.023611111111111138,True,True,-1.0598528602808164,0.28921154418375816,True,False,0.21314679090970254,0.07727230462391829,True,False,9.139249814797607,False,False,opposite_direction
254,assignment_isolation,plus_one_randomisation,True,ok,54.85345150671264,3.0455827862510154,60.26242931759491,50.08847526084656,31.52748579455187,1.0,0.001,1.0,0.001,,,,,0,0,[],[],False,True,False,True,False,0.007071067811865475,0.007086299725087881,24,24,24,0,0.0,{},0.8088902711050103,0.7181034482758618,0.0,False,True,False,True,False,False,0.0,60.2624293175949,50.08847526084656,60.2624293175949,95.95833333333333,1.0942592050171351,0.03081987923266493,False,0.5161335905238528,False,0.021527777777777812,False,False,0.49625290424574936,0.021527777777777812,True,True,1.3497216853137042,0.17710527371786688,True,False,0.10564916299847031,0.18813797953610337,True,False,7.815040662509793,False,False,opposite_direction
255,assignment_isolation,plus_one_randomisation,True,ok,52.886213933312895,3.1749061575438025,57.94045680681584,47.050394811357094,30.24517347680942,1.0,0.001,1.0,0.001,,,,,0,0,[],[],False,True,False,True,False,0.007071067811865475,0.00710526976108262,24,24,24,0,0.0,{},0.817603298611111,0.7333333333333332,0.0,False,True,False,True,False,False,0.0,57.94045680681584,47.0503948113571,57.94045680681584,98.125,1.064379472454116,0.03756521474586505,False,0.493152225562459,False,0.02430555555555547,False,False,0.49239112334112706,0.02430555555555547,True,True,1.1368647338590385,0.25559483679907424,True,False,0.1453285952492693,0.1379499512188479,True,False,8.5234331582398,False,False,opposite_direction
256,assignment_isolation,plus_one_randomisation,True,ok,57.348995401895856,4.768351795640694,65.86981348366393,49.42539684301519,31.987060901388613,1.0,0.001,1.0,0.001,,,,,0,0,[],[],False,True,False,True,False,0.007071067811865475,0.007095218717468288,24,24,24,0,0.0,{},0.8166666666666668,0.722069597069597,0.0,False,True,False,True,False,False,0.0,65.86981348366393,49.42539684301519,65.86981348366393,96.66666666666667,1.11570274274905,0.026570133983554393,False,0.5337089209969489,False,0.02256944444444442,False,False,0.5072465539503263,0.02256944444444442,True,True,0.674897789781574,0.49974070484825184,True,False,0.15693021170012597,0.09896816848103611,True,False,8.680011589265472,False,False,opposite_direction
257,assignment_isolation,plus_one_randomisation,True,ok,61.779190605975295,3.7832159933942133,67.70598980192422,55.1506005215392,31.36242139661731,1.0,0.001,1.0,0.001,,,,,0,0,[],[],False,True,False,True,False,0.007071067811865475,0.007030506721622568,24,24,24,0,0.0,{},0.7915798611111112,0.668486590038314,0.0,False,True,False,True,False,False,0.0,67.70598980192422,55.1506005215392,67.70598980192422,95.91666666666667,1.0797252476458903,0.005303136716337442,False,0.5089131929336804,False,0.023611111111111027,False,False,0.5544278985951113,0.023611111111111027,True,True,-0.2721303190386205,0.7855218177097321,True,False,0.14011229174068612,0.27515450710751266,True,False,9.9888903227494,False,False,opposite_direction
258,assignment_isolation,plus_one_randomisation,True,ok,61.082550723992235,4.402391324570559,68.10250049963713,54.25579688010171,32.13511179892161,1.0,0.001,1.0,0.001,,,,,0,0,[],[],False,True,False,True,False,0.007071067811865475,0.007052353770970189,24,24,24,0,0.0,{},0.7927083333333333,0.713859649122807,0.0,False,True,False,True,False,False,0.0,68.10250049963713,54.25579688010171,68.10250049963713,95.375,1.1066268032388948,0.04038747904925794,False,0.5205269071785343,False,0.010069444444444464,False,False,0.5386102805593244,0.010069444444444464,True,True,-1.327296808201593,0.18441051927381913,True,False,0.14791704323908747,0.014509832358136743,True,False,9.070608415016935,False,False,opposite_direction
259,assignment_isolation,plus_one_randomisation,True,ok,52.89103639627103,4.157300604829789,60.170719669870664,46.17858303917682,30.767470124932125,1.0,0.001,1.0,0.001,,,,,0,0,[],[],False,True,False,True,False,0.007071067811865475,0.00704307645404126,24,24,24,0,0.0,{},0.8117900821944941,0.6784883720930233,0.0,False,True,False,True,False,False,0.0,60.170719669870664,46.17858303917682,60.170719669870664,96.91666666666667,1.066653662780906,0.028670621324580075,False,0.4835197655912518,False,0.036805555555555536,False,False,0.4914991859050785,0.036805555555555536,True,True,-2.945073408152161,0.003228780478435463,True,False,0.31919537211898247,0.019710014792985675,True,False,6.886900198143282,False,False,opposite_direction
260,assignment_isolation,plus_one_randomisation,True,ok,61.7809890254037,3.0237667447748007,66.81162636850905,57.01396472675262,31.238910794035213,1.0,0.001,1.0,0.001,,,,,0,0,[],[],False,True,False,True,False,0.007071067811865475,0.007068858273253198,24,24,24,0,0.0,{},0.8159561602418746,0.6819597069597069,0.0,False,True,False,True,False,False,0.0,66.81162636850905,57.01396472675262,66.81162636850905,96.45833333333333,1.084388837735703,0.05896777074853198,False,0.5006124316288335,False,0.00694444444444442,False,False,0.5525473300287643,0.00694444444444442,True,True,0.14429544387780646,0.885267175917305,True,False,0.12111460431014849,0.0718197168183148,True,False,9.156550916088749,False,False,opposite_direction
261,assignment_isolation,plus_one_randomisation,True,ok,61.772006491037985,4.4877887299390835,69.7524277163267,53.86694480235064,31.143065083202057,1.0,0.001,1.0,0.001,,,,,0,0,[],[],False,True,False,True,False,0.007071067811865475,0.007067419498632556,24,24,24,0,0.0,{},0.8122676244538076,0.6541176470588236,0.0,False,True,False,True,False,False,0.0,69.7524277163267,53.86694480235064,69.7524277163267,96.29166666666667,1.0799075561089762,0.006406344894138945,False,0.5237621053060368,False,0.022916666666666696,False,False,0.5543026750052434,0.022916666666666696,True,True,2.3483831524977434,0.018855114186820572,True,False,0.24133332424599344,0.013705157794069325,True,False,9.457833364381523,False,False,opposite_direction
262,assignment_isolation,plus_one_randomisation,True,ok,57.055920684487184,3.3063847198085163,64.12803198981675,51.74918488561562,30.72571453882295,1.0,0.001,1.0,0.001,,,,,0,0,[],[],False,True,False,True,False,0.007071067811865475,0.00709140054233495,24,24,24,0,0.0,{},0.7970099981135634,0.7388596491228071,0.0,False,True,False,True,False,False,0.0,64.12803198981675,51.74918488561562,64.12803198981675,95.33333333333333,1.0637177374773943,0.01492471272713885,False,0.4920975541296933,False,0.023611111111111027,False,False,0.5259865745662852,0.023611111111111027,True,True,1.1680519935560512,0.2427857929347299,True,False,0.15113159165716095,0.1485767286342913,True,False,10.621060190024535,False,False,opposite_direction
263,assignment_isolation,plus_one_randomisation,True,ok,57.11340886616583,3.0187207760172856,62.3036982941247,52.061965486407956,30.784681499508135,1.0,0.001,1.0,0.001,,,,,0,0,[],[],False,True,False,True,False,0.007071067811865475,0.0070630549181260075,24,24,24,0,0.0,{},0.7894765133216219,0.7204119850187267,0.0,False,True,False,True,False,False,0.0,62.3036982941247,52.061965486407956,62.3036982941247,95.29166666666667,1.0612671306891086,0.0030608610828403277,False,0.5083474954304359,False,0.027083333333333348,False,False,0.5274465931565998,0.027083333333333348,True,True,1.0027849889770928,0.3159646130238858,True,False,0.06415851603889099,0.33716060407515186,True,False,7.960742429312065,False,False,opposite_direction
264,assignment_isolation,plus_one_randomisation,True,ok,61.85306371724545,4.023581054377715,68.0383255853846,54.347368114472694,31.33419512190074,1.0,0.001,1.0,0.001,,,,,0,0,[],[],False,True,False,True,False,0.007071067811865475,0.007065391009138354,24,24,24,0,0.0,{},0.7931022448594605,0.7041193181818182,0.0,False,True,False,True,False,False,0.0,68.0383255853846,54.347368114472694,68.0383255853846,95.0,1.0789133125612458,0.005484029534735914,False,0.4995958348838254,False,0.00868055555555558,False,False,0.5552830009512132,0.00868055555555558,True,True,-1.3036980081085077,0.19233656885150663,True,False,0.13958581960298977,0.15953129691230392,True,False,9.436752367613765,False,False,opposite_direction
265,assignment_isolation,plus_one_randomisation,True,ok,65.72948551703102,3.641518604228428,71.5818317905605,59.274402455346525,31.612489234180206,1.0,0.001,1.0,0.001,,,,,0,0,[],[],False,True,False,True,False,0.007071067811865475,0.007038368266800934,24,24,24,0,0.0,{},0.8082474226804124,0.6625968992248059,0.0,False,True,False,True,False,False,0.0,71.5818317905605,59.274402455346525,71.5818317905605,96.91666666666667,1.0952163528732783,0.0013022728310557881,False,0.5077780955137762,False,0.029861111111111116,False,False,0.5753031716189382,0.029861111111111116,True,True,-0.7602850101900211,0.44708423996486,True,False,0.11460563835833817,0.23639291425613057,True,False,7.917415474558919,False,False,opposite_direction
266,assignment_isolation,plus_one_randomisation,True,ok,62.15414187028906,4.499148670685545,69.0827388002445,53.537533785567035,31.652056465278736,1.0,0.001,1.0,0.001,,,,,0,0,[],[],False,True,False,True,False,0.007071067811865475,0.007071670047582133,24,24,24,0,0.0,{},0.8053471444568869,0.7332859848484847,0.0,False,True,False,True,False,False,0.0,69.0827388002445,53.537533785567035,69.0827388002445,96.91666666666667,1.1017756235304448,0.03018362895369398,False,0.4994314928530386,False,0.014236111111111116,False,False,0.5482013199293888,0.014236111111111116,True,True,-1.1664399292814367,0.24343662257211784,True,False,0.2523599398977954,0.24717093457680916,True,False,9.493233062513626,False,False,opposite_direction
267,assignment_isolation,plus_one_randomisation,True,ok,53.813842761929145,3.5221986088547057,60.776343899478036,47.92127441849233,30.673191997323595,1.0,0.001,1.0,0.001,,,,,0,0,[],[],False,True,False,True,False,0.007071067811865475,0.00703410819754564,24,24,24,0,0.0,{},0.7794188596491228,0.6620370370370371,0.0,False,True,False,True,False,False,0.0,60.776343899478036,47.92127441849234,60.776343899478036,95.375,1.0535503535289565,0.01700616022751286,False,0.5067648040869334,False,0.035069444444444486,False,False,0.5044788498955068,0.035069444444444486,True,True,-1.2303537271610854,0.21856467315986872,True,False,0.3048986067204311,0.05077597807382482,True,False,8.151800210910906,False,False,opposite_direction
268,assignment_isolation,plus_one_randomisation,True,ok,59.14027320409858,4.508856200253519,66.62234284377928,51.678326792004825,31.296817173368517,1.0,0.001,1.0,0.001,,,,,0,0,[],[],False,True,False,True,False,0.007071067811865475,0.007050545423976573,24,24,24,0,0.0,{},0.8043169466403164,0.6957875457875458,0.0,False,True,False,True,False,False,0.0,66.62234284377928,51.67832679200482,66.62234284377928,96.20833333333333,1.082179338069904,0.00600580925079546,False,0.5015331652485623,False,0.020486111111111094,False,False,0.5342153255684403,0.020486111111111094,True,True,-1.6328502584713815,0.10250049381893186,True,False,0.1772063322869284,0.14785409586469359,True,False,6.819812968515225,False,False,opposite_direction
269,assignment_isolation,plus_one_randomisation,True,ok,59.4882454596563,3.6770272736107854,65.68644519130443,53.272984469981296,31.73353202704238,1.0,0.001,1.0,0.001,,,,,0,0,[],[],False,True,False,True,False,0.007071067811865475,0.007106707059250781,24,24,24,0,0.0,{},0.8113918439716312,0.7041182170542636,0.0,False,True,False,True,False,False,0.0,65.68644519130443,53.2729844699813,65.68644519130443,95.66666666666667,1.1029025791485256,0.037964906192146035,False,0.5023426227208653,False,0.030902777777777724,False,False,0.5284415853986119,0.030902777777777724,True,True,0.22057945322992337,0.8254199009606825,True,False,0.101271785558942,0.3254277655806067,True,False,8.269874675731346,False,False,opposite_direction
270,assignment_isolation,plus_one_randomisation,True,ok,59.0710757682073,5.127235311611352,67.24363391681379,51.0475349477023,31.709358816103993,1.0,0.001,1.0,0.001,,,,,0,0,[],[],False,True,False,True,False,0.007071067811865475,0.007056852582408648,24,24,24,0,0.0,{},0.7999158249158249,0.7242592592592594,0.0,False,True,False,True,False,False,0.0,67.24363391681379,51.0475349477023,67.24363391681379,96.83333333333333,1.1009838560206946,0.008127291057079721,False,0.5276183055700494,False,0.012499999999999956,False,False,0.5261079247259107,0.012499999999999956,True,True,-1.578652056306992,0.11441588738062672,True,False,0.15979584118764298,0.14050547882217643,True,False,8.426518473225917,False,False,opposite_direction
271,assignment_isolation,plus_one_randomisation,True,ok,63.202847371812595,3.8216534578649055,68.84641688168713,54.58243372594037,31.4886625258772,1.0,0.001,1.0,0.001,,,,,0,0,[],[],False,True,False,True,False,0.007071067811865475,0.00705165805881683,24,24,24,0,0.0,{},0.8001627532733522,0.7414855072463769,0.0,False,True,False,True,False,False,0.0,68.84641688168713,54.58243372594037,68.84641688168713,96.0,1.0878050737685596,0.001161289202101234,False,0.5372452643364054,False,0.017013888888888884,False,False,0.5611516982655956,0.017013888888888884,True,True,1.1518392288495252,0.24938714441157095,True,False,0.23842763807161987,0.02289946712493966,True,False,9.958135060550143,False,False,opposite_direction
272,assignment_isolation,plus_one_randomisation,True,ok,63.13085732677757,3.5394034836857853,69.7020564649695,57.782280750152616,30.93948869536419,1.0,0.001,1.0,0.001,,,,,0,0,[],[],False,True,False,True,False,0.007071067811865475,0.007084146364877472,24,24,24,0,0.0,{},0.8168827570921985,0.7041208791208792,0.0,False,True,False,True,False,False,0.0,69.7020564649695,57.782280750152616,69.7020564649695,95.75,1.0723586356200756,0.007390889952679186,False,0.5173276234871031,False,0.02499999999999991,False,False,0.566911104189883,0.02499999999999991,True,True,1.0687021565348538,0.28520389949484715,True,False,0.12705114483511884,0.20471364106203765,True,False,10.157234823154953,False,False,opposite_direction
273,assignment_isolation,plus_one_randomisation,True,ok,56.8947798877723,4.090744379076914,63.508284579675276,49.716093791601814,31.620712571255165,1.0,0.001,1.0,0.001,,,,,0,0,[],[],False,True,False,True,False,0.007071067811865475,0.007077675794852938,24,24,24,0,0.0,{},0.7989401338397539,0.7120967741935486,0.0,False,True,False,True,False,False,0.0,63.50828457967528,49.716093791601814,63.50828457967528,96.375,1.098536566150107,0.005558843956759925,False,0.5175850352620508,False,0.026736111111111183,False,False,0.5105649415556541,0.026736111111111183,True,True,-0.35401167689675755,0.7233301322983217,True,False,0.1321863070031018,0.1432639499799588,True,False,10.648203455315326,False,False,opposite_direction
274,assignment_isolation,plus_one_randomisation,True,ok,58.76954140513524,4.11820234084614,65.9883793799527,51.107967643736686,31.887724283548764,1.0,0.001,1.0,0.001,,,,,0,0,[],[],False,True,False,True,False,0.007071067811865475,0.007042059174448813,24,24,24,0,0.0,{},0.7940357590404583,0.6914794007490636,0.0,False,True,False,True,False,False,0.0,65.9883793799527,51.107967643736686,65.9883793799527,95.66666666666667,1.0981799788372304,0.007805807256022211,False,0.5259274644776979,False,0.017013888888888884,False,False,0.5249766181147567,0.017013888888888884,True,True,1.3419274566515897,0.17961951820975985,True,False,0.16622951806757955,0.09797680805161989,True,False,9.92860326714751,False,False,opposite_direction
275,assignment_isolation,plus_one_randomisation,True,ok,61.90995923021823,2.737393543362917,66.37435505457711,57.532495891541835,31.478219750800196,1.0,0.001,1.0,0.001,,,,,0,0,[],[],False,True,False,True,False,0.007071067811865475,0.007082512922913861,24,24,24,0,0.0,{},0.8060586734693878,0.66203125,0.0,False,True,False,True,False,False,0.0,66.37435505457711,57.532495891541835,66.37435505457711,95.25,1.0879277010716133,0.0013946982487609463,False,0.49156138066762634,False,0.013541666666666674,False,False,0.5520319477308643,0.013541666666666674,True,True,0.9876062958665485,0.32334550169384024,True,False,0.19500018151799953,0.31183548217724216,True,False,9.892983125688396,False,False,opposite_direction
276,assignment_isolation,plus_one_randomisation,True,ok,57.548545893908205,4.111289570252828,64.35683237035795,50.51021995204922,31.377688064260962,1.0,0.001,1.0,0.001,,,,,0,0,[],[],False,True,False,True,False,0.007071067811865475,0.007078381152121179,24,24,24,0,0.0,{},0.8117239278752437,0.7287037037037036,0.0,False,True,False,True,False,False,0.0,64.35683237035795,50.51021995204922,64.35683237035795,96.29166666666667,1.0897308403500372,0.0027023944947195265,False,0.5064839130698742,False,0.008333333333333304,False,False,0.5191315105082712,0.008333333333333304,True,True,0.9417814435945262,0.3463045475307164,True,False,0.12375743424670108,0.06083571932716605,True,False,10.224977577977539,False,False,opposite_direction
277,assignment_isolation,plus_one_randomisation,True,ok,58.414376804330026,5.104663622488128,67.72176824514007,49.18753706159013,31.95763728780536,1.0,0.001,1.0,0.001,,,,,0,0,[],[],False,True,False,True,False,0.007071067811865475,0.007096906392618916,24,24,24,0,0.0,{},0.8220588235294117,0.689942528735632,0.0,False,True,False,True,False,False,0.0,67.72176824514007,49.18753706159013,67.72176824514007,97.29166666666667,1.1185401203439542,0.015638400401780682,False,0.5125668588414324,False,0.03298611111111105,False,False,0.5142200455771476,0.03298611111111105,True,True,0.20241577295955945,0.8395916985748607,True,False,0.11021039704270419,0.32979457540308726,True,False,7.760849142728938,False,False,opposite_direction
278,assignment_isolation,plus_one_randomisation,True,ok,56.7273209127547,3.0676510019782954,62.036259041255825,51.15668903255475,30.48764565798473,1.0,0.001,1.0,0.001,,,,,0,0,[],[],False,True,False,True,False,0.007071067811865475,0.007055152010796038,24,24,24,0,0.0,{},0.79921875,0.7492831541218634,0.0,False,True,False,True,False,False,0.0,62.036259041255825,51.156689032554745,62.036259041255825,96.95833333333333,1.05899238908181,0.030175797822987935,False,0.5132219993607012,False,0.023263888888888862,False,False,0.5254033560844594,0.023263888888888862,True,True,0.25105649075244796,0.801770434094376,True,False,0.2221824916017051,0.056803739213278394,True,False,8.584210317875845,False,False,opposite_direction
279,assignment_isolation,plus_one_randomisation,True,ok,51.786657127659815,3.6832129742893507,57.80272026188846,45.75160346795443,30.26004208639611,1.0,0.001,1.0,0.001,,,,,0,0,[],[],False,True,False,True,False,0.007071067811865475,0.007070036448597051,24,24,24,0,0.0,{},0.8019982269503545,0.7137037037037038,0.0,False,True,False,True,False,False,0.0,57.80272026188846,45.75160346795443,57.80272026188846,95.625,1.0460366685467253,0.017715963937198733,False,0.5080100884633328,False,0.04861111111111116,False,False,0.4908082005019532,0.04861111111111116,True,True,0.8668729368325498,0.38601163329376675,True,False,0.14172091160108638,0.06988697877624894,True,False,9.045210299810236,False,False,opposite_direction
280,assignment_isolation,plus_one_randomisation,True,ok,65.4366609969411,3.304457021953466,71.05257206554113,59.495830487877214,31.90361137633297,1.0,0.001,1.0,0.001,,,,,0,0,[],[],False,True,False,True,False,0.007071067811865475,0.007077284165626986,24,24,24,0,0.0,{},0.799123720760234,0.6983146067415731,0.0,False,True,False,True,False,False,0.0,71.05257206554113,59.495830487877214,71.05257206554113,94.95833333333333,1.1001275133013177,0.009057232250990612,False,0.5174571687759121,False,0.032638888888888884,False,False,0.5714103331806227,0.032638888888888884,True,True,1.0123992426094415,0.31134720035041985,True,False,0.26275089820449576,0.02709096415539433,True,False,10.43039350939796,False,False,opposite_direction
281,assignment_isolation,plus_one_randomisation,True,ok,62.48530300136438,4.4114075124451375,69.76582170398659,54.41706379270987,31.842407515871546,1.0,0.001,1.0,0.001,,,,,0,0,[],[],False,True,False,True,False,0.007071067811865475,0.007080908183557134,24,24,24,0,0.0,{},0.7853937728937729,0.7352807971014494,0.0,False,True,False,True,False,False,0.0,69.76582170398659,54.41706379270986,69.76582170398659,95.16666666666667,1.0997837347673303,0.021390954529185904,False,0.5150296996345572,False,0.017708333333333326,False,False,0.5513337463236754,0.017708333333333326,True,True,-0.03843924927416551,0.9693374676975551,True,False,0.16671502638960964,0.021733318582803696,True,False,9.800533039844302,False,False,opposite_direction
282,assignment_isolation,plus_one_randomisation,True,ok,60.7177110515481,3.057748760840621,65.34798096912331,53.88064580230157,32.127757912565144,1.0,0.001,1.0,0.001,,,,,0,0,[],[],False,True,False,True,False,0.007071067811865475,0.0070537481824381725,24,24,24,0,0.0,{},0.7910190369540873,0.701846590909091,0.0,False,True,False,True,False,False,0.0,65.34798096912331,53.88064580230158,65.34798096912331,95.625,1.108041683503766,0.010080893787766988,False,0.5085949251090731,False,0.02083333333333337,False,False,0.5354077485602482,0.02083333333333337,True,True,-0.3762822538788238,0.7067070708791553,True,False,0.20702122447628443,0.015616532760156265,True,False,8.735590087919071,False,False,opposite_direction
283,assignment_isolation,plus_one_randomisation,True,ok,63.04258228551521,4.502672090038111,70.6212549555153,54.62201652578872,31.5129883026816,1.0,0.001,1.0,0.001,,,,,0,0,[],[],False,True,False,True,False,0.007071067811865475,0.007038052203439816,24,24,24,0,0.0,{},0.7813002473716759,0.712087912087912,0.0,False,True,False,True,False,False,0.0,70.6212549555153,54.62201652578872,70.6212549555153,95.95833333333333,1.0863091172396062,0.008056860239036814,False,0.5298008669428725,False,0.014583333333333393,False,False,0.5606421892510907,0.014583333333333393,True,True,0.7617235187776442,0.4462250354155122,True,False,0.10425216019410194,0.2283311106245842,True,False,9.071127603202804,False,False,opposite_direction
284,assignment_isolation,plus_one_randomisation,True,ok,57.20963476229465,3.3612474909147747,62.55117644684649,51.718166158929364,31.84792930984027,1.0,0.001,1.0,0.001,,,,,0,0,[],[],False,True,False,True,False,0.007071067811865475,0.0070027613528582154,24,24,24,0,0.0,{},0.7913120567375886,0.7129213483146067,0.0,False,True,False,True,False,False,0.0,62.55117644684649,51.718166158929364,62.55117644684649,96.83333333333333,1.097319184909724,0.00487704348833341,False,0.4920164227400797,False,0.032638888888888884,False,False,0.5134787308150982,0.032638888888888884,True,True,-0.0677084248945587,0.9460177426086711,True,False,0.12047307831837631,0.43710668221726806,True,False,8.622790750777458,False,False,opposite_direction
285,assignment_isolation,plus_one_randomisation,True,ok,54.968144919621636,3.053500412386956,59.7301901097785,49.64640621536619,30.351244837419536,1.0,0.001,1.0,0.001,,,,,0,0,[],[],False,True,False,True,False,0.007071067811865475,0.007112529458468155,24,24,24,0,0.0,{},0.8124576977255549,0.7399224806201551,0.0,False,True,False,True,False,False,0.0,59.7301901097785,49.64640621536619,59.7301901097785,96.70833333333333,1.061457328787323,0.036634638706535876,False,0.500310820972373,False,0.019444444444444375,False,False,0.5105149874444967,0.019444444444444375,True,True,-0.0066097776432510625,0.994726198869462,True,False,0.19342662470953992,0.059203121771175996,True,False,7.3985950812628545,False,False,opposite_direction
286,assignment_isolation,plus_one_randomisation,True,ok,58.736676466617816,3.9269161589663057,65.69831856299379,52.36243300402634,31.29504848455059,1.0,0.001,1.0,0.001,,,,,0,0,[],[],False,True,False,True,False,0.007071067811865475,0.0071159346742159435,24,24,24,0,0.0,{},0.8058774214181286,0.7000000000000001,0.0,False,True,False,True,False,False,0.0,65.69831856299379,52.36243300402634,65.69831856299379,95.375,1.0874138522757468,0.011940974426877008,False,0.5197484325451864,False,0.025694444444444464,False,False,0.5290711883361383,0.025694444444444464,True,True,-0.27575931780015334,0.7827329322339076,True,False,0.17853213311485533,0.009627680086818847,True,False,10.537723892219704,False,False,opposite_direction
287,assignment_isolation,plus_one_randomisation,True,ok,53.84998962164184,3.3070652289678892,58.96065571589031,47.975112937872716,31.401938408680284,1.0,0.001,1.0,0.001,,,,,0,0,[],[],False,True,False,True,False,0.007071067811865475,0.007061642669282393,24,24,24,0,0.0,{},0.7864364035087719,0.7245519713261648,0.0,False,True,False,True,False,False,0.0,58.96065571589031,47.975112937872716,58.96065571589031,95.04166666666667,1.0809092200075847,0.017926602368590613,False,0.5165578585018579,False,0.030902777777777724,False,False,0.4935480454567481,0.030902777777777724,True,True,-1.0601320750358656,0.2890845174140818,True,False,0.1273862556391951,0.4777883848534461,True,False,8.977997284587302,False,False,opposite_direction
288,assignment_isolation,plus_one_randomisation,True,ok,55.78073586577788,3.3613220274833933,61.23138664824935,49.83351471574438,31.622457921746637,1.0,0.001,1.0,0.001,,,,,0,0,[],[],False,True,False,True,False,0.007071067811865475,0.007049460609618201,24,24,24,0,0.0,{},0.7828178694158076,0.7331541218637991,0.0,False,True,False,True,False,False,0.0,61.23138664824935,49.83351471574438,61.23138664824935,96.04166666666667,1.092323708247541,0.024372429817342837,False,0.47783366352263695,False,0.02256944444444442,False,False,0.5043719449563023,0.02256944444444442,True,True,-1.2115944766134432,0.22566764991783062,True,False,0.11457928241902124,0.2148755063909433,True,False,8.000184906857667,False,False,opposite_direction
289,assignment_isolation,plus_one_randomisation,True,ok,62.43021942672842,3.7161848868274343,68.3405510956179,55.562282543662604,31.90536778880407,1.0,0.001,1.0,0.001,,,,,0,0,[],[],False,True,False,True,False,0.007071067811865475,0.007002483169899941,24,24,24,0,0.0,{},0.7758757145673172,0.6481707317073171,0.0,False,True,False,True,False,False,0.0,68.3405510956179,55.562282543662604,68.3405510956179,95.125,1.0895148856466035,0.007465313842821157,False,0.4986104437748687,False,0.05798611111111107,False,False,0.5550676854117097,0.05798611111111107,True,True,0.15287651962092716,0.8784956528568936,True,False,0.28813537697275404,0.03512227571484588,True,False,9.024043801459547,False,False,opposite_direction
290,assignment_isolation,plus_one_randomisation,True,ok,66.96363082596936,4.30811012483715,74.37295646680931,59.17099331944147,32.25221534766562,1.0,0.001,1.0,0.001,,,,,0,0,[],[],False,True,False,True,False,0.007071067811865475,0.0070413755958864295,24,24,24,0,0.0,{},0.7957456140350879,0.680392156862745,0.0,False,True,False,True,False,False,0.0,74.37295646680931,59.17099331944147,74.37295646680931,95.70833333333333,1.110866685810224,0.002652053855213115,False,0.5116398553576852,False,0.014583333333333282,False,False,0.5772217453676317,0.014583333333333282,True,True,-0.957029100674449,0.3385525669955578,True,False,0.09825539048815707,0.22225370149371906,True,False,9.412721114513875,False,False,opposite_direction
291,assignment_isolation,plus_one_randomisation,True,ok,59.45128283418475,3.181252832907753,64.73069767563503,53.89612958603075,30.74920512825443,1.0,0.001,1.0,0.001,,,,,0,0,[],[],False,True,False,True,False,0.007071067811865475,0.007069862389388568,24,24,24,0,0.0,{},0.8098055383769671,0.7037634408602151,0.0,False,True,False,True,False,False,0.0,64.73069767563503,53.89612958603075,64.73069767563503,96.08333333333333,1.0654642672167136,0.006934610543973974,False,0.5020989954996339,False,0.010763888888888906,False,False,0.5433831352578643,0.010763888888888906,True,True,0.23547651110887313,0.8138389077638135,True,False,0.1631145187438761,0.3165814083213533,True,False,11.896726547029042,False,False,opposite_direction
292,assignment_isolation,plus_one_randomisation,True,ok,65.72975293750757,3.821328652467044,72.74916445527265,59.95946155135679,31.57550497446588,1.0,0.001,1.0,0.001,,,,,0,0,[],[],False,True,False,True,False,0.007071067811865475,0.007073151099958356,24,24,24,0,0.0,{},0.8083436426116837,0.7541218637992833,0.0,False,True,False,True,False,False,0.0,72.74916445527265,59.95946155135679,72.74916445527265,96.95833333333333,1.099577426918517,0.007152529437863995,False,0.5210140880242473,False,0.01805555555555549,False,False,0.5735754290745533,0.01805555555555549,True,True,0.6803686131170806,0.4962710895646052,True,False,0.2256058927752126,0.041430348287742655,True,False,10.133892558055264,False,False,opposite_direction
293,assignment_isolation,plus_one_randomisation,True,ok,68.03043119960684,4.0152644453681114,75.54960786377548,61.88296832339954,32.446954837874195,1.0,0.001,1.0,0.001,,,,,0,0,[],[],False,True,False,True,False,0.007071067811865475,0.0070427188922136605,24,24,24,0,0.0,{},0.783863160648875,0.6510162601626016,0.0,False,True,False,True,False,False,0.0,75.54960786377548,61.88296832339953,75.54960786377548,95.29166666666667,1.1153515216342862,0.004106508691871078,False,0.5270431243902609,False,0.023611111111111138,False,False,0.5823290005179621,0.023611111111111138,True,True,2.4764025420636098,0.013271385219854796,True,False,0.25494802525595806,0.03264274681097769,True,False,10.535125993451132,False,False,opposite_direction
294,assignment_isolation,plus_one_randomisation,True,ok,58.67295632703667,3.7304939995027255,64.58109256909262,51.05973914601608,31.247278090162187,1.0,0.001,1.0,0.001,,,,,0,0,[],[],False,True,False,True,False,0.007071067811865475,0.007086531482976685,24,24,24,0,0.0,{},0.8117825791932933,0.7374537037037039,0.0,False,True,False,True,False,False,0.0,64.58109256909262,51.05973914601608,64.58109256909262,97.625,1.0939474018500197,0.0022390321048012442,False,0.5298981415882923,False,0.02673611111111107,False,False,0.5259533120554624,0.02673611111111107,True,True,-0.10845327276069823,0.9136361447446795,True,False,0.10008406833086672,0.1316422403990899,True,False,8.332541306355893,False,False,opposite_direction
295,assignment_isolation,plus_one_randomisation,True,ok,59.64741464842725,3.5213436375593896,65.31163008653843,53.12869158408233,31.772619179893404,1.0,0.001,1.0,0.001,,,,,0,0,[],[],False,True,False,True,False,0.007071067811865475,0.007050031813265368,24,24,24,0,0.0,{},0.7982456140350875,0.7164814814814813,0.0,False,True,False,True,False,False,0.0,65.31163008653843,53.12869158408233,65.31163008653843,95.70833333333333,1.0956932223927043,0.015493343265063866,False,0.5321113188342754,False,0.011458333333333348,False,False,0.5325091714397701,0.011458333333333348,True,True,-0.009920096581046126,0.9920850379128715,True,False,0.2187934494486202,0.06290360450141809,True,False,9.596105804946898,False,False,opposite_direction
296,assignment_isolation,plus_one_randomisation,True,ok,60.20441652940724,3.6919289862179605,66.7838164279064,54.388470525144555,30.90316068193333,1.0,0.001,1.0,0.001,,,,,0,0,[],[],False,True,False,True,False,0.007071067811865475,0.007115354444780975,24,24,24,0,0.0,{},0.8268086734693877,0.7233333333333334,0.0,False,True,False,True,False,False,0.0,66.7838164279064,54.388470525144555,66.7838164279064,96.75,1.0814213269494624,0.013010359466589261,False,0.5156239643509851,False,0.019791666666666652,False,False,0.542380486495181,0.019791666666666652,True,True,-1.3340655026487813,0.18218239037509376,True,False,0.15622423547568806,0.1874725187337574,True,False,10.030292146757251,False,False,opposite_direction
297,assignment_isolation,plus_one_randomisation,True,ok,60.176355907601646,3.764080772497823,67.28217486203106,54.536494095284986,31.511814481815385,1.0,0.001,1.0,0.001,,,,,0,0,[],[],False,True,False,True,False,0.007071067811865475,0.007034675561162543,24,24,24,0,0.0,{},0.7889859904357783,0.7291198501872661,0.0,False,True,False,True,False,False,0.0,67.28217486203106,54.536494095284986,67.28217486203106,96.25,1.0873963152715858,0.0029720982452538665,False,0.5365002558123291,False,0.02430555555555558,False,False,0.5397484226888661,0.02430555555555558,True,True,-1.8722896433957703,0.0611665428024013,True,False,0.2812730766571292,0.004754780040709692,True,False,9.647118032211745,False,False,opposite_direction
298,assignment_isolation,plus_one_randomisation,True,ok,57.35587773810774,3.479283692734272,62.81101291053764,50.42362530037912,31.045958093971773,1.0,0.001,1.0,0.001,,,,,0,0,[],[],False,True,False,True,False,0.007071067811865475,0.007026366268519591,24,24,24,0,0.0,{},0.7916022198353025,0.701947463768116,0.0,False,True,False,True,False,False,0.0,62.81101291053764,50.42362530037912,62.81101291053764,96.54166666666667,1.0716753763613784,0.02275873179633575,False,0.494340161415325,False,0.0371527777777777,False,False,0.5250130347941653,0.0371527777777777,True,True,2.1533272072382688,0.03129297199221476,True,False,0.2596081076826329,0.0035315366153928713,True,False,8.127583960820283,False,False,opposite_direction
299,assignment_isolation,plus_one_randomisation,True,ok,66.40410848324119,3.725754547061779,73.04219001563774,59.88819599417103,31.672686001916972,1.0,0.001,1.0,0.001,,,,,0,0,[],[],False,True,False,True,False,0.007071067811865475,0.007061493488426398,24,24,24,0,0.0,{},0.809696941222795,0.7268115942028984,0.0,False,True,False,True,False,False,0.0,73.04219001563774,59.88819599417102,73.04219001563774,96.95833333333333,1.1011437886895379,0.029019066592039018,False,0.5063040789879011,False,0.018402777777777768,False,False,0.5773956610898312,0.018402777777777768,True,True,0.5785345125375776,0.5629033035271878,True,False,0.1571084767812599,0.1062053017541972,True,False,9.560101163089367,False,False,opposite_direction
300,assignment_isolation,plus_one_randomisation,True,ok,58.357659997221084,3.7033814878247804,64.65670081610719,52.0287244655778,32.359017221143,1.0,0.001,1.0,0.001,,,,,0,0,[],[],False,True,False,True,False,0.007071067811865475,0.007075210445250636,24,24,24,0,0.0,{},0.7894567062818334,0.7207865168539327,0.0,False,True,False,True,False,False,0.0,64.65670081610719,52.0287244655778,64.65670081610719,94.20833333333333,1.1110902838819532,0.01918677571802957,False,0.5032123257758596,False,0.015277777777777724,False,False,0.5167328574053057,0.015277777777777724,True,True,-0.8359056888924515,0.40320796176641016,True,False,0.17136136916081285,0.062103760918526756,True,False,7.654298018565594,False,False,opposite_direction
301,assignment_isolation,plus_one_randomisation,True,ok,57.90931922328654,3.906938345429475,64.32462816440793,51.15531856373346,31.287178021032886,1.0,0.001,1.0,0.001,,,,,0,0,[],[],False,True,False,True,False,0.007071067811865475,0.0070646780375229964,24,24,24,0,0.0,{},0.8164911502789787,0.6696220930232557,0.0,False,True,False,True,False,False,0.0,64.32462816440793,51.15531856373346,64.32462816440793,96.66666666666667,1.0865936019313749,0.022941892037110966,False,0.5198625903029711,False,0.01041666666666674,False,False,0.5231533396001254,0.01041666666666674,True,True,-0.2626834220516181,0.7927945954706249,True,False,0.09413367885844227,0.32334455428665176,True,False,9.102386748221845,False,False,opposite_direction
302,assignment_isolation,plus_one_randomisation,True,ok,65.65787964260504,3.526317376122667,72.29537618001117,59.285818375815026,31.895600436599562,1.0,0.001,1.0,0.001,,,,,0,0,[],[],False,True,False,True,False,0.007071067811865475,0.007067800535703226,24,24,24,0,0.0,{},0.7918491206390142,0.7363799283154122,0.0,False,True,False,True,False,False,0.0,72.29537618001117,59.28581837581502,72.29537618001117,96.54166666666667,1.1074967669890639,0.031564421979831135,False,0.48544315704217295,False,0.023611111111111138,False,False,0.5699704913684148,0.023611111111111138,True,True,0.051899435743248776,0.9586088238832717,True,False,0.07657368555855786,0.5784655067788658,True,False,9.641803626102423,False,False,opposite_direction
303,assignment_isolation,plus_one_randomisation,True,ok,62.69858085544729,4.550403681721457,70.39656854867374,55.55995872966122,30.979474884762375,1.0,0.001,1.0,0.001,,,,,0,0,[],[],False,True,False,True,False,0.007071067811865475,0.007088880179286388,24,24,24,0,0.0,{},0.8114263359983167,0.7447251773049645,0.0,False,True,False,True,False,False,0.0,70.39656854867374,55.55995872966122,70.39656854867374,97.83333333333333,1.0860882555741775,0.01707081687749958,False,0.5020155246284239,False,0.018402777777777768,False,False,0.5583325001195046,0.018402777777777768,True,True,0.6801384082719737,0.49641682687688815,True,False,0.19704702163187632,0.09258165390069167,True,False,9.583016224023657,False,False,opposite_direction
304,assignment_isolation,plus_one_randomisation,True,ok,66.66079621444986,3.1767839945156697,72.45256313486861,60.92006387243533,31.552955929356077,1.0,0.001,1.0,0.001,,,,,0,0,[],[],False,True,False,True,False,0.007071067811865475,0.007032963039081811,24,24,24,0,0.0,{},0.7981041280148423,0.7164750957854406,0.0,False,True,False,True,False,False,0.0,72.45256313486861,60.92006387243533,72.45256313486861,96.33333333333333,1.0890220776257276,0.004878403092395968,False,0.5060717033449215,False,0.014930555555555558,False,False,0.5838655250695235,0.014930555555555558,True,True,-0.04039355905107091,0.967779365192796,True,False,0.07180630072116066,0.35968490937779574,True,False,9.49875454115488,False,False,opposite_direction
305,assignment_isolation,plus_one_randomisation,True,ok,59.84808492978048,3.7506065340701586,65.76824279330413,53.703211994817536,31.739926097227958,1.0,0.001,1.0,0.001,,,,,0,0,[],[],False,True,False,True,False,0.007071067811865475,0.007034558916695722,24,24,24,0,0.0,{},0.7956578752955084,0.6624537037037037,0.0,False,True,False,True,False,False,0.0,65.76824279330413,53.703211994817536,65.76824279330413,95.125,1.088830109113457,0.008793375292305436,False,0.5166871322425002,False,0.018402777777777768,False,False,0.5367580062661339,0.018402777777777768,True,True,1.1136455895988053,0.2654312600992086,True,False,0.13906870467957302,0.16781113671693515,True,False,9.206620412129043,False,False,opposite_direction
306,assignment_isolation,plus_one_randomisation,True,ok,57.8935081889201,3.4906438241142403,64.34439761289772,52.25454404621542,30.936951653907244,1.0,0.001,1.0,0.001,,,,,0,0,[],[],False,True,False,True,False,0.007071067811865475,0.007110413076960003,24,24,24,0,0.0,{},0.826298242069105,0.7295880149812733,0.0,False,True,False,True,False,False,0.0,64.34439761289772,52.25454404621542,64.34439761289772,96.58333333333333,1.080919743683857,0.029324845839807157,False,0.542755424135586,False,0.02673611111111107,False,False,0.5253394271149097,0.02673611111111107,True,True,0.014742643414383885,0.9882374985236468,True,False,0.08790481683877048,0.14655163455148384,True,False,8.102930240739166,False,False,opposite_direction
307,assignment_isolation,plus_one_randomisation,True,ok,54.14217600912408,3.1377781519901244,59.15670796944061,47.661423081713174,30.597038454143814,1.0,0.001,1.0,0.001,,,,,0,0,[],[],False,True,False,True,False,0.007071067811865475,0.00711606776162437,24,24,24,0,0.0,{},0.8138205325386909,0.7124537037037038,0.0,False,True,False,True,False,False,0.0,59.15670796944061,47.661423081713174,59.15670796944061,96.04166666666667,1.066889192042293,0.027736257087902377,False,0.5022862402734676,False,0.02430555555555558,False,False,0.501629151541896,0.02430555555555558,True,True,1.0109280400391005,0.312050872399521,True,False,0.16076137455674214,0.17227493787880258,True,False,9.212396735841011,False,False,opposite_direction
308,assignment_isolation,plus_one_randomisation,True,ok,54.35648140431791,3.2535915151646777,59.48165939847253,48.78877340524893,30.71475794803911,1.0,0.001,1.0,0.001,,,,,0,0,[],[],False,True,False,True,False,0.007071067811865475,0.007041826076191053,24,24,24,0,0.0,{},0.8009281372123318,0.6664750957854406,0.0,False,True,False,True,False,False,0.0,59.48165939847254,48.788773405248925,59.48165939847254,95.45833333333333,1.0565968694330918,0.009435858605906497,False,0.5055795413929978,False,0.015277777777777724,False,False,0.5076153067701923,0.015277777777777724,True,True,-0.4113944233738933,0.6807833423761379,True,False,0.15371664282147265,0.07347582556480249,True,False,7.939840994152296,False,False,opposite_direction
309,assignment_isolation,plus_one_randomisation,True,ok,63.388306640091535,3.9499631545475373,69.62167698348058,57.065813491828756,31.843569215887147,1.0,0.001,1.0,0.001,,,,,0,0,[],[],False,True,False,True,False,0.007071067811865475,0.007044651774741505,24,24,24,0,0.0,{},0.8024739447628975,0.7409574468085106,0.0,False,True,False,True,False,False,0.0,69.62167698348058,57.065813491828756,69.62167698348058,97.33333333333333,1.1065781054474717,0.0013334136148177617,False,0.521337514468023,False,0.037847222222222254,False,False,0.5549315798843846,0.037847222222222254,True,True,-0.46579804828220833,0.6413600622450342,True,False,0.18623367127464904,0.029414507502273545,True,False,10.519278816366768,False,False,opposite_direction
310,assignment_isolation,plus_one_randomisation,True,ok,62.413142618144434,3.873340664672339,68.50172902924768,55.25602077810911,31.811940306607596,1.0,0.001,1.0,0.001,,,,,0,0,[],[],False,True,False,True,False,0.007071067811865475,0.007059690270936848,24,24,24,0,0.0,{},0.8113512504665921,0.6748148148148148,0.0,False,True,False,True,False,False,0.0,68.50172902924768,55.25602077810911,68.50172902924768,95.5,1.0973558840676179,0.03402600879209375,False,0.5077129514969475,False,0.011111111111111072,False,False,0.5517972409194626,0.011111111111111072,True,True,0.7857155282714005,0.43203416388825167,True,False,0.19507672571955526,0.027656398950291806,True,False,9.283802222600507,False,False,opposite_direction
311,assignment_isolation,plus_one_randomisation,True,ok,56.093850928756844,3.985088977699372,62.638238875435036,48.63838949029785,30.560787969547,1.0,0.001,1.0,0.001,,,,,0,0,[],[],False,True,False,True,False,0.007071067811865475,0.007077469906401114,24,24,24,0,0.0,{},0.7945980335454019,0.6912186379928316,0.0,False,True,False,True,False,False,0.0,62.638238875435036,48.63838949029785,62.638238875435036,96.20833333333333,1.0607643829719877,0.029225224421077032,False,0.49692182953085084,False,0.030902777777777724,False,False,0.5197207399212704,0.030902777777777724,True,True,-0.6827718949285648,0.49475099166921743,True,False,0.08713249923201218,0.316641193782864,True,False,8.365861140447818,False,False,opposite_direction
312,assignment_isolation,plus_one_randomisation,True,ok,59.42829334542021,4.748894603414308,68.08125257136416,52.15223698153533,31.33830575634156,1.0,0.001,1.0,0.001,,,,,0,0,[],[],False,True,False,True,False,0.007071067811865475,0.007034848913427997,24,24,24,0,0.0,{},0.7920680272108843,0.6753745318352059,0.0,False,True,False,True,False,False,0.0,68.08125257136416,52.15223698153533,68.08125257136416,95.79166666666667,1.078857679224109,0.012521585555975963,False,0.5091088836234671,False,0.021180555555555536,False,False,0.5377105975500758,0.021180555555555536,True,True,0.24469137295532306,0.8066954084063406,True,False,0.17423016237195116,0.0826963729102485,True,False,9.208372889121984,False,False,opposite_direction
313,assignment_isolation,plus_one_randomisation,True,ok,62.53100890384663,3.9451604026770126,70.00844880505167,56.092966398908615,30.82874364897701,1.0,0.001,1.0,0.001,,,,,0,0,[],[],False,True,False,True,False,0.007071067811865475,0.007098184630552731,24,24,24,0,0.0,{},0.8181197459795322,0.7075670498084291,0.0,False,True,False,True,False,False,0.0,70.00844880505167,56.09296639890861,70.00844880505167,96.66666666666667,1.075750344817225,0.030457551218167806,False,0.5212932797546027,False,0.02256944444444442,False,False,0.5613518208397109,0.02256944444444442,True,True,0.0644607809664605,0.9486033343899218,True,False,0.11886591909111523,0.23197778083078768,True,False,9.14618047127239,False,False,opposite_direction
314,assignment_isolation,plus_one_randomisation,True,ok,59.329468099114855,3.840217382041159,65.64216763064476,52.18794199316091,31.855578360076223,1.0,0.001,1.0,0.001,,,,,0,0,[],[],False,True,False,True,False,0.007071067811865475,0.007067373485532018,24,24,24,0,0.0,{},0.7882706207482993,0.6696078431372547,0.0,False,True,False,True,False,False,0.0,65.64216763064476,52.18794199316091,65.64216763064476,95.16666666666667,1.0981355988063617,0.017365637207474256,False,0.5094940113071075,False,0.010763888888888906,False,False,0.5291726326854899,0.010763888888888906,True,True,0.19571447714924395,0.8448336524228057,True,False,0.14242839686390657,0.09635366157666735,True,False,10.33360893499119,False,False,opposite_direction
315,assignment_isolation,plus_one_randomisation,True,ok,59.94026139801334,3.613630890409085,66.76920546050644,53.608782582922416,30.82745403384142,1.0,0.001,1.0,0.001,,,,,0,0,[],[],False,True,False,True,False,0.007071067811865475,0.0070479012529575625,24,24,24,0,0.0,{},0.8090087719298245,0.736316287878788,0.0,False,True,False,True,False,False,0.0,66.76920546050644,53.60878258292242,66.76920546050644,97.66666666666667,1.0735954361044462,0.009288221595124073,False,0.49633807012088704,False,0.022222222222222254,False,False,0.5436422946386846,0.022222222222222254,True,True,0.340067857475764,0.7338054267948096,True,False,0.18549911789012358,0.040626230169988196,True,False,9.904191936607008,False,False,opposite_direction
316,assignment_isolation,plus_one_randomisation,True,ok,63.553965974298485,4.452777104715465,72.11639453636113,56.74663148811558,31.834647028882724,1.0,0.001,1.0,0.001,,,,,0,0,[],[],False,True,False,True,False,0.007071067811865475,0.0070292599204242094,24,24,24,0,0.0,{},0.7919290561868687,0.7017068273092371,0.0,False,True,False,True,False,False,0.0,72.11639453636113,56.74663148811558,72.11639453636113,96.625,1.099827055977764,0.007071694476260749,False,0.5120749758848303,False,0.017708333333333326,False,False,0.5587623558651046,0.017708333333333326,True,True,-0.8918205132412758,0.3724891447837172,True,False,0.1789003005913266,0.06309972076283381,True,False,8.685400211259793,False,False,opposite_direction
317,assignment_isolation,plus_one_randomisation,True,ok,59.235571088762306,3.688221440123478,65.74499090456314,53.25497283708344,31.98746462799464,1.0,0.001,1.0,0.001,,,,,0,0,[],[],False,True,False,True,False,0.007071067811865475,0.007018737173606708,24,24,24,0,0.0,{},0.7721414191784869,0.7037677304964537,0.0,False,True,False,True,False,False,0.0,65.74499090456314,53.25497283708344,65.74499090456314,96.29166666666667,1.1015473114269152,0.004051916562155481,False,0.5319863267014847,False,0.043055555555555625,False,False,0.5271077728420241,0.043055555555555625,True,True,-1.1483970912382482,0.25080467394701345,True,False,0.3010803405968007,0.012246347101777478,True,False,7.956987212643734,False,False,opposite_direction
318,assignment_isolation,plus_one_randomisation,True,ok,64.4631019647072,3.2457228834531833,69.8780640672635,59.00285574914432,31.467053156874876,1.0,0.001,1.0,0.001,,,,,0,0,[],[],False,True,False,True,False,0.007071067811865475,0.007053504163298049,24,24,24,0,0.0,{},0.8123929679072277,0.7013565891472868,0.0,False,True,False,True,False,False,0.0,69.8780640672635,59.00285574914432,69.8780640672635,97.25,1.094399308924607,0.019205684157505426,False,0.5100574652743155,False,0.010069444444444464,False,False,0.5671463065713396,0.010069444444444464,True,True,1.445498652916576,0.14831787111527595,True,False,0.23116294968746698,0.08030235415664307,True,False,9.36537872738844,False,False,opposite_direction
319,assignment_isolation,plus_one_randomisation,True,ok,58.489200749008965,3.611753114395798,64.77140827562503,52.26733841947084,31.650272402548815,1.0,0.001,1.0,0.001,,,,,0,0,[],[],False,True,False,True,False,0.007071067811865475,0.007014774669862194,24,24,24,0,0.0,{},0.7885922467458971,0.7185648148148149,0.0,False,True,False,True,False,False,0.0,64.77140827562503,52.26733841947084,64.77140827562503,97.08333333333333,1.0937889239660086,0.019907071079352547,False,0.5201584363293464,False,0.02256944444444442,False,False,0.5246351461997276,0.02256944444444442,True,True,0.38534094853510603,0.699984826940579,True,False,0.19119142602530664,0.08732880457103237,True,False,10.360830867897818,False,False,opposite_direction
320,assignment_isolation,plus_one_randomisation,True,ok,59.98236331857655,3.925878406850949,66.95795344059543,53.67912485181351,31.08731975306256,1.0,0.001,1.0,0.001,,,,,0,0,[],[],False,True,False,True,False,0.007071067811865475,0.0070725384384262326,24,24,24,0,0.0,{},0.8018242276887872,0.6959302325581394,0.0,False,True,False,True,False,False,0.0,66.95795344059543,53.679124851813505,66.95795344059543,95.95833333333333,1.0768865409823305,0.004789100034473652,False,0.5120385562106402,False,0.03229166666666661,False,False,0.5426037585815339,0.03229166666666661,True,True,-1.0592959668910182,0.2894650111492414,True,False,0.18366729397497267,0.11868940323293992,True,False,8.873149249333736,False,False,opposite_direction
321,assignment_isolation,plus_one_randomisation,True,ok,60.49852029745477,4.19970730195746,68.02977679374355,53.472217557569095,31.4229890730207,1.0,0.001,1.0,0.001,,,,,0,0,[],[],False,True,False,True,False,0.007071067811865475,0.0070122464612812725,24,24,24,0,0.0,{},0.789425762379227,0.7030927835051546,0.0,False,True,False,True,False,False,0.0,68.02977679374355,53.4722175575691,68.02977679374355,95.125,1.0745385618175602,0.0005612963201553722,False,0.5196240335893211,False,0.027083333333333348,False,False,0.5473360546407914,0.027083333333333348,True,True,-1.7772714850058031,0.07552358288592313,True,False,0.18099591761701342,0.2456622197060185,True,False,8.37913667221639,False,False,opposite_direction
322,assignment_isolation,plus_one_randomisation,True,ok,59.02965300922466,3.3479975333573737,64.40023821610609,53.51271056450021,31.30067978881153,1.0,0.001,1.0,0.001,,,,,0,0,[],[],False,True,False,True,False,0.007071067811865475,0.00708395686564201,24,24,24,0,0.0,{},0.798890103787011,0.6998084291187741,0.0,False,True,False,True,False,False,0.0,64.40023821610609,53.51271056450022,64.40023821610609,95.54166666666667,1.083667599466303,0.020416276169433267,False,0.5192732350018158,False,0.021527777777777812,False,False,0.5327846585638508,0.021527777777777812,True,True,-0.9675367835198042,0.333275762181494,True,False,0.2325483114959512,0.15336458815156306,True,False,9.52061409460485,False,False,opposite_direction
323,assignment_isolation,plus_one_randomisation,True,ok,62.46409378327502,3.9292827493092037,68.60598436863178,55.45879541365014,31.78012759908022,1.0,0.001,1.0,0.001,,,,,0,0,[],[],False,True,False,True,False,0.007071067811865475,0.007055256714923004,24,24,24,0,0.0,{},0.7950757575757577,0.6833333333333332,0.0,False,True,False,True,False,False,0.0,68.60598436863178,55.45879541365014,68.60598436863178,95.625,1.096286802061936,0.04137346105608039,False,0.536092366794427,False,0.02604166666666663,False,False,0.5525841998066866,0.02604166666666663,True,True,0.9380306588276416,0.34822865455327245,True,False,0.1515803513010611,0.24333726037004533,True,False,10.558276455975824,False,False,opposite_direction
324,assignment_isolation,plus_one_randomisation,True,ok,55.84541775332383,2.8850865453727454,60.28097523554884,50.10926517009112,30.466903512929992,1.0,0.001,1.0,0.001,,,,,0,0,[],[],False,True,False,True,False,0.007071067811865475,0.0070947119706996934,24,24,24,0,0.0,{},0.806842105263158,0.7170411985018728,0.0,False,True,False,True,False,False,0.0,60.28097523554883,50.10926517009111,60.28097523554883,95.29166666666667,1.0550196577539421,0.008953907599312905,False,0.529840031020535,False,0.021527777777777812,False,False,0.5201573772068467,0.021527777777777812,True,True,1.4663038029716324,0.1425655398949787,True,False,0.14023721832846203,0.25061442388451843,True,False,9.605921328747135,False,False,opposite_direction
325,assignment_isolation,plus_one_randomisation,True,ok,61.79726030920964,2.5238918261727976,66.36181824693229,57.15307961235879,31.97270922367539,1.0,0.001,1.0,0.001,,,,,0,0,[],[],False,True,False,True,False,0.007071067811865475,0.007112721821125883,24,24,24,0,0.0,{},0.8002688172043013,0.720785440613027,0.0,False,True,False,True,False,False,0.0,66.36181824693229,57.15307961235879,66.36181824693229,95.41666666666667,1.110701571647402,0.0271440413756724,False,0.5310033750890433,False,0.03645833333333326,False,False,0.542115244319481,0.03645833333333326,True,True,-0.5455384799069634,0.5853832227728704,True,False,0.10916392221434303,0.25933246625907125,True,False,9.139560273629927,False,False,opposite_direction
326,assignment_isolation,plus_one_randomisation,True,ok,64.90981161450382,3.29626444978947,70.7734490406574,59.14759492252996,32.01743576754141,1.0,0.001,1.0,0.001,,,,,0,0,[],[],False,True,False,True,False,0.007071067811865475,0.007098594947602353,24,24,24,0,0.0,{},0.8025824652777778,0.6718627450980393,0.0,False,True,False,True,False,False,0.0,70.7734490406574,59.14759492252997,70.7734490406574,95.91666666666667,1.1129508504932106,0.039643927759669656,False,0.5080300046086935,False,0.028472222222222232,False,False,0.5628144971347706,0.028472222222222232,True,True,0.10526148382255132,0.9161683245966461,True,False,0.2667058188034369,0.10223867453339702,True,False,11.030169941768628,False,False,opposite_direction
327,assignment_isolation,plus_one_randomisation,True,ok,63.14945150326181,4.259517975489937,69.51308566099127,54.18864348212752,31.74629574192793,1.0,0.001,1.0,0.001,,,,,0,0,[],[],False,True,False,True,False,0.007071067811865475,0.007076523187495731,24,24,24,0,0.0,{},0.7979166666666667,0.7066479400749064,0.0,False,True,False,True,False,False,0.0,69.51308566099127,54.18864348212751,69.51308566099127,96.04166666666667,1.1008112014293745,0.007467018033242006,False,0.5260102004167732,False,0.02256944444444442,False,False,0.555568161839457,0.02256944444444442,True,True,-0.27084383422014924,0.786511144595085,True,False,0.07291031369916567,0.14007917422628927,True,False,8.809544663281702,False,False,opposite_direction
328,assignment_isolation,plus_one_randomisation,True,ok,51.91904844791856,3.686870311354409,58.8197465522145,45.8820193496072,30.395015274327715,1.0,0.001,1.0,0.001,,,,,0,0,[],[],False,True,False,True,False,0.007071067811865475,0.007055897340263669,24,24,24,0,0.0,{},0.8044188596491227,0.7232758620689654,0.0,False,True,False,True,False,False,0.0,58.8197465522145,45.8820193496072,58.8197465522145,97.04166666666667,1.0563400529339246,0.04117383106035406,False,0.4936742955959437,False,0.030902777777777724,False,False,0.48764804283445784,0.030902777777777724,True,True,0.6852713412664562,0.49317271274583085,True,False,0.09751736397991526,0.21725502851843392,True,False,9.309346539722323,False,False,opposite_direction
329,assignment_isolation,plus_one_randomisation,True,ok,57.98993332318349,4.138119694436938,65.13647703816935,50.549212364525935,32.38128233419079,1.0,0.001,1.0,0.001,,,,,0,0,[],[],False,True,False,True,False,0.007071067811865475,0.007028256930621676,24,24,24,0,0.0,{},0.7704405662791549,0.7083333333333334,0.0,False,True,False,True,False,False,0.0,65.13647703816935,50.549212364525935,65.13647703816935,94.66666666666667,1.107159573820078,0.00391554391345208,False,0.4976004361421308,False,0.023263888888888862,False,False,0.515510780794339,0.023263888888888862,True,True,0.40529233575967544,0.6852626394960013,True,False,0.24645706718112104,0.02098434933693754,True,False,9.634835166451145,False,False,opposite_direction
330,assignment_isolation,plus_one_randomisation,True,ok,57.842924796164745,4.955637659121852,68.16448615671986,49.888897718915054,31.932319746997763,1.0,0.001,1.0,0.001,,,,,0,0,[],[],False,True,False,True,False,0.007071067811865475,0.007025508102843036,24,24,24,0,0.0,{},0.7935573165436387,0.7242831541218641,0.0,False,True,False,True,False,False,0.0,68.16448615671986,49.888897718915054,68.16448615671986,97.125,1.1054617713689139,0.0009476515015302127,False,0.5065738866656182,False,0.036111111111111205,False,False,0.5150692156552741,0.036111111111111205,True,True,-0.05544413836062113,0.9557846325680441,True,False,0.12781058840846624,0.43400745410290653,True,False,8.163088564148705,False,False,opposite_direction
331,assignment_isolation,plus_one_randomisation,True,ok,60.22849647989374,4.115075139489592,67.77277913206953,53.36447466827277,31.756440594441116,1.0,0.001,1.0,0.001,,,,,0,0,[],[],False,True,False,True,False,0.007071067811865475,0.007067648073968273,24,24,24,0,0.0,{},0.8076688920248951,0.6817028985507244,0.0,False,True,False,True,False,False,0.0,67.77277913206953,53.36447466827277,67.77277913206953,95.95833333333333,1.0993047066470325,0.021373449694645268,False,0.5352185340366887,False,0.007986111111111138,False,False,0.5353312880111363,0.007986111111111138,True,True,0.9949053776841574,0.3197822871344227,True,False,0.11152749724670791,0.3727827042764097,True,False,10.162960065706777,False,False,opposite_direction
332,assignment_isolation,plus_one_randomisation,True,ok,57.6574746789911,4.168309662181433,65.02770140460851,50.52595706483489,30.338743927063394,1.0,0.001,1.0,0.001,,,,,0,0,[],[],False,True,False,True,False,0.007071067811865475,0.0070428770033827935,24,24,24,0,0.0,{},0.8138044990723561,0.6992831541218639,0.0,False,True,False,True,False,False,0.0,65.02770140460851,50.52595706483489,65.02770140460851,97.66666666666667,1.055822438450201,0.02275677449413056,False,0.505996547392643,False,0.022916666666666696,False,False,0.5338912778967096,0.022916666666666696,True,True,0.8089040936880413,0.41857031403374656,True,False,0.16368158609241854,0.08279742344889805,True,False,9.49626570174379,False,False,opposite_direction
333,assignment_isolation,plus_one_randomisation,True,ok,60.535660419887506,3.5843649878258588,67.00322524740106,54.07687164574518,31.536213626514673,1.0,0.001,1.0,0.001,,,,,0,0,[],[],False,True,False,True,False,0.007071067811865475,0.007071720304060912,24,24,24,0,0.0,{},0.8032173852183652,0.7151685393258426,0.0,False,True,False,True,False,False,0.0,67.00322524740106,54.07687164574518,67.00322524740106,96.33333333333333,1.094442432376015,0.025666583557629956,False,0.49187873279756855,False,0.021874999999999978,False,False,0.5395256165862892,0.021874999999999978,True,True,0.695171735564674,0.48694768308357506,True,False,0.18365368944708044,0.15483453028182922,True,False,6.785428122979954,False,False,opposite_direction
334,assignment_isolation,plus_one_randomisation,True,ok,58.30045953350282,3.3498140440031534,63.482403134205676,51.600739643393794,31.923742036420716,1.0,0.001,1.0,0.001,,,,,0,0,[],[],False,True,False,True,False,0.007071067811865475,0.0071128745793072054,24,24,24,0,0.0,{},0.8007539984078738,0.7019662921348315,0.0,False,True,False,True,False,False,0.0,63.482403134205676,51.60073964339379,63.482403134205676,95.45833333333333,1.109266434388623,0.009060579734330408,False,0.49833071706713455,False,0.030902777777777724,False,False,0.5170242873249967,0.030902777777777724,True,True,0.24453667506866214,0.8068152013439751,True,False,0.19259604631676033,0.11610987641298047,True,False,9.994461311914595,False,False,opposite_direction
335,assignment_isolation,plus_one_randomisation,True,ok,60.54265080800159,4.325161958474091,67.48923872346168,52.78040743317454,31.58859585764657,1.0,0.001,1.0,0.001,,,,,0,0,[],[],False,True,False,True,False,0.007071067811865475,0.007009141214036906,24,24,24,0,0.0,{},0.776800964951198,0.6518199233716476,0.0,False,True,False,True,False,False,0.0,67.48923872346168,52.78040743317454,67.48923872346168,96.04166666666667,1.084913166289097,0.0342127278460336,False,0.5160343284732806,False,0.02604166666666663,False,False,0.5434278556863353,0.02604166666666663,True,True,0.06661525765512984,0.9468879988750571,True,False,0.168946697362097,0.06048631555757215,True,False,8.307297708589495,False,False,opposite_direction
336,assignment_isolation,plus_one_randomisation,True,ok,58.088140996254396,4.558817763868812,65.16022618233204,50.21029933540321,31.91873720345856,1.0,0.001,1.0,0.001,,,,,0,0,[],[],False,True,False,True,False,0.007071067811865475,0.007044782994590741,24,24,24,0,0.0,{},0.7963838652482269,0.6957854406130269,0.0,False,True,False,True,False,False,0.0,65.16022618233204,50.210299335403214,65.16022618233204,95.54166666666667,1.0989545506040255,0.009147338038019712,False,0.5143574730174132,False,0.028472222222222232,False,False,0.5195295529486925,0.028472222222222232,True,True,-0.8676970033644641,0.385560226777515,True,False,0.17902419009215456,0.3703803562610356,True,False,9.068927840394563,False,False,opposite_direction
337,assignment_isolation,plus_one_randomisation,True,ok,55.42630118999197,3.9207403163722034,61.66812476189765,48.81328336302905,30.56627054624623,1.0,0.001,1.0,0.001,,,,,0,0,[],[],False,True,False,True,False,0.007071067811865475,0.006987098828891677,24,24,24,0,0.0,{},0.7900782533990736,0.7067375886524824,0.0,False,True,False,True,False,False,0.0,61.66812476189765,48.81328336302905,61.66812476189765,97.58333333333333,1.0548656921411654,0.03447470305485129,False,0.5144035494084621,False,0.028819444444444398,False,False,0.5169053402785769,0.028819444444444398,True,True,-0.4560469338561044,0.648356228592692,True,False,0.1763085924086495,0.06134299241593796,True,False,7.709988698349555,False,False,opposite_direction
338,assignment_isolation,plus_one_randomisation,True,ok,59.624010483119,4.470682262366971,68.64586279165782,52.43634637516135,32.154170433806854,1.0,0.001,1.0,0.001,,,,,0,0,[],[],False,True,False,True,False,0.007071067811865475,0.007075209478319286,24,24,24,0,0.0,{},0.794053357712766,0.728598484848485,0.0,False,True,False,True,False,False,0.0,68.64586279165782,52.43634637516135,68.64586279165782,95.83333333333333,1.113537670493157,0.01606741475479619,False,0.5112673871092818,False,0.01909722222222221,False,False,0.5252175418096893,0.01909722222222221,True,True,-0.3358554667884211,0.736979860626362,True,False,0.19155040183421906,0.0952335043052992,True,False,7.778839019910017,False,False,opposite_direction
339,assignment_isolation,plus_one_randomisation,True,ok,60.628382961637534,4.412439869479994,67.85003199973615,52.45598295594412,31.704705197314627,1.0,0.001,1.0,0.001,,,,,0,0,[],[],False,True,False,True,False,0.007071067811865475,0.007045994164399352,24,24,24,0,0.0,{},0.784581093189964,0.718548387096774,0.0,False,True,False,True,False,False,0.0,67.85003199973615,52.455982955944116,67.85003199973615,94.625,1.0865230624377429,0.010288621046418289,False,0.5157043290046979,False,0.032638888888888884,False,False,0.543398033293373,0.032638888888888884,True,True,1.5928667000987429,0.11119009802335408,True,False,0.2047679856534342,0.10468505649080367,True,False,9.654314106331203,False,False,opposite_direction
340,assignment_isolation,plus_one_randomisation,True,ok,59.97663182521081,2.379994505324457,64.05376565636396,55.71077844214529,31.517519558935895,1.0,0.001,1.0,0.001,,,,,0,0,[],[],False,True,False,True,False,0.007071067811865475,0.007033252420064448,24,24,24,0,0.0,{},0.8015407986111112,0.6291187739463601,0.0,False,True,False,True,False,False,0.0,64.05376565636396,55.71077844214529,64.05376565636396,96.08333333333333,1.0864313029643256,0.012074468885616058,False,0.5145422984894129,False,0.019444444444444486,False,False,0.53867502258394,0.019444444444444486,True,True,-0.2028642601030412,0.8392411297087998,True,False,0.2935480517252477,0.03543060133830031,True,False,9.098006199354753,False,False,opposite_direction
341,assignment_isolation,plus_one_randomisation,True,ok,66.65980209916182,4.515847867691843,74.29402459763234,58.777110354284495,32.1823066504739,1.0,0.001,1.0,0.001,,,,,0,0,[],[],False,True,False,True,False,0.007071067811865475,0.007073706186565344,24,24,24,0,0.0,{},0.7826164045636756,0.7075490196078431,0.0,False,True,False,True,False,False,0.0,74.29402459763234,58.777110354284495,74.29402459763234,95.25,1.1108788088181856,0.03582853034610341,False,0.5230584855082842,False,0.026388888888888795,False,False,0.575240096305736,0.026388888888888795,True,True,0.8701249381095046,0.38423213063292316,True,False,0.17629784461438072,0.0603506687156589,True,False,12.901106335836868,False,False,opposite_direction
342,assignment_isolation,plus_one_randomisation,True,ok,59.30639693809682,3.1090028816324407,64.66825940637756,53.95566146503206,31.04624268733205,1.0,0.001,1.0,0.001,,,,,0,0,[],[],False,True,False,True,False,0.007071067811865475,0.007063657423691078,24,24,24,0,0.0,{},0.8186468646864686,0.6909176029962548,0.0,False,True,False,True,False,False,0.0,64.66825940637756,53.95566146503206,64.66825940637756,96.875,1.0792313156297026,0.012788787366189037,False,0.5325090905820731,False,0.01215277777777779,False,False,0.536653370824741,0.01215277777777779,True,True,-1.0915825193554178,0.27501664303833184,True,False,0.2214451367951826,0.03451785267027312,True,False,8.091165500490572,False,False,opposite_direction
343,assignment_isolation,plus_one_randomisation,True,ok,57.2881141167833,3.4372257440857577,63.33902260260878,51.498604898887834,31.439715353995595,1.0,0.001,1.0,0.001,,,,,0,0,[],[],False,True,False,True,False,0.007071067811865475,0.0070241140876222755,24,24,24,0,0.0,{},0.7954543907999048,0.6831395348837209,0.0,False,True,False,True,False,False,0.0,63.33902260260877,51.498604898887834,63.33902260260877,96.125,1.082575870877319,0.010461970202911158,False,0.5091308206357612,False,0.03229166666666672,False,False,0.5200348897133505,0.03229166666666672,True,True,0.3044822729442009,0.7607604961683835,True,False,0.19420905051642068,0.33643332260965764,True,False,10.497006191767786,False,False,opposite_direction
344,assignment_isolation,plus_one_randomisation,True,ok,66.62575457581448,3.6661150386225874,73.57654548479151,60.75388356126451,31.387636523056653,1.0,0.001,1.0,0.001,,,,,0,0,[],[],False,True,False,True,False,0.007071067811865475,0.007091244404989053,24,24,24,0,0.0,{},0.799123720760234,0.7333333333333334,0.0,False,True,False,True,False,False,0.0,73.57654548479151,60.75388356126451,73.57654548479151,95.79166666666667,1.0892183211277988,0.004320289573405649,False,0.5325318382352251,False,0.029861111111111116,False,False,0.5835602159931405,0.029861111111111116,True,True,-0.3466717730179566,0.728837918493693,True,False,0.12371217980764149,0.32023763053454524,True,False,9.404227640971364,False,False,opposite_direction
345,assignment_isolation,plus_one_randomisation,True,ok,58.66983647479791,4.067052699930492,66.02353523344205,52.388791863814795,31.308913976096097,1.0,0.001,1.0,0.001,,,,,0,0,[],[],False,True,False,True,False,0.007071067811865475,0.007077764922895104,24,24,24,0,0.0,{},0.7906591312056739,0.7037545787545787,0.0,False,True,False,True,False,False,0.0,66.02353523344205,52.388791863814795,66.02353523344205,95.66666666666667,1.0837134484047868,0.033165158964985314,False,0.5253024708164592,False,0.019444444444444486,False,False,0.530071583150125,0.019444444444444486,True,True,-0.19019128317622133,0.8491592414738485,True,False,0.16677815583835748,0.09403711305239759,True,False,8.64262614732558,False,False,opposite_direction
346,assignment_isolation,plus_one_randomisation,True,ok,60.755953382099925,3.718061631208715,67.35205611968046,54.432115367194,30.69097170471496,1.0,0.001,1.0,0.001,,,,,0,0,[],[],False,True,False,True,False,0.007071067811865475,0.007030741016128898,24,24,24,0,0.0,{},0.8026040593004878,0.6833333333333333,0.0,False,True,False,True,False,False,0.0,67.35205611968046,54.432115367194,67.35205611968046,96.91666666666667,1.0621380764452675,0.029170538075738186,False,0.5262295709125772,False,0.038541666666666696,False,False,0.5543054394956918,0.038541666666666696,True,True,-1.376369248761266,0.1687073434869022,True,False,0.289241131898727,0.0325686315713141,True,False,9.245164763927427,False,False,opposite_direction
347,assignment_isolation,plus_one_randomisation,True,ok,53.159039325981894,2.808834218602667,57.99619547450489,48.45837084706889,30.979532504616348,1.0,0.001,1.0,0.001,,,,,0,0,[],[],False,True,False,True,False,0.007071067811865475,0.007011876393555121,24,24,24,0,0.0,{},0.7771636632341724,0.7067375886524822,0.0,False,True,False,True,False,False,0.0,57.996195474504894,48.45837084706889,57.996195474504894,95.16666666666667,1.0595502168789561,0.02973867244284269,False,0.5031068161123223,False,0.046527777777777724,False,False,0.4966274013700769,0.046527777777777724,True,True,-1.2819029233714792,0.19987670233899424,True,False,0.13990638983657516,0.08944542451130148,True,False,5.990374547831892,False,False,opposite_direction
348,assignment_isolation,plus_one_randomisation,True,ok,65.46319064100764,3.43241906509821,71.43103656859456,59.66326448051553,31.47805787283018,1.0,0.001,1.0,0.001,,,,,0,0,[],[],False,True,False,True,False,0.007071067811865475,0.007059364519701828,24,24,24,0,0.0,{},0.8010309278350516,0.7077898550724637,0.0,False,True,False,True,False,False,0.0,71.43103656859456,59.66326448051553,71.43103656859456,97.33333333333333,1.0961609840344804,0.018007585311270682,False,0.5247777394090728,False,0.013541666666666674,False,False,0.573160940399297,0.013541666666666674,True,True,0.6643460984664343,0.5064688229459406,True,False,0.20795179119110058,0.14606877017447237,True,False,11.048088696071348,False,False,opposite_direction
349,assignment_isolation,plus_one_randomisation,True,ok,63.709112131925565,3.421841272869927,69.62380243896956,57.87050336544759,31.193549914394545,1.0,0.001,1.0,0.001,,,,,0,0,[],[],False,True,False,True,False,0.007071067811865475,0.007099128133729317,24,24,24,0,0.0,{},0.8169799917491749,0.7081325301204818,0.0,False,True,False,True,False,False,0.0,69.62380243896956,57.8705033654476,69.62380243896956,97.25,1.0919044244315617,0.034945728557554616,False,0.5120685802560078,False,0.023958333333333304,False,False,0.5629985396590738,0.023958333333333304,True,True,-1.049620623578311,0.293892571220537,True,False,0.19814228041527243,0.12528922489565983,True,False,9.431151572751883,False,False,opposite_direction
350,assignment_isolation,plus_one_randomisation,True,ok,63.48548414776396,4.018996622816356,70.23802137423486,57.339747562607805,31.94926727228441,1.0,0.001,1.0,0.001,,,,,0,0,[],[],False,True,False,True,False,0.007071067811865475,0.0070787452932572735,24,24,24,0,0.0,{},0.8164454971926715,0.5640752032520326,0.0,False,True,False,True,False,False,0.0,70.23802137423486,57.339747562607805,70.23802137423486,96.33333333333333,1.109878623003685,8.708414482691485e-05,False,0.5212166177197197,False,0.030555555555555558,False,False,0.5542964260559607,0.030555555555555558,True,True,1.171307349324775,0.24147525837890915,True,False,0.10874737132832529,0.395204443667949,True,False,9.430665275999885,False,False,opposite_direction
351,assignment_isolation,plus_one_randomisation,True,ok,58.69903267739352,2.9406187349467316,63.45509499461696,53.82106019905447,31.007019848048753,1.0,0.001,1.0,0.001,,,,,0,0,[],[],False,True,False,True,False,0.007071067811865475,0.007106635353846412,24,24,24,0,0.0,{},0.8127577319587628,0.7535984848484848,0.0,False,True,False,True,False,False,0.0,63.45509499461696,53.82106019905447,63.45509499461696,96.33333333333333,1.0813900211854972,0.020667422607328133,False,0.5346860586543163,False,0.025347222222222188,False,False,0.5312366500239664,0.025347222222222188,True,True,0.7066178002726505,0.47980402408671363,True,False,0.18181690673230308,0.3828590593457573,True,False,9.176890342215527,False,False,opposite_direction
352,assignment_isolation,plus_one_randomisation,True,ok,58.807212684300715,4.547304042576268,66.86342024368561,51.10900795344439,31.28913304057142,1.0,0.001,1.0,0.001,,,,,0,0,[],[],False,True,False,True,False,0.007071067811865475,0.007093163190851958,24,24,24,0,0.0,{},0.8076192876344086,0.7291208791208792,0.0,False,True,False,True,False,False,0.0,66.86342024368561,51.10900795344438,66.86342024368561,96.95833333333333,1.0926877057371573,0.02181820869996664,False,0.5295956907974158,False,0.0253472222222223,False,False,0.5274680726133781,0.0253472222222223,True,True,-0.23816807652863667,0.8117507360025275,True,False,0.11332905776873173,0.21494381805577067,True,False,10.46742999165187,False,False,opposite_direction
353,assignment_isolation,plus_one_randomisation,True,ok,57.629081186775664,4.207256823870134,65.02909123854337,50.789832305281585,30.939313031773256,1.0,0.001,1.0,0.001,,,,,0,0,[],[],False,True,False,True,False,0.007071067811865475,0.007013873051655236,24,24,24,0,0.0,{},0.7932000775709219,0.6650709219858153,0.0,False,True,False,True,False,False,0.0,65.02909123854337,50.789832305281585,65.02909123854337,95.79166666666667,1.0619460079966159,0.03639081919548064,False,0.5446691411570493,False,0.024652777777777746,False,False,0.5311257127574581,0.024652777777777746,True,True,0.09456603150886939,0.9246595318117546,True,False,0.07396005056140725,0.3106132122111853,True,False,9.622715042157912,False,False,opposite_direction
354,assignment_isolation,plus_one_randomisation,True,ok,58.77284073850027,3.9214917246029883,65.58628057382614,52.265452778816254,32.172442973038116,1.0,0.001,1.0,0.001,,,,,0,0,[],[],False,True,False,True,False,0.007071067811865475,0.007090305573899386,24,24,24,0,0.0,{},0.7998245419621751,0.6914772727272726,0.0,False,True,False,True,False,False,0.0,65.58628057382614,52.26545277881625,65.58628057382614,94.29166666666667,1.1075303923279902,0.016597957237726498,False,0.4901315299538523,False,0.027083333333333348,False,False,0.5212667039386096,0.027083333333333348,True,True,-1.5905824970042877,0.11170356610513872,True,False,0.14052872819936416,0.2134280019248898,True,False,8.83325147891696,False,False,opposite_direction
355,assignment_isolation,plus_one_randomisation,True,ok,65.13597426572348,4.534649101851456,73.0628502992254,57.8698058006627,31.5568995714738,1.0,0.001,1.0,0.001,,,,,0,0,[],[],False,True,False,True,False,0.007071067811865475,0.007067693199415999,24,24,24,0,0.0,{},0.7919559707903779,0.7102150537634409,0.0,False,True,False,True,False,False,0.0,73.0628502992254,57.8698058006627,73.0628502992254,95.83333333333333,1.0916924786916768,0.00221830343591048,False,0.489088399368425,False,0.02604166666666674,False,False,0.5727575072415049,0.02604166666666674,True,True,0.4977258097335249,0.6186773139248445,True,False,0.13053593352595216,0.14304187248312708,True,False,11.050814713927396,False,False,opposite_direction
356,assignment_isolation,plus_one_randomisation,True,ok,54.72106857854185,3.3851622762072604,61.286647464224636,49.41453900826222,30.846588921245093,1.0,0.001,1.0,0.001,,,,,0,0,[],[],False,True,False,True,False,0.007071067811865475,0.007044009261503406,24,24,24,0,0.0,{},0.7847739361702128,0.6991573033707865,0.0,False,True,False,True,False,False,0.0,61.286647464224636,49.41453900826222,61.286647464224636,94.91666666666667,1.0584450288222589,0.0011708571978772885,False,0.5299567825803987,False,0.019791666666666652,False,False,0.5097841407562399,0.019791666666666652,True,True,0.08781666215034924,0.9300223944474626,True,False,0.1501500235974435,0.032130747824160324,True,False,10.009495385280731,False,False,opposite_direction
357,assignment_isolation,plus_one_randomisation,True,ok,58.04954920317606,3.3609346512585407,64.14611955072411,52.466275360953055,31.658928965665723,1.0,0.001,1.0,0.001,,,,,0,0,[],[],False,True,False,True,False,0.007071067811865475,0.00705325940332142,24,24,24,0,0.0,{},0.7969435012261838,0.7004578754578754,0.0,False,True,False,True,False,False,0.0,64.14611955072411,52.466275360953055,64.14611955072411,96.54166666666667,1.0970172971115457,0.00036149744217522256,False,0.5137327019557324,False,0.02673611111111107,False,False,0.5200137943000545,0.02673611111111107,True,True,-0.7608962022210827,0.44671906711408527,True,False,0.19234279112814237,0.20587519550014366,True,False,8.701787652973534,False,False,opposite_direction
358,assignment_isolation,plus_one_randomisation,True,ok,56.106684068774804,3.1913330150828467,61.28422832204783,50.07198974574193,31.56593789334968,1.0,0.001,1.0,0.001,,,,,0,0,[],[],False,True,False,True,False,0.007071067811865475,0.007051140168882436,24,24,24,0,0.0,{},0.7678718134589828,0.6900000000000001,0.0,False,True,False,True,False,False,0.0,61.28422832204783,50.07198974574194,61.28422832204783,93.29166666666667,1.0749034975953848,0.016067375074457827,False,0.5146240164759492,False,0.035069444444444486,False,False,0.5139941328855179,0.035069444444444486,True,True,1.0545019677120009,0.29165316021419674,True,False,0.1230053695433907,0.18817497995671115,True,False,8.852951569303332,False,False,opposite_direction
359,assignment_isolation,plus_one_randomisation,True,ok,64.75142739954862,3.4538775231687486,70.93952935501396,58.81061146147524,31.41789180480103,1.0,0.001,1.0,0.001,,,,,0,0,[],[],False,True,False,True,False,0.007071067811865475,0.007094051001435419,24,24,24,0,0.0,{},0.8103611111111111,0.7519474637681159,0.0,False,True,False,True,False,False,0.0,70.93952935501396,58.81061146147524,70.93952935501396,96.33333333333333,1.0937791603447462,0.02547526765373051,False,0.5222941432034258,False,0.03194444444444444,False,False,0.569342787495117,0.03194444444444444,True,True,1.8251473936427027,0.06797878987273276,True,False,0.25734715528854996,0.03072102973861325,True,False,10.627296479171717,False,False,opposite_direction
360,assignment_isolation,plus_one_randomisation,True,ok,64.75106972984514,3.2805923575745792,71.44903123177733,59.69809424367317,31.654025707303745,1.0,0.001,1.0,0.001,,,,,0,0,[],[],False,True,False,True,False,0.007071067811865475,0.0070641544296173135,24,24,24,0,0.0,{},0.8017105263157894,0.6846899224806203,0.0,False,True,False,True,False,False,0.0,71.44903123177733,59.698094243673175,71.44903123177733,96.20833333333333,1.0966435420019647,0.0009664104343525299,False,0.4973006993438245,False,0.028125000000000067,False,False,0.5681985137959517,0.028125000000000067,True,True,0.9890633131267619,0.3226321657671096,True,False,0.13879527712883438,0.17964680046202308,True,False,10.105129423050244,False,False,opposite_direction
361,assignment_isolation,plus_one_randomisation,True,ok,65.25109285928573,3.356685061363826,70.82507592514044,59.91243420439504,31.515897542736088,1.0,0.001,1.0,0.001,,,,,0,0,[],[],False,True,False,True,False,0.007071067811865475,0.007079104126585538,24,24,24,0,0.0,{},0.7972946243714876,0.7137681159420292,0.0,False,True,False,True,False,False,0.0,70.82507592514044,59.91243420439505,70.82507592514044,96.0,1.0929834885252439,0.010650032505878697,False,0.5058164276630543,False,0.024652777777777746,False,False,0.5730118680952908,0.024652777777777746,True,True,1.1183138507413184,0.263432973409522,True,False,0.14792581817818343,0.2550525054761653,True,False,10.53547809086873,False,False,opposite_direction
362,assignment_isolation,plus_one_randomisation,True,ok,59.71840557921994,4.547598218117632,66.92708297324866,51.795992432461944,31.849174214694308,1.0,0.001,1.0,0.001,,,,,0,0,[],[],False,True,False,True,False,0.007071067811865475,0.0070376549838828415,24,24,24,0,0.0,{},0.7951481235224587,0.6312757201646091,0.0,False,True,False,True,False,False,0.0,66.92708297324866,51.79599243246194,66.92708297324866,94.91666666666667,1.091861095648007,0.014995929947390305,False,0.498983402943431,False,0.018402777777777768,False,False,0.5345772818024263,0.018402777777777768,True,True,0.26376433081334055,0.7919615213572692,True,False,0.1422602650425089,0.1473705440799117,True,False,7.700431895114895,False,False,opposite_direction
363,assignment_isolation,plus_one_randomisation,True,ok,63.40696562244781,2.7581921315788414,67.77118393603277,58.79439694179708,31.074789980137325,1.0,0.001,1.0,0.001,,,,,0,0,[],[],False,True,False,True,False,0.007071067811865475,0.007059776985515949,24,24,24,0,0.0,{},0.8011227147108844,0.7233695652173912,0.0,False,True,False,True,False,False,0.0,67.77118393603277,58.79439694179708,67.77118393603277,96.70833333333333,1.0787011406882447,0.001088678130563107,False,0.5226910723572132,False,0.012499999999999956,False,False,0.5662410354975792,0.012499999999999956,True,True,-0.9207323740857342,0.3571901695368769,True,False,0.15680659731117408,0.06547022811241537,True,False,8.010936416048727,False,False,opposite_direction
364,assignment_isolation,plus_one_randomisation,True,ok,64.39850907314623,3.1904381031211675,69.74805014633773,58.905108917766135,31.97942122351627,1.0,0.001,1.0,0.001,,,,,0,0,[],[],False,True,False,True,False,0.007071067811865475,0.0070749038081820625,24,24,24,0,0.0,{},0.7995721823041411,0.6450980392156862,0.0,False,True,False,True,False,False,0.0,69.74805014633773,58.905108917766135,69.74805014633773,95.75,1.1069564485405383,0.017033465279816636,False,0.5125001696668762,False,0.009722222222222299,False,False,0.5617162934701991,0.009722222222222299,True,True,1.1648562672792482,0.24407717828916542,True,False,0.1580819124675715,0.1608636918392925,True,False,9.96345907375213,False,False,opposite_direction
365,assignment_isolation,plus_one_randomisation,True,ok,59.693451462203804,3.068740570613935,64.67298897565088,53.719659682279854,31.865715290333057,1.0,0.001,1.0,0.001,,,,,0,0,[],[],False,True,False,True,False,0.007071067811865475,0.007043239807497053,24,24,24,0,0.0,{},0.8008773633773634,0.7020833333333333,0.0,False,True,False,True,False,False,0.0,64.67298897565088,53.719659682279854,64.67298897565088,96.45833333333333,1.1021381312316632,0.009150258928593195,False,0.5144011377038242,False,0.015625,False,False,0.5302646286923391,0.015625,True,True,-0.8174213232621632,0.4136876940936759,True,False,0.24656927319291377,0.048560916330696015,True,False,7.918400445031313,False,False,opposite_direction
366,assignment_isolation,plus_one_randomisation,True,ok,62.826750861723475,3.617154580393389,69.39248141827119,57.37384976394276,32.00201106244189,1.0,0.001,1.0,0.001,,,,,0,0,[],[],False,True,False,True,False,0.007071067811865475,0.007049534995116758,24,24,24,0,0.0,{},0.7940469615681324,0.6992673992673993,0.0,False,True,False,True,False,False,0.0,69.39248141827119,57.37384976394276,69.39248141827119,96.625,1.1087981677027645,0.037856932381505524,False,0.4987095995894578,False,0.015972222222222276,False,False,0.5501407772462867,0.015972222222222276,True,True,0.6846583923144752,0.49355951046288293,True,False,0.2012840921163572,0.04028917230152967,True,False,9.062300187961776,False,False,opposite_direction
367,assignment_isolation,plus_one_randomisation,True,ok,55.14466593412456,4.255201571582944,62.36164298137366,48.222435941462706,30.95862347326518,1.0,0.001,1.0,0.001,,,,,0,0,[],[],False,True,False,True,False,0.007071067811865475,0.007036168913941585,24,24,24,0,0.0,{},0.7981429668641651,0.6863553113553112,0.0,False,True,False,True,False,False,0.0,62.361642981373656,48.2224359414627,62.361642981373656,95.83333333333333,1.0662184675930997,0.019934258967619772,False,0.5225817779569941,False,0.03472222222222221,False,False,0.5099572048021158,0.03472222222222221,True,True,-0.16515499194900482,0.8688219899266477,True,False,0.07370924383968934,0.27461001503583904,True,False,7.363097903863952,False,False,opposite_direction
368,assignment_isolation,plus_one_randomisation,True,ok,58.446343335475284,3.634317709285646,64.56919219943498,52.07311244301745,30.968294044702798,1.0,0.001,1.0,0.001,,,,,0,0,[],[],False,True,False,True,False,0.007071067811865475,0.007033983442432799,24,24,24,0,0.0,{},0.8106828574094811,0.6916666666666668,0.0,False,True,False,True,False,False,0.0,64.56919219943498,52.07311244301744,64.56919219943498,96.45833333333333,1.069691401437774,0.0073380516212693545,False,0.5296512941215212,False,0.02083333333333337,False,False,0.5341288257961712,0.02083333333333337,True,True,0.8883180939511348,0.37436966944680383,True,False,0.11968937153677775,0.22867126461867723,True,False,8.817272447060851,False,False,opposite_direction
369,assignment_isolation,plus_one_randomisation,True,ok,64.26070585713211,4.531200038570977,73.5206818404655,57.055020964715084,31.737429346254704,1.0,0.001,1.0,0.001,,,,,0,0,[],[],False,True,False,True,False,0.007071067811865475,0.007106234592438727,24,24,24,0,0.0,{},0.820344387755102,0.7287545787545788,0.0,False,True,False,True,False,False,0.0,73.5206818404655,57.055020964715084,73.5206818404655,97.375,1.1127690224241114,0.03642720603363929,False,0.5230851733125832,False,0.03368055555555549,False,False,0.5584818348134774,0.03368055555555549,True,True,0.1392128894469007,0.8892819233789043,True,False,0.15246280579245003,0.15341504526202596,True,False,8.35700189343771,False,False,opposite_direction
370,assignment_isolation,plus_one_randomisation,True,ok,60.964697923753214,4.008355550320995,68.95098212756628,54.89742582507142,31.4027316481319,1.0,0.001,1.0,0.001,,,,,0,0,[],[],False,True,False,True,False,0.007071067811865475,0.006989059921529361,24,24,24,0,0.0,{},0.7906126281126282,0.6333333333333332,0.0,False,True,False,True,False,False,0.0,68.95098212756628,54.89742582507142,68.95098212756628,95.79166666666667,1.074039023448895,0.022873195232860626,False,0.4874460790351028,False,0.051736111111111094,False,False,0.5509164993828511,0.051736111111111094,True,True,2.0103269737385006,0.044396593833495986,True,False,0.18167248336127947,0.08024621126066453,True,False,10.081928750468967,False,False,opposite_direction
371,assignment_isolation,plus_one_randomisation,True,ok,60.50787948892643,3.600708442180476,66.73207887167906,54.756617957672326,31.441574780916312,1.0,0.001,1.0,0.001,,,,,0,0,[],[],False,True,False,True,False,0.007071067811865475,0.007045370965913888,24,24,24,0,0.0,{},0.7951105442176871,0.7270833333333333,0.0,False,True,False,True,False,False,0.0,66.73207887167906,54.756617957672326,66.73207887167906,96.5,1.0880323701601122,0.02198383424911542,False,0.521738551439597,False,0.023958333333333304,False,False,0.5419107002388354,0.023958333333333304,True,True,-0.6043470907413766,0.5456129043588522,True,False,0.2130107865460485,0.10194087189902236,True,False,7.420547428184981,False,False,opposite_direction
372,assignment_isolation,plus_one_randomisation,True,ok,52.98862804728568,3.054832552444947,58.25474983725484,47.753409520314804,30.49515702896607,1.0,0.001,1.0,0.001,,,,,0,0,[],[],False,True,False,True,False,0.007071067811865475,0.00708181969913043,24,24,24,0,0.0,{},0.8221305272108843,0.6733333333333333,0.0,False,True,False,True,False,False,0.0,58.25474983725484,47.75340952031481,58.25474983725484,96.54166666666667,1.0609700879364174,0.00015232099115824741,False,0.5292771592972135,False,0.03194444444444444,False,False,0.4946378533652809,0.03194444444444444,True,True,-0.7912735439466541,0.4287843832590975,True,False,0.22758286711289166,0.07013150319226703,True,False,8.19482246693097,False,False,opposite_direction
373,assignment_isolation,plus_one_randomisation,True,ok,62.138590185995355,4.306478803012192,69.14341824735243,54.463757039715716,32.02970897127077,1.0,0.001,1.0,0.001,,,,,0,0,[],[],False,True,False,True,False,0.007071067811865475,0.007045949815489295,24,24,24,0,0.0,{},0.7775709219858157,0.7382783882783883,0.0,False,True,False,True,False,False,0.0,69.14341824735243,54.463757039715716,69.14341824735243,95.625,1.1034388399306014,0.007636536094721178,False,0.5003252931748067,False,0.02430555555555558,False,False,0.5474276183748006,0.02430555555555558,True,True,-0.6846413064416801,0.49357029472552805,True,False,0.14739210251383694,0.1242842200955421,True,False,9.870123367262492,False,False,opposite_direction
374,assignment_isolation,plus_one_randomisation,True,ok,55.881679393456324,4.121338646890478,62.55297805144573,48.64459494554606,31.340493867547764,1.0,0.001,1.0,0.001,,,,,0,0,[],[],False,True,False,True,False,0.007071067811865475,0.0070702045036030005,24,24,24,0,0.0,{},0.8149557876499622,0.7075925925925926,0.0,False,True,False,True,False,False,0.0,62.55297805144573,48.64459494554606,62.55297805144573,97.125,1.091876029760768,0.055647027864782934,False,0.5184805499636357,False,0.032638888888888884,False,False,0.5053451127902869,0.032638888888888884,True,True,-1.2308402183257738,0.2183826301570745,True,False,0.17739737641774023,0.25361771325940446,True,False,7.352473385609078,False,False,opposite_direction
375,assignment_isolation,plus_one_randomisation,True,ok,65.54291940294245,4.2610115414216425,73.01747306334353,58.42307252682778,32.13399274906661,1.0,0.001,1.0,0.001,,,,,0,0,[],[],False,True,False,True,False,0.007071067811865475,0.007059075384139828,24,24,24,0,0.0,{},0.8112070172491039,0.7166666666666668,0.0,False,True,False,True,False,False,0.0,73.01747306334353,58.42307252682778,73.01747306334353,96.20833333333333,1.1124714162221074,0.021321996454347986,False,0.5056007925726315,False,0.007291666666666696,False,False,0.5672484571558544,0.007291666666666696,True,True,-0.21383434233614218,0.8306762429908279,True,False,0.0858632569324032,0.04526251515418623,True,False,9.412456573526098,False,False,opposite_direction
376,assignment_isolation,plus_one_randomisation,True,ok,61.67563454281018,3.6683719758441224,68.61755396052028,56.073847224706604,31.606728997544792,1.0,0.001,1.0,0.001,,,,,0,0,[],[],False,True,False,True,False,0.007071067811865475,0.007081582471539211,24,24,24,0,0.0,{},0.8174068491032775,0.6914035087719298,0.0,False,True,False,True,False,False,0.0,68.61755396052028,56.073847224706604,68.61755396052028,97.54166666666667,1.1052867411640521,0.039748652923624166,False,0.5119143237023495,False,0.029166666666666563,False,False,0.5433996857010371,0.029166666666666563,True,True,-0.5291211479323293,0.5967214119332624,True,False,0.21056619172286048,0.1609033103410479,True,False,7.674924471442894,False,False,opposite_direction
377,assignment_isolation,plus_one_randomisation,True,ok,59.855772028645,5.36307683766212,69.9318486870881,50.31506414888193,31.681879128827525,1.0,0.001,1.0,0.001,,,,,0,0,[],[],False,True,False,True,False,0.007071067811865475,0.007006227760678525,24,24,24,0,0.0,{},0.782986111111111,0.6537093495934959,0.0,False,True,False,True,False,False,0.0,69.9318486870881,50.31506414888193,69.9318486870881,95.875,1.086720543126161,0.01057867668606495,False,0.5224073639008842,False,0.030902777777777835,False,False,0.5376690634119456,0.030902777777777835,True,True,-1.287748170552644,0.19783363941714238,True,False,0.2836881358828322,0.021179857629943226,True,False,8.15497459061386,False,False,opposite_direction
378,assignment_isolation,plus_one_randomisation,True,ok,62.38531175538574,3.7653644205766708,67.98495220381726,55.93497954855424,31.331478688172112,1.0,0.001,1.0,0.001,,,,,0,0,[],[],False,True,False,True,False,0.007071067811865475,0.007073262247907344,24,24,24,0,0.0,{},0.8088958333333334,0.7120833333333334,0.0,False,True,False,True,False,False,0.0,67.98495220381726,55.934979548554246,67.98495220381726,97.33333333333333,1.0932046110431646,0.0031787942917834654,False,0.5231146107635468,False,0.005555555555555536,False,False,0.553266724931244,0.005555555555555536,True,True,-0.16091052625669647,0.8721638715902723,True,False,0.03901554216792635,0.29471578998128106,True,False,9.263494246371769,False,False,opposite_direction
379,assignment_isolation,plus_one_randomisation,True,ok,61.43960810597192,4.984851883913613,70.37031180127698,52.69388417643734,30.84346402260119,1.0,0.001,1.0,0.001,,,,,0,0,[],[],False,True,False,True,False,0.007071067811865475,0.007093693867984193,24,24,24,0,0.0,{},0.8081173894367248,0.7081460674157302,0.0,False,True,False,True,False,False,0.0,70.37031180127698,52.69388417643734,70.37031180127698,96.25,1.0732625200353665,0.03564102218818338,False,0.49544827990104695,False,0.03472222222222221,False,False,0.5546438082667131,0.03472222222222221,True,True,-0.13891402238775272,0.8895180901417242,True,False,0.0934353974596444,0.18017303205216567,True,False,9.750051607781982,False,False,opposite_direction
380,assignment_isolation,plus_one_randomisation,True,ok,54.231098918365994,3.884296668296376,61.06695416223424,47.366807618752176,30.66861828554615,1.0,0.001,1.0,0.001,,,,,0,0,[],[],False,True,False,True,False,0.007071067811865475,0.0070439013842260555,24,24,24,0,0.0,{},0.7950965604372937,0.7374542124542126,0.0,False,True,False,True,False,False,0.0,61.06695416223423,47.366807618752176,61.06695416223423,97.04166666666667,1.064036693712012,0.03297953555648686,False,0.5009992818586713,False,0.015972222222222276,False,False,0.5035224474304705,0.015972222222222276,True,True,-2.062007468722413,0.0392070249134666,True,False,0.20717019331978712,0.05837018060621761,True,False,7.690364391323452,False,False,opposite_direction
381,assignment_isolation,plus_one_randomisation,True,ok,58.687275065888294,3.4037370304642165,65.59947096480975,53.20160639624212,30.968481044706206,1.0,0.001,1.0,0.001,,,,,0,0,[],[],False,True,False,True,False,0.007071067811865475,0.007054139233552727,24,24,24,0,0.0,{},0.814305859280086,0.6874537037037037,0.0,False,True,False,True,False,False,0.0,65.59947096480975,53.20160639624212,65.59947096480975,97.375,1.0778483756131458,0.00021891791077545663,False,0.4887836608058053,False,0.0215277777777777,False,False,0.5325940263066753,0.0215277777777777,True,True,-0.7118985507475437,0.4765275996626275,True,False,0.14103542017617995,0.06213674148360954,True,False,9.463790077641907,False,False,opposite_direction
382,assignment_isolation,plus_one_randomisation,True,ok,63.30231262618761,3.8818192226388364,70.90300945967476,57.71436793583993,32.37339039869107,1.0,0.001,1.0,0.001,,,,,0,0,[],[],False,True,False,True,False,0.007071067811865475,0.007099221504603805,24,24,24,0,0.0,{},0.8085682744565217,0.7280701754385964,0.0,False,True,False,True,False,False,0.0,70.90300945967476,57.71436793583993,70.90300945967476,95.33333333333333,1.1219959906509702,0.019746000520169404,False,0.5122510355106913,False,0.014583333333333393,False,False,0.5482533381325237,0.014583333333333393,True,True,-0.19098441050587708,0.8485378069620537,True,False,0.10503242232459072,0.23303759147807662,True,False,9.359236027800456,False,False,opposite_direction
383,assignment_isolation,plus_one_randomisation,True,ok,50.72562543921874,4.8844939698041605,59.42601052394118,42.40305606148267,31.20590362925888,1.0,0.001,1.0,0.001,,,,,0,0,[],[],False,True,False,True,False,0.007071067811865475,0.007051071341667206,24,24,24,0,0.0,{},0.7953851038398325,0.6831501831501832,0.0,False,True,False,True,False,False,0.0,59.42601052394118,42.40305606148267,59.42601052394118,94.5,1.069492591177472,0.02979417573365187,False,0.5109648490020675,False,0.014930555555555558,False,False,0.4721953677595314,0.014930555555555558,True,True,-0.5074551683057381,0.6118354850793322,True,False,0.10314683485587434,0.28736478458397124,True,False,7.194332728323822,False,False,opposite_direction
384,assignment_isolation,plus_one_randomisation,True,ok,61.91786290640113,2.8465230469360323,66.7995407845214,57.23116542623454,31.987156629867314,1.0,0.001,1.0,0.001,,,,,0,0,[],[],False,True,False,True,False,0.007071067811865475,0.007062924468494067,24,24,24,0,0.0,{},0.8003436426116839,0.7041198501872658,0.0,False,True,False,True,False,False,0.0,66.7995407845214,57.23116542623453,66.7995407845214,95.79166666666667,1.1055899136051806,0.03199985286673977,False,0.5292291392972694,False,0.010069444444444464,False,False,0.5450045583259314,0.010069444444444464,True,True,1.494706620022062,0.13499102582728828,True,False,0.26172960461045097,0.0019315981752616282,True,False,8.026801570156586,False,False,opposite_direction
385,assignment_isolation,plus_one_randomisation,True,ok,62.31683602493329,4.198418274661137,69.62389980667427,54.72123165759276,32.0299082565663,1.0,0.001,1.0,0.001,,,,,0,0,[],[],False,True,False,True,False,0.007071067811865475,0.007034342171097351,24,24,24,0,0.0,{},0.7927405498281788,0.6953183520599251,0.0,False,True,False,True,False,False,0.0,69.62389980667427,54.72123165759276,69.62389980667427,96.45833333333333,1.106417574941142,0.023791688755575812,False,0.5133321844699299,False,0.01736111111111105,False,False,0.5475017744402672,0.01736111111111105,True,True,1.6777119608315572,0.09340334331872586,True,False,0.2586214115811917,0.023651225086724095,True,False,8.823486482829505,False,False,opposite_direction
386,assignment_isolation,plus_one_randomisation,True,ok,55.54215437413828,3.8269470230760487,61.47341163850382,49.21561552062028,31.63333300010368,1.0,0.001,1.0,0.001,,,,,0,0,[],[],False,True,False,True,False,0.007071067811865475,0.007069686710463973,24,24,24,0,0.0,{},0.8081880303667858,0.6971326164874552,0.0,False,True,False,True,False,False,0.0,61.47341163850382,49.21561552062028,61.47341163850382,95.83333333333333,1.0946453166472814,0.04466491724642992,False,0.5177193380716231,False,0.01736111111111105,False,False,0.5015614420575912,0.01736111111111105,True,True,1.1044370524093414,0.26940359533825486,True,False,0.121891430216435,0.049677805368402925,True,False,8.807647851087754,False,False,opposite_direction
387,assignment_isolation,plus_one_randomisation,True,ok,59.36943097724148,3.378101810969409,65.0358101586859,53.70447431052857,31.418452742293088,1.0,0.001,1.0,0.001,,,,,0,0,[],[],False,True,False,True,False,0.007071067811865475,0.007015822452292543,24,24,24,0,0.0,{},0.7933810763888889,0.6870833333333334,0.0,False,True,False,True,False,False,0.0,65.0358101586859,53.704474310528575,65.0358101586859,95.95833333333333,1.0796294831171496,0.023498803834733555,False,0.49392271970317553,False,0.02013888888888893,False,False,0.5369588994836889,0.02013888888888893,True,True,-0.029247259263726164,0.9766673898959911,True,False,0.20449994529466803,0.3900848876815765,True,False,9.95588443909588,False,False,opposite_direction
388,assignment_isolation,plus_one_randomisation,True,ok,56.10046170665627,4.08761460600441,62.80500661857991,49.587690158769384,31.304848966101368,1.0,0.001,1.0,0.001,,,,,0,0,[],[],False,True,False,True,False,0.007071067811865475,0.0070819959265784865,24,24,24,0,0.0,{},0.8029840679034228,0.6874537037037038,0.0,False,True,False,True,False,False,0.0,62.80500661857991,49.587690158769384,62.80500661857991,95.5,1.0832756361355507,0.023267459034306933,False,0.5138247846869803,False,0.02187500000000009,False,False,0.5105341331100391,0.02187500000000009,True,True,0.00903442310539473,0.9927916713468379,True,False,0.2926739374398843,0.014584635934452524,True,False,7.74186352758857,False,False,opposite_direction
389,assignment_isolation,plus_one_randomisation,True,ok,62.95904931894481,4.015079049711597,69.71488072926597,55.42553830344801,32.060784063016314,1.0,0.001,1.0,0.001,,,,,0,0,[],[],False,True,False,True,False,0.007071067811865475,0.007064946227931386,24,24,24,0,0.0,{},0.8098871366728511,0.7120588235294116,0.0,False,True,False,True,False,False,0.0,69.71488072926597,55.42553830344801,69.71488072926597,96.41666666666667,1.1120621529583983,0.007832586215001701,False,0.5124337291089884,False,0.025694444444444464,False,False,0.5497732449991567,0.025694444444444464,True,True,-1.4540705283309368,0.14592675348432405,True,False,0.17357268893321148,0.12571850428123696,True,False,8.657908572749704,False,False,opposite_direction
390,assignment_isolation,plus_one_randomisation,True,ok,66.42096724448461,3.1610025308167935,72.22772586840834,60.8140493600837,32.510787859662805,1.0,0.001,1.0,0.001,,,,,0,0,[],[],False,True,False,True,False,0.007071067811865475,0.007070471229516251,24,24,24,0,0.0,{},0.7863918439716314,0.65374531835206,0.0,False,True,False,True,False,False,0.0,72.22772586840834,60.81404936008371,72.22772586840834,94.29166666666667,1.116047076342192,0.0031760379041387084,False,0.4893044718626323,False,0.01805555555555549,False,False,0.5716558402609077,0.01805555555555549,True,True,0.856183838019298,0.39189610083094106,True,False,0.12431672070573094,0.37619232078005527,True,False,10.586756693218806,False,False,opposite_direction
391,assignment_isolation,plus_one_randomisation,True,ok,55.30207418303093,3.9548338591947254,62.96754541663591,49.56905076357859,30.36413241402471,1.0,0.001,1.0,0.001,,,,,0,0,[],[],False,True,False,True,False,0.007071067811865475,0.007057089464663022,24,24,24,0,0.0,{},0.817338134748849,0.7077898550724637,0.0,False,True,False,True,False,False,0.0,62.96754541663591,49.56905076357859,62.96754541663591,97.95833333333333,1.0604182608060764,0.018110894823227666,False,0.4876433733684961,False,0.031597222222222276,False,False,0.5136083747163216,0.031597222222222276,True,True,1.211646919790236,0.22564756585661994,True,False,0.1277818437327763,0.3276219088502945,True,False,9.339456449982668,False,False,opposite_direction
392,assignment_isolation,plus_one_randomisation,True,ok,71.06372791089142,3.635388708300897,77.72805950317138,64.89405691708069,32.284561936377436,1.0,0.001,1.0,0.001,,,,,0,0,[],[],False,True,False,True,False,0.007071067811865475,0.007052474485691911,24,24,24,0,0.0,{},0.7901936026936026,0.673235294117647,0.0,False,True,False,True,False,False,0.0,77.72805950317138,64.89405691708069,77.72805950317138,96.54166666666667,1.1185716858610084,0.011401271078316344,False,0.5104061988598466,False,0.030555555555555558,False,False,0.5998354400923263,0.030555555555555558,True,True,0.7135151799282013,0.47552702321192974,True,False,0.11070558473161173,0.22306118881468623,True,False,11.61370144710983,False,False,opposite_direction
393,assignment_isolation,plus_one_randomisation,True,ok,64.15218856320485,4.420334742737574,72.13697262259574,57.323092079203235,31.736577368335936,1.0,0.001,1.0,0.001,,,,,0,0,[],[],False,True,False,True,False,0.007071067811865475,0.007064941175411787,24,24,24,0,0.0,{},0.7890894647332618,0.7287453183520599,0.0,False,True,False,True,False,False,0.0,72.13697262259574,57.323092079203235,72.13697262259574,96.5,1.1012915313038503,0.048291013883188634,False,0.5087105948676671,False,0.019444444444444486,False,False,0.562284977371523,0.019444444444444486,True,True,1.10161325052341,0.2706298452260807,True,False,0.2537775569546966,0.07816655789123964,True,False,8.339288167302392,False,False,opposite_direction
394,assignment_isolation,plus_one_randomisation,True,ok,65.07917400435858,4.152858799221007,72.82561987982601,57.92253066924297,32.21907737330268,1.0,0.001,1.0,0.001,,,,,0,0,[],[],False,True,False,True,False,0.007071067811865475,0.00704813215645121,24,24,24,0,0.0,{},0.7982709750566892,0.6831275720164609,0.0,False,True,False,True,False,False,0.0,72.82561987982601,57.92253066924297,72.82561987982601,95.75,1.1110319142954124,0.03016353735388065,False,0.5080601855527667,False,0.027083333333333348,False,False,0.5647101561607987,0.027083333333333348,True,True,0.6786845070474752,0.49733778480788926,True,False,0.16064413252268148,0.11771496090521598,True,False,9.43815019414638,False,False,opposite_direction
395,assignment_isolation,plus_one_randomisation,True,ok,65.10333092676213,4.59184505799404,72.14341673205973,55.65788452296837,31.927710746119335,1.0,0.001,1.0,0.001,,,,,0,0,[],[],False,True,False,True,False,0.007071067811865475,0.007046597394763174,24,24,24,0,0.0,{},0.7992945128779396,0.7206140350877194,0.0,False,True,False,True,False,False,0.0,72.14341673205973,55.65788452296837,72.14341673205973,96.75,1.106477865039966,0.01671967957263156,False,0.4908368968589232,False,0.019791666666666652,False,False,0.5666684289664956,0.019791666666666652,True,True,0.1274393799678471,0.8985926496093073,True,False,0.20482801913631932,0.08290853974789529,True,False,9.749919080010605,False,False,opposite_direction
396,assignment_isolation,plus_one_randomisation,True,ok,59.4108115220086,4.030862530950943,66.8868096058121,53.21296991994376,31.724458750604107,1.0,0.001,1.0,0.001,,,,,0,0,[],[],False,True,False,True,False,0.007071067811865475,0.007038261350942485,24,24,24,0,0.0,{},0.8101383336839891,0.716489361702128,0.0,False,True,False,True,False,False,0.0,66.8868096058121,53.21296991994376,66.8868096058121,96.66666666666667,1.0976603750318368,0.01899437659302165,False,0.4919474902001811,False,0.015625,False,False,0.5299671527383379,0.015625,True,True,-0.10712457793900997,0.9146901489835049,True,False,0.16288629778775793,0.13374360250410414,True,False,8.3456389600596,False,False,opposite_direction
397,assignment_isolation,plus_one_randomisation,True,ok,60.98327853303903,4.05586622104449,67.61414534931322,53.68679848216523,31.83752527029029,1.0,0.001,1.0,0.001,,,,,0,0,[],[],False,True,False,True,False,0.007071067811865475,0.00702742387023842,24,24,24,0,0.0,{},0.7812278368794324,0.6870879120879121,0.0,False,True,False,True,False,False,0.0,67.61414534931322,53.68679848216524,67.61414534931322,95.5,1.0932189275884767,0.021343384435504674,False,0.5135509322246505,False,0.03541666666666665,False,False,0.5432627805718921,0.03541666666666665,True,True,-1.7115202636577165,0.08698511373184581,True,False,0.15362749931582229,0.13651866074494037,True,False,10.126998324412176,False,False,opposite_direction
398,assignment_isolation,plus_one_randomisation,True,ok,54.08405607018758,3.2811417519644435,59.685541467676714,47.98898804773764,31.215034120070424,1.0,0.001,1.0,0.001,,,,,0,0,[],[],False,True,False,True,False,0.007071067811865475,0.0070123186770535625,24,24,24,0,0.0,{},0.7850445309702829,0.6959786821705426,0.0,False,True,False,True,False,False,0.0,59.68554146767671,47.98898804773764,59.68554146767671,95.70833333333333,1.0707062544436399,0.04584259249302073,False,0.5008022122347152,False,0.03541666666666665,False,False,0.4995938666459063,0.03541666666666665,True,True,-1.6697102076915622,0.09497671316227804,True,False,0.19050634667038793,0.026659143136678793,True,False,7.801278474567632,False,False,opposite_direction
399,assignment_isolation,plus_one_randomisation,True,ok,61.64636799836351,4.1984642039064655,69.1512817296918,54.89437178357956,31.643684093337928,1.0,0.001,1.0,0.001,,,,,0,0,[],[],False,True,False,True,False,0.007071067811865475,0.007066665904440738,24,24,24,0,0.0,{},0.8056798952858734,0.6705992509363298,0.0,False,True,False,True,False,False,0.0,69.1512817296918,54.89437178357955,69.1512817296918,95.75,1.0940596351275427,0.01229968184287599,False,0.5099858316581419,False,0.016319444444444442,False,False,0.5476842919566665,0.016319444444444442,True,True,0.13901914942589022,0.8894350169292695,True,False,0.13764092788196494,0.031205324513449796,True,False,9.853007624914369,False,False,opposite_direction
400,assignment_isolation,plus_one_randomisation,True,ok,63.19419579948583,3.898953916626405,69.05878896700052,55.91230157449433,31.58896316425736,1.0,0.001,1.0,0.001,,,,,0,0,[],[],False,True,False,True,False,0.007071067811865475,0.007092382604952881,24,24,24,0,0.0,{},0.7932017543859649,0.7504981884057971,0.0,False,True,False,True,False,False,0.0,69.05878896700052,55.91230157449433,69.05878896700052,95.79166666666667,1.0963807368771268,0.011237618220534464,False,0.5270052655063161,False,0.028124999999999956,False,False,0.5576489001292403,0.028124999999999956,True,True,1.1817230063906847,0.23731562656852556,True,False,0.16681846308976966,0.21029402864115052,True,False,10.683153250110957,False,False,opposite_direction
401,assignment_isolation,plus_one_randomisation,True,ok,54.19283741384481,3.6915974869701373,59.6249116731162,46.72456405120984,30.54117018567845,1.0,0.001,1.0,0.001,,,,,0,0,[],[],False,True,False,True,False,0.007071067811865475,0.007054220939478604,24,24,24,0,0.0,{},0.8025159759160757,0.7053370786516853,0.0,False,True,False,True,False,False,0.0,59.6249116731162,46.724564051209846,59.6249116731162,96.70833333333333,1.059343203197747,0.006696714657959841,False,0.4958717500283475,False,0.011805555555555625,False,False,0.5051522090377799,0.011805555555555625,True,True,0.044855535496602275,0.9642224586786957,True,False,0.13487205583500958,0.0773153924238153,True,False,9.330472160747744,False,False,opposite_direction
402,assignment_isolation,plus_one_randomisation,True,ok,60.42757207345603,3.845302531509649,67.17417187153274,53.7626613757639,30.823721275534247,1.0,0.001,1.0,0.001,,,,,0,0,[],[],False,True,False,True,False,0.007071067811865475,0.00707574054219399,24,24,24,0,0.0,{},0.8076795212765957,0.7102564102564101,0.0,False,True,False,True,False,False,0.0,67.17417187153274,53.76266137576389,67.17417187153274,96.625,1.0719430830525059,0.013546288765149768,False,0.5193289611642897,False,0.018749999999999933,False,False,0.5478837692194807,0.018749999999999933,True,True,-0.821537209024535,0.41134033866551467,True,False,0.14904174602596876,0.27066208353602017,True,False,9.479681646000593,False,False,opposite_direction
403,assignment_isolation,plus_one_randomisation,True,ok,60.84433341511372,3.9778778167719357,68.2742080321445,54.284292704833796,31.794515013041444,1.0,0.001,1.0,0.001,,,,,0,0,[],[],False,True,False,True,False,0.007071067811865475,0.007112679846626945,24,24,24,0,0.0,{},0.8056121486511978,0.6624537037037037,0.0,False,True,False,True,False,False,0.0,68.2742080321445,54.284292704833796,68.2742080321445,94.66666666666667,1.1001553436933713,0.026465070403505698,False,0.534617242898613,False,0.019791666666666652,False,False,0.5394726318297612,0.019791666666666652,True,True,0.8044352447555797,0.42114565321171127,True,False,0.15795122918375795,0.1256746053978674,True,False,9.594341988502954,False,False,opposite_direction
404,assignment_isolation,plus_one_randomisation,True,ok,68.99478959837953,3.414118023610944,74.76533402686725,63.126789552575175,32.25599020096224,1.0,0.001,1.0,0.001,,,,,0,0,[],[],False,True,False,True,False,0.007071067811865475,0.0070361052307667945,24,24,24,0,0.0,{},0.7962519971163589,0.6612887596899224,0.0,False,True,False,True,False,False,0.0,74.76533402686725,63.12678955257517,74.76533402686725,95.70833333333333,1.1101651389652352,0.014570305201411237,False,0.5163048974440984,False,0.02673611111111107,False,False,0.5904144414148079,0.02673611111111107,True,True,-0.21637248532248082,0.8286974118095232,True,False,0.16221679834793884,0.241790099491909,True,False,8.920564135453903,False,False,opposite_direction
405,assignment_isolation,plus_one_randomisation,True,ok,64.62779414398524,3.4126793544691996,70.05662673648152,58.29129986135495,32.01542716528642,1.0,0.001,1.0,0.001,,,,,0,0,[],[],False,True,False,True,False,0.007071067811865475,0.007075178200691027,24,24,24,0,0.0,{},0.7932291666666667,0.7363295880149814,0.0,False,True,False,True,False,False,0.0,70.05662673648152,58.29129986135495,70.05662673648152,95.45833333333333,1.1065565459552216,0.02248842716792673,False,0.5077556567502414,False,0.004861111111111094,False,False,0.5634307494261181,0.004861111111111094,True,True,0.605723590875268,0.5446983159503076,True,False,0.15759427392933043,0.1327210213877618,True,False,8.803259818578553,False,False,opposite_direction
406,assignment_isolation,plus_one_randomisation,True,ok,59.58744014277019,3.1758534004435828,64.8684747390628,54.198819376193455,31.013623617796856,1.0,0.001,1.0,0.001,,,,,0,0,[],[],False,True,False,True,False,0.007071067811865475,0.007087329397727402,24,24,24,0,0.0,{},0.8121415770609319,0.7137037037037036,0.0,False,True,False,True,False,False,0.0,64.8684747390628,54.198819376193455,64.8684747390628,96.08333333333333,1.0772814082946294,0.04403826035363101,False,0.5035776157560125,False,0.035069444444444486,False,False,0.5395329213229102,0.035069444444444486,True,True,-0.7889853933064416,0.43012054373875486,True,False,0.2026674709314522,0.3250113932205723,True,False,8.436912162247445,False,False,opposite_direction
407,assignment_isolation,plus_one_randomisation,True,ok,56.56813536273199,3.29647010491852,62.89465608998364,51.18116457598357,31.35140906556507,1.0,0.001,1.0,0.001,,,,,0,0,[],[],False,True,False,True,False,0.007071067811865475,0.007059561295756838,24,24,24,0,0.0,{},0.7988483796296297,0.7370879120879121,0.0,False,True,False,True,False,False,0.0,62.89465608998364,51.181164575983566,62.89465608998364,96.83333333333333,1.0889732793400275,0.010104225311138535,False,0.5022536705903673,False,0.008333333333333304,False,False,0.5118774161792612,0.008333333333333304,True,True,-0.08596746931127472,0.9314922771906753,True,False,0.09473229168847622,0.28137499788662196,True,False,8.823383415049873,False,False,opposite_direction
408,assignment_isolation,plus_one_randomisation,True,ok,64.80769363035601,3.5087855758614634,71.32097950110986,58.78978493382984,31.84249024149003,1.0,0.001,1.0,0.001,,,,,0,0,[],[],False,True,False,True,False,0.007071067811865475,0.007003144399131503,24,24,24,0,0.0,{},0.7839797965658826,0.6586647727272728,0.0,False,True,False,True,False,False,0.0,71.32097950110986,58.78978493382984,71.32097950110986,94.83333333333333,1.0858019517369724,0.029266426178387164,False,0.5080211465940703,False,0.035069444444444375,False,False,0.5729133347463815,0.035069444444444375,True,True,-1.4629093200460836,0.1434921934149151,True,False,0.11223464537881246,0.29551447665135266,True,False,9.366774066630022,False,False,opposite_direction
409,assignment_isolation,plus_one_randomisation,True,ok,56.404140686060636,3.377940032236948,62.4347468211953,51.175970438074,30.834978817420588,1.0,0.001,1.0,0.001,,,,,0,0,[],[],False,True,False,True,False,0.007071067811865475,0.007075712467085961,24,24,24,0,0.0,{},0.8058732486151843,0.7081417624521075,0.0,False,True,False,True,False,False,0.0,62.4347468211953,51.17597043807401,62.4347468211953,96.75,1.0730237186727263,0.00010289716775264693,False,0.5329430115453058,False,0.016666666666666607,False,False,0.5170907245929958,0.016666666666666607,True,True,0.7787858252829517,0.4361058889740784,True,False,0.09975701175431992,0.49401414617114153,True,False,7.749769837137452,False,False,opposite_direction
410,assignment_isolation,plus_one_randomisation,True,ok,65.54334378995378,3.4153329874702956,71.38571002761708,59.44694752886639,32.368711420510834,1.0,0.001,1.0,0.001,,,,,0,0,[],[],False,True,False,True,False,0.007071067811865475,0.007086669137938013,24,24,24,0,0.0,{},0.7936372571692878,0.6992424242424242,0.0,False,True,False,True,False,False,0.0,71.38571002761708,59.44694752886639,71.38571002761708,94.5,1.1149450821137863,0.025493747070224268,False,0.5015999684860105,False,0.020138888888888817,False,False,0.5662805785701037,0.020138888888888817,True,True,0.5283559053754657,0.5972523361358302,True,False,0.13694904295957436,0.21766948941306932,True,False,9.992853979888382,False,False,opposite_direction
411,assignment_isolation,plus_one_randomisation,True,ok,64.0765455778387,4.135627384233626,70.74588621936495,57.28649580615999,31.686106282807092,1.0,0.001,1.0,0.001,,,,,0,0,[],[],False,True,False,True,False,0.007071067811865475,0.007079049865322689,24,24,24,0,0.0,{},0.8056386308733966,0.6992753623188405,0.0,False,True,False,True,False,False,0.0,70.74588621936495,57.28649580615999,70.74588621936495,96.375,1.101022124535996,0.020519397800072774,False,0.5069238406777904,False,0.027083333333333348,False,False,0.5618754118999346,0.027083333333333348,True,True,-0.9738515453497747,0.330130255415336,True,False,0.1193646119826261,0.2429410116403552,True,False,8.389532251668184,False,False,opposite_direction
412,assignment_isolation,plus_one_randomisation,True,ok,62.537521562475625,3.819420867616077,69.23886402967321,56.21655511594485,31.398607643132422,1.0,0.001,1.0,0.001,,,,,0,0,[],[],False,True,False,True,False,0.007071067811865475,0.007063869976647384,24,24,24,0,0.0,{},0.8122912414965986,0.7164814814814813,0.0,False,True,False,True,False,False,0.0,69.23886402967321,56.21655511594485,69.23886402967321,96.66666666666667,1.0903387890882452,0.0009981563016602077,False,0.5250914650432144,False,0.015625,False,False,0.555489777606748,0.015625,True,True,-0.609443995797841,0.5422301835211744,True,False,0.1277812184921914,0.14871591738652676,True,False,7.7101237122822655,False,False,opposite_direction
413,assignment_isolation,plus_one_randomisation,True,ok,63.28672545091219,4.584475616507536,71.10583064159407,55.57164909393447,31.876144023032634,1.0,0.001,1.0,0.001,,,,,0,0,[],[],False,True,False,True,False,0.007071067811865475,0.007068731579992064,24,24,24,0,0.0,{},0.8082482993197279,0.7151041666666665,0.0,False,True,False,True,False,False,0.0,71.10583064159407,55.57164909393447,71.10583064159407,96.875,1.1088763808069266,0.01771142708582213,False,0.5132299966652276,False,0.00868055555555547,False,False,0.5533158852965706,0.00868055555555547,True,True,-0.044801476007546054,0.9642655485919782,True,False,0.10385871782470278,0.24659422865418465,True,False,9.598378904322344,False,False,opposite_direction
414,assignment_isolation,plus_one_randomisation,True,ok,70.48999472709282,3.97234302423199,77.50728555995974,64.06955541830824,32.46231834938001,1.0,0.001,1.0,0.001,,,,,0,0,[],[],False,True,False,True,False,0.007071067811865475,0.007052755800482533,24,24,24,0,0.0,{},0.795656922043011,0.6946220930232558,0.0,False,True,False,True,False,False,0.0,77.50728555995974,64.06955541830824,77.50728555995974,95.875,1.1208850379389466,0.000406971008637624,False,0.48463710796799697,False,0.027430555555555514,False,False,0.5954905360360483,0.027430555555555514,True,True,0.49121853890841144,0.6232718881407138,True,False,0.16315570271303773,0.1686224836616888,True,False,11.485472724739337,False,False,opposite_direction
415,assignment_isolation,plus_one_randomisation,True,ok,61.21960158555222,3.7278440681877023,67.92305677680459,54.887466873172414,31.389073626221034,1.0,0.001,1.0,0.001,,,,,0,0,[],[],False,True,False,True,False,0.007071067811865475,0.007005035265865696,24,24,24,0,0.0,{},0.7757440142686389,0.6492063492063491,0.0,False,True,False,True,False,False,0.0,67.92305677680459,54.88746687317242,67.92305677680459,95.25,1.0729792447797197,0.017907276227732985,False,0.5145380253531078,False,0.028124999999999956,False,False,0.5531840593293559,0.028124999999999956,True,True,-0.25431774127731444,0.799250094728124,True,False,0.18386192632957368,0.01516977473857174,True,False,9.34922366649789,False,False,opposite_direction
416,assignment_isolation,plus_one_randomisation,True,ok,59.89525062595968,4.650323447643828,68.18248353337357,52.05846090627982,31.62332343132287,1.0,0.001,1.0,0.001,,,,,0,0,[],[],False,True,False,True,False,0.007071067811865475,0.007033719506427728,24,24,24,0,0.0,{},0.7998217417829636,0.7164835164835165,0.0,False,True,False,True,False,False,0.0,68.18248353337357,52.05846090627981,68.18248353337357,96.70833333333333,1.0936906741790569,0.005593184920204979,False,0.5279123111495081,False,0.014236111111111116,False,False,0.5351425085396859,0.014236111111111116,True,True,1.5954890664236208,0.11060291304576438,True,False,0.21391037250729117,0.08023699700390494,True,False,9.538658240194192,False,False,opposite_direction
417,assignment_isolation,plus_one_randomisation,True,ok,54.5709838418882,3.8705105377159947,60.5264893054601,47.20551196893555,31.096730529799924,1.0,0.001,1.0,0.001,,,,,0,0,[],[],False,True,False,True,False,0.007071067811865475,0.007040058552192444,24,24,24,0,0.0,{},0.7989137831308903,0.6919089147286822,0.0,False,True,False,True,False,False,0.0,60.5264893054601,47.20551196893555,60.5264893054601,96.20833333333333,1.0736614287838517,0.0003837252237173519,False,0.5043283646574527,False,0.020486111111111094,False,False,0.5023135158798221,0.020486111111111094,True,True,-0.8494120762520992,0.3956520357460601,True,False,0.3818436998505668,0.0013098436446585598,True,False,8.519504438051795,False,False,opposite_direction
418,assignment_isolation,plus_one_randomisation,True,ok,59.91103487711248,4.41995565720179,68.11533910717904,52.60305691946033,31.696416134154667,1.0,0.001,1.0,0.001,,,,,0,0,[],[],False,True,False,True,False,0.007071067811865475,0.007074717787523686,24,24,24,0,0.0,{},0.8029978962131836,0.6623983739837399,0.0,False,True,False,True,False,False,0.0,68.11533910717904,52.60305691946033,68.11533910717904,95.45833333333333,1.0954592035605952,0.0002200277215693658,False,0.5133878022866715,False,0.026388888888888906,False,False,0.5345466398381709,0.026388888888888906,True,True,-1.8105454369509717,0.0702112448481706,True,False,0.24464017844865474,0.035662367789688926,True,False,8.151196530328496,False,False,opposite_direction
419,assignment_isolation,plus_one_randomisation,True,ok,58.888982620868056,4.47679614486656,66.43362646774418,51.33986326756214,31.111201016824605,1.0,0.001,1.0,0.001,,,,,0,0,[],[],False,True,False,True,False,0.007071067811865475,0.007031076057485473,24,24,24,0,0.0,{},0.7950797101449276,0.6534313725490196,0.0,False,True,False,True,False,False,0.0,66.43362646774418,51.339863267562144,66.43362646774418,95.95833333333333,1.0713957647563086,0.016935775238239952,False,0.5211793708323397,False,0.03229166666666661,False,False,0.5367519087361278,0.03229166666666661,True,True,1.4367335027271904,0.1507937315174922,True,False,0.17628393312897048,0.12099040081338215,True,False,8.89711440810567,False,False,opposite_direction
420,assignment_isolation,plus_one_randomisation,True,ok,59.13766290461873,4.496189531866866,68.54119644085111,52.78511357641265,30.748523250910136,1.0,0.001,1.0,0.001,,,,,0,0,[],[],False,True,False,True,False,0.007071067811865475,0.007045816393570289,24,24,24,0,0.0,{},0.7864229568118102,0.7037545787545786,0.0,False,True,False,True,False,False,0.0,68.54119644085111,52.78511357641265,68.54119644085111,96.79166666666667,1.065723575135362,0.029347565544176644,False,0.5145356634529676,False,0.025347222222222188,False,False,0.5409467785965488,0.025347222222222188,True,True,-1.7433837127565188,0.08126661137715477,True,False,0.10538663472051325,0.09517333593216751,True,False,7.766501748093722,False,False,opposite_direction
421,assignment_isolation,plus_one_randomisation,True,ok,58.46308902032079,3.101122820867598,63.66297739571829,53.065456980097906,30.66213473452434,1.0,0.001,1.0,0.001,,,,,0,0,[],[],False,True,False,True,False,0.007071067811865475,0.007086079246414533,24,24,24,0,0.0,{},0.816151202749141,0.7204710144927535,0.0,False,True,False,True,False,False,0.0,63.66297739571829,53.065456980097906,63.66297739571829,96.91666666666667,1.0694922239578315,0.041291000450312636,False,0.5195955025926781,False,0.017708333333333326,False,False,0.5343371254523975,0.017708333333333326,True,True,-0.47010531914861553,0.6382797740933086,True,False,0.23670905644568285,0.022127657435837954,True,False,9.760355175563285,False,False,opposite_direction
422,assignment_isolation,plus_one_randomisation,True,ok,57.908144546748794,4.305154425803996,64.90286424072372,50.00371455038048,30.845869266677543,1.0,0.001,1.0,0.001,,,,,0,0,[],[],False,True,False,True,False,0.007071067811865475,0.007097554180378429,24,24,24,0,0.0,{},0.805970512415825,0.7333333333333335,0.0,False,True,False,True,False,False,0.0,64.90286424072372,50.00371455038047,64.90286424072372,95.91666666666667,1.0720690865941298,0.031413180024338294,False,0.4914039815452076,False,0.023263888888888973,False,False,0.529073591839789,0.023263888888888973,True,True,0.35614525724030127,0.7217317858840602,True,False,0.14730717732444848,0.29820376355279316,True,False,7.490402894390802,False,False,opposite_direction
423,assignment_isolation,plus_one_randomisation,True,ok,62.10308933833368,4.2280342811084095,69.06253814774439,54.29408350010605,31.863499926924245,1.0,0.001,1.0,0.001,,,,,0,0,[],[],False,True,False,True,False,0.007071067811865475,0.00705604359793743,24,24,24,0,0.0,{},0.7902482269503546,0.6743055555555556,0.0,False,True,False,True,False,False,0.0,69.06253814774439,54.29408350010605,69.06253814774439,95.375,1.0978474890350152,0.04919162576159245,False,0.4938675491693847,False,0.018750000000000044,False,False,0.5494108351972338,0.018750000000000044,True,True,2.0899749937413867,0.036620046062842894,True,False,0.2095601570716242,0.0888710592514541,True,False,8.946460369237156,False,False,opposite_direction
424,assignment_isolation,plus_one_randomisation,True,ok,55.962827133697054,3.4648155922418487,62.77427321468133,50.292240423604966,30.956890195879833,1.0,0.001,1.0,0.001,,,,,0,0,[],[],False,True,False,True,False,0.007071067811865475,0.007078820929964828,24,24,24,0,0.0,{},0.8121031634938409,0.7204166666666666,0.0,False,True,False,True,False,False,0.0,62.77427321468133,50.292240423604966,62.77427321468133,97.0,1.0791308903815018,0.016044305985650528,False,0.4906718790771227,False,0.016319444444444442,False,False,0.5111393958331614,0.016319444444444442,True,True,-0.2376523268354573,0.8121507620092963,True,False,0.14667773754543068,0.26093396768502736,True,False,8.266929621390155,False,False,opposite_direction
425,assignment_isolation,plus_one_randomisation,True,ok,58.23033711647604,4.371353221039091,65.72903250711599,50.95311467325578,29.985866794025807,1.0,0.001,1.0,0.001,,,,,0,0,[],[],False,True,False,True,False,0.007071067811865475,0.0071151725696410335,24,24,24,0,0.0,{},0.8309718679138323,0.7454343971631203,0.0,False,True,False,True,False,False,0.0,65.72903250711599,50.95311467325578,65.72903250711599,98.0,1.056051474801462,0.03870755759694791,False,0.5424834283364716,False,0.04756944444444444,False,False,0.53815200414272,0.04756944444444444,True,True,-0.07946046371589635,0.9366663775244848,True,False,0.2292409088053517,0.053128730187924196,True,False,9.71865345794586,False,False,opposite_direction
426,assignment_isolation,plus_one_randomisation,True,ok,59.45417214996369,3.275269101902753,64.74726124077681,53.50062838247036,31.40740769691186,1.0,0.001,1.0,0.001,,,,,0,0,[],[],False,True,False,True,False,0.007071067811865475,0.007054676503710091,24,24,24,0,0.0,{},0.7922180013309671,0.6820199275362319,0.0,False,True,False,True,False,False,0.0,64.74726124077681,53.50062838247036,64.74726124077681,95.125,1.0805043883131766,0.007077713054890175,False,0.5395603003043873,False,0.007986111111111138,False,False,0.5372304372661442,0.007986111111111138,True,True,-0.14350890397412303,0.8858882796822373,True,False,0.14792218264918558,0.16639527466096127,True,False,7.851749194391122,False,False,opposite_direction
427,assignment_isolation,plus_one_randomisation,True,ok,58.110976995010596,4.515417751944173,66.2421675710736,51.167086849467246,30.961792039720123,1.0,0.001,1.0,0.001,,,,,0,0,[],[],False,True,False,True,False,0.007071067811865475,0.007109166583639356,24,24,24,0,0.0,{},0.8204045447966422,0.7029693486590041,0.0,False,True,False,True,False,False,0.0,66.2421675710736,51.167086849467246,66.2421675710736,96.58333333333333,1.0815980096925941,0.005516471533096174,False,0.5184243192648467,False,0.03020833333333328,False,False,0.526715000215933,0.03020833333333328,True,True,0.18635113644893195,0.8521694086171865,True,False,0.09550251274028548,0.348531316545923,True,False,9.203565196284774,False,False,opposite_direction
428,assignment_isolation,plus_one_randomisation,True,ok,64.3315148492776,3.285421336340655,69.64003901915262,59.045788161304046,31.77454545243392,1.0,0.001,1.0,0.001,,,,,0,0,[],[],False,True,False,True,False,0.007071067811865475,0.007075570836170211,24,24,24,0,0.0,{},0.8100398936170211,0.6331372549019607,0.0,False,True,False,True,False,False,0.0,69.64003901915262,59.045788161304046,69.64003901915262,95.70833333333333,1.0997290840452305,0.0115105226308631,False,0.5173003701998407,False,0.007986111111111138,False,False,0.5641284369631275,0.007986111111111138,True,True,1.8275051467058072,0.06762385308236103,True,False,0.1368450308937156,0.1333879864991921,True,False,9.759120355741445,False,False,opposite_direction
429,assignment_isolation,plus_one_randomisation,True,ok,58.961767539842896,4.313606417507532,66.0442575965343,51.57634510505664,30.843923953367746,1.0,0.001,1.0,0.001,,,,,0,0,[],[],False,True,False,True,False,0.007071067811865475,0.007049220821400527,24,24,24,0,0.0,{},0.7916073838442259,0.701923076923077,0.0,False,True,False,True,False,False,0.0,66.0442575965343,51.57634510505664,66.0442575965343,96.04166666666667,1.0653948358812186,0.014686347371884425,False,0.5137438372704873,False,0.01215277777777779,False,False,0.539770614398233,0.01215277777777779,True,True,-0.16028724053378224,0.8726548095028436,True,False,0.13481852000015543,0.19390496473869234,True,False,8.28940156587633,False,False,opposite_direction
430,assignment_isolation,plus_one_randomisation,True,ok,62.52905645572136,3.131486648696096,67.65025666776327,56.75430211933436,30.943397728644694,1.0,0.001,1.0,0.001,,,,,0,0,[],[],False,True,False,True,False,0.007071067811865475,0.007040712843794037,24,24,24,0,0.0,{},0.7811425645527028,0.7218992248062014,0.0,False,True,False,True,False,False,0.0,67.65025666776327,56.75430211933436,67.65025666776327,95.75,1.0659185669179254,0.04633189814634372,False,0.5025709887860316,False,0.014583333333333282,False,False,0.5653570954632435,0.014583333333333282,True,True,0.15705397031894328,0.8752023136592866,True,False,0.1228075879041969,0.27921385256600234,True,False,8.871149453655262,False,False,opposite_direction
431,assignment_isolation,plus_one_randomisation,True,ok,59.92177523794672,3.9220151829542687,66.44616336285914,53.54118283479378,31.931732108976018,1.0,0.001,1.0,0.001,,,,,0,0,[],[],False,True,False,True,False,0.007071067811865475,0.007052542197064101,24,24,24,0,0.0,{},0.7811394176931692,0.7081501831501832,0.0,False,True,False,True,False,False,0.0,66.44616336285914,53.54118283479378,66.44616336285914,94.75,1.0960434829015533,0.021157652459380047,False,0.5275654712579546,False,0.022222222222222143,False,False,0.5343906593979847,0.022222222222222143,True,True,1.2914710743813662,0.1965403789752641,True,False,0.14773881917545792,0.07744689095754147,True,False,9.101217838134328,False,False,opposite_direction
432,assignment_isolation,plus_one_randomisation,True,ok,58.32024939435383,2.993785356136528,63.328121376138945,52.86568374734617,30.85253262955413,1.0,0.001,1.0,0.001,,,,,0,0,[],[],False,True,False,True,False,0.007071067811865475,0.00709215527314395,24,24,24,0,0.0,{},0.7947015687634907,0.7554029304029303,0.0,False,True,False,True,False,False,0.0,63.328121376138945,52.86568374734617,63.328121376138945,95.83333333333333,1.0710194482712994,0.001371105198762606,False,0.5220175779593471,False,0.02430555555555547,False,False,0.532630294063621,0.02430555555555547,True,True,-0.29093611462058994,0.7711001799421056,True,False,0.19359236684113773,0.13426877144719504,True,False,8.267033446902992,False,False,opposite_direction
433,assignment_isolation,plus_one_randomisation,True,ok,58.201301019767925,2.5302743780936425,62.29087583171629,53.36583718256937,30.70482585351347,1.0,0.001,1.0,0.001,,,,,0,0,[],[],False,True,False,True,False,0.007071067811865475,0.007049934824488385,24,24,24,0,0.0,{},0.8101365621420391,0.7074537037037036,0.0,False,True,False,True,False,False,0.0,62.2908758317163,53.36583718256937,62.2908758317163,97.54166666666667,1.0689486199417002,0.019890297788604332,False,0.5021426320718199,False,0.017708333333333437,False,False,0.5325834615569347,0.017708333333333437,True,True,0.8092125263448644,0.4183929109418476,True,False,0.146842134152878,0.2193750513573873,True,False,9.455794437529168,False,False,opposite_direction
434,assignment_isolation,plus_one_randomisation,True,ok,58.73226394619585,4.1062220517217956,66.30479019650294,51.81166382795879,31.525665804875544,1.0,0.001,1.0,0.001,,,,,0,0,[],[],False,True,False,True,False,0.007071067811865475,0.007028245930358992,24,24,24,0,0.0,{},0.7928486997635935,0.6795880149812735,0.0,False,True,False,True,False,False,0.0,66.30479019650294,51.81166382795879,66.30479019650294,95.70833333333333,1.08381734815344,0.02140641412381075,False,0.5021278302349212,False,0.019791666666666652,False,False,0.5304979934510236,0.019791666666666652,True,True,0.6026157908445523,0.5467643130655488,True,False,0.1548530033219862,0.23231480068823834,True,False,9.534206161568619,False,False,opposite_direction
435,assignment_isolation,plus_one_randomisation,True,ok,57.62377171125002,3.218156565225803,63.05611393169345,52.37882881991736,30.582068080302044,1.0,0.001,1.0,0.001,,,,,0,0,[],[],False,True,False,True,False,0.007071067811865475,0.007026094997867868,24,24,24,0,0.0,{},0.8060959612755423,0.683150183150183,0.0,False,True,False,True,False,False,0.0,63.05611393169345,52.37882881991735,63.05611393169345,96.5,1.0553937774180713,0.021842909898108335,False,0.4968836413821943,False,0.019444444444444486,False,False,0.5338125609625907,0.019444444444444486,True,True,-1.862818692740771,0.06248777918005441,True,False,0.19753346692792065,0.14687881604871247,True,False,7.915373500095467,False,False,opposite_direction
436,assignment_isolation,plus_one_randomisation,True,ok,68.0872701203134,3.030640913056827,73.43504141206708,63.06016894267282,32.712872756029775,1.0,0.001,1.0,0.001,,,,,0,0,[],[],False,True,False,True,False,0.007071067811865475,0.007082495999061747,24,24,24,0,0.0,{},0.7992848553472367,0.6887992831541219,0.0,False,True,False,True,False,False,0.0,73.43504141206708,63.06016894267282,73.43504141206708,95.79166666666667,1.1338063666195033,0.03112843365348571,False,0.5185741035268768,False,0.020486111111111094,False,False,0.5755702843453021,0.020486111111111094,True,True,0.33409737279217655,0.7383060824925409,True,False,0.10053449154168763,0.18541125452780297,True,False,10.45912623514062,False,False,opposite_direction
437,assignment_isolation,plus_one_randomisation,True,ok,49.199925611716985,3.587428737310243,55.343425576312455,42.93695081656566,30.891992646985894,1.0,0.001,1.0,0.001,,,,,0,0,[],[],False,True,False,True,False,0.007071067811865475,0.007072786664216294,24,24,24,0,0.0,{},0.8061005329967039,0.7124526515151516,0.0,False,True,False,True,False,False,0.0,55.343425576312455,42.93695081656566,55.343425576312455,95.66666666666667,1.0685302138837698,0.0025570287272264542,False,0.5101024564943026,False,0.015972222222222276,False,False,0.4594613256679836,0.015972222222222276,True,True,-0.4455021996513211,0.655956870525635,True,False,0.207936556840004,0.004159914641423729,True,False,5.684324780926767,False,False,opposite_direction
438,assignment_isolation,plus_one_randomisation,True,ok,56.27342561464732,3.76154668106579,61.950673792427985,48.99540364966281,30.797712549583228,1.0,0.001,1.0,0.001,,,,,0,0,[],[],False,True,False,True,False,0.007071067811865475,0.007044026121462022,24,24,24,0,0.0,{},0.7829820131135918,0.6914835164835165,0.0,False,True,False,True,False,False,0.0,61.950673792427985,48.99540364966281,61.950673792427985,95.875,1.0620919368458428,0.03728161297713244,False,0.5142001989748022,False,0.022222222222222254,False,False,0.5205773961743267,0.022222222222222254,True,True,0.6852102372287217,0.49321126479002464,True,False,0.21815987903650197,0.10452514700304119,True,False,8.839664467877856,False,False,opposite_direction
439,assignment_isolation,plus_one_randomisation,True,ok,57.285607487218634,4.365346087180044,64.8792182326086,49.933290040673526,31.138120793806564,1.0,0.001,1.0,0.001,,,,,0,0,[],[],False,True,False,True,False,0.007071067811865475,0.007043554066838236,24,24,24,0,0.0,{},0.8103949652777778,0.7101799242424242,0.0,False,True,False,True,False,False,0.0,64.8792182326086,49.93329004067353,64.8792182326086,97.16666666666667,1.0809681755564615,0.01896296419305126,False,0.5058604494960457,False,0.021527777777777812,False,False,0.5206700451935593,0.021527777777777812,True,True,0.04979250585245205,0.9602877387403997,True,False,0.08499764472363258,0.37157142777791946,True,False,7.657570190299083,False,False,opposite_direction
440,assignment_isolation,plus_one_randomisation,True,ok,56.5191996378101,4.075413091797008,63.24899467370001,49.1111162956335,31.123272083367386,1.0,0.001,1.0,0.001,,,,,0,0,[],[],False,True,False,True,False,0.007071067811865475,0.007041757324029959,24,24,24,0,0.0,{},0.8086432560137459,0.6696220930232557,0.0,False,True,False,True,False,False,0.0,63.24899467370002,49.1111162956335,63.24899467370002,97.08333333333333,1.0797137884547492,0.03275989109193648,False,0.5425971278016998,False,0.015625,False,False,0.5152524119039977,0.015625,True,True,-1.4690535843624288,0.14181825587257546,True,False,0.22559516878330452,0.0004186184731329585,True,False,7.793208929397288,False,False,opposite_direction
441,assignment_isolation,plus_one_randomisation,True,ok,57.71566616630429,2.8996845317498186,62.69140661692194,53.18602679110441,30.903900181169135,1.0,0.001,1.0,0.001,,,,,0,0,[],[],False,True,False,True,False,0.007071067811865475,0.0070860442923986,24,24,24,0,0.0,{},0.8206228956228956,0.7041187739463602,0.0,False,True,False,True,False,False,0.0,62.69140661692194,53.18602679110441,62.69140661692194,96.625,1.0762964623504885,0.0008671874173439166,False,0.5346081274069311,False,0.031597222222222276,False,False,0.5258724243269087,0.031597222222222276,True,True,-1.2140604816453446,0.22472462920817204,True,False,0.16932216025869698,0.062323009870152,True,False,8.284948073259637,False,False,opposite_direction
442,assignment_isolation,plus_one_randomisation,True,ok,53.495942145564015,4.024731347849151,59.99421408553411,45.530324903498624,31.292650910283214,1.0,0.001,1.0,0.001,,,,,0,0,[],[],False,True,False,True,False,0.007071067811865475,0.0070369677027303035,24,24,24,0,0.0,{},0.786373050682261,0.6749999999999999,0.0,False,True,False,True,False,False,0.0,59.99421408553411,45.53032490349862,59.99421408553411,95.25,1.0745593553832897,0.022494600703482432,False,0.5248473122695816,False,0.035069444444444375,False,False,0.4932402838949046,0.035069444444444375,True,True,-1.0007767490095627,0.3169347528120534,True,False,0.21425227779772257,0.051163748962685954,True,False,7.85596860698982,False,False,opposite_direction
443,assignment_isolation,plus_one_randomisation,True,ok,61.35469851503644,4.5645760895677805,69.44762815903593,53.87855331694523,31.593687626402033,1.0,0.001,1.0,0.001,,,,,0,0,[],[],False,True,False,True,False,0.007071067811865475,0.007063856267378829,24,24,24,0,0.0,{},0.8014122166879032,0.6344827586206898,0.0,False,True,False,True,False,False,0.0,69.44762815903593,53.878553316945236,69.44762815903593,95.70833333333333,1.091659138651287,0.026066351535806557,False,0.5031894628386093,False,0.025000000000000022,False,False,0.5465640486728272,0.025000000000000022,True,True,2.396021504910482,0.016574117875764485,True,False,0.27763617537170976,0.02626447562468588,True,False,9.135791053605109,False,False,opposite_direction
444,assignment_isolation,plus_one_randomisation,True,ok,60.30347133774617,4.395585592201995,68.11457044344093,52.59176754744765,31.017683452322533,1.0,0.001,1.0,0.001,,,,,0,0,[],[],False,True,False,True,False,0.007071067811865475,0.007086089334141616,24,24,24,0,0.0,{},0.7914546277997365,0.6868773946360154,0.0,False,True,False,True,False,False,0.0,68.11457044344093,52.59176754744765,68.11457044344093,95.16666666666667,1.0720830160160513,0.005937311602321891,False,0.5340062478435641,False,0.015277777777777724,False,False,0.5469218373368138,0.015277777777777724,True,True,-0.28446259161836007,0.7760558979384672,True,False,0.1181865389930484,0.2731222245895241,True,False,9.575353867779025,False,False,opposite_direction
445,assignment_isolation,plus_one_randomisation,True,ok,60.36882833480659,4.438406563390767,68.76082158900685,53.20286424582211,31.737482324590314,1.0,0.001,1.0,0.001,,,,,0,0,[],[],False,True,False,True,False,0.007071067811865475,0.007029573393144638,24,24,24,0,0.0,{},0.7953443877551021,0.6983716475095785,0.0,False,True,False,True,False,False,0.0,68.76082158900685,53.202864245822106,68.76082158900685,97.54166666666667,1.1017080732751843,0.007092758017013902,False,0.5065495343306635,False,0.022222222222222143,False,False,0.5353944796884053,0.022222222222222143,True,True,0.6824181867828497,0.4949745590336795,True,False,0.10095363485965997,0.2770962054229357,True,False,8.849574204533466,False,False,opposite_direction
446,assignment_isolation,plus_one_randomisation,True,ok,55.134884404917955,3.686418416156154,60.919697705472586,48.821476406835544,31.24451214019401,1.0,0.001,1.0,0.001,,,,,0,0,[],[],False,True,False,True,False,0.007071067811865475,0.007066816890804807,24,24,24,0,0.0,{},0.7947697368421053,0.6914682539682541,0.0,False,True,False,True,False,False,0.0,60.91969770547259,48.82147640683555,60.91969770547259,95.125,1.0767501117241596,0.004073384223337658,False,0.543461882037193,False,0.023263888888888862,False,False,0.5055628002482945,0.023263888888888862,True,True,-1.765247923627907,0.07752210751847688,True,False,0.19788163731866462,0.044407250323768056,True,False,8.067427756908073,False,False,opposite_direction
447,assignment_isolation,plus_one_randomisation,True,ok,63.17430295075351,4.594496325698983,71.66965509008543,55.666522869047526,31.92775525758233,1.0,0.001,1.0,0.001,,,,,0,0,[],[],False,True,False,True,False,0.007071067811865475,0.007059742544015714,24,24,24,0,0.0,{},0.7928673292233561,0.7159420289855072,0.0,False,True,False,True,False,False,0.0,71.66965509008543,55.666522869047526,71.66965509008543,96.33333333333333,1.106153881113705,0.007756756713572191,False,0.5265747511708254,False,0.014583333333333393,False,False,0.5536147120695497,0.014583333333333393,True,True,-0.48907819256043933,0.6247863398310824,True,False,0.12182017965933234,0.2488470454572521,True,False,9.264964484535039,False,False,opposite_direction
448,assignment_isolation,plus_one_randomisation,True,ok,57.68687398488572,3.467385798030619,64.16742099457387,51.88515450079769,31.763021450789957,1.0,0.001,1.0,0.001,,,,,0,0,[],[],False,True,False,True,False,0.007071067811865475,0.007095766022555217,24,24,24,0,0.0,{},0.7977290448343081,0.6957843137254904,0.0,False,True,False,True,False,False,0.0,64.16742099457387,51.88515450079769,64.16742099457387,95.45833333333333,1.1010271353411212,0.04453131987105621,False,0.5170685203172449,False,0.020486111111111094,False,False,0.5156491657758098,0.020486111111111094,True,True,-0.3509578349226786,0.725619981620029,True,False,0.06833196436462041,0.08593591708248131,True,False,8.816146778760237,False,False,opposite_direction
449,assignment_isolation,plus_one_randomisation,True,ok,55.74976618097523,3.108707787350292,61.38735951099386,50.774300326794574,31.453766795084288,1.0,0.001,1.0,0.001,,,,,0,0,[],[],False,True,False,True,False,0.007071067811865475,0.007074676782922699,24,24,24,0,0.0,{},0.8041251980590216,0.6997942386831275,0.0,False,True,False,True,False,False,0.0,61.38735951099386,50.77430032679458,61.38735951099386,95.5,1.0873039253299728,0.013390009873584992,False,0.4830271176336177,False,0.03020833333333328,False,False,0.5061495211194291,0.03020833333333328,True,True,-0.2357484716506649,0.8136278548221781,True,False,0.13384538457747783,0.25829015205121586,True,False,6.755183516939409,False,False,opposite_direction
450,assignment_isolation,plus_one_randomisation,True,ok,60.111723261324094,3.993136107880688,66.86248133502528,53.44700541403803,31.664724385202557,1.0,0.001,1.0,0.001,,,,,0,0,[],[],False,True,False,True,False,0.007071067811865475,0.007027813167842169,24,24,24,0,0.0,{},0.8024408627087198,0.6217647058823528,0.0,False,True,False,True,False,False,0.0,66.86248133502528,53.44700541403804,66.86248133502528,96.58333333333333,1.0934955472174126,0.04475504185624713,False,0.5134292725474827,False,0.02013888888888893,False,False,0.5368107861019327,0.02013888888888893,True,True,-1.064448380328783,0.287125626871629,True,False,0.19369861318690806,0.12254287150992382,True,False,8.052851124491326,False,False,opposite_direction
451,assignment_isolation,plus_one_randomisation,True,ok,63.03099581189099,5.180319312106949,70.99588897044497,53.108082208269124,32.14900066776228,1.0,0.001,1.0,0.001,,,,,0,0,[],[],False,True,False,True,False,0.007071067811865475,0.007118206402005137,24,24,24,0,0.0,{},0.8166245404411765,0.7120738636363636,0.0,False,True,False,True,False,False,0.0,70.99588897044497,53.10808220826912,70.99588897044497,95.79166666666667,1.11988112165679,0.00010967056364821474,False,0.5119717135219741,False,0.033333333333333326,False,False,0.5471937120483682,0.033333333333333326,True,True,0.20437454990525566,0.838060816682744,True,False,0.1567994864632792,0.09822416390846057,True,False,10.066490920007887,False,False,opposite_direction
452,assignment_isolation,plus_one_randomisation,True,ok,54.457129502491455,2.6455764250361167,58.8279926718405,49.587235977936686,30.824241508154287,1.0,0.001,1.0,0.001,,,,,0,0,[],[],False,True,False,True,False,0.007071067811865475,0.007077269987413646,24,24,24,0,0.0,{},0.8184021588433353,0.6482558139534884,0.0,False,True,False,True,False,False,0.0,58.8279926718405,49.58723597793668,58.8279926718405,96.83333333333333,1.0733481390921367,0.002992760326411806,False,0.4927547232955379,False,0.011805555555555625,False,False,0.5015259594691023,0.011805555555555625,True,True,-0.7829704239402093,0.43364448024796287,True,False,0.17250801024556378,0.14703967421545777,True,False,6.797570018713105,False,False,opposite_direction
453,assignment_isolation,plus_one_randomisation,True,ok,60.59912361096332,3.076273694772172,65.99287610685933,54.822320059295734,30.999263918256634,1.0,0.001,1.0,0.001,,,,,0,0,[],[],False,True,False,True,False,0.007071067811865475,0.007115001697916965,24,24,24,0,0.0,{},0.8011533274212024,0.7000000000000002,0.0,False,True,False,True,False,False,0.0,65.99287610685933,54.82232005929573,65.99287610685933,94.83333333333333,1.0739322935571298,0.005472768885349041,False,0.5215097154581091,False,0.031597222222222165,False,False,0.5483152959737692,0.031597222222222165,True,True,0.2414907032990258,0.8091748210002572,True,False,0.2198088003910557,0.028252300235795468,True,False,9.685168337761672,False,False,opposite_direction
454,assignment_isolation,plus_one_randomisation,True,ok,59.96343192616788,4.682104317383637,67.64040294642375,51.5477584873516,31.68645213265061,1.0,0.001,1.0,0.001,,,,,0,0,[],[],False,True,False,True,False,0.007071067811865475,0.007050815166094562,24,24,24,0,0.0,{},0.7765518707482993,0.7280701754385963,0.0,False,True,False,True,False,False,0.0,67.64040294642375,51.54775848735161,67.64040294642375,94.41666666666667,1.085443646960252,0.006866496000680044,False,0.5052678546664056,False,0.010069444444444464,False,False,0.5389787247946248,0.010069444444444464,True,True,0.6215543549059243,0.5342349428777753,True,False,0.19414381088584942,0.020985818278123732,True,False,9.970287208685114,False,False,opposite_direction
455,assignment_isolation,plus_one_randomisation,True,ok,50.039710200750655,3.4418830401353997,56.39369831584142,44.39577391593592,29.778132604509835,1.0,0.001,1.0,0.001,,,,,0,0,[],[],False,True,False,True,False,0.007071067811865475,0.007092784839920028,24,24,24,0,0.0,{},0.7950354609929079,0.7322482638888888,0.0,False,True,False,True,False,False,0.0,56.39369831584142,44.39577391593591,56.39369831584142,95.83333333333333,1.0338143275395217,0.028999140914940616,False,0.5170849001628952,False,0.015625,False,False,0.4809888256408222,0.015625,True,True,-1.4525367093617494,0.14635242970621948,True,False,0.1012957334538727,0.2783750351094301,True,False,7.332735478037601,False,False,opposite_direction
456,assignment_isolation,plus_one_randomisation,True,ok,57.49780129121865,3.6604471650074797,63.74323220865674,50.96389731256204,30.99363769886837,1.0,0.001,1.0,0.001,,,,,0,0,[],[],False,True,False,True,False,0.007071067811865475,0.007046190760112139,24,24,24,0,0.0,{},0.7684690677346206,0.7083333333333333,0.0,False,True,False,True,False,False,0.0,63.74323220865674,50.96389731256204,63.74323220865674,95.29166666666667,1.0659195174140026,0.0017022842494685414,False,0.5329440107991636,False,0.021527777777777812,False,False,0.5284748819451285,0.021527777777777812,True,True,-0.29415391174127775,0.7686402965139071,True,False,0.1525831936939456,0.18178536160953937,True,False,8.294030435280149,False,False,opposite_direction
457,assignment_isolation,plus_one_randomisation,True,ok,57.75141838951013,3.4176705647096157,63.398047482200916,51.72001193104064,30.729655197154973,1.0,0.001,1.0,0.001,,,,,0,0,[],[],False,True,False,True,False,0.007071067811865475,0.007050552083095352,24,24,24,0,0.0,{},0.8104374957053528,0.6998226950354611,0.0,False,True,False,True,False,False,0.0,63.398047482200916,51.72001193104064,63.398047482200916,97.70833333333333,1.0708203584124194,0.02697628817240153,False,0.5139834890400988,False,0.02256944444444442,False,False,0.5283929101877274,0.02256944444444442,True,True,1.7816165587705348,0.07481178225992355,True,False,0.23269233861353852,0.020485231645050374,True,False,9.370542744209166,False,False,opposite_direction
458,assignment_isolation,plus_one_randomisation,True,ok,61.73593316935537,3.7438299510321547,68.11123302573365,55.151950200052475,31.304364249300185,1.0,0.001,1.0,0.001,,,,,0,0,[],[],False,True,False,True,False,0.007071067811865475,0.007053224458951545,24,24,24,0,0.0,{},0.8102213541666667,0.6936141304347827,0.0,False,True,False,True,False,False,0.0,68.11123302573365,55.151950200052475,68.11123302573365,96.83333333333333,1.0863631819686232,0.01548316969545477,False,0.5020132681818712,False,0.029166666666666674,False,False,0.5514272571174831,0.029166666666666674,True,True,-0.2767937399526581,0.7819384882417819,True,False,0.019776483633812427,0.5892448282221076,True,False,10.416125177707956,False,False,opposite_direction
459,assignment_isolation,plus_one_randomisation,True,ok,57.219446010416995,3.366551350134259,62.91459473529213,51.27606578598334,30.6573435334028,1.0,0.001,1.0,0.001,,,,,0,0,[],[],False,True,False,True,False,0.007071067811865475,0.007090549231034415,24,24,24,0,0.0,{},0.8246527777777778,0.6957843137254902,0.0,False,True,False,True,False,False,0.0,62.91459473529213,51.27606578598334,62.91459473529213,97.16666666666667,1.071378812880369,0.01804335688156188,False,0.529879465239992,False,0.02013888888888893,False,False,0.5240857821586968,0.02013888888888893,True,True,-0.3755314345844103,0.7072652727386166,True,False,0.2135326515210016,0.19836512765635006,True,False,9.255999052131271,False,False,opposite_direction
460,assignment_isolation,plus_one_randomisation,True,ok,61.259684560040505,3.6039729836869423,66.95492096526927,54.23409868445779,31.238073804364173,1.0,0.001,1.0,0.001,,,,,0,0,[],[],False,True,False,True,False,0.007071067811865475,0.007122442961814771,24,24,24,0,0.0,{},0.8248272837915235,0.6992337164750957,0.0,False,True,False,True,False,False,0.0,66.95492096526927,54.23409868445779,66.95492096526927,96.25,1.0913991220128902,0.022446862478848976,False,0.5065427908814062,False,0.04340277777777779,False,False,0.5459868577724881,0.04340277777777779,True,True,-0.8083476942362365,0.4188904536493784,True,False,0.15865718858347932,0.30972082799867034,True,False,7.797313518623565,False,False,opposite_direction
461,assignment_isolation,plus_one_randomisation,True,ok,65.06159339803918,2.6689965061173644,69.66815840254678,60.82232210922628,32.77768160551958,1.0,0.001,1.0,0.001,,,,,0,0,[],[],False,True,False,True,False,0.007071067811865475,0.007076239213661767,24,24,24,0,0.0,{},0.7910960196189396,0.7124521072796937,0.0,False,True,False,True,False,False,0.0,69.66815840254678,60.822322109226285,69.66815840254678,94.41666666666667,1.126873262471633,0.043544591748956085,False,0.49069370643104737,False,0.024652777777777746,False,False,0.5583900928574768,0.024652777777777746,True,True,-0.9711974761288871,0.33144995046476045,True,False,0.1330703364638937,0.23012005488082277,True,False,9.15263869649948,False,False,opposite_direction
462,assignment_isolation,plus_one_randomisation,True,ok,58.16032642664059,3.4412643781541834,63.54093426404103,52.178006705868,30.973650568595517,1.0,0.001,1.0,0.001,,,,,0,0,[],[],False,True,False,True,False,0.007071067811865475,0.007033477615554652,24,24,24,0,0.0,{},0.7954305694121124,0.7075757575757575,0.0,False,True,False,True,False,False,0.0,63.54093426404103,52.178006705868,63.54093426404103,96.20833333333333,1.068412238334213,0.0009715879217100817,False,0.5145422150826393,False,0.025694444444444464,False,False,0.5324942877134591,0.025694444444444464,True,True,0.7424348364725593,0.45782391938150147,True,False,0.19542953628406878,0.027695302030134976,True,False,7.65255535926145,False,False,opposite_direction
463,assignment_isolation,plus_one_randomisation,True,ok,61.212506895363596,4.030241231728315,68.33787538936713,54.81654055571997,31.414333740820048,1.0,0.001,1.0,0.001,,,,,0,0,[],[],False,True,False,True,False,0.007071067811865475,0.007088168506509849,24,24,24,0,0.0,{},0.7984812742301222,0.7185393258426966,0.0,False,True,False,True,False,False,0.0,68.33787538936713,54.81654055571997,68.33787538936713,94.95833333333333,1.0849217924843775,0.0010588461968331657,False,0.5182980748015331,False,0.028124999999999956,False,False,0.5482669733061848,0.028124999999999956,True,True,2.2627671037972292,0.023650049775077238,True,False,0.20848615329172798,0.0468832728455002,True,False,11.278705599419945,False,False,opposite_direction
464,assignment_isolation,plus_one_randomisation,True,ok,59.96616220105932,3.3649175677207186,66.21625997075913,54.55029191122701,31.260141073744844,1.0,0.001,1.0,0.001,,,,,0,0,[],[],False,True,False,True,False,0.007071067811865475,0.0070815488478597685,24,24,24,0,0.0,{},0.8056975099037917,0.7164855072463767,0.0,False,True,False,True,False,False,0.0,66.21625997075913,54.55029191122701,66.21625997075913,96.45833333333333,1.0870739031922019,0.013323304437026954,False,0.5116699412931355,False,0.01388888888888895,False,False,0.5383376127409835,0.01388888888888895,True,True,1.6257519616740426,0.10400243130948138,True,False,0.13363752528443068,0.29953457777139203,True,False,9.448257457648488,False,False,opposite_direction
465,assignment_isolation,plus_one_randomisation,True,ok,57.21203461583146,3.935240983397355,64.851327690457,50.95646522055936,30.8279861072555,1.0,0.001,1.0,0.001,,,,,0,0,[],[],False,True,False,True,False,0.007071067811865475,0.00705580693226287,24,24,24,0,0.0,{},0.8163265306122449,0.7254166666666667,0.0,False,True,False,True,False,False,0.0,64.851327690457,50.95646522055936,64.851327690457,97.91666666666667,1.076192987680742,0.017551030697641832,False,0.49938789322468924,False,0.02430555555555558,False,False,0.5220538527985784,0.02430555555555558,True,True,0.15295776412038503,0.8784315826194987,True,False,0.23464224207376877,0.07084646209074802,True,False,9.13866617641764,False,False,opposite_direction
466,assignment_isolation,plus_one_randomisation,True,ok,58.46335729983804,3.3940812781276457,63.87031829492342,52.36462276341344,31.257654298554545,1.0,0.001,1.0,0.001,,,,,0,0,[],[],False,True,False,True,False,0.007071067811865475,0.007088660325388247,24,24,24,0,0.0,{},0.8112609649122806,0.6624503968253967,0.0,False,True,False,True,False,False,0.0,63.870318294923415,52.36462276341344,63.870318294923415,96.0,1.0854908596878896,0.010489512935890436,False,0.5052370116459164,False,0.030902777777777835,False,False,0.5277958379354221,0.030902777777777835,True,True,1.3603223911620654,0.17372792571015394,True,False,0.1750392722230457,0.21600194305515263,True,False,10.231562789789074,False,False,opposite_direction
467,assignment_isolation,plus_one_randomisation,True,ok,58.62249414683193,3.0765638139564473,63.342995406541924,52.823589257656934,30.61794162824749,1.0,0.001,1.0,0.001,,,,,0,0,[],[],False,True,False,True,False,0.007071067811865475,0.007034155432496003,24,24,24,0,0.0,{},0.788807113938693,0.7269230769230768,0.0,False,True,False,True,False,False,0.0,63.342995406541924,52.82358925765694,63.342995406541924,96.25,1.0564728112631094,0.021830922015192954,False,0.553063975638644,False,0.02083333333333326,False,False,0.5409329687128617,0.02083333333333326,True,True,-0.31415352021389253,0.7534044423201931,True,False,0.1158851280215395,0.38446447744804924,True,False,8.986720788869889,False,False,opposite_direction
468,assignment_isolation,plus_one_randomisation,True,ok,62.13746628674304,4.538289765285718,70.38359356189017,53.84128925923515,32.047107513375394,1.0,0.001,1.0,0.001,,,,,0,0,[],[],False,True,False,True,False,0.007071067811865475,0.007021864354434085,24,24,24,0,0.0,{},0.7779308952696049,0.6899425287356323,0.0,False,True,False,True,False,False,0.0,70.38359356189017,53.84128925923515,70.38359356189017,94.66666666666667,1.0947370589703658,0.01821255002764543,False,0.5392057667370348,False,0.014583333333333282,False,False,0.5509016753174243,0.014583333333333282,True,True,0.6676444075193713,0.5043606040084712,True,False,0.08515953086537315,0.36959803269122854,True,False,8.836275801117077,False,False,opposite_direction
469,assignment_isolation,plus_one_randomisation,True,ok,58.74375733377349,4.641511416638718,65.80416848442829,50.02896904074149,31.323877666019314,1.0,0.001,1.0,0.001,,,,,0,0,[],[],False,True,False,True,False,0.007071067811865475,0.007062319447123854,24,24,24,0,0.0,{},0.8019754840067341,0.6870588235294118,0.0,False,True,False,True,False,False,0.0,65.80416848442829,50.02896904074149,65.80416848442829,96.66666666666667,1.0875049766418727,0.02470343516540961,False,0.5291597406575403,False,0.02083333333333326,False,False,0.5290873828985293,0.02083333333333326,True,True,-0.23821372075385447,0.8117153357733888,True,False,0.10300655394055307,0.16097467221940068,True,False,9.521848988029571,False,False,opposite_direction
470,assignment_isolation,plus_one_randomisation,True,ok,61.221006131824254,3.7069726735606783,66.95434401341835,54.360659783647286,31.495770703247018,1.0,0.001,1.0,0.001,,,,,0,0,[],[],False,True,False,True,False,0.007071067811865475,0.007069088998981239,24,24,24,0,0.0,{},0.8053929924242424,0.740925925925926,0.0,False,True,False,True,False,False,0.0,66.95434401341835,54.360659783647286,66.95434401341835,96.375,1.0928684520122218,0.0041759602337827694,False,0.5081084545618902,False,0.014930555555555558,False,False,0.5451167385549399,0.014930555555555558,True,True,0.08458987166654766,0.9325874514461564,True,False,0.12473891011301487,0.1120590964325051,True,False,9.142699576359881,False,False,opposite_direction
471,assignment_isolation,plus_one_randomisation,True,ok,61.27496778186196,3.605169815902658,67.27231264858936,54.970947529647766,31.511268081990988,1.0,0.001,1.0,0.001,,,,,0,0,[],[],False,True,False,True,False,0.007071067811865475,0.0070953444479011805,24,24,24,0,0.0,{},0.8066219119226639,0.7399621212121213,0.0,False,True,False,True,False,False,0.0,67.27231264858936,54.970947529647766,67.27231264858936,95.95833333333333,1.095092277448475,0.004246705233897937,False,0.5153026300976263,False,0.023263888888888862,False,False,0.5446097569764804,0.023263888888888862,True,True,2.0122971842916346,0.04418861907975301,True,False,0.29296412990098086,0.01645646552795525,True,False,9.121228353967071,False,False,opposite_direction
472,assignment_isolation,plus_one_randomisation,True,ok,67.44354782742091,3.3716978439448866,73.00438812989184,61.57483508939213,31.5842333557675,1.0,0.001,1.0,0.001,,,,,0,0,[],[],False,True,False,True,False,0.007071067811865475,0.007021851843940439,24,24,24,0,0.0,{},0.8006775889967638,0.6946496212121211,0.0,False,True,False,True,False,False,0.0,73.00438812989184,61.57483508939213,73.00438812989184,96.58333333333333,1.0897907088307002,0.0036222385670271733,False,0.5142369796327521,False,0.03194444444444444,False,False,0.5885993773811444,0.03194444444444444,True,True,-0.5779524159593236,0.5632962456229422,True,False,0.11284933355593076,0.40422408646709385,True,False,10.164707956810195,False,False,opposite_direction
473,assignment_isolation,plus_one_randomisation,True,ok,60.167268360215246,3.11934508713944,65.64098207602355,54.83037666849545,31.249667562073597,1.0,0.001,1.0,0.001,,,,,0,0,[],[],False,True,False,True,False,0.007071067811865475,0.007031299783146447,24,24,24,0,0.0,{},0.7728949652777778,0.6370738636363635,0.0,False,True,False,True,False,False,0.0,65.64098207602355,54.830376668495454,65.64098207602355,94.70833333333333,1.0691659461899188,0.022723531137576688,False,0.5434776718997395,False,0.027083333333333348,False,False,0.5471257641273491,0.027083333333333348,True,True,2.443133678447134,0.014560342899192422,True,False,0.22861981148130348,0.03130149072361677,True,False,10.001144837836957,False,False,opposite_direction
474,assignment_isolation,plus_one_randomisation,True,ok,63.78255135657107,4.077910579888549,70.22075850959975,55.65929220633765,31.98514327211306,1.0,0.001,1.0,0.001,,,,,0,0,[],[],False,True,False,True,False,0.007071067811865475,0.007113444735135833,24,24,24,0,0.0,{},0.7897903412377096,0.6955197132616489,0.0,False,True,False,True,False,False,0.0,70.22075850959975,55.65929220633765,70.22075850959975,94.83333333333333,1.107844419907089,0.018788605537061142,False,0.508510361800719,False,0.035069444444444375,False,False,0.5571511630155775,0.035069444444444375,True,True,1.672764078570836,0.09437374900428172,True,False,0.17679306653919577,0.1696395144981819,True,False,10.552031603021096,False,False,opposite_direction
475,assignment_isolation,plus_one_randomisation,True,ok,54.11842546795129,3.5888336494469293,60.424156568021196,48.38735232915094,30.48465601652705,1.0,0.001,1.0,0.001,,,,,0,0,[],[],False,True,False,True,False,0.007071067811865475,0.007090599373954546,24,24,24,0,0.0,{},0.8019691133142219,0.6787405303030303,0.0,False,True,False,True,False,False,0.0,60.424156568021196,48.38735232915095,60.424156568021196,95.5,1.0561751303906999,0.0015237164451474626,False,0.5282832790015548,False,0.02187500000000009,False,False,0.5058636230270419,0.02187500000000009,True,True,0.3311889720604574,0.7405017496559009,True,False,0.22059032398033906,0.03787501191952385,True,False,8.490074824497,False,False,opposite_direction
476,assignment_isolation,plus_one_randomisation,True,ok,59.66061308614932,4.323927267933516,67.59115260211065,52.77098245042795,32.072196305923335,1.0,0.001,1.0,0.001,,,,,0,0,[],[],False,True,False,True,False,0.007071067811865475,0.007062804910171152,24,24,24,0,0.0,{},0.8105586963751248,0.7242982456140351,0.0,False,True,False,True,False,False,0.0,67.59115260211065,52.77098245042796,67.59115260211065,96.75,1.1140415860394683,0.0036577521888015935,False,0.5412689401924952,False,0.016319444444444442,False,False,0.5252885931389836,0.016319444444444442,True,True,0.9785829077389051,0.3277861080020267,True,False,0.12067729785852935,0.16309987449628188,True,False,8.79885593765424,False,False,opposite_direction
477,assignment_isolation,plus_one_randomisation,True,ok,65.47283473337161,3.9301627999618023,72.20839387863944,58.10104811139527,31.9017274785399,1.0,0.001,1.0,0.001,,,,,0,0,[],[],False,True,False,True,False,0.007071067811865475,0.007109635245175019,24,24,24,0,0.0,{},0.8086191147301388,0.6914835164835164,0.0,False,True,False,True,False,False,0.0,72.20839387863944,58.10104811139527,72.20839387863944,95.70833333333333,1.109446595869912,0.0005161892777563395,False,0.5121095869325454,False,0.025000000000000022,False,False,0.5679705120174242,0.025000000000000022,True,True,0.3394082252121043,0.7343022231362873,True,False,0.18971864663510474,0.33936529893583117,True,False,10.301103918582017,False,False,opposite_direction
478,assignment_isolation,plus_one_randomisation,True,ok,55.32764248007695,3.7244424734234576,61.83356686351094,49.45858850007621,31.108987437683357,1.0,0.001,1.0,0.001,,,,,0,0,[],[],False,True,False,True,False,0.007071067811865475,0.00699339287963172,24,24,24,0,0.0,{},0.7741613475177307,0.7326599326599326,0.0,False,True,False,True,False,False,0.0,61.83356686351093,49.45858850007621,61.83356686351093,96.66666666666667,1.0695034220123765,0.051274607287739395,False,0.5199819174255019,False,0.02604166666666674,False,False,0.5100610962181874,0.02604166666666674,True,True,-1.481606860110299,0.13844493261667015,True,False,0.20132751586568082,0.011355615897547855,True,False,7.6971816812329505,False,False,opposite_direction
479,assignment_isolation,plus_one_randomisation,True,ok,53.98424629654179,4.797780835063059,62.700969790869586,45.578845030376385,30.45380021347561,1.0,0.001,1.0,0.001,,,,,0,0,[],[],False,True,False,True,False,0.007071067811865475,0.007035010783948901,24,24,24,0,0.0,{},0.7961769759450172,0.7124521072796937,0.0,False,True,False,True,False,False,0.0,62.700969790869586,45.578845030376385,62.700969790869586,96.45833333333333,1.0520736486988393,0.0024387216672185326,False,0.5417383498936703,False,0.01215277777777779,False,False,0.5064818671697484,0.01215277777777779,True,True,-1.2486108237101778,0.21180745158069303,True,False,0.20619773482922302,0.015203754057306226,True,False,7.7187825007883974,False,False,opposite_direction
480,assignment_isolation,plus_one_randomisation,True,ok,61.982957901280976,2.747234033995343,66.70105736631595,57.01826402927121,31.565677057754225,1.0,0.001,1.0,0.001,,,,,0,0,[],[],False,True,False,True,False,0.007071067811865475,0.007069000577776093,24,24,24,0,0.0,{},0.7949965277777777,0.7041203703703705,0.0,False,True,False,True,False,False,0.0,66.70105736631595,57.0182640292712,66.70105736631595,95.66666666666667,1.0912479768024934,0.040999824408070276,False,0.5181032598865292,False,0.012500000000000067,False,False,0.5512105253728259,0.012500000000000067,True,True,-0.818983390668104,0.4127958899412991,True,False,0.24856520060723825,0.03859405334366424,True,False,8.114657215176818,False,False,opposite_direction
481,assignment_isolation,plus_one_randomisation,True,ok,63.02624830391309,3.7527548509761464,69.76471270918623,57.50217034645373,31.6523102142389,1.0,0.001,1.0,0.001,,,,,0,0,[],[],False,True,False,True,False,0.007071067811865475,0.007034136214357081,24,24,24,0,0.0,{},0.798859731333958,0.7235018726591759,0.0,False,True,False,True,False,False,0.0,69.76471270918623,57.50217034645373,69.76471270918623,97.16666666666667,1.0973491815184218,0.006014745452375416,False,0.5063974549539765,False,0.019791666666666652,False,False,0.5560936433502411,0.019791666666666652,True,True,-0.04189431367575373,0.9665829494494173,True,False,0.08798712730257596,0.40246065941119263,True,False,10.12499186906762,False,False,opposite_direction
482,assignment_isolation,plus_one_randomisation,True,ok,58.74450698021159,2.986624216576147,63.40247936632411,53.71969968921026,30.73164216793693,1.0,0.001,1.0,0.001,,,,,0,0,[],[],False,True,False,True,False,0.007071067811865475,0.0070343779348272534,24,24,24,0,0.0,{},0.7942217196637427,0.688768115942029,0.0,False,True,False,True,False,False,0.0,63.40247936632411,53.719699689210266,63.40247936632411,96.33333333333333,1.0608885543605155,0.02584591088913708,False,0.5222651797069798,False,0.03194444444444444,False,False,0.5400115972865032,0.03194444444444444,True,True,0.16201051083748882,0.8712975767698125,True,False,0.14073929109936945,0.3697070854607218,True,False,8.786297653642897,False,False,opposite_direction
483,assignment_isolation,plus_one_randomisation,True,ok,55.60255421059472,3.2012944834413477,61.048311207089895,49.958861797249845,30.825898563956187,1.0,0.001,1.0,0.001,,,,,0,0,[],[],False,True,False,True,False,0.007071067811865475,0.00702783365426271,24,24,24,0,0.0,{},0.8061436617952575,0.67874531835206,0.0,False,True,False,True,False,False,0.0,61.04831120708989,49.958861797249845,61.04831120708989,96.79166666666667,1.0656785067392291,0.0045141699647977904,False,0.4911770440047232,False,0.028819444444444398,False,False,0.5138152873674801,0.028819444444444398,True,True,-1.6676591805805843,0.09538340292146201,True,False,0.21975705149145572,0.14603833699058846,True,False,7.286754068604975,False,False,opposite_direction
484,assignment_isolation,plus_one_randomisation,True,ok,64.92639206179632,3.5306324893063996,70.66832872889805,58.64391519107437,31.916049874241104,1.0,0.001,1.0,0.001,,,,,0,0,[],[],False,True,False,True,False,0.007071067811865475,0.00705554391621527,24,24,24,0,0.0,{},0.8030165724420797,0.6957843137254902,0.0,False,True,False,True,False,False,0.0,70.66832872889805,58.64391519107437,70.66832872889805,95.79166666666667,1.1019794698678351,0.010403914654315507,False,0.5187613771724161,False,0.025694444444444464,False,False,0.5672593687045858,0.025694444444444464,True,True,1.2747453031524785,0.20239940619679497,True,False,0.13468721046919424,0.19696067429284309,True,False,9.41296686640026,False,False,opposite_direction
485,assignment_isolation,plus_one_randomisation,True,ok,61.373145494211364,3.8284401424054955,67.30250999857441,54.90475704398935,31.311228895388652,1.0,0.001,1.0,0.001,,,,,0,0,[],[],False,True,False,True,False,0.007071067811865475,0.0070928678392051725,24,24,24,0,0.0,{},0.8038768195450223,0.6964285714285714,0.0,False,True,False,True,False,False,0.0,67.30250999857441,54.90475704398935,67.30250999857441,95.875,1.0872881970112434,0.00488425289060248,False,0.5135784088398185,False,0.050000000000000044,True,False,0.5484614178724029,0.050000000000000044,True,True,-0.20193535601678997,0.8399672613055424,True,False,0.07888689784915863,0.3264427236331441,True,False,9.284656053052306,False,False,selection_limited
486,assignment_isolation,plus_one_randomisation,True,ok,58.03518885630799,4.12545083241417,64.72154613763085,50.49536485468112,31.882894892715655,1.0,0.001,1.0,0.001,,,,,0,0,[],[],False,True,False,True,False,0.007071067811865475,0.0069837715805497,24,24,24,0,0.0,{},0.7870756888614031,0.6863553113553114,0.0,False,True,False,True,False,False,0.0,64.72154613763085,50.49536485468112,64.72154613763085,95.625,1.088688166157502,0.01857052986797953,False,0.5142844044602942,False,0.03645833333333337,False,False,0.5232614452016462,0.03645833333333337,True,True,0.41537606778561725,0.6778666234712627,True,False,0.08105423304689648,0.23677306703013287,True,False,8.994588373655215,False,False,opposite_direction
487,assignment_isolation,plus_one_randomisation,True,ok,58.414165064283885,4.525433945747485,65.87282832105473,49.99810078331424,31.905225414104635,1.0,0.001,1.0,0.001,,,,,0,0,[],[],False,True,False,True,False,0.007071067811865475,0.0070826585969138885,24,24,24,0,0.0,{},0.8040807560137456,0.698314606741573,0.0,False,True,False,True,False,False,0.0,65.87282832105473,49.99810078331424,65.87282832105473,95.41666666666667,1.1036725728230066,0.019373316182203015,False,0.4957199319700278,False,0.015625,False,False,0.5201076265428023,0.015625,True,True,1.8607417406402247,0.06278065627937172,True,False,0.1775001295520186,0.5057038072252783,True,False,9.02506108727382,False,False,opposite_direction
488,assignment_isolation,plus_one_randomisation,True,ok,59.17851204074532,4.290341130760627,66.74086122412524,51.329430851086215,31.121882449755343,1.0,0.001,1.0,0.001,,,,,0,0,[],[],False,True,False,True,False,0.007071067811865475,0.00703024248681076,24,24,24,0,0.0,{},0.7970359624614944,0.7216755319148934,0.0,False,True,False,True,False,False,0.0,66.74086122412524,51.329430851086215,66.74086122412524,96.45833333333333,1.074424849227116,0.020283143109434493,False,0.5204672705753083,False,0.02777777777777779,False,False,0.5376688983681944,0.02777777777777779,True,True,-2.4315190141342735,0.015035659115743357,True,False,0.2229246969524114,0.08847424604014575,True,False,8.232266351584531,False,False,opposite_direction
489,assignment_isolation,plus_one_randomisation,True,ok,60.01526985833245,3.256858430866595,65.02109081844145,54.24409388659712,30.95219520883968,1.0,0.001,1.0,0.001,,,,,0,0,[],[],False,True,False,True,False,0.007071067811865475,0.0070652189509161165,24,24,24,0,0.0,{},0.8109752321981424,0.7030092592592593,0.0,False,True,False,True,False,False,0.0,65.02109081844145,54.24409388659712,65.02109081844145,96.91666666666667,1.0764313051180374,0.015084056204866884,False,0.5266791993861099,False,0.015972222222222276,False,False,0.5430314388020036,0.015972222222222276,True,True,-0.20451487417719885,0.8379511697173735,True,False,0.15206050796357115,0.09401124692541456,True,False,9.457761166103598,False,False,opposite_direction
490,assignment_isolation,plus_one_randomisation,True,ok,61.077142452122224,3.233276825817895,67.6979210130486,55.98330014514249,31.9820098236159,1.0,0.001,1.0,0.001,,,,,0,0,[],[],False,True,False,True,False,0.007071067811865475,0.0070487696608270405,24,24,24,0,0.0,{},0.7982568027210883,0.6700980392156863,0.0,False,True,False,True,False,False,0.0,67.6979210130486,55.98330014514249,67.6979210130486,96.375,1.1065505825777777,0.0065269865924077915,False,0.5040883457818743,False,0.023263888888888862,False,False,0.5386016170320232,0.023263888888888862,True,True,-0.05971646031236129,0.9523814616976098,True,False,0.05522646072378417,0.5634313900865221,True,False,9.193542795895135,False,False,opposite_direction
491,assignment_isolation,plus_one_randomisation,True,ok,56.779887629749396,4.139311107592476,64.0009384467346,50.38947344121179,30.450133007052333,1.0,0.001,1.0,0.001,,,,,0,0,[],[],False,True,False,True,False,0.007071067811865475,0.007112513018353672,24,24,24,0,0.0,{},0.8211599639345377,0.7374547101449274,0.0,False,True,False,True,False,False,0.0,64.0009384467346,50.389473441211784,64.0009384467346,97.29166666666667,1.068120115946645,0.008410946378253651,False,0.5172207851889984,False,0.03125,False,False,0.5220307299188515,0.03125,True,True,2.119666570858957,0.034034174052908366,True,False,0.21191288121136406,0.0879104555716267,True,False,9.849768233907222,False,False,opposite_direction
492,assignment_isolation,plus_one_randomisation,True,ok,66.16854917351516,3.843658336852303,74.98489918890358,60.7863830162423,31.834970465019413,1.0,0.001,1.0,0.001,,,,,0,0,[],[],False,True,False,True,False,0.007071067811865475,0.007072808165753449,24,24,24,0,0.0,{},0.8149553958832307,0.7081417624521074,0.0,False,True,False,True,False,False,0.0,74.98489918890358,60.7863830162423,74.98489918890358,96.54166666666667,1.1061747239244002,0.003973709607243566,False,0.5068612746066008,False,0.03541666666666665,False,False,0.5738678648950414,0.03541666666666665,True,True,-0.3621686281805058,0.7172260215717152,True,False,0.16256462769001231,0.1135267438931504,True,False,7.955962596009865,False,False,opposite_direction
493,assignment_isolation,plus_one_randomisation,True,ok,57.64296368948749,2.8766663177405682,62.2687282313055,52.71463336240979,31.030659734553375,1.0,0.001,1.0,0.001,,,,,0,0,[],[],False,True,False,True,False,0.007071067811865475,0.007104244603526522,24,24,24,0,0.0,{},0.8098063973063974,0.670392156862745,0.0,False,True,False,True,False,False,0.0,62.26872823130551,52.71463336240979,62.26872823130551,95.29166666666667,1.0759854061757055,0.0116751851770766,False,0.5044045402734008,False,0.016666666666666607,False,False,0.5254444286465841,0.016666666666666607,True,True,-0.35537882628193773,0.7223058091515323,True,False,0.1338895623976861,0.11775188127694972,True,False,7.89146428403739,False,False,opposite_direction
494,assignment_isolation,plus_one_randomisation,True,ok,72.25506575079818,3.2156931138322333,77.43777886715746,67.01110037256478,32.55587460033911,1.0,0.001,1.0,0.001,,,,,0,0,[],[],False,True,False,True,False,0.007071067811865475,0.007064636203913452,24,24,24,0,0.0,{},0.806855791962175,0.7504578754578753,0.0,False,True,False,True,False,False,0.0,77.43777886715746,67.01110037256478,77.43777886715746,97.08333333333333,1.1330824516922011,0.011928338940104047,False,0.5048214764171438,False,0.01736111111111116,False,False,0.6014263907471902,0.01736111111111116,True,True,0.7046226022250116,0.4810451288824932,True,False,0.1924116952756462,0.12114162730675526,True,False,9.901712415288324,False,False,opposite_direction
495,assignment_isolation,plus_one_randomisation,True,ok,61.64849074746994,3.875884899870209,68.95073315293034,54.99264089688185,31.78956522773291,1.0,0.001,1.0,0.001,,,,,0,0,[],[],False,True,False,True,False,0.007071067811865475,0.007044830176685191,24,24,24,0,0.0,{},0.7914459400781587,0.6862449799196789,0.0,False,True,False,True,False,False,0.0,68.95073315293034,54.99264089688185,68.95073315293034,94.875,1.0906892068770762,0.010286984933263478,False,0.5065651179117877,False,0.019791666666666652,False,False,0.549056648430771,0.019791666666666652,True,True,-0.8250045114043609,0.40936902942565667,True,False,0.13335000146133985,0.3977547897589054,True,False,9.903230888710263,False,False,opposite_direction
496,assignment_isolation,plus_one_randomisation,True,ok,67.50914425001378,3.1449198837122054,72.67762360123925,61.81655721426159,32.140854668772754,1.0,0.001,1.0,0.001,,,,,0,0,[],[],False,True,False,True,False,0.007071067811865475,0.0070948239145634945,24,24,24,0,0.0,{},0.7981723978849498,0.6791187739463602,0.0,False,True,False,True,False,False,0.0,72.67762360123925,61.81655721426159,72.67762360123925,94.20833333333333,1.1066587111320088,0.04068954049039666,False,0.5196941978998837,False,0.04999999999999993,False,False,0.5823862514948991,0.04999999999999993,True,True,1.3097145881857006,0.19029240660930946,True,False,0.1699865436935798,0.1084014259116833,True,False,8.390834619856019,False,False,opposite_direction
497,assignment_isolation,plus_one_randomisation,True,ok,51.94199663237446,4.270719716395349,59.812982986519394,45.36610504870631,31.051510377008523,1.0,0.001,1.0,0.001,,,,,0,0,[],[],False,True,False,True,False,0.007071067811865475,0.007076402043555778,24,24,24,0,0.0,{},0.8155483693530643,0.7037677304964537,0.0,False,True,False,True,False,False,0.0,59.812982986519394,45.36610504870631,59.812982986519394,96.91666666666667,1.0815944932552664,0.007074419489487903,False,0.5099154870409988,False,0.017708333333333326,False,False,0.47757627634612265,0.017708333333333326,True,True,-1.7781506276497836,0.0753791192846686,True,False,0.18733945762883975,0.12459699765159053,True,False,7.156402370431431,False,False,opposite_direction
498,assignment_isolation,plus_one_randomisation,True,ok,68.88841036373299,3.2920940402640078,74.64589609715615,63.51291687795675,32.00438391579506,1.0,0.001,1.0,0.001,,,,,0,0,[],[],False,True,False,True,False,0.007071067811865475,0.007085460032438425,24,24,24,0,0.0,{},0.8165849673202615,0.7029829545454546,0.0,False,True,False,True,False,False,0.0,74.64589609715615,63.51291687795675,74.64589609715615,96.83333333333333,1.1157322062062407,0.03229076877784205,False,0.5090790597381796,False,0.018750000000000044,False,False,0.5875960797691416,0.018750000000000044,True,True,-0.2841880852510122,0.7762662458017937,True,False,0.09823888179162066,0.3545294685700384,True,False,10.848938883110343,False,False,opposite_direction
499,assignment_isolation,plus_one_randomisation,True,ok,59.11416211768193,3.117068943091907,64.26531455594821,53.32707942177007,31.136872171676078,1.0,0.001,1.0,0.001,,,,,0,0,[],[],False,True,False,True,False,0.007071067811865475,0.007043251912113471,24,24,24,0,0.0,{},0.8097643097643099,0.6986263736263736,0.0,False,True,False,True,False,False,0.0,64.26531455594821,53.32707942177007,64.26531455594821,97.20833333333333,1.0811101841418047,0.04479017595451693,False,0.5256662878818333,False,0.023611111111111027,False,False,0.5344563009768258,0.023611111111111027,True,True,-0.21985612923838949,0.8259832041071593,True,False,0.14721470553542967,0.08950798025044084,True,False,9.49967728880247,False,False,opposite_direction
500,assignment_isolation,plus_one_randomisation,True,ok,57.24468587668904,4.300938113224824,66.77722942718707,50.60540088428996,31.132068879317504,1.0,0.001,1.0,0.001,,,,,0,0,[],[],False,True,False,True,False,0.007071067811865475,0.007064082019057991,24,24,24,0,0.0,{},0.813472894265233,0.7,0.0,False,True,False,True,False,False,0.0,66.77722942718707,50.60540088428996,66.77722942718707,97.04166666666667,1.0832104558807165,0.007573502598453632,False,0.5139672770004963,False,0.03437499999999993,False,False,0.5194429611947412,0.03437499999999993,True,True,0.22882822370529657,0.8190024293895504,True,False,0.2766337312514899,0.04136095620028014,True,False,9.348303838295353,False,False,opposite_direction
501,assignment_isolation,plus_one_randomisation,True,ok,60.45766721482113,4.231569815251145,68.14999972009576,53.53875366392955,31.512629809435655,1.0,0.001,1.0,0.001,,,,,0,0,[],[],False,True,False,True,False,0.007071067811865475,0.007075161116426826,24,24,24,0,0.0,{},0.8094982078853046,0.7388297872340429,0.0,False,True,False,True,False,False,0.0,68.14999972009576,53.53875366392955,68.14999972009576,96.45833333333333,1.09486573165763,0.033811111786988354,False,0.5184787438573984,False,0.015625,False,False,0.538787335672774,0.015625,True,True,0.5505287398718172,0.5819567701400538,True,False,0.09849292384296163,0.7385975604867967,True,False,10.029024411338018,False,False,opposite_direction
502,assignment_isolation,plus_one_randomisation,True,ok,54.97341338483427,5.56232541158398,63.80320028233285,44.682956427710614,31.663909183033564,1.0,0.001,1.0,0.001,,,,,0,0,[],[],False,True,False,True,False,0.007071067811865475,0.007050655248839118,24,24,24,0,0.0,{},0.8202864057239055,0.6919981060606061,0.0,False,True,False,True,False,False,0.0,63.80320028233285,44.682956427710614,63.80320028233285,97.16666666666667,1.100329274353688,0.0003299122928553564,False,0.5122796430828434,False,0.023263888888888862,False,False,0.4947893233161428,0.023263888888888862,True,True,0.4956187491230273,0.6201634220884671,True,False,0.24498710908453933,0.059100013376660945,True,False,8.162203073731733,False,False,opposite_direction
503,assignment_isolation,plus_one_randomisation,True,ok,68.41912046534964,4.231052129132102,75.26670952068734,61.11967202385315,31.559624564244277,1.0,0.001,1.0,0.001,,,,,0,0,[],[],False,True,False,True,False,0.007071067811865475,0.0071443665686385495,24,24,24,0,0.0,{},0.8206217762733721,0.7530344202898551,0.0,False,True,False,True,False,False,0.0,75.26670952068734,61.11967202385315,75.26670952068734,96.54166666666667,1.1077020465742233,0.013573429413549493,False,0.5271415404183616,False,0.04756944444444444,False,False,0.5877631720262265,0.04756944444444444,True,True,0.890433720608584,0.3732330426604398,True,False,0.19056083732999057,0.1493338842158426,True,False,10.645332240485931,False,False,opposite_direction
504,assignment_isolation,plus_one_randomisation,True,ok,68.25838358190184,3.265626670696993,74.1916049946878,62.67587883788701,32.52817126961098,1.0,0.001,1.0,0.001,,,,,0,0,[],[],False,True,False,True,False,0.007071067811865475,0.007046987463971307,24,24,24,0,0.0,{},0.8054780701754385,0.649812734082397,0.0,False,True,False,True,False,False,0.0,74.1916049946878,62.67587883788701,74.1916049946878,96.20833333333333,1.1241894280410163,0.012976523149278205,False,0.5454083160362597,False,0.009027777777777746,False,False,0.5803589659987507,0.009027777777777746,True,True,1.1017678998617741,0.2705625891202973,True,False,0.15058845406775553,0.14543474823839012,True,False,9.351452145930454,False,False,opposite_direction
505,assignment_isolation,plus_one_randomisation,True,ok,60.46131030056468,2.985209624818206,65.40274967273173,55.580988985749855,31.439817482979798,1.0,0.001,1.0,0.001,,,,,0,0,[],[],False,True,False,True,False,0.007071067811865475,0.007068735569178221,24,24,24,0,0.0,{},0.8083333333333333,0.7350732600732601,0.0,False,True,False,True,False,False,0.0,65.40274967273173,55.580988985749855,65.40274967273173,96.375,1.090872394533689,0.011788561857631006,False,0.4874760987215487,False,0.04097222222222219,False,False,0.5404234813440733,0.04097222222222219,True,True,2.1533084730169754,0.03129444332942514,True,False,0.24306995424608002,0.0713544883371879,True,False,9.548789232934245,False,False,opposite_direction
506,assignment_isolation,plus_one_randomisation,True,ok,64.88464322971633,4.567313611225682,72.05208789820004,56.62070675231136,32.72526829446408,1.0,0.001,1.0,0.001,,,,,0,0,[],[],False,True,False,True,False,0.007071067811865475,0.007096879702112384,24,24,24,0,0.0,{},0.8020616319444445,0.6349794238683127,0.0,False,True,False,True,False,False,0.0,72.05208789820004,56.62070675231136,72.05208789820004,95.04166666666667,1.1320814794651406,0.004248942428894889,False,0.5297999782392389,False,0.028125000000000067,False,False,0.5551713584028748,0.028125000000000067,True,True,-0.33215496557487223,0.7397722473086049,True,False,0.20784136890470126,0.021661348711621623,True,False,9.172000783069386,False,False,opposite_direction
507,assignment_isolation,plus_one_randomisation,True,ok,59.538579314395044,3.0242634253479332,64.5879429256873,54.78710536248545,30.457729828069944,1.0,0.001,1.0,0.001,,,,,0,0,[],[],False,True,False,True,False,0.007071067811865475,0.007050511770187499,24,24,24,0,0.0,{},0.8057114512471655,0.7233870967741932,0.0,False,True,False,True,False,False,0.0,64.5879429256873,54.78710536248545,64.5879429256873,97.5,1.0602065527697473,0.04131345675521016,False,0.5075765681908722,False,0.02604166666666663,False,False,0.5462065761668483,0.02604166666666663,True,True,0.8538834067239874,0.3931695943997624,True,False,0.1081825550412415,0.24580955885474756,True,False,9.433220233733808,False,False,opposite_direction
508,assignment_isolation,plus_one_randomisation,True,ok,63.42758428887057,3.339689144700363,69.00591525243652,57.46440567375756,31.372226043148732,1.0,0.001,1.0,0.001,,,,,0,0,[],[],False,True,False,True,False,0.007071067811865475,0.0070733622040950106,24,24,24,0,0.0,{},0.7975501302820891,0.6815891472868219,0.0,False,True,False,True,False,False,0.0,69.00591525243652,57.46440567375756,69.00591525243652,95.41666666666667,1.083810508714552,0.006140371785498956,False,0.515690986126187,False,0.01041666666666663,False,False,0.5643165868068365,0.01041666666666663,True,True,0.18285277495087407,0.8549135381902144,True,False,0.27983631596076086,0.05225588277239218,True,False,9.849614580221367,False,False,opposite_direction
509,assignment_isolation,plus_one_randomisation,True,ok,66.63396637195365,5.001337206270187,75.36899296078948,58.48992881711211,32.35636146593817,1.0,0.001,1.0,0.001,,,,,0,0,[],[],False,True,False,True,False,0.007071067811865475,0.007062319742962683,24,24,24,0,0.0,{},0.780966121320783,0.6963425925925925,0.0,False,True,False,True,False,False,0.0,75.36899296078948,58.48992881711211,75.36899296078948,94.125,1.1084843182621424,0.017529477300169363,False,0.5305137000692071,False,0.010763888888888795,False,False,0.5760099187959569,0.010763888888888795,True,True,0.25364494726014886,0.7997698689789425,True,False,0.07636738566617661,0.3106176207940648,True,False,8.32225890422188,False,False,opposite_direction
510,assignment_isolation,plus_one_randomisation,True,ok,55.83028203418337,2.6652114603095636,60.119403677487064,51.16036076436359,30.358854491404376,1.0,0.001,1.0,0.001,,,,,0,0,[],[],False,True,False,True,False,0.007071067811865475,0.0071145801560555,24,24,24,0,0.0,{},0.8234126539753639,0.73302304964539,0.0,False,True,False,True,False,False,0.0,60.119403677487064,51.16036076436359,60.119403677487064,96.5,1.0608850229873146,0.024089619926064898,False,0.5253399018305555,False,0.032638888888888884,False,False,0.5175972844214618,0.032638888888888884,True,True,-1.672426549268926,0.09444024045912663,True,False,0.17607247823831454,0.03760077803900427,True,False,7.410951089258297,False,False,opposite_direction
511,assignment_isolation,plus_one_randomisation,True,ok,56.763128231721,4.912412284377404,65.49814978495797,47.68794785909982,31.909893571590462,1.0,0.001,1.0,0.001,,,,,0,0,[],[],False,True,False,True,False,0.007071067811865475,0.007081261784322201,24,24,24,0,0.0,{},0.7892144097222222,0.7254578754578754,0.0,False,True,False,True,False,False,0.0,65.49814978495797,47.687947859099815,65.49814978495797,95.375,1.103375370590169,0.00045269046210485243,False,0.5269209644777351,False,0.024652777777777746,False,False,0.5076163375255126,0.024652777777777746,True,True,0.0842309413292337,0.9328728179712134,True,False,0.18008481056412778,0.09181924397308196,True,False,8.14773015452875,False,False,opposite_direction
512,assignment_isolation,plus_one_randomisation,True,ok,66.57170905494785,3.625720225816042,72.92107112343018,60.171552599734675,32.027081394353246,1.0,0.001,1.0,0.001,,,,,0,0,[],[],False,True,False,True,False,0.007071067811865475,0.007081882174120864,24,24,24,0,0.0,{},0.7942046939156402,0.72687265917603,0.0,False,True,False,True,False,False,0.0,72.92107112343018,60.171552599734675,72.92107112343018,94.625,1.1031612822055754,0.006379149814855289,False,0.5012670258902585,False,0.010069444444444464,False,False,0.5776954781121961,0.010069444444444464,True,True,0.7770049392365416,0.4371558562539296,True,False,0.15421234841709652,0.04596612031393591,True,False,8.871526449649616,False,False,opposite_direction
513,assignment_isolation,plus_one_randomisation,True,ok,65.03633479126198,4.396007666708229,71.42683916313447,56.020929204384124,32.04571322720815,1.0,0.001,1.0,0.001,,,,,0,0,[],[],False,True,False,True,False,0.007071067811865475,0.007015316221746007,24,24,24,0,0.0,{},0.7931298849326966,0.6374526515151515,0.0,False,True,False,True,False,False,0.0,71.42683916313447,56.020929204384124,71.42683916313447,96.54166666666667,1.104446273853983,0.002147947589060317,False,0.5235836512462181,False,0.027083333333333348,False,False,0.5670216171345518,0.027083333333333348,True,True,-0.14044434048003537,0.8883089263589674,True,False,0.18902002308172372,0.06895292964549808,True,False,10.859249237183933,False,False,opposite_direction
514,assignment_isolation,plus_one_randomisation,True,ok,56.76578556793006,3.740184415622106,62.16749086637213,49.86747574071235,31.405817062386927,1.0,0.001,1.0,0.001,,,,,0,0,[],[],False,True,False,True,False,0.007071067811865475,0.007069363120411252,24,24,24,0,0.0,{},0.7905927835051547,0.6986263736263734,0.0,False,True,False,True,False,False,0.0,62.16749086637213,49.86747574071236,62.16749086637213,95.41666666666667,1.084357558833132,0.034792401488497215,False,0.5389614874466638,False,0.01041666666666674,False,False,0.5152795470121524,0.01041666666666674,True,True,-0.08248451128216132,0.9342614345675883,True,False,0.15022171199396683,0.09393606648344688,True,False,8.788970230011044,False,False,opposite_direction
515,assignment_isolation,plus_one_randomisation,True,ok,58.0720247039442,3.127019451371271,63.38466481195409,52.81445269447774,31.203271328692345,1.0,0.001,1.0,0.001,,,,,0,0,[],[],False,True,False,True,False,0.007071067811865475,0.007055329896927044,24,24,24,0,0.0,{},0.7836244019138756,0.6934027777777776,0.0,False,True,False,True,False,False,0.0,63.38466481195409,52.814452694477744,63.38466481195409,95.91666666666667,1.0780390587754893,0.059915404148966324,False,0.47829184864578456,False,0.03715277777777781,False,False,0.5278718251306,0.03715277777777781,True,True,0.15648618399058706,0.8756498086622913,True,False,0.19068400972715532,0.11634359742673728,True,False,7.495937227779086,False,False,opposite_direction
516,assignment_isolation,plus_one_randomisation,True,ok,54.661780880258476,4.362831190019437,64.29822593915252,48.22576518144224,31.79798624830013,1.0,0.001,1.0,0.001,,,,,0,0,[],[],False,True,False,True,False,0.007071067811865475,0.007037338442120708,24,24,24,0,0.0,{},0.808640350877193,0.7387681159420292,0.0,False,True,False,True,False,False,0.0,64.29822593915252,48.22576518144225,64.29822593915252,97.58333333333333,1.1052636415019452,0.007072211863844176,False,0.4992887549456375,False,0.025347222222222188,False,False,0.49035307089512586,0.025347222222222188,True,True,-1.2140106097246381,0.2247436727041996,True,False,0.244591269639773,0.011815436828904378,True,False,6.411618396769474,False,False,opposite_direction
517,assignment_isolation,plus_one_randomisation,True,ok,57.43740117825993,5.275981627960003,67.63843220912796,48.80353352915503,31.34826783515486,1.0,0.001,1.0,0.001,,,,,0,0,[],[],False,True,False,True,False,0.007071067811865475,0.0070983564356981825,24,24,24,0,0.0,{},0.8148720760233917,0.6968992248062015,0.0,False,True,False,True,False,False,0.0,67.63843220912796,48.80353352915503,67.63843220912796,95.125,1.085147292195227,0.032620027534075655,False,0.5106315442274415,False,0.016319444444444442,False,False,0.5201361849260858,0.016319444444444442,True,True,0.08871356530408488,0.9293095514912928,True,False,0.1010953247791727,0.5676926023425375,True,False,7.956494890396605,False,False,opposite_direction
518,assignment_isolation,plus_one_randomisation,True,ok,64.71676678272519,4.343584667828588,71.94114402979743,56.564276449870455,31.91977676562969,1.0,0.001,1.0,0.001,,,,,0,0,[],[],False,True,False,True,False,0.007071067811865475,0.007058182168223969,24,24,24,0,0.0,{},0.8079055156374744,0.7068981481481482,0.0,False,True,False,True,False,False,0.0,71.94114402979743,56.564276449870455,71.94114402979743,96.95833333333333,1.1092138498583055,0.017434228608319897,False,0.5238822267021052,False,0.011458333333333348,False,False,0.5629830169872931,0.011458333333333348,True,True,0.12271371890481805,0.9023337998625609,True,False,0.09026489073060671,0.39749737332748897,True,False,10.023240300838387,False,False,opposite_direction
519,assignment_isolation,plus_one_randomisation,True,ok,57.858362074160176,3.7324190835728928,63.84120278758628,50.81303312572108,30.949247229125355,1.0,0.001,1.0,0.001,,,,,0,0,[],[],False,True,False,True,False,0.007071067811865475,0.0070368349733182615,24,24,24,0,0.0,{},0.7970589322685595,0.6791182170542636,0.0,False,True,False,True,False,False,0.0,63.84120278758629,50.813033125721084,63.84120278758629,96.54166666666667,1.0699287479976745,0.035796387354797926,False,0.5187178721011503,False,0.0253472222222223,False,False,0.5295752554555382,0.0253472222222223,True,True,-1.1860082379499557,0.23561904626490626,True,False,0.15442652448554037,0.15934280096888204,True,False,9.226744622153108,False,False,opposite_direction
520,assignment_isolation,plus_one_randomisation,True,ok,59.60884337543798,3.9620555157766533,66.21941619517929,52.50521882251426,31.48989560223778,1.0,0.001,1.0,0.001,,,,,0,0,[],[],False,True,False,True,False,0.007071067811865475,0.007046200987780596,24,24,24,0,0.0,{},0.8039512045770271,0.7291232638888889,0.0,False,True,False,True,False,False,0.0,66.21941619517929,52.50521882251426,66.21941619517929,97.41666666666667,1.0949968874379021,0.014130906279970393,False,0.5096862083861395,False,0.019791666666666652,False,False,0.5325042614533759,0.019791666666666652,True,True,-0.392929681266022,0.6943714186338314,True,False,0.2070252833685008,0.03244805750075126,True,False,8.717313459751876,False,False,opposite_direction
521,assignment_isolation,plus_one_randomisation,True,ok,64.21700834138257,4.030409302344868,71.09595556735701,57.671558159325954,32.16914609865235,1.0,0.001,1.0,0.001,,,,,0,0,[],[],False,True,False,True,False,0.007071067811865475,0.007029965135214481,24,24,24,0,0.0,{},0.7928621812262614,0.7124509803921568,0.0,False,True,False,True,False,False,0.0,71.09595556735701,57.67155815932595,71.09595556735701,95.75,1.1064507816001647,0.00814997201706543,False,0.49784102337819003,False,0.019791666666666652,False,False,0.5606799271273323,0.019791666666666652,True,True,0.8365050546987097,0.4028708343201809,True,False,0.10864118895897089,0.4711201481785464,True,False,8.085780966725311,False,False,opposite_direction
522,assignment_isolation,plus_one_randomisation,True,ok,63.3369441411491,4.4031425428235185,70.56392382821328,55.535594807937805,31.39416580772671,1.0,0.001,1.0,0.001,,,,,0,0,[],[],False,True,False,True,False,0.007071067811865475,0.007087362824241588,24,24,24,0,0.0,{},0.8065714794911166,0.6946629213483148,0.0,False,True,False,True,False,False,0.0,70.56392382821328,55.535594807937805,70.56392382821328,96.75,1.0942816209283526,0.024113100088232572,False,0.5260176351675582,False,0.018402777777777768,False,False,0.5594789352973945,0.018402777777777768,True,True,1.6634037672890885,0.09623163952256972,True,False,0.2072985559542239,0.05129861986900828,True,False,10.289915506952736,False,False,opposite_direction
523,assignment_isolation,plus_one_randomisation,True,ok,63.86417292465461,4.157349860355681,70.8231421761735,56.65593254890417,32.03301442740585,1.0,0.001,1.0,0.001,,,,,0,0,[],[],False,True,False,True,False,0.007071067811865475,0.00709962054501813,24,24,24,0,0.0,{},0.7915780141843973,0.7120833333333334,0.0,False,True,False,True,False,False,0.0,70.8231421761735,56.65593254890417,70.8231421761735,94.04166666666667,1.102714562334976,0.028331479058830655,False,0.5466188053122594,False,0.03194444444444444,False,False,0.5597476309574302,0.03194444444444444,True,True,1.6892534823526422,0.09117086373183877,True,False,0.1696477639349114,0.06115434445388772,True,False,12.27453446211108,False,False,opposite_direction
524,assignment_isolation,plus_one_randomisation,True,ok,59.53336876525223,3.2381017796865503,65.28722371448846,53.82183707409433,31.729521808462085,1.0,0.001,1.0,0.001,,,,,0,0,[],[],False,True,False,True,False,0.007071067811865475,0.007072786231900418,24,24,24,0,0.0,{},0.807702850877193,0.6748106060606058,0.0,False,True,False,True,False,False,0.0,65.28722371448846,53.82183707409433,65.28722371448846,95.83333333333333,1.0984552290387244,0.02213451821388596,False,0.5054287944879311,False,0.01909722222222221,False,False,0.5305562929513554,0.01909722222222221,True,True,1.282784623703922,0.19956754258991938,True,False,0.27528718701607935,0.00655535362962304,True,False,10.837180296435513,False,False,opposite_direction
525,assignment_isolation,plus_one_randomisation,True,ok,53.134288707546744,4.750948703664479,60.983760482685646,44.798206272888,31.18265120968893,1.0,0.001,1.0,0.001,,,,,0,0,[],[],False,True,False,True,False,0.007071067811865475,0.00706363165024178,24,24,24,0,0.0,{},0.7828794394011785,0.7233695652173913,0.0,False,True,False,True,False,False,0.0,60.983760482685646,44.798206272888,60.983760482685646,95.41666666666667,1.0757793547251393,0.030847942843601567,False,0.5649624862977092,False,0.02256944444444453,False,False,0.48978441781073934,0.02256944444444453,True,True,0.8613434219581075,0.38904892714157846,True,False,0.2124613070743045,0.09888200115482515,True,False,7.7547122534086546,False,False,opposite_direction
526,assignment_isolation,plus_one_randomisation,True,ok,58.57387749118882,3.9851924531657907,65.39254200346913,52.0715364961694,30.894909867566387,1.0,0.001,1.0,0.001,,,,,0,0,[],[],False,True,False,True,False,0.007071067811865475,0.007112308960285584,24,24,24,0,0.0,{},0.8072002170374389,0.7242753623188405,0.0,False,True,False,True,False,False,0.0,65.39254200346913,52.071536496169394,65.39254200346913,95.20833333333333,1.072025293931279,0.010469774880890691,False,0.4840990701285298,False,0.02951388888888895,False,False,0.5341289292382472,0.02951388888888895,True,True,0.4002629029037956,0.6889628883843202,True,False,0.2592246245734099,0.01716046585135152,True,False,7.397293083621038,False,False,opposite_direction
527,assignment_isolation,plus_one_randomisation,True,ok,57.62953092278891,3.6360204160581504,64.06632999016753,51.44726224148532,31.299437917857837,1.0,0.001,1.0,0.001,,,,,0,0,[],[],False,True,False,True,False,0.007071067811865475,0.00707420009056351,24,24,24,0,0.0,{},0.8094072164948454,0.7331597222222223,0.0,False,True,False,True,False,False,0.0,64.06632999016753,51.447262241485326,64.06632999016753,97.29166666666667,1.0919976502747168,0.01463979350902193,False,0.5135417828348094,False,0.03125,False,False,0.5188357755585381,0.03125,True,True,-1.0244658810918925,0.30561527821329515,True,False,0.19471429455481126,0.07334569941981861,True,False,8.093494147589684,False,False,opposite_direction
528,assignment_isolation,plus_one_randomisation,True,ok,62.050622405601395,3.8290379124764202,68.37524107669093,55.015967988837176,31.35649914097406,1.0,0.001,1.0,0.001,,,,,0,0,[],[],False,True,False,True,False,0.007071067811865475,0.007076728149472732,24,24,24,0,0.0,{},0.8086928992026918,0.7041182170542634,0.0,False,True,False,True,False,False,0.0,68.37524107669093,55.01596798883717,68.37524107669093,96.08333333333333,1.087562230210626,0.019124913995970674,False,0.5325627902812502,False,0.023958333333333304,False,False,0.5531768240485894,0.023958333333333304,True,True,1.967076223736979,0.0491744238754577,True,False,0.339190116608798,0.07419852185197556,True,False,10.556435116636631,False,False,opposite_direction
529,assignment_isolation,plus_one_randomisation,True,ok,64.68966383609988,3.7013756120317707,72.0900747728552,58.736589122779826,31.59646954820889,1.0,0.001,1.0,0.001,,,,,0,0,[],[],False,True,False,True,False,0.007071067811865475,0.007080501636779931,24,24,24,0,0.0,{},0.7913003663003663,0.725,0.0,False,True,False,True,False,False,0.0,72.0900747728552,58.736589122779826,72.0900747728552,95.70833333333333,1.09432788993458,0.010552617750724603,False,0.5458297906008137,False,0.02673611111111107,False,False,0.5687072441114006,0.02673611111111107,True,True,-0.4631301366127996,0.6432710896164902,True,False,0.2050696639993307,0.11143999150107041,True,False,10.015546011219461,False,False,opposite_direction
530,assignment_isolation,plus_one_randomisation,True,ok,61.51231290943559,3.4297784353031,67.17704857918046,55.3537695212967,31.670438831281437,1.0,0.001,1.0,0.001,,,,,0,0,[],[],False,True,False,True,False,0.007071067811865475,0.007091149545247582,24,24,24,0,0.0,{},0.7827631578947369,0.6624503968253967,0.0,False,True,False,True,False,False,0.0,67.17704857918046,55.3537695212967,67.17704857918046,93.375,1.0850657047735104,0.03430322957576218,False,0.5077279359387251,False,0.014236111111111116,False,False,0.5503573519447843,0.014236111111111116,True,True,0.9366723323054061,0.34892713238944806,True,False,0.11753419474894855,0.31235978534518427,True,False,9.350503233646492,False,False,opposite_direction
531,assignment_isolation,plus_one_randomisation,True,ok,61.537656763965934,2.4076169061599706,65.60052735305241,57.338517076583706,31.01864471394105,1.0,0.001,1.0,0.001,,,,,0,0,[],[],False,True,False,True,False,0.007071067811865475,0.007133538839840011,24,24,24,0,0.0,{},0.8082474226804124,0.7447251773049649,0.0,False,True,False,True,False,False,0.0,65.60052735305241,57.338517076583706,65.60052735305241,95.875,1.0833044856043368,0.007269112190937593,False,0.517704958033504,False,0.027430555555555514,False,False,0.5512525986406519,0.027430555555555514,True,True,-0.40094540882788915,0.6884603168466996,True,False,0.18214207698338405,0.02228703408813131,True,False,10.694164275680517,False,False,opposite_direction
532,assignment_isolation,plus_one_randomisation,True,ok,56.15563763539716,4.7945939503534385,64.35445789089127,47.410270969777855,31.287789084520256,1.0,0.001,1.0,0.001,,,,,0,0,[],[],False,True,False,True,False,0.007071067811865475,0.0070947924879514,24,24,24,0,0.0,{},0.7997854425275264,0.6778963414634147,0.0,False,True,False,True,False,False,0.0,64.35445789089127,47.410270969777855,64.35445789089127,94.58333333333333,1.079423540016786,0.0076709599852370245,False,0.5377206564920951,False,0.02951388888888884,False,False,0.5125322608328473,0.02951388888888884,True,True,-0.6490370096298446,0.5163144547811088,True,False,0.2178424990063141,0.11466688601299017,True,False,8.900706356466532,False,False,opposite_direction
533,assignment_isolation,plus_one_randomisation,True,ok,62.43225655762206,3.720403495829192,68.49069283359563,55.32139728706119,31.371351451161583,1.0,0.001,1.0,0.001,,,,,0,0,[],[],False,True,False,True,False,0.007071067811865475,0.007066672544251732,24,24,24,0,0.0,{},0.7874558774092335,0.7124531835205992,0.0,False,True,False,True,False,False,0.0,68.49069283359563,55.32139728706119,68.49069283359563,95.91666666666667,1.0855885116014292,0.019594931744189924,False,0.49824115554842047,False,0.020138888888888817,False,False,0.5566668438668622,0.020138888888888817,True,True,-0.6460016053289543,0.5182783157665616,True,False,0.10296434075094105,0.22928018395190436,True,False,7.877499585116078,False,False,opposite_direction
534,assignment_isolation,plus_one_randomisation,True,ok,60.85601305743245,4.414181369672064,69.1056620843547,53.90755227765075,32.01225761249618,1.0,0.001,1.0,0.001,,,,,0,0,[],[],False,True,False,True,False,0.007071067811865475,0.007077202396421494,24,24,24,0,0.0,{},0.7930698739977091,0.6831325301204821,0.0,False,True,False,True,False,False,0.0,69.1056620843547,53.90755227765075,69.1056620843547,94.70833333333333,1.1024071475948518,0.0015804465562646547,False,0.5192884309984471,False,0.011458333333333348,False,False,0.5386564322009849,0.011458333333333348,True,True,0.9720437526539488,0.3310287825908834,True,False,0.12388191264703899,0.32219287376824585,True,False,10.319286505190837,False,False,opposite_direction
535,assignment_isolation,plus_one_randomisation,True,ok,58.4395662133032,4.585316552277945,68.15198299770195,51.83797067874709,30.97147017449766,1.0,0.001,1.0,0.001,,,,,0,0,[],[],False,True,False,True,False,0.007071067811865475,0.0070563625192804885,24,24,24,0,0.0,{},0.8162083780880776,0.7101449275362319,0.0,False,True,False,True,False,False,0.0,68.15198299770195,51.83797067874709,68.15198299770195,97.04166666666667,1.0764449718238875,0.023212446564006613,False,0.5063900434604177,False,0.032638888888888884,False,False,0.5313041932484543,0.032638888888888884,True,True,-0.5079709724020818,0.6114737003395874,True,False,0.3011656066163074,0.020696433278721487,True,False,9.349808427429108,False,False,opposite_direction
536,assignment_isolation,plus_one_randomisation,True,ok,63.54456447758779,3.4100593465118028,69.24733457418911,57.40004878716006,31.651448533002917,1.0,0.001,1.0,0.001,,,,,0,0,[],[],False,True,False,True,False,0.007071067811865475,0.00704840198292163,24,24,24,0,0.0,{},0.7939606638882796,0.6914728682170542,0.0,False,True,False,True,False,False,0.0,69.24733457418911,57.40004878716005,69.24733457418911,94.54166666666667,1.0845907257000467,0.03149972637862314,False,0.5067515304030429,False,0.026388888888888906,False,False,0.5648078846851794,0.026388888888888906,True,True,-0.9648523680174963,0.33461876183900463,True,False,0.20338357629087447,0.04829087658024715,True,False,8.80157365250781,False,False,opposite_direction
537,assignment_isolation,plus_one_randomisation,True,ok,61.75339102674021,4.100388407992669,70.35364174961893,55.247248565777284,31.43224257939489,1.0,0.001,1.0,0.001,,,,,0,0,[],[],False,True,False,True,False,0.007071067811865475,0.007080191036225624,24,24,24,0,0.0,{},0.8122817982456139,0.6748062015503877,0.0,False,True,False,True,False,False,0.0,70.35364174961893,55.247248565777284,70.35364174961893,95.0,1.084556422203293,0.0020128009284763613,False,0.5323365291346646,False,0.02256944444444442,False,False,0.5522830808508775,0.02256944444444442,True,True,0.9474600405837208,0.34340440894872615,True,False,0.20669565657175656,0.017408039327020553,True,False,9.444081108986481,False,False,opposite_direction
538,assignment_isolation,plus_one_randomisation,True,ok,55.01970594629094,2.8975504154872738,60.32085361243223,50.17342074853059,30.8810450328356,1.0,0.001,1.0,0.001,,,,,0,0,[],[],False,True,False,True,False,0.007071067811865475,0.007068163420806644,24,24,24,0,0.0,{},0.7844812925170068,0.6704022988505747,0.0,False,True,False,True,False,False,0.0,60.320853612432224,50.17342074853059,60.320853612432224,94.375,1.060222599893787,0.005851139881430606,False,0.5274563012256983,False,0.02430555555555558,False,False,0.5114386757412895,0.02430555555555558,True,True,2.2957767606687134,0.021688648856535046,True,False,0.17292412688214545,0.06836291689317664,True,False,7.654064157661714,False,False,opposite_direction
539,assignment_isolation,plus_one_randomisation,True,ok,68.5728574147052,4.083385435007264,75.27560254647533,61.61565534596328,31.861630495113726,1.0,0.001,1.0,0.001,,,,,0,0,[],[],False,True,False,True,False,0.007071067811865475,0.0071106897117150375,24,24,24,0,0.0,{},0.8163265306122449,0.6952651515151514,0.0,False,True,False,True,False,False,0.0,75.27560254647533,61.61565534596328,75.27560254647533,95.625,1.107733916090582,0.021062075779246743,False,0.5367869064392946,False,0.02777777777777779,False,False,0.588717884557468,0.02777777777777779,True,True,1.6163520529145194,0.10601821856750801,True,False,0.15746071482592533,0.1049921054751885,True,False,10.14948904387739,False,False,opposite_direction
540,assignment_isolation,plus_one_randomisation,True,ok,61.36238284564964,3.4391717870935867,67.17718487154681,56.03221250231523,31.286245435805228,1.0,0.001,1.0,0.001,,,,,0,0,[],[],False,True,False,True,False,0.007071067811865475,0.007050990910783368,24,24,24,0,0.0,{},0.8024689881268827,0.6322796934865901,0.0,False,True,False,True,False,False,0.0,67.17718487154681,56.032212502315225,67.17718487154681,96.45833333333333,1.0832868815984138,0.03429123858141291,False,0.5209263761454105,False,0.01736111111111116,False,False,0.5500057470112542,0.01736111111111116,True,True,0.7684200651919819,0.44223766335656,True,False,0.12332251345916204,0.2227255707674068,True,False,10.480880334219306,False,False,opposite_direction
541,assignment_isolation,plus_one_randomisation,True,ok,59.77775902490125,3.3664085605314447,65.86273206986951,54.42738371975946,31.024503316106305,1.0,0.001,1.0,0.001,,,,,0,0,[],[],False,True,False,True,False,0.007071067811865475,0.007086800968344079,24,24,24,0,0.0,{},0.8067272940074907,0.7269474637681158,0.0,False,True,False,True,False,False,0.0,65.86273206986951,54.42738371975946,65.86273206986951,96.29166666666667,1.0787465741137119,0.00546553566695852,False,0.5044542197895372,False,0.032638888888888884,False,False,0.5403388931319564,0.032638888888888884,True,True,-1.0992016087766825,0.27168013718447437,True,False,0.14685445785596027,0.40655358269334707,True,False,9.401235617173292,False,False,opposite_direction
542,assignment_isolation,plus_one_randomisation,True,ok,59.74922076577345,2.5075670446859726,63.94691953767433,55.21810659912812,30.985103384484567,1.0,0.001,1.0,0.001,,,,,0,0,[],[],False,True,False,True,False,0.007071067811865475,0.007093595004160141,24,24,24,0,0.0,{},0.799144114167406,0.6621399176954733,0.0,False,True,False,True,False,False,0.0,63.94691953767434,55.21810659912811,63.94691953767434,95.83333333333333,1.0758398840890298,0.0053870679084829605,False,0.5135880536557974,False,0.02430555555555547,False,False,0.5413169549009001,0.02430555555555547,True,True,0.9540107186276013,0.34007821677961036,True,False,0.19026570290704092,0.020741811525815584,True,False,10.2149652396991,False,False,opposite_direction
543,assignment_isolation,plus_one_randomisation,True,ok,60.23945612475,4.683733335612752,67.41718733276075,52.58603208108034,31.439910149739163,1.0,0.001,1.0,0.001,,,,,0,0,[],[],False,True,False,True,False,0.007071067811865475,0.00710518417068312,24,24,24,0,0.0,{},0.8017065602836879,0.6898809523809525,0.0,False,True,False,True,False,False,0.0,67.41718733276075,52.58603208108034,67.41718733276075,95.08333333333333,1.089127789406662,0.04099717232447949,False,0.5168725071850483,False,0.02187500000000009,False,False,0.5395092260608932,0.02187500000000009,True,True,0.9863098983784561,0.32398106394146775,True,False,0.287600245468557,0.005139365382821972,True,False,8.952519252184617,False,False,opposite_direction
544,assignment_isolation,plus_one_randomisation,True,ok,64.62441728176032,4.716766968311891,71.84002470404883,56.3835778280922,32.575758307215715,1.0,0.001,1.0,0.001,,,,,0,0,[],[],False,True,False,True,False,0.007071067811865475,0.007070002123426989,24,24,24,0,0.0,{},0.8018478161549707,0.694593253968254,0.0,False,True,False,True,False,False,0.0,71.84002470404883,56.3835778280922,71.84002470404883,96.08333333333333,1.1287769004088626,0.02551769680631221,False,0.5102575631654915,False,0.024652777777777857,False,False,0.5546903759419042,0.024652777777777857,True,True,-0.4118421641778286,0.6804551144273348,True,False,0.154618276741929,0.13200600322956665,True,False,9.933072048332727,False,False,opposite_direction
545,assignment_isolation,plus_one_randomisation,True,ok,64.9441769281534,3.8448702091762104,72.12455411906535,59.06103713123873,32.375813394922524,1.0,0.001,1.0,0.001,,,,,0,0,[],[],False,True,False,True,False,0.007071067811865475,0.007058294392339339,24,24,24,0,0.0,{},0.7938077676722863,0.7113799283154121,0.0,False,True,False,True,False,False,0.0,72.12455411906535,59.06103713123873,72.12455411906535,95.0,1.113659082905484,0.005202237543586723,False,0.5190604817321309,False,0.006944444444444531,False,False,0.5627677095799665,0.006944444444444531,True,True,-0.880997392198008,0.37831923146792756,True,False,0.1760365026142084,0.030224653329041656,True,False,8.002184456153282,False,False,opposite_direction
546,assignment_isolation,plus_one_randomisation,True,ok,57.53565808866736,3.560760215907246,63.258640369341386,51.219970055874406,30.706142342181227,1.0,0.001,1.0,0.001,,,,,0,0,[],[],False,True,False,True,False,0.007071067811865475,0.007075404885050221,24,24,24,0,0.0,{},0.7952169117647059,0.7218992248062015,0.0,False,True,False,True,False,False,0.0,63.258640369341386,51.219970055874406,63.258640369341386,95.95833333333333,1.0641133907853193,0.0022153176168192837,False,0.49204115446822944,False,0.021527777777777812,False,False,0.5295122412248162,0.021527777777777812,True,True,0.1537146436270238,0.8778347380679042,True,False,0.1713095120871075,0.387521933079107,True,False,9.465341929328446,False,False,opposite_direction
547,assignment_isolation,plus_one_randomisation,True,ok,64.60578185544895,3.3048509568022664,70.32830981202125,59.42009882808201,32.21487300745279,1.0,0.001,1.0,0.001,,,,,0,0,[],[],False,True,False,True,False,0.007071067811865475,0.007001755242583058,24,24,24,0,0.0,{},0.7970469297788885,0.6880149812734082,0.0,False,True,False,True,False,False,0.0,70.32830981202125,59.42009882808201,70.32830981202125,96.41666666666667,1.107412470356295,0.014564202435981898,False,0.5243606100877929,False,0.034375000000000044,False,False,0.5629431461816433,0.034375000000000044,True,True,0.07999979890161525,0.936237415912693,True,False,0.09782863871107811,0.4271513853859639,True,False,8.796489117231182,False,False,opposite_direction
548,assignment_isolation,plus_one_randomisation,True,ok,64.54107199758394,3.782013108692307,70.54102925253098,57.27004184204252,31.163080850476987,1.0,0.001,1.0,0.001,,,,,0,0,[],[],False,True,False,True,False,0.007071067811865475,0.007075930695300479,24,24,24,0,0.0,{},0.818662356162356,0.6970370370370368,0.0,False,True,False,True,False,False,0.0,70.54102925253098,57.27004184204251,70.54102925253098,97.75,1.0900648718065187,0.004515343016397961,False,0.5098654409771955,False,0.013541666666666674,False,False,0.5694072352554197,0.013541666666666674,True,True,-0.9790804388157304,0.3275402360340065,True,False,0.13694274869024095,0.23296636047031713,True,False,9.419338628457112,False,False,opposite_direction
549,assignment_isolation,plus_one_randomisation,True,ok,63.52075022736157,3.414785989694239,69.71704106461436,58.072004600211564,31.82413541026169,1.0,0.001,1.0,0.001,,,,,0,0,[],[],False,True,False,True,False,0.007071067811865475,0.007011022610815924,24,24,24,0,0.0,{},0.7956257599444154,0.6886704119850188,0.0,False,True,False,True,False,False,0.0,69.71704106461436,58.072004600211564,69.71704106461436,96.25,1.0944813229600594,0.034814572672854,False,0.5136073766580472,False,0.02951388888888895,False,False,0.5606691249735184,0.02951388888888895,True,True,-0.21187425624388537,0.8322051351819579,True,False,0.15202048735517626,0.2634743564425664,True,False,10.220144794185911,False,False,opposite_direction
550,assignment_isolation,plus_one_randomisation,True,ok,64.51552216834527,4.522762334779767,72.09926181840002,56.01203035434632,30.84537564046714,1.0,0.001,1.0,0.001,,,,,0,0,[],[],False,True,False,True,False,0.007071067811865475,0.00708567848699681,24,24,24,0,0.0,{},0.8144774659863947,0.7454119850187269,0.0,False,True,False,True,False,False,0.0,72.09926181840002,56.012030354346315,72.09926181840002,96.79166666666667,1.0751287963995084,0.003232930993953461,False,0.49339162693696237,False,0.03229166666666661,False,False,0.5752464912261488,0.03229166666666661,True,True,-2.0527219329831072,0.04009955361925648,True,False,0.18775404567991805,0.02260079129090457,True,False,9.980107379519614,False,False,opposite_direction
551,assignment_isolation,plus_one_randomisation,True,ok,57.17342029167625,4.445952863235026,64.2623357068724,49.02735882874997,31.495681829262487,1.0,0.001,1.0,0.001,,,,,0,0,[],[],False,True,False,True,False,0.007071067811865475,0.007056355301773009,24,24,24,0,0.0,{},0.8019204068173139,0.7069597069597068,0.0,False,True,False,True,False,False,0.0,64.2623357068724,49.02735882874996,64.2623357068724,95.83333333333333,1.0878268057690126,0.020463864115552902,False,0.5112914502403902,False,0.01215277777777779,False,False,0.5170225760334554,0.01215277777777779,True,True,-1.0704294526024456,0.28442604797442606,True,False,0.2029125922126249,0.1447614883156636,True,False,7.41668109643634,False,False,opposite_direction
552,assignment_isolation,plus_one_randomisation,True,ok,64.17173603925848,3.7831516544353674,71.12910631608388,57.8271787972406,31.421304638038233,1.0,0.001,1.0,0.001,,,,,0,0,[],[],False,True,False,True,False,0.007071067811865475,0.007060303467417193,24,24,24,0,0.0,{},0.8078581117742809,0.6732954545454546,0.0,False,True,False,True,False,False,0.0,71.12910631608388,57.8271787972406,71.12910631608388,96.04166666666667,1.0870447679245392,0.010879184770346008,False,0.503586388365171,False,0.01909722222222221,False,False,0.5681129317214078,0.01909722222222221,True,True,-1.1603855008816757,0.24589188729540523,True,False,0.16074274113067988,0.10952698905526502,True,False,8.99227924025427,False,False,opposite_direction
553,assignment_isolation,plus_one_randomisation,True,ok,52.884361588322385,4.293470721074719,60.87687529265926,46.64284259582022,30.748633199479297,1.0,0.001,1.0,0.001,,,,,0,0,[],[],False,True,False,True,False,0.007071067811865475,0.007109141337597405,24,24,24,0,0.0,{},0.7977598566308243,0.677941176470588,0.0,False,True,False,True,False,False,0.0,60.87687529265926,46.64284259582022,60.87687529265926,94.45833333333333,1.0622655761449475,0.01621020241592029,False,0.5315216826050723,False,0.018055555555555602,False,False,0.49324403257937866,0.018055555555555602,True,True,0.16947084158607165,0.8654263056490806,True,False,0.12637410758452333,0.07015712155474663,True,False,7.312964609490649,False,False,opposite_direction
554,assignment_isolation,plus_one_randomisation,True,ok,60.55129548258005,2.7958907312484644,65.66818345152757,55.61602862314506,31.312798568941723,1.0,0.001,1.0,0.001,,,,,0,0,[],[],False,True,False,True,False,0.007071067811865475,0.007035350553794069,24,24,24,0,0.0,{},0.7947697368421052,0.6720370370370371,0.0,False,True,False,True,False,False,0.0,65.66818345152757,55.61602862314506,65.66818345152757,95.79166666666667,1.0780564330552087,0.011338398209456932,False,0.48079515195585004,False,0.014236111111111116,False,False,0.5462815206343201,0.014236111111111116,True,True,0.3490135062025542,0.7270791699033601,True,False,0.16326124956074958,0.05758832435458562,True,False,8.969394890267868,False,False,opposite_direction
555,assignment_isolation,plus_one_randomisation,True,ok,60.807418908174064,3.6268545145565385,66.59209066341235,53.55827819542537,32.256485336394434,1.0,0.001,1.0,0.001,,,,,0,0,[],[],False,True,False,True,False,0.007071067811865475,0.007019998251863049,24,24,24,0,0.0,{},0.7811448468216386,0.6939764492753624,0.0,False,True,False,True,False,False,0.0,66.59209066341235,53.55827819542537,66.59209066341235,96.5,1.112212341708437,0.017854202076782216,False,0.5084837589167274,False,0.029166666666666674,False,False,0.5344028072235301,0.029166666666666674,True,True,-0.21723317101721606,0.8280266351221973,True,False,0.12019433048289638,0.16590519998114472,True,False,8.574201530776321,False,False,opposite_direction
556,assignment_isolation,plus_one_randomisation,True,ok,56.03689373269469,3.019515386733325,61.23828511296622,51.193235055874915,31.64076767037052,1.0,0.001,1.0,0.001,,,,,0,0,[],[],False,True,False,True,False,0.007071067811865475,0.007056834817387626,24,24,24,0,0.0,{},0.8020616319444447,0.70375,0.0,False,True,False,True,False,False,0.0,61.23828511296622,51.193235055874915,61.23828511296622,96.08333333333333,1.09433678698259,0.011422198370351062,False,0.5012795744731454,False,0.023958333333333304,False,False,0.5055744332850413,0.023958333333333304,True,True,-0.3376204293612412,0.7356492448904943,True,False,0.20705552096216917,0.02189787305145486,True,False,7.494938198073044,False,False,opposite_direction
557,assignment_isolation,plus_one_randomisation,True,ok,55.42674083522879,3.409514568521957,61.40422192741257,49.38854322981736,30.936917261698277,1.0,0.001,1.0,0.001,,,,,0,0,[],[],False,True,False,True,False,0.007071067811865475,0.007083810253568665,24,24,24,0,0.0,{},0.8087835068252879,0.7121863799283151,0.0,False,True,False,True,False,False,0.0,61.40422192741257,49.388543229817365,61.40422192741257,97.0,1.0791947575996579,0.0493605437252998,False,0.5104452440039091,False,0.021874999999999978,False,False,0.5068848206558159,0.021874999999999978,True,True,-0.7559023538669541,0.44970774257390367,True,False,0.1121924634305437,0.18640391130976322,True,False,7.437456219543997,False,False,opposite_direction
558,assignment_isolation,plus_one_randomisation,True,ok,65.97683390017035,4.9714281943877285,75.16539328873122,57.75584618476918,32.18266148909281,1.0,0.001,1.0,0.001,,,,,0,0,[],[],False,True,False,True,False,0.007071067811865475,0.007068311284774085,24,24,24,0,0.0,{},0.8100447457026404,0.7266666666666667,0.0,False,True,False,True,False,False,0.0,75.16539328873122,57.75584618476918,75.16539328873122,97.08333333333333,1.1206757347021343,0.0004833731671975899,False,0.5111807525100744,False,0.02256944444444442,False,False,0.5669210343553864,0.02256944444444442,True,True,-0.41520661004711473,0.6779906603292959,True,False,0.1555469031962006,0.34219928326774207,True,False,9.01290391002244,False,False,opposite_direction
559,assignment_isolation,plus_one_randomisation,True,ok,55.91817411209089,4.443721051697222,63.323662566531794,47.48192626332576,31.20795286098876,1.0,0.001,1.0,0.001,,,,,0,0,[],[],False,True,False,True,False,0.007071067811865475,0.007104470505070613,24,24,24,0,0.0,{},0.8103076888650198,0.7075757575757575,0.0,False,True,False,True,False,False,0.0,63.323662566531794,47.48192626332576,63.323662566531794,95.58333333333333,1.0838223115605323,0.04544088294707673,False,0.5279839497048818,False,0.021180555555555647,False,False,0.5088823943758893,0.021180555555555647,True,True,-1.0462304772609385,0.29545463486592227,True,False,0.1616100256404389,0.07242780247902274,True,False,6.390828439383728,False,False,opposite_direction
560,assignment_isolation,plus_one_randomisation,True,ok,62.65863795452221,3.3045709229021063,68.18184946437465,56.71076559677509,30.881800527952052,1.0,0.001,1.0,0.001,,,,,0,0,[],[],False,True,False,True,False,0.007071067811865475,0.007084018544167972,24,24,24,0,0.0,{},0.7896775592828225,0.7067204301075268,0.0,False,True,False,True,False,False,0.0,68.18184946437465,56.71076559677508,68.18184946437465,95.41666666666667,1.0684751535620212,2.4606089741826903e-05,False,0.5049095793398063,False,0.01388888888888895,False,False,0.5652147768441793,0.01388888888888895,True,True,0.516254932981948,0.6056763679165627,True,False,0.1309473260614089,0.1802833008282849,True,False,10.114337155982465,False,False,opposite_direction
561,assignment_isolation,plus_one_randomisation,True,ok,61.46203902147615,4.922360860444333,69.3120749966274,52.12846664383157,31.774588346474786,1.0,0.001,1.0,0.001,,,,,0,0,[],[],False,True,False,True,False,0.007071067811865475,0.007070542042290082,24,24,24,0,0.0,{},0.8057648739164696,0.7166666666666668,0.0,False,True,False,True,False,False,0.0,69.3120749966274,52.128466643831565,69.3120749966274,95.79166666666667,1.0994272850845426,0.02797512590746639,False,0.49045735309773264,False,0.021180555555555536,False,False,0.5442124891552717,0.021180555555555536,True,True,-0.8494898637457278,0.3956087680702104,True,False,0.2182077223962036,0.028124883484612714,True,False,8.596535837596361,False,False,opposite_direction
562,assignment_isolation,plus_one_randomisation,True,ok,64.98475780492909,3.943873295630546,72.24335205521201,58.82643629445232,31.583500338413437,1.0,0.001,1.0,0.001,,,,,0,0,[],[],False,True,False,True,False,0.007071067811865475,0.007067105570627448,24,24,24,0,0.0,{},0.7954749103942651,0.7045454545454545,0.0,False,True,False,True,False,False,0.0,72.24335205521201,58.82643629445232,72.24335205521201,95.08333333333333,1.0882383908472326,0.024885293421527514,False,0.533536210262635,False,0.027083333333333348,False,False,0.573125471823951,0.027083333333333348,True,True,0.9729713336166712,0.3305675496239109,True,False,0.13983082620498888,0.23782764351846822,True,False,9.235269460750423,False,False,opposite_direction
563,assignment_isolation,plus_one_randomisation,True,ok,64.90185028120612,3.362102039212839,70.40571698601023,59.01697160638917,31.27384920875165,1.0,0.001,1.0,0.001,,,,,0,0,[],[],False,True,False,True,False,0.007071067811865475,0.007093101647884015,24,24,24,0,0.0,{},0.8057272727272727,0.7454385964912281,0.0,False,True,False,True,False,False,0.0,70.40571698601023,59.01697160638917,70.40571698601023,96.45833333333333,1.089324828785155,0.036257709978988396,False,0.5097386932009288,False,0.01736111111111116,False,False,0.5721345503533036,0.01736111111111116,True,True,0.4848936267089969,0.6277518035328391,True,False,0.1003933670209399,0.1976796096395828,True,False,8.693728507517445,False,False,opposite_direction
564,assignment_isolation,plus_one_randomisation,True,ok,57.296330024651944,3.221903083259115,63.04145281514515,52.262782739901304,31.554321842818766,1.0,0.001,1.0,0.001,,,,,0,0,[],[],False,True,False,True,False,0.007071067811865475,0.007019409676818944,24,24,24,0,0.0,{},0.7939971158154122,0.6704119850187267,0.0,False,True,False,True,False,False,0.0,63.041452815145156,52.262782739901304,63.041452815145156,95.83333333333333,1.084145926666777,0.02120373957626478,False,0.5342598461837162,False,0.01909722222222221,False,False,0.5194599216296675,0.01909722222222221,True,True,-0.46046156339242117,0.6451849544402957,True,False,0.1789233749347402,0.6013674598984545,True,False,7.265376627045049,False,False,opposite_direction
565,assignment_isolation,plus_one_randomisation,True,ok,60.22269637907499,3.2975308485494086,66.14913270808323,54.633274058993806,31.762244462102842,1.0,0.001,1.0,0.001,,,,,0,0,[],[],False,True,False,True,False,0.007071067811865475,0.00707165193763599,24,24,24,0,0.0,{},0.7934593900966183,0.6460727969348656,0.0,False,True,False,True,False,False,0.0,66.14913270808323,54.633274058993806,66.14913270808323,95.20833333333333,1.0958208174724695,0.02173004262145738,False,0.5390211679857121,False,0.02083333333333337,False,False,0.536687509034539,0.02083333333333337,True,True,-0.04721939152182564,0.9623383725600311,True,False,0.06257676007741378,0.4677381301540982,True,False,8.5442890584567,False,False,opposite_direction
566,assignment_isolation,plus_one_randomisation,True,ok,64.12227348999168,4.121978748095691,71.21448734408611,56.70791221916273,32.37934319225276,1.0,0.001,1.0,0.001,,,,,0,0,[],[],False,True,False,True,False,0.007071067811865475,0.007077167116012857,24,24,24,0,0.0,{},0.8076424684994273,0.704119850187266,0.0,False,True,False,True,False,False,0.0,71.21448734408611,56.70791221916273,71.21448734408611,95.66666666666667,1.1206701677930753,0.022072939165337074,False,0.512724061958143,False,0.010763888888888906,False,False,0.5544300662527286,0.010763888888888906,True,True,-0.5720981831030314,0.5672554599714938,True,False,0.1878815206806342,0.18536062304802944,True,False,8.487107067134026,False,False,opposite_direction
567,assignment_isolation,plus_one_randomisation,True,ok,59.604501580919624,3.8811573847250713,66.04376818811392,53.101372292957784,31.784831778294404,1.0,0.001,1.0,0.001,,,,,0,0,[],[],False,True,False,True,False,0.007071067811865475,0.007108649309676552,24,24,24,0,0.0,{},0.7998281056175792,0.7331560283687946,0.0,False,True,False,True,False,False,0.0,66.04376818811392,53.101372292957784,66.04376818811392,95.41666666666667,1.1035426731584288,0.007033499325161262,False,0.49734493881312986,False,0.02430555555555558,False,False,0.5290462486873329,0.02430555555555558,True,True,-0.10625116095162111,0.9153830800726441,True,False,0.20266648194561987,0.1947867540803475,True,False,7.789790378810762,False,False,opposite_direction
568,assignment_isolation,plus_one_randomisation,True,ok,62.13292277104821,3.7743115037492707,68.63725109383203,55.16823663719354,31.018599971978578,1.0,0.001,1.0,0.001,,,,,0,0,[],[],False,True,False,True,False,0.007071067811865475,0.007124952494605005,24,24,24,0,0.0,{},0.8280811260674481,0.7255376344086021,0.0,False,True,False,True,False,False,0.0,68.63725109383203,55.16823663719354,68.63725109383203,96.66666666666667,1.0864569963793806,0.05971109923384017,False,0.5295954706753555,False,0.02256944444444442,False,False,0.5542057058994091,0.02256944444444442,True,True,0.3135713732957165,0.7538466044699637,True,False,0.2570568910083885,0.0013716954432514952,True,False,10.296260824130758,False,False,opposite_direction
569,assignment_isolation,plus_one_randomisation,True,ok,62.57177986346238,3.4397064765139533,69.0201940824721,56.925536829124674,31.38780254268374,1.0,0.001,1.0,0.001,,,,,0,0,[],[],False,True,False,True,False,0.007071067811865475,0.007045747680047314,24,24,24,0,0.0,{},0.7905758863304093,0.6784883720930233,0.0,False,True,False,True,False,False,0.0,69.0201940824721,56.925536829124674,69.0201940824721,96.0,1.0834119437248335,0.015864239487683337,False,0.5244018285747805,False,0.013541666666666674,False,False,0.5585266981551532,0.013541666666666674,True,True,0.6146122937064851,0.5388107936463844,True,False,0.16564238875553616,0.18622521181441887,True,False,9.578712530292727,False,False,opposite_direction
570,assignment_isolation,plus_one_randomisation,True,ok,53.81894655918929,3.575457994322327,59.82645056461882,47.88476700407573,30.451507215585067,1.0,0.001,1.0,0.001,,,,,0,0,[],[],False,True,False,True,False,0.007071067811865475,0.007089547445603643,24,24,24,0,0.0,{},0.8072610361348842,0.7242424242424242,0.0,False,True,False,True,False,False,0.0,59.82645056461882,47.88476700407572,59.82645056461882,95.75,1.0562499517593547,0.019765772550440937,False,0.48634644205664435,False,0.011458333333333348,False,False,0.5033979242232114,0.011458333333333348,True,True,0.5298345634413981,0.5962266388476286,True,False,0.17624856852318788,0.10041382440840235,True,False,7.774578065430753,False,False,opposite_direction
571,assignment_isolation,plus_one_randomisation,True,ok,64.48215181218295,3.046490128589597,70.32976206031736,59.809122515373666,30.786643795944862,1.0,0.001,1.0,0.001,,,,,0,0,[],[],False,True,False,True,False,0.007071067811865475,0.007101365655537862,24,24,24,0,0.0,{},0.8110698653198651,0.7280219780219781,0.0,False,True,False,True,False,False,0.0,70.32976206031736,59.809122515373666,70.32976206031736,96.25,1.072443930697879,0.014570974098767939,False,0.5000810752983751,False,0.02951388888888895,False,False,0.5761088406792046,0.02951388888888895,True,True,0.3342456998034751,0.7381941615545938,True,False,0.199207363440322,0.07808888808501672,True,False,10.787639578800729,False,False,opposite_direction
572,assignment_isolation,plus_one_randomisation,True,ok,54.63721136635331,3.714253414288975,60.71669636917741,48.06188865343784,30.72605129138684,1.0,0.001,1.0,0.001,,,,,0,0,[],[],False,True,False,True,False,0.007071067811865475,0.007142399619773519,24,24,24,0,0.0,{},0.8265407986111111,0.7401685393258426,0.0,False,True,False,True,False,False,0.0,60.71669636917741,48.06188865343784,60.71669636917741,96.58333333333333,1.0783804252442444,0.04361256593812906,False,0.5213256828800753,False,0.028472222222222232,False,False,0.5009229394240877,0.028472222222222232,True,True,-0.6065390916801734,0.5441568319941656,True,False,0.18001742126506712,0.01671023452959816,True,False,8.36637194425165,False,False,opposite_direction
573,assignment_isolation,plus_one_randomisation,True,ok,63.91069057229685,4.079166700599011,69.83073088277277,55.66346010083881,31.168040830715476,1.0,0.001,1.0,0.001,,,,,0,0,[],[],False,True,False,True,False,0.007071067811865475,0.007060886896942642,24,24,24,0,0.0,{},0.80412456194073,0.718486590038314,0.0,False,True,False,True,False,False,0.0,69.83073088277277,55.66346010083881,69.83073088277277,95.95833333333333,1.0779040693821804,0.010541074391082797,False,0.5472994237536519,False,0.018402777777777768,False,False,0.5700197317058535,0.018402777777777768,True,True,0.5993646352192856,0.5489297545467416,True,False,0.08219883248044803,0.5458379106795971,True,False,9.441680208522733,False,False,opposite_direction
574,assignment_isolation,plus_one_randomisation,True,ok,59.38123405869089,3.9275800878836207,66.13526243423479,52.385170512952726,31.35295514801758,1.0,0.001,1.0,0.001,,,,,0,0,[],[],False,True,False,True,False,0.007071067811865475,0.007028681630442096,24,24,24,0,0.0,{},0.780583023214602,0.6755494505494506,0.0,False,True,False,True,False,False,0.0,66.13526243423479,52.385170512952726,66.13526243423479,95.04166666666667,1.0741857316207628,0.022091550444632187,False,0.5100407077078966,False,0.025694444444444464,False,False,0.5392735346803087,0.025694444444444464,True,True,0.9777011712971936,0.32822214230362645,True,False,0.19384707743580892,0.025569304177030055,True,False,8.948245085281137,False,False,opposite_direction
575,assignment_isolation,plus_one_randomisation,True,ok,62.68881074937826,4.734586239481542,72.06359430089539,55.32045183749456,31.910303861675743,1.0,0.001,1.0,0.001,,,,,0,0,[],[],False,True,False,True,False,0.007071067811865475,0.007086506613574651,24,24,24,0,0.0,{},0.811256267971106,0.6669981060606062,0.0,False,True,False,True,False,False,0.0,72.06359430089539,55.320451837494566,72.06359430089539,96.625,1.1114191980897676,0.016946213189576963,False,0.5285883168799866,False,0.010763888888888906,False,False,0.5481357054863848,0.010763888888888906,True,True,-0.11057461062989471,0.9119536817796808,True,False,0.124902174300311,0.2875049228823402,True,False,8.669368786672395,False,False,opposite_direction
576,assignment_isolation,plus_one_randomisation,True,ok,58.78865673128892,3.9889351053447233,65.48931556223035,52.149594967308495,31.147130543942268,1.0,0.001,1.0,0.001,,,,,0,0,[],[],False,True,False,True,False,0.007071067811865475,0.007032986402336705,24,24,24,0,0.0,{},0.8155932173973413,0.6620689655172414,0.0,False,True,False,True,False,False,0.0,65.48931556223035,52.149594967308495,65.48931556223035,97.5,1.0815089879351703,0.017597452993184683,False,0.49732098172423617,False,0.03125,False,False,0.5318605178387111,0.03125,True,True,-0.5093532569430055,0.6105046341770933,True,False,0.16120188346410344,0.07517086991096533,True,False,7.295260575977338,False,False,opposite_direction
577,assignment_isolation,plus_one_randomisation,True,ok,63.5382574614398,4.652213523188099,72.3469249270411,56.02544268864688,31.450382028598654,1.0,0.001,1.0,0.001,,,,,0,0,[],[],False,True,False,True,False,0.007071067811865475,0.0070593005094880595,24,24,24,0,0.0,{},0.7920354609929079,0.6916666666666667,0.0,False,True,False,True,False,False,0.0,72.3469249270411,56.02544268864688,72.3469249270411,96.04166666666667,1.0878961590896132,0.010773248832847021,False,0.5142759887300928,False,0.02777777777777779,False,False,0.5634329015698917,0.02777777777777779,True,True,1.5487968177439897,0.12143057078485918,True,False,0.26856652569703715,0.05303852594101738,True,False,10.56889553272085,False,False,opposite_direction
578,assignment_isolation,plus_one_randomisation,True,ok,66.25404341821674,4.069050545293355,73.33282069990832,59.34673738458741,31.15613344887285,1.0,0.001,1.0,0.001,,,,,0,0,[],[],False,True,False,True,False,0.007071067811865475,0.007052981920334491,24,24,24,0,0.0,{},0.7932074652777779,0.6909176029962548,0.0,False,True,False,True,False,False,0.0,73.33282069990832,59.34673738458741,73.33282069990832,95.33333333333333,1.0727751860656622,0.006260055690547763,False,0.5076064426416595,False,0.020138888888888817,False,False,0.5877126895807735,0.020138888888888817,True,True,2.5664656475301353,0.01027408014616112,True,False,0.1589039822585813,0.06603596993818374,True,False,10.146695953237726,False,False,opposite_direction
579,assignment_isolation,plus_one_randomisation,True,ok,59.62112448557341,3.723026326524752,65.61527334408217,52.827659619149955,31.000831425163472,1.0,0.001,1.0,0.001,,,,,0,0,[],[],False,True,False,True,False,0.007071067811865475,0.007060477011495089,24,24,24,0,0.0,{},0.7892109784771206,0.7414930555555556,0.0,False,True,False,True,False,False,0.0,65.61527334408217,52.827659619149955,65.61527334408217,96.5,1.0750806516033724,0.011110783587286949,False,0.5013373632525445,False,0.017708333333333326,False,False,0.5406826220545596,0.017708333333333326,True,True,0.24953426805969814,0.8029475369742096,True,False,0.12412539341795148,0.5708468955725119,True,False,7.973577471743764,False,False,opposite_direction
580,assignment_isolation,plus_one_randomisation,True,ok,69.9432822228729,3.5569838021934395,75.44223210966463,63.961653079425375,32.7085819284173,1.0,0.001,1.0,0.001,,,,,0,0,[],[],False,True,False,True,False,0.007071067811865475,0.007052012914622017,24,24,24,0,0.0,{},0.7902482269503546,0.6769474637681161,0.0,False,True,False,True,False,False,0.0,75.44223210966463,63.96165307942537,75.44223210966463,96.04166666666667,1.130250383660346,0.011012193754299808,False,0.5176190663180906,False,0.02777777777777779,False,False,0.5885736270006786,0.02777777777777779,True,True,0.6466491517078731,0.5178590391820395,True,False,0.07993835977010602,0.2255627026419247,True,False,11.229485649646037,False,False,opposite_direction
581,assignment_isolation,plus_one_randomisation,True,ok,63.460147605405375,2.9917874782091776,68.5929969903612,58.11933990004557,32.55146677651541,1.0,0.001,1.0,0.001,,,,,0,0,[],[],False,True,False,True,False,0.007071067811865475,0.007055233888357818,24,24,24,0,0.0,{},0.7894727510265026,0.707616487455197,0.0,False,True,False,True,False,False,0.0,68.5929969903612,58.11933990004557,68.5929969903612,94.75,1.1177420562927278,0.006857175047369585,False,0.5091519008962405,False,0.021180555555555536,False,False,0.5510188567305339,0.021180555555555536,True,True,0.34537208154389715,0.7298146630747192,True,False,0.1594359575043073,0.06203384073039762,True,False,9.700743307187144,False,False,opposite_direction
582,assignment_isolation,plus_one_randomisation,True,ok,62.36379278271364,4.51859965330324,70.2710463012309,54.81618336981135,31.495909242651532,1.0,0.001,1.0,0.001,,,,,0,0,[],[],False,True,False,True,False,0.007071067811865475,0.007072876525890145,24,24,24,0,0.0,{},0.8096445035460993,0.6904121863799283,0.0,False,True,False,True,False,False,0.0,70.2710463012309,54.81618336981135,70.2710463012309,96.20833333333333,1.092512907805222,0.04127585342251467,False,0.5101114486126088,False,0.015277777777777724,False,False,0.5533932205672708,0.015277777777777724,True,True,0.7975165197633862,0.4251511125030448,True,False,0.24523291094075717,0.038656731793773394,True,False,9.440338208752355,False,False,opposite_direction
583,assignment_isolation,plus_one_randomisation,True,ok,60.59518723815754,4.174382767202075,67.2785963026402,52.01278425136972,31.906006919194038,1.0,0.001,1.0,0.001,,,,,0,0,[],[],False,True,False,True,False,0.007071067811865475,0.00708797646218485,24,24,24,0,0.0,{},0.8003613945578232,0.7001004016064258,0.0,False,True,False,True,False,False,0.0,67.2785963026402,52.012784251369716,67.2785963026402,95.79166666666667,1.1066966385333148,0.0032372651171010927,False,0.517039230837029,False,0.014236111111111116,False,False,0.5350528786349099,0.014236111111111116,True,True,1.100977439935454,0.2709064759896672,True,False,0.23841266327601643,0.0746274576254352,True,False,8.902050871208864,False,False,opposite_direction
584,assignment_isolation,plus_one_randomisation,True,ok,61.370644056488906,3.210983880957912,67.50099816703096,55.966998851025124,30.911086307437916,1.0,0.001,1.0,0.001,,,,,0,0,[],[],False,True,False,True,False,0.007071067811865475,0.007040643981952814,24,24,24,0,0.0,{},0.8017109784771208,0.7304385964912279,0.0,False,True,False,True,False,False,0.0,67.50099816703096,55.966998851025124,67.50099816703096,97.29166666666667,1.0733329897339556,0.004213424241171055,False,0.5215266463381292,False,0.02083333333333326,False,False,0.5541217259405941,0.02083333333333326,True,True,0.3230147665793658,0.7466840589132981,True,False,0.22581020552337933,0.019833377594250374,True,False,8.428056355025397,False,False,opposite_direction
585,assignment_isolation,plus_one_randomisation,True,ok,56.579072629890355,4.472267876202972,64.32997170616011,49.39707077543335,30.89647248912574,1.0,0.001,1.0,0.001,,,,,0,0,[],[],False,True,False,True,False,0.007071067811865475,0.007115211511620768,24,24,24,0,0.0,{},0.8232920962199312,0.7136363636363636,0.0,False,True,False,True,False,False,0.0,64.32997170616011,49.39707077543335,64.32997170616011,96.33333333333333,1.0788349591021211,0.022858997120344372,False,0.5339071988355583,False,0.021527777777777812,False,False,0.5160765528105371,0.021527777777777812,True,True,0.06618938980982779,0.9472270439562396,True,False,0.09902634027166556,0.5191909501404243,True,False,9.259987031122584,False,False,opposite_direction
586,assignment_isolation,plus_one_randomisation,True,ok,57.26110558317534,3.5770557492768003,63.93988309839716,51.43092780565399,30.971150453750397,1.0,0.001,1.0,0.001,,,,,0,0,[],[],False,True,False,True,False,0.007071067811865475,0.007009064761032255,24,24,24,0,0.0,{},0.7957908118990593,0.6935648148148148,0.0,False,True,False,True,False,False,0.0,63.93988309839716,51.43092780565399,63.93988309839716,96.08333333333333,1.0639260573427034,0.016950629359589978,False,0.48175330298252234,False,0.025694444444444353,False,False,0.5274820181430133,0.025694444444444353,True,True,0.42064804646918946,0.674012103779992,True,False,0.21575282278444122,0.2995140691786008,True,False,7.641700162984805,False,False,opposite_direction
587,assignment_isolation,plus_one_randomisation,True,ok,59.218590548215445,3.8165268338166687,65.14035643232145,52.520936893588846,31.2638682942398,1.0,0.001,1.0,0.001,,,,,0,0,[],[],False,True,False,True,False,0.007071067811865475,0.006998748474362603,24,24,24,0,0.0,{},0.7903333333333333,0.6869318181818181,0.0,False,True,False,True,False,False,0.0,65.14035643232145,52.520936893588846,65.14035643232145,96.41666666666667,1.07425939149557,0.022008815883176224,False,0.5118687590732813,False,0.031597222222222165,False,False,0.5380350290795557,0.031597222222222165,True,True,-0.35530036219505473,0.7223645841496078,True,False,0.17722792482048946,0.04992903273537245,True,False,8.602520484472729,False,False,opposite_direction
588,assignment_isolation,plus_one_randomisation,True,ok,57.94060329950577,5.102278199447217,66.76959118025542,49.1860524773014,32.00011766777164,1.0,0.001,1.0,0.001,,,,,0,0,[],[],False,True,False,True,False,0.007071067811865475,0.007033729129804384,24,24,24,0,0.0,{},0.7931197459795323,0.6992907801418439,0.0,False,True,False,True,False,False,0.0,66.76959118025542,49.186052477301395,66.76959118025542,96.70833333333333,1.106723593605572,0.009814694348059016,False,0.5017831149035048,False,0.022916666666666585,False,False,0.5153096381847807,0.022916666666666585,True,True,-1.4071223671901405,0.15939110668131484,True,False,0.13884413070567828,0.19674497226226556,True,False,7.9969497611774,False,False,opposite_direction
589,assignment_isolation,plus_one_randomisation,True,ok,55.32744985662084,3.7295911641888577,61.945648546818546,49.14508266815251,31.293494553332266,1.0,0.001,1.0,0.001,,,,,0,0,[],[],False,True,False,True,False,0.007071067811865475,0.0070814279163297425,24,24,24,0,0.0,{},0.8164892814009661,0.7203703703703705,0.0,False,True,False,True,False,False,0.0,61.945648546818546,49.14508266815252,61.945648546818546,96.75,1.0898591972673426,0.027415734983743233,False,0.5316203677143435,False,0.025347222222222188,False,False,0.5017844407852705,0.025347222222222188,True,True,0.036011827343427956,0.9712729282158945,True,False,0.18707062328745896,0.06752421769883586,True,False,9.710505346300803,False,False,opposite_direction
590,assignment_isolation,plus_one_randomisation,True,ok,62.89136746926993,5.038890674109642,71.78510435193026,54.42683071950009,32.55135242300423,1.0,0.001,1.0,0.001,,,,,0,0,[],[],False,True,False,True,False,0.007071067811865475,0.007061103940469091,24,24,24,0,0.0,{},0.7915816326530613,0.7371052631578945,0.0,False,True,False,True,False,False,0.0,71.78510435193026,54.42683071950009,71.78510435193026,96.33333333333333,1.1279762093506203,0.016513886909489656,False,0.5130851681679843,False,0.012847222222222232,False,False,0.5430473101020002,0.012847222222222232,True,True,-0.46430452116940923,0.6424295852273774,True,False,0.10098116878006691,0.478806077965298,True,False,8.702190759804846,False,False,opposite_direction
591,assignment_isolation,plus_one_randomisation,True,ok,61.05159149536028,4.569316283221434,69.07801169771166,53.41897219467698,31.651644553821193,1.0,0.001,1.0,0.001,,,,,0,0,[],[],False,True,False,True,False,0.007071067811865475,0.007049256048607283,24,24,24,0,0.0,{},0.7872804684583798,0.6954257246376809,0.0,False,True,False,True,False,False,0.0,69.07801169771166,53.418972194676975,69.07801169771166,95.625,1.090926004106332,0.016925414993961416,False,0.5244769067388736,False,0.02951388888888884,False,False,0.5446800200820484,0.02951388888888884,True,True,1.652136955633582,0.09850663483236816,True,False,0.23774951315382706,0.16766511839976886,True,False,10.114439810676387,False,False,opposite_direction
592,assignment_isolation,plus_one_randomisation,True,ok,65.67016300467465,3.7582341327828916,72.31013398988729,59.65310297890325,31.568451696687095,1.0,0.001,1.0,0.001,,,,,0,0,[],[],False,True,False,True,False,0.007071067811865475,0.007083246024948799,24,24,24,0,0.0,{},0.8206211734693878,0.7164874551971324,0.0,False,True,False,True,False,False,0.0,72.31013398988729,59.653102978903256,72.31013398988729,96.29166666666667,1.0971094726033472,0.02349402323879553,False,0.5286720499449484,False,0.008333333333333304,False,False,0.5741587964762033,0.008333333333333304,True,True,-2.22051766629354,0.026383647821963084,True,False,0.22570625448228088,0.027608430872694184,True,False,9.211132076799826,False,False,opposite_direction
593,assignment_isolation,plus_one_randomisation,True,ok,59.62991388836296,3.9867437600955915,67.82763476947156,53.47790235766368,31.61802595742207,1.0,0.001,1.0,0.001,,,,,0,0,[],[],False,True,False,True,False,0.007071067811865475,0.007066914789344837,24,24,24,0,0.0,{},0.7928402341999103,0.70374531835206,0.0,False,True,False,True,False,False,0.0,67.82763476947156,53.47790235766368,67.82763476947156,96.16666666666667,1.0955870549355484,0.021947593416527977,False,0.5331446600989219,False,0.02187500000000009,False,False,0.5324225562185679,0.02187500000000009,True,True,0.500262531960176,0.61689023278558,True,False,0.15120223675038547,0.31130745781300717,True,False,8.824212863365938,False,False,opposite_direction
594,assignment_isolation,plus_one_randomisation,True,ok,58.21794738499091,3.4205807225408424,63.913137587480335,52.20243834333793,31.845600104303482,1.0,0.001,1.0,0.001,,,,,0,0,[],[],False,True,False,True,False,0.007071067811865475,0.007054360876228913,24,24,24,0,0.0,{},0.801168787352998,0.6998039215686274,0.0,False,True,False,True,False,False,0.0,63.91313758748034,52.20243834333794,63.91313758748034,96.91666666666667,1.1057993969869238,0.01689250209517741,False,0.506541819765729,False,0.024652777777777746,False,False,0.5177787398956362,0.024652777777777746,True,True,0.0011195548313293663,0.9991067246717157,True,False,0.09862958138837462,0.24705063363027407,True,False,9.08173281999094,False,False,opposite_direction
595,assignment_isolation,plus_one_randomisation,True,ok,57.99762395160863,4.548846315391775,65.81679068763135,48.9485527049028,31.07787695580317,1.0,0.001,1.0,0.001,,,,,0,0,[],[],False,True,False,True,False,0.007071067811865475,0.00708006192050957,24,24,24,0,0.0,{},0.7989041800930896,0.6331372549019607,0.0,False,True,False,True,False,False,0.0,65.81679068763135,48.9485527049028,65.81679068763135,95.91666666666667,1.077470632687423,0.05544109224000608,False,0.5073400375051366,False,0.021874999999999978,False,False,0.5275393199827282,0.021874999999999978,True,True,0.27826319110359415,0.7808103299147306,True,False,0.2144594180351848,0.09051692883393515,True,False,9.84090059481174,False,False,opposite_direction
596,assignment_isolation,plus_one_randomisation,True,ok,51.29507308411417,4.52785564169441,58.57046835726759,43.63241019008861,30.738988867676248,1.0,0.001,1.0,0.001,,,,,0,0,[],[],False,True,False,True,False,0.007071067811865475,0.007032199674742601,24,24,24,0,0.0,{},0.7933850988849147,0.6870535714285714,0.0,False,True,False,True,False,False,0.0,58.57046835726759,43.63241019008861,58.57046835726759,96.33333333333333,1.0608135776773646,0.015393372595000378,False,0.48638910316757694,False,0.03576388888888882,False,False,0.4805534845650236,0.03576388888888882,True,True,0.9751889311344977,0.3294665516743097,True,False,0.24438518441320733,0.05601599204162185,True,False,6.2950965960536385,False,False,opposite_direction
597,assignment_isolation,plus_one_randomisation,True,ok,55.32783993054627,4.371899192743771,62.88866658320709,48.39146844732043,30.91321583901365,1.0,0.001,1.0,0.001,,,,,0,0,[],[],False,True,False,True,False,0.007071067811865475,0.007033728194010439,24,24,24,0,0.0,{},0.7725470430107526,0.664922480620155,0.0,False,True,False,True,False,False,0.0,62.88866658320709,48.39146844732043,62.88866658320709,94.25,1.0554567743657393,0.001668242288735156,False,0.5167190243185446,False,0.023611111111111138,False,False,0.5158763960480146,0.023611111111111138,True,True,0.2717966006442974,0.7857784191558581,True,False,0.1494520822680766,0.16532779173567774,True,False,7.9626148701263775,False,False,opposite_direction
598,assignment_isolation,plus_one_randomisation,True,ok,54.698331023207515,4.408913471919484,62.22076692436039,47.36496324795191,30.98697698717355,1.0,0.001,1.0,0.001,,,,,0,0,[],[],False,True,False,True,False,0.007071067811865475,0.007101826856483213,24,24,24,0,0.0,{},0.7948637187088273,0.7333333333333332,0.0,False,True,False,True,False,False,0.0,62.22076692436039,47.36496324795191,62.22076692436039,94.79166666666667,1.0712833954094723,0.003246219085451284,False,0.5462856369473393,False,0.02083333333333326,False,False,0.5043081266475612,0.02083333333333326,True,True,-0.7716758872696677,0.4403064155480094,True,False,0.2023906402351224,0.21111999519471045,True,False,8.433921943227638,False,False,opposite_direction
599,assignment_isolation,plus_one_randomisation,True,ok,56.498870699384064,3.1884225879738692,61.825720398343094,51.00900263954615,31.269966472780748,1.0,0.001,1.0,0.001,,,,,0,0,[],[],False,True,False,True,False,0.007071067811865475,0.007026608256806194,24,24,24,0,0.0,{},0.7931385869565217,0.7052325581395349,0.0,False,True,False,True,False,False,0.0,61.825720398343094,51.009002639546146,61.825720398343094,95.875,1.0757115955727183,0.019341338642414246,False,0.4920349854928927,False,0.030902777777777835,False,False,0.5167281935892751,0.030902777777777835,True,True,0.0432314725666153,0.9655170170533105,True,False,0.19426929637943124,0.20853745000751905,True,False,7.463324592125389,False,False,opposite_direction
600,assignment_isolation,plus_one_randomisation,True,ok,60.50120004203495,4.277573763729984,68.20581757988762,53.23151467347077,31.406496976397403,1.0,0.001,1.0,0.001,,,,,0,0,[],[],False,True,False,True,False,0.007071067811865475,0.007051613753601253,24,24,24,0,0.0,{},0.804667812142039,0.665909090909091,0.0,False,True,False,True,False,False,0.0,68.20581757988762,53.23151467347077,68.20581757988762,96.125,1.0856658960420467,0.004303680655480281,False,0.5269391513542349,False,0.014583333333333282,False,False,0.5428209069262419,0.014583333333333282,True,True,1.4099870716794332,0.15854350037739595,True,False,0.118826997992178,0.10396875682765527,True,False,11.334886880618544,False,False,opposite_direction
601,assignment_isolation,plus_one_randomisation,True,ok,62.29380262992502,4.632709480750119,70.30234691426311,54.246466811956424,31.33364157913445,1.0,0.001,1.0,0.001,,,,,0,0,[],[],False,True,False,True,False,0.007071067811865475,0.007028284090172854,24,24,24,0,0.0,{},0.791151202749141,0.6914855072463768,0.0,False,True,False,True,False,False,0.0,70.30234691426311,54.246466811956424,70.30234691426311,96.75,1.0830678647552139,0.017624347096399196,False,0.5319559518592609,False,0.019791666666666652,False,False,0.5567126992164885,0.019791666666666652,True,True,0.17779900180120142,0.8588808313063321,True,False,0.14522071696996475,0.10447082939715789,True,False,10.091897672817733,False,False,opposite_direction
602,assignment_isolation,plus_one_randomisation,True,ok,58.27936438187239,3.2791961864008434,63.55235524372491,52.913204328593494,31.31379815602416,1.0,0.001,1.0,0.001,,,,,0,0,[],[],False,True,False,True,False,0.007071067811865475,0.007048405113511764,24,24,24,0,0.0,{},0.7860377102550189,0.6885294117647061,0.0,False,True,False,True,False,False,0.0,63.55235524372491,52.91320432859349,63.55235524372491,93.66666666666667,1.0680439945096964,0.013477716636308689,False,0.48731850982471414,False,0.013194444444444398,False,False,0.5335472313876289,0.013194444444444398,True,True,0.14873158248700644,0.8817654391815098,True,False,0.1128780387591829,0.10473375934554681,True,False,8.234013834165076,False,False,opposite_direction
603,assignment_isolation,plus_one_randomisation,True,ok,58.765519510830046,3.8469609101852837,66.56013015336083,52.325155110931334,32.02097914117297,1.0,0.001,1.0,0.001,,,,,0,0,[],[],False,True,False,True,False,0.007071067811865475,0.007081582648057214,24,24,24,0,0.0,{},0.7954273466760299,0.6953972868217053,0.0,False,True,False,True,False,False,0.0,66.56013015336083,52.32515511093133,66.56013015336083,95.875,1.1101652488019838,0.0065059855128127295,False,0.4903172742166916,False,0.032638888888888884,False,False,0.520165446765753,0.032638888888888884,True,True,-0.3035829790057394,0.7614456207142765,True,False,0.1843938958394857,0.17589872151838848,True,False,9.26435633174762,False,False,opposite_direction
604,assignment_isolation,plus_one_randomisation,True,ok,61.500257688554235,3.5513263245001063,68.071195881926,55.33779237456308,30.870782402764107,1.0,0.001,1.0,0.001,,,,,0,0,[],[],False,True,False,True,False,0.007071067811865475,0.007076252157641569,24,24,24,0,0.0,{},0.8144778368794324,0.652941176470588,0.0,False,True,False,True,False,False,0.0,68.071195881926,55.33779237456307,68.071195881926,96.45833333333333,1.0727309676679067,0.03702312461885921,False,0.4938210698706352,False,0.01388888888888884,False,False,0.555294579839115,0.01388888888888884,True,True,0.8014645843654034,0.4228627389502764,True,False,0.10211435232165507,0.15667591507821732,True,False,8.598465092858621,False,False,opposite_direction
605,assignment_isolation,plus_one_randomisation,True,ok,64.65813326663874,2.980274935568049,69.0808015663297,59.52490953002839,31.691194377691236,1.0,0.001,1.0,0.001,,,,,0,0,[],[],False,True,False,True,False,0.007071067811865475,0.007048255558598885,24,24,24,0,0.0,{},0.7762989515880357,0.6816666666666665,0.0,False,True,False,True,False,False,0.0,69.0808015663297,59.52490953002839,69.0808015663297,94.29166666666667,1.084493392093558,0.0005034499277659523,False,0.5132856820300548,False,0.0253472222222223,False,False,0.572432127519641,0.0253472222222223,True,True,-0.3326843185187627,0.7393725879311899,True,False,0.10647291920061926,0.2923569975158781,True,False,9.67010112161814,False,False,opposite_direction
606,assignment_isolation,plus_one_randomisation,True,ok,59.314327270669786,4.101692034005527,66.80059204038918,53.021091188754376,30.83047851218345,1.0,0.001,1.0,0.001,,,,,0,0,[],[],False,True,False,True,False,0.007071067811865475,0.007072507407562853,24,24,24,0,0.0,{},0.808631215063254,0.6851799242424242,0.0,False,True,False,True,False,False,0.0,66.80059204038918,53.021091188754376,66.80059204038918,96.20833333333333,1.0693749985402692,0.007911617813857755,False,0.5302489715460107,False,0.017013888888888884,False,False,0.5407540867858849,0.017013888888888884,True,True,0.2613860238864424,0.7937948338306073,True,False,0.10258973089991967,0.3351614589500911,True,False,9.519751387364392,False,False,opposite_direction
607,assignment_isolation,plus_one_randomisation,True,ok,52.723793546399556,3.8590002287725613,59.20975460738384,46.63135020269999,31.502251947935054,1.0,0.001,1.0,0.001,,,,,0,0,[],[],False,True,False,True,False,0.007071067811865475,0.007061436023265647,24,24,24,0,0.0,{},0.7929664117060191,0.7207865168539325,0.0,False,True,False,True,False,False,0.0,59.20975460738384,46.63135020269999,59.20975460738384,95.04166666666667,1.0843304542591026,0.0075948340884178294,False,0.5087783478563405,False,0.018749999999999933,False,False,0.48296153309862594,0.018749999999999933,True,True,-1.4006773825948124,0.16131056907710772,True,False,0.08825504067069316,0.43465011900707706,True,False,7.262072825630827,False,False,opposite_direction
608,assignment_isolation,plus_one_randomisation,True,ok,60.583821338680174,4.108736240938974,68.47624763888412,53.23452886761821,30.6535279224264,1.0,0.001,1.0,0.001,,,,,0,0,[],[],False,True,False,True,False,0.007071067811865475,0.007084157090218824,24,24,24,0,0.0,{},0.8255370639014254,0.7018199233716471,0.0,False,True,False,True,False,False,0.0,68.47624763888412,53.2345288676182,68.47624763888412,96.875,1.0686721949673323,0.003988038270327438,False,0.5212694844233794,False,0.01909722222222221,False,False,0.5503635610596991,0.01909722222222221,True,True,-0.558898695822406,0.576230859538226,True,False,0.1881598334765031,0.12257398385261825,True,False,9.274036125619862,False,False,opposite_direction
609,assignment_isolation,plus_one_randomisation,True,ok,59.92133578047168,4.225444316182739,67.47953180549243,52.95812570807968,31.930404888386235,1.0,0.001,1.0,0.001,,,,,0,0,[],[],False,True,False,True,False,0.007071067811865475,0.007103360484319669,24,24,24,0,0.0,{},0.7946690214547358,0.715925925925926,0.0,False,True,False,True,False,False,0.0,67.47953180549243,52.95812570807968,67.47953180549243,95.20833333333333,1.1065620357906691,0.007746380828690709,False,0.5244805748934753,False,0.04166666666666663,False,False,0.5301784369268415,0.04166666666666663,True,True,0.694398419673673,0.4874323845185662,True,False,0.09883508995218786,0.05363034300443965,True,False,9.188555598977569,False,False,opposite_direction
610,assignment_isolation,plus_one_randomisation,True,ok,60.658632873672424,4.606126664236119,69.30478474417319,53.72403073765665,30.826948131603555,1.0,0.001,1.0,0.001,,,,,0,0,[],[],False,True,False,True,False,0.007071067811865475,0.007050393313179006,24,24,24,0,0.0,{},0.7956257599444154,0.6998084291187741,0.0,False,True,False,True,False,False,0.0,69.30478474417319,53.72403073765665,69.30478474417319,96.66666666666667,1.0684452012345083,0.032792215721750874,False,0.5356235863551431,False,0.01909722222222221,False,False,0.5509995023374111,0.01909722222222221,True,True,1.704088161033818,0.08836461806301685,True,False,0.230318438596591,0.12630159423575282,True,False,11.739407958355166,False,False,opposite_direction
611,assignment_isolation,plus_one_randomisation,True,ok,56.51083671661792,3.814792066710911,62.956247015793195,49.41696313187279,31.347463100756112,1.0,0.001,1.0,0.001,,,,,0,0,[],[],False,True,False,True,False,0.007071067811865475,0.007132858028383123,24,24,24,0,0.0,{},0.8170280612244897,0.7287405303030302,0.0,False,True,False,True,False,False,0.0,62.956247015793195,49.41696313187279,62.956247015793195,95.95833333333333,1.0951593926922492,0.0022515387714634023,False,0.5241931763982547,False,0.03715277777777781,False,False,0.5089425909798567,0.03715277777777781,True,True,-1.55266840056116,0.12050237525464914,True,False,0.26712027002479966,0.006174595387526356,True,False,7.4147924125182865,False,False,opposite_direction
612,assignment_isolation,plus_one_randomisation,True,ok,55.95027117835671,3.3611668007287214,61.43779942077625,49.96456631967252,31.01606839421715,1.0,0.001,1.0,0.001,,,,,0,0,[],[],False,True,False,True,False,0.007071067811865475,0.007038767623185162,24,24,24,0,0.0,{},0.7821650906225375,0.7102564102564101,0.0,False,True,False,True,False,False,0.0,61.43779942077625,49.96456631967252,61.43779942077625,95.54166666666667,1.0669640439946442,0.002646970241722093,False,0.512599081537148,False,0.03020833333333328,False,False,0.5160275113657651,0.03020833333333328,True,True,0.8099985635686222,0.4179410013150847,True,False,0.15195835099624955,0.06461700455510744,True,False,9.320999239974649,False,False,opposite_direction
613,assignment_isolation,plus_one_randomisation,True,ok,54.45112473642695,5.092308976467473,63.101627773578045,45.65695794227255,30.594431882289005,1.0,0.001,1.0,0.001,,,,,0,0,[],[],False,True,False,True,False,0.007071067811865475,0.007117793306736738,24,24,24,0,0.0,{},0.819156357388316,0.713453815261044,0.0,False,True,False,True,False,False,0.0,63.10162777357804,45.65695794227255,63.10162777357804,97.0,1.0723674838842376,0.008677640997305357,False,0.5139525791897009,False,0.03541666666666665,False,False,0.5018782612985978,0.03541666666666665,True,True,-0.3079728009309603,0.758103028817547,True,False,0.2059757934672467,0.028644672144892847,True,False,7.839017349741274,False,False,opposite_direction
614,assignment_isolation,plus_one_randomisation,True,ok,65.40156241456619,2.8959017101953006,70.57143145500122,61.061949245881216,31.328628799096553,1.0,0.001,1.0,0.001,,,,,0,0,[],[],False,True,False,True,False,0.007071067811865475,0.0070692997775827,24,24,24,0,0.0,{},0.8081248869596672,0.7221326164874553,0.0,False,True,False,True,False,False,0.0,70.57143145500122,61.061949245881216,70.57143145500122,97.375,1.0927266252945456,0.028206420040294715,False,0.5055987651784158,False,0.016319444444444442,False,False,0.5741171706657704,0.016319444444444442,True,True,0.7694269812247556,0.4416398763922442,True,False,0.16849310893411817,0.10003927116438655,True,False,10.782494724748654,False,False,opposite_direction
615,assignment_isolation,plus_one_randomisation,True,ok,58.351915435247655,4.474757186552627,66.2329537623687,50.60471648668779,31.771258608062833,1.0,0.001,1.0,0.001,,,,,0,0,[],[],False,True,False,True,False,0.007071067811865475,0.007092627207554825,24,24,24,0,0.0,{},0.7996031634938408,0.6914728682170542,0.0,False,True,False,True,False,False,0.0,66.2329537623687,50.6047164866878,66.2329537623687,95.33333333333333,1.1001045143289903,0.008604815847861762,False,0.5120031217647975,False,0.04618055555555556,False,False,0.5210640386749406,0.04618055555555556,True,True,-0.542938328370663,0.5871722650846858,True,False,0.13222029487556963,0.18035647002170416,True,False,9.630206401324207,False,False,opposite_direction
616,assignment_isolation,plus_one_randomisation,True,ok,64.45677763328007,4.836028718996474,72.26065324274202,55.8916986826408,30.6672787516555,1.0,0.001,1.0,0.001,,,,,0,0,[],[],False,True,False,True,False,0.007071067811865475,0.00707009156940663,24,24,24,0,0.0,{},0.8147071593124223,0.6954212454212454,0.0,False,True,False,True,False,False,0.0,72.26065324274202,55.8916986826408,72.26065324274202,96.08333333333333,1.062659953358796,0.0011201206266435477,False,0.5125429459801667,False,0.014236111111111116,False,False,0.5799174613451429,0.014236111111111116,True,True,-0.8059808088063761,0.42025391479631746,True,False,0.18996464246165953,0.06327343852058812,True,False,9.865687816637424,False,False,opposite_direction
617,assignment_isolation,plus_one_randomisation,True,ok,57.82431399950847,3.44800511585328,63.68279690486663,52.08403292044592,32.06128346258673,1.0,0.001,1.0,0.001,,,,,0,0,[],[],False,True,False,True,False,0.007071067811865475,0.007075109008338692,24,24,24,0,0.0,{},0.8056388717103002,0.6362887596899225,0.0,False,True,False,True,False,False,0.0,63.68279690486663,52.08403292044593,63.68279690486663,94.91666666666667,1.1049822016776496,0.012446772678152165,False,0.5046889588868751,False,0.028819444444444398,False,False,0.5151185398555077,0.028819444444444398,True,True,-0.9017239552386851,0.367203524388492,True,False,0.18841101005284586,0.023298914589716512,True,False,8.316024099707281,False,False,opposite_direction
618,assignment_isolation,plus_one_randomisation,True,ok,60.02736208105036,3.1325731191301185,65.752693585698,54.80549378420541,31.795047501268673,1.0,0.001,1.0,0.001,,,,,0,0,[],[],False,True,False,True,False,0.007071067811865475,0.007092437558494916,24,24,24,0,0.0,{},0.8150934278350515,0.6957865168539324,0.0,False,True,False,True,False,False,0.0,65.752693585698,54.80549378420542,65.752693585698,97.54166666666667,1.1135765822618384,0.037325842044194604,False,0.5158531682712102,False,0.03333333333333344,False,False,0.5281728661229721,0.03333333333333344,True,True,1.309695780697992,0.1902987715179928,True,False,0.13090875893996937,0.051502772860979366,True,False,9.748982632194743,False,False,opposite_direction
619,assignment_isolation,plus_one_randomisation,True,ok,62.95891419025255,4.260646411069447,69.34759121324721,55.923918420180144,31.8448643788543,1.0,0.001,1.0,0.001,,,,,0,0,[],[],False,True,False,True,False,0.007071067811865475,0.007030333241223231,24,24,24,0,0.0,{},0.7966221493283347,0.6863026819923372,0.0,False,True,False,True,False,False,0.0,69.34759121324721,55.923918420180144,69.34759121324721,96.16666666666667,1.0977352255883845,0.011690526110557722,False,0.4939536027461277,False,0.03541666666666665,False,False,0.5554699896986536,0.03541666666666665,True,True,-0.5890771116657396,0.5558095466023977,True,False,0.18740825143072481,0.06599246085800665,True,False,8.745454019925354,False,False,opposite_direction
620,assignment_isolation,plus_one_randomisation,True,ok,60.99155924420165,2.7621556773073968,66.46757482521635,57.028328436904886,30.99715613700583,1.0,0.001,1.0,0.001,,,,,0,0,[],[],False,True,False,True,False,0.007071067811865475,0.007076689335579318,24,24,24,0,0.0,{},0.7975371999565548,0.7184313725490197,0.0,False,True,False,True,False,False,0.0,66.46757482521635,57.02832843690489,66.46757482521635,96.04166666666667,1.0748598232863622,0.019551943046463943,False,0.5220094674019101,False,0.01736111111111116,False,False,0.5507743182251168,0.01736111111111116,True,True,-0.14794852373474904,0.8823833931466861,True,False,0.169445054636929,0.14906587442438277,True,False,8.745647355419743,False,False,opposite_direction
621,assignment_isolation,plus_one_randomisation,True,ok,54.91817442631227,2.7733122967805905,59.70944097154897,50.19141114854252,29.756097924148513,1.0,0.001,1.0,0.001,,,,,0,0,[],[],False,True,False,True,False,0.007071067811865475,0.007123627754883653,24,24,24,0,0.0,{},0.8025375338307366,0.7166666666666667,0.0,False,True,False,True,False,False,0.0,59.709440971548965,50.19141114854252,59.709440971548965,94.79166666666667,1.031887331302039,0.006292318413969586,False,0.5302764784853526,False,0.04513888888888884,False,False,0.522547327503642,0.04513888888888884,True,True,0.47872150263111063,0.6321367665923148,True,False,0.20540452201325343,0.14396851958846604,True,False,8.262674962393552,False,False,opposite_direction
622,assignment_isolation,plus_one_randomisation,True,ok,65.79399080735419,3.3484836670914997,71.7834234798461,60.14312883854962,32.043328846529754,1.0,0.001,1.0,0.001,,,,,0,0,[],[],False,True,False,True,False,0.007071067811865475,0.007060375509956521,24,24,24,0,0.0,{},0.8109366319444444,0.6946496212121213,0.0,False,True,False,True,False,False,0.0,71.7834234798461,60.14312883854962,71.7834234798461,95.70833333333333,1.1066500493333453,0.013816440225230512,False,0.5281396732145552,False,0.01666666666666672,False,False,0.5712073563916346,0.01666666666666672,True,True,-1.7602513005059501,0.07836520731171998,True,False,0.1977531051555139,0.10116921061495214,True,False,9.235262145785171,False,False,opposite_direction
623,assignment_isolation,plus_one_randomisation,True,ok,57.127964142241275,3.2820716769602893,63.0428301452163,51.975180267535535,30.670164096146816,1.0,0.001,1.0,0.001,,,,,0,0,[],[],False,True,False,True,False,0.007071067811865475,0.007074321404036849,24,24,24,0,0.0,{},0.7907531454899875,0.7333333333333332,0.0,False,True,False,True,False,False,0.0,63.0428301452163,51.975180267535535,63.0428301452163,96.5,1.0656989739260336,0.011399611293564439,False,0.5014864778921634,False,0.017013888888888884,False,False,0.5257226827254501,0.017013888888888884,True,True,0.8723195615280338,0.38303406897805203,True,False,0.2193859017848703,0.06258403705563016,True,False,8.416833739195322,False,False,opposite_direction
624,assignment_isolation,plus_one_randomisation,True,ok,61.24466658538007,4.273314492194272,68.81240945249179,55.12574816864428,31.351018418730185,1.0,0.001,1.0,0.001,,,,,0,0,[],[],False,True,False,True,False,0.007071067811865475,0.007064070558829857,24,24,24,0,0.0,{},0.788936491935484,0.6583333333333332,0.0,False,True,False,True,False,False,0.0,68.81240945249179,55.12574816864427,68.81240945249179,95.83333333333333,1.084014229743441,0.015235197337748248,False,0.5109324372619345,False,0.02083333333333337,False,False,0.5488661125905332,0.02083333333333337,True,True,0.09138567113514233,0.9271861468832652,True,False,0.06445174679796915,0.15946520263526603,True,False,9.569783401233881,False,False,opposite_direction
625,assignment_isolation,plus_one_randomisation,True,ok,59.90369985320047,4.039905436592817,66.40743963503775,52.91819031621114,32.01350703661712,1.0,0.001,1.0,0.001,,,,,0,0,[],[],False,True,False,True,False,0.007071067811865475,0.007033074817570954,24,24,24,0,0.0,{},0.7962966140471288,0.6983516483516485,0.0,False,True,False,True,False,False,0.0,66.40743963503775,52.91819031621114,66.40743963503775,95.70833333333333,1.10134496745907,0.022711808539698494,False,0.5224211285375434,False,0.03020833333333328,False,False,0.5321313170813522,0.03020833333333328,True,True,-0.7899348913592097,0.42956579324354205,True,False,0.2094820691320842,0.005478960813774401,True,False,9.583938936044051,False,False,opposite_direction
626,assignment_isolation,plus_one_randomisation,True,ok,60.44003542784538,4.166850942307678,69.6598937188113,54.077672605175366,31.53931930220767,1.0,0.001,1.0,0.001,,,,,0,0,[],[],False,True,False,True,False,0.007071067811865475,0.007109830029978769,24,24,24,0,0.0,{},0.8129970760233918,0.6787590579710144,0.0,False,True,False,True,False,False,0.0,69.6598937188113,54.077672605175366,69.6598937188113,95.91666666666667,1.0980663364126986,0.0010738435642724873,False,0.5577284090535896,False,0.03402777777777777,False,False,0.5373728045978957,0.03402777777777777,True,True,1.0331452834459294,0.30153591442991257,True,False,0.1370438539518987,0.35536699912479514,True,False,8.704033404447818,False,False,opposite_direction
627,assignment_isolation,plus_one_randomisation,True,ok,66.33540628760151,3.5783361506416402,72.93470572666145,61.020344707459316,31.981895868675302,1.0,0.001,1.0,0.001,,,,,0,0,[],[],False,True,False,True,False,0.007071067811865475,0.007092288816640872,24,24,24,0,0.0,{},0.8011219532279314,0.7243055555555555,0.0,False,True,False,True,False,False,0.0,72.93470572666145,61.020344707459316,72.93470572666145,95.875,1.1104865699332622,0.023174003734158642,False,0.5113364211467599,False,0.024652777777777746,False,False,0.5732705038648461,0.024652777777777746,True,True,-0.8896556683607078,0.3736508049316605,True,False,0.1678380251065269,0.2574410123017421,True,False,9.606580875717512,False,False,opposite_direction
628,assignment_isolation,plus_one_randomisation,True,ok,55.21274852131063,4.6137977224252396,64.1542381699079,47.74948548749467,30.701206261682945,1.0,0.001,1.0,0.001,,,,,0,0,[],[],False,True,False,True,False,0.007071067811865475,0.007043170423425683,24,24,24,0,0.0,{},0.7853520099513172,0.6718992248062017,0.0,False,True,False,True,False,False,0.0,64.1542381699079,47.74948548749467,64.1542381699079,94.625,1.0517114136968058,0.026317915387991275,False,0.5215285228765776,False,0.013541666666666674,False,False,0.5165243778318365,0.013541666666666674,True,True,-1.1196282989246278,0.26287219111891147,True,False,0.21312004615688623,0.11421115196262077,True,False,7.570099277681648,False,False,opposite_direction
629,assignment_isolation,plus_one_randomisation,True,ok,61.15794223976879,3.711349522797145,67.59434580976286,55.239878246230106,31.281973563204687,1.0,0.001,1.0,0.001,,,,,0,0,[],[],False,True,False,True,False,0.007071067811865475,0.0070294484346016765,24,24,24,0,0.0,{},0.7855488885309279,0.7248299319727893,0.0,False,True,False,True,False,False,0.0,67.59434580976286,55.23987824623011,67.59434580976286,96.25,1.078662964250008,0.017655778112762553,False,0.5301104260079347,False,0.02604166666666674,False,False,0.5504191848723651,0.02604166666666674,True,True,0.21532693138788334,0.8295124338533699,True,False,0.11665706935443687,0.5450171982731279,True,False,9.858331842725264,False,False,opposite_direction
630,assignment_isolation,plus_one_randomisation,True,ok,62.74914929180858,4.2863844555179895,70.15655533514176,55.85908608538921,32.08364302398872,1.0,0.001,1.0,0.001,,,,,0,0,[],[],False,True,False,True,False,0.007071067811865475,0.0070897379269088704,24,24,24,0,0.0,{},0.791267974047229,0.6416145833333333,0.0,False,True,False,True,False,False,0.0,70.15655533514176,55.85908608538921,70.15655533514176,94.45833333333333,1.1053606521809687,0.0016310164557148898,False,0.5128097777463348,False,0.021527777777777812,False,False,0.5509625321908945,0.021527777777777812,True,True,1.317380308796728,0.18771117798940073,True,False,0.1085416981306218,0.17041528739945513,True,False,8.51993659774376,False,False,opposite_direction
631,assignment_isolation,plus_one_randomisation,True,ok,59.35466261838216,3.3932353378465865,65.8718729060877,53.80544773090915,31.13109037560847,1.0,0.001,1.0,0.001,,,,,0,0,[],[],False,True,False,True,False,0.007071067811865475,0.007084005681250525,24,24,24,0,0.0,{},0.8038194444444445,0.6886363636363636,0.0,False,True,False,True,False,False,0.0,65.8718729060877,53.80544773090915,65.8718729060877,95.79166666666667,1.0792128361018831,0.012249059795144852,False,0.5259342577783135,False,0.015972222222222276,False,False,0.5370193533930375,0.015972222222222276,True,True,-0.6878591656739083,0.4915414733330692,True,False,0.19802997574495873,0.05691901166724644,True,False,8.761587001148076,False,False,opposite_direction
632,assignment_isolation,plus_one_randomisation,True,ok,57.100239183250295,3.5881731841957785,63.391395689046725,51.44525510160533,31.282296665001322,1.0,0.001,1.0,0.001,,,,,0,0,[],[],False,True,False,True,False,0.007071067811865475,0.007055957462263912,24,24,24,0,0.0,{},0.7793153937109707,0.6909259259259258,0.0,False,True,False,True,False,False,0.0,63.391395689046725,51.44525510160533,63.391395689046725,94.08333333333333,1.0704858635656598,0.0027042975196332254,False,0.5077575093433989,False,0.007986111111111138,False,False,0.5235343835493685,0.007986111111111138,True,True,-0.5304827398417227,0.5957772729741764,True,False,0.14024131543277726,0.0801030650007125,True,False,8.629020663122896,False,False,opposite_direction
633,assignment_isolation,plus_one_randomisation,True,ok,61.43691061567997,4.09185203908252,68.58075334466689,55.04592416433528,31.586247167123826,1.0,0.001,1.0,0.001,,,,,0,0,[],[],False,True,False,True,False,0.007071067811865475,0.007058666184828455,24,24,24,0,0.0,{},0.796271458215431,0.7196886446886446,0.0,False,True,False,True,False,False,0.0,68.58075334466689,55.04592416433528,68.58075334466689,96.5,1.095101400583537,0.04249204817663168,False,0.5098587365295651,False,0.019444444444444486,False,False,0.5457678452806846,0.019444444444444486,True,True,-0.7717710937906123,0.4402500150205233,True,False,0.15990050029573386,0.08878186701520689,True,False,9.518228299151282,False,False,opposite_direction
634,assignment_isolation,plus_one_randomisation,True,ok,60.04567189666954,3.797113624990436,66.89505065221269,54.05940319084966,31.33720462601697,1.0,0.001,1.0,0.001,,,,,0,0,[],[],False,True,False,True,False,0.007071067811865475,0.0070447978512305914,24,24,24,0,0.0,{},0.8054704944178626,0.73,0.0,False,True,False,True,False,False,0.0,66.89505065221269,54.05940319084966,66.89505065221269,96.875,1.086437259097222,0.006998029488034081,False,0.5220101726701822,False,0.01909722222222221,False,False,0.5391794223878114,0.01909722222222221,True,True,1.8202941837007347,0.06871421666354172,True,False,0.2019000089099265,0.019180680531958514,True,False,10.374852045732357,False,False,opposite_direction
635,assignment_isolation,plus_one_randomisation,True,ok,61.615686093539544,3.0698474512637905,66.74568778269779,56.22068446725945,31.28979451533323,1.0,0.001,1.0,0.001,,,,,0,0,[],[],False,True,False,True,False,0.007071067811865475,0.007070678666874044,24,24,24,0,0.0,{},0.7949322052891079,0.7035984848484849,0.0,False,True,False,True,False,False,0.0,66.74568778269779,56.22068446725945,66.74568778269779,96.08333333333333,1.0843209451325233,0.020268041974400425,False,0.49645648930120134,False,0.006597222222222143,False,False,0.551397362604224,0.006597222222222143,True,True,-0.904349447681412,0.3658101346657132,True,False,0.17037893076826793,0.10484720373984824,True,False,8.357112102625281,False,False,opposite_direction
636,assignment_isolation,plus_one_randomisation,True,ok,54.363787682224164,3.9405904471752113,61.05268260241464,47.34578608428745,31.01079935614301,1.0,0.001,1.0,0.001,,,,,0,0,[],[],False,True,False,True,False,0.007071067811865475,0.007064599557784987,24,24,24,0,0.0,{},0.7892027472736978,0.7388297872340427,0.0,False,True,False,True,False,False,0.0,61.05268260241464,47.34578608428745,61.05268260241464,95.29166666666667,1.0692960847361725,0.02208280037216329,False,0.502084070740059,False,0.028819444444444398,False,False,0.5024319252624688,0.028819444444444398,True,True,-0.26990828272514555,0.7872308148995617,True,False,0.13374661057664158,0.12926648609958166,True,False,8.059045449125879,False,False,opposite_direction
637,assignment_isolation,plus_one_randomisation,True,ok,51.76100284524059,4.285018836865079,58.99708440427097,43.650998006627496,30.339909186097998,1.0,0.001,1.0,0.001,,,,,0,0,[],[],False,True,False,True,False,0.007071067811865475,0.0070703269610540844,24,24,24,0,0.0,{},0.7976707225051876,0.6992673992673994,0.0,False,True,False,True,False,False,0.0,58.99708440427097,43.650998006627496,58.99708440427097,96.04166666666667,1.0511232021949903,0.011775541683372302,False,0.5034156415897355,False,0.01388888888888884,False,False,0.4884768355522493,0.01388888888888884,True,True,0.27034671860176396,0.7868935266939967,True,False,0.17421855646616582,0.2026374062556123,True,False,7.505906804822054,False,False,opposite_direction
638,assignment_isolation,plus_one_randomisation,True,ok,60.926943856050876,4.56182499244225,69.81695152117575,53.04438908186565,31.819561869512118,1.0,0.001,1.0,0.001,,,,,0,0,[],[],False,True,False,True,False,0.007071067811865475,0.00707397528922187,24,24,24,0,0.0,{},0.7927692819148935,0.7287590579710144,0.0,False,True,False,True,False,False,0.0,69.81695152117575,53.04438908186565,69.81695152117575,95.66666666666667,1.1007990832398418,0.05437481390140326,False,0.5229422749107325,False,0.018749999999999933,False,False,0.5398126340832824,0.018749999999999933,True,True,-0.176153029507058,0.8601737206988413,True,False,0.20926497374401062,0.042838291993256825,True,False,8.088703234532836,False,False,opposite_direction
639,assignment_isolation,plus_one_randomisation,True,ok,67.55412120280081,3.5372821696126615,73.21412527152812,61.580088832360744,32.61725498320433,1.0,0.001,1.0,0.001,,,,,0,0,[],[],False,True,False,True,False,0.007071067811865475,0.0070778088899087505,24,24,24,0,0.0,{},0.8038194444444445,0.7371052631578948,0.0,False,True,False,True,False,False,0.0,73.21412527152812,61.58008883236075,73.21412527152812,95.875,1.1302354723109718,0.010322440812882576,False,0.5233126710928842,False,0.009027777777777746,False,False,0.5735220198105895,0.009027777777777746,True,True,-0.29721479754369096,0.7663025252497006,True,False,0.12872183074293614,0.11650244995594854,True,False,8.935635981467062,False,False,opposite_direction
640,assignment_isolation,plus_one_randomisation,True,ok,59.65842606559173,2.7462910650757633,64.63207631870364,55.42899641105259,31.481051818879187,1.0,0.001,1.0,0.001,,,,,0,0,[],[],False,True,False,True,False,0.007071067811865475,0.007076806580298297,24,24,24,0,0.0,{},0.7910719209106304,0.6982758620689655,0.0,False,True,False,True,False,False,0.0,64.63207631870364,55.42899641105259,64.63207631870364,95.125,1.0864353780835443,0.017947369864428197,False,0.5353212466342223,False,0.023263888888888862,False,False,0.536329614167227,0.023263888888888862,True,True,0.6019890472846215,0.5471814280794849,True,False,0.10467851942220803,0.6550325031684163,True,False,8.795286232662225,False,False,opposite_direction
641,assignment_isolation,plus_one_randomisation,True,ok,56.66956322953408,3.841831147747677,63.15676517980395,50.573209080789994,30.552325619695825,1.0,0.001,1.0,0.001,,,,,0,0,[],[],False,True,False,True,False,0.007071067811865475,0.007103820804372478,24,24,24,0,0.0,{},0.8117105263157893,0.7166666666666667,0.0,False,True,False,True,False,False,0.0,63.15676517980395,50.57320908079,63.15676517980395,95.95833333333333,1.0630351479826434,0.009722741942128061,False,0.4959052414807514,False,0.021527777777777812,False,False,0.5232759914697084,0.021527777777777812,True,True,0.19808929682885554,0.8429751988022084,True,False,0.1862901591942521,0.06342805191522483,True,False,6.816457538721939,False,False,opposite_direction
642,assignment_isolation,plus_one_randomisation,True,ok,66.29765666246458,3.781160099374817,72.22893925944511,59.627460310449464,31.708215694058044,1.0,0.001,1.0,0.001,,,,,0,0,[],[],False,True,False,True,False,0.007071067811865475,0.0070783483505615545,24,24,24,0,0.0,{},0.8112628112628114,0.6624542124542124,0.0,False,True,False,True,False,False,0.0,72.22893925944511,59.627460310449464,72.22893925944511,94.95833333333333,1.0935541218340445,0.01072319017950109,False,0.5291243579834634,False,0.024652777777777746,False,False,0.5797013856586686,0.024652777777777746,True,True,1.1585268362257766,0.2466491066467501,True,False,0.1239116035029441,0.3291760710755325,True,False,11.349955602356339,False,False,opposite_direction
643,assignment_isolation,plus_one_randomisation,True,ok,63.01755695674564,3.4977522905876137,69.36255939990458,57.414495277825154,32.021169923407676,1.0,0.001,1.0,0.001,,,,,0,0,[],[],False,True,False,True,False,0.007071067811865475,0.007066276844071835,24,24,24,0,0.0,{},0.7999372433743933,0.7151685393258428,0.0,False,True,False,True,False,False,0.0,69.36255939990458,57.414495277825154,69.36255939990458,95.04166666666667,1.1029475737148176,0.021240252038444624,False,0.5253405526993874,False,0.017708333333333326,False,False,0.55379857755128,0.017708333333333326,True,True,-0.31150171751478783,0.7554192374063268,True,False,0.12376161815906313,0.2711612393725797,True,False,8.929429199051913,False,False,opposite_direction
644,assignment_isolation,plus_one_randomisation,True,ok,53.342980794884056,2.830705304918731,58.43519554418306,48.74400236080698,30.580024048449648,1.0,0.001,1.0,0.001,,,,,0,0,[],[],False,True,False,True,False,0.007071067811865475,0.007117957808559971,24,24,24,0,0.0,{},0.8054216185625354,0.7381793478260872,0.0,False,True,False,True,False,False,0.0,58.43519554418307,48.74400236080698,58.43519554418307,95.04166666666667,1.061011908038328,0.015515523858258266,False,0.519676707866116,False,0.018749999999999933,False,False,0.49753555468146343,0.018749999999999933,True,True,-0.4720571806085769,0.6368859748823132,True,False,0.16279517663038295,0.04462529720664867,True,False,6.5575192411679035,False,False,opposite_direction
645,assignment_isolation,plus_one_randomisation,True,ok,63.675897270953556,3.637619359385474,70.50171225178877,57.59938080730778,31.693425716450733,1.0,0.001,1.0,0.001,,,,,0,0,[],[],False,True,False,True,False,0.007071067811865475,0.007082331853529325,24,24,24,0,0.0,{},0.7983095560415148,0.6985648148148148,0.0,False,True,False,True,False,False,0.0,70.50171225178877,57.599380807307774,70.50171225178877,94.75,1.092458807518416,0.034949146354721926,False,0.5190345108934153,False,0.013541666666666674,False,False,0.5625479704043448,0.013541666666666674,True,True,-0.01800802147262033,0.9856324542397048,True,False,0.18165199434582782,0.17993952930220009,True,False,9.700166132334363,False,False,opposite_direction
646,assignment_isolation,plus_one_randomisation,True,ok,59.86489479290873,3.2743589705732123,66.20504022235362,54.34525751005323,31.671302972100705,1.0,0.001,1.0,0.001,,,,,0,0,[],[],False,True,False,True,False,0.007071067811865475,0.007055373960854869,24,24,24,0,0.0,{},0.815979381443299,0.716470588235294,0.0,False,True,False,True,False,False,0.0,66.20504022235362,54.34525751005324,66.20504022235362,96.54166666666667,1.097775083106653,0.014872349854510998,False,0.49815793013083237,False,0.01805555555555549,False,False,0.5332764999470334,0.01805555555555549,True,True,0.6725715558605896,0.5012199026818435,True,False,0.12077598160916607,0.17546503957625456,True,False,8.845695349159904,False,False,opposite_direction
647,assignment_isolation,plus_one_randomisation,True,ok,64.9250854432463,4.588237415235641,72.85968990916794,57.27087399804605,32.00539230657977,1.0,0.001,1.0,0.001,,,,,0,0,[],[],False,True,False,True,False,0.007071067811865475,0.00702823979516743,24,24,24,0,0.0,{},0.7912138635299625,0.7121010638297871,0.0,False,True,False,True,False,False,0.0,72.85968990916794,57.27087399804605,72.85968990916794,96.29166666666667,1.1036568975202072,0.0030595810683928474,False,0.5137392029246115,False,0.026388888888888906,False,False,0.5665858743300102,0.026388888888888906,True,True,0.47590675113048136,0.6341408122884382,True,False,0.12097691084892521,0.19571533689533085,True,False,11.07608530027654,False,False,opposite_direction
648,assignment_isolation,plus_one_randomisation,True,ok,64.96046116324233,5.2112141692547285,74.66968626063569,56.58408288928406,31.648695508658818,1.0,0.001,1.0,0.001,,,,,0,0,[],[],False,True,False,True,False,0.007071067811865475,0.007092231560407512,24,24,24,0,0.0,{},0.8025824652777778,0.7353732638888888,0.0,False,True,False,True,False,False,0.0,74.66968626063569,56.58408288928407,74.66968626063569,95.91666666666667,1.0991469622791032,0.008589659542610425,False,0.5332456813544325,False,0.023263888888888973,False,False,0.5686126486502066,0.023263888888888973,True,True,-0.9534169559584708,0.3403788537014466,True,False,0.12826632444385253,0.27430467470411196,True,False,8.936536730527662,False,False,opposite_direction
649,assignment_isolation,plus_one_randomisation,True,ok,59.662211683805744,4.6194343828297,67.25812701841832,50.613719199124226,32.03600697167091,1.0,0.001,1.0,0.001,,,,,0,0,[],[],False,True,False,True,False,0.007071067811865475,0.00702768531461452,24,24,24,0,0.0,{},0.7852192982456139,0.7041182170542636,0.0,False,True,False,True,False,False,0.0,67.25812701841832,50.613719199124226,67.25812701841832,95.33333333333333,1.0991148598153877,0.020572165728869638,False,0.5065031331793399,False,0.025347222222222188,False,False,0.5312444455700372,0.025347222222222188,True,True,-0.22067948051865374,0.8253420097590436,True,False,0.0776704408918871,0.37771053931536447,True,False,8.054966614729716,False,False,opposite_direction
650,assignment_isolation,plus_one_randomisation,True,ok,58.36567664016666,4.6382690806161815,65.97241595064615,50.22462854811851,31.968274877562468,1.0,0.001,1.0,0.001,,,,,0,0,[],[],False,True,False,True,False,0.007071067811865475,0.007107841076502265,24,24,24,0,0.0,{},0.7915780141843973,0.7233870967741938,0.0,False,True,False,True,False,False,0.0,65.97241595064615,50.22462854811851,65.97241595064615,94.95833333333333,1.1071168375899247,0.03167369535806326,False,0.5118542257482135,False,0.046527777777777835,False,False,0.5183701889998193,0.046527777777777835,True,True,-0.3337317568040749,0.7385819836686076,True,False,0.07098423198511943,0.5496802900484864,True,False,8.1669760684963,False,False,opposite_direction
651,assignment_isolation,plus_one_randomisation,True,ok,55.250814797138105,3.036878928607242,59.988299671463025,49.63667673683995,31.26751850783686,1.0,0.001,1.0,0.001,,,,,0,0,[],[],False,True,False,True,False,0.007071067811865475,0.007100612823529254,24,24,24,0,0.0,{},0.7998457627731943,0.693258426966292,0.0,False,True,False,True,False,False,0.0,59.98829967146302,49.63667673683995,59.98829967146302,95.66666666666667,1.085774338907943,0.01113041859893328,False,0.5276827483469481,False,0.017708333333333437,False,False,0.5028230102478581,0.017708333333333437,True,True,-1.5134972531857465,0.1301533983496913,True,False,0.16278494327224272,0.14819441987503104,True,False,8.171542597764192,False,False,opposite_direction
652,assignment_isolation,plus_one_randomisation,True,ok,57.963215661718436,3.989570541767746,64.99669279896074,51.159491381443324,30.72004461344916,1.0,0.001,1.0,0.001,,,,,0,0,[],[],False,True,False,True,False,0.007071067811865475,0.0070813745472859645,24,24,24,0,0.0,{},0.7988941149376417,0.6428571428571429,0.0,False,True,False,True,False,False,0.0,64.99669279896074,51.159491381443324,64.99669279896074,95.83333333333333,1.0647991829172254,0.057902445071907,False,0.4970603005754862,False,0.01909722222222221,False,False,0.5324910209661852,0.01909722222222221,True,True,0.2937545273013156,0.7689454846912912,True,False,0.09546227194900214,0.2315169194205893,True,False,10.184659757955389,False,False,opposite_direction
653,assignment_isolation,plus_one_randomisation,True,ok,64.06048604945654,4.9684944645768905,71.33114914320971,55.193876864351175,31.41806030345339,1.0,0.001,1.0,0.001,,,,,0,0,[],[],False,True,False,True,False,0.007071067811865475,0.0070870852089687415,24,24,24,0,0.0,{},0.812281373075546,0.7200980392156864,0.0,False,True,False,True,False,False,0.0,71.33114914320971,55.193876864351175,71.33114914320971,96.16666666666667,1.091765355807194,0.0031049793446977433,False,0.5067536712113646,False,0.02187500000000009,False,False,0.5654608859673788,0.02187500000000009,True,True,-2.019727348985592,0.043411676637997894,True,False,0.21987561965724248,0.20043868795744843,True,False,10.186495587145082,False,False,opposite_direction
654,assignment_isolation,plus_one_randomisation,True,ok,69.56100013738508,4.113458943071817,76.93806469826183,62.44897661730836,32.47199245927352,1.0,0.001,1.0,0.001,,,,,0,0,[],[],False,True,False,True,False,0.007071067811865475,0.007059928119563242,24,24,24,0,0.0,{},0.7950876539266829,0.7414814814814814,0.0,False,True,False,True,False,False,0.0,76.93806469826183,62.44897661730837,76.93806469826183,96.45833333333333,1.1257685139519862,0.020598541762601646,False,0.505742628521013,False,0.01736111111111105,False,False,0.5879241434556705,0.01736111111111105,True,True,-0.6307893705323906,0.5281782544174592,True,False,0.1303846293422215,0.09151003392272543,True,False,11.288338906285862,False,False,opposite_direction
655,assignment_isolation,plus_one_randomisation,True,ok,61.38939390077206,3.3277071940846286,66.98272251243482,55.611819182996356,31.55475380654076,1.0,0.001,1.0,0.001,,,,,0,0,[],[],False,True,False,True,False,0.007071067811865475,0.007081717610175179,24,24,24,0,0.0,{},0.8013777093855219,0.6833333333333333,0.0,False,True,False,True,False,False,0.0,66.98272251243482,55.611819182996356,66.98272251243482,95.70833333333333,1.0930707729342903,0.004399522832547355,False,0.493382468677922,False,0.027083333333333348,False,False,0.5462441498387028,0.027083333333333348,True,True,0.48107365874469954,0.6304641486508441,True,False,0.154393936915553,0.19544736859178005,True,False,8.977491861683813,False,False,opposite_direction
656,assignment_isolation,plus_one_randomisation,True,ok,55.496138318459856,3.8752212919595164,62.00853477381749,48.6455542111022,30.61854915062129,1.0,0.001,1.0,0.001,,,,,0,0,[],[],False,True,False,True,False,0.007071067811865475,0.007104196821589465,24,24,24,0,0.0,{},0.8182110448883162,0.6986263736263738,0.0,False,True,False,True,False,False,0.0,62.008534773817495,48.6455542111022,62.008534773817495,97.0,1.0711627572301858,0.009781850186328047,False,0.4847122485333945,False,0.023263888888888862,False,False,0.5107161282943905,0.023263888888888862,True,True,-0.6016702081922014,0.5473936846449248,True,False,0.22954067763540714,0.04063616641077141,True,False,8.720333864720603,False,False,opposite_direction
657,assignment_isolation,plus_one_randomisation,True,ok,55.72162704807848,4.896304235661651,63.888496957449085,47.561018712932,31.417099862827687,1.0,0.001,1.0,0.001,,,,,0,0,[],[],False,True,False,True,False,0.007071067811865475,0.007061061273250998,24,24,24,0,0.0,{},0.7951424684994273,0.7236865942028984,0.0,False,True,False,True,False,False,0.0,63.888496957449085,47.561018712932,63.888496957449085,95.45833333333333,1.0837098000129914,0.02772084407158569,False,0.4992106695608274,False,0.010069444444444464,False,False,0.5073815060967692,0.010069444444444464,True,True,1.9805566026797654,0.047641019762595924,True,False,0.2281595891922227,0.059979785118384144,True,False,8.178122462114818,False,False,opposite_direction
658,assignment_isolation,plus_one_randomisation,True,ok,60.29407726120936,4.352428759627727,67.13522349941204,52.345092613537,30.963211327563528,1.0,0.001,1.0,0.001,,,,,0,0,[],[],False,True,False,True,False,0.007071067811865475,0.007046194375507841,24,24,24,0,0.0,{},0.7925646104508581,0.6739463601532567,0.0,False,True,False,True,False,False,0.0,67.13522349941204,52.345092613537,67.13522349941204,95.66666666666667,1.0669668875149032,0.013735155547100078,False,0.5131100221932942,False,0.019444444444444486,False,False,0.5489576841430498,0.019444444444444486,True,True,1.3397001053271596,0.18034286331065474,True,False,0.18856661240662115,0.05627507303767513,True,False,9.64285815696495,False,False,opposite_direction
659,assignment_isolation,plus_one_randomisation,True,ok,58.39864146460631,3.1670033732389915,63.305361060649915,52.40309131373179,31.016318221578324,1.0,0.001,1.0,0.001,,,,,0,0,[],[],False,True,False,True,False,0.007071067811865475,0.0070904455470351445,24,24,24,0,0.0,{},0.8035926870748299,0.7124531835205992,0.0,False,True,False,True,False,False,0.0,63.305361060649915,52.403091313731785,63.305361060649915,96.0,1.0773811945163878,0.02297223520442171,False,0.5011992926776698,False,0.025694444444444464,False,False,0.5306123617372761,0.025694444444444464,True,True,-0.4690694685681112,0.6390199816562845,True,False,0.12243678927008296,0.4237101802363709,True,False,8.502802443362507,False,False,opposite_direction
660,assignment_isolation,plus_one_randomisation,True,ok,63.63092104284283,4.752210436853945,72.81225411638306,55.62036806044483,32.04249597822368,1.0,0.001,1.0,0.001,,,,,0,0,[],[],False,True,False,True,False,0.007071067811865475,0.007004141072502532,24,24,24,0,0.0,{},0.7744237588652484,0.5733739837398374,0.0,False,True,False,True,False,False,0.0,72.81225411638306,55.62036806044483,72.81225411638306,94.875,1.0930175167281064,0.038525395230726345,False,0.5264433631972996,False,0.04097222222222219,False,False,0.5620146295358803,0.04097222222222219,True,True,-0.6323648595768369,0.527148490584515,True,False,0.11193137328490128,0.3036865864264766,True,False,7.732938045744312,False,False,opposite_direction
661,assignment_isolation,plus_one_randomisation,True,ok,65.56913716203017,3.4806566221273703,71.68564598098497,59.6734309092115,32.44005574766717,1.0,0.001,1.0,0.001,,,,,0,0,[],[],False,True,False,True,False,0.007071067811865475,0.007025958461298761,24,24,24,0,0.0,{},0.7838949217502397,0.6325203252032521,0.0,False,True,False,True,False,False,0.0,71.68564598098497,59.6734309092115,71.68564598098497,95.29166666666667,1.1124605922251105,0.0014768085920463362,False,0.5120441813514727,False,0.030208333333333393,False,False,0.5674274430995174,0.030208333333333393,True,True,-0.24556173059693734,0.8060215167747544,True,False,0.15143314389265924,0.31675161979271693,True,False,11.266557070132746,False,False,opposite_direction
662,assignment_isolation,plus_one_randomisation,True,ok,66.71442162527316,3.3903403025088896,73.13287348365016,61.50222530354111,31.568410556277342,1.0,0.001,1.0,0.001,,,,,0,0,[],[],False,True,False,True,False,0.007071067811865475,0.007048952822835213,24,24,24,0,0.0,{},0.7833333333333334,0.6815686274509803,0.0,False,True,False,True,False,False,0.0,73.13287348365016,61.50222530354111,73.13287348365016,94.875,1.0837352978169843,0.01817140576593288,False,0.5266092925277001,False,0.011458333333333348,False,False,0.5863151502756503,0.011458333333333348,True,True,0.7190065869365819,0.47213686117998566,True,False,0.19430949615108833,0.16146129919057625,True,False,11.810519683924957,False,False,opposite_direction
663,assignment_isolation,plus_one_randomisation,True,ok,57.974509754429015,2.9145046896093576,63.47820976542462,53.460480710186225,30.518364603908573,1.0,0.001,1.0,0.001,,,,,0,0,[],[],False,True,False,True,False,0.007071067811865475,0.007099731901639141,24,24,24,0,0.0,{},0.8079787234042553,0.7150537634408602,0.0,False,True,False,True,False,False,0.0,63.47820976542462,53.460480710186225,63.47820976542462,96.04166666666667,1.061703025358422,0.007896043794103334,False,0.5106034355504753,False,0.03472222222222221,False,False,0.5338601274574003,0.03472222222222221,True,True,0.15563813512934052,0.876318263724745,True,False,0.14398631484191746,0.4983240865844312,True,False,8.521570785835335,False,False,opposite_direction
664,assignment_isolation,plus_one_randomisation,True,ok,68.17163159228953,3.611604743886712,74.80070339881992,62.23637092506675,31.456267794120095,1.0,0.001,1.0,0.001,,,,,0,0,[],[],False,True,False,True,False,0.007071067811865475,0.007104482213157672,24,24,24,0,0.0,{},0.8048541710498632,0.7374565972222222,0.0,False,True,False,True,False,False,0.0,74.80070339881992,62.23637092506675,74.80070339881992,96.375,1.096962609192475,0.014442832349586807,False,0.49371298315712514,False,0.030555555555555558,False,False,0.5903977595625155,0.030555555555555558,True,True,0.4393492921548182,0.6604084627799394,True,False,0.16610787362618465,0.06557184337820389,True,False,9.508563701738979,False,False,opposite_direction
665,assignment_isolation,plus_one_randomisation,True,ok,66.46357046493927,2.646943846089198,70.80323009668855,61.06257388604903,32.01888575453434,1.0,0.001,1.0,0.001,,,,,0,0,[],[],False,True,False,True,False,0.007071067811865475,0.007024980154337068,24,24,24,0,0.0,{},0.8002840909090908,0.7113677536231885,0.0,False,True,False,True,False,False,0.0,70.80323009668855,61.06257388604903,70.80323009668855,96.45833333333333,1.1045647956455062,0.01852261559762078,False,0.5014640725442258,False,0.03125,False,False,0.576436697891248,0.03125,True,True,1.1157167608118854,0.26454339380755143,True,False,0.20874175113110122,0.017252942576311617,True,False,10.78827722687977,False,False,opposite_direction
666,assignment_isolation,plus_one_randomisation,True,ok,59.056154822111644,3.9131153343413314,66.03205040319294,53.018124343284995,30.511392876245402,1.0,0.001,1.0,0.001,,,,,0,0,[],[],False,True,False,True,False,0.007071067811865475,0.0070962326849555385,24,24,24,0,0.0,{},0.8261972608192213,0.7166666666666667,0.0,False,True,False,True,False,False,0.0,66.03205040319294,53.018124343284995,66.03205040319294,97.75,1.0703314064307745,0.03132276641606959,False,0.5089486036780729,False,0.022222222222222254,False,False,0.5384387627162361,0.022222222222222254,True,True,-0.8461881328119075,0.3974478010748088,True,False,0.11034631884655044,0.2864299302928012,True,False,9.490004745865507,False,False,opposite_direction
667,assignment_isolation,plus_one_randomisation,True,ok,62.87485468385976,3.9317833190100897,68.22775964231812,55.42075313925776,31.64154709783177,1.0,0.001,1.0,0.001,,,,,0,0,[],[],False,True,False,True,False,0.007071067811865475,0.007082992267177231,24,24,24,0,0.0,{},0.8011879688135092,0.725,0.0,False,True,False,True,False,False,0.0,68.22775964231812,55.42075313925776,68.22775964231812,95.875,1.0972287292947827,0.02431585982816017,False,0.5390028074221207,False,0.022916666666666696,False,False,0.5550860163236045,0.022916666666666696,True,True,-1.849110303700064,0.06444188686704402,True,False,0.2154016234863871,0.0082777582393465,True,False,9.171443433040361,False,False,opposite_direction
668,assignment_isolation,plus_one_randomisation,True,ok,56.98066967243752,3.995436419259431,63.813371207925435,50.280151998812784,31.571255641944543,1.0,0.001,1.0,0.001,,,,,0,0,[],[],False,True,False,True,False,0.007071067811865475,0.007039198175374993,24,24,24,0,0.0,{},0.7934698954753723,0.7113553113553112,0.0,False,True,False,True,False,False,0.0,63.813371207925435,50.280151998812784,63.813371207925435,95.91666666666667,1.0882585554825048,0.0012844430515748081,False,0.5069551124081861,False,0.019791666666666763,False,False,0.5153619271759221,0.019791666666666763,True,True,0.34632483439647777,0.7290986069360028,True,False,0.1559252262671226,0.07896657833669891,True,False,8.806586277300319,False,False,opposite_direction
669,assignment_isolation,plus_one_randomisation,True,ok,60.137261294217836,3.6729949570092977,65.96667448260887,53.78402385349285,31.86202355780485,1.0,0.001,1.0,0.001,,,,,0,0,[],[],False,True,False,True,False,0.007071067811865475,0.007040695882738791,24,24,24,0,0.0,{},0.7909931972789115,0.7,0.0,False,True,False,True,False,False,0.0,65.96667448260887,53.78402385349285,65.96667448260887,95.83333333333333,1.0980376751569563,0.0036108401539501375,False,0.4958755563063621,False,0.01736111111111116,False,False,0.5351714529634385,0.01736111111111116,True,True,-0.48303210318113665,0.6290729418981496,True,False,0.14736130754570384,0.08382923098142343,True,False,8.060187140772314,False,False,opposite_direction
670,assignment_isolation,plus_one_randomisation,True,ok,58.902197502979824,4.101689254569324,65.68232032007602,51.86897203949542,31.535300203699805,1.0,0.001,1.0,0.001,,,,,0,0,[],[],False,True,False,True,False,0.007071067811865475,0.0070901107856798365,24,24,24,0,0.0,{},0.803585372320971,0.7159574468085107,0.0,False,True,False,True,False,False,0.0,65.68232032007602,51.86897203949542,65.68232032007602,95.875,1.0946434525306676,0.010584623803441657,False,0.5246280175082388,False,0.017013888888888884,False,False,0.5273912412958867,0.017013888888888884,True,True,-0.0884152489448551,0.9295466418545714,True,False,0.15743042880250177,0.24331887540158573,True,False,9.630758572417026,False,False,opposite_direction
671,assignment_isolation,plus_one_randomisation,True,ok,61.666269295367876,3.78336931668496,68.00791733942792,55.576009740299675,31.66270012925013,1.0,0.001,1.0,0.001,,,,,0,0,[],[],False,True,False,True,False,0.007071067811865475,0.007118862377960947,24,24,24,0,0.0,{},0.8309055420711973,0.7184865900383139,0.0,False,True,False,True,False,False,0.0,68.00791733942792,55.576009740299675,68.00791733942792,97.95833333333333,1.1154477790405275,0.01775159541064164,False,0.5069437720024375,False,0.023958333333333304,False,False,0.5393025370482836,0.023958333333333304,True,True,0.7750701527214288,0.4382982072787084,True,False,0.1742040556048481,0.11601280548340892,True,False,8.371297712583381,False,False,opposite_direction
672,assignment_isolation,plus_one_randomisation,True,ok,56.74499964740298,3.0852176889757112,62.018772653372004,51.023940834680666,31.501024419078416,1.0,0.001,1.0,0.001,,,,,0,0,[],[],False,True,False,True,False,0.007071067811865475,0.007057225878709366,24,24,24,0,0.0,{},0.7957697725554869,0.6685393258426965,0.0,False,True,False,True,False,False,0.0,62.018772653372004,51.023940834680666,62.018772653372004,96.08333333333333,1.0895639621714874,0.014247097781360862,False,0.512264219264519,False,0.022916666666666696,False,False,0.5130115730725899,0.022916666666666696,True,True,-0.27719422728428356,0.7816309719884187,True,False,0.2183585199715644,0.09054952355774439,True,False,8.482869425213519,False,False,opposite_direction
673,assignment_isolation,plus_one_randomisation,True,ok,63.25672998184856,4.386640525970325,70.41300189012824,55.294162112484806,31.779576095864538,1.0,0.001,1.0,0.001,,,,,0,0,[],[],False,True,False,True,False,0.007071067811865475,0.007092000141980138,24,24,24,0,0.0,{},0.797851383076452,0.7218253968253969,0.0,False,True,False,True,False,False,0.0,70.41300189012824,55.294162112484806,70.41300189012824,95.29166666666667,1.1000547517005077,0.007317947063054786,False,0.49970946205777295,False,0.030208333333333393,False,False,0.5566149459533131,0.030208333333333393,True,True,-0.38010254922293163,0.7038692935511648,True,False,0.30535714325192764,0.047518815445002686,True,False,9.083261158973702,False,False,opposite_direction
674,assignment_isolation,plus_one_randomisation,True,ok,65.08648713796924,2.6535539846276985,69.40244245918369,60.29551584441097,31.39974247334775,1.0,0.001,1.0,0.001,,,,,0,0,[],[],False,True,False,True,False,0.007071067811865475,0.007086011887892699,24,24,24,0,0.0,{},0.7979679039884084,0.7414855072463767,0.0,False,True,False,True,False,False,0.0,69.40244245918369,60.29551584441097,69.40244245918369,95.875,1.0893079058317323,0.010883210180112401,False,0.5395318290560176,False,0.015277777777777835,False,False,0.5733788969239233,0.015277777777777835,True,True,1.106368621488346,0.2685670013175985,True,False,0.2532892036395128,0.06409045396334079,True,False,11.561024674211417,False,False,opposite_direction
675,assignment_isolation,plus_one_randomisation,True,ok,53.21795031853062,3.030351802464326,57.91171654940567,47.971717068212484,31.483950217940937,1.0,0.001,1.0,0.001,,,,,0,0,[],[],False,True,False,True,False,0.007071067811865475,0.007072110141924644,24,24,24,0,0.0,{},0.8122895622895625,0.6732142857142857,0.0,False,True,False,True,False,False,0.0,57.91171654940567,47.971717068212484,57.91171654940567,95.5,1.0879524711507709,0.0026649753278554207,False,0.5107575339736115,False,0.014930555555555558,False,False,0.4855680460587028,0.014930555555555558,True,True,-0.5688902083878861,0.5694306507013589,True,False,0.24292579606554246,0.07590429360981782,True,False,7.252455938079989,False,False,opposite_direction
676,assignment_isolation,plus_one_randomisation,True,ok,54.6014432686477,3.980961898473357,61.36074065911183,47.08800739992614,30.607231530294,1.0,0.001,1.0,0.001,,,,,0,0,[],[],False,True,False,True,False,0.007071067811865475,0.007028560690610751,24,24,24,0,0.0,{},0.7879949763593381,0.6764367816091952,0.0,False,True,False,True,False,False,0.0,61.36074065911183,47.08800739992614,61.36074065911183,95.83333333333333,1.0529766713923654,0.013679620594227556,False,0.5025875983052492,False,0.01736111111111105,False,False,0.5110987608865035,0.01736111111111105,True,True,-0.05789454678920316,0.9538326268701618,True,False,0.10150981975971288,0.398543322157064,True,False,8.357345668773826,False,False,opposite_direction
677,assignment_isolation,plus_one_randomisation,True,ok,53.19327217667749,3.7808507924312895,59.578719263062865,46.89309214657413,31.124922325307487,1.0,0.001,1.0,0.001,,,,,0,0,[],[],False,True,False,True,False,0.007071067811865475,0.007026156425741134,24,24,24,0,0.0,{},0.7947048611111112,0.6954343971631204,0.0,False,True,False,True,False,False,0.0,59.57871926306287,46.89309214657413,59.57871926306287,96.33333333333333,1.0732092051506577,0.05540602258757292,False,0.5278051798042076,False,0.03194444444444444,False,False,0.49131193727258116,0.03194444444444444,True,True,-0.2979285555763679,0.765757692867503,True,False,0.07150249717753873,0.1595661582076835,True,False,8.017288434437763,False,False,opposite_direction
678,assignment_isolation,plus_one_randomisation,True,ok,56.71446388938771,3.5450342149132767,63.627894567546825,51.20935627861265,32.271210633781564,1.0,0.001,1.0,0.001,,,,,0,0,[],[],False,True,False,True,False,0.007071067811865475,0.007031343243671732,24,24,24,0,0.0,{},0.7874554354457406,0.6900183150183151,0.0,False,True,False,True,False,False,0.0,63.627894567546825,51.20935627861265,63.627894567546825,95.41666666666667,1.1082447476617134,0.019941311599757972,False,0.5327883441700556,False,0.02083333333333337,False,False,0.5053067476608177,0.02083333333333337,True,True,-1.268885941428379,0.20448174714975553,True,False,0.2665470294863736,0.17871110434017587,True,False,7.099384489199901,False,False,opposite_direction
679,assignment_isolation,plus_one_randomisation,True,ok,59.77298025808153,3.7932998258909927,66.57908831166745,53.586475227821246,31.801020008073092,1.0,0.001,1.0,0.001,,,,,0,0,[],[],False,True,False,True,False,0.007071067811865475,0.007060614820085573,24,24,24,0,0.0,{},0.7921491228070174,0.674250936329588,0.0,False,True,False,True,False,False,0.0,66.57908831166745,53.586475227821246,66.57908831166745,96.45833333333333,1.1026138697801584,0.0007432095600196513,False,0.5235188214859804,False,0.00868055555555558,False,False,0.5306611751571765,0.00868055555555558,True,True,-1.0918728305603251,0.2748890012952102,True,False,0.14110966525289734,0.07698545312872274,True,False,8.8853957553923,False,False,opposite_direction
680,assignment_isolation,plus_one_randomisation,True,ok,60.50404975889274,3.5737099296292087,65.96574613759493,53.45682379945856,31.88064195635477,1.0,0.001,1.0,0.001,,,,,0,0,[],[],False,True,False,True,False,0.007071067811865475,0.007065548871389245,24,24,24,0,0.0,{},0.7822021867826507,0.724250936329588,0.0,False,True,False,True,False,False,0.0,65.96574613759493,53.45682379945856,65.96574613759493,94.91666666666667,1.0972717696454297,0.002750460186307829,False,0.5079211255941011,False,0.023263888888888973,False,False,0.5381581127251988,0.023263888888888973,True,True,0.6098324739943753,0.5419727873807105,True,False,0.11470875978594781,0.14339493663456016,True,False,8.45493125704558,False,False,opposite_direction
681,assignment_isolation,plus_one_randomisation,True,ok,59.088243028439614,4.214114219693855,66.7844541965984,52.388742677985675,31.419600647625614,1.0,0.001,1.0,0.001,,,,,0,0,[],[],False,True,False,True,False,0.007071067811865475,0.0071144116900684375,24,24,24,0,0.0,{},0.8128806806227646,0.7447010869565218,0.0,False,True,False,True,False,False,0.0,66.7844541965984,52.388742677985675,66.7844541965984,96.45833333333333,1.0976895627938463,0.0075087731950344745,False,0.5024364997363481,False,0.03472222222222221,False,False,0.5275563472606888,0.03472222222222221,True,True,-2.093587299498495,0.03629675990737108,True,False,0.189728027772731,0.08437830432037163,True,False,6.7303790204120695,False,False,opposite_direction
682,assignment_isolation,plus_one_randomisation,True,ok,62.9848805942598,4.439781990120632,70.05484527543277,54.02036565467385,31.90185387087667,1.0,0.001,1.0,0.001,,,,,0,0,[],[],False,True,False,True,False,0.007071067811865475,0.007046065052727214,24,24,24,0,0.0,{},0.7981837441556655,0.7106741573033708,0.0,False,True,False,True,False,False,0.0,70.05484527543277,54.020365654673846,70.05484527543277,95.58333333333333,1.0988126742017685,0.033878855672884275,False,0.525833807481019,False,0.015277777777777724,False,False,0.5552203058144324,0.015277777777777724,True,True,-1.6540562463924204,0.0981160849395941,True,False,0.3105513462796865,0.09452446464216516,True,False,7.881938227121869,False,False,opposite_direction
683,assignment_isolation,plus_one_randomisation,True,ok,62.884825549781745,5.042078545824782,70.80354518824385,53.905013943973465,31.330083004366234,1.0,0.001,1.0,0.001,,,,,0,0,[],[],False,True,False,True,False,0.007071067811865475,0.007097594003942133,24,24,24,0,0.0,{},0.8248304413688635,0.7505376344086019,0.0,False,True,False,True,False,False,0.0,70.80354518824385,53.905013943973465,70.80354518824385,97.25,1.0964466577590384,0.04445351311885306,False,0.5236161917197525,False,0.021180555555555536,False,False,0.5554686993963168,0.021180555555555536,True,True,-0.08962667619017997,0.9285838851796316,True,False,0.2804890646273852,0.007093900665998939,True,False,8.213070836202112,False,False,opposite_direction
684,assignment_isolation,plus_one_randomisation,True,ok,49.383288796616036,3.89068264960058,56.950233799658996,43.565896194281436,31.00457902288244,1.0,0.001,1.0,0.001,,,,,0,0,[],[],False,True,False,True,False,0.007071067811865475,0.007011532261692105,24,24,24,0,0.0,{},0.7846376132458608,0.6709302325581395,0.0,False,True,False,True,False,False,0.0,56.950233799658996,43.565896194281436,56.950233799658996,96.08333333333333,1.0654493543259806,0.015066358294399817,False,0.48816686198372955,False,0.023958333333333304,False,False,0.462289489585925,0.023958333333333304,True,True,0.07591486209706853,0.9394868327373749,True,False,0.14606156867129838,0.08556072243529102,True,False,5.985619487976162,False,False,opposite_direction
685,assignment_isolation,plus_one_randomisation,True,ok,62.986377560057385,3.4937848480454368,68.7592608391752,57.42460001299817,31.674726427488586,1.0,0.001,1.0,0.001,,,,,0,0,[],[],False,True,False,True,False,0.007071067811865475,0.007072508758183832,24,24,24,0,0.0,{},0.7988551731078906,0.7120738636363636,0.0,False,True,False,True,False,False,0.0,68.7592608391752,57.42460001299818,68.7592608391752,95.83333333333333,1.0965152296287173,0.015086625621685834,False,0.5115981814273458,False,0.02951388888888895,False,False,0.5561495876241448,0.02951388888888895,True,True,-0.5981454158409374,0.5497429088581315,True,False,0.21294795308790695,0.05656579293775197,True,False,8.814577367713666,False,False,opposite_direction
686,assignment_isolation,plus_one_randomisation,True,ok,58.224455499531096,5.2596816658944405,67.41645401776805,50.18238779965655,31.52668551579448,1.0,0.001,1.0,0.001,,,,,0,0,[],[],False,True,False,True,False,0.007071067811865475,0.007118579478809356,24,24,24,0,0.0,{},0.8026656189555126,0.6529554263565892,0.0,False,True,False,True,False,False,0.0,67.41645401776805,50.182387799656546,67.41645401776805,95.04166666666667,1.093953038835297,0.020473265765740694,False,0.5413420464787129,False,0.036805555555555536,False,False,0.5225705987063517,0.036805555555555536,True,True,-1.0885434458276932,0.27635526778051267,True,False,0.21315583352289208,0.030708264498028617,True,False,6.716412150805178,False,False,opposite_direction
687,assignment_isolation,plus_one_randomisation,True,ok,66.69917491631422,3.8942214159469124,72.85592587650584,59.294693368040825,32.3004894845176,1.0,0.001,1.0,0.001,,,,,0,0,[],[],False,True,False,True,False,0.007071067811865475,0.007066996565776195,24,24,24,0,0.0,{},0.798046875,0.7118217054263566,0.0,False,True,False,True,False,False,0.0,72.85592587650584,59.29469336804082,72.85592587650584,96.20833333333333,1.1194902974409915,0.029405258206239626,False,0.5094367581885051,False,0.008333333333333304,False,False,0.5721350039229245,0.008333333333333304,True,True,-0.20115465748600697,0.8405776448367757,True,False,0.13294505949219965,0.31936659892911573,True,False,8.467267162277201,False,False,opposite_direction
688,assignment_isolation,plus_one_randomisation,True,ok,60.72682353612989,3.6287070521003,66.77312502027507,54.755092644038,31.850188214705685,1.0,0.001,1.0,0.001,,,,,0,0,[],[],False,True,False,True,False,0.007071067811865475,0.00703309456106641,24,24,24,0,0.0,{},0.7954079913752441,0.6736865942028984,0.0,False,True,False,True,False,False,0.0,66.77312502027507,54.755092644038,66.77312502027507,95.58333333333333,1.095013692890736,0.014398049528195633,False,0.5143346499616667,False,0.017708333333333437,False,False,0.5406845469636944,0.017708333333333437,True,True,-1.7915301918159026,0.07320825410987133,True,False,0.21614536833369768,0.043686811736612034,True,False,8.684767761789363,False,False,opposite_direction
689,assignment_isolation,plus_one_randomisation,True,ok,61.5987062997872,4.115607312450418,68.67765193104354,53.87327441691613,31.776765058336032,1.0,0.001,1.0,0.001,,,,,0,0,[],[],False,True,False,True,False,0.007071067811865475,0.00703884608058053,24,24,24,0,0.0,{},0.7894039351851851,0.6898313492063493,0.0,False,True,False,True,False,False,0.0,68.67765193104354,53.87327441691613,68.67765193104354,95.70833333333333,1.0940975175304328,0.016696337508187366,False,0.5200488822178362,False,0.02013888888888893,False,False,0.5473287721010957,0.02013888888888893,True,True,0.8123216109489748,0.41660711319411026,True,False,0.17227562026779375,0.04571144535694982,True,False,8.17868308409075,False,False,opposite_direction
690,assignment_isolation,plus_one_randomisation,True,ok,62.39406751835393,4.564516453607784,70.52601665918905,55.588989936642506,32.149563194495855,1.0,0.001,1.0,0.001,,,,,0,0,[],[],False,True,False,True,False,0.007071067811865475,0.0069963640621501675,24,24,24,0,0.0,{},0.7873674571042992,0.6742673992673992,0.0,False,True,False,True,False,False,0.0,70.52601665918905,55.5889899366425,70.52601665918905,95.75,1.1004919565048652,0.002665926697632996,False,0.5337050334531127,False,0.05451388888888886,False,False,0.5504083818751576,0.05451388888888886,True,True,-0.2287416738407042,0.8190697023303731,True,False,0.15022683269822273,0.1966702501549698,True,False,8.284683463083427,False,False,opposite_direction
691,assignment_isolation,plus_one_randomisation,True,ok,64.57765043536305,4.71300711668269,72.85741588451377,57.105151335493275,31.555933438150106,1.0,0.001,1.0,0.001,,,,,0,0,[],[],False,True,False,True,False,0.007071067811865475,0.007066328057966151,24,24,24,0,0.0,{},0.7998243862762497,0.631547619047619,0.0,False,True,False,True,False,False,0.0,72.85741588451377,57.105151335493275,72.85741588451377,95.20833333333333,1.0878833073310843,0.003456451874843286,False,0.5026181750702899,False,0.03472222222222221,False,False,0.5705285394289675,0.03472222222222221,True,True,0.4438721391742162,0.6571350286834994,True,False,0.1231011819520984,0.3261149581023274,True,False,8.725172390979905,False,False,opposite_direction
692,assignment_isolation,plus_one_randomisation,True,ok,61.34957449181284,4.038133232273711,68.1927137766717,53.6336623536404,30.807994466467665,1.0,0.001,1.0,0.001,,,,,0,0,[],[],False,True,False,True,False,0.007071067811865475,0.007074250302011485,24,24,24,0,0.0,{},0.8208679305055356,0.723314606741573,0.0,False,True,False,True,False,False,0.0,68.1927137766717,53.6336623536404,68.1927137766717,97.29166666666667,1.0748594413188026,0.016491984263045368,False,0.5128782316899185,False,0.012152777777777679,False,False,0.553346624195614,0.012152777777777679,True,True,-0.4196207807202312,0.6747625050478245,True,False,0.1414215732864533,0.026073930774794654,True,False,9.340724281319632,False,False,opposite_direction
693,assignment_isolation,plus_one_randomisation,True,ok,59.17124107125333,4.3629055326820305,67.26246244428921,52.43803814979722,31.254076894247042,1.0,0.001,1.0,0.001,,,,,0,0,[],[],False,True,False,True,False,0.007071067811865475,0.00702174974939741,24,24,24,0,0.0,{},0.7967756086861154,0.6957854406130269,0.0,False,True,False,True,False,False,0.0,67.26246244428921,52.43803814979722,67.26246244428921,96.375,1.077219542485371,0.015807978895233988,False,0.5179172065985816,False,0.023611111111111138,False,False,0.5364701955773598,0.023611111111111138,True,True,1.077733592964591,0.2811526624091224,True,False,0.10639364482999543,0.36617685871792655,True,False,8.495121009956042,False,False,opposite_direction
694,assignment_isolation,plus_one_randomisation,True,ok,61.12221119369826,4.288836724287727,68.35322428165246,53.671156155331886,31.33127533486946,1.0,0.001,1.0,0.001,,,,,0,0,[],[],False,True,False,True,False,0.007071067811865475,0.007059068644422217,24,24,24,0,0.0,{},0.8088304093567251,0.6935132575757577,0.0,False,True,False,True,False,False,0.0,68.35322428165246,53.671156155331886,68.35322428165246,96.33333333333333,1.0853849031951097,0.024176226386662593,False,0.5346651170984871,False,0.023611111111111027,False,False,0.5474297979785687,0.023611111111111027,True,True,-1.1039213985893122,0.2696272355175091,True,False,0.12242186492352991,0.2862620116362866,True,False,9.790116404151926,False,False,opposite_direction
695,assignment_isolation,plus_one_randomisation,True,ok,62.68142525054841,4.0676469126993355,69.62570228642554,55.84270909354478,32.00285869900835,1.0,0.001,1.0,0.001,,,,,0,0,[],[],False,True,False,True,False,0.007071067811865475,0.007046998376269173,24,24,24,0,0.0,{},0.794275558419244,0.6624526515151515,0.0,False,True,False,True,False,False,0.0,69.62570228642554,55.84270909354478,69.62570228642554,95.25,1.100513671113281,0.010448307829972294,False,0.5307422096923885,False,0.036805555555555536,False,False,0.5524194391521674,0.036805555555555536,True,True,0.206994551982864,0.8360141132505488,True,False,0.17167423597418893,0.1383999692604742,True,False,11.734065163946756,False,False,opposite_direction
696,assignment_isolation,plus_one_randomisation,True,ok,60.893312627285106,4.79493530856501,69.09609047307444,52.34121146660985,31.97157423841849,1.0,0.001,1.0,0.001,,,,,0,0,[],[],False,True,False,True,False,0.007071067811865475,0.007083679592304321,24,24,24,0,0.0,{},0.808091385933806,0.7029693486590038,0.0,False,True,False,True,False,False,0.0,69.09609047307444,52.34121146660985,69.09609047307444,96.16666666666667,1.1104658713570903,0.0007054329191304224,False,0.5391671564358009,False,0.007986111111111138,False,False,0.535717300515607,0.007986111111111138,True,True,0.1058908546906755,0.9156689501713455,True,False,0.15979411683229644,0.12746385609730618,True,False,8.587004945566097,False,False,opposite_direction
697,assignment_isolation,plus_one_randomisation,True,ok,62.54353930736556,3.2628403778992587,68.16048295990163,56.97901224174832,31.267063373454487,1.0,0.001,1.0,0.001,,,,,0,0,[],[],False,True,False,True,False,0.007071067811865475,0.00707575866260236,24,24,24,0,0.0,{},0.8030710614921142,0.7018981481481483,0.0,False,True,False,True,False,False,0.0,68.16048295990163,56.97901224174833,68.16048295990163,96.08333333333333,1.084311691592877,0.010475222786904131,False,0.5100014972269478,False,0.022916666666666696,False,False,0.557964580090165,0.022916666666666696,True,True,1.120902189187193,0.26232949894931257,True,False,0.13372208310561953,0.11910564893053056,True,False,9.04933150886254,False,False,opposite_direction
698,assignment_isolation,plus_one_randomisation,True,ok,59.86576857460926,3.1615064105349697,65.64991137329433,54.78805431782529,31.28487658095924,1.0,0.001,1.0,0.001,,,,,0,0,[],[],False,True,False,True,False,0.007071067811865475,0.007069985202095548,24,24,24,0,0.0,{},0.8228508771929826,0.7267399267399268,0.0,False,True,False,True,False,False,0.0,65.64991137329433,54.78805431782529,65.64991137329433,97.95833333333333,1.0945702723028647,0.008279465995342393,False,0.5108680844099913,False,0.026388888888888906,False,False,0.5345712967692986,0.026388888888888906,True,True,-1.7312658218208965,0.08340436436748058,True,False,0.12840519013201837,0.10956263053892891,True,False,8.05747713064947,False,False,opposite_direction
699,assignment_isolation,plus_one_randomisation,True,ok,57.20558616058188,4.4801091775776465,65.09882477328976,50.16735031725271,31.058411332715263,1.0,0.001,1.0,0.001,,,,,0,0,[],[],False,True,False,True,False,0.007071067811865475,0.0070913157155583755,24,24,24,0,0.0,{},0.8065439219165927,0.6863026819923375,0.0,False,True,False,True,False,False,0.0,65.09882477328976,50.167350317252705,65.09882477328976,95.16666666666667,1.0742824770292139,0.028717073335308596,False,0.5232224804662831,False,0.017013888888888884,False,False,0.522786821585447,0.017013888888888884,True,True,-1.2431735909552644,0.21380387218273744,True,False,0.10395231481480127,0.27219451652164894,True,False,7.899550525599567,False,False,opposite_direction
700,assignment_isolation,plus_one_randomisation,True,ok,63.93620193148481,3.60753376715354,70.56568165416175,58.28363653696126,31.90908298379975,1.0,0.001,1.0,0.001,,,,,0,0,[],[],False,True,False,True,False,0.007071067811865475,0.007093953790135904,24,24,24,0,0.0,{},0.8142137096774194,0.7320788530465949,0.0,False,True,False,True,False,False,0.0,70.56568165416175,58.28363653696126,70.56568165416175,96.125,1.1096623713067566,0.014402369525598063,False,0.48876533450392684,False,0.02013888888888893,False,False,0.5574874493767,0.02013888888888893,True,True,0.25865890665977986,0.7958984284555299,True,False,0.20213243675994644,0.04487466146115088,True,False,8.842386957325735,False,False,opposite_direction
701,assignment_isolation,plus_one_randomisation,True,ok,58.86213740759835,3.8168687952295755,66.03220271944161,52.36577188074122,31.471260499504492,1.0,0.001,1.0,0.001,,,,,0,0,[],[],False,True,False,True,False,0.007071067811865475,0.006989771427521708,24,24,24,0,0.0,{},0.7808883862823479,0.687451550387597,0.0,False,True,False,True,False,False,0.0,66.03220271944161,52.36577188074122,66.03220271944161,95.375,1.0741486618088005,0.018454577161955463,False,0.5055569690957342,False,0.036805555555555536,False,False,0.5354202729325274,0.036805555555555536,True,True,1.511076487562666,0.13076896443893105,True,False,0.11864110867371688,0.08255270260493186,True,False,10.062618426711632,False,False,opposite_direction
702,assignment_isolation,plus_one_randomisation,True,ok,54.24540746809388,4.78668958508727,61.916088781031085,46.424480984070684,31.28829820378363,1.0,0.001,1.0,0.001,,,,,0,0,[],[],False,True,False,True,False,0.007071067811865475,0.007036432150689971,24,24,24,0,0.0,{},0.7923320220153663,0.6620639534883719,0.0,False,True,False,True,False,False,0.0,61.916088781031085,46.42448098407069,61.916088781031085,94.54166666666667,1.0703260063936355,0.010652624135115805,False,0.517555807692868,False,0.032638888888888884,False,False,0.5010544773067125,0.032638888888888884,True,True,-0.9531603548398193,0.34050882996276455,True,False,0.09016704579310769,0.474497273863512,True,False,8.250761615771601,False,False,opposite_direction
703,assignment_isolation,plus_one_randomisation,True,ok,53.731400356046976,3.4368176407625266,59.70505384811237,47.85742602481038,31.096232118533585,1.0,0.001,1.0,0.001,,,,,0,0,[],[],False,True,False,True,False,0.007071067811865475,0.007067520888538783,24,24,24,0,0.0,{},0.7811398698545005,0.670787037037037,0.0,False,True,False,True,False,False,0.0,59.70505384811238,47.85742602481039,59.70505384811238,94.41666666666667,1.0677490813051633,0.030743300602839915,False,0.5150673146851955,False,0.010069444444444464,False,False,0.4979405853025653,0.010069444444444464,True,True,-0.6742119988946477,0.5001765422472184,True,False,0.2224561199746715,0.12180186053809387,True,False,8.905679660602908,False,False,opposite_direction
704,assignment_isolation,plus_one_randomisation,True,ok,62.74664173978557,4.458695268794491,70.79322031390797,55.790057064572196,32.2550106995322,1.0,0.001,1.0,0.001,,,,,0,0,[],[],False,True,False,True,False,0.007071067811865475,0.007056552053999181,24,24,24,0,0.0,{},0.7972469247832226,0.6983695652173911,0.0,False,True,False,True,False,False,0.0,70.79322031390797,55.7900570645722,70.79322031390797,95.875,1.1143264332047722,0.006447107576148878,False,0.5285730054844741,False,0.011805555555555514,False,False,0.5473920852229924,0.011805555555555514,True,True,0.47040395853519623,0.6380664365306723,True,False,0.21345075182443715,0.007346291326667493,True,False,11.814247790901222,False,False,opposite_direction
705,assignment_isolation,plus_one_randomisation,True,ok,62.436767165902474,3.7616913602383457,68.28891774105239,56.06905637976502,31.876724636552176,1.0,0.001,1.0,0.001,,,,,0,0,[],[],False,True,False,True,False,0.007071067811865475,0.007049459687815994,24,24,24,0,0.0,{},0.7943402188266364,0.6833333333333333,0.0,False,True,False,True,False,False,0.0,68.28891774105239,56.06905637976502,68.28891774105239,95.33333333333333,1.0970386176702236,0.00603281108453208,False,0.5063181410509694,False,0.014583333333333393,False,False,0.5520906495753418,0.014583333333333393,True,True,0.3713237916993233,0.710396379461184,True,False,0.15734969559977727,0.08042222465970532,True,False,9.345025423360653,False,False,opposite_direction
706,assignment_isolation,plus_one_randomisation,True,ok,58.49361690194187,3.3834202366044375,64.0858415092905,52.685849122216425,30.51021762767227,1.0,0.001,1.0,0.001,,,,,0,0,[],[],False,True,False,True,False,0.007071067811865475,0.007078660980330173,24,24,24,0,0.0,{},0.810135499235155,0.6914855072463768,0.0,False,True,False,True,False,False,0.0,64.0858415092905,52.68584912221642,64.0858415092905,95.875,1.0573508319662128,0.010837796483573133,False,0.5197137863673148,False,0.012499999999999956,False,False,0.5395976352350295,0.012499999999999956,True,True,-0.5947162629012868,0.5520331491268953,True,False,0.03628669150174799,0.27508944786045886,True,False,6.807192093129382,False,False,opposite_direction
707,assignment_isolation,plus_one_randomisation,True,ok,58.007063471445576,3.5958950948235437,63.70852710736946,51.48579702447438,30.476514354353153,1.0,0.001,1.0,0.001,,,,,0,0,[],[],False,True,False,True,False,0.007071067811865475,0.0070792120752098215,24,24,24,0,0.0,{},0.8276094276094275,0.7207870370370372,0.0,False,True,False,True,False,False,0.0,63.70852710736946,51.48579702447438,63.70852710736946,97.375,1.0644958119761332,0.009013671462319782,False,0.4843338277049083,False,0.02013888888888893,False,False,0.5329498346499301,0.02013888888888893,True,True,0.086588269418923,0.9309987905251397,True,False,0.14558593776990356,0.2044422555138242,True,False,8.712816213284711,False,False,opposite_direction
708,assignment_isolation,plus_one_randomisation,True,ok,62.00529366784256,4.325915252740889,70.40886953689538,55.37208557251757,32.47383155614791,1.0,0.001,1.0,0.001,,,,,0,0,[],[],False,True,False,True,False,0.007071067811865475,0.007104988991208586,24,24,24,0,0.0,{},0.805849060054129,0.6935132575757577,0.0,False,True,False,True,False,False,0.0,70.40886953689538,55.37208557251757,70.40886953689538,95.04166666666667,1.1246670436432704,0.04451925414130488,False,0.5181527424642723,False,0.029166666666666674,False,False,0.538091728671504,0.029166666666666674,True,True,-0.766233783664521,0.4435372099495696,True,False,0.15800779777063936,0.3365777181012354,True,False,8.297333318553893,False,False,opposite_direction
709,assignment_isolation,plus_one_randomisation,True,ok,57.632644914436725,2.769976246833735,62.582182392993296,52.85764512794757,30.552498407859794,1.0,0.001,1.0,0.001,,,,,0,0,[],[],False,True,False,True,False,0.007071067811865475,0.007087759638298734,24,24,24,0,0.0,{},0.8043439669682304,0.6952107279693488,0.0,False,True,False,True,False,False,0.0,62.582182392993296,52.85764512794757,62.582182392993296,95.91666666666667,1.0604074115465068,0.02793547452067891,False,0.5409567748990611,False,0.03229166666666661,False,False,0.5317919150443611,0.03229166666666661,True,True,0.6103077606410442,0.5416579570200688,True,False,0.05842562640656294,0.4068219174303133,True,False,10.662597353785713,False,False,opposite_direction
710,assignment_isolation,plus_one_randomisation,True,ok,58.40032200799715,4.823835683436452,68.99400550452444,51.30425997533309,31.692721603869312,1.0,0.001,1.0,0.001,,,,,0,0,[],[],False,True,False,True,False,0.007071067811865475,0.007117590080377639,24,24,24,0,0.0,{},0.8078881436941103,0.714922480620155,0.0,False,True,False,True,False,False,0.0,68.99400550452444,51.30425997533309,68.99400550452444,96.08333333333333,1.1055707573313365,0.01999001748122566,False,0.49296071040330264,False,0.028125000000000067,False,False,0.5192466589560264,0.028125000000000067,True,True,1.1475825203483474,0.2511409491287936,True,False,0.18349849834533408,0.07493099389664447,True,False,9.570490903493354,False,False,opposite_direction
711,assignment_isolation,plus_one_randomisation,True,ok,63.57603366523282,4.440052799333906,71.58495522368369,56.21970012831155,32.01916094624824,1.0,0.001,1.0,0.001,,,,,0,0,[],[],False,True,False,True,False,0.007071067811865475,0.007096799893359334,24,24,24,0,0.0,{},0.7952905701754385,0.7408239700374533,0.0,False,True,False,True,False,False,0.0,71.58495522368369,56.21970012831155,71.58495522368369,95.58333333333333,1.1107941839206084,0.013052739324766891,False,0.5392399361162078,False,0.027430555555555514,False,False,0.5545602429209068,0.027430555555555514,True,True,-0.4243146770123544,0.671336336778241,True,False,0.1886661167267345,0.12748887102315834,True,False,9.560341916578778,False,False,opposite_direction
712,assignment_isolation,plus_one_randomisation,True,ok,59.119916501181514,4.980709980364877,67.33936011822772,49.979628182159715,31.537425103321905,1.0,0.001,1.0,0.001,,,,,0,0,[],[],False,True,False,True,False,0.007071067811865475,0.007053830794914977,24,24,24,0,0.0,{},0.7964442431561998,0.7374570446735396,0.0,False,True,False,True,False,False,0.0,67.33936011822772,49.97962818215971,67.33936011822772,96.75,1.0940741603393944,0.0334090633578691,False,0.5390037413504826,False,0.020138888888888817,False,False,0.5292462649900088,0.020138888888888817,True,True,-1.038134326452287,0.29920752236401227,True,False,0.1506896854583743,0.13201542264954397,True,False,9.407080597077671,False,False,opposite_direction
713,assignment_isolation,plus_one_randomisation,True,ok,58.30300915896356,3.2073034377138416,64.03624817673973,52.92237668459695,30.858586223492665,1.0,0.001,1.0,0.001,,,,,0,0,[],[],False,True,False,True,False,0.007071067811865475,0.007067023364866468,24,24,24,0,0.0,{},0.7995499618611748,0.6302681992337166,0.0,False,True,False,True,False,False,0.0,64.03624817673973,52.92237668459695,64.03624817673973,95.41666666666667,1.0651105267374548,0.019084396816089175,False,0.5228181751023024,False,0.01909722222222232,False,False,0.5349379725803117,0.01909722222222232,True,True,-0.13232858275459664,0.8947244003970675,True,False,0.2067612649977894,0.06316243040023535,True,False,8.999300752377982,False,False,opposite_direction
714,assignment_isolation,plus_one_randomisation,True,ok,64.39855617534566,2.8564596101769193,69.2532388935918,59.09469792960871,32.35803326078175,1.0,0.001,1.0,0.001,,,,,0,0,[],[],False,True,False,True,False,0.007071067811865475,0.0070390488214847,24,24,24,0,0.0,{},0.7956606614269675,0.6957865168539324,0.0,False,True,False,True,False,False,0.0,69.2532388935918,59.09469792960871,69.2532388935918,95.16666666666667,1.1109858503429482,0.008478630824517433,False,0.514070681481626,False,0.04027777777777786,False,False,0.5601245317379047,0.04027777777777786,True,True,0.036080573094932906,0.9712181126654339,True,False,0.14482148582760737,0.2855936889249391,True,False,8.919763370287855,False,False,opposite_direction
715,assignment_isolation,plus_one_randomisation,True,ok,60.01407517865568,5.557560432570456,68.36040948838647,49.16087734209715,32.55948754074096,1.0,0.001,1.0,0.001,,,,,0,0,[],[],False,True,False,True,False,0.007071067811865475,0.007057845928820087,24,24,24,0,0.0,{},0.7972910726036412,0.6907196969696968,0.0,False,True,False,True,False,False,0.0,68.36040948838647,49.16087734209716,68.36040948838647,96.16666666666667,1.1267615541105198,0.011599858216539317,False,0.5128022045620317,False,0.0215277777777777,False,False,0.5228894114375539,0.0215277777777777,True,True,-1.9745924134123856,0.04831442070385555,True,False,0.2194248370928902,0.0038768110477226257,True,False,8.962487872332206,False,False,opposite_direction
716,assignment_isolation,plus_one_randomisation,True,ok,52.02465782001766,3.7642675926523013,59.17925707514111,45.95024642655222,31.582408061524415,1.0,0.001,1.0,0.001,,,,,0,0,[],[],False,True,False,True,False,0.007071067811865475,0.007094315514328664,24,24,24,0,0.0,{},0.8074418280341061,0.6704022988505747,0.0,False,True,False,True,False,False,0.0,59.179257075141116,45.95024642655222,59.179257075141116,95.66666666666667,1.095736340392135,0.014175820723755103,False,0.4732595253834771,False,0.019444444444444486,False,False,0.4726461887677301,0.019444444444444486,True,True,-0.5332985529468401,0.5938269292072635,True,False,0.2204299081191839,0.03681585430420388,True,False,7.190438055400396,False,False,opposite_direction
717,assignment_isolation,plus_one_randomisation,True,ok,64.76979834469081,4.409026691914463,71.76396880069987,56.303875619818726,31.177582982185825,1.0,0.001,1.0,0.001,,,,,0,0,[],[],False,True,False,True,False,0.007071067811865475,0.007077210510494473,24,24,24,0,0.0,{},0.7978041671590058,0.7203703703703704,0.0,False,True,False,True,False,False,0.0,71.76396880069987,56.30387561981873,71.76396880069987,95.375,1.0774368808801562,0.020350195994989256,False,0.5268524459492867,False,0.015277777777777835,False,False,0.5760245307656672,0.015277777777777835,True,True,-0.04104011612008915,0.9672639147484169,True,False,0.07985929421494051,0.21195925808534857,True,False,7.7997712085008715,False,False,opposite_direction
718,assignment_isolation,plus_one_randomisation,True,ok,55.47359823956464,3.3453650760136893,60.56904598050896,49.28047957759781,31.89393054110788,1.0,0.001,1.0,0.001,,,,,0,0,[],[],False,True,False,True,False,0.007071067811865475,0.007076166030873532,24,24,24,0,0.0,{},0.8041026719966338,0.6602314814814815,0.0,False,True,False,True,False,False,0.0,60.56904598050895,49.28047957759781,60.56904598050895,96.0,1.1056347480578348,0.0352891649758098,False,0.5222331854295482,False,0.021180555555555536,False,False,0.4966466182455836,0.021180555555555536,True,True,1.2000909350001916,0.23010402575241085,True,False,0.15728355086218784,0.06862253718865868,True,False,8.178618766575708,False,False,opposite_direction
719,assignment_isolation,plus_one_randomisation,True,ok,60.208090798414155,3.6717757116051546,65.71245319863272,52.36642374129497,30.493326880910764,1.0,0.001,1.0,0.001,,,,,0,0,[],[],False,True,False,True,False,0.007071067811865475,0.007074466915410722,24,24,24,0,0.0,{},0.8066547783810638,0.6886704119850188,0.0,False,True,False,True,False,False,0.0,65.71245319863272,52.36642374129497,65.71245319863272,96.29166666666667,1.0584318144297706,0.013217872314379339,False,0.4959066348382459,False,0.021180555555555536,False,False,0.5518614184430909,0.021180555555555536,True,True,-0.07601749536527358,0.9394051791831517,True,False,0.30308652454215773,0.055556346933011494,True,False,8.810834677161106,False,False,opposite_direction
720,assignment_isolation,plus_one_randomisation,True,ok,59.728192366236435,3.873506821353448,65.95970347924721,53.76339288788289,31.560794682866334,1.0,0.001,1.0,0.001,,,,,0,0,[],[],False,True,False,True,False,0.007071067811865475,0.007041100828610233,24,24,24,0,0.0,{},0.7739098639455781,0.6753314393939395,0.0,False,True,False,True,False,False,0.0,65.95970347924721,53.76339288788288,65.95970347924721,94.66666666666667,1.0810780271470182,0.0056439639883644815,False,0.5071759367942948,False,0.013194444444444509,False,False,0.5390224750486005,0.013194444444444509,True,True,-1.4905427718588928,0.1360815789056112,True,False,0.12801608516220997,0.030994601137011024,True,False,8.271696026458967,False,False,opposite_direction
721,assignment_isolation,plus_one_randomisation,True,ok,65.85707922318666,3.5536862207076902,73.18879475624257,60.47352923040392,32.32928399842835,1.0,0.001,1.0,0.001,,,,,0,0,[],[],False,True,False,True,False,0.007071067811865475,0.007078764359362384,24,24,24,0,0.0,{},0.8030923267765373,0.7581578947368424,0.0,False,True,False,True,False,False,0.0,73.18879475624257,60.47352923040392,73.18879475624257,96.375,1.123325821060529,0.01846912207204261,False,0.5274206751648725,False,0.03888888888888886,False,False,0.5650941289701884,0.03888888888888886,True,True,-0.10722307273982057,0.9146120115459824,True,False,0.13771829906273167,0.41952146336385887,True,False,8.565687313723009,False,False,opposite_direction
722,assignment_isolation,plus_one_randomisation,True,ok,61.682531833815744,3.4718983364866154,68.21174108860492,56.19209089671605,31.21417237767297,1.0,0.001,1.0,0.001,,,,,0,0,[],[],False,True,False,True,False,0.007071067811865475,0.007049983132935532,24,24,24,0,0.0,{},0.7973687577685165,0.7204166666666666,0.0,False,True,False,True,False,False,0.0,68.21174108860492,56.19209089671605,68.21174108860492,96.08333333333333,1.0785342404744096,0.013850077591190954,False,0.5298347362992935,False,0.030902777777777724,False,False,0.5542249325372016,0.030902777777777724,True,True,0.2690993268080827,0.7878532484625993,True,False,0.16134988519095753,0.09528887585681546,True,False,10.089569699084404,False,False,opposite_direction
723,assignment_isolation,plus_one_randomisation,True,ok,58.05468579822841,3.396818879873289,63.888566785503315,52.38773376527433,31.216461991651578,1.0,0.001,1.0,0.001,,,,,0,0,[],[],False,True,False,True,False,0.007071067811865475,0.007157864537976752,24,24,24,0,0.0,{},0.8179974311864175,0.7136704119850189,0.0,False,True,False,True,False,False,0.0,63.888566785503315,52.38773376527433,63.888566785503315,95.79166666666667,1.0934552742920114,0.008207074070201143,False,0.5314174415306216,False,0.036805555555555536,False,False,0.5214849561923683,0.036805555555555536,True,True,-0.28089813190024115,0.7787885335186384,True,False,0.1557131254856068,0.10631061149582684,True,False,9.284588324227672,False,False,opposite_direction
724,assignment_isolation,plus_one_randomisation,True,ok,56.81280968668434,4.438964575234262,64.55023328744102,49.35665560814063,31.312544297542676,1.0,0.001,1.0,0.001,,,,,0,0,[],[],False,True,False,True,False,0.007071067811865475,0.007077110776480958,24,24,24,0,0.0,{},0.7876666236670106,0.6870738636363635,0.0,False,True,False,True,False,False,0.0,64.55023328744102,49.356655608140635,64.55023328744102,94.625,1.0778226398093151,0.026824577717752478,False,0.5317707510351775,False,0.014236111111111116,False,False,0.5183041996599158,0.014236111111111116,True,True,-0.03935049714311086,0.9686109468692776,True,False,0.07597172003686936,0.5576043619987389,True,False,8.453005810888994,False,False,opposite_direction
725,assignment_isolation,plus_one_randomisation,True,ok,67.3433796453882,3.7869113287578866,74.35704816542348,61.5696371383128,31.52171952414696,1.0,0.001,1.0,0.001,,,,,0,0,[],[],False,True,False,True,False,0.007071067811865475,0.007049647190207904,24,24,24,0,0.0,{},0.8071003401360546,0.69981884057971,0.0,False,True,False,True,False,False,0.0,74.35704816542348,61.5696371383128,74.35704816542348,96.66666666666667,1.092409979730519,0.007992561947285714,False,0.4982875228293915,False,0.02430555555555558,False,False,0.586923899024836,0.02430555555555558,True,True,-0.16812055089783762,0.8664884421791074,True,False,0.07961989949508609,0.4262327924196768,True,False,9.606139473264756,False,False,opposite_direction
726,assignment_isolation,plus_one_randomisation,True,ok,63.2070572707398,3.407243732794534,69.96738897946733,58.07202989314616,31.009451773494142,1.0,0.001,1.0,0.001,,,,,0,0,[],[],False,True,False,True,False,0.007071067811865475,0.007071010064631432,24,24,24,0,0.0,{},0.816623259178875,0.7400709219858157,0.0,False,True,False,True,False,False,0.0,69.96738897946733,58.07202989314616,69.96738897946733,97.45833333333333,1.082318390791187,0.007951920850139745,False,0.5168612447546785,False,0.023958333333333304,False,False,0.5633952841885521,0.023958333333333304,True,True,0.10957283026030908,0.9127481591953003,True,False,0.18906749417007399,0.18162498277473385,True,False,10.377140816575908,False,False,opposite_direction
727,assignment_isolation,plus_one_randomisation,True,ok,59.90399327395749,3.9512841874780635,66.704943667761,52.98455483222435,31.785791353642743,1.0,0.001,1.0,0.001,,,,,0,0,[],[],False,True,False,True,False,0.007071067811865475,0.007084404559305331,24,24,24,0,0.0,{},0.7938787615740741,0.7164874551971324,0.0,False,True,False,True,False,False,0.0,66.704943667761,52.98455483222435,66.704943667761,95.20833333333333,1.0986108095615468,0.04165622168992966,False,0.5101426284870684,False,0.01736111111111105,False,False,0.5332288612822574,0.01736111111111105,True,True,0.03937922641664661,0.9685880419789793,True,False,0.10063292764138046,0.2426383712734826,True,False,9.086841687934422,False,False,opposite_direction
728,assignment_isolation,plus_one_randomisation,True,ok,56.908490337224855,3.4725424083619876,62.783802720084076,51.031936905911266,31.26080161169668,1.0,0.001,1.0,0.001,,,,,0,0,[],[],False,True,False,True,False,0.007071067811865475,0.007074285049927111,24,24,24,0,0.0,{},0.7978065459347293,0.691998106060606,0.0,False,True,False,True,False,False,0.0,62.783802720084076,51.031936905911266,62.783802720084076,96.16666666666667,1.0843386831403978,0.010457571633942274,False,0.5150155851773126,False,0.0215277777777777,False,False,0.516391975422563,0.0215277777777777,True,True,-1.1563823145810412,0.2475248122476622,True,False,0.23533290090277653,0.023604984019480905,True,False,7.149012081245716,False,False,opposite_direction
729,assignment_isolation,plus_one_randomisation,True,ok,61.908170481368415,3.018059121068475,66.84091979048023,55.8935016806169,31.342262725249054,1.0,0.001,1.0,0.001,,,,,0,0,[],[],False,True,False,True,False,0.007071067811865475,0.0070336313612499955,24,24,24,0,0.0,{},0.7848945567810457,0.7166666666666668,0.0,False,True,False,True,False,False,0.0,66.84091979048023,55.8935016806169,66.84091979048023,96.25,1.0813849548302121,0.0017189348639320503,False,0.5102621624268192,False,0.03298611111111105,False,False,0.5546692629185754,0.03298611111111105,True,True,-0.7087622991698945,0.47847199706402566,True,False,0.22909771534030013,0.04481149447329244,True,False,8.396633831788172,False,False,opposite_direction
730,assignment_isolation,plus_one_randomisation,True,ok,57.87709651841583,3.17513421772455,63.12100758343476,51.846459743259466,31.41717905609322,1.0,0.001,1.0,0.001,,,,,0,0,[],[],False,True,False,True,False,0.007071067811865475,0.00706016154120977,24,24,24,0,0.0,{},0.78509152638142,0.6374503968253968,0.0,False,True,False,True,False,False,0.0,63.12100758343476,51.846459743259466,63.12100758343476,94.75,1.0795467119534456,0.028596331817228173,False,0.5197206199661428,False,0.022916666666666696,False,False,0.5257745211105046,0.022916666666666696,True,True,0.4713306678015751,0.6374046185965854,True,False,0.1907735878793556,0.020448977499157084,True,False,8.67891230019975,False,False,opposite_direction
731,assignment_isolation,plus_one_randomisation,True,ok,65.72423407486912,3.1766003400479557,72.04632387681647,60.768135488930014,32.316847091665586,1.0,0.001,1.0,0.001,,,,,0,0,[],[],False,True,False,True,False,0.007071067811865475,0.007063791390106208,24,24,24,0,0.0,{},0.7963490164106879,0.7386704119850187,0.0,False,True,False,True,False,False,0.0,72.04632387681647,60.76813548893002,72.04632387681647,96.33333333333333,1.1202762959223822,0.001231758177218786,False,0.5045424532740973,False,0.011458333333333348,False,False,0.565399931212898,0.011458333333333348,True,True,-1.6252863928148644,0.10410154943990198,True,False,0.20099204118760478,0.12714503207073471,True,False,8.798174700391572,False,False,opposite_direction
732,assignment_isolation,plus_one_randomisation,True,ok,59.28382008302916,3.081014772970991,64.96600639309163,54.39224876911081,30.567027701635414,1.0,0.001,1.0,0.001,,,,,0,0,[],[],False,True,False,True,False,0.007071067811865475,0.007071409935774656,24,24,24,0,0.0,{},0.8155335503707722,0.6909176029962546,0.0,False,True,False,True,False,False,0.0,64.96600639309163,54.39224876911081,64.96600639309163,97.70833333333333,1.0683044364931833,0.0007365779985621822,False,0.5067116990299056,False,0.02604166666666663,False,False,0.540968647906634,0.02604166666666663,True,True,0.6321421003235068,0.5272940272456551,True,False,0.2849642900149593,0.013322545888389494,True,False,8.894758584061954,False,False,opposite_direction
733,assignment_isolation,plus_one_randomisation,True,ok,56.254664905556865,3.1334022854081858,62.05272100923663,51.49299707445619,31.120833719719215,1.0,0.001,1.0,0.001,,,,,0,0,[],[],False,True,False,True,False,0.007071067811865475,0.007045405941467763,24,24,24,0,0.0,{},0.7909964976089445,0.7235018726591761,0.0,False,True,False,True,False,False,0.0,62.05272100923663,51.49299707445619,62.05272100923663,95.875,1.0734453455369943,0.00472474317838985,False,0.5331687133955924,False,0.038541666666666696,False,False,0.5157500966637935,0.038541666666666696,True,True,-1.8097976275845233,0.0703271759772658,True,False,0.16164667013207865,0.047377142866140906,True,False,8.417225743071244,False,False,opposite_direction
734,assignment_isolation,plus_one_randomisation,True,ok,62.532351943416266,4.7509384640222905,71.24086505271016,55.07425316281397,31.73183411293421,1.0,0.001,1.0,0.001,,,,,0,0,[],[],False,True,False,True,False,0.007071067811865475,0.007036316765976919,24,24,24,0,0.0,{},0.7816710992907798,0.6787254901960784,0.0,False,True,False,True,False,False,0.0,71.24086505271016,55.07425316281397,71.24086505271016,94.33333333333333,1.0842842579556191,0.025318489891742946,False,0.5050724229014644,False,0.031597222222222276,False,False,0.5578972057190905,0.031597222222222276,True,True,1.1135386299434187,0.26547716705578106,True,False,0.15091190945418567,0.23121256806001,True,False,8.747258787589557,False,False,opposite_direction
735,assignment_isolation,plus_one_randomisation,True,ok,64.10200762030266,4.723053821852344,71.35261851203225,55.877053543350584,31.333175823691846,1.0,0.001,1.0,0.001,,,,,0,0,[],[],False,True,False,True,False,0.007071067811865475,0.0070500631482663,24,24,24,0,0.0,{},0.7899231678486999,0.6803030303030303,0.0,False,True,False,True,False,False,0.0,71.35261851203225,55.87705354335058,71.35261851203225,96.91666666666667,1.0873432465566175,0.003392685023869062,False,0.5160854496871135,False,0.024652777777777746,False,False,0.5675181176292877,0.024652777777777746,True,True,0.31981099272719515,0.7491116139376353,True,False,0.17195756243463353,0.15166436102133454,True,False,9.735880127802046,False,False,opposite_direction
736,assignment_isolation,plus_one_randomisation,True,ok,62.65318505294521,4.061884306793524,69.78431888029723,56.00633862742818,31.240063825511616,1.0,0.001,1.0,0.001,,,,,0,0,[],[],False,True,False,True,False,0.007071067811865475,0.007084960220442324,24,24,24,0,0.0,{},0.7954405662791548,0.7298460144927537,0.0,False,True,False,True,False,False,0.0,69.78431888029723,56.00633862742817,69.78431888029723,96.0,1.084313711326715,0.01144158848193871,False,0.4937349904371906,False,0.022222222222222254,False,False,0.5587320085102176,0.022222222222222254,True,True,0.6315955426221739,0.5276511999468141,True,False,0.17325137742726046,0.07659996983682507,True,False,7.943282082980199,False,False,opposite_direction
737,assignment_isolation,plus_one_randomisation,True,ok,59.68392538043014,3.608128889887724,65.56033215822488,53.561596368819295,31.908650167824202,1.0,0.001,1.0,0.001,,,,,0,0,[],[],False,True,False,True,False,0.007071067811865475,0.007023330950219296,24,24,24,0,0.0,{},0.8030503955968352,0.7166666666666666,0.0,False,True,False,True,False,False,0.0,65.56033215822488,53.561596368819295,65.56033215822488,96.875,1.1028778848340428,0.005601743319148221,False,0.5218746347273718,False,0.02083333333333337,False,False,0.5298986120478751,0.02083333333333337,True,True,-0.5950648069319198,0.5518001520669285,True,False,0.2407526575247812,0.022481451442669505,True,False,8.65445418954983,False,False,opposite_direction
738,assignment_isolation,plus_one_randomisation,True,ok,62.9218112957548,3.602987132469984,68.9409197151687,56.59883486667245,31.17626068757429,1.0,0.001,1.0,0.001,,,,,0,0,[],[],False,True,False,True,False,0.007071067811865475,0.0070215424389390435,24,24,24,0,0.0,{},0.7992522863008584,0.6934782608695653,0.0,False,True,False,True,False,False,0.0,68.9409197151687,56.59883486667244,68.9409197151687,96.04166666666667,1.072645950939223,0.005994957414272867,False,0.5176184431329388,False,0.02430555555555558,False,False,0.565343974281069,0.02430555555555558,True,True,0.8414805351208764,0.4000787850819699,True,False,0.10824598863020815,0.39845248102239506,True,False,8.34016439268362,False,False,opposite_direction
739,assignment_isolation,plus_one_randomisation,True,ok,57.431172019603956,5.016922269588475,66.56893740594855,49.07541667290508,31.67668752643865,1.0,0.001,1.0,0.001,,,,,0,0,[],[],False,True,False,True,False,0.007071067811865475,0.0070153946682388795,24,24,24,0,0.0,{},0.7702388258904216,0.6851648351648351,0.0,False,True,False,True,False,False,0.0,66.56893740594855,49.07541667290508,66.56893740594855,95.625,1.0865446989686696,0.053601876686014856,False,0.5230686178377789,False,0.02604166666666663,False,False,0.5195217828138378,0.02604166666666663,True,True,0.08836329422578622,0.9295879341060843,True,False,0.17118127207450967,0.14840773688042677,True,False,7.565819919932619,False,False,opposite_direction
740,assignment_isolation,plus_one_randomisation,True,ok,55.519470931878516,3.9619974931821282,62.593235641294505,49.35180987901004,31.49494351871196,1.0,0.001,1.0,0.001,,,,,0,0,[],[],False,True,False,True,False,0.007071067811865475,0.007067696447909296,24,24,24,0,0.0,{},0.7975157267207957,0.6362599206349207,0.0,False,True,False,True,False,False,0.0,62.593235641294505,49.35180987901004,62.593235641294505,94.25,1.0805115317431333,0.041154263004827225,False,0.4844600632194296,False,0.028472222222222232,False,False,0.5070833729875995,0.028472222222222232,True,True,-0.02873587450706777,0.9770752444543837,True,False,0.11830627581081413,0.19184252714419903,True,False,9.38274087342894,False,False,opposite_direction
741,assignment_isolation,plus_one_randomisation,True,ok,56.97352878695492,3.7488272093091104,63.68573026738013,50.49144129247527,30.807655964070218,1.0,0.001,1.0,0.001,,,,,0,0,[],[],False,True,False,True,False,0.007071067811865475,0.007054693077800844,24,24,24,0,0.0,{},0.7999183006535948,0.7,0.0,False,True,False,True,False,False,0.0,63.68573026738013,50.49144129247528,63.68573026738013,96.54166666666667,1.0677367239593787,0.011602887539344471,False,0.5347408494784459,False,0.0215277777777777,False,False,0.5236885075203973,0.0215277777777777,True,True,0.10139319574752408,0.9192383376461768,True,False,0.26135435805265955,0.007500976741832578,True,False,8.65248253793925,False,False,opposite_direction
742,assignment_isolation,plus_one_randomisation,True,ok,64.82124231710522,3.3552793415548705,70.53894253264237,59.31994732821582,32.38862382600386,1.0,0.001,1.0,0.001,,,,,0,0,[],[],False,True,False,True,False,0.007071067811865475,0.007079042706676215,24,24,24,0,0.0,{},0.8101354435137458,0.6684027777777779,0.0,False,True,False,True,False,False,0.0,70.53894253264237,59.31994732821582,70.53894253264237,95.45833333333333,1.1200668811248475,0.005558426937792165,False,0.5093326980182284,False,0.037847222222222254,False,False,0.5594238095887349,0.037847222222222254,True,True,-0.38722613411612505,0.6985888041892175,True,False,0.2062145623449935,0.2542163375072899,True,False,9.180793412712552,False,False,opposite_direction
743,assignment_isolation,plus_one_randomisation,True,ok,55.7951844700699,3.7192662218751886,61.76749983855992,49.441731876136174,30.83360437391783,1.0,0.001,1.0,0.001,,,,,0,0,[],[],False,True,False,True,False,0.007071067811865475,0.007051928886648578,24,24,24,0,0.0,{},0.8051760026927438,0.7498188405797103,0.0,False,True,False,True,False,False,0.0,61.76749983855992,49.441731876136174,61.76749983855992,96.70833333333333,1.0691390036671067,0.02536347750954928,False,0.5160235735815353,False,0.018750000000000044,False,False,0.5139104955580319,0.018750000000000044,True,True,-1.6598238076766918,0.09694990280913751,True,False,0.263158969859506,0.0414451121557239,True,False,6.721438138596536,False,False,opposite_direction
744,assignment_isolation,plus_one_randomisation,True,ok,55.18050689254148,4.376256608167831,63.141509747354334,47.77045379435922,31.41394913290687,1.0,0.001,1.0,0.001,,,,,0,0,[],[],False,True,False,True,False,0.007071067811865475,0.007082077767100385,24,24,24,0,0.0,{},0.817717996289425,0.7437285223367697,0.0,False,True,False,True,False,False,0.0,63.14150974735433,47.77045379435922,63.14150974735433,97.25,1.096978300639341,0.03640666407028814,False,0.5211817058582294,False,0.023958333333333304,False,False,0.49776795189782597,0.023958333333333304,True,True,-0.3112522854930915,0.7556088375308178,True,False,0.1545345183789731,0.11965912287455685,True,False,8.349524052740415,False,False,opposite_direction
745,assignment_isolation,plus_one_randomisation,True,ok,49.922736266871276,3.5778940796939875,55.25519297909406,42.80253992239653,30.429969668843707,1.0,0.001,1.0,0.001,,,,,0,0,[],[],False,True,False,True,False,0.007071067811865475,0.007074111431140802,24,24,24,0,0.0,{},0.8049428104575165,0.6899621212121213,0.0,False,True,False,True,False,False,0.0,55.25519297909406,42.80253992239653,55.25519297909406,96.20833333333333,1.0557224718424951,0.023448631638193464,False,0.5179690481144461,False,0.028125000000000067,False,False,0.470902912682452,0.028125000000000067,True,True,-2.2538069884218044,0.02420831298481841,True,False,0.2194896533111195,0.035785954347967615,True,False,8.008147512200503,False,False,opposite_direction
746,assignment_isolation,plus_one_randomisation,True,ok,66.26504029789756,3.1794022622854565,71.57076654728735,60.5754316857487,32.361124984651134,1.0,0.001,1.0,0.001,,,,,0,0,[],[],False,True,False,True,False,0.007071067811865475,0.007032556941800819,24,24,24,0,0.0,{},0.7994358496086607,0.6742753623188406,0.0,False,True,False,True,False,False,0.0,71.57076654728735,60.5754316857487,71.57076654728735,96.20833333333333,1.1161259818097042,0.0027658138958174885,False,0.5108579773455167,False,0.013541666666666674,False,False,0.5706001706360962,0.013541666666666674,True,True,1.787370274268511,0.07387766275245006,True,False,0.15861574601319597,0.19474960533924823,True,False,10.693498494963528,False,False,opposite_direction
747,assignment_isolation,plus_one_randomisation,True,ok,60.657442062821225,3.5629266298593456,66.39641738894728,54.01039079824794,31.413509060349508,1.0,0.001,1.0,0.001,,,,,0,0,[],[],False,True,False,True,False,0.007071067811865475,0.007037897639192112,24,24,24,0,0.0,{},0.7932017543859647,0.7171648550724635,0.0,False,True,False,True,False,False,0.0,66.39641738894728,54.01039079824793,66.39641738894728,95.66666666666667,1.0812091779173445,0.008824704894731987,False,0.5171769224012912,False,0.018749999999999933,False,False,0.5457671703856983,0.018749999999999933,True,True,0.07881223275079159,0.9371819739867402,True,False,0.1582328522395743,0.19195894619993564,True,False,8.71121882272076,False,False,opposite_direction
748,assignment_isolation,plus_one_randomisation,True,ok,58.477170300653604,3.0454430933599808,63.80829112240498,53.13833905058445,31.314262911330562,1.0,0.001,1.0,0.001,,,,,0,0,[],[],False,True,False,True,False,0.007071067811865475,0.0070246525024525875,24,24,24,0,0.0,{},0.7888514046717172,0.6752873563218392,0.0,False,True,False,True,False,False,0.0,63.80829112240499,53.13833905058445,63.80829112240499,96.33333333333333,1.0795066877200752,0.010859395106370035,False,0.49372326472245,False,0.04062500000000002,False,False,0.5303360131277141,0.04062500000000002,True,True,-1.7787706740865774,0.07527736693547556,True,False,0.22491895969452508,0.2753848515645081,True,False,9.913277153628739,False,False,opposite_direction
749,assignment_isolation,plus_one_randomisation,True,ok,61.214683238852444,3.562667684119635,67.15381783944648,54.81008617734896,31.22283968848367,1.0,0.001,1.0,0.001,,,,,0,0,[],[],False,True,False,True,False,0.007071067811865475,0.007098543495769745,24,24,24,0,0.0,{},0.7999122807017545,0.7169540229885059,0.0,False,True,False,True,False,False,0.0,67.15381783944648,54.81008617734896,67.15381783944648,95.20833333333333,1.0813072943037731,0.013134743226164893,False,0.5054342864700282,False,0.02604166666666663,False,False,0.5497503342644076,0.02604166666666663,True,True,-1.374446417160876,0.16930313428866806,True,False,0.2384221290042494,0.02913303011194093,True,False,9.409723223209406,False,False,opposite_direction
750,assignment_isolation,plus_one_randomisation,True,ok,63.4742795197487,4.019158776890836,69.88803287509744,55.971599974727724,32.02673476647544,1.0,0.001,1.0,0.001,,,,,0,0,[],[],False,True,False,True,False,0.007071067811865475,0.007044170221721252,24,24,24,0,0.0,{},0.805380263112222,0.7304029304029304,0.0,False,True,False,True,False,False,0.0,69.88803287509744,55.971599974727724,69.88803287509744,97.41666666666667,1.1133434082230915,0.035148674222117995,False,0.5301648221820825,False,0.019791666666666652,False,False,0.5528496633767744,0.019791666666666652,True,True,0.6473126220088059,0.5174296341542425,True,False,0.20984323942490535,0.2771384176850452,True,False,8.4390365845524,False,False,opposite_direction
751,assignment_isolation,plus_one_randomisation,True,ok,55.958840325448456,5.300606562329623,64.72691467553297,46.430812908987676,31.579494365018952,1.0,0.001,1.0,0.001,,,,,0,0,[],[],False,True,False,True,False,0.007071067811865475,0.007076111009268043,24,24,24,0,0.0,{},0.789030843237125,0.6664682539682539,0.0,False,True,False,True,False,False,0.0,64.72691467553297,46.43081290898768,64.72691467553297,94.91666666666667,1.08853162940313,0.008295418688047496,False,0.48680822823688813,False,0.006249999999999978,False,False,0.5072974495643102,0.006249999999999978,True,True,-0.1447930156619582,0.8848742968074575,True,False,0.14762442869852485,0.09037803355121231,True,False,10.131601489075404,False,False,opposite_direction
752,assignment_isolation,plus_one_randomisation,True,ok,61.371852930225494,3.7585489688860605,67.6889279771107,53.77428345036742,31.428713976884836,1.0,0.001,1.0,0.001,,,,,0,0,[],[],False,True,False,True,False,0.007071067811865475,0.007053302114808576,24,24,24,0,0.0,{},0.807923798084943,0.7326007326007326,0.0,False,True,False,True,False,False,0.0,67.6889279771107,53.77428345036742,67.6889279771107,97.5,1.0944386184829824,0.03370992394707674,False,0.49435463711220995,False,0.02604166666666663,False,False,0.5455679916127226,0.02604166666666663,True,True,0.22654180393292658,0.8207800493772411,True,False,0.06744829675187704,0.22312256603532798,True,False,9.07185747749856,False,False,opposite_direction
753,assignment_isolation,plus_one_randomisation,True,ok,58.645546028615534,4.3444607569553755,65.54574688612644,50.666600698089866,31.465025341131845,1.0,0.001,1.0,0.001,,,,,0,0,[],[],False,True,False,True,False,0.007071067811865475,0.007047805435230843,24,24,24,0,0.0,{},0.7988987816307405,0.691998106060606,0.0,False,True,False,True,False,False,0.0,65.54574688612644,50.666600698089866,65.54574688612644,95.58333333333333,1.0840344457820041,0.0014935969256968885,False,0.5138597757199812,False,0.010069444444444353,False,False,0.5297585846152669,0.010069444444444353,True,True,-2.3247409439961295,0.0200858165223097,True,False,0.18725435469061383,0.1745259405496424,True,False,6.614666431785784,False,False,opposite_direction
754,assignment_isolation,plus_one_randomisation,True,ok,56.526039817133324,4.0119368649309175,63.568758447220446,50.22084283384363,31.72596404193067,1.0,0.001,1.0,0.001,,,,,0,0,[],[],False,True,False,True,False,0.007071067811865475,0.007066935581944645,24,24,24,0,0.0,{},0.7878395731597034,0.6952651515151516,0.0,False,True,False,True,False,False,0.0,63.56875844722045,50.22084283384364,63.56875844722045,95.25,1.0940784320951842,0.05248276177427503,False,0.502590064016374,False,0.010763888888888795,False,False,0.5094946261747373,0.010763888888888795,True,True,-0.4478772402106702,0.6542417949943162,True,False,0.10702671442126253,0.23237797170769942,True,False,7.665587084575826,False,False,opposite_direction
755,assignment_isolation,plus_one_randomisation,True,ok,57.2338272947469,4.394667332214604,63.73140246194912,49.3810487566632,31.073091989907393,1.0,0.001,1.0,0.001,,,,,0,0,[],[],False,True,False,True,False,0.007071067811865475,0.0070683141937075665,24,24,24,0,0.0,{},0.7887751629772904,0.6870639534883719,0.0,False,True,False,True,False,False,0.0,63.73140246194912,49.3810487566632,63.73140246194912,95.5,1.0731786075118537,0.016417908950736276,False,0.5309611202365716,False,0.03020833333333328,False,False,0.5234570840159841,0.03020833333333328,True,True,-1.8819933542252294,0.059836917975421636,True,False,0.18132462167215513,0.022230043595207548,True,False,7.619626317616418,False,False,opposite_direction
756,assignment_isolation,plus_one_randomisation,True,ok,68.12799907839296,3.8310777488611145,75.30807970569424,62.206856753355694,32.47602178106507,1.0,0.001,1.0,0.001,,,,,0,0,[],[],False,True,False,True,False,0.007071067811865475,0.007076752300701648,24,24,24,0,0.0,{},0.8075680272108844,0.7075842696629213,0.0,False,True,False,True,False,False,0.0,75.30807970569424,62.2068567533557,75.30807970569424,95.70833333333333,1.1241951306487148,0.0035024425715528985,False,0.5144168041679787,False,0.019791666666666652,False,False,0.5795276440191425,0.019791666666666652,True,True,2.1161445146692652,0.03433251851968816,True,False,0.303926765836129,0.04678768244209652,True,False,11.077121710277574,False,False,opposite_direction
757,assignment_isolation,plus_one_randomisation,True,ok,65.22267728142965,4.021465268885644,73.09525215865456,58.8940108569386,31.615316976130444,1.0,0.001,1.0,0.001,,,,,0,0,[],[],False,True,False,True,False,0.007071067811865475,0.007071248650594376,24,24,24,0,0.0,{},0.8041022198353023,0.7287500000000001,0.0,False,True,False,True,False,False,0.0,73.09525215865456,58.8940108569386,73.09525215865456,96.5,1.0980631324006032,0.016077944818048615,False,0.5038242646134513,False,0.027430555555555514,False,False,0.5708010874737577,0.027430555555555514,True,True,-0.5630288649885934,0.5734152286720118,True,False,0.11318199285212259,0.18143011771532114,True,False,10.005904897255654,False,False,opposite_direction
758,assignment_isolation,plus_one_randomisation,True,ok,62.43417636861611,3.7346286252078746,67.9687790772518,55.55254676588058,31.66938040542747,1.0,0.001,1.0,0.001,,,,,0,0,[],[],False,True,False,True,False,0.007071067811865475,0.00703596988190057,24,24,24,0,0.0,{},0.7937130058114508,0.6787306201550386,0.0,False,True,False,True,False,False,0.0,67.9687790772518,55.55254676588058,67.9687790772518,95.91666666666667,1.0911402632220903,0.03286683617587428,False,0.5135222052748305,False,0.016319444444444442,False,False,0.5544408909498846,0.016319444444444442,True,True,-0.20751256960660025,0.8356095771896828,True,False,0.1646685743536279,0.1276286394341429,True,False,11.058343673859563,False,False,opposite_direction
759,assignment_isolation,plus_one_randomisation,True,ok,65.16983670806336,4.744562909830698,73.88387024250805,56.981353699238355,32.19533832285052,1.0,0.001,1.0,0.001,,,,,0,0,[],[],False,True,False,True,False,0.007071067811865475,0.007008631467754946,24,24,24,0,0.0,{},0.7921061492114125,0.7019713261648745,0.0,False,True,False,True,False,False,0.0,73.88387024250805,56.981353699238355,73.88387024250805,97.29166666666667,1.112843371636276,0.006194593388288374,False,0.5179766854931538,False,0.02430555555555558,False,False,0.5646064945590485,0.02430555555555558,True,True,-0.44657046092707026,0.6551852275045872,True,False,0.21132351030411997,0.01126946573018405,True,False,9.365117001401908,False,False,opposite_direction
760,assignment_isolation,plus_one_randomisation,True,ok,59.0599898291948,3.9279201091992415,66.28203556884016,53.05798273418645,31.55724101560757,1.0,0.001,1.0,0.001,,,,,0,0,[],[],False,True,False,True,False,0.007071067811865475,0.007018029827322382,24,24,24,0,0.0,{},0.7731961996336996,0.6863553113553112,0.0,False,True,False,True,False,False,0.0,66.28203556884016,53.05798273418645,66.28203556884016,95.625,1.082854148833295,0.00026623017999001655,False,0.51047753599031,False,0.02256944444444442,False,False,0.5333419973999882,0.02256944444444442,True,True,-0.17741460259188377,0.8591827380498737,True,False,0.05696130238017086,0.33288139220941604,True,False,8.331560048821878,False,False,opposite_direction
761,assignment_isolation,plus_one_randomisation,True,ok,55.93140979386453,3.3575661717721834,61.45872350936479,49.91298271050033,30.904948619391043,1.0,0.001,1.0,0.001,,,,,0,0,[],[],False,True,False,True,False,0.007071067811865475,0.0070885969860804785,24,24,24,0,0.0,{},0.8048817209899686,0.7253745318352062,0.0,False,True,False,True,False,False,0.0,61.45872350936478,49.91298271050033,61.45872350936478,96.04166666666667,1.073465669904255,0.009191161866208442,False,0.5044048598483512,False,0.01388888888888895,False,False,0.5132067384085105,0.01388888888888895,True,True,-0.9903579986116703,0.32199916721765875,True,False,0.18222292678948906,0.041872289318743955,True,False,8.998123620106933,False,False,opposite_direction
762,assignment_isolation,plus_one_randomisation,True,ok,55.77154396085417,3.6218522131303708,61.57824228142871,49.69053428266589,31.425588128501055,1.0,0.001,1.0,0.001,,,,,0,0,[],[],False,True,False,True,False,0.007071067811865475,0.007087039147392147,24,24,24,0,0.0,{},0.774459620518688,0.7041187739463604,0.0,False,True,False,True,False,False,0.0,61.57824228142871,49.69053428266589,61.57824228142871,93.33333333333333,1.075812630077061,0.004644886092369721,False,0.5558140777180236,False,0.02256944444444442,False,False,0.5109880945365588,0.02256944444444442,True,True,-0.576254977283709,0.564442849797685,True,False,0.07492695764659099,0.5622346178197792,True,False,9.12283785663446,False,False,opposite_direction
763,assignment_isolation,plus_one_randomisation,True,ok,59.48452708523788,4.070446797427838,66.14176608972369,52.34218125033021,31.107288958578316,1.0,0.001,1.0,0.001,,,,,0,0,[],[],False,True,False,True,False,0.007071067811865475,0.007024168252066023,24,24,24,0,0.0,{},0.7882513249269005,0.7083333333333334,0.0,False,True,False,True,False,False,0.0,66.14176608972369,52.34218125033021,66.14176608972369,95.45833333333333,1.067416710174961,0.0402282235029132,False,0.5285593947082198,False,0.018750000000000044,False,False,0.5428231602992079,0.018750000000000044,True,True,0.3818246655263619,0.7025914219911794,True,False,0.13947195338465487,0.13674874670081674,True,False,8.82887721982473,False,False,opposite_direction
764,assignment_isolation,plus_one_randomisation,True,ok,55.49538129197833,3.7758147481619835,61.7969109989629,48.006768863570564,32.27596056332287,1.0,0.001,1.0,0.001,,,,,0,0,[],[],False,True,False,True,False,0.007071067811865475,0.007030441852878286,24,24,24,0,0.0,{},0.782453279938978,0.7113918439716315,0.0,False,True,False,True,False,False,0.0,61.79691099896289,48.006768863570564,61.79691099896289,96.16666666666667,1.1126128782929376,0.015632828340263152,False,0.51723207481117,False,0.019791666666666652,False,False,0.4940675167296604,0.019791666666666652,True,True,1.0185573654509512,0.3084131536362741,True,False,0.14251541405597568,0.08131532615917063,True,False,6.635720123057864,False,False,opposite_direction
765,assignment_isolation,plus_one_randomisation,True,ok,57.818151244192286,3.962748123714964,64.90975936490908,50.569448185342424,31.7063473968798,1.0,0.001,1.0,0.001,,,,,0,0,[],[],False,True,False,True,False,0.007071067811865475,0.007063600842795243,24,24,24,0,0.0,{},0.8081631944444443,0.7207890070921986,0.0,False,True,False,True,False,False,0.0,64.90975936490908,50.569448185342424,64.90975936490908,97.33333333333333,1.1047732908950538,0.009151219386323637,False,0.5072939281529444,False,0.009027777777777746,False,False,0.5151548348211437,0.009027777777777746,True,True,0.1764543560404635,0.8599370045703908,True,False,0.19318751501351308,0.11966105895343357,True,False,9.382691374270465,False,False,opposite_direction
766,assignment_isolation,plus_one_randomisation,True,ok,56.367907685973314,3.5356977616018184,62.676712551101865,50.90375662092903,31.254559657627432,1.0,0.001,1.0,0.001,,,,,0,0,[],[],False,True,False,True,False,0.007071067811865475,0.007086735435548966,24,24,24,0,0.0,{},0.809123649459784,0.7289930555555555,0.0,False,True,False,True,False,False,0.0,62.676712551101865,50.90375662092904,62.676712551101865,96.0,1.0850886611014157,0.010391280253669982,False,0.5026570231238734,False,0.012499999999999956,False,False,0.5118896136789476,0.012499999999999956,True,True,-0.9531972884201052,0.3404901200236443,True,False,0.1876923439764546,0.21263709546938925,True,False,7.042398756312854,False,False,opposite_direction
767,assignment_isolation,plus_one_randomisation,True,ok,66.57017190418149,3.1818037767866416,72.21746364983774,61.21084983522438,32.30558879610148,1.0,0.001,1.0,0.001,,,,,0,0,[],[],False,True,False,True,False,0.007071067811865475,0.007029897317856745,24,24,24,0,0.0,{},0.788587815693079,0.6957859848484849,0.0,False,True,False,True,False,False,0.0,72.21746364983774,61.21084983522437,72.21746364983774,95.29166666666667,1.1084704196973498,0.07282873615803434,True,0.5282192908742115,False,0.018402777777777768,False,False,0.5755988636227845,0.018402777777777768,True,True,-0.9302620210973779,0.3522354366901529,True,False,0.1999823266994896,0.13742932934516908,True,False,9.571505566876798,False,False,diagnostic_failure
768,assignment_isolation,plus_one_randomisation,True,ok,62.79366932810118,4.213686570406248,69.5459844467958,55.15118645013686,32.202824974985575,1.0,0.001,1.0,0.001,,,,,0,0,[],[],False,True,False,True,False,0.007071067811865475,0.00701800931972852,24,24,24,0,0.0,{},0.7858714723699763,0.6287306201550388,0.0,False,True,False,True,False,False,0.0,69.5459844467958,55.15118645013686,69.5459844467958,94.83333333333333,1.1004198721032474,0.007300332486862751,False,0.5086264419195521,False,0.024652777777777746,False,False,0.5532429951213693,0.024652777777777746,True,True,0.1350411063441415,0.8925793738193145,True,False,0.13871433654949902,0.09558024984493903,True,False,8.893188892645318,False,False,opposite_direction
769,assignment_isolation,plus_one_randomisation,True,ok,53.1886420817934,3.4230314912202093,58.711317836757416,47.5939984060327,30.831347199979543,1.0,0.001,1.0,0.001,,,,,0,0,[],[],False,True,False,True,False,0.007071067811865475,0.007068393631295886,24,24,24,0,0.0,{},0.8117365056818182,0.6634146341463416,0.0,False,True,False,True,False,False,0.0,58.711317836757416,47.5939984060327,58.711317836757416,96.33333333333333,1.0694771923216244,0.004412768712793862,False,0.5121321065170992,False,0.012847222222222232,False,False,0.4927947126823668,0.012847222222222232,True,True,1.340667604350409,0.18002839707506513,True,False,0.10059005963459113,0.31888370599755167,True,False,8.845423422061925,False,False,opposite_direction
770,assignment_isolation,plus_one_randomisation,True,ok,52.63106029160591,3.2862466078131485,57.988401577745435,46.765991334989515,31.194476661136484,1.0,0.001,1.0,0.001,,,,,0,0,[],[],False,True,False,True,False,0.007071067811865475,0.007034055701588878,24,24,24,0,0.0,{},0.7856165964834515,0.7319597069597068,0.0,False,True,False,True,False,False,0.0,57.988401577745435,46.765991334989515,57.988401577745435,95.95833333333333,1.0747188335391664,0.0010663892857151647,False,0.49290416920100466,False,0.021874999999999978,False,False,0.48606813736474347,0.021874999999999978,True,True,-0.4688245164361058,0.6391950744032868,True,False,0.28196864941561556,0.011131568714223576,True,False,8.748585761403818,False,False,opposite_direction
771,assignment_isolation,plus_one_randomisation,True,ok,67.26046713053408,3.2749450190109957,72.39209829252013,61.677901390410135,32.08262244817611,1.0,0.001,1.0,0.001,,,,,0,0,[],[],False,True,False,True,False,0.007071067811865475,0.007055245629548,24,24,24,0,0.0,{},0.7881359835600907,0.6817028985507246,0.0,False,True,False,True,False,False,0.0,72.39209829252013,61.677901390410135,72.39209829252013,95.54166666666667,1.1062375848965327,0.0096295332156052,False,0.506618759050951,False,0.02013888888888893,False,False,0.5809527438754106,0.02013888888888893,True,True,-1.7558754940735213,0.07910967017555179,True,False,0.12450424052415533,0.12952339857758055,True,False,8.855899598667516,False,False,opposite_direction
772,assignment_isolation,plus_one_randomisation,True,ok,55.08750368877143,2.958772440470247,59.95609602741199,49.29306327500299,31.348127902948786,1.0,0.001,1.0,0.001,,,,,0,0,[],[],False,True,False,True,False,0.007071067811865475,0.007032296532012542,24,24,24,0,0.0,{},0.8037817982456141,0.6599250936329587,0.0,False,True,False,True,False,False,0.0,59.95609602741198,49.29306327500299,59.95609602741198,96.79166666666667,1.0844206371371092,0.010791988529525374,False,0.5123228895765358,False,0.026736111111111183,False,False,0.5020721537251099,0.026736111111111183,True,True,0.005443384327361989,0.9956568291350311,True,False,0.14523745130480162,0.24878194317413627,True,False,7.294990636011169,False,False,opposite_direction
773,assignment_isolation,plus_one_randomisation,True,ok,53.23725391047134,3.214244588911017,59.0801837694032,47.78112534470755,30.959816581322393,1.0,0.001,1.0,0.001,,,,,0,0,[],[],False,True,False,True,False,0.007071067811865475,0.007036714557854655,24,24,24,0,0.0,{},0.789642650462963,0.6992509363295879,0.0,False,True,False,True,False,False,0.0,59.0801837694032,47.78112534470754,59.0801837694032,96.125,1.0679637070695132,0.01550976703691116,False,0.5103408043339633,False,0.021874999999999978,False,False,0.49381236517059546,0.021874999999999978,True,True,-0.2531496101704649,0.8001526036818337,True,False,0.12817695199545126,0.31845165975578765,True,False,8.251626375919601,False,False,opposite_direction
774,assignment_isolation,plus_one_randomisation,True,ok,64.13089002933106,2.7348098312157854,68.80450998685936,59.56184666225975,31.730787201630555,1.0,0.001,1.0,0.001,,,,,0,0,[],[],False,True,False,True,False,0.007071067811865475,0.007042094758390274,24,24,24,0,0.0,{},0.8017107547514617,0.712087912087912,0.0,False,True,False,True,False,False,0.0,68.80450998685936,59.56184666225975,68.80450998685936,97.04166666666667,1.100605905910527,0.022747709666662824,False,0.5225330420899691,False,0.014236111111111116,False,False,0.5624122810325514,0.014236111111111116,True,True,-0.5671825058796133,0.5705901923751611,True,False,0.12492234014936063,0.14652653029962295,True,False,9.6971839049782,False,False,opposite_direction
775,assignment_isolation,plus_one_randomisation,True,ok,55.888179813469755,4.195283513605028,64.51590493677492,49.09835701305183,30.987822910038826,1.0,0.001,1.0,0.001,,,,,0,0,[],[],False,True,False,True,False,0.007071067811865475,0.007068092993891709,24,24,24,0,0.0,{},0.8048817209899686,0.675,0.0,False,True,False,True,False,False,0.0,64.51590493677492,49.09835701305183,64.51590493677492,96.29166666666667,1.0746268228576685,0.008106489558241264,False,0.5066830774517538,False,0.008333333333333304,False,False,0.5123913405450992,0.008333333333333304,True,True,-2.037824326076541,0.04156750466977655,True,False,0.16548855478485244,0.0775130488980185,True,False,6.3244798670280815,False,False,opposite_direction
776,assignment_isolation,plus_one_randomisation,True,ok,60.196775045445804,3.0235865116726983,64.74858556173523,54.007716030496326,30.435454278906516,1.0,0.001,1.0,0.001,,,,,0,0,[],[],False,True,False,True,False,0.007071067811865475,0.007049591034560854,24,24,24,0,0.0,{},0.7935505319148936,0.6620738636363636,0.0,False,True,False,True,False,False,0.0,64.74858556173523,54.00771603049632,64.74858556173523,95.41666666666667,1.047914467358603,0.016642777007431483,False,0.5408163887215958,False,0.02083333333333337,False,False,0.5561651773226652,0.02083333333333337,True,True,-0.7609287047211304,0.4466996523895015,True,False,0.21424718942596638,0.05261339099059304,True,False,10.523549408938242,False,False,opposite_direction
777,assignment_isolation,plus_one_randomisation,True,ok,55.6781274407511,3.253971699682965,60.92667284089795,50.017958312428576,30.194341779884343,1.0,0.001,1.0,0.001,,,,,0,0,[],[],False,True,False,True,False,0.007071067811865475,0.007096999449598808,24,24,24,0,0.0,{},0.8082894299023955,0.6874526515151516,0.0,False,True,False,True,False,False,0.0,60.92667284089796,50.01795831242858,60.92667284089796,95.83333333333333,1.0488868477061566,0.012386594463091273,False,0.5215199294266231,False,0.015625,False,False,0.5214035523912374,0.015625,True,True,0.6718995861565894,0.5016476238734148,True,False,0.19128102088433396,0.023894734851172043,True,False,8.743408765332438,False,False,opposite_direction
778,assignment_isolation,plus_one_randomisation,True,ok,57.71909738393211,3.3823404151532475,63.2715523961122,52.316683408718035,31.383634368109806,1.0,0.001,1.0,0.001,,,,,0,0,[],[],False,True,False,True,False,0.007071067811865475,0.00707401465390163,24,24,24,0,0.0,{},0.7892141812865496,0.7256872852233677,0.0,False,True,False,True,False,False,0.0,63.27155239611219,52.316683408718035,63.27155239611219,95.33333333333333,1.0838310385862175,0.02950293197445944,False,0.5092012827495987,False,0.016666666666666607,False,False,0.522825361174052,0.016666666666666607,True,True,1.0769348686389444,0.2815093641565436,True,False,0.2706875867479058,0.013263433054600616,True,False,9.712068841915352,False,False,opposite_direction
779,assignment_isolation,plus_one_randomisation,True,ok,60.123242755976484,2.842902794504188,65.2014152442482,55.274383177727366,31.516774096200567,1.0,0.001,1.0,0.001,,,,,0,0,[],[],False,True,False,True,False,0.007071067811865475,0.007050363829876065,24,24,24,0,0.0,{},0.7793941885964912,0.69625468164794,0.0,False,True,False,True,False,False,0.0,65.2014152442482,55.274383177727366,65.2014152442482,94.91666666666667,1.082416817453789,0.0033601433810605806,False,0.5042417065829283,False,0.012847222222222232,False,False,0.5413811066193652,0.012847222222222232,True,True,0.4175609684109838,0.6762681392527314,True,False,0.11012493453519415,0.20881080651604167,True,False,8.729052466815777,False,False,opposite_direction
780,assignment_isolation,plus_one_randomisation,True,ok,58.570322648310785,2.8671431536826,64.09538891770539,53.91988836816168,31.290243820652105,1.0,0.001,1.0,0.001,,,,,0,0,[],[],False,True,False,True,False,0.007071067811865475,0.0070441356411829765,24,24,24,0,0.0,{},0.778023170405983,0.7316849816849815,0.0,False,True,False,True,False,False,0.0,64.09538891770539,53.91988836816168,64.09538891770539,94.75,1.0727444369558923,0.004276081868220167,False,0.507204958274379,False,0.017013888888888884,False,False,0.5338066691110374,0.017013888888888884,True,True,-1.2568613178013501,0.20880385773856303,True,False,0.1376661481707481,0.13694456581947434,True,False,7.943023547109858,False,False,opposite_direction
781,assignment_isolation,plus_one_randomisation,True,ok,58.238211405513745,3.120545934012904,63.63411735722833,52.69268245821806,31.636334151952386,1.0,0.001,1.0,0.001,,,,,0,0,[],[],False,True,False,True,False,0.007071067811865475,0.007011737072474799,24,24,24,0,0.0,{},0.7838237639553429,0.6491967871485944,0.0,False,True,False,True,False,False,0.0,63.63411735722833,52.69268245821806,63.63411735722833,95.16666666666667,1.0819923987667002,0.0030932920616303598,False,0.5088426477052094,False,0.030902777777777724,False,False,0.5275180729314229,0.030902777777777724,True,True,-0.1701139552552053,0.8649205187718487,True,False,0.10519703076478558,0.33190083011228527,True,False,7.5600087914235425,False,False,opposite_direction
782,assignment_isolation,plus_one_randomisation,True,ok,57.007944574801854,2.8534280729866923,61.80081483286296,52.06440839894251,31.04671323500052,1.0,0.001,1.0,0.001,,,,,0,0,[],[],False,True,False,True,False,0.007071067811865475,0.007073678599805658,24,24,24,0,0.0,{},0.8101266339869282,0.6957859848484849,0.0,False,True,False,True,False,False,0.0,61.80081483286296,52.06440839894251,61.80081483286296,95.25,1.071675864833185,0.010594497054807374,False,0.5099360173771442,False,0.015277777777777835,False,False,0.522332441478136,0.015277777777777835,True,True,0.4984423561082946,0.6181722890305733,True,False,0.21253763815324034,0.11120630597121298,True,False,9.858573553679474,False,False,opposite_direction
783,assignment_isolation,plus_one_randomisation,True,ok,59.85566249778079,3.9932008280692983,66.6720610847384,52.514202732908416,31.778391652795182,1.0,0.001,1.0,0.001,,,,,0,0,[],[],False,True,False,True,False,0.007071067811865475,0.007059055918111469,24,24,24,0,0.0,{},0.7951763523391813,0.6668627450980391,0.0,False,True,False,True,False,False,0.0,66.6720610847384,52.514202732908416,66.6720610847384,95.0,1.093226982854066,0.001186399430963771,False,0.4933530759108078,False,0.02430555555555547,False,False,0.5350380230095795,0.02430555555555547,True,True,0.3760987955196644,0.7068434497335412,True,False,0.14555048341058657,0.3223803533944866,True,False,10.083121087084383,False,False,opposite_direction
784,assignment_isolation,plus_one_randomisation,True,ok,53.83353611991305,3.069380036565903,59.05217305227436,48.66373798772569,30.766168205872727,1.0,0.001,1.0,0.001,,,,,0,0,[],[],False,True,False,True,False,0.007071067811865475,0.007055315613668726,24,24,24,0,0.0,{},0.8062040441176472,0.6795880149812735,0.0,False,True,False,True,False,False,0.0,59.05217305227436,48.66373798772569,59.05217305227436,95.75,1.0620115796063896,0.0404344740145575,False,0.5013729425380038,False,0.013194444444444509,False,False,0.501131926621721,0.013194444444444509,True,True,2.2209598222453124,0.026353682791631496,True,False,0.2241064689945034,0.006536682585330328,True,False,7.962833168930569,False,False,opposite_direction
785,assignment_isolation,plus_one_randomisation,True,ok,56.76948935502029,4.600218806262741,64.60788255164348,49.24848452460305,30.96903960288104,1.0,0.001,1.0,0.001,,,,,0,0,[],[],False,True,False,True,False,0.007071067811865475,0.007096942542375241,24,24,24,0,0.0,{},0.8053853735462252,0.7113677536231884,0.0,False,True,False,True,False,False,0.0,64.60788255164348,49.24848452460305,64.60788255164348,96.58333333333333,1.0799909739436535,0.01102978591629548,False,0.5009093922172091,False,0.027083333333333348,False,False,0.5170838300642391,0.027083333333333348,True,True,0.2908523096578479,0.7711642765313604,True,False,0.15218206338600607,0.17461911696581361,True,False,7.600931066916189,False,False,opposite_direction
786,assignment_isolation,plus_one_randomisation,True,ok,63.567689808726094,4.286850680958536,70.79445396570071,55.44757358740765,32.26959509950272,1.0,0.001,1.0,0.001,,,,,0,0,[],[],False,True,False,True,False,0.007071067811865475,0.007087120488257249,24,24,24,0,0.0,{},0.8040824915824915,0.7235648148148149,0.0,False,True,False,True,False,False,0.0,70.79445396570071,55.44757358740765,70.79445396570071,95.625,1.118198900388285,0.043932799828430145,False,0.521667179315033,False,0.02430555555555558,False,False,0.5515835123430515,0.02430555555555558,True,True,-1.0800593018156908,0.2801157735096911,True,False,0.23196107615633266,0.024895325055678246,True,False,9.629461091899342,False,False,opposite_direction
787,assignment_isolation,plus_one_randomisation,True,ok,60.47044719082137,3.8034982008871836,66.49957026646506,54.134238934572615,30.949810876121695,1.0,0.001,1.0,0.001,,,,,0,0,[],[],False,True,False,True,False,0.007071067811865475,0.007104610717020629,24,24,24,0,0.0,{},0.8034210526315788,0.7446759259259259,0.0,False,True,False,True,False,False,0.0,66.49957026646506,54.134238934572615,66.49957026646506,95.70833333333333,1.0755811123562502,0.001085183657142514,False,0.4944935853614672,False,0.025000000000000022,False,False,0.5467051320032313,0.025000000000000022,True,True,1.2139453561682632,0.224768591389219,True,False,0.13543362107162935,0.40034276756129156,True,False,8.988149861398584,False,False,opposite_direction
788,assignment_isolation,plus_one_randomisation,True,ok,58.20815878783447,2.9493448914766573,63.4301839114756,53.438488678726046,31.151126555742444,1.0,0.001,1.0,0.001,,,,,0,0,[],[],False,True,False,True,False,0.007071067811865475,0.00708238906322009,24,24,24,0,0.0,{},0.7973252327246688,0.7247368421052632,0.0,False,True,False,True,False,False,0.0,63.4301839114756,53.43848867872604,63.4301839114756,96.41666666666667,1.0831774211174623,0.021800616904745333,False,0.5290156211310114,False,0.029166666666666674,False,False,0.5268083063740315,0.029166666666666674,True,True,0.17347292036625922,0.862279711586763,True,False,0.05859093894458162,0.5245832309072943,True,False,9.153344537520265,False,False,opposite_direction
789,assignment_isolation,plus_one_randomisation,True,ok,56.79674689310042,4.2035029811393265,64.33606809859455,49.980099158867084,31.211882819996315,1.0,0.001,1.0,0.001,,,,,0,0,[],[],False,True,False,True,False,0.007071067811865475,0.007082550121894105,24,24,24,0,0.0,{},0.7905202288845907,0.7387992831541219,0.0,False,True,False,True,False,False,0.0,64.33606809859455,49.980099158867084,64.33606809859455,95.20833333333333,1.0784924522361443,0.0011958356941920633,False,0.5177831767878699,False,0.015625,False,False,0.5179062537780024,0.015625,True,True,-1.6069344140451167,0.10806875616373099,True,False,0.24385954974495783,0.19644064305376396,True,False,8.500718566948493,False,False,opposite_direction
790,assignment_isolation,plus_one_randomisation,True,ok,64.0179315997749,3.3850071447347445,70.02842645159947,58.53467076047841,32.51025099885272,1.0,0.001,1.0,0.001,,,,,0,0,[],[],False,True,False,True,False,0.007071067811865475,0.007075745784333154,24,24,24,0,0.0,{},0.7765039647852148,0.6917670682730924,0.0,False,True,False,True,False,False,0.0,70.02842645159947,58.53467076047841,70.02842645159947,93.58333333333333,1.1126582777487855,0.0016156903442398924,False,0.5016696365170018,False,0.011805555555555514,False,False,0.5568649396820636,0.011805555555555514,True,True,0.24348417372403403,0.8076303438104476,True,False,0.13207697619553127,0.1753587530277982,True,False,8.596245035802422,False,False,opposite_direction
791,assignment_isolation,plus_one_randomisation,True,ok,62.6971705976936,3.6835064602801406,70.56382595271552,57.021235843755974,31.904548672508714,1.0,0.001,1.0,0.001,,,,,0,0,[],[],False,True,False,True,False,0.007071067811865475,0.007066419107220113,24,24,24,0,0.0,{},0.7825438596491228,0.7068981481481482,0.0,False,True,False,True,False,False,0.0,70.56382595271552,57.02123584375598,70.56382595271552,95.5,1.1015993912651454,0.008074565276653813,False,0.49343175269544637,False,0.01805555555555549,False,False,0.5520964810267767,0.01805555555555549,True,True,-1.8654137235926702,0.06212343520510954,True,False,0.20489396529335582,0.02916625427423996,True,False,10.203694964076533,False,False,opposite_direction
792,assignment_isolation,plus_one_randomisation,True,ok,64.3685774948742,4.084291590058329,71.63967309865593,57.600669780962335,31.992387253745274,1.0,0.001,1.0,0.001,,,,,0,0,[],[],False,True,False,True,False,0.007071067811865475,0.007069280906828774,24,24,24,0,0.0,{},0.8122867436448262,0.7075842696629214,0.0,False,True,False,True,False,False,0.0,71.63967309865593,57.600669780962335,71.63967309865593,95.79166666666667,1.106765865880794,0.018253961991181174,False,0.5218775914963362,False,0.036805555555555536,False,False,0.5615880731519841,0.036805555555555536,True,True,-3.4332673042862156,0.0005963538501773093,True,True,0.21580283459082095,0.01037165633637142,True,False,8.579239629799304,False,True,selection_limited
793,assignment_isolation,plus_one_randomisation,True,ok,66.17427620817044,3.651457834686248,71.60653510305428,58.10235714979944,31.5925717078749,1.0,0.001,1.0,0.001,,,,,0,0,[],[],False,True,False,True,False,0.007071067811865475,0.007066723987859001,24,24,24,0,0.0,{},0.7978067842478538,0.711316287878788,0.0,False,True,False,True,False,False,0.0,71.60653510305428,58.10235714979944,71.60653510305428,96.41666666666667,1.0960974557477319,0.013008285874250677,False,0.5182362684669649,False,0.015972222222222165,False,False,0.5778848064917862,0.015972222222222165,True,True,0.870728414337943,0.38390246002617345,True,False,0.2146960847262588,0.04467456443468396,True,False,12.144959294494132,False,False,opposite_direction
794,assignment_isolation,plus_one_randomisation,True,ok,64.20308503494446,3.252161701829171,70.34624093290894,59.09434033046989,32.27457264354356,1.0,0.001,1.0,0.001,,,,,0,0,[],[],False,True,False,True,False,0.007071067811865475,0.007067006391668264,24,24,24,0,0.0,{},0.7853109318996415,0.690891472868217,0.0,False,True,False,True,False,False,0.0,70.34624093290894,59.09434033046989,70.34624093290894,95.0,1.1115468990975037,0.01475890527630351,False,0.5219696220163083,False,0.01736111111111116,False,False,0.5585703394474052,0.01736111111111116,True,True,-0.04328259248292419,0.9654762674039609,True,False,0.1755585669975043,0.17547293468475875,True,False,9.161994136018455,False,False,opposite_direction
795,assignment_isolation,plus_one_randomisation,True,ok,52.968538985838414,4.067906000487779,60.31626269885852,46.420908400847686,30.41683166150607,1.0,0.001,1.0,0.001,,,,,0,0,[],[],False,True,False,True,False,0.007071067811865475,0.007103001314718213,24,24,24,0,0.0,{},0.8228040478040479,0.6998168498168499,0.0,False,True,False,True,False,False,0.0,60.31626269885853,46.420908400847686,60.31626269885853,95.79166666666667,1.0572793218310577,0.008997379938688346,False,0.5229370308157218,False,0.017013888888888884,False,False,0.49599560905912327,0.017013888888888884,True,True,0.09492420581745407,0.9243750298677226,True,False,0.15484357742329052,0.06871061798694987,True,False,6.980055434899932,False,False,opposite_direction
796,assignment_isolation,plus_one_randomisation,True,ok,60.223489582672975,3.4073637589516337,65.68223865039236,54.70088201454587,31.225704550949587,1.0,0.001,1.0,0.001,,,,,0,0,[],[],False,True,False,True,False,0.007071067811865475,0.007038078030169317,24,24,24,0,0.0,{},0.791957735247209,0.7164835164835166,0.0,False,True,False,True,False,False,0.0,65.68223865039236,54.70088201454587,65.68223865039236,96.45833333333333,1.0792106063106104,0.02371722298697378,False,0.5179975721348884,False,0.03298611111111116,False,False,0.5434210219028132,0.03298611111111116,True,True,0.7793714148036714,0.4357609574345548,True,False,0.12918612307385305,0.2854038904046643,True,False,9.15436121303413,False,False,opposite_direction
797,assignment_isolation,plus_one_randomisation,True,ok,60.894847540949115,3.863002797356224,68.02077627383717,54.27096667856377,31.311804946097034,1.0,0.001,1.0,0.001,,,,,0,0,[],[],False,True,False,True,False,0.007071067811865475,0.0070014869636657985,24,24,24,0,0.0,{},0.7745585845153665,0.641468253968254,0.0,False,True,False,True,False,False,0.0,68.02077627383717,54.270966678563774,68.02077627383717,94.5,1.0655756705515624,0.011038600851968396,False,0.49085125939532054,False,0.028819444444444398,False,False,0.5538891590270997,0.028819444444444398,True,True,-0.9075895179646835,0.364095134394097,True,False,0.13843352536290726,0.1437435024816051,True,False,7.718633009576653,False,False,opposite_direction
798,assignment_isolation,plus_one_randomisation,True,ok,60.53312608320374,5.425261204516829,69.34388958921002,51.65513235473661,31.552443607061473,1.0,0.001,1.0,0.001,,,,,0,0,[],[],False,True,False,True,False,0.007071067811865475,0.007078029342573119,24,24,24,0,0.0,{},0.7889622166684022,0.7157916666666666,0.0,False,True,False,True,False,False,0.0,69.34388958921002,51.6551323547366,69.34388958921002,94.79166666666667,1.0871774653112882,0.019993931095708774,False,0.4983577445092361,False,0.02256944444444442,False,False,0.5424405520494775,0.02256944444444442,True,True,-1.1795165126424043,0.2381925653753435,True,False,0.31995461293586713,0.0037773503096914345,True,False,8.605430787125819,False,False,opposite_direction
799,assignment_isolation,plus_one_randomisation,True,ok,60.16117593336397,2.9595747152507283,65.06435251003313,54.95635758780562,32.161423522926285,1.0,0.001,1.0,0.001,,,,,0,0,[],[],False,True,False,True,False,0.007071067811865475,0.007035805271404272,24,24,24,0,0.0,{},0.7862280701754386,0.7076086956521739,0.0,False,True,False,True,False,False,0.0,65.06435251003313,54.95635758780562,65.06435251003313,95.29166666666667,1.104451221913112,0.039929552822973724,False,0.5127791181798762,False,0.03888888888888886,False,False,0.5327802291526427,0.03888888888888886,True,True,0.8578955139741827,0.3909501615594717,True,False,0.24642084253346522,0.10449186492938681,True,False,7.650725692973389,False,False,opposite_direction
800,assignment_isolation,plus_one_randomisation,True,ok,58.648098910562794,3.516287697309952,64.545178414005,52.34761916621125,31.662209304214112,1.0,0.001,1.0,0.001,,,,,0,0,[],[],False,True,False,True,False,0.007071067811865475,0.007043345841454291,24,24,24,0,0.0,{},0.7982852934988427,0.7066287878787879,0.0,False,True,False,True,False,False,0.0,64.545178414005,52.34761916621125,64.545178414005,96.375,1.0946428103386543,0.011931582700463052,False,0.5138675676981092,False,0.018055555555555602,False,False,0.5254866201654904,0.018055555555555602,True,True,-0.36291696431738646,0.7166669138016307,True,False,0.07831302821094809,0.6604127786231271,True,False,8.993598550392102,False,False,opposite_direction
801,assignment_isolation,plus_one_randomisation,True,ok,58.20681962273761,4.052851900047803,65.37146832165372,51.794318713358344,30.702161447657243,1.0,0.001,1.0,0.001,,,,,0,0,[],[],False,True,False,True,False,0.007071067811865475,0.0070467747145344165,24,24,24,0,0.0,{},0.793717105263158,0.6769713261648745,0.0,False,True,False,True,False,False,0.0,65.37146832165372,51.794318713358344,65.37146832165372,96.5,1.0626567358713253,0.02706443160892054,False,0.5260157800462872,False,0.024652777777777857,False,False,0.535226716635908,0.024652777777777857,True,True,-0.3253671590306112,0.7449032077609821,True,False,0.2285669302444806,0.1871932210110749,True,False,9.984095378730364,False,False,opposite_direction
802,assignment_isolation,plus_one_randomisation,True,ok,59.39549044314569,3.002673695979649,64.27714609057352,53.903016783418366,31.243324614363473,1.0,0.001,1.0,0.001,,,,,0,0,[],[],False,True,False,True,False,0.007071067811865475,0.007099345846120172,24,24,24,0,0.0,{},0.8143067010309278,0.7363425925925925,0.0,False,True,False,True,False,False,0.0,64.27714609057352,53.903016783418366,64.27714609057352,96.58333333333333,1.0899251495121818,0.02429142819969888,False,0.5114080363754587,False,0.023611111111111138,False,False,0.5329700025898098,0.023611111111111138,True,True,0.19093731836091776,0.8485747021758354,True,False,0.19764356660226404,0.08663325152170767,True,False,9.393987181591504,False,False,opposite_direction
803,assignment_isolation,plus_one_randomisation,True,ok,59.34271103153278,3.6502232821587692,64.99719657593484,52.767088440612405,31.526274428012286,1.0,0.001,1.0,0.001,,,,,0,0,[],[],False,True,False,True,False,0.007071067811865475,0.007042959216263806,24,24,24,0,0.0,{},0.7872811539157172,0.713859649122807,0.0,False,True,False,True,False,False,0.0,64.99719657593484,52.767088440612405,64.99719657593484,96.875,1.0927069045219242,0.0028211772957954955,False,0.529941931858749,False,0.01388888888888895,False,False,0.5314549254206192,0.01388888888888895,True,True,-1.008393730583463,0.31326548149964495,True,False,0.14558288327542507,0.14929076485025344,True,False,8.424747906693947,False,False,opposite_direction
804,assignment_isolation,plus_one_randomisation,True,ok,64.767780914103,4.5882285749437965,73.72049379365062,57.30302237516897,31.668644481464863,1.0,0.001,1.0,0.001,,,,,0,0,[],[],False,True,False,True,False,0.007071067811865475,0.0070456183513814795,24,24,24,0,0.0,{},0.7908038650556108,0.7416666666666667,0.0,False,True,False,True,False,False,0.0,73.72049379365062,57.30302237516897,73.72049379365062,96.16666666666667,1.094034140502535,0.030729923222288263,False,0.5297831436589094,False,0.011458333333333348,False,False,0.5693512702635809,0.011458333333333348,True,True,2.0989015735070726,0.0358255781288677,True,False,0.19148911485178893,0.1053336942858105,True,False,9.736266858412428,False,False,opposite_direction
805,assignment_isolation,plus_one_randomisation,True,ok,59.853696313424486,3.3179408355776685,65.75955284171842,54.53974778703224,31.24024980557984,1.0,0.001,1.0,0.001,,,,,0,0,[],[],False,True,False,True,False,0.007071067811865475,0.007076345829473043,24,24,24,0,0.0,{},0.8118180065548486,0.7252422480620155,0.0,False,True,False,True,False,False,0.0,65.75955284171842,54.53974778703224,65.75955284171842,96.91666666666667,1.0881600711016632,0.025661462639853035,False,0.5169449871113933,False,0.031597222222222276,False,False,0.5370705376047037,0.031597222222222276,True,True,-0.8424330662973005,0.39954559080928853,True,False,0.15436349404480643,0.1291766384345464,True,False,7.827620889440075,False,False,opposite_direction
806,assignment_isolation,plus_one_randomisation,True,ok,55.80764393058717,3.544413806304208,61.3910941088759,49.28244407708195,31.52602642704885,1.0,0.001,1.0,0.001,,,,,0,0,[],[],False,True,False,True,False,0.007071067811865475,0.007056927123549508,24,24,24,0,0.0,{},0.782996550262103,0.6624491869918698,0.0,False,True,False,True,False,False,0.0,61.3910941088759,49.28244407708195,61.3910941088759,94.20833333333333,1.0796911273337153,0.02353201516974979,False,0.516072734866036,False,0.012500000000000067,False,False,0.5096909516443139,0.012500000000000067,True,True,0.9361785621655143,0.34918125895742425,True,False,0.18586793045137764,0.08027351369562735,True,False,9.087961205888538,False,False,opposite_direction
807,assignment_isolation,plus_one_randomisation,True,ok,56.310508283062354,4.408776677918584,62.95332244971825,48.471815560908496,30.616586707296428,1.0,0.001,1.0,0.001,,,,,0,0,[],[],False,True,False,True,False,0.007071067811865475,0.007072749479166051,24,24,24,0,0.0,{},0.8061391357618315,0.6919540229885058,0.0,False,True,False,True,False,False,0.0,62.95332244971825,48.47181556090849,62.95332244971825,95.625,1.058767923748242,0.026325981139143112,False,0.5144353031886463,False,0.04340277777777779,False,False,0.5222480005178517,0.04340277777777779,True,True,-1.3003503436636161,0.19348092071285927,True,False,0.17819701185339204,0.04380543391109787,True,False,7.9126100571633735,False,False,opposite_direction
808,assignment_isolation,plus_one_randomisation,True,ok,51.82602337989124,3.518193310104411,58.07317012570267,46.27475831202107,30.576472783681933,1.0,0.001,1.0,0.001,,,,,0,0,[],[],False,True,False,True,False,0.007071067811865475,0.007035548774047624,24,24,24,0,0.0,{},0.8119470597517358,0.704119850187266,0.0,False,True,False,True,False,False,0.0,58.07317012570267,46.27475831202107,58.07317012570267,97.75,1.0634418578862685,0.016100489695863952,False,0.5183823960026843,False,0.021180555555555536,False,False,0.4839514818900934,0.021180555555555536,True,True,-1.079833011436219,0.280216548058982,True,False,0.1469838715823262,0.198181929244842,True,False,6.2946271877342586,False,False,opposite_direction
809,assignment_isolation,plus_one_randomisation,True,ok,60.8522431820116,3.6600065925854617,66.76192339209598,54.70641180791563,31.893247070013818,1.0,0.001,1.0,0.001,,,,,0,0,[],[],False,True,False,True,False,0.007071067811865475,0.007028165454335174,24,24,24,0,0.0,{},0.7894734509145203,0.6946759259259259,0.0,False,True,False,True,False,False,0.0,66.76192339209598,54.70641180791563,66.76192339209598,95.5,1.0952478374179415,0.01815875424322901,False,0.5129536542835218,False,0.03194444444444444,False,False,0.5414990678080601,0.03194444444444444,True,True,1.194242995533977,0.2323829289293725,True,False,0.3500681523936198,0.003326901255848976,True,False,9.588716918869508,False,False,opposite_direction
810,assignment_isolation,plus_one_randomisation,True,ok,56.322690576348386,3.748253135331338,62.97855112955209,50.37242348046043,30.23824829905084,1.0,0.001,1.0,0.001,,,,,0,0,[],[],False,True,False,True,False,0.007071067811865475,0.007094602219720073,24,24,24,0,0.0,{},0.8206123875849967,0.6831275720164609,0.0,False,True,False,True,False,False,0.0,62.97855112955208,50.37242348046042,62.97855112955208,97.125,1.057110044813452,0.020617274066464845,False,0.5293058065650893,False,0.020486111111111205,False,False,0.5230335322336976,0.020486111111111205,True,True,-2.737017760486168,0.006199894571464441,True,False,0.346606858606182,0.0006221686218274034,True,False,7.573601445251568,False,False,opposite_direction
811,assignment_isolation,plus_one_randomisation,True,ok,55.74113130148311,4.0168498812874605,62.25719639967697,48.015319251024074,30.85471959461273,1.0,0.001,1.0,0.001,,,,,0,0,[],[],False,True,False,True,False,0.007071067811865475,0.0070333078192006465,24,24,24,0,0.0,{},0.8002387152777779,0.725,0.0,False,True,False,True,False,False,0.0,62.25719639967698,48.015319251024074,62.25719639967698,97.16666666666667,1.069571656305072,0.028035887733791207,False,0.5025921556392446,False,0.030208333333333393,False,False,0.5133062660347205,0.030208333333333393,True,True,1.3486515535597186,0.1774489133316619,True,False,0.1554346384445934,0.2018401946801235,True,False,9.576765853008965,False,False,opposite_direction
812,assignment_isolation,plus_one_randomisation,True,ok,57.3701476518472,3.242482690895402,62.587248623582184,51.625208478036804,32.31777384238527,1.0,0.001,1.0,0.001,,,,,0,0,[],[],False,True,False,True,False,0.007071067811865475,0.007019698458131248,24,24,24,0,0.0,{},0.787733055494626,0.6899425287356322,0.0,False,True,False,True,False,False,0.0,62.587248623582184,51.625208478036804,62.587248623582184,96.125,1.1121108425860489,0.0318400876837228,False,0.5250289968132995,False,0.02881944444444451,False,False,0.5088247359431339,0.02881944444444451,True,True,0.10809506675486953,0.9139202813849957,True,False,0.12143404269053851,0.050568147932240765,True,False,8.677491351681835,False,False,opposite_direction
813,assignment_isolation,plus_one_randomisation,True,ok,57.21296608403139,2.515504028287387,62.1474674224139,53.29972400195195,31.76176308390279,1.0,0.001,1.0,0.001,,,,,0,0,[],[],False,True,False,True,False,0.007071067811865475,0.007024301699209028,24,24,24,0,0.0,{},0.7909517118037812,0.6636015325670498,0.0,False,True,False,True,False,False,0.0,62.14746742241389,53.29972400195195,62.14746742241389,95.625,1.090846109230931,0.013253087123470692,False,0.5179451481356088,False,0.02430555555555558,False,False,0.5161071142268,0.02430555555555558,True,True,0.07848170105730415,0.9374448857619433,True,False,0.10390940887586873,0.2551371799799208,True,False,8.271744807090808,False,False,opposite_direction
814,assignment_isolation,plus_one_randomisation,True,ok,63.8697375601778,3.2858352071294084,70.8473597097176,59.28138652579679,31.89029949574553,1.0,0.001,1.0,0.001,,,,,0,0,[],[],False,True,False,True,False,0.007071067811865475,0.007036814884253363,24,24,24,0,0.0,{},0.804123259178875,0.7102059925093633,0.0,False,True,False,True,False,False,0.0,70.8473597097176,59.28138652579679,70.8473597097176,96.54166666666667,1.1024581810306155,0.00890385475524797,False,0.506875992541633,False,0.0215277777777777,False,False,0.5598877559444034,0.0215277777777777,True,True,0.12812626632868643,0.8980490498345157,True,False,0.09410561501122404,0.4630525159198408,True,False,9.906688851330092,False,False,opposite_direction
815,assignment_isolation,plus_one_randomisation,True,ok,54.1442166276795,5.176810454473501,62.51412714980924,45.13011895942113,31.196191545343968,1.0,0.001,1.0,0.001,,,,,0,0,[],[],False,True,False,True,False,0.007071067811865475,0.0070873214729401095,24,24,24,0,0.0,{},0.8054180093089869,0.7075581395348839,0.0,False,True,False,True,False,False,0.0,62.51412714980924,45.13011895942113,62.51412714980924,95.70833333333333,1.0815051495327794,0.007699489932819752,False,0.508424260201994,False,0.025000000000000022,False,False,0.49568872572418404,0.025000000000000022,True,True,-0.35422964531912055,0.7231667883442807,True,False,0.12607369315014952,0.0875820320644689,True,False,7.100954200846395,False,False,opposite_direction
816,assignment_isolation,plus_one_randomisation,True,ok,62.10100929086881,4.435685011013713,69.80746894174337,54.40092180761973,31.558148135682757,1.0,0.001,1.0,0.001,,,,,0,0,[],[],False,True,False,True,False,0.007071067811865475,0.007022667242674607,24,24,24,0,0.0,{},0.7912820411669822,0.6998188405797102,0.0,False,True,False,True,False,False,0.0,69.80746894174337,54.40092180761973,69.80746894174337,97.25,1.0927691108344102,0.0034420477905069357,False,0.5175380566677278,False,0.028124999999999956,False,False,0.5514346147007888,0.028124999999999956,True,True,0.34210813800306583,0.7322695133305419,True,False,0.10422851138332617,0.07579934277278845,True,False,9.900239839166975,False,False,opposite_direction
817,assignment_isolation,plus_one_randomisation,True,ok,63.172393017902614,3.6931215447082577,69.72699023448828,57.48446621253121,32.270833946618474,1.0,0.001,1.0,0.001,,,,,0,0,[],[],False,True,False,True,False,0.007071067811865475,0.007038842946944,24,24,24,0,0.0,{},0.7835685483870969,0.6664772727272728,0.0,False,True,False,True,False,False,0.0,69.72699023448828,57.48446621253121,69.72699023448828,94.66666666666667,1.1050451194889654,0.038238674468099934,False,0.5309833446921656,False,0.027083333333333348,False,False,0.5540419452991968,0.027083333333333348,True,True,1.4109510284086042,0.15825905432247633,True,False,0.17540075674671918,0.06973640792406471,True,False,8.943991394883671,False,False,opposite_direction
818,assignment_isolation,plus_one_randomisation,True,ok,55.683292926287855,2.6632717990351624,60.246517078459384,50.84558121330796,30.636401417421983,1.0,0.001,1.0,0.001,,,,,0,0,[],[],False,True,False,True,False,0.007071067811865475,0.007073558007402928,24,24,24,0,0.0,{},0.7954035564454616,0.7171245421245421,0.0,False,True,False,True,False,False,0.0,60.246517078459384,50.84558121330796,60.246517078459384,96.08333333333333,1.062110508112551,0.009636788501314254,False,0.5014061994336682,False,0.012500000000000067,False,False,0.5159290217083008,0.012500000000000067,True,True,2.4580961296848014,0.01396757808006822,True,False,0.21203287312634306,0.030195527078688535,True,False,10.03422295503208,False,False,opposite_direction
819,assignment_isolation,plus_one_randomisation,True,ok,60.85734833883333,3.906763261822298,67.35520000524343,53.940787664461915,31.5907886400861,1.0,0.001,1.0,0.001,,,,,0,0,[],[],False,True,False,True,False,0.007071067811865475,0.007080458982735235,24,24,24,0,0.0,{},0.8060626646903821,0.6870738636363637,0.0,False,True,False,True,False,False,0.0,67.35520000524343,53.940787664461915,67.35520000524343,95.875,1.0950767841740319,0.00017651459493582785,False,0.5054575986600807,False,0.017013888888888884,False,False,0.5416048005560299,0.017013888888888884,True,True,-0.76623454359814,0.44353675785908975,True,False,0.23689631515077295,0.006950136665468155,True,False,9.535731306191863,False,False,opposite_direction
820,assignment_isolation,plus_one_randomisation,True,ok,65.4510478823438,3.586641399261299,71.21871429892104,58.46396163073743,31.731800721809524,1.0,0.001,1.0,0.001,,,,,0,0,[],[],False,True,False,True,False,0.007071067811865475,0.007095023560650803,24,24,24,0,0.0,{},0.7987027138157894,0.7119850187265918,0.0,False,True,False,True,False,False,0.0,71.21871429892104,58.46396163073743,71.21871429892104,94.75,1.0957416601143743,0.007620443126316172,False,0.5111700805532746,False,0.022222222222222143,False,False,0.5732467849041213,0.022222222222222143,True,True,-3.912513874700389,9.134028848348706e-05,True,True,0.4337072306427303,0.024888236425307964,True,False,9.638290975170761,False,True,selection_limited
821,assignment_isolation,plus_one_randomisation,True,ok,65.06099325359213,4.285241342506861,72.5157941925319,57.81574744377881,31.57316435300849,1.0,0.001,1.0,0.001,,,,,0,0,[],[],False,True,False,True,False,0.007071067811865475,0.007042547170492983,24,24,24,0,0.0,{},0.8025692949662022,0.6946360153256704,0.0,False,True,False,True,False,False,0.0,72.5157941925319,57.81574744377881,72.5157941925319,95.91666666666667,1.0888421338360186,0.04077186397762951,False,0.48258499885481004,False,0.018402777777777768,False,False,0.5733945339488616,0.018402777777777768,True,True,0.9497870046137656,0.3422204903802124,True,False,0.1369844656156414,0.15365368343281005,True,False,10.40079698621443,False,False,opposite_direction
822,assignment_isolation,plus_one_randomisation,True,ok,54.639358527759306,3.897930259493724,61.50740060416595,48.00936551226516,31.132665208413922,1.0,0.001,1.0,0.001,,,,,0,0,[],[],False,True,False,True,False,0.007071067811865475,0.007020832535658049,24,24,24,0,0.0,{},0.8015586734693876,0.6446078431372548,0.0,False,True,False,True,False,False,0.0,61.50740060416595,48.00936551226516,61.50740060416595,96.79166666666667,1.0752115078547433,0.0052719256347420205,False,0.5469371849548996,False,0.03576388888888882,False,False,0.502229991307453,0.03576388888888882,True,True,-0.364567617035794,0.7154341913257766,True,False,0.14019259789772365,0.061656668330724904,True,False,8.595654410570237,False,False,opposite_direction
823,assignment_isolation,plus_one_randomisation,True,ok,60.933655711321336,3.6349134441851665,67.45091059297675,54.68463508629929,31.757083506449902,1.0,0.001,1.0,0.001,,,,,0,0,[],[],False,True,False,True,False,0.007071067811865475,0.007062529556601506,24,24,24,0,0.0,{},0.797852233676976,0.6668627450980391,0.0,False,True,False,True,False,False,0.0,67.45091059297675,54.68463508629929,67.45091059297675,96.5,1.101626946223219,0.02467930305069949,False,0.5078654645002704,False,0.028125000000000067,False,False,0.5395300002956912,0.028125000000000067,True,True,1.9896486170547696,0.04662965660982814,True,False,0.0946074981181723,0.5582605508429251,True,False,9.035273938324693,False,False,opposite_direction
824,assignment_isolation,plus_one_randomisation,True,ok,57.70676602803115,4.232216909338986,65.59033215989956,51.12002265570444,30.71154489882084,1.0,0.001,1.0,0.001,,,,,0,0,[],[],False,True,False,True,False,0.007071067811865475,0.007091850963479466,24,24,24,0,0.0,{},0.8176975945017182,0.7325925925925927,0.0,False,True,False,True,False,False,0.0,65.59033215989956,51.12002265570444,65.59033215989956,97.54166666666667,1.0755394735052608,0.02449218376081936,False,0.526397697242489,False,0.029166666666666563,False,False,0.5261144716868204,0.029166666666666563,True,True,-1.0829164542567324,0.278845507711183,True,False,0.20109326839071728,0.08525753767446735,True,False,8.196183338431762,False,False,opposite_direction
825,assignment_isolation,plus_one_randomisation,True,ok,57.821564796973824,3.5465032356929997,64.14311317631194,51.91336527023233,31.02329633468331,1.0,0.001,1.0,0.001,,,,,0,0,[],[],False,True,False,True,False,0.007071067811865475,0.007054940430845176,24,24,24,0,0.0,{},0.7978956228956229,0.7266666666666667,0.0,False,True,False,True,False,False,0.0,64.14311317631194,51.91336527023233,64.14311317631194,96.125,1.072925267482877,0.0028147677605288015,False,0.5322965915199309,False,0.027083333333333348,False,False,0.5280624711197026,0.027083333333333348,True,True,-0.36803506373384753,0.7128470892002754,True,False,0.05582655907337415,0.3878571155248218,True,False,9.852689437956638,False,False,opposite_direction
826,assignment_isolation,plus_one_randomisation,True,ok,63.68409832839135,4.082912695289435,70.32468243350255,56.66713467677583,32.06537056900683,1.0,0.001,1.0,0.001,,,,,0,0,[],[],False,True,False,True,False,0.007071067811865475,0.007102563117799601,24,24,24,0,0.0,{},0.8117623604465711,0.7219348659003829,0.0,False,True,False,True,False,False,0.0,70.32468243350255,56.667134676775824,70.32468243350255,96.20833333333333,1.1169345240754402,0.026693338244345614,False,0.5183829049438172,False,0.025694444444444464,False,False,0.5528847204405599,0.025694444444444464,True,True,0.00860944070632674,0.9931307450444022,True,False,0.10221691357634644,0.09677765057471611,True,False,8.932766286414356,False,False,opposite_direction
827,assignment_isolation,plus_one_randomisation,True,ok,62.43488769963697,3.833640400675013,68.89805168647563,55.42047489816459,31.349603426640563,1.0,0.001,1.0,0.001,,,,,0,0,[],[],False,True,False,True,False,0.007071067811865475,0.007076956593761689,24,24,24,0,0.0,{},0.8031084553767877,0.7432655038759689,0.0,False,True,False,True,False,False,0.0,68.89805168647563,55.42047489816459,68.89805168647563,95.91666666666667,1.0864146826701384,0.01260526405352902,False,0.5074338801649824,False,0.012847222222222232,False,False,0.5563514604417253,0.012847222222222232,True,True,-0.8806764127186878,0.3784929869465804,True,False,0.23562275585806036,0.022877541015513755,True,False,8.742897599253926,False,False,opposite_direction
828,assignment_isolation,plus_one_randomisation,True,ok,53.33749831059587,3.475028070647405,58.92777590857646,47.34320982168223,30.876646143616785,1.0,0.001,1.0,0.001,,,,,0,0,[],[],False,True,False,True,False,0.007071067811865475,0.007016192197060343,24,24,24,0,0.0,{},0.7836340206185566,0.6961647727272727,0.0,False,True,False,True,False,False,0.0,58.92777590857646,47.34320982168223,58.92777590857646,95.20833333333333,1.0569126201343007,0.038328065713894244,False,0.48714600689765425,False,0.02604166666666663,False,False,0.4991851192734008,0.02604166666666663,True,True,0.39205206734788794,0.6950197428113138,True,False,0.17179856561284051,0.15561922951911855,True,False,7.6851500778795785,False,False,opposite_direction
829,assignment_isolation,plus_one_randomisation,True,ok,60.789281468243416,4.530386508150784,68.55489487197643,53.19747231028063,31.624035723226566,1.0,0.001,1.0,0.001,,,,,0,0,[],[],False,True,False,True,False,0.007071067811865475,0.007077836375584457,24,24,24,0,0.0,{},0.7999149659863947,0.7103732638888887,0.0,False,True,False,True,False,False,0.0,68.55489487197643,53.19747231028063,68.55489487197643,95.625,1.0943935852975673,0.03472208379748687,False,0.5041040450915198,False,0.01388888888888884,False,False,0.5413867918281968,0.01388888888888884,True,True,0.457654517012646,0.6472006696319204,True,False,0.1023694667570468,0.4506640877666638,True,False,9.651527622109517,False,False,opposite_direction
830,assignment_isolation,plus_one_randomisation,True,ok,60.910386694457124,3.647775929133233,68.04121920233104,55.068776824844036,31.602849123872407,1.0,0.001,1.0,0.001,,,,,0,0,[],[],False,True,False,True,False,0.007071067811865475,0.007044284852585842,24,24,24,0,0.0,{},0.7944763562915844,0.7280701754385964,0.0,False,True,False,True,False,False,0.0,68.04121920233104,55.068776824844036,68.04121920233104,95.83333333333333,1.0896611036051964,0.02495764999746953,False,0.5250545448397529,False,0.01215277777777779,False,False,0.5441713895139224,0.01215277777777779,True,True,0.3271024970829393,0.7435903632166834,True,False,0.13844191477465637,0.16499386065774396,True,False,9.20176362486688,False,False,opposite_direction
831,assignment_isolation,plus_one_randomisation,True,ok,60.442370937784574,3.9929496242324447,67.14379697072998,53.79659664331956,30.86270730058321,1.0,0.001,1.0,0.001,,,,,0,0,[],[],False,True,False,True,False,0.007071067811865475,0.0070157711786144866,24,24,24,0,0.0,{},0.779011524822695,0.6909176029962547,0.0,False,True,False,True,False,False,0.0,67.14379697072998,53.79659664331956,67.14379697072998,96.54166666666667,1.0637432967656189,0.015678704827387663,False,0.5011644152906577,False,0.03194444444444444,False,False,0.5513682272527857,0.03194444444444444,True,True,-0.3846725287609685,0.7004800508079604,True,False,0.18196207214155583,0.11503210078482982,True,False,8.917287997597326,False,False,opposite_direction
832,assignment_isolation,plus_one_randomisation,True,ok,61.7719169447052,3.9351106120842103,69.09039746623489,55.67532816745533,32.01410654914831,1.0,0.001,1.0,0.001,,,,,0,0,[],[],False,True,False,True,False,0.007071067811865475,0.007085544140159954,24,24,24,0,0.0,{},0.7944865319865321,0.6914658634538156,0.0,False,True,False,True,False,False,0.0,69.09039746623489,55.675328167455326,69.09039746623489,94.33333333333333,1.1015829074280534,0.023840267816675566,False,0.5044355306906959,False,0.021180555555555536,False,False,0.5455640025215079,0.021180555555555536,True,True,-0.2912234570960885,0.7708804235284888,True,False,0.10841622858153832,0.14053213426331573,True,False,9.207438590345937,False,False,opposite_direction
833,assignment_isolation,plus_one_randomisation,True,ok,55.748278447740994,3.1858418029825795,61.82225983287131,49.88986139968615,31.139433492277814,1.0,0.001,1.0,0.001,,,,,0,0,[],[],False,True,False,True,False,0.007071067811865475,0.007067402170082393,24,24,24,0,0.0,{},0.8103081597222223,0.7159003831417624,0.0,False,True,False,True,False,False,0.0,61.82225983287131,49.88986139968615,61.82225983287131,96.70833333333333,1.082112631478959,0.012793186110545956,False,0.5360931538339236,False,0.015277777777777835,False,False,0.5082392249032499,0.015277777777777835,True,True,-0.6692541169812917,0.5033333902132328,True,False,0.1959020157250965,0.06067016814373068,True,False,7.344983402289594,False,False,opposite_direction
834,assignment_isolation,plus_one_randomisation,True,ok,60.19589518657736,3.370264051895353,65.72594104624629,54.168056148755795,31.734470673262443,1.0,0.001,1.0,0.001,,,,,0,0,[],[],False,True,False,True,False,0.007071067811865475,0.007083675090912384,24,24,24,0,0.0,{},0.8102176603132389,0.7164893617021278,0.0,False,True,False,True,False,False,0.0,65.72594104624629,54.168056148755795,65.72594104624629,96.54166666666667,1.1043768444253692,0.024501409441358243,False,0.4733182459882571,False,0.01805555555555549,False,False,0.5330641534597577,0.01805555555555549,True,True,-0.18148445434970786,0.855987334174386,True,False,0.1595799578265948,0.09333452717485474,True,False,7.961772957715696,False,False,opposite_direction
835,assignment_isolation,plus_one_randomisation,True,ok,59.12204297033764,4.345803502772742,66.05495734026212,51.38050192401856,31.14154832433587,1.0,0.001,1.0,0.001,,,,,0,0,[],[],False,True,False,True,False,0.007071067811865475,0.007089164082176225,24,24,24,0,0.0,{},0.8103949652777778,0.7242424242424244,0.0,False,True,False,True,False,False,0.0,66.05495734026212,51.38050192401855,66.05495734026212,96.375,1.0836459936948002,0.022350553588284673,False,0.49181972766190885,False,0.014583333333333393,False,False,0.5334826346775826,0.014583333333333393,True,True,-0.21432286883538318,0.8302952856016907,True,False,0.060772827849194876,0.3294027688404598,True,False,10.071105304269095,False,False,opposite_direction
836,assignment_isolation,plus_one_randomisation,True,ok,54.461951291898636,3.9917270087992227,61.26513223692693,48.35083392206041,31.2788316154629,1.0,0.001,1.0,0.001,,,,,0,0,[],[],False,True,False,True,False,0.007071067811865475,0.007028327166502564,24,24,24,0,0.0,{},0.8094807934401689,0.7,0.0,False,True,False,True,False,False,0.0,61.265132236926924,48.35083392206041,61.265132236926924,95.625,1.0748756389281182,0.0029666024798172463,False,0.5044803376187632,False,0.015625,False,False,0.500941552516348,0.015625,True,True,-0.14682906300169926,0.8832669443348866,True,False,0.1280444928938524,0.296070118805263,True,False,7.857805990264831,False,False,opposite_direction
837,assignment_isolation,plus_one_randomisation,True,ok,58.49851233946102,3.442964881995477,65.54151096841001,53.48310240237784,31.191368259697395,1.0,0.001,1.0,0.001,,,,,0,0,[],[],False,True,False,True,False,0.007071067811865475,0.007029924744801036,24,24,24,0,0.0,{},0.7916413103070175,0.7304659498207884,0.0,False,True,False,True,False,False,0.0,65.54151096841001,53.483102402377845,65.54151096841001,96.75,1.078401773250102,0.0028001644303020327,False,0.517379589579613,False,0.030555555555555558,False,False,0.5309481062101883,0.030555555555555558,True,True,-0.957131983683167,0.3385006420370752,True,False,0.10981699869197735,0.20637528595546017,True,False,8.07661927547716,False,False,opposite_direction
838,assignment_isolation,plus_one_randomisation,True,ok,54.02951263024736,3.645324023010534,60.05337975990912,47.68544590384422,31.264647106889456,1.0,0.001,1.0,0.001,,,,,0,0,[],[],False,True,False,True,False,0.007071067811865475,0.007051835859043941,24,24,24,0,0.0,{},0.7806317318594105,0.6835755813953489,0.0,False,True,False,True,False,False,0.0,60.05337975990912,47.68544590384422,60.05337975990912,94.04166666666667,1.06902014432569,0.026812210745326078,False,0.4971688954232147,False,0.014583333333333393,False,False,0.49984220399084167,0.014583333333333393,True,True,-2.9858613826391043,0.002827807936260524,True,False,0.20609806287023785,0.1644148125529831,True,False,7.62538298115247,False,False,opposite_direction
839,assignment_isolation,plus_one_randomisation,True,ok,58.16844611471033,2.713453280586261,62.14467200716751,52.24275359787787,31.15645578353955,1.0,0.001,1.0,0.001,,,,,0,0,[],[],False,True,False,True,False,0.007071067811865475,0.007104358234946869,24,24,24,0,0.0,{},0.8020624999999999,0.6967871485943774,0.0,False,True,False,True,False,False,0.0,62.14467200716751,52.24275359787787,62.14467200716751,95.125,1.079419452053192,0.026178493204105563,False,0.5170795799781646,False,0.023611111111111138,False,False,0.5280389869741282,0.023611111111111138,True,True,-1.5743946380459641,0.11539624267440678,True,False,0.1626606424142958,0.02268612559414508,True,False,9.111786771707216,False,False,opposite_direction
840,assignment_isolation,plus_one_randomisation,True,ok,59.08039713395669,3.923759630050967,65.32489572103961,52.29038386944573,31.267817259609377,1.0,0.001,1.0,0.001,,,,,0,0,[],[],False,True,False,True,False,0.007071067811865475,0.007068758486018046,24,24,24,0,0.0,{},0.793507576588433,0.7030092592592594,0.0,False,True,False,True,False,False,0.0,65.32489572103961,52.290383869445726,65.32489572103961,95.95833333333333,1.082560212158161,0.022313824508290593,False,0.5099756162876896,False,0.014583333333333393,False,False,0.5336138771041741,0.014583333333333393,True,True,0.16962853649750279,0.8653022788921693,True,False,0.14380619504141412,0.1333265755814574,True,False,9.039117583221854,False,False,opposite_direction
841,assignment_isolation,plus_one_randomisation,True,ok,54.26945151638572,4.8305730014355355,61.468132850517186,45.3956237628956,31.230337733664296,1.0,0.001,1.0,0.001,,,,,0,0,[],[],False,True,False,True,False,0.007071067811865475,0.006995294516950573,24,24,24,0,0.0,{},0.7916666666666667,0.6600574712643679,0.0,False,True,False,True,False,False,0.0,61.468132850517186,45.3956237628956,61.468132850517186,97.16666666666667,1.0767412254465125,0.015866074667705794,False,0.5119691492951207,False,0.03229166666666661,False,False,0.49863115812987735,0.03229166666666661,True,True,-0.0038524551302150218,0.9969261931336891,True,False,0.1916275500860054,0.10646582395009807,True,False,5.92300986821648,False,False,opposite_direction
842,assignment_isolation,plus_one_randomisation,True,ok,60.207669986771094,4.46488838938011,68.4556152773985,52.74708510532251,31.27735938858431,1.0,0.001,1.0,0.001,,,,,0,0,[],[],False,True,False,True,False,0.007071067811865475,0.00707309168080262,24,24,24,0,0.0,{},0.7972707201714517,0.6457843137254902,0.0,False,True,False,True,False,False,0.0,68.4556152773985,52.747085105322505,68.4556152773985,95.16666666666667,1.0790754226182857,0.011972764608038724,False,0.5104514433378783,False,0.03784722222222214,False,False,0.5433605055229241,0.03784722222222214,True,True,-1.3055047999143363,0.19172101379002904,True,False,0.24017949218797974,0.006770165745889138,True,False,7.7260030393419985,False,False,opposite_direction
843,assignment_isolation,plus_one_randomisation,True,ok,55.70102051184301,2.8731601853340383,60.87483982110019,50.659708299356815,30.94927586013629,1.0,0.001,1.0,0.001,,,,,0,0,[],[],False,True,False,True,False,0.007071067811865475,0.00702542600438255,24,24,24,0,0.0,{},0.795105065221965,0.6914874551971326,0.0,False,True,False,True,False,False,0.0,60.87483982110019,50.659708299356815,60.87483982110019,95.875,1.0645004484674419,0.0053911687746816305,False,0.5086612799376812,False,0.029166666666666674,False,False,0.5150801432373111,0.029166666666666674,True,True,-2.043056922423648,0.04104680357999758,True,False,0.10718276095573144,0.17129344908140284,True,False,6.367437917296863,False,False,opposite_direction
844,assignment_isolation,plus_one_randomisation,True,ok,58.89997157450066,4.084665608100493,65.22032523757159,51.796812219974925,30.640829545320788,1.0,0.001,1.0,0.001,,,,,0,0,[],[],False,True,False,True,False,0.007071067811865475,0.007070635079279059,24,24,24,0,0.0,{},0.8149478219122701,0.7118773946360153,0.0,False,True,False,True,False,False,0.0,65.22032523757159,51.796812219974925,65.22032523757159,97.16666666666667,1.0677943017930762,0.01028990293661976,False,0.5067473404804028,False,0.014583333333333393,False,False,0.5383176297044393,0.014583333333333393,True,True,1.3456000778488821,0.17843152655191152,True,False,0.2307542246512974,0.11314725890040789,True,False,9.516745451499402,False,False,opposite_direction
845,assignment_isolation,plus_one_randomisation,True,ok,65.59138906400186,3.743344628871857,72.31400708693359,59.60887063387617,32.08941030727497,1.0,0.001,1.0,0.001,,,,,0,0,[],[],False,True,False,True,False,0.007071067811865475,0.007041062713804189,24,24,24,0,0.0,{},0.8011666666666665,0.7186170212765958,0.0,False,True,False,True,False,False,0.0,72.31400708693359,59.60887063387617,72.31400708693359,95.45833333333333,1.103765656535463,0.016963503628549065,False,0.5126303460161806,False,0.029166666666666674,False,False,0.5710005528207418,0.029166666666666674,True,True,0.9416443196001835,0.34637477100567693,True,False,0.1791779381815955,0.11520719866871887,True,False,10.319726340739484,False,False,opposite_direction
846,assignment_isolation,plus_one_randomisation,True,ok,57.26006804230261,3.320897272782901,62.862030152580374,51.59245570878034,31.115844703522704,1.0,0.001,1.0,0.001,,,,,0,0,[],[],False,True,False,True,False,0.007071067811865475,0.007092317842086877,24,24,24,0,0.0,{},0.8059606677985285,0.6112599206349207,0.0,False,True,False,True,False,False,0.0,62.86203015258038,51.59245570878034,62.86203015258038,95.125,1.0761854715233006,0.027416368993274126,False,0.4957482884018383,False,0.01666666666666672,False,False,0.5224265602528325,0.01666666666666672,True,True,0.22909059774793208,0.8187985010678167,True,False,0.15883275715397582,0.20973761923974152,True,False,7.3881141199549125,False,False,opposite_direction
847,assignment_isolation,plus_one_randomisation,True,ok,57.274995553970996,3.3446494870186902,62.594460598367675,50.56562387699546,31.353391085149674,1.0,0.001,1.0,0.001,,,,,0,0,[],[],False,True,False,True,False,0.007071067811865475,0.007061778393098465,24,24,24,0,0.0,{},0.7831569615528183,0.70374531835206,0.0,False,True,False,True,False,False,0.0,62.594460598367675,50.56562387699546,62.594460598367675,95.29166666666667,1.0806774023741812,0.004667172958188412,False,0.5136362247537412,False,0.023611111111111138,False,False,0.52070693272277,0.023611111111111138,True,True,0.4973495191674215,0.6189425972499731,True,False,0.2740984643079723,0.06464080861073103,True,False,8.16037801553314,False,False,opposite_direction
848,assignment_isolation,plus_one_randomisation,True,ok,61.43996841174874,5.247720890990832,72.13262059835355,53.62285081565832,32.42799005323491,1.0,0.001,1.0,0.001,,,,,0,0,[],[],False,True,False,True,False,0.007071067811865475,0.007075312788711689,24,24,24,0,0.0,{},0.7984973851995127,0.653831417624521,0.0,False,True,False,True,False,False,0.0,72.13262059835355,53.62285081565832,72.13262059835355,95.0,1.1181433422526321,0.012958763510988791,False,0.5141308252632213,False,0.03472222222222221,False,False,0.5366193833756729,0.03472222222222221,True,True,-0.6362642941957964,0.5246041733148733,True,False,0.15047357113235896,0.09032469467072685,True,False,9.363226462193657,False,False,opposite_direction
849,assignment_isolation,plus_one_randomisation,True,ok,61.90996768170297,3.7902277599784115,67.9285378210139,55.14550898606314,31.753271707297372,1.0,0.001,1.0,0.001,,,,,0,0,[],[],False,True,False,True,False,0.007071067811865475,0.007046077997008264,24,24,24,0,0.0,{},0.7821770380538395,0.6947132616487454,0.0,False,True,False,True,False,False,0.0,67.9285378210139,55.14550898606314,67.9285378210139,94.33333333333333,1.0865219906609143,0.04234065844424645,False,0.516496276850459,False,0.022916666666666696,False,False,0.5526001847690937,0.022916666666666696,True,True,0.4017078561990031,0.6878990420727993,True,False,0.2549198379607181,0.00921306327713979,True,False,9.832839394970895,False,False,opposite_direction
850,assignment_isolation,plus_one_randomisation,True,ok,56.85406007493498,3.016423503263207,61.576631312573184,51.0963333454153,32.07174350315239,1.0,0.001,1.0,0.001,,,,,0,0,[],[],False,True,False,True,False,0.007071067811865475,0.007074786499533269,24,24,24,0,0.0,{},0.8014223365287196,0.7124551971326162,0.0,False,True,False,True,False,False,0.0,61.57663131257319,51.0963333454153,61.57663131257319,95.125,1.1065046607489444,0.006650771741998419,False,0.5270354350942956,False,0.01805555555555549,False,False,0.5070756123858265,0.01805555555555549,True,True,0.8706400585215209,0.3839507167493226,True,False,0.19714329297374225,0.19166545158394627,True,False,9.475768715382223,False,False,opposite_direction
851,assignment_isolation,plus_one_randomisation,True,ok,57.435412535593144,4.232695332736723,64.96923957875626,50.37552717293655,31.024615382236984,1.0,0.001,1.0,0.001,,,,,0,0,[],[],False,True,False,True,False,0.007071067811865475,0.007098638821247105,24,24,24,0,0.0,{},0.813075701320132,0.654113247863248,0.0,False,True,False,True,False,False,0.0,64.96923957875626,50.37552717293655,64.96923957875626,95.58333333333333,1.0765707505974478,0.012431735034081137,False,0.5117596086019367,False,0.029166666666666563,False,False,0.5236157089260537,0.029166666666666563,True,True,-0.5047863683825594,0.6137088911737649,True,False,0.18772197578025707,0.09355192977421527,True,False,8.955679615151547,False,False,opposite_direction
852,assignment_isolation,plus_one_randomisation,True,ok,54.73802729593226,4.168014625266179,61.45162523120471,47.98559115595971,31.308246744947237,1.0,0.001,1.0,0.001,,,,,0,0,[],[],False,True,False,True,False,0.007071067811865475,0.007086563595204846,24,24,24,0,0.0,{},0.8109311505863229,0.706959706959707,0.0,False,True,False,True,False,False,0.0,61.45162523120471,47.98559115595972,61.45162523120471,96.29166666666667,1.0885760948728003,0.012100799228124435,False,0.5272567429520323,False,0.017708333333333326,False,False,0.49760944194378354,0.017708333333333326,True,True,0.3430681022927275,0.7315472271813239,True,False,0.18664960270189143,0.022798448671557878,True,False,6.284792498055888,False,False,opposite_direction
853,assignment_isolation,plus_one_randomisation,True,ok,62.44755347117647,3.5657589949818917,68.95622715247872,56.48848094361184,31.94672304778003,1.0,0.001,1.0,0.001,,,,,0,0,[],[],False,True,False,True,False,0.007071067811865475,0.007050252176637406,24,24,24,0,0.0,{},0.7997901812240047,0.7207875457875459,0.0,False,True,False,True,False,False,0.0,68.95622715247872,56.48848094361184,68.95622715247872,97.08333333333333,1.1096175373824277,0.000775962109552311,False,0.5140235486981006,False,0.02430555555555558,False,False,0.5471530571933764,0.02430555555555558,True,True,-1.4380516306922944,0.15041940523512323,True,False,0.15034252364064588,0.11887439570129561,True,False,9.478141208310383,False,False,opposite_direction
854,assignment_isolation,plus_one_randomisation,True,ok,63.29470790579376,4.2791755131261,70.6274606907152,55.77257154428371,31.387888694397866,1.0,0.001,1.0,0.001,,,,,0,0,[],[],False,True,False,True,False,0.007071067811865475,0.0070606493134769245,24,24,24,0,0.0,{},0.8036128026479408,0.6946886446886447,0.0,False,True,False,True,False,False,0.0,70.6274606907152,55.7725715442837,70.6274606907152,95.625,1.0835837260380485,0.012363547476014577,False,0.5152460937132827,False,0.01388888888888884,False,False,0.5634904193842035,0.01388888888888884,True,True,-0.9947148542240777,0.3198749678481896,True,False,0.09649936582138254,0.2476596529359166,True,False,9.346423609448975,False,False,opposite_direction
855,assignment_isolation,plus_one_randomisation,True,ok,60.97192398607343,3.839945384568735,67.76005534650687,54.338275200643224,31.316458815331107,1.0,0.001,1.0,0.001,,,,,0,0,[],[],False,True,False,True,False,0.007071067811865475,0.0071094523274544226,24,24,24,0,0.0,{},0.7995556664080108,0.732170542635659,0.0,False,True,False,True,False,False,0.0,67.76005534650687,54.33827520064322,67.76005534650687,96.08333333333333,1.0911961590242032,0.013340242730673949,False,0.5151475870301243,False,0.039583333333333304,False,False,0.5439961854637811,0.039583333333333304,True,True,-0.9342327461348922,0.3501838475639939,True,False,0.15378200565431388,0.16862760898888168,True,False,7.271293106732624,False,False,opposite_direction
856,assignment_isolation,plus_one_randomisation,True,ok,54.783591539604906,2.965321018668316,60.64776830486994,50.308264596281354,30.825360980211702,1.0,0.001,1.0,0.001,,,,,0,0,[],[],False,True,False,True,False,0.007071067811865475,0.007075871336315107,24,24,24,0,0.0,{},0.8003436426116839,0.7248263888888891,0.0,False,True,False,True,False,False,0.0,60.64776830486994,50.308264596281354,60.64776830486994,96.16666666666667,1.0694743774326105,0.04580821700623877,False,0.503503079565121,False,0.023263888888888862,False,False,0.5057331542299025,0.023263888888888862,True,True,-1.6106781887144654,0.10724988204690973,True,False,0.2203343796149947,0.18463809077355345,True,False,8.512813457832422,False,False,opposite_direction
857,assignment_isolation,plus_one_randomisation,True,ok,60.35558373041679,3.672768579399709,66.60586978930156,53.30038694978731,32.236204393111144,1.0,0.001,1.0,0.001,,,,,0,0,[],[],False,True,False,True,False,0.007071067811865475,0.007026253836319205,24,24,24,0,0.0,{},0.7782474226804124,0.6957875457875459,0.0,False,True,False,True,False,False,0.0,66.60586978930156,53.30038694978731,66.60586978930156,94.375,1.100186275179642,0.007915266636367047,False,0.5325291438551945,False,0.02256944444444442,False,False,0.5359068761086166,0.02256944444444442,True,True,-1.0657443159249296,0.286539238850404,True,False,0.1461138699653739,0.12631907576022702,True,False,9.222122660532857,False,False,opposite_direction
858,assignment_isolation,plus_one_randomisation,True,ok,54.347438734440594,3.5872512573032562,60.7879172858995,48.01162687922989,30.729720749884752,1.0,0.001,1.0,0.001,,,,,0,0,[],[],False,True,False,True,False,0.007071067811865475,0.007054386111015009,24,24,24,0,0.0,{},0.8046362477836879,0.6816666666666666,0.0,False,True,False,True,False,False,0.0,60.7879172858995,48.01162687922989,60.7879172858995,96.83333333333333,1.0665968223379902,0.03390975324931007,False,0.5467519640243851,False,0.017013888888888884,False,False,0.5034083310413507,0.017013888888888884,True,True,-1.4688299735901686,0.14187891199586383,True,False,0.18215279338744692,0.058799868568016486,True,False,8.339048316447096,False,False,opposite_direction
859,assignment_isolation,plus_one_randomisation,True,ok,65.54821371939619,4.318663630106667,72.76310285914866,57.90890010357468,31.867427193845547,1.0,0.001,1.0,0.001,,,,,0,0,[],[],False,True,False,True,False,0.007071067811865475,0.007063000644464859,24,24,24,0,0.0,{},0.7935526315789473,0.6648313492063491,0.0,False,True,False,True,False,False,0.0,72.76310285914866,57.90890010357467,72.76310285914866,95.375,1.0990653798400505,0.0024836395124969656,False,0.50351668851698,False,0.012499999999999956,False,False,0.5725736670625586,0.012499999999999956,True,True,0.9111463901963281,0.36221824638639266,True,False,0.08488966983182568,0.5174646278416017,True,False,10.319415462047123,False,False,opposite_direction
860,assignment_isolation,plus_one_randomisation,True,ok,56.758073130953136,3.7321671045139575,62.83910721264103,49.65641019137866,30.834792000724846,1.0,0.001,1.0,0.001,,,,,0,0,[],[],False,True,False,True,False,0.007071067811865475,0.00706894020823671,24,24,24,0,0.0,{},0.7983713605823068,0.6816287878787879,0.0,False,True,False,True,False,False,0.0,62.83910721264103,49.65641019137866,62.83910721264103,95.83333333333333,1.0668997980758388,0.003440744726625103,False,0.5231746580480267,False,0.02430555555555558,False,False,0.5223649740576937,0.02430555555555558,True,True,0.1265242699975759,0.8993169387405636,True,False,0.08909153974931691,0.330894147261333,True,False,8.090877199914528,False,False,opposite_direction
861,assignment_isolation,plus_one_randomisation,True,ok,64.0244945866873,3.5567629818441433,70.38465509267593,58.43762284134236,31.92649879669347,1.0,0.001,1.0,0.001,,,,,0,0,[],[],False,True,False,True,False,0.007071067811865475,0.007017184242231777,24,24,24,0,0.0,{},0.777597587719298,0.6651041666666665,0.0,False,True,False,True,False,False,0.0,70.38465509267593,58.43762284134235,70.38465509267593,95.83333333333333,1.096585440515903,0.03161465465532249,False,0.521679578847935,False,0.03125,False,False,0.5632875891505658,0.03125,True,True,-0.17136948785396883,0.8639332450196032,True,False,0.09049279589509367,0.5037880895825284,True,False,7.9360484453760884,False,False,opposite_direction
862,assignment_isolation,plus_one_randomisation,True,ok,55.94480949853877,3.5399463450660744,62.626599652278856,49.741272222347796,30.824348394813338,1.0,0.001,1.0,0.001,,,,,0,0,[],[],False,True,False,True,False,0.007071067811865475,0.007080514650430207,24,24,24,0,0.0,{},0.8142287414965984,0.6600980392156861,0.0,False,True,False,True,False,False,0.0,62.626599652278856,49.741272222347796,62.626599652278856,96.58333333333333,1.0724568554678837,0.005850937010692844,False,0.4992970019516824,False,0.0215277777777777,False,False,0.513725593442174,0.0215277777777777,True,True,-0.3439111921675945,0.7309130745823882,True,False,0.3082852289137919,0.009592675851039732,True,False,9.133275741682061,False,False,opposite_direction
863,assignment_isolation,plus_one_randomisation,True,ok,55.578488169239414,3.244333904166113,60.64314902442896,48.86310595315663,30.770691158110836,1.0,0.001,1.0,0.001,,,,,0,0,[],[],False,True,False,True,False,0.007071067811865475,0.007040230838773812,24,24,24,0,0.0,{},0.8062365319865319,0.6755952380952381,0.0,False,True,False,True,False,False,0.0,60.64314902442896,48.86310595315663,60.64314902442896,95.5,1.0585121336530814,0.012743671366618706,False,0.5087192509935183,False,0.01840277777777788,False,False,0.5165933923986019,0.01840277777777788,True,True,-1.4782361249638827,0.13934458778414083,True,False,0.15495092242650896,0.15565210427616355,True,False,7.530438192858312,False,False,opposite_direction
864,assignment_isolation,plus_one_randomisation,True,ok,53.734719175959206,3.571360250334854,60.14796267461131,47.35980101016827,30.47816707239324,1.0,0.001,1.0,0.001,,,,,0,0,[],[],False,True,False,True,False,0.007071067811865475,0.00707295422713378,24,24,24,0,0.0,{},0.8103081597222221,0.7250000000000001,0.0,False,True,False,True,False,False,0.0,60.14796267461131,47.35980101016827,60.14796267461131,97.04166666666667,1.0617904642179081,0.003203871053665297,False,0.5173533101796193,False,0.005555555555555647,False,False,0.5004181441614959,0.005555555555555647,True,True,1.3655081366224362,0.17209339750399033,True,False,0.25385826147831925,0.0322441512006176,True,False,9.534215518296248,False,False,opposite_direction
865,assignment_isolation,plus_one_randomisation,True,ok,55.15153801466147,4.140377296386538,62.558189856491545,47.928796757445,31.09277219898184,1.0,0.001,1.0,0.001,,,,,0,0,[],[],False,True,False,True,False,0.007071067811865475,0.0070592329820958035,24,24,24,0,0.0,{},0.8058883862823479,0.6901685393258427,0.0,False,True,False,True,False,False,0.0,62.558189856491545,47.92879675744499,62.558189856491545,96.08333333333333,1.0757491101397816,0.018299519443832915,False,0.4939879169627209,False,0.017013888888888884,False,False,0.5061035724580402,0.017013888888888884,True,True,0.588304229433714,0.5563281072371362,True,False,0.14874471267232584,0.18173950946548995,True,False,9.294291445764594,False,False,opposite_direction
866,assignment_isolation,plus_one_randomisation,True,ok,60.067850322379435,3.5385677522830843,66.25261339773431,54.14117234889539,31.872393552258224,1.0,0.001,1.0,0.001,,,,,0,0,[],[],False,True,False,True,False,0.007071067811865475,0.007060068263014179,24,24,24,0,0.0,{},0.8017152777777778,0.6946759259259261,0.0,False,True,False,True,False,False,0.0,66.25261339773431,54.14117234889539,66.25261339773431,95.41666666666667,1.099020274322295,0.014193945427589715,False,0.49077257124526785,False,0.01736111111111116,False,False,0.5342683899995299,0.01736111111111116,True,True,-0.5477145648530236,0.5838879097011168,True,False,0.17122326789258854,0.12098313266561764,True,False,7.562744486127479,False,False,opposite_direction
867,assignment_isolation,plus_one_randomisation,True,ok,56.73623939749688,2.6323058709291773,61.241906380675914,52.29322842683559,30.384369126581973,1.0,0.001,1.0,0.001,,,,,0,0,[],[],False,True,False,True,False,0.007071067811865475,0.007090366058628169,24,24,24,0,0.0,{},0.793640350877193,0.7232954545454544,0.0,False,True,False,True,False,False,0.0,61.241906380675914,52.29322842683559,61.241906380675914,95.66666666666667,1.0535840957666478,0.0059548002094322525,False,0.5130357105001817,False,0.015972222222222276,False,False,0.5277286286443271,0.015972222222222276,True,True,-0.1881850423986219,0.8507315974498827,True,False,0.13100146016704556,0.2896830531744642,True,False,9.084579282637655,False,False,opposite_direction
868,assignment_isolation,plus_one_randomisation,True,ok,62.348872606769895,2.626553205554452,66.91241519895512,57.75553680629832,31.577968483656775,1.0,0.001,1.0,0.001,,,,,0,0,[],[],False,True,False,True,False,0.007071067811865475,0.007042614168369685,24,24,24,0,0.0,{},0.7952665738049095,0.6712546816479402,0.0,False,True,False,True,False,False,0.0,66.91241519895512,57.75553680629832,66.91241519895512,95.58333333333333,1.087124224587301,0.01429288353410689,False,0.5082973183499272,False,0.026388888888888906,False,False,0.5554596812651332,0.026388888888888906,True,True,-1.4612938588831166,0.14393481446512493,True,False,0.10930100130320342,0.4253302537139552,True,False,8.41008401451288,False,False,opposite_direction
869,assignment_isolation,plus_one_randomisation,True,ok,60.498766065720226,4.230440664410944,68.26552105943298,53.360540106712016,30.825833894082947,1.0,0.001,1.0,0.001,,,,,0,0,[],[],False,True,False,True,False,0.007071067811865475,0.007080971749105115,24,24,24,0,0.0,{},0.7999563687865494,0.7036516853932584,0.0,False,True,False,True,False,False,0.0,68.26552105943298,53.360540106712016,68.26552105943298,95.875,1.068637446489619,0.0002864067313274207,False,0.5058419801576113,False,0.017708333333333326,False,False,0.5497601099135697,0.017708333333333326,True,True,0.461284001938693,0.64459486121799,True,False,0.14691138290211136,0.18892633891049185,True,False,7.702520993553939,False,False,opposite_direction
870,assignment_isolation,plus_one_randomisation,True,ok,62.23181289375652,4.91271163746446,69.75042777421628,53.47439091673992,31.12918218988278,1.0,0.001,1.0,0.001,,,,,0,0,[],[],False,True,False,True,False,0.007071067811865475,0.007077420742325739,24,24,24,0,0.0,{},0.8117869550112905,0.7298460144927538,0.0,False,True,False,True,False,False,0.0,69.75042777421628,53.474390916739914,69.75042777421628,97.33333333333333,1.086784732081062,0.012509549577744613,False,0.5093277444402745,False,0.022222222222222254,False,False,0.5547716697640572,0.022222222222222254,True,True,-0.008801752375871965,0.9929773083470416,True,False,0.19541354923990023,0.19165210124921855,True,False,8.797540817041787,False,False,opposite_direction
871,assignment_isolation,plus_one_randomisation,True,ok,61.2140300585869,3.557725747866612,67.1554766010933,54.47446969260148,31.29911613137364,1.0,0.001,1.0,0.001,,,,,0,0,[],[],False,True,False,True,False,0.007071067811865475,0.0070424643244940055,24,24,24,0,0.0,{},0.7909213917525775,0.7041208791208792,0.0,False,True,False,True,False,False,0.0,67.1554766010933,54.47446969260148,67.1554766010933,95.04166666666667,1.0744439263918268,0.0037045432327384746,False,0.5226302364257603,False,0.029166666666666674,False,False,0.55254469856567,0.029166666666666674,True,True,0.8733632735693212,0.38246510252518917,True,False,0.13513599958798977,0.1424869721136252,True,False,10.573115367159868,False,False,opposite_direction
872,assignment_isolation,plus_one_randomisation,True,ok,62.24691090278568,3.9409483590322196,70.52031371323844,56.25241221329312,31.596954644606907,1.0,0.001,1.0,0.001,,,,,0,0,[],[],False,True,False,True,False,0.007071067811865475,0.007110194566232586,24,24,24,0,0.0,{},0.8131879295532646,0.7203703703703703,0.0,False,True,False,True,False,False,0.0,70.52031371323844,56.25241221329312,70.52031371323844,96.04166666666667,1.100845978445913,0.018725656467767332,False,0.5248347200524647,False,0.02430555555555558,False,False,0.5492286122290772,0.02430555555555558,True,True,-0.0667517706277446,0.9467793191832651,True,False,0.10227966444819434,0.2779633733109715,True,False,8.43115530539777,False,False,opposite_direction
873,assignment_isolation,plus_one_randomisation,True,ok,55.22909842654548,3.6120894693987244,61.06029562982506,48.082576131010995,31.30137095401831,1.0,0.001,1.0,0.001,,,,,0,0,[],[],False,True,False,True,False,0.007071067811865475,0.007041522724572432,24,24,24,0,0.0,{},0.8029441953549095,0.7248168498168498,0.0,False,True,False,True,False,False,0.0,61.060295629825056,48.082576131010995,61.060295629825056,96.20833333333333,1.0809517141318536,0.005431538333206617,False,0.5183579442450992,False,0.019444444444444486,False,False,0.5046030556192385,0.019444444444444486,True,True,0.35713515158536696,0.7209906301954635,True,False,0.1376579202340466,0.0888164538581116,True,False,8.494745579601316,False,False,opposite_direction
874,assignment_isolation,plus_one_randomisation,True,ok,61.578598608631154,2.919757714786113,67.41856183892689,57.17352365901398,31.118991900913805,1.0,0.001,1.0,0.001,,,,,0,0,[],[],False,True,False,True,False,0.007071067811865475,0.007095329757013984,24,24,24,0,0.0,{},0.8007049663299664,0.7019662921348315,0.0,False,True,False,True,False,False,0.0,67.41856183892689,57.17352365901397,67.41856183892689,95.375,1.0781653827809563,0.008313952700571529,False,0.5153422128672729,False,0.026388888888888906,False,False,0.5536344424070495,0.026388888888888906,True,True,-0.019049811210319983,0.9848013690066127,True,False,0.17313193127486798,0.08176239396010121,True,False,7.857260958134605,False,False,opposite_direction
875,assignment_isolation,plus_one_randomisation,True,ok,56.85726157740712,3.5005458440223824,62.48713879442184,50.213877724831995,30.80791139393135,1.0,0.001,1.0,0.001,,,,,0,0,[],[],False,True,False,True,False,0.007071067811865475,0.0070620872424122195,24,24,24,0,0.0,{},0.7995623172514621,0.6835365853658538,0.0,False,True,False,True,False,False,0.0,62.48713879442184,50.213877724831995,62.48713879442184,95.75,1.0644731970624417,0.02736717659178174,False,0.508463111387488,False,0.02187500000000009,False,False,0.524137122642788,0.02187500000000009,True,True,0.35947236953741163,0.7192417442734353,True,False,0.07655735277672737,0.36019804384508286,True,False,7.662789100767907,False,False,opposite_direction
876,assignment_isolation,plus_one_randomisation,True,ok,59.934267508806805,3.7809364481182346,65.48725461926927,53.07666140590966,31.410969526633448,1.0,0.001,1.0,0.001,,,,,0,0,[],[],False,True,False,True,False,0.007071067811865475,0.007073203806212069,24,24,24,0,0.0,{},0.8149909963985594,0.7075670498084293,0.0,False,True,False,True,False,False,0.0,65.48725461926927,53.07666140590967,65.48725461926927,96.41666666666667,1.09079609426209,0.001803529167562957,False,0.49912958234225907,False,0.014236111111111116,False,False,0.5365971911733584,0.014236111111111116,True,True,0.16584235043206766,0.8682810167542734,True,False,0.1504261257772606,0.2341675321828367,True,False,9.466216925652017,False,False,opposite_direction
877,assignment_isolation,plus_one_randomisation,True,ok,58.18667448204692,3.0416023906987815,63.762674611680104,52.906570658720646,30.76493862822149,1.0,0.001,1.0,0.001,,,,,0,0,[],[],False,True,False,True,False,0.007071067811865475,0.007087382157200137,24,24,24,0,0.0,{},0.8034790891369841,0.6983146067415731,0.0,False,True,False,True,False,False,0.0,63.762674611680104,52.906570658720646,63.762674611680104,95.16666666666667,1.0635412458956919,0.019074047071238713,False,0.522454355821856,False,0.014236111111111116,False,False,0.5347075513876606,0.014236111111111116,True,True,-0.8633983451995966,0.3879184889620986,True,False,0.15126562101789795,0.047016244631378976,True,False,7.544760785758148,False,False,opposite_direction
878,assignment_isolation,plus_one_randomisation,True,ok,61.96507234580653,4.079173639316576,68.74788844927777,54.9417446419213,31.46971656530256,1.0,0.001,1.0,0.001,,,,,0,0,[],[],False,True,False,True,False,0.007071067811865475,0.0071278806968685035,24,24,24,0,0.0,{},0.7998207056101793,0.7289007092198581,0.0,False,True,False,True,False,False,0.0,68.74788844927777,54.9417446419213,68.74788844927777,95.04166666666667,1.0934030464956284,0.018796615645516167,False,0.5159510376248825,False,0.026388888888888906,False,False,0.5502162850471747,0.026388888888888906,True,True,1.3119840307363562,0.18952552276112877,True,False,0.3163535896129182,0.04732914000431243,True,False,9.620212074800987,False,False,opposite_direction
879,assignment_isolation,plus_one_randomisation,True,ok,61.74265153814205,2.7831119796563843,66.33666896218224,56.92040730674041,32.04380975029672,1.0,0.001,1.0,0.001,,,,,0,0,[],[],False,True,False,True,False,0.007071067811865475,0.007065520794282817,24,24,24,0,0.0,{},0.8079149336502278,0.6900000000000001,0.0,False,True,False,True,False,False,0.0,66.33666896218224,56.92040730674041,66.33666896218224,96.79166666666667,1.11372331617415,0.017032895466539563,False,0.4964576415919735,False,0.023263888888888973,False,False,0.5405293249701776,0.023263888888888973,True,True,1.3018444697504736,0.19296955846521568,True,False,0.22162669576947727,0.023789134861210485,True,False,11.249906839497125,False,False,opposite_direction
880,assignment_isolation,plus_one_randomisation,True,ok,58.819481013013956,3.820710682955288,64.87306579626919,52.20748557033316,32.03892590845704,1.0,0.001,1.0,0.001,,,,,0,0,[],[],False,True,False,True,False,0.007071067811865475,0.007076668455995618,24,24,24,0,0.0,{},0.812333316665,0.7150000000000001,0.0,False,True,False,True,False,False,0.0,64.87306579626919,52.207485570333155,64.87306579626919,96.83333333333333,1.115550519302642,0.029012946170675683,False,0.518652627312952,False,0.017013888888888884,False,False,0.5184389906782199,0.017013888888888884,True,True,-0.5445645020842148,0.5860530746371067,True,False,0.14070933712601508,0.2510725407184258,True,False,7.869052172062926,False,False,opposite_direction
881,assignment_isolation,plus_one_randomisation,True,ok,60.54288198865911,3.044659714295144,65.65951453991511,55.40630134358868,31.191125153439078,1.0,0.001,1.0,0.001,,,,,0,0,[],[],False,True,False,True,False,0.007071067811865475,0.007070453414195878,24,24,24,0,0.0,{},0.803719591245329,0.7102059925093632,0.0,False,True,False,True,False,False,0.0,65.65951453991511,55.40630134358869,65.65951453991511,95.29166666666667,1.076405163022617,0.02392275912512462,False,0.5210897660007551,False,0.03229166666666661,False,False,0.5468949087642875,0.03229166666666661,True,True,1.29403161137616,0.19565450199498058,True,False,0.25621776678768005,0.013842693349680293,True,False,9.270809084803744,False,False,opposite_direction
882,assignment_isolation,plus_one_randomisation,True,ok,69.58251571648319,5.571520644460791,79.9591494878111,61.3928452577449,33.086654582860696,1.0,0.001,1.0,0.001,,,,,0,0,[],[],False,True,False,True,False,0.007071067811865475,0.007089798934497913,24,24,24,0,0.0,{},0.7877192982456138,0.6984939759036144,0.0,False,True,False,True,False,False,0.0,79.9591494878111,61.3928452577449,79.9591494878111,94.83333333333333,1.1421871994906776,0.00841638981319198,False,0.5193417588725512,False,0.019444444444444375,False,False,0.5818019716152663,0.019444444444444375,True,True,-0.16005448868406075,0.8728381516668292,True,False,0.22651396488038192,0.0676012399430125,True,False,9.504430305591075,False,False,opposite_direction
883,assignment_isolation,plus_one_randomisation,True,ok,66.98304130915712,3.9844148238669455,74.00330715640669,60.38564048968223,31.719440268422034,1.0,0.001,1.0,0.001,,,,,0,0,[],[],False,True,False,True,False,0.007071067811865475,0.007069675237443194,24,24,24,0,0.0,{},0.8012372364953887,0.6868773946360153,0.0,False,True,False,True,False,False,0.0,74.00330715640669,60.38564048968223,74.00330715640669,96.29166666666667,1.1002448264870501,0.014340812683034245,False,0.5157935495379027,False,0.018750000000000044,False,False,0.5815154418976191,0.018750000000000044,True,True,0.6969451459756467,0.4858371230954741,True,False,0.19725809658213864,0.21729268562769383,True,False,9.262222786633018,False,False,opposite_direction
884,assignment_isolation,plus_one_randomisation,True,ok,63.27592778965709,4.620344479469239,71.05785728786715,55.803255647309285,31.76604838051886,1.0,0.001,1.0,0.001,,,,,0,0,[],[],False,True,False,True,False,0.007071067811865475,0.007063269659151531,24,24,24,0,0.0,{},0.7910855870533288,0.7083333333333333,0.0,False,True,False,True,False,False,0.0,71.05785728786715,55.80325564730928,71.05785728786715,95.91666666666667,1.098717452397145,0.006062571550134119,False,0.5068412803813221,False,0.012847222222222232,False,False,0.5572818847450578,0.012847222222222232,True,True,-0.8948461222578882,0.3708693511394523,True,False,0.1758238987315389,0.09465604797138405,True,False,8.966631555210299,False,False,opposite_direction
885,assignment_isolation,plus_one_randomisation,True,ok,62.73306048277036,4.1852045887602225,69.76471298773693,54.93574431879425,32.21392941520939,1.0,0.001,1.0,0.001,,,,,0,0,[],[],False,True,False,True,False,0.007071067811865475,0.00704430176835256,24,24,24,0,0.0,{},0.8076088917525774,0.7204119850187267,0.0,False,True,False,True,False,False,0.0,69.76471298773693,54.93574431879424,69.76471298773693,97.79166666666667,1.1220251284266722,0.015778681276647662,False,0.5148852745580411,False,0.023263888888888973,False,False,0.5442666586232664,0.023263888888888973,True,True,-1.3514237025314904,0.176559745315096,True,False,0.12230755371668481,0.2751191880073997,True,False,9.548240019587968,False,False,opposite_direction
886,assignment_isolation,plus_one_randomisation,True,ok,63.71086615204707,4.25747153937377,72.0239332397187,57.060651659186426,31.805569490263604,1.0,0.001,1.0,0.001,,,,,0,0,[],[],False,True,False,True,False,0.007071067811865475,0.007078389302366884,24,24,24,0,0.0,{},0.8062282986111109,0.7331460674157303,0.0,False,True,False,True,False,False,0.0,72.0239332397187,57.060651659186426,72.0239332397187,97.25,1.1100752763086796,0.010707645499598415,False,0.543659673352184,False,0.015972222222222165,False,False,0.5557747150483653,0.015972222222222165,True,True,0.06716847999499709,0.9464475777570563,True,False,0.111533267855565,0.20356591504517627,True,False,9.637937022461065,False,False,opposite_direction
887,assignment_isolation,plus_one_randomisation,True,ok,57.19975868632604,3.671428723064308,64.23212207554339,51.3936927025727,30.961540018329874,1.0,0.001,1.0,0.001,,,,,0,0,[],[],False,True,False,True,False,0.007071067811865475,0.007080079971772808,24,24,24,0,0.0,{},0.7994230072463768,0.6641762452107279,0.0,False,True,False,True,False,False,0.0,64.23212207554339,51.3936927025727,64.23212207554339,96.33333333333333,1.0757689766254566,0.01282936448217563,False,0.4928628983377617,False,0.025347222222222188,False,False,0.5221329018886074,0.025347222222222188,True,True,2.169356817424666,0.03005560472043159,True,False,0.23525283307776776,0.18875669153756527,True,False,9.47814246734332,False,False,opposite_direction
888,assignment_isolation,plus_one_randomisation,True,ok,54.25140984234148,3.779349584660947,61.34039993229606,48.14475196546154,32.203046383549506,1.0,0.001,1.0,0.001,,,,,0,0,[],[],False,True,False,True,False,0.007071067811865475,0.00701833796070628,24,24,24,0,0.0,{},0.7720099981135635,0.6601799242424242,0.0,False,True,False,True,False,False,0.0,61.34039993229606,48.144751965461545,61.34039993229606,94.16666666666667,1.0966040310666716,0.00613253388568232,False,0.4959433872983784,False,0.03819444444444442,False,False,0.4904970073377719,0.03819444444444442,True,True,0.38848140237702034,0.6976598142572772,True,False,0.13504071424095332,0.3122964512544024,True,False,7.6274891634801385,False,False,opposite_direction
889,assignment_isolation,plus_one_randomisation,True,ok,60.13066229879693,3.5175989990733605,65.47114302015537,53.31455163506425,30.597635694113084,1.0,0.001,1.0,0.001,,,,,0,0,[],[],False,True,False,True,False,0.007071067811865475,0.007071455185614737,24,24,24,0,0.0,{},0.8121111379754997,0.6814257028112449,0.0,False,True,False,True,False,False,0.0,65.47114302015537,53.31455163506425,65.47114302015537,95.45833333333333,1.0569966015730043,0.017555003145762953,False,0.5022072539083062,False,0.017013888888888884,False,False,0.5518922090289972,0.017013888888888884,True,True,2.351317305706744,0.018707073611225585,True,False,0.22566355859154064,0.007864211246759432,True,False,9.746035336308877,False,False,opposite_direction
890,assignment_isolation,plus_one_randomisation,True,ok,59.28423859275312,3.794444284888355,66.05932326149545,52.52128559309698,31.31107729711525,1.0,0.001,1.0,0.001,,,,,0,0,[],[],False,True,False,True,False,0.007071067811865475,0.007081480588599852,24,24,24,0,0.0,{},0.812392769607843,0.7242337164750957,0.0,False,True,False,True,False,False,0.0,66.05932326149545,52.52128559309697,66.05932326149545,96.125,1.0869517349558426,0.006934453134169853,False,0.5100981285348831,False,0.018402777777777768,False,False,0.5333476628244771,0.018402777777777768,True,True,0.790238474962981,0.42938851026575553,True,False,0.0501679624357641,0.4585713367698489,True,False,7.976138964217738,False,False,opposite_direction
891,assignment_isolation,plus_one_randomisation,True,ok,59.792579711193845,3.803243498850726,66.88838109560014,53.803910646602205,31.075868333094,1.0,0.001,1.0,0.001,,,,,0,0,[],[],False,True,False,True,False,0.007071067811865475,0.007060771099142058,24,24,24,0,0.0,{},0.7969980506822611,0.6748084291187737,0.0,False,True,False,True,False,False,0.0,66.88838109560014,53.8039106466022,66.88838109560014,95.70833333333333,1.0732979163540302,0.05059409154697362,False,0.5288851586944395,False,0.019791666666666652,False,False,0.5426781610122883,0.019791666666666652,True,True,0.9414389836088869,0.3464799439333538,True,False,0.27285742859288953,0.10834849181548754,True,False,9.235197472290674,False,False,opposite_direction
892,assignment_isolation,plus_one_randomisation,True,ok,58.444193284459146,4.013976145651411,65.08326077949332,51.878758856642136,30.666565821609492,1.0,0.001,1.0,0.001,,,,,0,0,[],[],False,True,False,True,False,0.007071067811865475,0.007071109559572236,24,24,24,0,0.0,{},0.7988820496632996,0.7254578754578755,0.0,False,True,False,True,False,False,0.0,65.08326077949332,51.87875885664213,65.08326077949332,96.83333333333333,1.0669281064832328,0.03619528652504172,False,0.529605934640279,False,0.007291666666666696,False,False,0.5352524288031372,0.007291666666666696,True,True,-1.6045656997732276,0.10858941498797395,True,False,0.22399358599792996,0.15701579362740883,True,False,7.968621730223293,False,False,opposite_direction
893,assignment_isolation,plus_one_randomisation,True,ok,57.24370727580521,4.401301405740634,65.25173374642401,50.699489323981695,31.041961210327848,1.0,0.001,1.0,0.001,,,,,0,0,[],[],False,True,False,True,False,0.007071067811865475,0.007080826515237052,24,24,24,0,0.0,{},0.783764530495169,0.6983516483516485,0.0,False,True,False,True,False,False,0.0,65.25173374642401,50.69948932398169,65.25173374642401,95.33333333333333,1.0730636896538905,0.0012372097831663722,False,0.5118383994458648,False,0.028472222222222232,False,False,0.5235802932798235,0.028472222222222232,True,True,-1.1119221332724822,0.2661716313578374,True,False,0.2132419779124989,0.2625992833875968,True,False,7.777433985969686,False,False,opposite_direction
894,assignment_isolation,plus_one_randomisation,True,ok,65.0755896183186,4.17422404975574,71.60980796361872,57.52393437115123,31.775843224283477,1.0,0.001,1.0,0.001,,,,,0,0,[],[],False,True,False,True,False,0.007071067811865475,0.007077220166393147,24,24,24,0,0.0,{},0.7664824539977202,0.693864468864469,0.0,False,True,False,True,False,False,0.0,71.60980796361872,57.52393437115123,71.60980796361872,93.25,1.0858109449667794,0.04018196677279386,False,0.5187745486053543,False,0.018402777777777768,False,False,0.5747057109190478,0.018402777777777768,True,True,-0.736238700882632,0.46158544377526045,True,False,0.10422163462980319,0.39440256854372885,True,False,7.856085815208031,False,False,opposite_direction
895,assignment_isolation,plus_one_randomisation,True,ok,57.636143836185084,4.352178260495697,65.20045468769227,50.3540459656756,32.05421834081608,1.0,0.001,1.0,0.001,,,,,0,0,[],[],False,True,False,True,False,0.007071067811865475,0.007020442894097396,24,24,24,0,0.0,{},0.8002220929373524,0.6898148148148148,0.0,False,True,False,True,False,False,0.0,65.20045468769227,50.3540459656756,65.20045468769227,96.83333333333333,1.1072154754065302,0.015697227591439166,False,0.5223872490222893,False,0.025694444444444464,False,False,0.5127968147913975,0.025694444444444464,True,True,-1.6084969215427507,0.10772638988499568,True,False,0.22854153871859714,0.07097794473335033,True,False,7.475703383865043,False,False,opposite_direction
896,assignment_isolation,plus_one_randomisation,True,ok,59.92227340266441,3.620484913588537,66.01516167365908,53.90039459904956,31.07352863712596,1.0,0.001,1.0,0.001,,,,,0,0,[],[],False,True,False,True,False,0.007071067811865475,0.007111733354925165,24,24,24,0,0.0,{},0.8086021505376345,0.7066666666666668,0.0,False,True,False,True,False,False,0.0,66.01516167365908,53.90039459904957,66.01516167365908,95.25,1.0783718315114612,0.04796269380192898,False,0.5169888167759497,False,0.022916666666666585,False,False,0.541555408681022,0.022916666666666585,True,True,2.385719069950073,0.017045766698663933,True,False,0.24909034161187213,0.0347564963754506,True,False,8.846292127595893,False,False,opposite_direction
897,assignment_isolation,plus_one_randomisation,True,ok,59.76878585338378,3.3000909391831077,65.56478179348639,54.85914318361219,31.300915428532708,1.0,0.001,1.0,0.001,,,,,0,0,[],[],False,True,False,True,False,0.007071067811865475,0.007055652842294309,24,24,24,0,0.0,{},0.7911080236970217,0.711379928315412,0.0,False,True,False,True,False,False,0.0,65.56478179348639,54.85914318361219,65.56478179348639,96.29166666666667,1.0835740593249816,0.02308287044707312,False,0.5164767443674468,False,0.010069444444444464,False,False,0.5383058095001135,0.010069444444444464,True,True,-0.20441491995323607,0.8380292719013812,True,False,0.15767368303836823,0.11581770316036957,True,False,8.366350670136187,False,False,opposite_direction
898,assignment_isolation,plus_one_randomisation,True,ok,64.40927486895863,3.577875032922363,71.20863685000462,58.68800749458602,31.864511654180575,1.0,0.001,1.0,0.001,,,,,0,0,[],[],False,True,False,True,False,0.007071067811865475,0.0070261884365413075,24,24,24,0,0.0,{},0.7818128360215053,0.6267068273092369,0.0,False,True,False,True,False,False,0.0,71.20863685000462,58.68800749458601,71.20863685000462,95.16666666666667,1.0920423812441375,0.020687589988477473,False,0.5296700998911046,False,0.020486111111111094,False,False,0.5677232656513035,0.020486111111111094,True,True,0.5566982808221329,0.5777335917273188,True,False,0.1757509591315198,0.2533789361232334,True,False,10.362719153428182,False,False,opposite_direction
899,assignment_isolation,plus_one_randomisation,True,ok,61.968735511614625,4.014913905119544,68.33222981479122,55.00141878965023,31.980718426491293,1.0,0.001,1.0,0.001,,,,,0,0,[],[],False,True,False,True,False,0.007071067811865475,0.007035010514134276,24,24,24,0,0.0,{},0.7746833930704898,0.6201550387596901,0.0,False,True,False,True,False,False,0.0,68.33222981479122,55.001418789650224,68.33222981479122,94.125,1.0913786795799292,0.01977185421165388,False,0.5402761214914737,False,0.024652777777777746,False,False,0.5510569999327608,0.024652777777777746,True,True,0.2426835366378853,0.808250562108889,True,False,0.2085021892069614,0.045557745957110686,True,False,8.526930930457775,False,False,opposite_direction
900,assignment_isolation,plus_one_randomisation,True,ok,58.74305134609123,2.878524545194982,63.69300789051258,53.70823743478266,31.764207199082882,1.0,0.001,1.0,0.001,,,,,0,0,[],[],False,True,False,True,False,0.007071067811865475,0.007045229890597365,24,24,24,0,0.0,{},0.7881431922281323,0.6748039215686272,0.0,False,True,False,True,False,False,0.0,63.69300789051258,53.70823743478266,63.69300789051258,95.79166666666667,1.0951334853992964,0.01732357416960591,False,0.5288107876331635,False,0.022222222222222254,False,False,0.5260019209940678,0.022222222222222254,True,True,-0.11573139523701138,0.9078654236278483,True,False,0.09396024779344936,0.11997839304845449,True,False,7.684544770020131,False,False,opposite_direction
901,assignment_isolation,plus_one_randomisation,True,ok,57.731919817092745,4.169130890074722,66.02388124435696,51.17067002979289,31.418163590370927,1.0,0.001,1.0,0.001,,,,,0,0,[],[],False,True,False,True,False,0.007071067811865475,0.0070754520631869985,24,24,24,0,0.0,{},0.8057138315781933,0.7075581395348836,0.0,False,True,False,True,False,False,0.0,66.02388124435696,51.17067002979289,66.02388124435696,96.33333333333333,1.0909209649727156,0.017119425957901828,False,0.5285013136145356,False,0.016666666666666607,False,False,0.5200516481790488,0.016666666666666607,True,True,-1.154268116305149,0.24839026387813523,True,False,0.22277874110637816,0.023836688148112004,True,False,9.252221884302815,False,False,opposite_direction
902,assignment_isolation,plus_one_randomisation,True,ok,60.49571235140567,4.2817259673798915,68.36187942673519,53.35944653060507,31.211027207426927,1.0,0.001,1.0,0.001,,,,,0,0,[],[],False,True,False,True,False,0.007071067811865475,0.007064782399887657,24,24,24,0,0.0,{},0.7831605057668887,0.7400362318840578,0.0,False,True,False,True,False,False,0.0,68.36187942673519,53.35944653060508,68.36187942673519,95.83333333333333,1.0792825455178767,0.021902399744832785,False,0.5268052988265501,False,0.01215277777777779,False,False,0.5453770725147946,0.01215277777777779,True,True,0.17442459862656132,0.8615317837180695,True,False,0.11665102334889689,0.3164285770286743,True,False,10.23096819723486,False,False,opposite_direction
903,assignment_isolation,plus_one_randomisation,True,ok,62.264986360478495,3.7601221017504622,68.31114859662124,56.48102400669098,31.512162118135162,1.0,0.001,1.0,0.001,,,,,0,0,[],[],False,True,False,True,False,0.007071067811865475,0.007063541684689026,24,24,24,0,0.0,{},0.8049791666666666,0.7124531835205994,0.0,False,True,False,True,False,False,0.0,68.31114859662124,56.48102400669098,68.31114859662124,96.41666666666667,1.0928153216035439,0.007037495630642795,False,0.5202853545185848,False,0.033333333333333326,False,False,0.5525749561302015,0.033333333333333326,True,True,0.7080530306794007,0.47891232601828093,True,False,0.15622877916338682,0.39168420902929907,True,False,8.173750561014243,False,False,opposite_direction
904,assignment_isolation,plus_one_randomisation,True,ok,59.88737931504611,4.264782571654967,66.87138025419094,51.9841500188338,31.494126399367243,1.0,0.001,1.0,0.001,,,,,0,0,[],[],False,True,False,True,False,0.007071067811865475,0.007031929805109985,24,24,24,0,0.0,{},0.7897773305976429,0.6900000000000001,0.0,False,True,False,True,False,False,0.0,66.87138025419094,51.984150018833795,66.87138025419094,95.625,1.0828288579041196,0.0025216924523700575,False,0.5091820005090356,False,0.01736111111111116,False,False,0.5394821281547136,0.01736111111111116,True,True,0.6014454633130357,0.547543325574217,True,False,0.06467165690427877,0.49115245279193,True,False,8.490766239037054,False,False,opposite_direction
905,assignment_isolation,plus_one_randomisation,True,ok,59.491955473931036,4.144183313063958,66.42026640697843,51.04633097769559,31.865759895507743,1.0,0.001,1.0,0.001,,,,,0,0,[],[],False,True,False,True,False,0.007071067811865475,0.007081184842846153,24,24,24,0,0.0,{},0.8175562234665495,0.6666666666666665,0.0,False,True,False,True,False,False,0.0,66.42026640697843,51.04633097769559,66.42026640697843,96.375,1.1075986313351434,0.01863613271413876,False,0.4937118339715328,False,0.018055555555555602,False,False,0.5265968398122498,0.018055555555555602,True,True,-1.7793011926397875,0.07519039554868003,True,False,0.20289998482290647,0.03699698200418967,True,False,7.318637215056426,False,False,opposite_direction
906,assignment_isolation,plus_one_randomisation,True,ok,57.72774632849106,3.924950140151778,64.60970677301913,51.46402640754717,31.095541089276544,1.0,0.001,1.0,0.001,,,,,0,0,[],[],False,True,False,True,False,0.007071067811865475,0.007075788002215564,24,24,24,0,0.0,{},0.7881142635233918,0.6957865168539327,0.0,False,True,False,True,False,False,0.0,64.60970677301913,51.46402640754717,64.60970677301913,95.375,1.0743856787051367,0.015400467007017407,False,0.5039724964464356,False,0.018750000000000044,False,False,0.5267475626741754,0.018750000000000044,True,True,0.2633757258278468,0.7922609982997304,True,False,0.12810433307633062,0.3251441117726691,True,False,9.328346479901752,False,False,opposite_direction
907,assignment_isolation,plus_one_randomisation,True,ok,53.63834938111635,4.308314982819196,60.30455903433685,45.125387842291104,31.5234077460922,1.0,0.001,1.0,0.001,,,,,0,0,[],[],False,True,False,True,False,0.007071067811865475,0.00704927406271921,24,24,24,0,0.0,{},0.8017186469506057,0.7207880434782609,0.0,False,True,False,True,False,False,0.0,60.30455903433685,45.125387842291104,60.30455903433685,96.625,1.09217520492651,0.00200548215433461,False,0.5178897662895565,False,0.017708333333333326,False,False,0.4873071444647063,0.017708333333333326,True,True,2.2480825332094976,0.024570927637082823,True,False,0.22738286190629256,0.007407298113480059,True,False,7.629891112103243,False,False,opposite_direction
908,assignment_isolation,plus_one_randomisation,True,ok,57.49183707661758,3.4643942515507735,63.497738882364914,51.7690542938721,31.249208277196722,1.0,0.001,1.0,0.001,,,,,0,0,[],[],False,True,False,True,False,0.007071067811865475,0.0070632153912170955,24,24,24,0,0.0,{},0.8034251220835593,0.695787037037037,0.0,False,True,False,True,False,False,0.0,63.49773888236492,51.7690542938721,63.49773888236492,96.33333333333333,1.0831778416486044,0.0071092988330973845,False,0.5150117874162123,False,0.013194444444444398,False,False,0.521353293372899,0.013194444444444398,True,True,-0.08975465151758868,0.9284821855226904,True,False,0.10345813979480757,0.3096924445727249,True,False,9.665659674431096,False,False,opposite_direction
909,assignment_isolation,plus_one_randomisation,True,ok,57.68409376209819,4.4518836369387875,65.0364789507902,50.093038464733674,31.337681395814855,1.0,0.001,1.0,0.001,,,,,0,0,[],[],False,True,False,True,False,0.007071067811865475,0.007062445022714891,24,24,24,0,0.0,{},0.7991408934707902,0.6920833333333333,0.0,False,True,False,True,False,False,0.0,65.0364789507902,50.093038464733674,65.0364789507902,95.375,1.0807101261061567,0.01006187020385358,False,0.5023920019144957,False,0.017708333333333326,False,False,0.5238283985343272,0.017708333333333326,True,True,0.6077636271338642,0.5433442563170982,True,False,0.1336048055972477,0.1081805360169439,True,False,9.780495188211159,False,False,opposite_direction
910,assignment_isolation,plus_one_randomisation,True,ok,52.66578582576571,3.7987463505140973,60.90144268398451,47.148991793051664,30.457495707884046,1.0,0.001,1.0,0.001,,,,,0,0,[],[],False,True,False,True,False,0.007071067811865475,0.006995902922912542,24,24,24,0,0.0,{},0.8048317959848075,0.6992673992673994,0.0,False,True,False,True,False,False,0.0,60.90144268398452,47.148991793051664,60.90144268398452,97.20833333333333,1.0504121075985358,0.013817500403337846,False,0.5119412358616856,False,0.04097222222222219,False,False,0.4963386086075553,0.04097222222222219,True,True,-0.32224863128934034,0.7472643453232065,True,False,0.13139191652420948,0.08530091139641162,True,False,7.227295308000238,False,False,opposite_direction
911,assignment_isolation,plus_one_randomisation,True,ok,59.74036723790567,3.9180868718085873,65.85902623865894,52.19251758568712,31.624170305518177,1.0,0.001,1.0,0.001,,,,,0,0,[],[],False,True,False,True,False,0.007071067811865475,0.007066864386458299,24,24,24,0,0.0,{},0.7812282986111112,0.71,0.0,False,True,False,True,False,False,0.0,65.85902623865894,52.19251758568712,65.85902623865894,94.125,1.0840976333819026,0.005177846854347327,False,0.5172617190930996,False,0.017708333333333326,False,False,0.5378834533267097,0.017708333333333326,True,True,-0.491829785101229,0.6228396786309951,True,False,0.2177034550282693,0.02162573321257901,True,False,10.507866077024795,False,False,opposite_direction
912,assignment_isolation,plus_one_randomisation,True,ok,55.60249801717891,4.436870013464223,63.353056185105544,48.18848024306488,30.988916289423436,1.0,0.001,1.0,0.001,,,,,0,0,[],[],False,True,False,True,False,0.007071067811865475,0.007035366001157314,24,24,24,0,0.0,{},0.8235681646395931,0.7066849816849818,0.0,False,True,False,True,False,False,0.0,63.353056185105544,48.18848024306488,63.353056185105544,98.5,1.0818852606209242,0.00935056181671275,False,0.5170864450337297,False,0.020486111111111094,False,False,0.5071816302073556,0.020486111111111094,True,True,1.794900438177026,0.07266956412520316,True,False,0.18267421132151285,0.12675021509859355,True,False,8.26328566259143,False,False,opposite_direction
913,assignment_isolation,plus_one_randomisation,True,ok,61.523395892038394,3.506235235463027,67.63797619526042,55.66396139520158,30.67289818622688,1.0,0.001,1.0,0.001,,,,,0,0,[],[],False,True,False,True,False,0.007071067811865475,0.007061194233134084,24,24,24,0,0.0,{},0.7985964912280703,0.6998062015503876,0.0,False,True,False,True,False,False,0.0,67.63797619526042,55.66396139520159,67.63797619526042,96.0,1.0610566992944497,0.01179904492305721,False,0.5203329794114108,False,0.020486111111111205,False,False,0.5602598727615801,0.020486111111111205,True,True,0.5378094380552008,0.5907086154586498,True,False,0.21153574619844567,0.028437902605182926,True,False,8.964388051893398,False,False,opposite_direction
914,assignment_isolation,plus_one_randomisation,True,ok,56.167324431712736,3.48747307642135,63.25651002632624,50.871636720969484,31.176323589685353,1.0,0.001,1.0,0.001,,,,,0,0,[],[],False,True,False,True,False,0.007071067811865475,0.007031368552907376,24,24,24,0,0.0,{},0.7928763580825438,0.6218253968253968,0.0,False,True,False,True,False,False,0.0,63.25651002632625,50.871636720969484,63.25651002632625,96.5,1.0767091997327105,0.0009508983542902386,False,0.5182748725130691,False,0.023958333333333304,False,False,0.5137310044596023,0.023958333333333304,True,True,-0.6255702215884198,0.5315968758612744,True,False,0.14799119574271147,0.18398825808127486,True,False,7.730482835461767,False,False,opposite_direction
915,assignment_isolation,plus_one_randomisation,True,ok,55.862459766100166,3.7885584930904894,62.891244497432275,49.808225256763926,30.87967909108966,1.0,0.001,1.0,0.001,,,,,0,0,[],[],False,True,False,True,False,0.007071067811865475,0.007081880899751439,24,24,24,0,0.0,{},0.8159511784511786,0.7253745318352061,0.0,False,True,False,True,False,False,0.0,62.891244497432275,49.808225256763926,62.891244497432275,96.29166666666667,1.0729654885585236,0.019381152351122657,False,0.5183450256417077,False,0.021180555555555536,False,False,0.5128692430977667,0.021180555555555536,True,True,-0.5289648013556882,0.5968298675037248,True,False,0.12347143685161753,0.22922445940944536,True,False,10.09126936898893,False,False,opposite_direction
916,assignment_isolation,plus_one_randomisation,True,ok,60.576373611069904,3.777781475611201,67.41325373220828,54.561048350753154,31.516802218086656,1.0,0.001,1.0,0.001,,,,,0,0,[],[],False,True,False,True,False,0.007071067811865475,0.007031084175110379,24,24,24,0,0.0,{},0.7792637830569252,0.6852059925093632,0.0,False,True,False,True,False,False,0.0,67.41325373220828,54.56104835075316,67.41325373220828,95.29166666666667,1.0815881224772141,0.021960190757383768,False,0.5196838561515068,False,0.027083333333333348,False,False,0.5450242929902231,0.027083333333333348,True,True,2.0669901493324705,0.03873508217755648,True,False,0.12310773233495961,0.25476614303717804,True,False,9.721985505287716,False,False,opposite_direction
917,assignment_isolation,plus_one_randomisation,True,ok,54.38630954680227,3.828882780785955,60.6344674740579,47.85094158707689,31.099372888077802,1.0,0.001,1.0,0.001,,,,,0,0,[],[],False,True,False,True,False,0.007071067811865475,0.007053426373548966,24,24,24,0,0.0,{},0.7976950354609931,0.7235018726591761,0.0,False,True,False,True,False,False,0.0,60.63446747405791,47.850941587076896,60.63446747405791,96.33333333333333,1.0764901674672545,0.0018346371474935055,False,0.49550620911219256,False,0.007638888888888973,False,False,0.49967515662401835,0.007638888888888973,True,True,0.8622645294211687,0.3885419670415634,True,False,0.1618757896435249,0.21434564407585058,True,False,7.984579144438953,False,False,opposite_direction
918,assignment_isolation,plus_one_randomisation,True,ok,53.67627756067311,3.3860806439366518,59.778178208210484,47.835564781186775,30.64687066721007,1.0,0.001,1.0,0.001,,,,,0,0,[],[],False,True,False,True,False,0.007071067811865475,0.007061206597086165,24,24,24,0,0.0,{},0.8054850243088825,0.6867063492063492,0.0,False,True,False,True,False,False,0.0,59.778178208210484,47.835564781186775,59.778178208210484,97.0,1.0656655472120267,0.004650270435321707,False,0.5104320091779546,False,0.012847222222222232,False,False,0.49834626701238155,0.012847222222222232,True,True,-0.2633546034615886,0.7922772770490364,True,False,0.1662879760851954,0.0877543599928293,True,False,8.360547404394135,False,False,opposite_direction
919,assignment_isolation,plus_one_randomisation,True,ok,61.04330651140602,2.9810983173893586,65.82371795815281,55.742072404487054,31.857624893872778,1.0,0.001,1.0,0.001,,,,,0,0,[],[],False,True,False,True,False,0.007071067811865475,0.00705625724326515,24,24,24,0,0.0,{},0.8017255892255892,0.672003745318352,0.0,False,True,False,True,False,False,0.0,65.82371795815281,55.742072404487054,65.82371795815281,96.04166666666667,1.1015079800064451,0.0008091264027731581,False,0.5072724906481063,False,0.01388888888888895,False,False,0.540369524106113,0.01388888888888895,True,True,-2.5039083388952252,0.012282985112792192,True,False,0.19644794907506263,0.12673003313355544,True,False,8.795144918255703,False,False,opposite_direction
920,assignment_isolation,plus_one_randomisation,True,ok,60.01060293278801,3.3609025942362383,66.0483186868764,54.54009610259015,31.31761253316913,1.0,0.001,1.0,0.001,,,,,0,0,[],[],False,True,False,True,False,0.007071067811865475,0.007036384780556723,24,24,24,0,0.0,{},0.7891631944444445,0.6870833333333333,0.0,False,True,False,True,False,False,0.0,66.0483186868764,54.54009610259015,66.0483186868764,95.91666666666667,1.0790840427631696,0.037207648379574944,False,0.5084927343633695,False,0.021527777777777812,False,False,0.5419133396174306,0.021527777777777812,True,True,0.06787006739299127,0.9458890665526762,True,False,0.08236896366510225,0.424326266586666,True,False,9.483724947003287,False,False,opposite_direction
921,assignment_isolation,plus_one_randomisation,True,ok,59.460392887772066,3.644790201800008,66.37516213292545,53.53941913106957,31.230401009610734,1.0,0.001,1.0,0.001,,,,,0,0,[],[],False,True,False,True,False,0.007071067811865475,0.00705894193547447,24,24,24,0,0.0,{},0.7954931972789115,0.7457885304659497,0.0,False,True,False,True,False,False,0.0,66.37516213292545,53.53941913106957,66.37516213292545,97.04166666666667,1.0858411550454672,0.01976596624633433,False,0.49990070524463254,False,0.025694444444444353,False,False,0.535105574522425,0.025694444444444353,True,True,1.124040417840634,0.2609958798712314,True,False,0.16991473732558568,0.1073596627865989,True,False,8.432515625232307,False,False,opposite_direction
922,assignment_isolation,plus_one_randomisation,True,ok,61.14633268878609,3.114588462354309,66.9723903986514,55.733889024216104,31.988064291752284,1.0,0.001,1.0,0.001,,,,,0,0,[],[],False,True,False,True,False,0.007071067811865475,0.007055383145642081,24,24,24,0,0.0,{},0.7915107941703686,0.6493589743589744,0.0,False,True,False,True,False,False,0.0,66.9723903986514,55.733889024216104,66.9723903986514,95.33333333333333,1.1017954055355612,0.019809620105235123,False,0.5181195037384098,False,0.021874999999999978,False,False,0.5409973575134153,0.021874999999999978,True,True,1.7644670433621854,0.07765337926318447,True,False,0.18815596824879266,0.0529524956386215,True,False,9.067962801093742,False,False,opposite_direction
923,assignment_isolation,plus_one_randomisation,True,ok,60.24853459180571,3.6258587235937587,66.12804143636815,53.81184096328552,31.688280746650996,1.0,0.001,1.0,0.001,,,,,0,0,[],[],False,True,False,True,False,0.007071067811865475,0.007076667106049689,24,24,24,0,0.0,{},0.7803374990467475,0.7041187739463604,0.0,False,True,False,True,False,False,0.0,66.12804143636815,53.81184096328551,66.12804143636815,93.875,1.086356639174899,0.03024844951557718,False,0.5134837535625324,False,0.014930555555555558,False,False,0.5406977823617843,0.014930555555555558,True,True,0.4286706571309216,0.6681629174978181,True,False,0.16140724395561415,0.24693263986163339,True,False,9.275406367445765,False,False,opposite_direction
924,assignment_isolation,plus_one_randomisation,True,ok,58.15690851131253,3.7608866735104396,65.12405212280866,52.28417826608401,30.34997916752415,1.0,0.001,1.0,0.001,,,,,0,0,[],[],False,True,False,True,False,0.007071067811865475,0.007089219196793471,24,24,24,0,0.0,{},0.8076215954928825,0.6649019607843136,0.0,False,True,False,True,False,False,0.0,65.12405212280866,52.28417826608401,65.12405212280866,96.25,1.0554245100898725,0.02958649227759189,False,0.5450381296929601,False,0.01909722222222221,False,False,0.5378577317748842,0.01909722222222221,True,True,0.5544950514686312,0.5792400913842165,True,False,0.13291957244762245,0.4739158511499686,True,False,8.629346592490073,False,False,opposite_direction
925,assignment_isolation,plus_one_randomisation,True,ok,64.34032322689733,3.3809228470882373,69.87282217569287,58.231028208022494,31.68778792138311,1.0,0.001,1.0,0.001,,,,,0,0,[],[],False,True,False,True,False,0.007071067811865475,0.007094148834072099,24,24,24,0,0.0,{},0.8059684564947722,0.7037306201550385,0.0,False,True,False,True,False,False,0.0,69.87282217569287,58.23102820802249,69.87282217569287,96.08333333333333,1.1017581033476402,0.012533389298869598,False,0.5082734037755192,False,0.023958333333333304,False,False,0.5633816289449547,0.023958333333333304,True,True,-0.05906527940333349,0.952900113361346,True,False,0.17033617926135317,0.05684116966406627,True,False,9.895010141318373,False,False,opposite_direction
926,assignment_isolation,plus_one_randomisation,True,ok,60.47280876575464,4.809477671400719,68.1420107820591,51.9965859313688,31.210539073943167,1.0,0.001,1.0,0.001,,,,,0,0,[],[],False,True,False,True,False,0.007071067811865475,0.007046758960473641,24,24,24,0,0.0,{},0.7900526556776557,0.6940860215053763,0.0,False,True,False,True,False,False,0.0,68.1420107820591,51.9965859313688,68.1420107820591,96.20833333333333,1.0786164421416053,0.005279427265478497,False,0.4853878742297985,False,0.029166666666666674,False,False,0.5454821307171986,0.029166666666666674,True,True,-0.873557988324138,0.3823590136060895,True,False,0.08767861289904492,0.307032729559756,True,False,9.562215252377536,False,False,opposite_direction
927,assignment_isolation,plus_one_randomisation,True,ok,61.142949327379746,3.02738609963664,66.02754144523169,55.34567526972464,31.574551956707438,1.0,0.001,1.0,0.001,,,,,0,0,[],[],False,True,False,True,False,0.007071067811865475,0.007051679368087308,24,24,24,0,0.0,{},0.7912388113139992,0.7288043478260868,0.0,False,True,False,True,False,False,0.0,66.02754144523169,55.34567526972464,66.02754144523169,94.95833333333333,1.084841523384642,0.012358404584169999,False,0.5159552713708182,False,0.007291666666666696,False,False,0.5477993529385833,0.007291666666666696,True,True,-1.4498305583129627,0.14710577572487502,True,False,0.27456803470720187,0.005937871581527458,True,False,8.220721309895973,False,False,opposite_direction
928,assignment_isolation,plus_one_randomisation,True,ok,59.72762728756452,3.537110444457494,65.91029990471054,53.73497970130509,31.946244263986287,1.0,0.001,1.0,0.001,,,,,0,0,[],[],False,True,False,True,False,0.007071067811865475,0.007035180207599593,24,24,24,0,0.0,{},0.7965096512393068,0.7207890070921986,0.0,False,True,False,True,False,False,0.0,65.91029990471054,53.73497970130509,65.91029990471054,96.33333333333333,1.102943670678499,0.03861314150334976,False,0.48898904016992045,False,0.028472222222222232,False,False,0.530194885106848,0.028472222222222232,True,True,0.06333056633438443,0.9495032761942293,True,False,0.11714900543880746,0.30256198574336873,True,False,8.726546715186789,False,False,opposite_direction
929,assignment_isolation,plus_one_randomisation,True,ok,50.90289970540342,3.8978901550306144,57.34387303120673,43.55925910035816,31.37845016861056,1.0,0.001,1.0,0.001,,,,,0,0,[],[],False,True,False,True,False,0.007071067811865475,0.007069921737381407,24,24,24,0,0.0,{},0.7950520833333333,0.6817543859649124,0.0,False,True,False,True,False,False,0.0,57.34387303120673,43.55925910035816,57.34387303120673,95.33333333333333,1.0830250182652166,0.019201965311710097,False,0.5190306420471219,False,0.016666666666666607,False,False,0.46827931938008976,0.016666666666666607,True,True,-0.7631076724353556,0.44539918472252216,True,False,0.14380202392878516,0.1509756864173073,True,False,8.541567660382654,False,False,opposite_direction
930,assignment_isolation,plus_one_randomisation,True,ok,59.83528615614426,3.530091770197112,66.89375450097901,54.142881054346574,31.231343454765444,1.0,0.001,1.0,0.001,,,,,0,0,[],[],False,True,False,True,False,0.007071067811865475,0.007038841370942797,24,24,24,0,0.0,{},0.7874565925122082,0.686229674796748,0.0,False,True,False,True,False,False,0.0,66.89375450097901,54.14288105434658,66.89375450097901,95.54166666666667,1.074380841012587,0.0019609669012878466,False,0.493603439232233,False,0.021874999999999978,False,False,0.5425484926574707,0.021874999999999978,True,True,0.9362056233213398,0.3491673284646061,True,False,0.1250242064730339,0.36566915712896814,True,False,10.172820870976933,False,False,opposite_direction
931,assignment_isolation,plus_one_randomisation,True,ok,63.37068931723775,3.1956619000544024,68.95946438895766,57.22282231267669,31.487214827861752,1.0,0.001,1.0,0.001,,,,,0,0,[],[],False,True,False,True,False,0.007071067811865475,0.007102623283122302,24,24,24,0,0.0,{},0.8022534013605441,0.7571929824561403,0.0,False,True,False,True,False,False,0.0,68.95946438895766,57.22282231267669,68.95946438895766,96.54166666666667,1.0987032983454352,0.03476050631704164,False,0.5208432071300919,False,0.04062500000000002,False,False,0.5579440651005569,0.04062500000000002,True,True,-0.9187722862903448,0.35821469107758375,True,False,0.11826433922826805,0.16157916980815765,True,False,9.994173149077838,False,False,opposite_direction
932,assignment_isolation,plus_one_randomisation,True,ok,63.10287608017658,4.264345556596407,71.2351651975111,56.18052108508111,31.605509517657428,1.0,0.001,1.0,0.001,,,,,0,0,[],[],False,True,False,True,False,0.007071067811865475,0.007006204806628066,24,24,24,0,0.0,{},0.7893052012471655,0.6362449799196788,0.0,False,True,False,True,False,False,0.0,71.2351651975111,56.180521085081104,71.2351651975111,95.20833333333333,1.0803217263565894,0.01980583061613423,False,0.5368396693223919,False,0.01736111111111116,False,False,0.5634814671113783,0.01736111111111116,True,True,1.018651078529561,0.30836864562836663,True,False,0.2618861773393071,0.016428034548773868,True,False,10.675867097021143,False,False,opposite_direction
933,assignment_isolation,plus_one_randomisation,True,ok,59.3921719382242,4.148089500939342,66.48408538448442,52.158742935119506,31.91693283369403,1.0,0.001,1.0,0.001,,,,,0,0,[],[],False,True,False,True,False,0.007071067811865475,0.0070935285345383806,24,24,24,0,0.0,{},0.8100519802839391,0.6836206896551724,0.0,False,True,False,True,False,False,0.0,66.48408538448442,52.158742935119506,66.48408538448442,95.16666666666667,1.1043224548317967,0.013048124586726594,False,0.5119780572082926,False,0.017708333333333326,False,False,0.5271624386819607,0.017708333333333326,True,True,1.0183342820956016,0.30851912174543505,True,False,0.12133003489309116,0.07297563991149615,True,False,8.764838447849607,False,False,opposite_direction
934,assignment_isolation,plus_one_randomisation,True,ok,61.13874766107091,4.3319344726529785,68.20791579048385,53.60831072779988,31.07013097621471,1.0,0.001,1.0,0.001,,,,,0,0,[],[],False,True,False,True,False,0.007071067811865475,0.007069536047384528,24,24,24,0,0.0,{},0.7998253602516276,0.7488596491228069,0.0,False,True,False,True,False,False,0.0,68.20791579048385,53.60831072779988,68.20791579048385,96.66666666666667,1.0797976382270282,7.791074274124666e-05,False,0.5294320860647842,False,0.02083333333333326,False,False,0.5498188738219714,0.02083333333333326,True,True,1.3105984034569156,0.18999347891458251,True,False,0.16268260443782182,0.09044843698833209,True,False,8.131260844925308,False,False,opposite_direction
935,assignment_isolation,plus_one_randomisation,True,ok,64.41928969275297,4.4809740008635295,71.06470741824523,56.4775359426553,31.57384747680336,1.0,0.001,1.0,0.001,,,,,0,0,[],[],False,True,False,True,False,0.007071067811865475,0.0070737545677524985,24,24,24,0,0.0,{},0.8014434690891771,0.7498168498168499,0.0,False,True,False,True,False,False,0.0,71.06470741824523,56.4775359426553,71.06470741824523,96.625,1.0977217059671338,0.015859740782794934,False,0.5338464953479307,False,0.024652777777777857,False,False,0.5655240803793544,0.024652777777777857,True,True,-3.1744697917704134,0.001501105149161881,True,True,0.24596978259755928,0.0071757319923260775,True,False,7.669703092219648,False,True,selection_limited
936,assignment_isolation,plus_one_randomisation,True,ok,58.99950569769618,4.196705908021138,66.25618848215598,51.32449562583205,31.74672998195861,1.0,0.001,1.0,0.001,,,,,0,0,[],[],False,True,False,True,False,0.007071067811865475,0.007045943814009037,24,24,24,0,0.0,{},0.7902034437376619,0.6870639534883719,0.0,False,True,False,True,False,False,0.0,66.25618848215598,51.32449562583205,66.25618848215598,95.79166666666667,1.0946418375028684,0.025994056104635926,False,0.5004124572253683,False,0.018750000000000044,False,False,0.5281192532375387,0.018750000000000044,True,True,-0.07552594457542763,0.9397962556980944,True,False,0.1266447693391123,0.08704702610864454,True,False,8.05145728046012,False,False,opposite_direction
937,assignment_isolation,plus_one_randomisation,True,ok,62.62428492013791,3.5668134860081535,69.57085760599027,56.77434637370993,32.17722153190955,1.0,0.001,1.0,0.001,,,,,0,0,[],[],False,True,False,True,False,0.007071067811865475,0.0070120561737647665,24,24,24,0,0.0,{},0.7767867096671444,0.6902930402930403,0.0,False,True,False,True,False,False,0.0,69.57085760599027,56.77434637370993,69.57085760599027,95.5,1.1024670471632796,0.008976661880025293,False,0.5502575518032822,False,0.02673611111111107,False,False,0.5512391864911755,0.02673611111111107,True,True,-0.5451644619060313,0.5856404110614262,True,False,0.19091036794336044,0.08045653700666294,True,False,9.483755604450103,False,False,opposite_direction
938,assignment_isolation,plus_one_randomisation,True,ok,59.17624107790454,4.101714228521471,66.47952075615024,52.3704727840082,30.76876772556214,1.0,0.001,1.0,0.001,,,,,0,0,[],[],False,True,False,True,False,0.007071067811865475,0.007025803447849507,24,24,24,0,0.0,{},0.8001467047214926,0.7409003831417625,0.0,False,True,False,True,False,False,0.0,66.47952075615024,52.3704727840082,66.47952075615024,98.375,1.0720584794874564,0.016010324515141706,False,0.5101721074425684,False,0.015277777777777724,False,False,0.538623385899064,0.015277777777777724,True,True,-0.30829666522693416,0.7578566033154677,True,False,0.2834763833002131,0.008667618862502205,True,False,9.174425655992415,False,False,opposite_direction
939,assignment_isolation,plus_one_randomisation,True,ok,58.05477066171755,4.042064444912584,64.87312076292005,50.740158025718785,30.978183885520135,1.0,0.001,1.0,0.001,,,,,0,0,[],[],False,True,False,True,False,0.007071067811865475,0.0070666061506753,24,24,24,0,0.0,{},0.8057657785336356,0.6874509803921569,0.0,False,True,False,True,False,False,0.0,64.87312076292005,50.740158025718785,64.87312076292005,95.91666666666667,1.0719730907550324,0.017310603012651162,False,0.4966355978092597,False,0.023263888888888973,False,False,0.5302274577459237,0.023263888888888973,True,True,-0.9660308312918043,0.3340287536236918,True,False,0.08002186251388153,0.27334551702629384,True,False,8.010432704712809,False,False,opposite_direction
940,assignment_isolation,plus_one_randomisation,True,ok,56.54581165434811,4.007248073718607,63.49298982101152,49.44712161058978,31.290916599521275,1.0,0.001,1.0,0.001,,,,,0,0,[],[],False,True,False,True,False,0.007071067811865475,0.007080168723412742,24,24,24,0,0.0,{},0.8010087719298244,0.729121863799283,0.0,False,True,False,True,False,False,0.0,63.49298982101152,49.44712161058978,63.49298982101152,94.75,1.0782550626609315,0.04012617871339143,False,0.5149579877900174,False,0.03784722222222214,False,False,0.5160543864366002,0.03784722222222214,True,True,-0.8939568707984095,0.3713449675524658,True,False,0.12968943771132752,0.4236272576805779,True,False,7.920207935378983,False,False,opposite_direction
941,assignment_isolation,plus_one_randomisation,True,ok,56.049646297047225,3.4353366567701875,61.96454056482594,50.77643298398184,31.270106431587838,1.0,0.001,1.0,0.001,,,,,0,0,[],[],False,True,False,True,False,0.007071067811865475,0.007053665803040912,24,24,24,0,0.0,{},0.8057495473524738,0.6573863636363636,0.0,False,True,False,True,False,False,0.0,61.96454056482594,50.77643298398184,61.96454056482594,95.41666666666667,1.0772744591191397,0.004957420738309392,False,0.5180058349472392,False,0.015625,False,False,0.5125778569436668,0.015625,True,True,-0.5932975209335632,0.5529820575721186,True,False,0.13607204880559462,0.2862271638172588,True,False,6.884350229082598,False,False,opposite_direction
942,assignment_isolation,plus_one_randomisation,True,ok,54.96952632319824,3.3354278421030923,60.414218075723504,48.719040083445776,31.039995899718463,1.0,0.001,1.0,0.001,,,,,0,0,[],[],False,True,False,True,False,0.007071067811865475,0.007062184616695501,24,24,24,0,0.0,{},0.7835711348684211,0.726739926739927,0.0,False,True,False,True,False,False,0.0,60.414218075723504,48.719040083445776,60.414218075723504,95.25,1.069703010976563,0.0009759513266865703,False,0.5187768950018271,False,0.017013888888888884,False,False,0.5071267085901708,0.017013888888888884,True,True,-0.5590015529505419,0.5761606603360392,True,False,0.16200362328271006,0.09780472419447614,True,False,8.65839674746282,False,False,opposite_direction
943,assignment_isolation,plus_one_randomisation,True,ok,58.61368072088382,2.9557415661644,63.90948634466816,53.64214705549077,31.331075904616288,1.0,0.001,1.0,0.001,,,,,0,0,[],[],False,True,False,True,False,0.007071067811865475,0.0070329765618181595,24,24,24,0,0.0,{},0.7926282051282052,0.6565891472868217,0.0,False,True,False,True,False,False,0.0,63.90948634466816,53.64214705549077,63.90948634466816,94.70833333333333,1.072206856663209,0.016191940109781672,False,0.5121772516271402,False,0.014583333333333282,False,False,0.5343536513092572,0.014583333333333282,True,True,0.5583376157459361,0.5766138634300264,True,False,0.09350138146849492,0.31527969507335035,True,False,7.803408513708256,False,False,opposite_direction
944,assignment_isolation,plus_one_randomisation,True,ok,58.01554699471368,4.648148005619408,66.92198993370245,50.603198466287665,30.899046473812387,1.0,0.001,1.0,0.001,,,,,0,0,[],[],False,True,False,True,False,0.007071067811865475,0.007062951045718331,24,24,24,0,0.0,{},0.8163333333333334,0.7248263888888888,0.0,False,True,False,True,False,False,0.0,66.92198993370245,50.603198466287665,66.92198993370245,98.08333333333333,1.0806844101025395,0.008496540584287752,False,0.5156545705512711,False,0.020486111111111094,False,False,0.526363158271066,0.020486111111111094,True,True,0.6556775668820797,0.512031605707066,True,False,0.1695490959110213,0.08573169698003541,True,False,8.478060469817594,False,False,opposite_direction
945,assignment_isolation,plus_one_randomisation,True,ok,53.140238317409455,2.86732085608845,57.511721499560934,47.91600181553236,30.724323724853523,1.0,0.001,1.0,0.001,,,,,0,0,[],[],False,True,False,True,False,0.007071067811865475,0.007071248277169078,24,24,24,0,0.0,{},0.799768772893773,0.6954166666666668,0.0,False,True,False,True,False,False,0.0,57.511721499560934,47.91600181553236,57.511721499560934,96.41666666666667,1.0666562418503713,0.00832905214909281,False,0.49684133151817883,False,0.018750000000000044,False,False,0.49355067699027527,0.018750000000000044,True,True,-0.6287765299146717,0.5294953674308776,True,False,0.12759622961654987,0.17644150121946453,True,False,7.8907748598409615,False,False,opposite_direction
946,assignment_isolation,plus_one_randomisation,True,ok,56.87437370190994,3.864751927515389,63.6990764580436,50.09009019643516,31.185807068824754,1.0,0.001,1.0,0.001,,,,,0,0,[],[],False,True,False,True,False,0.007071067811865475,0.007039416226737039,24,24,24,0,0.0,{},0.7994366319444444,0.6916666666666665,0.0,False,True,False,True,False,False,0.0,63.6990764580436,50.09009019643516,63.6990764580436,96.375,1.077570845231271,0.006421414861509235,False,0.5199419855526667,False,0.020138888888888817,False,False,0.5188838391315509,0.020138888888888817,True,True,-0.6771034440565602,0.4983403238958296,True,False,0.13093442366868016,0.11637624307821885,True,False,8.269268506338273,False,False,opposite_direction
947,assignment_isolation,plus_one_randomisation,True,ok,60.47028887396431,3.0989015985908974,65.94613261481956,55.44132616707773,31.126398244807753,1.0,0.001,1.0,0.001,,,,,0,0,[],[],False,True,False,True,False,0.007071067811865475,0.007042154530163942,24,24,24,0,0.0,{},0.8002586085980785,0.665891472868217,0.0,False,True,False,True,False,False,0.0,65.94613261481956,55.44132616707773,65.94613261481956,95.875,1.0731418047337853,0.018556109592479813,False,0.5075717882464578,False,0.022916666666666696,False,False,0.5477029623922105,0.022916666666666696,True,True,0.5105744266662963,0.6096490867673598,True,False,0.138679351451763,0.19261701267778653,True,False,9.531010892215328,False,False,opposite_direction
948,assignment_isolation,plus_one_randomisation,True,ok,57.75520948148736,4.5604775465234715,65.0552715747133,49.652419030608385,31.870148217234558,1.0,0.001,1.0,0.001,,,,,0,0,[],[],False,True,False,True,False,0.007071067811865475,0.007025582076753744,24,24,24,0,0.0,{},0.8006725048959834,0.6453760162601625,0.0,False,True,False,True,False,False,0.0,65.0552715747133,49.65241903060839,65.0552715747133,95.66666666666667,1.0950065585481885,0.03227499461525482,False,0.5298946558193449,False,0.021180555555555647,False,False,0.5185834327256645,0.021180555555555647,True,True,1.0576280992832827,0.2902250267280234,True,False,0.16657119811279317,0.14235776055274044,True,False,9.832367024334632,False,False,opposite_direction
949,assignment_isolation,plus_one_randomisation,True,ok,64.16315296441611,4.185846750217947,71.5879748467927,57.9001426102265,31.612955776891805,1.0,0.001,1.0,0.001,,,,,0,0,[],[],False,True,False,True,False,0.007071067811865475,0.0070650706767615284,24,24,24,0,0.0,{},0.8028346582602339,0.7159420289855072,0.0,False,True,False,True,False,False,0.0,71.5879748467927,57.9001426102265,71.5879748467927,97.125,1.1005686427469317,0.035067715141123786,False,0.5084917150288892,False,0.022916666666666585,False,False,0.5626473408560718,0.022916666666666585,True,True,0.2223351823229044,0.8240529658862863,True,False,0.12796192068880585,0.14304659991425697,True,False,8.975017328873793,False,False,opposite_direction
950,assignment_isolation,plus_one_randomisation,True,ok,56.04062414112807,3.791370041468147,62.24080540546079,49.89376424481891,31.04566902459414,1.0,0.001,1.0,0.001,,,,,0,0,[],[],False,True,False,True,False,0.007071067811865475,0.007047023949308759,24,24,24,0,0.0,{},0.7889627659574469,0.6703972868217054,0.0,False,True,False,True,False,False,0.0,62.2408054054608,49.89376424481892,62.2408054054608,96.16666666666667,1.0727266162352675,0.02344506527458623,False,0.4999216557065646,False,0.02187500000000009,False,False,0.5143676438848582,0.02187500000000009,True,True,-0.9194091936594028,0.35788158233929546,True,False,0.10813190421051568,0.25593166148944385,True,False,7.468051584351654,False,False,opposite_direction
951,assignment_isolation,plus_one_randomisation,True,ok,60.47788935183585,3.5710727750260456,66.25664729891301,54.34967569198458,31.359755551596585,1.0,0.001,1.0,0.001,,,,,0,0,[],[],False,True,False,True,False,0.007071067811865475,0.007069113682908438,24,24,24,0,0.0,{},0.8139704335016835,0.7081460674157305,0.0,False,True,False,True,False,False,0.0,66.25664729891301,54.34967569198458,66.25664729891301,96.54166666666667,1.0890931712501646,0.005507511997458334,False,0.5101376150098712,False,0.019791666666666652,False,False,0.541263193241979,0.019791666666666652,True,True,1.0669041096332985,0.2860151388941554,True,False,0.16712734055593917,0.2233403325420951,True,False,9.627967686692962,False,False,opposite_direction
952,assignment_isolation,plus_one_randomisation,True,ok,67.64653130915399,3.7257424908222125,73.33815302043556,60.87664210234575,32.0921151216642,1.0,0.001,1.0,0.001,,,,,0,0,[],[],False,True,False,True,False,0.007071067811865475,0.007089511565746206,24,24,24,0,0.0,{},0.7827257259071323,0.696072796934866,0.0,False,True,False,True,False,False,0.0,73.33815302043556,60.87664210234575,73.33815302043556,94.08333333333333,1.1034204003899188,0.004438973898544271,False,0.5300429995768152,False,0.014930555555555558,False,False,0.5845331421222006,0.014930555555555558,True,True,1.2001287175654523,0.2300893539916502,True,False,0.19443123567733295,0.03733339022004468,True,False,11.065448132508058,False,False,opposite_direction
953,assignment_isolation,plus_one_randomisation,True,ok,58.579501824817775,3.3526453990403153,64.22191747706985,52.89761831601635,31.076277241359406,1.0,0.001,1.0,0.001,,,,,0,0,[],[],False,True,False,True,False,0.007071067811865475,0.007047845499889053,24,24,24,0,0.0,{},0.7994565217391304,0.7015917602996254,0.0,False,True,False,True,False,False,0.0,64.22191747706985,52.89761831601635,64.22191747706985,96.95833333333333,1.0783206881828895,0.007809122561402152,False,0.5044835372510359,False,0.011458333333333348,False,False,0.5315909395425821,0.011458333333333348,True,True,0.20743153610993986,0.8356728558991308,True,False,0.09958101689807762,0.1805135441407994,True,False,8.361703930681383,False,False,opposite_direction
954,assignment_isolation,plus_one_randomisation,True,ok,57.402755833967355,5.052457242347654,64.80066759232619,45.33708343420628,31.42678505060208,1.0,0.001,1.0,0.001,,,,,0,0,[],[],False,True,False,True,False,0.007071067811865475,0.007077531454070533,24,24,24,0,0.0,{},0.8041022198353025,0.6833333333333333,0.0,False,True,False,True,False,False,0.0,64.80066759232619,45.33708343420628,64.80066759232619,95.79166666666667,1.0884679164828976,0.03427190413942547,False,0.515527257456433,False,0.032638888888888884,False,False,0.5185253173962806,0.032638888888888884,True,True,0.9477131775557224,0.34327549060755114,True,False,0.09214094953046639,0.23288165533375485,True,False,9.017918861488827,False,False,opposite_direction
955,assignment_isolation,plus_one_randomisation,True,ok,62.475225125167725,3.8789223132260577,69.15039398669353,56.79337861765426,31.564038430033428,1.0,0.001,1.0,0.001,,,,,0,0,[],[],False,True,False,True,False,0.007071067811865475,0.007014788406748824,24,24,24,0,0.0,{},0.7892247031720716,0.6530092592592592,0.0,False,True,False,True,False,False,0.0,69.15039398669353,56.79337861765426,69.15039398669353,95.875,1.0840013719077106,0.00010017531568401735,False,0.527749684190505,False,0.046527777777777835,False,False,0.5576107183465495,0.046527777777777835,True,True,0.4388994248196788,0.6607344135206836,True,False,0.1416936469467107,0.2104067105573301,True,False,7.366213627006229,False,False,opposite_direction
956,assignment_isolation,plus_one_randomisation,True,ok,60.31913384037472,4.434519773841953,66.77819518844888,52.73395396125611,31.58163356140608,1.0,0.001,1.0,0.001,,,,,0,0,[],[],False,True,False,True,False,0.007071067811865475,0.007079570215521334,24,24,24,0,0.0,{},0.8040857605177993,0.6529829545454544,0.0,False,True,False,True,False,False,0.0,66.77819518844888,52.73395396125611,66.77819518844888,95.45833333333333,1.0922408412074405,0.008102709809595316,False,0.5167862603114963,False,0.026388888888888906,False,False,0.5388341615999135,0.026388888888888906,True,True,-1.1134790664572347,0.26550273400339086,True,False,0.1935235474466152,0.03978020518634249,True,False,9.916890537329294,False,False,opposite_direction
957,assignment_isolation,plus_one_randomisation,True,ok,61.72203735171345,4.096713159543327,69.41308115517008,55.21452429371115,31.315817109564783,1.0,0.001,1.0,0.001,,,,,0,0,[],[],False,True,False,True,False,0.007071067811865475,0.0070350539924707205,24,24,24,0,0.0,{},0.8039974575688861,0.6704212454212453,0.0,False,True,False,True,False,False,0.0,69.41308115517008,55.21452429371115,69.41308115517008,95.91666666666667,1.07881810444767,0.008073285821378104,False,0.5088714742008665,False,0.019791666666666763,False,False,0.5543905527582338,0.019791666666666763,True,True,-0.04336478707750522,0.9654107471237294,True,False,0.1279977732261461,0.2393955269222347,True,False,9.348406250894485,False,False,opposite_direction
958,assignment_isolation,plus_one_randomisation,True,ok,61.394993284697215,4.410526236863521,68.30380624482514,53.24753241696145,31.64615076782805,1.0,0.001,1.0,0.001,,,,,0,0,[],[],False,True,False,True,False,0.007071067811865475,0.007077182986170411,24,24,24,0,0.0,{},0.7890232974910394,0.724812734082397,0.0,False,True,False,True,False,False,0.0,68.30380624482514,53.24753241696144,68.30380624482514,94.83333333333333,1.0905154677086137,0.006857306110600672,False,0.52120260015861,False,0.019444444444444375,False,False,0.5473141509506813,0.019444444444444375,True,True,-1.8886069363579172,0.058944516874686756,True,False,0.1953904542710292,0.0773027662548741,True,False,8.424800252903536,False,False,opposite_direction
959,assignment_isolation,plus_one_randomisation,True,ok,60.187745119406735,3.6221994986742416,66.06108265757615,52.85815822031401,32.38658948861029,1.0,0.001,1.0,0.001,,,,,0,0,[],[],False,True,False,True,False,0.007071067811865475,0.0069716123533196065,24,24,24,0,0.0,{},0.7632651417525772,0.6457843137254903,0.0,False,True,False,True,False,False,0.0,66.06108265757615,52.85815822031401,66.06108265757615,94.70833333333333,1.0986580662140557,0.011711023823691501,False,0.5433562553910123,False,0.0409722222222223,False,False,0.5352923162861868,0.0409722222222223,True,True,0.9816229711022015,0.32628562642993597,True,False,0.27704409574817385,0.09753232933670153,True,False,9.227983850805131,False,False,opposite_direction
960,assignment_isolation,plus_one_randomisation,True,ok,59.90271652359868,3.363241402279062,65.71657768455717,54.272308393384336,31.674205376951743,1.0,0.001,1.0,0.001,,,,,0,0,[],[],False,True,False,True,False,0.007071067811865475,0.006998031911315776,24,24,24,0,0.0,{},0.7864377062706273,0.6362745098039214,0.0,False,True,False,True,False,False,0.0,65.71657768455717,54.27230839338434,65.71657768455717,96.58333333333333,1.089187744988058,0.015951776881412704,False,0.5277582721832915,False,0.04236111111111107,False,False,0.5370153285977889,0.04236111111111107,True,True,-1.318361980891336,0.18738250153801295,True,False,0.219629216912418,0.24332164753308963,True,False,8.509428403791595,False,False,opposite_direction
961,assignment_isolation,plus_one_randomisation,True,ok,57.54374076791287,4.160127041201885,64.43832477330392,50.712547618367736,30.944875172468116,1.0,0.001,1.0,0.001,,,,,0,0,[],[],False,True,False,True,False,0.007071067811865475,0.00708358899334624,24,24,24,0,0.0,{},0.8037414965986394,0.707489451476793,0.0,False,True,False,True,False,False,0.0,64.43832477330392,50.71254761836773,64.43832477330392,96.08333333333333,1.0743260946010305,0.005574029393883397,False,0.5230839439081167,False,0.030902777777777724,False,False,0.5253653453422233,0.030902777777777724,True,True,-1.9229103055187218,0.05449131529802535,True,False,0.1847664234299617,0.1290177898537918,True,False,7.250744328072072,False,False,opposite_direction
962,assignment_isolation,plus_one_randomisation,True,ok,58.22685112349385,3.3415883762611434,63.95523370170692,52.35105566768229,31.589628550583033,1.0,0.001,1.0,0.001,,,,,0,0,[],[],False,True,False,True,False,0.007071067811865475,0.007073037221469578,24,24,24,0,0.0,{},0.7851324926900582,0.7041203703703705,0.0,False,True,False,True,False,False,0.0,63.95523370170692,52.35105566768229,63.95523370170692,94.41666666666667,1.0855374205978945,0.009045801324746493,False,0.511361193982839,False,0.009027777777777746,False,False,0.5259908240901549,0.009027777777777746,True,True,1.0566472266306404,0.290672618355174,True,False,0.18705008736381706,0.045288842049703855,True,False,8.921006250604748,False,False,opposite_direction
963,assignment_isolation,plus_one_randomisation,True,ok,59.803162244952524,3.905079290362906,66.16550158186635,52.58486596779263,31.521540904829287,1.0,0.001,1.0,0.001,,,,,0,0,[],[],False,True,False,True,False,0.007071067811865475,0.00709507542571134,24,24,24,0,0.0,{},0.8081187758608599,0.6882154882154884,0.0,False,True,False,True,False,False,0.0,66.16550158186635,52.58486596779263,66.16550158186635,95.41666666666667,1.0923116881549493,0.001628305886443858,False,0.5451781728195858,False,0.03298611111111116,False,False,0.5350204377409071,0.03298611111111116,True,True,0.08651068625967087,0.9310604615140714,True,False,0.1579332485535073,0.24661719803799867,True,False,8.739344530511842,False,False,opposite_direction
964,assignment_isolation,plus_one_randomisation,True,ok,60.90706453257379,3.624542958164177,67.06562008475362,54.77341353271491,31.768075308981334,1.0,0.001,1.0,0.001,,,,,0,0,[],[],False,True,False,True,False,0.007071067811865475,0.007068776891163606,24,24,24,0,0.0,{},0.8054852626220068,0.7124531835205992,0.0,False,True,False,True,False,False,0.0,67.06562008475362,54.773413532714905,67.06562008475362,96.04166666666667,1.1003605870809812,0.02595334958945369,False,0.5154066370102047,False,0.02083333333333337,False,False,0.539844388599899,0.02083333333333337,True,True,-1.589711822779369,0.11189977749215868,True,False,0.1474240510603923,0.2208703308222727,True,False,8.654534282306383,False,False,opposite_direction
965,assignment_isolation,plus_one_randomisation,True,ok,65.06886963465702,3.668613293882042,70.90212490574793,58.01402040513468,32.08499066251283,1.0,0.001,1.0,0.001,,,,,0,0,[],[],False,True,False,True,False,0.007071067811865475,0.007059467699118148,24,24,24,0,0.0,{},0.8091930026335967,0.74578853046595,0.0,False,True,False,True,False,False,0.0,70.90212490574793,58.01402040513468,70.90212490574793,96.41666666666667,1.112038782175066,0.012547932575821631,False,0.49929419702018796,False,0.014236111111111116,False,False,0.5642445667581122,0.014236111111111116,True,True,0.13536392754542068,0.8923241432330709,True,False,0.1591724096951705,0.17562308725215736,True,False,9.053089854538348,False,False,opposite_direction
966,assignment_isolation,plus_one_randomisation,True,ok,61.34690022941311,4.034358926427017,68.04900305160112,54.005342480057244,30.811597128599715,1.0,0.001,1.0,0.001,,,,,0,0,[],[],False,True,False,True,False,0.007071067811865475,0.007053447120987853,24,24,24,0,0.0,{},0.7998253602516276,0.7164855072463769,0.0,False,True,False,True,False,False,0.0,68.04900305160112,54.005342480057244,68.04900305160112,97.70833333333333,1.074116610030712,0.026898183193753165,False,0.5195390867977013,False,0.02083333333333326,False,False,0.5536311786574343,0.02083333333333326,True,True,0.7452814399395015,0.4561015988130277,True,False,0.16050589641898763,0.21867455009748812,True,False,9.2086547287781,False,False,opposite_direction
967,assignment_isolation,plus_one_randomisation,True,ok,64.100486526135,4.068916460218257,71.7362701531814,57.510332894999955,31.51069075894736,1.0,0.001,1.0,0.001,,,,,0,0,[],[],False,True,False,True,False,0.007071067811865475,0.007053183905646483,24,24,24,0,0.0,{},0.8101338652482268,0.7196886446886446,0.0,False,True,False,True,False,False,0.0,71.7362701531814,57.510332894999955,71.7362701531814,97.5,1.0972748968809949,0.01809167349482169,False,0.5233940788973788,False,0.02777777777777779,False,False,0.5635316963398586,0.02777777777777779,True,True,0.8372187799875905,0.4024696031098616,True,False,0.25247497070352604,0.07005283656446183,True,False,11.106308636123826,False,False,opposite_direction
968,assignment_isolation,plus_one_randomisation,True,ok,66.27035086444374,3.8762895398070145,72.50848633165246,59.22719857351973,31.271986609865266,1.0,0.001,1.0,0.001,,,,,0,0,[],[],False,True,False,True,False,0.007071067811865475,0.0071393936819618255,24,24,24,0,0.0,{},0.8223570673312941,0.7575925925925925,0.0,False,True,False,True,False,False,0.0,72.50848633165246,59.22719857351973,72.50848633165246,96.91666666666667,1.0989705152832343,0.062110652023390917,False,0.5173062658537169,False,0.037847222222222254,False,False,0.577377969168979,0.037847222222222254,True,True,0.7834556200737051,0.43335960523507866,True,False,0.1378025091365885,0.360775543246854,True,False,10.055530732602483,False,False,opposite_direction
969,assignment_isolation,plus_one_randomisation,True,ok,62.29951571311988,4.0456229724678385,68.77150239359061,55.39978248945195,32.780775921593296,1.0,0.001,1.0,0.001,,,,,0,0,[],[],False,True,False,True,False,0.007071067811865475,0.0069776684922063,24,24,24,0,0.0,{},0.7780433480210266,0.6409090909090909,0.0,False,True,False,True,False,False,0.0,68.77150239359061,55.39978248945195,68.77150239359061,93.875,1.1080887375783879,0.01974590151282353,False,0.49324342263827975,False,0.03194444444444444,False,False,0.5467153824629389,0.03194444444444444,True,True,0.8438738540332205,0.3987399000258758,True,False,0.1261908260807285,0.1375139065264789,True,False,9.635841984790487,False,False,opposite_direction
970,assignment_isolation,plus_one_randomisation,True,ok,56.333094206224665,4.556511673453806,65.16386025427028,48.26587020794025,30.51208179915445,1.0,0.001,1.0,0.001,,,,,0,0,[],[],False,True,False,True,False,0.007071067811865475,0.007111683366530035,24,24,24,0,0.0,{},0.8164965277777776,0.690873015873016,0.0,False,True,False,True,False,False,0.0,65.16386025427028,48.26587020794025,65.16386025427028,96.29166666666667,1.06465429024363,0.008794288741194433,False,0.5222891997291105,False,0.043055555555555625,False,False,0.5199829944941854,0.043055555555555625,True,True,-1.7796916156226537,0.07512644336604299,True,False,0.22987957538785034,0.037232526374231203,True,False,7.764196940997102,False,False,opposite_direction
971,assignment_isolation,plus_one_randomisation,True,ok,61.90279393822622,4.141854628883027,69.3062137662132,54.92170619089073,31.3347499133786,1.0,0.001,1.0,0.001,,,,,0,0,[],[],False,True,False,True,False,0.007071067811865475,0.007091950099862038,24,24,24,0,0.0,{},0.7882572278911563,0.7159420289855071,0.0,False,True,False,True,False,False,0.0,69.3062137662132,54.921706190890724,69.3062137662132,95.0,1.0829881660061245,0.021508069102269975,False,0.50707436734967,False,0.01041666666666663,False,False,0.553980476368829,0.01041666666666663,True,True,0.9129629517935637,0.36126202685338604,True,False,0.22269753160362676,0.13359451386170562,True,False,8.81314073808042,False,False,opposite_direction
972,assignment_isolation,plus_one_randomisation,True,ok,65.76796922165882,3.2853374806641638,70.98329101143777,60.38095706271729,31.423519382507838,1.0,0.001,1.0,0.001,,,,,0,0,[],[],False,True,False,True,False,0.007071067811865475,0.007062923137065616,24,24,24,0,0.0,{},0.8039531770154872,0.7112599206349204,0.0,False,True,False,True,False,False,0.0,70.98329101143777,60.38095706271729,70.98329101143777,95.66666666666667,1.085399529699368,0.008036328740319463,False,0.5085524593442899,False,0.009027777777777857,False,False,0.5794685831354476,0.009027777777777857,True,True,0.8191937031768516,0.412675906927111,True,False,0.10755044919744129,0.4487113423954738,True,False,9.565677038907994,False,False,opposite_direction
973,assignment_isolation,plus_one_randomisation,True,ok,56.89406488537842,2.7465032701457717,62.11910865031766,52.13029110099956,31.616984366534986,1.0,0.001,1.0,0.001,,,,,0,0,[],[],False,True,False,True,False,0.007071067811865475,0.007030316098772495,24,24,24,0,0.0,{},0.787065058479532,0.6498062015503877,0.0,False,True,False,True,False,False,0.0,62.11910865031766,52.13029110099956,62.11910865031766,94.33333333333333,1.0794384693942427,0.009831519882806714,False,0.4774260709050455,False,0.035069444444444486,False,False,0.5182738988525284,0.035069444444444486,True,True,0.6416554481475704,0.5210969223647561,True,False,0.19336331580915278,0.008839822325552537,True,False,8.118804680474984,False,False,opposite_direction
974,assignment_isolation,plus_one_randomisation,True,ok,58.42337679117992,3.2028838621922864,64.39651343366376,53.37714332801944,30.85354896276886,1.0,0.001,1.0,0.001,,,,,0,0,[],[],False,True,False,True,False,0.007071067811865475,0.0070681415160106535,24,24,24,0,0.0,{},0.811792996901731,0.722069597069597,0.0,False,True,False,True,False,False,0.0,64.39651343366376,53.37714332801945,64.39651343366376,96.91666666666667,1.0734445152924232,0.006651514439410777,False,0.5012771568852232,False,0.026388888888888906,False,False,0.5324121691969558,0.026388888888888906,True,True,-1.0529844261436228,0.2923481298885855,True,False,0.08936779034520688,0.2564011565584341,True,False,7.9202495604848355,False,False,opposite_direction
975,assignment_isolation,plus_one_randomisation,True,ok,63.59548572109477,3.496242920491084,69.53633358533925,57.3962536633987,31.571234025207374,1.0,0.001,1.0,0.001,,,,,0,0,[],[],False,True,False,True,False,0.007071067811865475,0.007096555199507633,24,24,24,0,0.0,{},0.808810063844086,0.7414930555555556,0.0,False,True,False,True,False,False,0.0,69.53633358533925,57.3962536633987,69.53633358533925,97.125,1.1040142090492073,0.016441137803924713,False,0.5377785578623161,False,0.019444444444444375,False,False,0.5573820311998636,0.019444444444444375,True,True,0.15664366046817368,0.8755256911921058,True,False,0.21157122381312887,0.08376643031469805,True,False,8.435273600387703,False,False,opposite_direction
976,assignment_isolation,plus_one_randomisation,True,ok,56.99621877338735,3.413061182804813,65.95325229797102,52.82243073887797,31.2058711687129,1.0,0.001,1.0,0.001,,,,,0,0,[],[],False,True,False,True,False,0.007071067811865475,0.007126252124792842,24,24,24,0,0.0,{},0.8203292169876328,0.7,0.0,False,True,False,True,False,False,0.0,65.95325229797102,52.82243073887796,65.95325229797102,96.58333333333333,1.0927444112502174,0.01371782070243981,False,0.49679788167579375,False,0.028472222222222232,False,False,0.5136724064569496,0.028472222222222232,True,True,-0.5475022453367435,0.5840337283116512,True,False,0.14865523108024123,0.16099499488163593,True,False,8.775117576493555,False,False,opposite_direction
977,assignment_isolation,plus_one_randomisation,True,ok,56.51077912695712,4.304887232637378,64.49446212252113,49.48440305167979,30.917081111208876,1.0,0.001,1.0,0.001,,,,,0,0,[],[],False,True,False,True,False,0.007071067811865475,0.007074239646751454,24,24,24,0,0.0,{},0.808781798245614,0.738888888888889,0.0,False,True,False,True,False,False,0.0,64.49446212252113,49.484403051679784,64.49446212252113,97.0,1.0770456838725617,0.006553781421531128,False,0.4993476041984422,False,0.023263888888888862,False,False,0.5162755077703631,0.023263888888888862,True,True,0.13853351703590575,0.8898187822189267,True,False,0.10962893828647825,0.38068146353491417,True,False,9.257131941946676,False,False,opposite_direction
978,assignment_isolation,plus_one_randomisation,True,ok,56.3733326505313,3.5029962345109342,62.80534471867537,50.27352515627755,31.128576359636824,1.0,0.001,1.0,0.001,,,,,0,0,[],[],False,True,False,True,False,0.007071067811865475,0.007090560436491117,24,24,24,0,0.0,{},0.8264622650135321,0.7203183520599251,0.0,False,True,False,True,False,False,0.0,62.80534471867537,50.27352515627755,62.80534471867537,96.0,1.0812981077233486,0.013859055998888141,False,0.5133510772049514,False,0.015277777777777835,False,False,0.5134706943350988,0.015277777777777835,True,True,0.9802365459067316,0.3269693686397258,True,False,0.13949103901893267,0.6124239626876273,True,False,10.179759036183825,False,False,opposite_direction
979,assignment_isolation,plus_one_randomisation,True,ok,66.56718476785834,4.617771423662275,74.31372333854642,58.80771239869165,31.860068963502304,1.0,0.001,1.0,0.001,,,,,0,0,[],[],False,True,False,True,False,0.007071067811865475,0.007069917610480522,24,24,24,0,0.0,{},0.8065714016223353,0.6998207885304657,0.0,False,True,False,True,False,False,0.0,74.31372333854642,58.80771239869165,74.31372333854642,96.08333333333333,1.1039644775452468,0.021556268676633936,False,0.5146637868461196,False,0.020486111111111094,False,False,0.5773498240545568,0.020486111111111094,True,True,0.8260717038789731,0.4087634179372276,True,False,0.19032067769372657,0.02629562330789805,True,False,10.639236765056442,False,False,opposite_direction
980,assignment_isolation,plus_one_randomisation,True,ok,69.14537187219034,3.3705502732594947,74.29735103542686,63.24041662838837,31.706167500016836,1.0,0.001,1.0,0.001,,,,,0,0,[],[],False,True,False,True,False,0.007071067811865475,0.007090766866611614,24,24,24,0,0.0,{},0.8020601851851853,0.7124526515151516,0.0,False,True,False,True,False,False,0.0,74.29735103542686,63.24041662838837,74.29735103542686,95.83333333333333,1.1004371863475755,0.02735858395662917,False,0.5306370730753767,False,0.02083333333333326,False,False,0.5951272130863015,0.02083333333333326,True,True,0.5840198468874187,0.5592069592928965,True,False,0.19454913877778846,0.14253550677172366,True,False,8.947547712644752,False,False,opposite_direction
981,assignment_isolation,plus_one_randomisation,True,ok,59.325474982323385,4.68611997226002,66.08510447534373,50.96796678474102,31.36837175252487,1.0,0.001,1.0,0.001,,,,,0,0,[],[],False,True,False,True,False,0.007071067811865475,0.007047435572645861,24,24,24,0,0.0,{},0.7862753623188405,0.690909090909091,0.0,False,True,False,True,False,False,0.0,66.08510447534373,50.96796678474103,66.08510447534373,95.70833333333333,1.0813542004394177,0.01118992922414523,False,0.5077247091337727,False,0.021874999999999978,False,False,0.5359292182935633,0.021874999999999978,True,True,-0.7533578616741735,0.4512348972728971,True,False,0.1626374713395146,0.1287640190421528,True,False,8.700672697685933,False,False,opposite_direction
982,assignment_isolation,plus_one_randomisation,True,ok,57.15622350129802,3.7516948727634536,63.087310080625485,50.06069718420909,30.365859228592203,1.0,0.001,1.0,0.001,,,,,0,0,[],[],False,True,False,True,False,0.007071067811865475,0.007094169232218192,24,24,24,0,0.0,{},0.8164864812217547,0.6707865168539325,0.0,False,True,False,True,False,False,0.0,63.087310080625485,50.06069718420909,63.087310080625485,96.5,1.0580855412456165,0.009498409256953605,False,0.5227881082701655,False,0.017708333333333326,False,False,0.5290998410675398,0.017708333333333326,True,True,0.10039620514666166,0.9200297824008097,True,False,0.14414344972354914,0.05008507964606574,True,False,9.30706773011784,False,False,opposite_direction
983,assignment_isolation,plus_one_randomisation,True,ok,54.50991010724314,3.6076434637144477,60.16224113424616,47.32556479431546,31.652749971936498,1.0,0.001,1.0,0.001,,,,,0,0,[],[],False,True,False,True,False,0.007071067811865475,0.0070417746591897295,24,24,24,0,0.0,{},0.7771990243465807,0.693486590038314,0.0,False,True,False,True,False,False,0.0,60.16224113424616,47.32556479431546,60.16224113424616,94.125,1.0812249765884048,0.04245576365477414,False,0.5138715475701895,False,0.013541666666666674,False,False,0.498747396577612,0.013541666666666674,True,True,1.492773983300469,0.13549635968796564,True,False,0.20091753830979237,0.06761010321051877,True,False,9.487047430383274,False,False,opposite_direction
984,assignment_isolation,plus_one_randomisation,True,ok,62.77192469088075,3.1654273676369047,68.66383775383528,57.88963666105328,31.633858148821783,1.0,0.001,1.0,0.001,,,,,0,0,[],[],False,True,False,True,False,0.007071067811865475,0.007062759730474826,24,24,24,0,0.0,{},0.8007188573883162,0.713768115942029,0.0,False,True,False,True,False,False,0.0,68.66383775383528,57.88963666105328,68.66383775383528,95.54166666666667,1.0919254938285656,0.04913901359999404,False,0.5013329771334222,False,0.014930555555555558,False,False,0.5564936825554805,0.014930555555555558,True,True,0.8017047634433928,0.42272375972616005,True,False,0.12478973004231428,0.0986853341497581,True,False,9.5237780829116,False,False,opposite_direction
985,assignment_isolation,plus_one_randomisation,True,ok,59.38141994502012,4.52671393997011,67.95716725256386,51.50887472954269,30.988389857990907,1.0,0.001,1.0,0.001,,,,,0,0,[],[],False,True,False,True,False,0.007071067811865475,0.007060547909950139,24,24,24,0,0.0,{},0.8007716795615731,0.6748062015503876,0.0,False,True,False,True,False,False,0.0,67.95716725256386,51.50887472954269,67.95716725256386,95.95833333333333,1.0716396352158837,0.010111874549056122,False,0.4835193493908494,False,0.021527777777777812,False,False,0.540320241607226,0.021527777777777812,True,True,-1.815493943510987,0.06944803586743359,True,False,0.22250726078961638,0.03784799642329849,True,False,8.202051681249623,False,False,opposite_direction
986,assignment_isolation,plus_one_randomisation,True,ok,59.41040733023649,2.3443701078038846,63.15249196376666,54.76520212317749,31.253637271002287,1.0,0.001,1.0,0.001,,,,,0,0,[],[],False,True,False,True,False,0.007071067811865475,0.007076589977569211,24,24,24,0,0.0,{},0.799665531069236,0.6900877192982457,0.0,False,True,False,True,False,False,0.0,63.15249196376666,54.76520212317749,63.15249196376666,96.83333333333333,1.0881958010516501,0.007779580040485252,False,0.49224542143206657,False,0.028124999999999956,False,False,0.5337804280484646,0.028124999999999956,True,True,0.7095861733436981,0.47796079629819455,True,False,0.17070860695178466,0.22771895226963565,True,False,9.92274967025242,False,False,opposite_direction
987,assignment_isolation,plus_one_randomisation,True,ok,59.50487285188658,3.4918387235759925,65.58428909824241,53.97855830030903,31.805010049793736,1.0,0.001,1.0,0.001,,,,,0,0,[],[],False,True,False,True,False,0.007071067811865475,0.007052824108117796,24,24,24,0,0.0,{},0.8009706231725147,0.6874531835205993,0.0,False,True,False,True,False,False,0.0,65.58428909824241,53.97855830030903,65.58428909824241,97.08333333333333,1.1050983593560437,0.007511722507620336,False,0.5081398811026455,False,0.015625,False,False,0.5276883045147399,0.015625,True,True,-0.2650924876058386,0.7909382144000228,True,False,0.11563833094606409,0.35361138135500164,True,False,8.53432999263144,False,False,opposite_direction
988,assignment_isolation,plus_one_randomisation,True,ok,61.9931667670364,4.312012883140737,69.51469575253735,54.88898093881787,31.85984509819506,1.0,0.001,1.0,0.001,,,,,0,0,[],[],False,True,False,True,False,0.007071067811865475,0.00707776294689398,24,24,24,0,0.0,{},0.7805412371134022,0.6914705882352941,0.0,False,True,False,True,False,False,0.0,69.51469575253735,54.88898093881787,69.51469575253735,93.875,1.0924074471616474,0.002923556514202221,False,0.5111324052248502,False,0.02499999999999991,False,False,0.5508160880254968,0.02499999999999991,True,True,-1.0268604758791842,0.30448616765372294,True,False,0.14496824707203315,0.015928027346255463,True,False,8.487976561349711,False,False,opposite_direction
989,assignment_isolation,plus_one_randomisation,True,ok,61.71657527761706,2.934779626481977,66.40766112287803,56.63554674085261,31.945381060960454,1.0,0.001,1.0,0.001,,,,,0,0,[],[],False,True,False,True,False,0.007071067811865475,0.007060456840015521,24,24,24,0,0.0,{},0.8074793747286151,0.7235648148148147,0.0,False,True,False,True,False,False,0.0,66.40766112287803,56.63554674085261,66.40766112287803,96.75,1.1092676986749632,0.031794101674389334,False,0.5081625373878503,False,0.016666666666666607,False,False,0.5421087715096888,0.016666666666666607,True,True,-0.6263796365912984,0.5310659629000887,True,False,0.11542402834121646,0.31110875847509045,True,False,9.915079630742648,False,False,opposite_direction
990,assignment_isolation,plus_one_randomisation,True,ok,59.865375055179165,2.550962384445305,64.41563526962898,55.319666265832524,31.329342079375998,1.0,0.001,1.0,0.001,,,,,0,0,[],[],False,True,False,True,False,0.007071067811865475,0.007026206546467343,24,24,24,0,0.0,{},0.791227022723983,0.6787545787545787,0.0,False,True,False,True,False,False,0.0,64.41563526962898,55.319666265832524,64.41563526962898,95.83333333333333,1.0774583437381562,0.011574852035211924,False,0.5145467741314379,False,0.015625,False,False,0.5415102543170128,0.015625,True,True,-0.4596022098525818,0.6458017726615848,True,False,0.21089181568726206,0.09401941062103339,True,False,8.840400490549865,False,False,opposite_direction
991,assignment_isolation,plus_one_randomisation,True,ok,58.27745736160431,3.184456030282534,63.835200387983285,53.28909491698843,31.6908947569861,1.0,0.001,1.0,0.001,,,,,0,0,[],[],False,True,False,True,False,0.007071067811865475,0.007099244818400279,24,24,24,0,0.0,{},0.7991144083613289,0.7352807971014494,0.0,False,True,False,True,False,False,0.0,63.835200387983285,53.28909491698843,63.835200387983285,96.58333333333333,1.105522926855777,0.0015403109831731597,False,0.519526517118614,False,0.01666666666666672,False,False,0.518338536421283,0.01666666666666672,True,True,-0.6337808880661202,0.5262238275731383,True,False,0.11932413243058432,0.18816536849363122,True,False,10.230078062609357,False,False,opposite_direction
992,assignment_isolation,plus_one_randomisation,True,ok,54.858906810077706,4.169268729656315,62.0184095761887,48.04474549337337,30.762268775704637,1.0,0.001,1.0,0.001,,,,,0,0,[],[],False,True,False,True,False,0.007071067811865475,0.0070383339882528154,24,24,24,0,0.0,{},0.7952991568968013,0.7120738636363635,0.0,False,True,False,True,False,False,0.0,62.0184095761887,48.04474549337337,62.0184095761887,96.375,1.0627728070363132,0.017445170249616598,False,0.5118594472762817,False,0.020138888888888817,False,False,0.5090966614390106,0.020138888888888817,True,True,-0.3658942666315119,0.7144439747274904,True,False,0.1773667632117037,0.14520245314095023,True,False,8.095062082578329,False,False,opposite_direction
993,assignment_isolation,plus_one_randomisation,True,ok,62.99489631954422,4.56389989449944,70.73312584493182,54.52918571324932,31.18352311725389,1.0,0.001,1.0,0.001,,,,,0,0,[],[],False,True,False,True,False,0.007071067811865475,0.007073168167905857,24,24,24,0,0.0,{},0.8079107223437121,0.7136704119850188,0.0,False,True,False,True,False,False,0.0,70.73312584493182,54.52918571324932,70.73312584493182,97.0,1.0861630774322677,0.00808659349630362,False,0.49462062652876776,False,0.028472222222222232,False,False,0.5603694916844003,0.028472222222222232,True,True,-0.5330723346169943,0.5939835090224709,True,False,0.12452333874518401,0.24326465730355057,True,False,8.081079777561518,False,False,opposite_direction
994,assignment_isolation,plus_one_randomisation,True,ok,57.97549299677121,3.1616157073791795,63.17304158370182,52.62693525883081,31.18663189256074,1.0,0.001,1.0,0.001,,,,,0,0,[],[],False,True,False,True,False,0.007071067811865475,0.007021474422931779,24,24,24,0,0.0,{},0.7761800913862771,0.649812734082397,0.0,False,True,False,True,False,False,0.0,63.17304158370181,52.626935258830805,63.17304158370181,94.125,1.0622317817848146,0.027554608966295902,False,0.5345037371804913,False,0.030902777777777835,False,False,0.5336481882994023,0.030902777777777835,True,True,-1.1424193914103866,0.2532797346989887,True,False,0.19442442354599562,0.01505097391980509,True,False,9.48407927703593,False,False,opposite_direction
995,assignment_isolation,plus_one_randomisation,True,ok,64.47267535425512,3.9820735646657965,71.80737789229272,58.07471681337528,32.046176307193775,1.0,0.001,1.0,0.001,,,,,0,0,[],[],False,True,False,True,False,0.007071067811865475,0.007020962820536972,24,24,24,0,0.0,{},0.797006900866577,0.7202107279693484,0.0,False,True,False,True,False,False,0.0,71.80737789229272,58.07471681337528,71.80737789229272,96.33333333333333,1.1041579132579695,0.03070235666106049,False,0.5070505246111492,False,0.04097222222222219,False,False,0.5633287319626126,0.04097222222222219,True,True,1.872934026502091,0.06107749577897123,True,False,0.20981411737665953,0.08225823599988025,True,False,10.173921415863521,False,False,opposite_direction
996,assignment_isolation,plus_one_randomisation,True,ok,66.92353314621165,3.1555593613253006,72.90524611781176,61.96143286550792,32.01314671190849,1.0,0.001,1.0,0.001,,,,,0,0,[],[],False,True,False,True,False,0.007071067811865475,0.007017198548225956,24,24,24,0,0.0,{},0.790071402272249,0.6837500000000001,0.0,False,True,False,True,False,False,0.0,72.90524611781176,61.96143286550792,72.90524611781176,95.125,1.095492652350328,0.013758506107095777,False,0.5269185530271242,False,0.023611111111111138,False,False,0.5830045894928574,0.023611111111111138,True,True,-1.644179320329542,0.10013916724339264,True,False,0.22271772223389902,0.021979893307936614,True,False,8.783476159056743,False,False,opposite_direction
997,assignment_isolation,plus_one_randomisation,True,ok,65.34511994811008,5.003910879207578,74.52025494945809,57.02643159640706,32.02324897932008,1.0,0.001,1.0,0.001,,,,,0,0,[],[],False,True,False,True,False,0.007071067811865475,0.007104305161934884,24,24,24,0,0.0,{},0.8047952644726839,0.6914814814814816,0.0,False,True,False,True,False,False,0.0,74.52025494945809,57.02643159640706,74.52025494945809,95.33333333333333,1.110655556308073,7.146500491230225e-05,False,0.49971371854602314,False,0.025347222222222188,False,False,0.5666415457625017,0.025347222222222188,True,True,2.8146630630148857,0.004882839867355455,True,False,0.19713139534484111,0.06049182956858555,True,False,8.884111168700628,False,False,opposite_direction
998,assignment_isolation,plus_one_randomisation,True,ok,63.051879451530475,3.7679021420680234,69.04280406813163,56.440451511037054,31.51430899303955,1.0,0.001,1.0,0.001,,,,,0,0,[],[],False,True,False,True,False,0.007071067811865475,0.0070652366354178025,24,24,24,0,0.0,{},0.7952631578947368,0.7203703703703704,0.0,False,True,False,True,False,False,0.0,69.04280406813163,56.440451511037054,69.04280406813163,95.79166666666667,1.0896032004959821,0.005584870614386231,False,0.5192710642553512,False,0.013541666666666674,False,False,0.5593796651315762,0.013541666666666674,True,True,-0.36256648660207863,0.7169287489203909,True,False,0.10904672699319608,0.2813432423904004,True,False,8.479556018142175,False,False,opposite_direction
999,assignment_isolation,plus_one_randomisation,True,ok,61.53936869243333,3.471343279649182,67.17131642033245,55.39356162869835,31.328491704480093,1.0,0.001,1.0,0.001,,,,,0,0,[],[],False,True,False,True,False,0.007071067811865475,0.007040822336369489,24,24,24,0,0.0,{},0.8009875732471208,0.7554964539007093,0.0,False,True,False,True,False,False,0.0,67.17131642033245,55.39356162869834,67.17131642033245,97.66666666666667,1.0899487041455376,0.009518422493208363,False,0.5262155294655797,False,0.015972222222222276,False,False,0.548576139276447,0.015972222222222276,True,True,0.002630932494263125,0.9979008220039969,True,False,0.08073690637955923,0.4116943849373264,True,False,8.999724349616292,False,False,opposite_direction
1000,assignment_isolation,plus_one_randomisation,True,ok,58.05908117399131,3.2547991672283403,63.7914399308724,52.72745218321311,31.255569477401913,1.0,0.001,1.0,0.001,,,,,0,0,[],[],False,True,False,True,False,0.007071067811865475,0.007102191843071016,24,24,24,0,0.0,{},0.802865738686779,0.7348484848484849,0.0,False,True,False,True,False,False,0.0,63.7914399308724,52.72745218321311,63.7914399308724,96.95833333333333,1.0929049437571565,0.005695381855642953,False,0.5131623097726992,False,0.028472222222222232,False,False,0.5217400137189906,0.028472222222222232,True,True,0.7201040973353031,0.4714609049686763,True,False,0.12827093325249128,0.20357085794490748,True,False,7.86509823334048,False,False,opposite_direction
1001,assignment_isolation,plus_one_randomisation,True,ok,65.74247398513354,3.7352030317716927,72.56422015257775,59.81714195870536,31.726012146839697,1.0,0.001,1.0,0.001,,,,,0,0,[],[],False,True,False,True,False,0.007071067811865475,0.007088687599738435,24,24,24,0,0.0,{},0.8273802949014657,0.7317543859649122,0.0,False,True,False,True,False,False,0.0,72.56422015257775,59.81714195870537,72.56422015257775,97.0,1.1074833225221141,0.011063799492379758,False,0.499555860651368,False,0.023611111111111138,False,False,0.5705374996840991,0.023611111111111138,True,True,1.306781163406839,0.19128704429526056,True,False,0.24899325550711163,0.034497656554471796,True,False,9.296361496767997,False,False,opposite_direction
1002,assignment_isolation,plus_one_randomisation,True,ok,60.711099631526075,3.1522530544752776,65.96908613009582,55.3294262603131,31.138057026244958,1.0,0.001,1.0,0.001,,,,,0,0,[],[],False,True,False,True,False,0.007071067811865475,0.007051557994218301,24,24,24,0,0.0,{},0.8095083487940631,0.6952651515151514,0.0,False,True,False,True,False,False,0.0,65.96908613009582,55.329426260313106,65.96908613009582,96.91666666666667,1.0808012303029197,0.02999524462167474,False,0.49401154016573434,False,0.017708333333333326,False,False,0.5463223817040515,0.017708333333333326,True,True,1.1041492719578525,0.26952839064166445,True,False,0.15300429569368934,0.2204400108065065,True,False,9.105829269679809,False,False,opposite_direction
1003,assignment_isolation,plus_one_randomisation,True,ok,64.54478661268634,3.966284534087368,71.3698235741946,57.832894988289276,31.65447422551198,1.0,0.001,1.0,0.001,,,,,0,0,[],[],False,True,False,True,False,0.007071067811865475,0.00704639200395543,24,24,24,0,0.0,{},0.7927797029702969,0.7184065934065933,0.0,False,True,False,True,False,False,0.0,71.3698235741946,57.832894988289276,71.3698235741946,96.29166666666667,1.0943752451755637,0.002397389335214226,False,0.5080274062072515,False,0.024652777777777746,False,False,0.5677091759034376,0.024652777777777746,True,True,-0.7272387203248236,0.4670797302321722,True,False,0.24167224922391495,0.04813125916450007,True,False,10.054760179882473,False,False,opposite_direction
1004,assignment_isolation,plus_one_randomisation,True,ok,66.16801140022443,4.316303452189728,72.6619053246458,59.0602620480689,31.37703027439091,1.0,0.001,1.0,0.001,,,,,0,0,[],[],False,True,False,True,False,0.007071067811865475,0.007036171985876407,24,24,24,0,0.0,{},0.8072129152348224,0.7029693486590038,0.0,False,True,False,True,False,False,0.0,72.6619053246458,59.0602620480689,72.6619053246458,97.0,1.087186759540336,0.020186989254871546,False,0.5076426414168732,False,0.016319444444444442,False,False,0.5813841802587051,0.016319444444444442,True,True,0.5763377415295265,0.5643869172726272,True,False,0.21277521229638738,0.31880447107934273,True,False,9.828047637310465,False,False,opposite_direction
1005,assignment_isolation,plus_one_randomisation,True,ok,56.03822473004235,3.4779339591682343,62.13938321848807,50.08858225502421,30.998134715995867,1.0,0.001,1.0,0.001,,,,,0,0,[],[],False,True,False,True,False,0.007071067811865475,0.007041891526687161,24,24,24,0,0.0,{},0.8235087719298247,0.6541187739463601,0.0,False,True,False,True,False,False,0.0,62.13938321848807,50.0885822550242,62.13938321848807,96.875,1.0742386019393064,0.008365976690834522,False,0.5127959811887998,False,0.02430555555555558,False,False,0.513729284381666,0.02430555555555558,True,True,0.4129540056545092,0.6796403121966212,True,False,0.12991304099267262,0.29914041870191,True,False,8.146488068735048,False,False,opposite_direction
1006,assignment_isolation,plus_one_randomisation,True,ok,61.124055779461116,4.068173956180075,67.85565606223288,54.11563793794731,31.694651318116023,1.0,0.001,1.0,0.001,,,,,0,0,[],[],False,True,False,True,False,0.007071067811865475,0.007019408239430512,24,24,24,0,0.0,{},0.7835910652920962,0.7400183150183149,0.0,False,True,False,True,False,False,0.0,67.85565606223288,54.115637937947305,67.85565606223288,97.125,1.0962812838219709,0.02249986739703296,False,0.5161007716910984,False,0.034375000000000044,False,False,0.5430463628075811,0.034375000000000044,True,True,0.7216045740830996,0.47053762613479544,True,False,0.1141547452502093,0.12314760172639809,True,False,10.381969588515668,False,False,opposite_direction
1007,assignment_isolation,plus_one_randomisation,True,ok,60.382685463757774,3.6283500801547093,66.22353530621135,53.92926665284798,31.85820771802191,1.0,0.001,1.0,0.001,,,,,0,0,[],[],False,True,False,True,False,0.007071067811865475,0.007023256231126304,24,24,24,0,0.0,{},0.7812056737588653,0.6741203703703706,0.0,False,True,False,True,False,False,0.0,66.22353530621135,53.92926665284798,66.22353530621135,95.25,1.0918484181982862,0.02955454447502197,False,0.48904738016283267,False,0.029861111111111116,False,False,0.539456351815715,0.029861111111111116,True,True,0.3719228314063872,0.7099503055865647,True,False,0.14132258311061086,0.2552400445493085,True,False,9.154334231227796,False,False,opposite_direction
1008,assignment_isolation,plus_one_randomisation,True,ok,63.860513312648685,3.6834086609991417,70.2825378834781,58.04171219289358,32.0543325239964,1.0,0.001,1.0,0.001,,,,,0,0,[],[],False,True,False,True,False,0.007071067811865475,0.007062939644790071,24,24,24,0,0.0,{},0.786809135166094,0.6664794007490639,0.0,False,True,False,True,False,False,0.0,70.2825378834781,58.04171219289358,70.2825378834781,95.25,1.1047772677141274,0.0023630915731283402,False,0.5021001794595502,False,0.010069444444444464,False,False,0.558903131610787,0.010069444444444464,True,True,1.2794802194954646,0.20072800085775533,True,False,0.1979909223516903,0.05517550939982816,True,False,10.65001926447863,False,False,opposite_direction
1009,assignment_isolation,plus_one_randomisation,True,ok,63.83734930562934,3.1501076599252684,68.66881246266506,57.49875306206773,32.080638936662005,1.0,0.001,1.0,0.001,,,,,0,0,[],[],False,True,False,True,False,0.007071067811865475,0.007047850032918588,24,24,24,0,0.0,{},0.7821528751753156,0.7081417624521071,0.0,False,True,False,True,False,False,0.0,68.66881246266506,57.49875306206773,68.66881246266506,95.95833333333333,1.1074165668395801,0.0033934447973048925,False,0.5138766495294693,False,0.013194444444444398,False,False,0.557697422823923,0.013194444444444398,True,True,-0.05547909552191735,0.9557567836532171,True,False,0.18897523019643325,0.10949593420308237,True,False,9.035057053350009,False,False,opposite_direction
1010,assignment_isolation,plus_one_randomisation,True,ok,59.32187741426188,3.5305878324346573,65.29731889986296,53.20500047320167,31.827783896850416,1.0,0.001,1.0,0.001,,,,,0,0,[],[],False,True,False,True,False,0.007071067811865475,0.0070716622423405715,24,24,24,0,0.0,{},0.8109455541237112,0.7137362637362634,0.0,False,True,False,True,False,False,0.0,65.29731889986296,53.20500047320167,65.29731889986296,96.125,1.1033570925140657,0.01622310939322442,False,0.515619206432064,False,0.01666666666666672,False,False,0.5270259673597845,0.01666666666666672,True,True,-0.5743771992290803,0.5657125787323145,True,False,0.16032135124605643,0.1375048307256762,True,False,10.944105109671359,False,False,opposite_direction
1011,assignment_isolation,plus_one_randomisation,True,ok,56.523465944088166,3.2371842701541724,62.201817647987156,51.233891970018476,31.235760055289976,1.0,0.001,1.0,0.001,,,,,0,0,[],[],False,True,False,True,False,0.007071067811865475,0.007066031049611512,24,24,24,0,0.0,{},0.8001935545385201,0.7184065934065935,0.0,False,True,False,True,False,False,0.0,62.201817647987156,51.233891970018476,62.201817647987156,95.75,1.0798589078712437,0.01162526130415916,False,0.5043736924019747,False,0.023263888888888862,False,False,0.5152264915606921,0.023263888888888862,True,True,-0.2706351242287011,0.7866716783771369,True,False,0.1133608511939678,0.1876009758979788,True,False,8.756540341730526,False,False,opposite_direction
1012,assignment_isolation,plus_one_randomisation,True,ok,56.97982601047263,3.50755391795039,63.53132656244607,51.13314419741215,31.235396450865156,1.0,0.001,1.0,0.001,,,,,0,0,[],[],False,True,False,True,False,0.007071067811865475,0.007058742549809594,24,24,24,0,0.0,{},0.7989147021198829,0.6601799242424242,0.0,False,True,False,True,False,False,0.0,63.531326562446075,51.13314419741215,63.531326562446075,95.08333333333333,1.0749705549171535,0.011950962512040496,False,0.5066346924148225,False,0.03020833333333328,False,False,0.5207632657377729,0.03020833333333328,True,True,-2.976186824797701,0.0029185700424377756,True,False,0.13491648984214266,0.14148971118180306,True,False,7.635029289120654,False,False,opposite_direction
1013,assignment_isolation,plus_one_randomisation,True,ok,58.51196821706213,4.467041339137973,65.94077077917642,51.05231442763575,31.753374459362192,1.0,0.001,1.0,0.001,,,,,0,0,[],[],False,True,False,True,False,0.007071067811865475,0.007086448694982708,24,24,24,0,0.0,{},0.805627147766323,0.7409420289855072,0.0,False,True,False,True,False,False,0.0,65.94077077917642,51.05231442763576,65.94077077917642,96.58333333333333,1.1057059114388825,0.006234777389498004,False,0.504541212988182,False,0.030555555555555558,False,False,0.5200337671803485,0.030555555555555558,True,True,-0.21217160249159503,0.8319731603090156,True,False,0.2414765058144925,0.016702659189889675,True,False,6.264523975153229,False,False,opposite_direction
1014,assignment_isolation,plus_one_randomisation,True,ok,61.47443984715357,3.5459106893595815,67.57770470027711,55.676132461782124,31.999423035837548,1.0,0.001,1.0,0.001,,,,,0,0,[],[],False,True,False,True,False,0.007071067811865475,0.007048811387464142,24,24,24,0,0.0,{},0.7900578821927138,0.7018199233716472,0.0,False,True,False,True,False,False,0.0,67.57770470027711,55.676132461782124,67.57770470027711,95.58333333333333,1.1026028938320345,0.01849898210331823,False,0.5292706824618116,False,0.015277777777777724,False,False,0.5430314474266625,0.015277777777777724,True,True,0.13741447969750256,0.8907031864733286,True,False,0.14429953604992257,0.2541415714416521,True,False,9.25040781487545,False,False,opposite_direction
1015,assignment_isolation,plus_one_randomisation,True,ok,63.14559074764316,4.261595050532734,70.12940999223444,55.05418783176114,31.867351539080506,1.0,0.001,1.0,0.001,,,,,0,0,[],[],False,True,False,True,False,0.007071067811865475,0.007055354314926368,24,24,24,0,0.0,{},0.8041228070175437,0.7317708333333331,0.0,False,True,False,True,False,False,0.0,70.12940999223444,55.05418783176114,70.12940999223444,96.54166666666667,1.1045673461288892,0.015789496394761467,False,0.5139248811283497,False,0.011111111111111072,False,False,0.5540454977844553,0.011111111111111072,True,True,1.693814142420251,0.09030060584888286,True,False,0.1239864066205554,0.3693073935524859,True,False,11.459938236727966,False,False,opposite_direction
1016,assignment_isolation,plus_one_randomisation,True,ok,55.90436191612181,4.481377997161235,63.533103901303846,48.230799746350044,31.23140756209266,1.0,0.001,1.0,0.001,,,,,0,0,[],[],False,True,False,True,False,0.007071067811865475,0.007087010434611305,24,24,24,0,0.0,{},0.8176975945017182,0.6954710144927535,0.0,False,True,False,True,False,False,0.0,63.53310390130385,48.230799746350044,63.53310390130385,95.5,1.0814994928721993,0.004554449662868426,False,0.5137513756007493,False,0.014583333333333282,False,False,0.5097164670244324,0.014583333333333282,True,True,-0.4904128365380041,0.6238417950406205,True,False,0.1601024796521105,0.3259161089945572,True,False,7.375786404389246,False,False,opposite_direction
1017,assignment_isolation,plus_one_randomisation,True,ok,66.41493243187738,2.9937337320355004,71.60796508160644,61.55344532727718,32.24548753802978,1.0,0.001,1.0,0.001,,,,,0,0,[],[],False,True,False,True,False,0.007071067811865475,0.007037053327566274,24,24,24,0,0.0,{},0.7914288371598639,0.6624542124542124,0.0,False,True,False,True,False,False,0.0,71.60796508160644,61.55344532727718,71.60796508160644,95.79166666666667,1.1104363219657423,0.002977665839148565,False,0.5137495434091703,False,0.012499999999999956,False,False,0.5738119220989013,0.012499999999999956,True,True,0.9168571672665867,0.3592174914523506,True,False,0.17514448679527664,0.06573048055866691,True,False,9.52520361932359,False,False,opposite_direction
1018,assignment_isolation,plus_one_randomisation,True,ok,62.63990348063785,5.017371208363111,72.43644415781696,54.82294511566706,31.093065126490092,1.0,0.001,1.0,0.001,,,,,0,0,[],[],False,True,False,True,False,0.007071067811865475,0.00706335534075327,24,24,24,0,0.0,{},0.795273746825041,0.705718085106383,0.0,False,True,False,True,False,False,0.0,72.43644415781696,54.82294511566706,72.43644415781696,96.125,1.0766208158252668,0.03480567655281806,False,0.5236033093353043,False,0.013194444444444509,False,False,0.5617596924931275,0.013194444444444509,True,True,-1.3506287277587088,0.1768143935530646,True,False,0.18819510732569472,0.010143709241735509,True,False,9.002414786268936,False,False,opposite_direction
1019,assignment_isolation,plus_one_randomisation,True,ok,58.11816390455251,4.023131506768142,65.54664616735438,51.93647060779224,31.419389774612206,1.0,0.001,1.0,0.001,,,,,0,0,[],[],False,True,False,True,False,0.007071067811865475,0.007024218098109031,24,24,24,0,0.0,{},0.7827349290780141,0.6581349206349206,0.0,False,True,False,True,False,False,0.0,65.54664616735438,51.93647060779224,65.54664616735438,95.45833333333333,1.078133800358199,0.017013216615806157,False,0.48500448174193117,False,0.029861111111111116,False,False,0.5281830679455818,0.029861111111111116,True,True,0.27934592435344696,0.7799793658740515,True,False,0.12743516164016033,0.17545770722616005,True,False,7.51395308364678,False,False,opposite_direction
1020,assignment_isolation,plus_one_randomisation,True,ok,59.05960113583914,4.626170456042166,66.54469820710739,50.50830862230365,31.44919792509543,1.0,0.001,1.0,0.001,,,,,0,0,[],[],False,True,False,True,False,0.007071067811865475,0.007053023171955096,24,24,24,0,0.0,{},0.8028926371780516,0.715964912280702,0.0,False,True,False,True,False,False,0.0,66.54469820710739,50.50830862230365,66.54469820710739,96.125,1.087359279709934,0.0015175536674651962,False,0.531484750910769,False,0.019791666666666652,False,False,0.5315094654644088,0.019791666666666652,True,True,-0.20625074689750442,0.8365950495922809,True,False,0.07520626141620167,0.30279888752173795,True,False,9.952277883029394,False,False,opposite_direction
1021,assignment_isolation,plus_one_randomisation,True,ok,59.807770996576004,3.212159027113443,65.23837535070469,54.40209118421455,31.564958868764027,1.0,0.001,1.0,0.001,,,,,0,0,[],[],False,True,False,True,False,0.007071067811865475,0.0070122674102670295,24,24,24,0,0.0,{},0.7790760869565218,0.7089473684210523,0.0,False,True,False,True,False,False,0.0,65.23837535070469,54.40209118421455,65.23837535070469,95.91666666666667,1.0838788460138522,0.02953194435271175,False,0.5142835643989241,False,0.03715277777777781,False,False,0.5384691739033893,0.03715277777777781,True,True,0.19086935166902827,0.8486279525252065,True,False,0.15541942677654347,0.449238815787604,True,False,8.464557344290958,False,False,opposite_direction
1022,assignment_isolation,plus_one_randomisation,True,ok,67.76591785613222,4.395785214749942,74.95461307255597,60.66787723258906,32.13634214109295,1.0,0.001,1.0,0.001,,,,,0,0,[],[],False,True,False,True,False,0.007071067811865475,0.007150863819438614,24,24,24,0,0.0,{},0.8120457702712583,0.7454071969696969,0.0,False,True,False,True,False,False,0.0,74.95461307255597,60.66787723258906,74.95461307255597,96.54166666666667,1.128969866612864,0.012329206833351383,False,0.5072227368348844,False,0.03020833333333328,False,False,0.5753719390975931,0.03020833333333328,True,True,-0.5907252276778893,0.5547045417753795,True,False,0.28512566841020714,0.004488985859324264,True,False,9.758731484583423,False,False,opposite_direction
1023,assignment_isolation,plus_one_randomisation,True,ok,57.58530959243939,4.428524711967556,65.32236979837661,50.486302505315436,30.736904066103993,1.0,0.001,1.0,0.001,,,,,0,0,[],[],False,True,False,True,False,0.007071067811865475,0.0070408780385628,24,24,24,0,0.0,{},0.7999094202898549,0.690038314176245,0.0,False,True,False,True,False,False,0.0,65.32236979837661,50.48630250531543,65.32236979837661,97.0,1.0657192603074594,0.00233626926601895,False,0.4920844869278206,False,0.023611111111111138,False,False,0.5292278387270132,0.023611111111111138,True,True,3.066457017724035,0.0021661194921261317,True,True,0.2304432133942715,0.052637243535628514,True,False,8.460257905703248,False,True,selection_limited
1024,assignment_isolation,plus_one_randomisation,True,ok,64.82449066202042,4.898149982123827,72.25463521868835,54.825587262930796,31.48204617975888,1.0,0.001,1.0,0.001,,,,,0,0,[],[],False,True,False,True,False,0.007071067811865475,0.007082566230799213,24,24,24,0,0.0,{},0.8075818868980964,0.6833333333333332,0.0,False,True,False,True,False,False,0.0,72.25463521868835,54.82558726293079,72.25463521868835,96.33333333333333,1.0942382564565825,0.008698220245438006,False,0.5162391733505721,False,0.023611111111111027,False,False,0.5696518168449917,0.023611111111111027,True,True,-2.262505846946817,0.023666168002567246,True,False,0.2517362148517584,0.07361617368632224,True,False,8.406385035512914,False,False,opposite_direction
1025,assignment_isolation,plus_one_randomisation,True,ok,64.24966476144256,3.6326209355931067,70.57714999429464,58.42231696608905,31.471053619823603,1.0,0.001,1.0,0.001,,,,,0,0,[],[],False,True,False,True,False,0.007071067811865475,0.007067384632377502,24,24,24,0,0.0,{},0.7953851038398327,0.7326007326007326,0.0,False,True,False,True,False,False,0.0,70.57714999429464,58.42231696608905,70.57714999429464,96.0,1.0896214186947466,0.05327922636710773,False,0.4913149406741301,False,0.018750000000000044,False,False,0.5676089163696297,0.018750000000000044,True,True,1.2024390076066662,0.2291934836977355,True,False,0.2262436041625613,0.067988340379872,True,False,9.718957400098843,False,False,opposite_direction
1026,assignment_isolation,plus_one_randomisation,True,ok,63.73757796905114,3.299241237746418,69.50750316043832,58.47540605451499,31.72198508392738,1.0,0.001,1.0,0.001,,,,,0,0,[],[],False,True,False,True,False,0.007071067811865475,0.007031597758848302,24,24,24,0,0.0,{},0.7972929195303551,0.6518199233716474,0.0,False,True,False,True,False,False,0.0,69.50750316043832,58.47540605451499,69.50750316043832,96.0,1.0927479400779379,0.030922410752140965,False,0.5103468265852695,False,0.030902777777777835,False,False,0.5628560288218164,0.030902777777777835,True,True,1.5463596354768268,0.12201773683042054,True,False,0.14302522554410257,0.0733343408827472,True,False,9.347408606708674,False,False,opposite_direction
1027,assignment_isolation,plus_one_randomisation,True,ok,64.16868322604685,3.9203862540281427,70.43303541040598,56.692017820248495,32.233305938760644,1.0,0.001,1.0,0.001,,,,,0,0,[],[],False,True,False,True,False,0.007071067811865475,0.007078133034682321,24,24,24,0,0.0,{},0.7987571970563563,0.6899019607843135,0.0,False,True,False,True,False,False,0.0,70.43303541040598,56.69201782024849,70.43303541040598,94.95833333333333,1.1116296380893973,0.005878377125010764,False,0.5123434882243121,False,0.022222222222222254,False,False,0.5583026229412387,0.022222222222222254,True,True,0.08795216347226964,0.9299146967496796,True,False,0.09599774515159142,0.15632903089877387,True,False,10.225163951406877,False,False,opposite_direction
1028,assignment_isolation,plus_one_randomisation,True,ok,59.13421100168849,5.918731726375072,69.62548452349935,48.858166108192556,31.679879421246465,1.0,0.001,1.0,0.001,,,,,0,0,[],[],False,True,False,True,False,0.007071067811865475,0.007098029917316105,24,24,24,0,0.0,{},0.8150464443023586,0.7500000000000001,0.0,False,True,False,True,False,False,0.0,69.62548452349935,48.858166108192556,69.62548452349935,97.20833333333333,1.108518890243693,0.005903183683137278,False,0.5039934839777154,False,0.025347222222222188,False,False,0.5235736551172611,0.025347222222222188,True,True,0.18265027864208797,0.8550724312257882,True,False,0.14379256264506327,0.08920038175336295,True,False,9.388125168668397,False,False,opposite_direction
1029,assignment_isolation,plus_one_randomisation,True,ok,58.34688949056673,4.433378241930538,65.44409331705259,50.83993092642604,31.750318959443156,1.0,0.001,1.0,0.001,,,,,0,0,[],[],False,True,False,True,False,0.007071067811865475,0.007052172666245819,24,24,24,0,0.0,{},0.7941812172371261,0.7037037037037036,0.0,False,True,False,True,False,False,0.0,65.44409331705259,50.83993092642604,65.44409331705259,95.58333333333333,1.0945412156606165,0.021218668646109478,False,0.5198388513998683,False,0.025694444444444353,False,False,0.5232591010216495,0.025694444444444353,True,True,-1.4884159106655055,0.13664124317037712,True,False,0.153298442767261,0.10823098472827435,True,False,8.917460986550065,False,False,opposite_direction
1030,assignment_isolation,plus_one_randomisation,True,ok,59.541363212011596,3.7724057599409893,65.56292824095533,52.79708206708282,31.32134421434878,1.0,0.001,1.0,0.001,,,,,0,0,[],[],False,True,False,True,False,0.007071067811865475,0.007084161736879886,24,24,24,0,0.0,{},0.7871031634938408,0.6575842696629213,0.0,False,True,False,True,False,False,0.0,65.56292824095533,52.79708206708282,65.56292824095533,95.20833333333333,1.0825210395980707,0.010573677723105695,False,0.5038770721828932,False,0.02777777777777779,False,False,0.5370545465063757,0.02777777777777779,True,True,0.09016821044527949,0.9281535457863072,True,False,0.16804420321672592,0.0604461102698767,True,False,8.685167854070738,False,False,opposite_direction
1031,assignment_isolation,plus_one_randomisation,True,ok,58.27325848985,3.727141559974531,64.90405290824702,51.889343633786815,30.683423740876716,1.0,0.001,1.0,0.001,,,,,0,0,[],[],False,True,False,True,False,0.007071067811865475,0.007073926112841982,24,24,24,0,0.0,{},0.8094943119837928,0.66453125,0.0,False,True,False,True,False,False,0.0,64.90405290824702,51.889343633786815,64.90405290824702,96.125,1.0640266798861564,0.0005993274076179275,False,0.488656868036684,False,0.013194444444444509,False,False,0.5351616933260529,0.013194444444444509,True,True,-0.6209708746349273,0.5346187866628269,True,False,0.26182544160263455,0.009807852481747904,True,False,9.977948005449257,False,False,opposite_direction
1032,assignment_isolation,plus_one_randomisation,True,ok,53.74821894017706,3.441700213245509,60.16760099790439,47.7461219511523,30.861536458093017,1.0,0.001,1.0,0.001,,,,,0,0,[],[],False,True,False,True,False,0.007071067811865475,0.007007844702640315,24,24,24,0,0.0,{},0.7947131321307432,0.6994112318840582,0.0,False,True,False,True,False,False,0.0,60.16760099790438,47.7461219511523,60.16760099790438,96.29166666666667,1.061124566457669,0.02016496607995092,False,0.5375162771721366,False,0.043749999999999956,False,False,0.5008030583543271,0.043749999999999956,True,True,1.0354619125840139,0.3004532448029229,True,False,0.1459618449548908,0.1016061103585853,True,False,8.252466487973557,False,False,opposite_direction
1033,assignment_isolation,plus_one_randomisation,True,ok,63.494789236348936,3.347860899197923,69.09688501972744,58.13341887055987,31.29012307254972,1.0,0.001,1.0,0.001,,,,,0,0,[],[],False,True,False,True,False,0.007071067811865475,0.007071087180622901,24,24,24,0,0.0,{},0.8082245979532163,0.7374537037037039,0.0,False,True,False,True,False,False,0.0,69.09688501972744,58.13341887055987,69.09688501972744,96.70833333333333,1.087916132373925,0.03252374904473692,False,0.5259614024184662,False,0.020486111111111094,False,False,0.5631252918033762,0.020486111111111094,True,True,-1.2729330882141772,0.203041786617151,True,False,0.21533437909819803,0.025112095941594824,True,False,7.260520604013347,False,False,opposite_direction
1034,assignment_isolation,plus_one_randomisation,True,ok,60.93905839459325,3.3340086492587235,65.92648139593085,54.21120469493218,31.097433669272792,1.0,0.001,1.0,0.001,,,,,0,0,[],[],False,True,False,True,False,0.007071067811865475,0.007042292735153624,24,24,24,0,0.0,{},0.7946041666666668,0.6748062015503876,0.0,False,True,False,True,False,False,0.0,65.92648139593085,54.21120469493218,65.92648139593085,95.5,1.0700653817709898,0.0023190173772999144,False,0.542412277024026,False,0.0253472222222223,False,False,0.5523607564247758,0.0253472222222223,True,True,-0.46786141966437206,0.6398836946449997,True,False,0.273219458792751,0.039954314318807575,True,False,9.973157071857994,False,False,opposite_direction
1035,assignment_isolation,plus_one_randomisation,True,ok,58.05756301062416,3.7058164087992926,64.12936771386785,50.892725548701335,31.802250225364713,1.0,0.001,1.0,0.001,,,,,0,0,[],[],False,True,False,True,False,0.007071067811865475,0.007072129105938789,24,24,24,0,0.0,{},0.8085729435137456,0.69515503875969,0.0,False,True,False,True,False,False,0.0,64.12936771386785,50.89272554870134,64.12936771386785,95.95833333333333,1.1015884739616622,0.03191483041738724,False,0.5262936718822494,False,0.023263888888888862,False,False,0.5182438422335495,0.023263888888888862,True,True,-1.7282244262695257,0.08394799610800274,True,False,0.15561825352273445,0.19158189018479246,True,False,7.209267536414829,False,False,opposite_direction
1036,assignment_isolation,plus_one_randomisation,True,ok,61.54943032360233,3.3148531715952574,67.58487589992515,56.14231025824025,32.07347967582854,1.0,0.001,1.0,0.001,,,,,0,0,[],[],False,True,False,True,False,0.007071067811865475,0.0070258499621674835,24,24,24,0,0.0,{},0.7939958091553836,0.6417174796747968,0.0,False,True,False,True,False,False,0.0,67.58487589992515,56.14231025824025,67.58487589992515,96.04166666666667,1.1041925151259815,0.003284320469115655,False,0.53030448243593,False,0.015625,False,False,0.5429338996136324,0.015625,True,True,0.33989831317801933,0.733933106986297,True,False,0.1235508863357268,0.45390562084022856,True,False,9.362631472483825,False,False,opposite_direction
1037,assignment_isolation,plus_one_randomisation,True,ok,58.52979584894374,3.4448302313030297,64.34503011901015,52.42107082354449,31.35905442724772,1.0,0.001,1.0,0.001,,,,,0,0,[],[],False,True,False,True,False,0.007071067811865475,0.007042547767960697,24,24,24,0,0.0,{},0.8047118721225863,0.72687265917603,0.0,False,True,False,True,False,False,0.0,64.34503011901015,52.42107082354449,64.34503011901015,97.875,1.092442662755923,0.013612280509648038,False,0.5226420648308093,False,0.015277777777777835,False,False,0.5254834216628991,0.015277777777777835,True,True,0.4311365757507663,0.6663690672532714,True,False,0.19623504989284027,0.015422299188827903,True,False,7.902721160046428,False,False,opposite_direction
1038,assignment_isolation,plus_one_randomisation,True,ok,63.70995159416202,3.588303374641755,69.6523962215494,57.09059766023831,31.802940333494583,1.0,0.001,1.0,0.001,,,,,0,0,[],[],False,True,False,True,False,0.007071067811865475,0.007048364671643492,24,24,24,0,0.0,{},0.8039267812388114,0.6752422480620156,0.0,False,True,False,True,False,False,0.0,69.6523962215494,57.09059766023831,69.6523962215494,96.08333333333333,1.098625499954494,0.013696561363726314,False,0.52405231742764,False,0.011805555555555514,False,False,0.5603162786359871,0.011805555555555514,True,True,0.40495500371793774,0.6855105861905763,True,False,0.17693248534762307,0.05478869759891459,True,False,10.378159962648452,False,False,opposite_direction
1039,assignment_isolation,plus_one_randomisation,True,ok,57.210039010649616,4.639413350112154,65.04365105751033,49.098350668092586,31.362936584868194,1.0,0.001,1.0,0.001,,,,,0,0,[],[],False,True,False,True,False,0.007071067811865475,0.007043001177979821,24,24,24,0,0.0,{},0.7881431922281324,0.6991573033707865,0.0,False,True,False,True,False,False,0.0,65.04365105751033,49.098350668092586,65.04365105751033,96.20833333333333,1.0833052076606606,0.03728976519982004,False,0.4947892705566034,False,0.024652777777777746,False,False,0.519137897534016,0.024652777777777746,True,True,0.8328862971291885,0.4049088585021383,True,False,0.1937347084838085,0.0755587632343688,True,False,7.961985420907405,False,False,opposite_direction
1040,assignment_isolation,plus_one_randomisation,True,ok,61.67847101716336,4.407651047540814,68.79377548481708,53.98715202234425,31.467713037456186,1.0,0.001,1.0,0.001,,,,,0,0,[],[],False,True,False,True,False,0.007071067811865475,0.0070826413320858005,24,24,24,0,0.0,{},0.8053899985681557,0.7055263157894737,0.0,False,True,False,True,False,False,0.0,68.79377548481708,53.98715202234425,68.79377548481708,94.83333333333333,1.0852028931253739,0.04127264450125421,False,0.5138512272159861,False,0.024652777777777746,False,False,0.5514876569113502,0.024652777777777746,True,True,1.495285102429513,0.13484005139685812,True,False,0.14716572890555035,0.11641934138340132,True,False,10.969803692954782,False,False,opposite_direction
1041,assignment_isolation,plus_one_randomisation,True,ok,63.04341302940029,3.589814377644628,69.29284590191132,57.372521022896834,31.96798663433909,1.0,0.001,1.0,0.001,,,,,0,0,[],[],False,True,False,True,False,0.007071067811865475,0.007054956836205509,24,24,24,0,0.0,{},0.8036247895622896,0.693103448275862,0.0,False,True,False,True,False,False,0.0,69.29284590191132,57.37252102289684,69.29284590191132,96.91666666666667,1.1101428972452956,0.014759844581913727,False,0.5054091686035646,False,0.022916666666666696,False,False,0.5511214398299055,0.022916666666666696,True,True,0.6140378521728996,0.5391903144121419,True,False,0.2646124623612993,0.03409365884657887,True,False,9.507948210073023,False,False,opposite_direction
1042,assignment_isolation,plus_one_randomisation,True,ok,59.95672926501135,4.058059635216126,67.42197101658667,52.76424614544531,31.475419286500205,1.0,0.001,1.0,0.001,,,,,0,0,[],[],False,True,False,True,False,0.007071067811865475,0.007074936556228493,24,24,24,0,0.0,{},0.7901900584795323,0.6748015873015875,0.0,False,True,False,True,False,False,0.0,67.42197101658667,52.764246145445306,67.42197101658667,95.08333333333333,1.08571609834425,0.022954408389761975,False,0.5328393166088372,False,0.023611111111111138,False,False,0.5388189166378367,0.023611111111111138,True,True,-0.11899358024270269,0.9052804418692613,True,False,0.1419473619617184,0.3009948698793791,True,False,7.192525333757267,False,False,opposite_direction
1043,assignment_isolation,plus_one_randomisation,True,ok,62.89198991038713,3.5938550763638037,69.01809260241238,56.736517260763094,31.606218819344374,1.0,0.001,1.0,0.001,,,,,0,0,[],[],False,True,False,True,False,0.007071067811865475,0.007029054907784104,24,24,24,0,0.0,{},0.7901504666595693,0.7083333333333334,0.0,False,True,False,True,False,False,0.0,69.01809260241238,56.736517260763094,69.01809260241238,96.08333333333333,1.0888386121724918,0.017149021760380596,False,0.5140929498343092,False,0.025694444444444353,False,False,0.5585740932757454,0.025694444444444353,True,True,0.6716481290744616,0.5018077306450506,True,False,0.060858707674987675,0.531116256047793,True,False,10.017374652842266,False,False,opposite_direction
1044,assignment_isolation,plus_one_randomisation,True,ok,61.759816938742496,4.137989151675136,68.77909480586231,53.95121597350059,31.84542214351767,1.0,0.001,1.0,0.001,,,,,0,0,[],[],False,True,False,True,False,0.007071067811865475,0.007034471742255093,24,24,24,0,0.0,{},0.798639455782313,0.7370879120879121,0.0,False,True,False,True,False,False,0.0,68.77909480586231,53.95121597350059,68.77909480586231,96.75,1.1017269950474302,0.01001035511259292,False,0.4925649817847607,False,0.03229166666666661,False,False,0.5454202134553353,0.03229166666666661,True,True,0.10599287118685574,0.9155880082938571,True,False,0.13878817538681362,0.16115917256884305,True,False,10.772236987022291,False,False,opposite_direction
1045,assignment_isolation,plus_one_randomisation,True,ok,58.08288790351671,3.408749012632046,64.42530102886622,52.0233963809623,30.816874721693406,1.0,0.001,1.0,0.001,,,,,0,0,[],[],False,True,False,True,False,0.007071067811865475,0.007048692637301674,24,24,24,0,0.0,{},0.8100536368393512,0.6408823529411765,0.0,False,True,False,True,False,False,0.0,64.42530102886622,52.0233963809623,64.42530102886622,96.83333333333333,1.0687585731552076,0.012835844874989986,False,0.5112100421068997,False,0.038541666666666696,False,False,0.5317643081233842,0.038541666666666696,True,True,0.4197819252442489,0.6746447701273663,True,False,0.15739213659435178,0.15152595109482966,True,False,9.195341774590004,False,False,opposite_direction
1046,assignment_isolation,plus_one_randomisation,True,ok,58.160206214317704,3.5932261462184076,64.52366118532896,52.52403884035338,31.263841690023263,1.0,0.001,1.0,0.001,,,,,0,0,[],[],False,True,False,True,False,0.007071067811865475,0.006981850687067984,24,24,24,0,0.0,{},0.7815024214181285,0.7004981884057969,0.0,False,True,False,True,False,False,0.0,64.52366118532896,52.52403884035338,64.52366118532896,96.75,1.073515676775519,0.03260536507266611,False,0.5210909203670081,False,0.03194444444444444,False,False,0.5303933798080348,0.03194444444444444,True,True,-1.4841687298117165,0.13776416331000987,True,False,0.24203969410733067,0.03131076623185587,True,False,8.573064119843572,False,False,opposite_direction
1047,assignment_isolation,plus_one_randomisation,True,ok,56.26265857978626,4.030039172028434,62.83335316209269,49.21688326435151,31.566769450652412,1.0,0.001,1.0,0.001,,,,,0,0,[],[],False,True,False,True,False,0.007071067811865475,0.007056474063071787,24,24,24,0,0.0,{},0.7852986188876447,0.7083333333333334,0.0,False,True,False,True,False,False,0.0,62.83335316209269,49.21688326435151,62.83335316209269,95.29166666666667,1.087214795053943,0.012843025746500826,False,0.513559362320849,False,0.021527777777777812,False,False,0.5102077242371209,0.021527777777777812,True,True,-1.2286549352285467,0.21920120911688512,True,False,0.11574009661906313,0.17910116979975013,True,False,7.430932667040047,False,False,opposite_direction
1048,assignment_isolation,plus_one_randomisation,True,ok,60.16250337213029,3.44115494940484,66.66279695757807,54.72942759691697,30.7173732222472,1.0,0.001,1.0,0.001,,,,,0,0,[],[],False,True,False,True,False,0.007071067811865475,0.00706671774268605,24,24,24,0,0.0,{},0.8136412909908011,0.728034420289855,0.0,False,True,False,True,False,False,0.0,66.66279695757807,54.72942759691697,66.66279695757807,97.125,1.0696392724260078,0.006363420905549109,False,0.5077480439983683,False,0.015972222222222165,False,False,0.5468961658394534,0.015972222222222165,True,True,0.11517659368403028,0.9083051507290237,True,False,0.22391563965086222,0.004355723345606986,True,False,9.608331313247307,False,False,opposite_direction
1049,assignment_isolation,plus_one_randomisation,True,ok,58.588928557100964,3.281072559565532,65.12021649410015,53.48979980122126,31.053096754903702,1.0,0.001,1.0,0.001,,,,,0,0,[],[],False,True,False,True,False,0.007071067811865475,0.007028624345552392,24,24,24,0,0.0,{},0.8006431922281325,0.7158239700374531,0.0,False,True,False,True,False,False,0.0,65.12021649410015,53.48979980122126,65.12021649410015,96.5,1.0720348653290073,0.0006934214314301703,False,0.5364514212204453,False,0.030902777777777724,False,False,0.5342382138555362,0.030902777777777724,True,True,0.25036783511534433,0.802302901496785,True,False,0.2133401279075993,0.060477694912893364,True,False,9.174847663796678,False,False,opposite_direction
1050,assignment_isolation,plus_one_randomisation,True,ok,58.32018477670866,4.510399512846887,65.28997067393564,50.03076728017802,31.359245016039484,1.0,0.001,1.0,0.001,,,,,0,0,[],[],False,True,False,True,False,0.007071067811865475,0.007046244070367446,24,24,24,0,0.0,{},0.7957905971667016,0.6933734939759038,0.0,False,True,False,True,False,False,0.0,65.28997067393564,50.03076728017802,65.28997067393564,95.79166666666667,1.0813272556215645,0.004160477595607972,False,0.5129433205464667,False,0.031597222222222276,False,False,0.5284088461607439,0.031597222222222276,True,True,-0.47942723050145514,0.6316347253775569,True,False,0.11166151262039056,0.24684912518842805,True,False,9.448654781940558,False,False,opposite_direction
1051,assignment_isolation,plus_one_randomisation,True,ok,55.178914807971445,4.923483948767724,63.64982298297461,47.05213062268205,31.129428300919496,1.0,0.001,1.0,0.001,,,,,0,0,[],[],False,True,False,True,False,0.007071067811865475,0.007039748288829536,24,24,24,0,0.0,{},0.7765334109042554,0.6701550387596898,0.0,False,True,False,True,False,False,0.0,63.649822982974605,47.05213062268205,63.649822982974605,95.79166666666667,1.0724131850053897,0.015068847898458235,False,0.5190922358146505,False,0.015972222222222276,False,False,0.5076850708812851,0.015972222222222276,True,True,0.2914341438805255,0.770719304240902,True,False,0.15384551357886278,0.17102169704240094,True,False,8.656341563821245,False,False,opposite_direction
1052,assignment_isolation,plus_one_randomisation,True,ok,63.56899109483184,4.07857995339823,70.27867839641505,55.97024157430768,31.908683424390397,1.0,0.001,1.0,0.001,,,,,0,0,[],[],False,True,False,True,False,0.007071067811865475,0.007049661878148398,24,24,24,0,0.0,{},0.8113843547155403,0.6870639534883719,0.0,False,True,False,True,False,False,0.0,70.27867839641505,55.97024157430767,70.27867839641505,96.04166666666667,1.1022421666471176,0.0017003013947617664,False,0.47774212546582495,False,0.00694444444444442,False,False,0.5579039598926939,0.00694444444444442,True,True,-0.8230666971261217,0.41047006584520485,True,False,0.34255942346110296,0.009722046252854772,True,False,9.304417631230733,False,False,opposite_direction
1053,assignment_isolation,plus_one_randomisation,True,ok,57.31962733134126,3.6044050235625553,63.00407988344221,50.913439877590314,31.354298113429188,1.0,0.001,1.0,0.001,,,,,0,0,[],[],False,True,False,True,False,0.007071067811865475,0.007055966112237892,24,24,24,0,0.0,{},0.799118794326241,0.7074906367041199,0.0,False,True,False,True,False,False,0.0,63.00407988344221,50.913439877590314,63.00407988344221,97.125,1.090157105559567,0.00949992450621747,False,0.5197287712787297,False,0.026388888888888795,False,False,0.5172048379842625,0.026388888888888795,True,True,0.8235601595493345,0.4101895212054024,True,False,0.18346792784760685,0.016550794615329684,True,False,8.959685313209333,False,False,opposite_direction
1054,assignment_isolation,plus_one_randomisation,True,ok,57.255916332995845,4.743593167463775,65.42709524968276,49.13299628225509,31.201482036354296,1.0,0.001,1.0,0.001,,,,,0,0,[],[],False,True,False,True,False,0.007071067811865475,0.007077748086930898,24,24,24,0,0.0,{},0.8001447626447628,0.7053703703703702,0.0,False,True,False,True,False,False,0.0,65.42709524968276,49.1329962822551,65.42709524968276,95.79166666666667,1.080697615421899,0.025011469951272604,False,0.519558347938743,False,0.026388888888888906,False,False,0.520551981151831,0.026388888888888906,True,True,0.9864734703917559,0.32390082750662463,True,False,0.1301642809545896,0.4182772110326804,True,False,7.934612445763567,False,False,opposite_direction
1055,assignment_isolation,plus_one_randomisation,True,ok,63.0809380557044,4.003835136401246,69.28301042060579,55.772543174745046,32.001907186043255,1.0,0.001,1.0,0.001,,,,,0,0,[],[],False,True,False,True,False,0.007071067811865475,0.007085570675913586,24,24,24,0,0.0,{},0.7755827737077737,0.6541182170542635,0.0,False,True,False,True,False,False,0.0,69.28301042060579,55.772543174745046,69.28301042060579,92.75,1.0918869089720542,0.017864901533585317,False,0.5004640337321901,False,0.022916666666666696,False,False,0.5586636250474392,0.022916666666666696,True,True,-0.2671249939939954,0.7893729241628024,True,False,0.12894309760830275,0.357360214271162,True,False,10.417764800823598,False,False,opposite_direction
1056,assignment_isolation,plus_one_randomisation,True,ok,57.381092859105784,4.160866090710851,64.02282685311934,50.09701795618438,31.261753271921197,1.0,0.001,1.0,0.001,,,,,0,0,[],[],False,True,False,True,False,0.007071067811865475,0.0070124601929319845,24,24,24,0,0.0,{},0.7748226950354613,0.6921245421245421,0.0,False,True,False,True,False,False,0.0,64.02282685311934,50.09701795618438,64.02282685311934,94.75,1.0669482459285964,0.009953513171330855,False,0.49852097835748177,False,0.026388888888888906,False,False,0.5271544813792123,0.026388888888888906,True,True,0.9825393982638156,0.3258341832538585,True,False,0.14637333548703876,0.45380544711113696,True,False,9.693657282539244,False,False,opposite_direction
1057,assignment_isolation,plus_one_randomisation,True,ok,60.92838370525601,4.038213599412239,67.35788739840346,54.032287563077915,31.0623102460215,1.0,0.001,1.0,0.001,,,,,0,0,[],[],False,True,False,True,False,0.007071067811865475,0.007055941160591002,24,24,24,0,0.0,{},0.8041456228956229,0.6946360153256704,0.0,False,True,False,True,False,False,0.0,67.35788739840346,54.032287563077915,67.35788739840346,97.0,1.0793059595547274,0.0006922397125849857,False,0.511882221396837,False,0.011111111111111072,False,False,0.5485033224968918,0.011111111111111072,True,True,-0.5991451920763338,0.5490760676091946,True,False,0.10894338785673217,0.28466190519672807,True,False,8.167991512252557,False,False,opposite_direction
1058,assignment_isolation,plus_one_randomisation,True,ok,59.907335055073666,4.35653298244809,67.98559827233609,52.8752699532715,31.727632272523103,1.0,0.001,1.0,0.001,,,,,0,0,[],[],False,True,False,True,False,0.007071067811865475,0.0070340140227944355,24,24,24,0,0.0,{},0.7842004005903438,0.7113162878787878,0.0,False,True,False,True,False,False,0.0,67.98559827233609,52.8752699532715,67.98559827233609,95.375,1.0897532501390828,0.002753851503072166,False,0.5240574665734865,False,0.027430555555555514,False,False,0.5368205949712952,0.027430555555555514,True,True,-2.177790411504923,0.029421644086908717,True,False,0.18019289884868658,0.08752754233932773,True,False,8.155733059007005,False,False,opposite_direction
1059,assignment_isolation,plus_one_randomisation,True,ok,63.767331086998716,4.07325605208311,70.63010386923771,56.393901820402284,32.89823744187368,1.0,0.001,1.0,0.001,,,,,0,0,[],[],False,True,False,True,False,0.007071067811865475,0.00706118444856845,24,24,24,0,0.0,{},0.7862238256932654,0.7124542124542125,0.0,False,True,False,True,False,False,0.0,70.63010386923771,56.393901820402284,70.63010386923771,94.625,1.1298561071720596,0.0033586071001203387,False,0.4942223120319761,False,0.004861111111111094,False,False,0.5484020593459741,0.004861111111111094,True,True,0.8363166647155142,0.4029767805052079,True,False,0.21504942506026833,0.025384982064000878,True,False,8.574057256715161,False,False,opposite_direction
1060,assignment_isolation,plus_one_randomisation,True,ok,59.73938815787151,4.014496774735957,67.31079214625849,53.41262882059108,32.003304676037395,1.0,0.001,1.0,0.001,,,,,0,0,[],[],False,True,False,True,False,0.007071067811865475,0.007034185724993115,24,24,24,0,0.0,{},0.8114786600019225,0.7370967741935484,0.0,False,True,False,True,False,False,0.0,67.31079214625849,53.41262882059109,67.31079214625849,98.125,1.114983642834184,0.030494765562070824,False,0.516120903464314,False,0.03472222222222221,False,False,0.5254975402138106,0.03472222222222221,True,True,1.6428418745712772,0.10041565378773536,True,False,0.17387897598742394,0.08774474391366217,True,False,9.675137449873501,False,False,opposite_direction
1061,assignment_isolation,plus_one_randomisation,True,ok,59.86127834218555,3.0671156172949674,65.77554870099576,55.41707360601018,32.471098144427934,1.0,0.001,1.0,0.001,,,,,0,0,[],[],False,True,False,True,False,0.007071067811865475,0.0070809717871422135,24,24,24,0,0.0,{},0.786734693877551,0.7050411522633745,0.0,False,True,False,True,False,False,0.0,65.77554870099576,55.41707360601018,65.77554870099576,93.91666666666667,1.114117971334539,0.03493865886978537,False,0.49688832860326754,False,0.017708333333333326,False,False,0.5267378378353813,0.017708333333333326,True,True,0.7947535506184076,0.42675687530936923,True,False,0.1278565704309007,0.21434382468842833,True,False,6.712252346165791,False,False,opposite_direction
1062,assignment_isolation,plus_one_randomisation,True,ok,55.073056034745015,3.4301140081424193,60.63919082599136,48.940127422239186,31.325289770564194,1.0,0.001,1.0,0.001,,,,,0,0,[],[],False,True,False,True,False,0.007071067811865475,0.007070766477898684,24,24,24,0,0.0,{},0.7806082026875701,0.6314980158730159,0.0,False,True,False,True,False,False,0.0,60.63919082599136,48.940127422239186,60.63919082599136,94.125,1.0744447553167549,0.005379282167532052,False,0.4960782483075425,False,0.017013888888888884,False,False,0.506011047316042,0.017013888888888884,True,True,-1.5590508177762066,0.11898435291340743,True,False,0.17646292853555345,0.04552792068227207,True,False,8.145849209257737,False,False,opposite_direction
1063,assignment_isolation,plus_one_randomisation,True,ok,61.09987892782831,5.444708089258056,70.077715415992,52.02232311266234,31.16661038422225,1.0,0.001,1.0,0.001,,,,,0,0,[],[],False,True,False,True,False,0.007071067811865475,0.007068767379354533,24,24,24,0,0.0,{},0.8015264121843069,0.6434027777777778,0.0,False,True,False,True,False,False,0.0,70.077715415992,52.02232311266234,70.077715415992,96.25,1.080696227264531,0.010993308082859995,False,0.5115690366682827,False,0.01909722222222221,False,False,0.5491733921929299,0.01909722222222221,True,True,0.8367799716289367,0.40271625733176464,True,False,0.17988573772284977,0.03987532165338141,True,False,7.6384297877462,False,False,opposite_direction
1064,assignment_isolation,plus_one_randomisation,True,ok,53.29536534975845,3.166723706567065,58.69036854105973,48.35668613106083,31.326066237987906,1.0,0.001,1.0,0.001,,,,,0,0,[],[],False,True,False,True,False,0.007071067811865475,0.0070763093490405875,24,24,24,0,0.0,{},0.797863724968988,0.698235294117647,0.0,False,True,False,True,False,False,0.0,58.69036854105973,48.35668613106083,58.69036854105973,94.45833333333333,1.0772160505273016,0.038874253777810994,False,0.5213165270281999,False,0.023611111111111027,False,False,0.4905225589500174,0.023611111111111027,True,True,-0.7373983001766381,0.4608801688733436,True,False,0.24844617832921514,0.017744953643126164,True,False,7.3840726328245045,False,False,opposite_direction
1065,assignment_isolation,plus_one_randomisation,True,ok,61.03882641626442,3.610783124503808,67.36733362595429,54.87622809574466,31.273122035993694,1.0,0.001,1.0,0.001,,,,,0,0,[],[],False,True,False,True,False,0.007071067811865475,0.007057825691183762,24,24,24,0,0.0,{},0.8029842398124298,0.6946078431372548,0.0,False,True,False,True,False,False,0.0,67.36733362595429,54.87622809574466,67.36733362595429,96.04166666666667,1.0815385806542992,0.015357512413179293,False,0.49366908878543503,False,0.02604166666666663,False,False,0.5483909743697141,0.02604166666666663,True,True,-0.15553721042278393,0.8763978211939969,True,False,0.09321811212714713,0.49398360533084823,True,False,7.602520605142048,False,False,opposite_direction
1066,assignment_isolation,plus_one_randomisation,True,ok,64.38883096400923,4.962490997557902,73.59314770559416,56.147532115478,32.17947468343471,1.0,0.001,1.0,0.001,,,,,0,0,[],[],False,True,False,True,False,0.007071067811865475,0.0070263951082246865,24,24,24,0,0.0,{},0.7955936220642102,0.6874561403508771,0.0,False,True,False,True,False,False,0.0,73.59314770559416,56.14753211547801,73.59314770559416,96.41666666666667,1.110088435413719,0.015560480389461027,False,0.5283013021737428,False,0.022916666666666585,False,False,0.5604125132557967,0.022916666666666585,True,True,1.1904846072805975,0.23385597643456923,True,False,0.19969778402860605,0.0866527831384635,True,False,9.185651974410147,False,False,opposite_direction
1067,assignment_isolation,plus_one_randomisation,True,ok,62.086972944189085,4.808354257657246,70.58901715691643,53.653770442451325,31.504350755185595,1.0,0.001,1.0,0.001,,,,,0,0,[],[],False,True,False,True,False,0.007071067811865475,0.007068164768496619,24,24,24,0,0.0,{},0.8131440602836879,0.7103046594982078,0.0,False,True,False,True,False,False,0.0,70.58901715691643,53.653770442451325,70.58901715691643,96.41666666666667,1.0932594997716227,0.03646763196487909,False,0.5060730556126476,False,0.026388888888888906,False,False,0.551138033923625,0.026388888888888906,True,True,0.7718149546163204,0.4402240331766888,True,False,0.11382731478529638,0.24613460182905456,True,False,10.661209847917792,False,False,opposite_direction
1068,assignment_isolation,plus_one_randomisation,True,ok,61.30800547675015,3.6849554254001102,67.6723467266006,55.02282339002674,31.484985951724102,1.0,0.001,1.0,0.001,,,,,0,0,[],[],False,True,False,True,False,0.007071067811865475,0.007056599258284639,24,24,24,0,0.0,{},0.7824927536231884,0.665038314176245,0.0,False,True,False,True,False,False,0.0,67.6723467266006,55.02282339002674,67.6723467266006,94.375,1.0791888390529831,0.014188215328443212,False,0.523264412991502,False,0.02604166666666674,False,False,0.5512822836157153,0.02604166666666674,True,True,0.10945761081981663,0.9128395413616905,True,False,0.16505973764960416,0.13433961228927901,True,False,8.995601466180778,False,False,opposite_direction
1069,assignment_isolation,plus_one_randomisation,True,ok,57.503351281425545,3.3750638896626834,63.628081609419525,51.99776471404624,30.941687434030698,1.0,0.001,1.0,0.001,,,,,0,0,[],[],False,True,False,True,False,0.007071067811865475,0.0070685642392447,24,24,24,0,0.0,{},0.797364953886693,0.7321365248226949,0.0,False,True,False,True,False,False,0.0,63.628081609419525,51.99776471404624,63.628081609419525,96.33333333333333,1.0733305783581768,0.03563666466150874,False,0.5192010316551793,False,0.018055555555555602,False,False,0.5254644473423348,0.018055555555555602,True,True,-1.070867125539545,0.28422917933890013,True,False,0.23170508819148303,0.07502681884277344,True,False,8.357031699596867,False,False,opposite_direction
1070,assignment_isolation,plus_one_randomisation,True,ok,71.50751550001733,3.189205906142601,76.3198930760435,65.47127483084891,32.623081342367136,1.0,0.001,1.0,0.001,,,,,0,0,[],[],False,True,False,True,False,0.007071067811865475,0.007018449047876502,24,24,24,0,0.0,{},0.7930680922702198,0.6946629213483145,0.0,False,True,False,True,False,False,0.0,76.3198930760435,65.47127483084891,76.3198930760435,96.25,1.1231467475581907,0.004819804932033907,False,0.5335445198831663,False,0.02604166666666674,False,False,0.6007486203670327,0.02604166666666674,True,True,1.2505717865874997,0.21109074937690897,True,False,0.2405485994221827,0.03215868983960434,True,False,9.9113580984047,False,False,opposite_direction
1071,assignment_isolation,plus_one_randomisation,True,ok,59.833231134256415,4.093095835534924,66.4623598145326,51.83774179596416,32.11456003126552,1.0,0.001,1.0,0.001,,,,,0,0,[],[],False,True,False,True,False,0.007071067811865475,0.006999472834834458,24,24,24,0,0.0,{},0.7851232565840734,0.6852807971014492,0.0,False,True,False,True,False,False,0.0,66.4623598145326,51.837741795964156,66.4623598145326,94.41666666666667,1.0920980840138124,0.017242375319854356,False,0.4883120224935254,False,0.036111111111111094,False,False,0.5353281191812196,0.036111111111111094,True,True,-1.8246300476518014,0.06805687589985036,True,False,0.21150472366523962,0.06333809547756651,True,False,9.259986580233049,False,False,opposite_direction
1072,assignment_isolation,plus_one_randomisation,True,ok,60.27191674270855,4.621613854627876,67.33703373009675,52.35921616655011,31.427803628580403,1.0,0.001,1.0,0.001,,,,,0,0,[],[],False,True,False,True,False,0.007071067811865475,0.00707462035280584,24,24,24,0,0.0,{},0.7996015255614658,0.7374565972222222,0.0,False,True,False,True,False,False,0.0,67.33703373009675,52.35921616655011,67.33703373009675,96.04166666666667,1.0894743712351194,0.009697316087820804,False,0.5210317297660002,False,0.01736111111111105,False,False,0.5396063780001576,0.01736111111111105,True,True,-0.16564419883308648,0.868436962103184,True,False,0.18616674041543313,0.07631483647568726,True,False,9.590348158767277,False,False,opposite_direction
1073,assignment_isolation,plus_one_randomisation,True,ok,58.20004069106424,4.0657773051818,65.4258634704321,51.231692815098086,30.523805512477864,1.0,0.001,1.0,0.001,,,,,0,0,[],[],False,True,False,True,False,0.007071067811865475,0.007050379907815514,24,24,24,0,0.0,{},0.8098150794460889,0.7124556737588652,0.0,False,True,False,True,False,False,0.0,65.4258634704321,51.231692815098086,65.4258634704321,97.41666666666667,1.062032565950494,0.03253720709632246,False,0.5307636390201993,False,0.03541666666666665,False,False,0.5354342927714945,0.03541666666666665,True,True,0.5694013448316355,0.5690838043986152,True,False,0.12903687758599391,0.16624513509691094,True,False,9.698590573468943,False,False,opposite_direction
1074,assignment_isolation,plus_one_randomisation,True,ok,64.21753842226579,3.3329827107713137,70.40238145959306,59.10418745808587,31.071575597845538,1.0,0.001,1.0,0.001,,,,,0,0,[],[],False,True,False,True,False,0.007071067811865475,0.007055932939788929,24,24,24,0,0.0,{},0.8119357638888888,0.7421648550724635,0.0,False,True,False,True,False,False,0.0,70.40238145959306,59.10418745808587,70.40238145959306,97.625,1.0830992339088692,0.007457114122981844,False,0.5112356318794127,False,0.01805555555555549,False,False,0.5700117014578818,0.01805555555555549,True,True,0.7614876569211616,0.4463658485030142,True,False,0.05980719248766417,0.47198565410639504,True,False,11.230573698993805,False,False,opposite_direction
1075,assignment_isolation,plus_one_randomisation,True,ok,59.73778832156952,3.080980607363727,65.25189127461671,54.69099012490155,30.927494727291528,1.0,0.001,1.0,0.001,,,,,0,0,[],[],False,True,False,True,False,0.007071067811865475,0.0070497867515492965,24,24,24,0,0.0,{},0.8028658271819364,0.7018115942028986,0.0,False,True,False,True,False,False,0.0,65.25189127461671,54.69099012490155,65.25189127461671,96.41666666666667,1.0704509762277385,0.005562682231702783,False,0.5293805400166347,False,0.025694444444444464,False,False,0.5434439797156542,0.025694444444444464,True,True,0.4019300843800001,0.6877354813851877,True,False,0.2749722085494645,0.04207138842279404,True,False,9.118924376692032,False,False,opposite_direction
1076,assignment_isolation,plus_one_randomisation,True,ok,51.29952410710718,4.437399826112969,57.838188657478256,42.35130640389596,30.874996827397457,1.0,0.001,1.0,0.001,,,,,0,0,[],[],False,True,False,True,False,0.007071067811865475,0.0070704048581978225,24,24,24,0,0.0,{},0.8002788863069981,0.7204166666666666,0.0,False,True,False,True,False,False,0.0,57.83818865747825,42.35130640389596,57.83818865747825,96.04166666666667,1.0696730464380575,0.004178464816425463,False,0.5142209201483385,False,0.01215277777777779,False,False,0.4769860666565906,0.01215277777777779,True,True,0.38046625609556534,0.7035993403061376,True,False,0.07750197500506559,0.4240223329891972,True,False,7.774389853396108,False,False,opposite_direction
1077,assignment_isolation,plus_one_randomisation,True,ok,59.834998019872806,3.7741264896817355,66.77778864383292,53.401227234585136,32.04437726440037,1.0,0.001,1.0,0.001,,,,,0,0,[],[],False,True,False,True,False,0.007071067811865475,0.006986935244366638,24,24,24,0,0.0,{},0.782494680851064,0.6529411764705881,0.0,False,True,False,True,False,False,0.0,66.77778864383292,53.40122723458514,66.77778864383292,95.08333333333333,1.0915930397199523,0.00469400056947395,False,0.49866756348011004,False,0.04791666666666672,False,False,0.5355449564354045,0.04791666666666672,True,True,-0.9508715097288064,0.3416696060606065,True,False,0.1350902002346382,0.22608665579411472,True,False,7.58739909641724,False,False,opposite_direction
1078,assignment_isolation,plus_one_randomisation,True,ok,58.68812172098092,3.766083446873838,65.10351267473955,52.40598151278933,32.03843906060975,1.0,0.001,1.0,0.001,,,,,0,0,[],[],False,True,False,True,False,0.007071067811865475,0.007008847656666825,24,24,24,0,0.0,{},0.7749852196726157,0.7066666666666668,0.0,False,True,False,True,False,False,0.0,65.10351267473955,52.40598151278933,65.10351267473955,95.25,1.095772673048918,0.00017290778177232478,False,0.5268640448406395,False,0.023958333333333415,False,False,0.525332657506645,0.023958333333333415,True,True,-0.3856646528585532,0.699745044274242,True,False,0.28070859513074453,0.09476754234118008,True,False,8.090712086194738,False,False,opposite_direction
1079,assignment_isolation,plus_one_randomisation,True,ok,57.907497620073116,3.622319004569818,63.80701963580489,51.30654785296326,30.766696842585624,1.0,0.001,1.0,0.001,,,,,0,0,[],[],False,True,False,True,False,0.007071067811865475,0.007098006374806102,24,24,24,0,0.0,{},0.8143069727891157,0.7041170634920636,0.0,False,True,False,True,False,False,0.0,63.80701963580489,51.30654785296326,63.80701963580489,96.83333333333333,1.0744833809935104,0.0053449389845381095,False,0.5180598223804339,False,0.017708333333333326,False,False,0.5280774146040518,0.017708333333333326,True,True,-0.8731253354099004,0.382594765897032,True,False,0.1804713696929687,0.2616282834199647,True,False,8.528038768467917,False,False,opposite_direction
1080,assignment_isolation,plus_one_randomisation,True,ok,61.19592654114982,3.910802742895391,67.9774739922219,54.550702965862826,31.1347386063845,1.0,0.001,1.0,0.001,,,,,0,0,[],[],False,True,False,True,False,0.007071067811865475,0.007030757756983202,24,24,24,0,0.0,{},0.78325,0.7159722222222222,0.0,False,True,False,True,False,False,0.0,67.9774739922219,54.550702965862826,67.9774739922219,96.58333333333333,1.075643749497341,0.002586603637937017,False,0.500397584766842,False,0.03402777777777777,False,False,0.5519242486519441,0.03402777777777777,True,True,-0.5364370734650385,0.5916565148836319,True,False,0.2257469129828279,0.021232045249353893,True,False,7.641073551719492,False,False,opposite_direction
1081,assignment_isolation,plus_one_randomisation,True,ok,65.90479960934819,3.929660153259645,72.37058167710333,59.19958321188186,31.8373225256323,1.0,0.001,1.0,0.001,,,,,0,0,[],[],False,True,False,True,False,0.007071067811865475,0.007034913792636198,24,24,24,0,0.0,{},0.7931074559068808,0.7248148148148147,0.0,False,True,False,True,False,False,0.0,72.37058167710333,59.19958321188185,72.37058167710333,96.41666666666667,1.0996168286099024,0.055387850086841675,False,0.5022873413952702,False,0.014236111111111116,False,False,0.5747175031020444,0.014236111111111116,True,True,-0.37449125698299396,0.7080388600964632,True,False,0.15863012453244854,0.3136060487709731,True,False,9.645854362808223,False,False,opposite_direction
1082,assignment_isolation,plus_one_randomisation,True,ok,61.51131214929964,4.0661148360596835,69.00342478697586,55.00352480877863,31.075394171497912,1.0,0.001,1.0,0.001,,,,,0,0,[],[],False,True,False,True,False,0.007071067811865475,0.007061077903401417,24,24,24,0,0.0,{},0.7916221021124074,0.6517068273092369,0.0,False,True,False,True,False,False,0.0,69.00342478697586,55.00352480877863,69.00342478697586,95.0,1.0693489715348359,0.03667277872287678,False,0.48723401854353454,False,0.015625,False,False,0.5567595486902185,0.015625,True,True,0.7929156577633132,0.42782696410739873,True,False,0.07870645053823007,0.3223662608472555,True,False,9.703961816800438,False,False,opposite_direction
1083,assignment_isolation,plus_one_randomisation,True,ok,57.332723926115165,3.6862255485194293,63.935134743026865,51.60872127932323,31.522161111048064,1.0,0.001,1.0,0.001,,,,,0,0,[],[],False,True,False,True,False,0.007071067811865475,0.0070489561133564495,24,24,24,0,0.0,{},0.7946832391087463,0.6720037453183522,0.0,False,True,False,True,False,False,0.0,63.93513474302686,51.60872127932323,63.93513474302686,96.91666666666667,1.0937297611901584,0.007865410091440058,False,0.5207911343961353,False,0.010069444444444464,False,False,0.5158655376686602,0.010069444444444464,True,True,-0.4912170577459922,0.6232729356218691,True,False,0.11632396029383761,0.19544014173068006,True,False,6.9259095335527965,False,False,opposite_direction
1084,assignment_isolation,plus_one_randomisation,True,ok,59.89690678320657,4.348134964296424,67.26467855256453,52.826971095503204,31.465678739983197,1.0,0.001,1.0,0.001,,,,,0,0,[],[],False,True,False,True,False,0.007071067811865475,0.0070308169783685655,24,24,24,0,0.0,{},0.7979754471168669,0.6831501831501832,0.0,False,True,False,True,False,False,0.0,67.26467855256453,52.826971095503204,67.26467855256453,96.0,1.0837984309479785,0.009007433040622686,False,0.5291501064723066,False,0.025694444444444464,False,False,0.5391579379739313,0.025694444444444464,True,True,-1.2595751432306759,0.20782266708724284,True,False,0.1729766169937765,0.09235282459134181,True,False,9.14328229810961,False,False,opposite_direction
1085,assignment_isolation,plus_one_randomisation,True,ok,60.71652159845391,3.875555014979735,67.63295736607891,54.22847037761379,30.974600609397303,1.0,0.001,1.0,0.001,,,,,0,0,[],[],False,True,False,True,False,0.007071067811865475,0.007016928146766217,24,24,24,0,0.0,{},0.7946829074358412,0.6879213483146069,0.0,False,True,False,True,False,False,0.0,67.63295736607891,54.22847037761378,67.63295736607891,96.25,1.066161800273172,0.011132350684170978,False,0.5128123429996929,False,0.02604166666666663,False,False,0.5523590767232066,0.02604166666666663,True,True,-0.4573252050093811,0.6474373157368197,True,False,0.09720350014561012,0.18845319811490097,True,False,9.639438551151171,False,False,opposite_direction
1086,assignment_isolation,plus_one_randomisation,True,ok,55.71702538509593,4.30475516053564,63.166461061292885,48.01860406554149,30.850396553255592,1.0,0.001,1.0,0.001,,,,,0,0,[],[],False,True,False,True,False,0.007071067811865475,0.00704159430244282,24,24,24,0,0.0,{},0.7938137755102042,0.6655038759689922,0.0,False,True,False,True,False,False,0.0,63.166461061292885,48.01860406554149,63.166461061292885,96.41666666666667,1.066541629170843,0.029095596985244988,False,0.5272635798382641,False,0.011805555555555625,False,False,0.5143637987345517,0.011805555555555625,True,True,1.1065037666192679,0.2685085346172925,True,False,0.13408080580346154,0.09876003023567259,True,False,8.04938846561102,False,False,opposite_direction
1087,assignment_isolation,plus_one_randomisation,True,ok,59.20930193652011,4.8188977082323,67.58645516569759,51.14275730808516,31.867641598633558,1.0,0.001,1.0,0.001,,,,,0,0,[],[],False,True,False,True,False,0.007071067811865475,0.007020986236406764,24,24,24,0,0.0,{},0.7970321494515042,0.7089095744680852,0.0,False,True,False,True,False,False,0.0,67.58645516569759,51.14275730808516,67.58645516569759,96.16666666666667,1.0970598764558104,0.014050056847087345,False,0.5140559456308962,False,0.02499999999999991,False,False,0.5287110816277021,0.02499999999999991,True,True,-0.08084493969162271,0.9355652683068758,True,False,0.06310485882116147,0.45380338496607125,True,False,9.886249199610006,False,False,opposite_direction
1088,assignment_isolation,plus_one_randomisation,True,ok,69.35469950171465,3.4161687087871595,75.25080775172538,63.79300761989229,32.32579837150567,1.0,0.001,1.0,0.001,,,,,0,0,[],[],False,True,False,True,False,0.007071067811865475,0.007062074509528572,24,24,24,0,0.0,{},0.7909146167048053,0.7204166666666666,0.0,False,True,False,True,False,False,0.0,75.25080775172538,63.793007619892286,75.25080775172538,97.5,1.1270777265080416,0.060539736303054134,False,0.5303815868115884,False,0.01736111111111116,False,False,0.5861417531306995,0.01736111111111116,True,True,0.11185540532280322,0.9109380560246345,True,False,0.23488994494889925,0.05308202876894753,True,False,10.378420795802384,False,False,opposite_direction
1089,assignment_isolation,plus_one_randomisation,True,ok,55.519920662743175,3.8186165765376083,61.88632222226333,48.66279312053021,31.260163771430953,1.0,0.001,1.0,0.001,,,,,0,0,[],[],False,True,False,True,False,0.007071067811865475,0.007084184248846538,24,24,24,0,0.0,{},0.7963447277988787,0.7248226950354612,0.0,False,True,False,True,False,False,0.0,61.886322222263324,48.66279312053021,61.886322222263324,94.375,1.0756713055601745,0.023338650519096976,False,0.5123741886789491,False,0.01215277777777779,False,False,0.5090587657043065,0.01215277777777779,True,True,-0.5268446696043233,0.5983014598466619,True,False,0.08637714626350132,0.49691871717866365,True,False,8.197679374589303,False,False,opposite_direction
1090,assignment_isolation,plus_one_randomisation,True,ok,56.618843081538245,3.134424933487477,62.39080336290926,51.57967282322759,31.437932209987654,1.0,0.001,1.0,0.001,,,,,0,0,[],[],False,True,False,True,False,0.007071067811865475,0.007010893175220044,24,24,24,0,0.0,{},0.7816115406643758,0.6498084291187738,0.0,False,True,False,True,False,False,0.0,62.39080336290926,51.57967282322759,62.39080336290926,94.625,1.0720135470065593,0.008360361275633244,False,0.4952861660659697,False,0.025694444444444464,False,False,0.5191777423497043,0.025694444444444464,True,True,0.6028133140561209,0.5466328885928101,True,False,0.2072249933809003,0.05246025240766189,True,False,8.654298776548082,False,False,opposite_direction
1091,assignment_isolation,plus_one_randomisation,True,ok,63.779678681788425,3.698747968809962,71.48814194796401,58.4618726141319,31.842811194322405,1.0,0.001,1.0,0.001,,,,,0,0,[],[],False,True,False,True,False,0.007071067811865475,0.007048556605284439,24,24,24,0,0.0,{},0.7930076497038824,0.7220370370370369,0.0,False,True,False,True,False,False,0.0,71.48814194796401,58.4618726141319,71.48814194796401,96.08333333333333,1.100032784091553,0.008282580688440698,False,0.5256583015031998,False,0.032638888888888884,False,False,0.5602346337771308,0.032638888888888884,True,True,2.3377642041249516,0.01939948348779979,True,False,0.26807908993587254,0.004437294107210339,True,False,8.432227178032727,False,False,opposite_direction
1092,assignment_isolation,plus_one_randomisation,True,ok,60.44568861813656,3.623502776707705,66.50185779770615,54.552953427141006,31.59626330312563,1.0,0.001,1.0,0.001,,,,,0,0,[],[],False,True,False,True,False,0.007071067811865475,0.0070370042574835825,24,24,24,0,0.0,{},0.8086324257425742,0.662451550387597,0.0,False,True,False,True,False,False,0.0,66.50185779770615,54.552953427141006,66.50185779770615,97.25,1.0963225508014784,0.044248022072649336,False,0.5372337722072693,False,0.015972222222222165,False,False,0.5381142315948163,0.015972222222222165,True,True,-1.1798731748102558,0.23805066039054779,True,False,0.16548468839696104,0.344913321046741,True,False,8.494563341356322,False,False,opposite_direction
1093,assignment_isolation,plus_one_randomisation,True,ok,58.80409410846448,3.3003617305744593,64.02081796712233,53.19820877866408,30.990295498232456,1.0,0.001,1.0,0.001,,,,,0,0,[],[],False,True,False,True,False,0.007071067811865475,0.007015094424390038,24,24,24,0,0.0,{},0.7874138656214205,0.7457890070921984,0.0,False,True,False,True,False,False,0.0,64.02081796712233,53.19820877866408,64.02081796712233,97.41666666666667,1.0728669707340064,0.037017799795157305,False,0.5248009622454523,False,0.03923611111111114,False,False,0.5355116418901945,0.03923611111111114,True,True,-1.4439113355320419,0.1487639176087777,True,False,0.21944774286804386,0.05809301413371069,True,False,9.639096436606133,False,False,opposite_direction
1094,assignment_isolation,plus_one_randomisation,True,ok,62.60666344913161,4.20354856585463,71.37138047082861,56.206036918210195,32.30783017497666,1.0,0.001,1.0,0.001,,,,,0,0,[],[],False,True,False,True,False,0.007071067811865475,0.007021202665027954,24,24,24,0,0.0,{},0.7923243131038646,0.6825842696629213,0.0,False,True,False,True,False,False,0.0,71.37138047082861,56.206036918210195,71.37138047082861,96.16666666666667,1.1122478785966026,0.037353182405659616,False,0.5282301937822561,False,0.02673611111111107,False,False,0.5472309217584069,0.02673611111111107,True,True,0.7867709304119208,0.43141597344479354,True,False,0.1748527457955024,0.022287793340016657,True,False,9.132614406990408,False,False,opposite_direction
1095,assignment_isolation,plus_one_randomisation,True,ok,62.119711090392485,3.9285013309602905,70.54183666939039,56.74522330844189,31.78758535989574,1.0,0.001,1.0,0.001,,,,,0,0,[],[],False,True,False,True,False,0.007071067811865475,0.007061281113846468,24,24,24,0,0.0,{},0.7963404833167056,0.7254578754578751,0.0,False,True,False,True,False,False,0.0,70.54183666939039,56.74522330844189,70.54183666939039,96.25,1.1010610866089974,0.010089388205258778,False,0.511032818808077,False,0.03125,False,False,0.5482429475649448,0.03125,True,True,-0.2631546065917409,0.7924314166771871,True,False,0.1023287164888019,0.44686608975832637,True,False,8.795538656475786,False,False,opposite_direction
1096,assignment_isolation,plus_one_randomisation,True,ok,68.29720453207673,3.4199968558923093,73.57187495135736,61.823620060760916,31.689758410145014,1.0,0.001,1.0,0.001,,,,,0,0,[],[],False,True,False,True,False,0.007071067811865475,0.007084701892168169,24,24,24,0,0.0,{},0.7977213541666668,0.6971326164874552,0.0,False,True,False,True,False,False,0.0,73.57187495135736,61.82362006076092,73.57187495135736,95.375,1.096295897703239,0.0202890022657863,False,0.4952822387273384,False,0.024652777777777746,False,False,0.5914502429724017,0.024652777777777746,True,True,-1.5104064689991177,0.13093973897483596,True,False,0.15882947928254168,0.016968545268688975,True,False,11.141008810952783,False,False,opposite_direction
1097,assignment_isolation,plus_one_randomisation,True,ok,62.1730971329161,4.208191676907321,69.86989578511624,55.148475722277624,32.26717478574598,1.0,0.001,1.0,0.001,,,,,0,0,[],[],False,True,False,True,False,0.007071067811865475,0.007038307543094824,24,24,24,0,0.0,{},0.777059925093633,0.6669981060606059,0.0,False,True,False,True,False,False,0.0,69.86989578511624,55.148475722277624,69.86989578511624,93.79166666666667,1.0997179459775979,0.02736131199342766,False,0.5041604719259922,False,0.026388888888888906,False,False,0.5491576709717686,0.026388888888888906,True,True,0.04378280089968478,0.9650775368305468,True,False,0.14298842961565028,0.14872383283235988,True,False,8.153944379800167,False,False,opposite_direction
1098,assignment_isolation,plus_one_randomisation,True,ok,65.38485964396627,3.3932903995073347,71.0618040493785,59.20712001352263,32.35295842257644,1.0,0.001,1.0,0.001,,,,,0,0,[],[],False,True,False,True,False,0.007071067811865475,0.007081484998635473,24,24,24,0,0.0,{},0.7945549675819985,0.6953869047619048,0.0,False,True,False,True,False,False,0.0,71.0618040493785,59.20712001352263,71.0618040493785,95.0,1.1165293559329255,0.0005538748851452904,False,0.5347428024653232,False,0.03645833333333337,False,False,0.564600914178851,0.03645833333333337,True,True,-0.21015965065559264,0.8335430703812228,True,False,0.1881965830498126,0.15131248304285452,True,False,9.503080661780565,False,False,opposite_direction
1099,assignment_isolation,plus_one_randomisation,True,ok,57.96480679626192,4.2410185172804375,65.30675544178675,50.87763142560246,31.175115741202944,1.0,0.001,1.0,0.001,,,,,0,0,[],[],False,True,False,True,False,0.007071067811865475,0.007042751899200462,24,24,24,0,0.0,{},0.796311421506734,0.7170833333333334,0.0,False,True,False,True,False,False,0.0,65.30675544178675,50.87763142560246,65.30675544178675,95.66666666666667,1.0737440970097187,0.009370484111515665,False,0.5101665994124828,False,0.015277777777777724,False,False,0.5288166013574178,0.015277777777777724,True,True,-0.29589926896230767,0.7673070093658912,True,False,0.0941234614076789,0.2693004545702532,True,False,7.285099553690883,False,False,opposite_direction
1100,assignment_isolation,plus_one_randomisation,True,ok,56.90339486494338,3.706043351821761,62.61871262276148,50.84736872525681,31.222312041752076,1.0,0.001,1.0,0.001,,,,,0,0,[],[],False,True,False,True,False,0.007071067811865475,0.007116051392338345,24,24,24,0,0.0,{},0.8183782894736844,0.6851799242424242,0.0,False,True,False,True,False,False,0.0,62.61871262276148,50.84736872525681,62.61871262276148,96.91666666666667,1.0936374521008325,0.007433433182786182,False,0.5007153035445149,False,0.021180555555555536,False,False,0.512596374872288,0.021180555555555536,True,True,0.44343523426455256,0.6574509552864584,True,False,0.20869862415090487,0.05821435758145405,True,False,8.265291448552013,False,False,opposite_direction
1101,assignment_isolation,plus_one_randomisation,True,ok,57.55985666272059,4.236392446278602,64.41619456136003,50.06434834277326,31.647137453259795,1.0,0.001,1.0,0.001,,,,,0,0,[],[],False,True,False,True,False,0.007071067811865475,0.0070470956072595,24,24,24,0,0.0,{},0.7902777777777777,0.6704212454212457,0.0,False,True,False,True,False,False,0.0,64.41619456136003,50.06434834277326,64.41619456136003,95.79166666666667,1.0913862199833557,0.01300342216200904,False,0.49533116787580883,False,0.030902777777777724,False,False,0.5185497740484631,0.030902777777777724,True,True,0.14314540308804835,0.8861753476588671,True,False,0.2188676172402807,0.017881996509414296,True,False,7.874767006053082,False,False,opposite_direction
1102,assignment_isolation,plus_one_randomisation,True,ok,61.65485145387692,3.787451998476409,68.21207389941598,55.24138383991014,31.395087402331622,1.0,0.001,1.0,0.001,,,,,0,0,[],[],False,True,False,True,False,0.007071067811865475,0.007063782886639184,24,24,24,0,0.0,{},0.8032967641843972,0.675,0.0,False,True,False,True,False,False,0.0,68.21207389941598,55.241383839910135,68.21207389941598,96.29166666666667,1.088086432139047,0.02663898304222555,False,0.5187232317495285,False,0.013541666666666674,False,False,0.5501526835573703,0.013541666666666674,True,True,-0.8215971468812434,0.4113062136524168,True,False,0.20422441386686577,0.05792708449642195,True,False,9.597278970390425,False,False,opposite_direction
1103,assignment_isolation,plus_one_randomisation,True,ok,67.0968325802817,3.1656814338742194,72.64955293932499,61.24515045288403,31.465972219701115,1.0,0.001,1.0,0.001,,,,,0,0,[],[],False,True,False,True,False,0.007071067811865475,0.007083059746540046,24,24,24,0,0.0,{},0.828065448297407,0.7120967741935484,0.0,False,True,False,True,False,False,0.0,72.64955293932499,61.245150452884026,72.64955293932499,98.125,1.1038800873207133,0.015610208048840519,False,0.5031344695774336,False,0.02083333333333326,False,False,0.5808216782063148,0.02083333333333326,True,True,-0.33619666046662877,0.7367225710587961,True,False,0.12877406630161853,0.2828840846328226,True,False,9.189346914093557,False,False,opposite_direction
1104,assignment_isolation,plus_one_randomisation,True,ok,58.17875039736552,4.090803965793624,65.35014422685563,51.42703476119843,31.00022530825959,1.0,0.001,1.0,0.001,,,,,0,0,[],[],False,True,False,True,False,0.007071067811865475,0.00706344809337236,24,24,24,0,0.0,{},0.8030263157894737,0.7280092592592591,0.0,False,True,False,True,False,False,0.0,65.35014422685563,51.42703476119843,65.35014422685563,96.75,1.0769042713162587,0.02564112059841711,False,0.5186254730459259,False,0.018402777777777768,False,False,0.5291450384962663,0.018402777777777768,True,True,1.208512872983361,0.2268500472367292,True,False,0.2624116418301998,0.03282423791873003,True,False,9.727567581089218,False,False,opposite_direction
1105,assignment_isolation,plus_one_randomisation,True,ok,54.80636451511392,4.7179407944634235,62.84753846753246,46.55899662744213,30.73658122306246,1.0,0.001,1.0,0.001,,,,,0,0,[],[],False,True,False,True,False,0.007071067811865475,0.007078764304002937,24,24,24,0,0.0,{},0.8081151315789472,0.6370639534883721,0.0,False,True,False,True,False,False,0.0,62.847538467532466,46.55899662744213,62.847538467532466,95.91666666666667,1.0654425951002704,0.030141688417102772,False,0.5274362253288839,False,0.026736111111111183,False,False,0.5075737714315907,0.026736111111111183,True,True,0.26046725355381567,0.7945033716521135,True,False,0.19179314881453313,0.0590147228886812,True,False,7.81464135217188,False,False,opposite_direction
1106,assignment_isolation,plus_one_randomisation,True,ok,61.523165750290424,3.9313549470980997,67.86427758989363,54.488972817717425,30.851148709306326,1.0,0.001,1.0,0.001,,,,,0,0,[],[],False,True,False,True,False,0.007071067811865475,0.007034896640620938,24,24,24,0,0.0,{},0.7965645076946062,0.6852314814814815,0.0,False,True,False,True,False,False,0.0,67.86427758989363,54.48897281771743,67.86427758989363,96.41666666666667,1.0655531589780813,0.056389991012000644,False,0.5064530362709329,False,0.017013888888888884,False,False,0.5584041636160548,0.017013888888888884,True,True,0.9573351215272544,0.3383981335707349,True,False,0.11444666987774957,0.31141098450322624,True,False,9.748742414206975,False,False,opposite_direction
1107,assignment_isolation,plus_one_randomisation,True,ok,52.67780994741133,2.8309441083619684,57.35709408370263,47.55977756333068,30.398350118682696,1.0,0.001,1.0,0.001,,,,,0,0,[],[],False,True,False,True,False,0.007071067811865475,0.007062147000499094,24,24,24,0,0.0,{},0.7996376811594202,0.6843023255813955,0.0,False,True,False,True,False,False,0.0,57.35709408370263,47.55977756333068,57.35709408370263,96.20833333333333,1.052841792665736,0.01593917759327115,False,0.5038128162619813,False,0.03437499999999993,False,False,0.49542807643665576,0.03437499999999993,True,True,-0.256023844209119,0.7979324257502542,True,False,0.15331670592853247,0.12280427571493867,True,False,8.704075870055776,False,False,opposite_direction
1108,assignment_isolation,plus_one_randomisation,True,ok,61.480948178608436,2.9915108424765187,66.34107445137472,55.92125272070183,31.33607094742671,1.0,0.001,1.0,0.001,,,,,0,0,[],[],False,True,False,True,False,0.007071067811865475,0.007075422586410554,24,24,24,0,0.0,{},0.8056937771676962,0.6682655038759691,0.0,False,True,False,True,False,False,0.0,66.34107445137472,55.92125272070183,66.34107445137472,95.54166666666667,1.083585877755913,0.00020127592827892397,False,0.5065518434423466,False,0.025347222222222188,False,False,0.5507331324835557,0.025347222222222188,True,True,0.38631748954463574,0.6992615492233518,True,False,0.17941020770776006,0.13574132202625583,True,False,9.55617931608296,False,False,opposite_direction
1109,assignment_isolation,plus_one_randomisation,True,ok,57.734133120350045,4.391153705690464,65.78377226588012,50.433221772185604,31.06566830259687,1.0,0.001,1.0,0.001,,,,,0,0,[],[],False,True,False,True,False,0.007071067811865475,0.00710863169485395,24,24,24,0,0.0,{},0.7951105442176871,0.7364035087719296,0.0,False,True,False,True,False,False,0.0,65.78377226588012,50.4332217721856,65.78377226588012,95.66666666666667,1.0799832995551706,0.0016601972040293542,False,0.48615426621657476,False,0.03784722222222214,False,False,0.5245067665151518,0.03784722222222214,True,True,0.6405377763571048,0.5218230379610798,True,False,0.12190683094044855,0.1375388330273858,True,False,8.969690529984303,False,False,opposite_direction
1110,assignment_isolation,plus_one_randomisation,True,ok,62.430741738509504,3.543786568714173,68.34858991305944,56.193837341161,30.81518950975679,1.0,0.001,1.0,0.001,,,,,0,0,[],[],False,True,False,True,False,0.007071067811865475,0.007092274741716312,24,24,24,0,0.0,{},0.7988866680692895,0.7184782608695653,0.0,False,True,False,True,False,False,0.0,68.34858991305944,56.19383734116101,68.34858991305944,95.75,1.0692759272810235,0.015350790733450128,False,0.5222362443457538,False,0.02187500000000009,False,False,0.5632926507772884,0.02187500000000009,True,True,1.127013730508024,0.25973667576991377,True,False,0.07690581013855403,0.5534258330222576,True,False,9.273297998127221,False,False,opposite_direction
1111,assignment_isolation,plus_one_randomisation,True,ok,52.71683152731347,4.358952632773761,59.243573634208495,44.755358235764795,31.049044234816513,1.0,0.001,1.0,0.001,,,,,0,0,[],[],False,True,False,True,False,0.007071067811865475,0.007060443907528356,24,24,24,0,0.0,{},0.8054622924438593,0.7037590579710143,0.0,False,True,False,True,False,False,0.0,59.243573634208495,44.755358235764795,59.243573634208495,96.58333333333333,1.0772123961073614,0.001852590715606543,False,0.49773421025546244,False,0.019791666666666652,False,False,0.48576818772231845,0.019791666666666652,True,True,0.5991221844276897,0.5490914090047929,True,False,0.10972281192806312,0.2431790446723853,True,False,9.588180902572939,False,False,opposite_direction
1112,assignment_isolation,plus_one_randomisation,True,ok,62.69502882460112,3.970639572096169,69.82760807210562,56.01119955355778,30.896803593525192,1.0,0.001,1.0,0.001,,,,,0,0,[],[],False,True,False,True,False,0.007071067811865475,0.007056587246545179,24,24,24,0,0.0,{},0.7948833439625851,0.6908239700374532,0.0,False,True,False,True,False,False,0.0,69.82760807210562,56.01119955355778,69.82760807210562,94.875,1.0618279829596347,0.004412961620457329,False,0.5118358587166384,False,0.030555555555555558,False,False,0.568195977516979,0.030555555555555558,True,True,0.6424679235858434,0.5205694097860843,True,False,0.09016094736427314,0.270935304291866,True,False,10.019668812371679,False,False,opposite_direction
1113,assignment_isolation,plus_one_randomisation,True,ok,67.64671734971165,2.904190422897107,72.40422064307315,62.58909745996799,32.30451083520709,1.0,0.001,1.0,0.001,,,,,0,0,[],[],False,True,False,True,False,0.007071067811865475,0.0070631841471568545,24,24,24,0,0.0,{},0.7950267277586867,0.6953972868217055,0.0,False,True,False,True,False,False,0.0,72.40422064307315,62.58909745996798,72.40422064307315,94.16666666666667,1.107088402664886,0.02232724408285245,False,0.5055580682484773,False,0.01388888888888895,False,False,0.5830992672219304,0.01388888888888895,True,True,-0.3237491027870597,0.7461279925409972,True,False,0.1368924913608028,0.1822235017897208,True,False,9.878917885976481,False,False,opposite_direction
1114,assignment_isolation,plus_one_randomisation,True,ok,68.55688931312801,3.5181233106801297,75.50923400533696,63.028002045153386,32.08315860631321,1.0,0.001,1.0,0.001,,,,,0,0,[],[],False,True,False,True,False,0.007071067811865475,0.007076046427189675,24,24,24,0,0.0,{},0.8043575554792952,0.7000000000000001,0.0,False,True,False,True,False,False,0.0,75.50923400533696,63.028002045153386,75.50923400533696,95.75,1.1107266385051109,0.023869778810929363,False,0.5164208861463572,False,0.014930555555555558,False,False,0.5874548342791437,0.014930555555555558,True,True,1.0958468432025694,0.2731458049105653,True,False,0.1717833844551677,0.04506766053018797,True,False,10.418983299056075,False,False,opposite_direction
1115,assignment_isolation,plus_one_randomisation,True,ok,64.4577584934197,3.0876075157222047,69.29455958793496,59.31239174913129,32.037079212560876,1.0,0.001,1.0,0.001,,,,,0,0,[],[],False,True,False,True,False,0.007071067811865475,0.007091174079756548,24,24,24,0,0.0,{},0.8085364198871039,0.7204119850187267,0.0,False,True,False,True,False,False,0.0,69.29455958793496,59.31239174913129,69.29455958793496,96.125,1.1136769797883719,0.014705520893777739,False,0.4990611251865747,False,0.014583333333333282,False,False,0.5594667763395738,0.014583333333333282,True,True,1.1787829281664868,0.23848462395101155,True,False,0.11149291997951223,0.27089152284356666,True,False,11.214635513435336,False,False,opposite_direction
1116,assignment_isolation,plus_one_randomisation,True,ok,56.18155572891567,3.759023146493974,62.08792626302373,48.70151083855244,30.77389034335514,1.0,0.001,1.0,0.001,,,,,0,0,[],[],False,True,False,True,False,0.007071067811865475,0.007049029810462762,24,24,24,0,0.0,{},0.8072425529970759,0.6970695970695968,0.0,False,True,False,True,False,False,0.0,62.087926263023725,48.70151083855243,62.087926263023725,96.41666666666667,1.0650201139467699,0.0279173610984976,False,0.5074990124072832,False,0.037847222222222254,False,False,0.5186457813018324,0.037847222222222254,True,True,-0.5022314427193354,0.6155047277345398,True,False,0.16819338307586004,0.18280863968999372,True,False,7.34881113248239,False,False,opposite_direction
1117,assignment_isolation,plus_one_randomisation,True,ok,61.20886916147601,4.599713123408275,69.49194648385668,53.8802415462297,31.286105246350733,1.0,0.001,1.0,0.001,,,,,0,0,[],[],False,True,False,True,False,0.007071067811865475,0.007092767131939107,24,24,24,0,0.0,{},0.8117600968567251,0.7409722222222221,0.0,False,True,False,True,False,False,0.0,69.49194648385668,53.880241546229705,69.49194648385668,98.125,1.099074274274722,0.011314864972630938,False,0.5242294010528973,False,0.02083333333333337,False,False,0.5425365243574503,0.02083333333333337,True,True,2.519259017304229,0.011760211020355283,True,False,0.21527141973952205,0.014176398432701553,True,False,10.386199357444898,False,False,opposite_direction
1118,assignment_isolation,plus_one_randomisation,True,ok,55.49223645975905,4.446000322621934,62.379585739612075,47.364510451297235,30.853041300070526,1.0,0.001,1.0,0.001,,,,,0,0,[],[],False,True,False,True,False,0.007071067811865475,0.007075997639762026,24,24,24,0,0.0,{},0.8061398698545004,0.7316849816849819,0.0,False,True,False,True,False,False,0.0,62.379585739612075,47.364510451297235,62.379585739612075,96.95833333333333,1.0748509261773822,0.03404173045933897,False,0.5104124828907881,False,0.014930555555555558,False,False,0.5091748349357188,0.014930555555555558,True,True,-0.35054101090575257,0.72593271786677,True,False,0.04190309369426766,0.2733582325749824,True,False,8.45826230228937,False,False,opposite_direction
1119,assignment_isolation,plus_one_randomisation,True,ok,63.23813958820912,3.118175073517182,68.3927999384453,57.882353890431105,31.076647715978407,1.0,0.001,1.0,0.001,,,,,0,0,[],[],False,True,False,True,False,0.007071067811865475,0.0070728235563236215,24,24,24,0,0.0,{},0.7995657894736843,0.6836647727272727,0.0,False,True,False,True,False,False,0.0,68.3927999384453,57.88235389043111,68.3927999384453,94.875,1.0704660236821113,0.029515884974422105,False,0.5007494494335062,False,0.014583333333333393,False,False,0.5684244940021022,0.014583333333333393,True,True,0.9312235104513454,0.35173795881336867,True,False,0.23286456744622283,0.023738454093716107,True,False,8.621541701569223,False,False,opposite_direction
1120,assignment_isolation,plus_one_randomisation,True,ok,54.33851598488991,4.164618904090418,60.779142128198075,46.7130179926244,30.891605320616975,1.0,0.001,1.0,0.001,,,,,0,0,[],[],False,True,False,True,False,0.007071067811865475,0.007081330023623866,24,24,24,0,0.0,{},0.8019753133212049,0.6816091954022989,0.0,False,True,False,True,False,False,0.0,60.77914212819807,46.7130179926244,60.77914212819807,95.04166666666667,1.0663071926582615,0.006660507457316438,False,0.5123652867725171,False,0.032638888888888884,False,False,0.5034554282847785,0.032638888888888884,True,True,-0.8384066506576815,0.40180235551262133,True,False,0.1385973423346584,0.16587510269252512,True,False,7.47771789507665,False,False,opposite_direction
1121,assignment_isolation,plus_one_randomisation,True,ok,60.81167959931309,3.3860250854601803,66.42921635601064,54.26031061798316,31.55956631261016,1.0,0.001,1.0,0.001,,,,,0,0,[],[],False,True,False,True,False,0.007071067811865475,0.007049215660331353,24,24,24,0,0.0,{},0.8098933346942941,0.679121376811594,0.0,False,True,False,True,False,False,0.0,66.42921635601064,54.26031061798316,66.42921635601064,97.25,1.0969494968179603,0.033555257970549354,False,0.5070031806500341,False,0.017013888888888884,False,False,0.5405216180033856,0.017013888888888884,True,True,-0.0953506043580917,0.9240363492518403,True,False,0.23546356278121955,0.01037021518478573,True,False,8.273136235525978,False,False,opposite_direction
1122,assignment_isolation,plus_one_randomisation,True,ok,53.96763032511358,3.862595426118559,60.61820618052003,47.572900752903756,30.724776145584862,1.0,0.001,1.0,0.001,,,,,0,0,[],[],False,True,False,True,False,0.007071067811865475,0.007092508832866025,24,24,24,0,0.0,{},0.7987027138157895,0.7130149812734082,0.0,False,True,False,True,False,False,0.0,60.61820618052004,47.572900752903756,60.61820618052004,95.04166666666667,1.0622228483643097,0.01039515150508596,False,0.5286796542274667,False,0.015277777777777724,False,False,0.5021351298795357,0.015277777777777724,True,True,-0.3999099312100024,0.6892228572661551,True,False,0.09105111718353731,0.4480138312191982,True,False,9.233862840188277,False,False,opposite_direction
1123,assignment_isolation,plus_one_randomisation,True,ok,58.66519314339016,4.039473565860446,65.7888329353071,51.761010505480975,30.694613306079827,1.0,0.001,1.0,0.001,,,,,0,0,[],[],False,True,False,True,False,0.007071067811865475,0.007021173042405975,24,24,24,0,0.0,{},0.7824596845649476,0.6544061302681992,0.0,False,True,False,True,False,False,0.0,65.7888329353071,51.761010505480975,65.7888329353071,95.54166666666667,1.0532664580308269,0.0005794389619356368,False,0.5012171115999166,False,0.027083333333333348,False,False,0.5425922271186125,0.027083333333333348,True,True,0.1701928069949877,0.8648585083826845,True,False,0.08630950183379979,0.2662593962129322,True,False,8.1374712195024,False,False,opposite_direction
1124,assignment_isolation,plus_one_randomisation,True,ok,58.65933104072324,3.603616739855848,65.38378837342347,52.69940053174869,31.423748789315727,1.0,0.001,1.0,0.001,,,,,0,0,[],[],False,True,False,True,False,0.007071067811865475,0.007074730722865186,24,24,24,0,0.0,{},0.8186396461288417,0.6852564102564102,0.0,False,True,False,True,False,False,0.0,65.38378837342347,52.69940053174869,65.38378837342347,97.5,1.0975902004656806,0.013682263095765597,False,0.5064268873656113,False,0.01041666666666663,False,False,0.5243863325939008,0.01041666666666663,True,True,-0.7634065146298007,0.4452209959324389,True,False,0.13722741932833543,0.28505706162613836,True,False,8.37599030687649,False,False,opposite_direction
1125,assignment_isolation,plus_one_randomisation,True,ok,58.91001909948079,3.440071519649969,64.72195385847054,53.03314646459931,32.135790388827196,1.0,0.001,1.0,0.001,,,,,0,0,[],[],False,True,False,True,False,0.007071067811865475,0.007038880401740581,24,24,24,0,0.0,{},0.7693439139084826,0.7083333333333331,0.0,False,True,False,True,False,False,0.0,64.72195385847054,53.033146464599305,64.72195385847054,94.625,1.1001845015524776,0.001006318438642266,False,0.4842821604046528,False,0.015972222222222276,False,False,0.5252250182919523,0.015972222222222276,True,True,1.2810570754124404,0.20017361938638767,True,False,0.11204875782485693,0.35440679314803886,True,False,10.346400248394488,False,False,opposite_direction
1126,assignment_isolation,plus_one_randomisation,True,ok,56.39774078967488,3.704936838885586,62.848985181143924,49.79554045047189,30.95057223131141,1.0,0.001,1.0,0.001,,,,,0,0,[],[],False,True,False,True,False,0.007071067811865475,0.0070874199236257394,24,24,24,0,0.0,{},0.7958787878787879,0.6992156862745097,0.0,False,True,False,True,False,False,0.0,62.848985181143924,49.79554045047189,62.848985181143924,95.33333333333333,1.0709007964289747,0.014018496703941596,False,0.5209414256166759,False,0.019791666666666763,False,False,0.5179124506001825,0.019791666666666763,True,True,-1.3859859815461413,0.1657511840976773,True,False,0.18416077286905574,0.14549730126928467,True,False,7.785528325556474,False,False,opposite_direction
1127,assignment_isolation,plus_one_randomisation,True,ok,63.92601543477617,3.9671870810188907,70.87783741360664,57.67974719624876,31.64070667182903,1.0,0.001,1.0,0.001,,,,,0,0,[],[],False,True,False,True,False,0.007071067811865475,0.00708000325086802,24,24,24,0,0.0,{},0.8098958333333334,0.7152314814814814,0.0,False,True,False,True,False,False,0.0,70.87783741360664,57.67974719624876,70.87783741360664,97.375,1.1052826972132954,0.02705340460198904,False,0.5161182889094862,False,0.0215277777777777,False,False,0.5591521039026939,0.0215277777777777,True,True,0.1220095134022614,0.9028914839581066,True,False,0.0941587033166006,0.21883335776880672,True,False,8.655476508444329,False,False,opposite_direction
1128,assignment_isolation,plus_one_randomisation,True,ok,59.882249575828745,3.2787094832155796,65.0636961349103,54.68251630602371,31.001475505806393,1.0,0.001,1.0,0.001,,,,,0,0,[],[],False,True,False,True,False,0.007071067811865475,0.007095087706704472,24,24,24,0,0.0,{},0.8149447278911565,0.7204301075268815,0.0,False,True,False,True,False,False,0.0,65.0636961349103,54.68251630602371,65.0636961349103,97.45833333333333,1.0857244729660651,0.002425207985541556,False,0.49925457675653534,False,0.024652777777777857,False,False,0.5382679161764606,0.024652777777777857,True,True,0.56703762574727,0.5706886187160731,True,False,0.17031482227203232,0.15888848278840406,True,False,9.3385171805407,False,False,opposite_direction
1129,assignment_isolation,plus_one_randomisation,True,ok,60.43536465615705,2.9128076477176488,65.08875326205298,55.55104364089667,31.322416250961833,1.0,0.001,1.0,0.001,,,,,0,0,[],[],False,True,False,True,False,0.007071067811865475,0.007029889376899223,24,24,24,0,0.0,{},0.8052646276595746,0.7120738636363636,0.0,False,True,False,True,False,False,0.0,65.08875326205298,55.55104364089667,65.08875326205298,96.54166666666667,1.0817605715435794,0.014214975987472546,False,0.5355545498567823,False,0.016319444444444442,False,False,0.5439281935358042,0.016319444444444442,True,True,-0.43770501824175273,0.6616001312728469,True,False,0.13329313452526964,0.19045318707810632,True,False,8.798087142334511,False,False,opposite_direction
1130,assignment_isolation,plus_one_randomisation,True,ok,65.60147316131223,3.809250033005854,71.92393926714738,59.431139090043025,31.835757751849417,1.0,0.001,1.0,0.001,,,,,0,0,[],[],False,True,False,True,False,0.007071067811865475,0.007070504836846433,24,24,24,0,0.0,{},0.7958333333333333,0.6899019607843137,0.0,False,True,False,True,False,False,0.0,71.92393926714738,59.431139090043025,71.92393926714738,95.5,1.099859740147518,0.01515718961766226,False,0.5107998883594029,False,0.01840277777777788,False,False,0.5726127453827866,0.01840277777777788,True,True,-0.6347940459371996,0.5255627470427395,True,False,0.09961032698889187,0.447552783586758,True,False,10.924117878616954,False,False,opposite_direction
1131,assignment_isolation,plus_one_randomisation,True,ok,66.29318695310572,4.015936774118891,73.72055603302282,58.984631065286635,31.270976461183523,1.0,0.001,1.0,0.001,,,,,0,0,[],[],False,True,False,True,False,0.007071067811865475,0.007131101330355089,24,24,24,0,0.0,{},0.8195876288659795,0.719622093023256,0.0,False,True,False,True,False,False,0.0,73.72055603302282,58.984631065286635,73.72055603302282,97.0,1.0981304184790133,0.011759159913832638,False,0.5367290827971153,False,0.03020833333333328,False,False,0.5778597543719597,0.03020833333333328,True,True,0.7596036582037534,0.44749153180606127,True,False,0.2095928857684479,0.09454102097638885,True,False,10.35992138664224,False,False,opposite_direction
1132,assignment_isolation,plus_one_randomisation,True,ok,54.26029847754779,3.1702872833887707,60.160536827466814,49.609247257281915,30.23488335587416,1.0,0.001,1.0,0.001,,,,,0,0,[],[],False,True,False,True,False,0.007071067811865475,0.007089473819745896,24,24,24,0,0.0,{},0.8094890432417544,0.733148148148148,0.0,False,True,False,True,False,False,0.0,60.160536827466814,49.609247257281915,60.160536827466814,95.91666666666667,1.0496375132541125,0.002519934752833146,False,0.5424054435444049,False,0.009722222222222188,False,False,0.509740202723588,0.009722222222222188,True,True,0.11605998904200181,0.9076049985814911,True,False,0.12681778724547343,0.35508961663321187,True,False,7.7989707998118165,False,False,opposite_direction
1133,assignment_isolation,plus_one_randomisation,True,ok,56.47070828784606,3.281093147592112,63.16056569263311,51.20102271356863,31.497610624428237,1.0,0.001,1.0,0.001,,,,,0,0,[],[],False,True,False,True,False,0.007071067811865475,0.007050315528606182,24,24,24,0,0.0,{},0.806441287878788,0.7333333333333334,0.0,False,True,False,True,False,False,0.0,63.16056569263311,51.201022713568626,63.16056569263311,96.54166666666667,1.0909718984541397,0.02089553927800208,False,0.5150817512375817,False,0.01805555555555549,False,False,0.510313744815767,0.01805555555555549,True,True,0.17619801979335456,0.8601383764267181,True,False,0.15909580592255226,0.20479164343456574,True,False,8.12852853327377,False,False,opposite_direction
1134,assignment_isolation,plus_one_randomisation,True,ok,57.08744680556842,3.142964579153804,62.37939883739281,51.55820899998017,31.94782833347623,1.0,0.001,1.0,0.001,,,,,0,0,[],[],False,True,False,True,False,0.007071067811865475,0.007006235745078214,24,24,24,0,0.0,{},0.7930854241338113,0.69578373015873,0.0,False,True,False,True,False,False,0.0,62.37939883739281,51.55820899998017,62.37939883739281,96.41666666666667,1.0989353638915582,0.01756539683170187,False,0.4868540069786638,False,0.029861111111111116,False,False,0.5118914169133649,0.029861111111111116,True,True,1.4222904730542885,0.1549419434339039,True,False,0.21777707998759968,0.12600548221819746,True,False,9.48511800847251,False,False,opposite_direction
1135,assignment_isolation,plus_one_randomisation,True,ok,59.73047321827783,3.992941313296462,67.02562017656136,53.01407353815878,31.125729417580146,1.0,0.001,1.0,0.001,,,,,0,0,[],[],False,True,False,True,False,0.007071067811865475,0.007082679676215737,24,24,24,0,0.0,{},0.8143728979308329,0.6957865168539324,0.0,False,True,False,True,False,False,0.0,67.02562017656136,53.01407353815878,67.02562017656136,96.16666666666667,1.080934613901987,0.03351835658904776,False,0.5092537826355293,False,0.02187500000000009,False,False,0.5390977407226741,0.02187500000000009,True,True,-0.12879608502587503,0.8975190034256044,True,False,0.1756842568672991,0.02456982270418219,True,False,8.63577050604087,False,False,opposite_direction
1136,assignment_isolation,plus_one_randomisation,True,ok,54.990601833750425,3.5826799375706333,60.6901947043269,48.7293014411396,31.094654942776433,1.0,0.001,1.0,0.001,,,,,0,0,[],[],False,True,False,True,False,0.007071067811865475,0.007022850084472769,24,24,24,0,0.0,{},0.7822487067743764,0.7041213768115944,0.0,False,True,False,True,False,False,0.0,60.6901947043269,48.7293014411396,60.6901947043269,95.5,1.0670157491295953,0.00033013046317414496,False,0.5237457745123647,False,0.03576388888888893,False,False,0.5083996766507813,0.03576388888888893,True,True,-0.9668133925277286,0.3336373282141031,True,False,0.16630109697299456,0.01277855674723679,True,False,7.480708963173453,False,False,opposite_direction
1137,assignment_isolation,plus_one_randomisation,True,ok,54.00414265117538,3.0876255429751747,59.14592328310807,48.69959491899727,30.853652645245166,1.0,0.001,1.0,0.001,,,,,0,0,[],[],False,True,False,True,False,0.007071067811865475,0.007068109657044971,24,24,24,0,0.0,{},0.8007561838658093,0.7081501831501832,0.0,False,True,False,True,False,False,0.0,59.14592328310807,48.69959491899727,59.14592328310807,96.16666666666667,1.0692817394485632,0.0007177865466557789,False,0.5072781526249843,False,0.014583333333333282,False,False,0.4995293378166869,0.014583333333333282,True,True,1.014298979421236,0.310440110891922,True,False,0.18813582754092376,0.13369944830116678,True,False,7.349793628828823,False,False,opposite_direction
1138,assignment_isolation,plus_one_randomisation,True,ok,62.21621172629856,3.0881881694294844,67.73184113465332,56.29946080404376,30.581171143553334,1.0,0.001,1.0,0.001,,,,,0,0,[],[],False,True,False,True,False,0.007071067811865475,0.007098340356478079,24,24,24,0,0.0,{},0.819236865942029,0.7067028985507245,0.0,False,True,False,True,False,False,0.0,67.73184113465332,56.29946080404377,67.73184113465332,95.79166666666667,1.0622941790790925,0.06396205660362113,False,0.5209764424367127,False,0.033333333333333326,False,False,0.5646530057657485,0.033333333333333326,True,True,-1.0998577703150139,0.27139409683352766,True,False,0.18588069132358975,0.04814145095617321,True,False,10.057548373520147,False,False,opposite_direction
1139,assignment_isolation,plus_one_randomisation,True,ok,59.01190332740628,3.836011292801369,65.6473330040309,52.75803796069098,31.633665598645905,1.0,0.001,1.0,0.001,,,,,0,0,[],[],False,True,False,True,False,0.007071067811865475,0.007038971193591879,24,24,24,0,0.0,{},0.792492464539007,0.7164855072463769,0.0,False,True,False,True,False,False,0.0,65.6473330040309,52.75803796069098,65.6473330040309,95.75,1.0894269207964058,0.006950973406524375,False,0.5229248425508961,False,0.04444444444444451,False,False,0.5303162339273335,0.04444444444444451,True,True,-1.5848860067055603,0.1129922364219463,True,False,0.21926584223028123,0.06001781073778669,True,False,7.6742014676610015,False,False,opposite_direction
1140,assignment_isolation,plus_one_randomisation,True,ok,56.3340151429052,3.4737911941682706,61.431087041977065,50.2902551838858,31.2675735051411,1.0,0.001,1.0,0.001,,,,,0,0,[],[],False,True,False,True,False,0.007071067811865475,0.007058936227231875,24,24,24,0,0.0,{},0.7900705073696144,0.7003745318352059,0.0,False,True,False,True,False,False,0.0,61.431087041977065,50.2902551838858,61.431087041977065,95.16666666666667,1.0765789181566072,0.005096295718501424,False,0.5233961935890263,False,0.029861111111111116,False,False,0.5150877730395742,0.029861111111111116,True,True,-1.0501278757439743,0.29365932399927686,True,False,0.1582178524419926,0.10575856098895293,True,False,7.991484719281184,False,False,opposite_direction
1141,assignment_isolation,plus_one_randomisation,True,ok,51.63676293991866,3.252772470902114,56.952449076449774,45.711171190531616,31.121429191201745,1.0,0.001,1.0,0.001,,,,,0,0,[],[],False,True,False,True,False,0.007071067811865475,0.0070216251107970955,24,24,24,0,0.0,{},0.7831559480676328,0.6870833333333333,0.0,False,True,False,True,False,False,0.0,56.952449076449774,45.711171190531616,56.952449076449774,95.66666666666667,1.0686795446244466,0.009187871641957042,False,0.5128642281181033,False,0.017708333333333437,False,False,0.4802287213971454,0.017708333333333437,True,True,-0.1611474763137851,0.8719772481562484,True,False,0.0906499226731978,0.1688178695633471,True,False,7.994818226965994,False,False,opposite_direction
1142,assignment_isolation,plus_one_randomisation,True,ok,52.21080284764608,3.671647755249427,58.35212371337264,45.59666154630695,31.23038706892121,1.0,0.001,1.0,0.001,,,,,0,0,[],[],False,True,False,True,False,0.007071067811865475,0.007062742059138195,24,24,24,0,0.0,{},0.8100595414933649,0.7221929824561403,0.0,False,True,False,True,False,False,0.0,58.35212371337264,45.59666154630694,58.35212371337264,96.375,1.0826869753774555,0.00647948285481753,False,0.5100346818813946,False,0.027083333333333348,False,False,0.47937577622239386,0.027083333333333348,True,True,0.17789489341073628,0.8588055213487519,True,False,0.15978333479521076,0.15727972270672347,True,False,6.12228196576354,False,False,opposite_direction
1143,assignment_isolation,plus_one_randomisation,True,ok,60.42678825481204,5.029017917542288,69.21920446602846,51.29418681806128,31.41129957438632,1.0,0.001,1.0,0.001,,,,,0,0,[],[],False,True,False,True,False,0.007071067811865475,0.007068500705402972,24,24,24,0,0.0,{},0.8211808809746957,0.6983516483516485,0.0,False,True,False,True,False,False,0.0,69.21920446602846,51.29418681806127,69.21920446602846,97.04166666666667,1.0936096610757833,0.00038590019154486623,False,0.49496117381653326,False,0.015972222222222276,False,False,0.5390679614602812,0.015972222222222276,True,True,0.45597502326686157,0.6484079390056365,True,False,0.14009884920402735,0.10469161826758316,True,False,8.594404680651916,False,False,opposite_direction
1144,assignment_isolation,plus_one_randomisation,True,ok,58.66576041970428,3.7331225945366597,65.36446187426435,52.72464001496867,31.204755211862757,1.0,0.001,1.0,0.001,,,,,0,0,[],[],False,True,False,True,False,0.007071067811865475,0.0070523354071289355,24,24,24,0,0.0,{},0.7996666666666665,0.7457885304659497,0.0,False,True,False,True,False,False,0.0,65.36446187426435,52.72464001496868,65.36446187426435,96.95833333333333,1.0834685618050195,0.020486855989045597,False,0.5126399439318994,False,0.02187500000000009,False,False,0.5301405580131724,0.02187500000000009,True,True,0.3043377366482281,0.7608705980991736,True,False,0.12207355627459343,0.599286781586179,True,False,7.827372110257514,False,False,opposite_direction
1145,assignment_isolation,plus_one_randomisation,True,ok,63.48809112671079,4.47655051722852,71.45996645955015,56.150441840522234,31.900270571778556,1.0,0.001,1.0,0.001,,,,,0,0,[],[],False,True,False,True,False,0.007071067811865475,0.0070826547443012715,24,24,24,0,0.0,{},0.7843492611434109,0.6954071969696971,0.0,False,True,False,True,False,False,0.0,71.45996645955015,56.150441840522234,71.45996645955015,95.25,1.102536396396711,0.014437355280108637,False,0.5123873023085349,False,0.028124999999999956,False,False,0.5572281722405263,0.028124999999999956,True,True,2.3083797581299543,0.020978023828262794,True,False,0.2280605416485659,0.061525101007811625,True,False,10.553315537950661,False,False,opposite_direction
1146,assignment_isolation,plus_one_randomisation,True,ok,57.911520163301184,4.26557886708737,64.97584856746515,50.92160914863979,31.383041512102476,1.0,0.001,1.0,0.001,,,,,0,0,[],[],False,True,False,True,False,0.007071067811865475,0.0070977423199367435,24,24,24,0,0.0,{},0.7964717348927874,0.7382616487455197,0.0,False,True,False,True,False,False,0.0,64.97584856746515,50.92160914863979,64.97584856746515,95.66666666666667,1.089345352921648,0.009463068570092683,False,0.5166730143143817,False,0.025694444444444353,False,False,0.522056028467353,0.025694444444444353,True,True,0.2999809536122292,0.7641916837840488,True,False,0.1018953919474617,0.2078493258024861,True,False,9.417891059522868,False,False,opposite_direction
1147,assignment_isolation,plus_one_randomisation,True,ok,57.39377903071439,3.4999905916527956,62.847775445674515,51.19957090485801,31.749804613674574,1.0,0.001,1.0,0.001,,,,,0,0,[],[],False,True,False,True,False,0.007071067811865475,0.007062760355593086,24,24,24,0,0.0,{},0.7936380208333332,0.7242673992673992,0.0,False,True,False,True,False,False,0.0,62.84777544567451,51.19957090485801,62.84777544567451,95.58333333333333,1.0961667332686933,0.00019688320674836514,False,0.5119585139777383,False,0.024652777777777857,False,False,0.5153545768744321,0.024652777777777857,True,True,-1.1751476648698609,0.23993564393588107,True,False,0.13494409002134453,0.11233947644606156,True,False,7.0601400117538695,False,False,opposite_direction
1148,assignment_isolation,plus_one_randomisation,True,ok,59.297175121007996,3.130723384818179,64.85452192279038,54.00262168277991,31.04836320328113,1.0,0.001,1.0,0.001,,,,,0,0,[],[],False,True,False,True,False,0.007071067811865475,0.007082041014295154,24,24,24,0,0.0,{},0.80621875,0.7081460674157302,0.0,False,True,False,True,False,False,0.0,64.85452192279038,54.00262168277991,64.85452192279038,95.91666666666667,1.0767482902398569,0.006260008947458431,False,0.48096274447948173,False,0.018055555555555602,False,False,0.5375997273260875,0.018055555555555602,True,True,1.0036550959307071,0.3155448880972843,True,False,0.11157594282583129,0.4547094935825432,True,False,9.871150674013906,False,False,opposite_direction
1149,assignment_isolation,plus_one_randomisation,True,ok,59.337676527098004,3.0048554311054065,64.51354753041228,54.07281144377017,31.5043826598444,1.0,0.001,1.0,0.001,,,,,0,0,[],[],False,True,False,True,False,0.007071067811865475,0.007059098204784154,24,24,24,0,0.0,{},0.7826278462112727,0.728853046594982,0.0,False,True,False,True,False,False,0.0,64.51354753041228,54.07281144377017,64.51354753041228,95.25,1.0852322571639288,0.028302532334677968,False,0.5323616707463039,False,0.027430555555555625,False,False,0.5344423622549525,0.027430555555555625,True,True,-1.3130487287264532,0.18916652881739882,True,False,0.056291155250241476,0.6557536927325456,True,False,9.11583701845639,False,False,opposite_direction
1150,assignment_isolation,plus_one_randomisation,True,ok,63.781888135257084,4.524894230008436,71.51204435718546,56.079021270762446,31.826488732559426,1.0,0.001,1.0,0.001,,,,,0,0,[],[],False,True,False,True,False,0.007071067811865475,0.007099463147677541,24,24,24,0,0.0,{},0.8123286949188278,0.7291218637992829,0.0,False,True,False,True,False,False,0.0,71.51204435718546,56.079021270762446,71.51204435718546,96.0,1.1069292347558803,0.014455313311208072,False,0.4950550311094187,False,0.022222222222222254,False,False,0.5575092090232044,0.022222222222222254,True,True,-0.43378321406759746,0.6644458721778588,True,False,0.13364375134483458,0.48789082463284517,True,False,9.596697127115947,False,False,opposite_direction
1151,assignment_isolation,plus_one_randomisation,True,ok,55.077116859051074,3.207363240455883,60.617664392663656,49.73472417157185,30.933581826707606,1.0,0.001,1.0,0.001,,,,,0,0,[],[],False,True,False,True,False,0.007071067811865475,0.007041973278176767,24,24,24,0,0.0,{},0.8112689393939396,0.7207894736842105,0.0,False,True,False,True,False,False,0.0,60.61766439266366,49.73472417157185,60.61766439266366,97.125,1.0733963229824415,0.041212523985519264,False,0.5306579186433827,False,0.022222222222222254,False,False,0.5064719565021889,0.022222222222222254,True,True,0.2294052097055956,0.8185539873673997,True,False,0.08731759734659936,0.3430767443055329,True,False,7.981068424379739,False,False,opposite_direction
1152,assignment_isolation,plus_one_randomisation,True,ok,58.38172548422364,3.280544183077844,63.63983075140493,52.65733861359985,31.57889242747002,1.0,0.001,1.0,0.001,,,,,0,0,[],[],False,True,False,True,False,0.007071067811865475,0.007047389678735722,24,24,24,0,0.0,{},0.7728041571319603,0.6992673992673994,0.0,False,True,False,True,False,False,0.0,63.63983075140493,52.65733861359985,63.63983075140493,93.91666666666667,1.0783668263225505,0.007155583926664574,False,0.507881994711597,False,0.015277777777777724,False,False,0.5300817224217479,0.015277777777777724,True,True,1.1062508221738607,0.26861797097481155,True,False,0.1986803133068545,0.10875760128735558,True,False,9.4469655683437,False,False,opposite_direction
1153,assignment_isolation,plus_one_randomisation,True,ok,64.30406999933072,4.662929096982622,72.78541140564565,56.74840595700314,31.971788741160424,1.0,0.001,1.0,0.001,,,,,0,0,[],[],False,True,False,True,False,0.007071067811865475,0.007045837962390715,24,24,24,0,0.0,{},0.8056013685607689,0.7029962546816477,0.0,False,True,False,True,False,False,0.0,72.78541140564565,56.74840595700314,72.78541140564565,96.79166666666667,1.108124543998791,0.027930442670634832,False,0.5438839534690548,False,0.016666666666666607,False,False,0.5606112295721143,0.016666666666666607,True,True,-0.1793259858212791,0.8576817438283877,True,False,0.2258369781856509,0.0645954236232806,True,False,8.42415444469743,False,False,opposite_direction
1154,assignment_isolation,plus_one_randomisation,True,ok,59.21716090225107,3.597149852639071,64.2654867721056,51.516930303475924,31.91503546383493,1.0,0.001,1.0,0.001,,,,,0,0,[],[],False,True,False,True,False,0.007071067811865475,0.0070321449531324555,24,24,24,0,0.0,{},0.8109105376683502,0.6713425925925924,0.0,False,True,False,True,False,False,0.0,64.2654867721056,51.516930303475924,64.2654867721056,95.91666666666667,1.0990063169992872,0.021657791427731853,False,0.5138475186024176,False,0.025347222222222188,False,False,0.5279884283000437,0.025347222222222188,True,True,-0.07208453530972876,0.9425346332415868,True,False,0.1858171404236452,0.04470775298073029,True,False,8.486088119436479,False,False,opposite_direction
1155,assignment_isolation,plus_one_randomisation,True,ok,60.358454197429616,3.7470200969196155,68.22947095527455,54.514538153995304,31.805648693738462,1.0,0.001,1.0,0.001,,,,,0,0,[],[],False,True,False,True,False,0.007071067811865475,0.007092198565773243,24,24,24,0,0.0,{},0.8096438019652304,0.682058823529412,0.0,False,True,False,True,False,False,0.0,68.22947095527455,54.5145381539953,68.22947095527455,96.25,1.1065104440825055,0.03427970411304085,False,0.5297250921651515,False,0.02083333333333337,False,False,0.533402055759145,0.02083333333333337,True,True,-0.041248271827730644,0.9670979710412688,True,False,0.08102645318577906,0.31014452449928537,True,False,8.17000371277165,False,False,opposite_direction
1156,assignment_isolation,plus_one_randomisation,True,ok,61.188208302993296,4.257040761464068,68.12959033542109,53.62873885094028,31.72500820644663,1.0,0.001,1.0,0.001,,,,,0,0,[],[],False,True,False,True,False,0.007071067811865475,0.007079006948392102,24,24,24,0,0.0,{},0.7977233676975946,0.6957875457875458,0.0,False,True,False,True,False,False,0.0,68.12959033542109,53.62873885094027,68.12959033542109,95.41666666666667,1.096872646659816,0.042252341535079035,False,0.5131621624712849,False,0.01041666666666663,False,False,0.543270793418827,0.01041666666666663,True,True,-0.05375021829300726,0.9571341721876068,True,False,0.2554900913112331,0.0804096925755515,True,False,8.652262221435183,False,False,opposite_direction
1157,assignment_isolation,plus_one_randomisation,True,ok,64.67898171861098,4.113619170996262,71.72712446834637,58.56778707894814,31.49803649900819,1.0,0.001,1.0,0.001,,,,,0,0,[],[],False,True,False,True,False,0.007071067811865475,0.007072402640964715,24,24,24,0,0.0,{},0.7976333875926931,0.7221631205673759,0.0,False,True,False,True,False,False,0.0,71.72712446834637,58.56778707894815,71.72712446834637,96.25,1.0927500448516274,0.028526245862630327,False,0.5051669503637183,False,0.006944444444444531,False,False,0.5692650379250942,0.006944444444444531,True,True,-0.1066852799534866,0.915038660847556,True,False,0.08917467759666058,0.2572860263090659,True,False,9.034865806414048,False,False,opposite_direction
1158,assignment_isolation,plus_one_randomisation,True,ok,55.04838178616569,3.100350434614454,60.84618323683044,49.585055059092625,30.493823935118826,1.0,0.001,1.0,0.001,,,,,0,0,[],[],False,True,False,True,False,0.007071067811865475,0.007082853058924046,24,24,24,0,0.0,{},0.8036121286121287,0.7374547101449276,0.0,False,True,False,True,False,False,0.0,60.84618323683045,49.58505505909263,60.84618323683045,97.0,1.0635942772715568,0.009676447915119563,False,0.5161737539218654,False,0.007986111111111138,False,False,0.510272149714233,0.007986111111111138,True,True,-0.1886651634210703,0.8503552567572302,True,False,0.08752168893028209,0.49974839093971796,True,False,7.2405289573627485,False,False,opposite_direction
1159,assignment_isolation,plus_one_randomisation,True,ok,63.4015843279465,4.584364947028924,71.93171040082356,56.28500519670385,31.875329725434842,1.0,0.001,1.0,0.001,,,,,0,0,[],[],False,True,False,True,False,0.007071067811865475,0.007051515304590951,24,24,24,0,0.0,{},0.8012886597938144,0.6433127572016462,0.0,False,True,False,True,False,False,0.0,71.93171040082356,56.28500519670385,71.93171040082356,95.0,1.095390438506695,0.02699746786953845,False,0.5085304528404437,False,0.02083333333333326,False,False,0.559482129339734,0.02083333333333326,True,True,-0.7772054687215675,0.4370375562633816,True,False,0.07735594225503224,0.3867165824723003,True,False,8.405743452358449,False,False,opposite_direction
1160,assignment_isolation,plus_one_randomisation,True,ok,62.115624212896925,3.892561757496451,68.45134435740226,55.11580216233321,31.543030246214645,1.0,0.001,1.0,0.001,,,,,0,0,[],[],False,True,False,True,False,0.007071067811865475,0.0070164289107611235,24,24,24,0,0.0,{},0.8054355670103093,0.6753314393939395,0.0,False,True,False,True,False,False,0.0,68.45134435740226,55.11580216233321,68.45134435740226,97.0,1.0898717942339766,0.0023527012651934163,False,0.5029200258285761,False,0.03020833333333328,False,False,0.552704785701994,0.03020833333333328,True,True,0.0850475889219461,0.9322235572420358,True,False,0.10698335409550223,0.1661972942246373,True,False,9.916734263381873,False,False,opposite_direction
1161,assignment_isolation,plus_one_randomisation,True,ok,57.176951077107425,3.215872555319469,62.11082931435495,51.451572568144925,30.5614594444989,1.0,0.001,1.0,0.001,,,,,0,0,[],[],False,True,False,True,False,0.007071067811865475,0.007097294402791177,24,24,24,0,0.0,{},0.8319570446735395,0.7158239700374531,0.0,False,True,False,True,False,False,0.0,62.11082931435495,51.45157256814493,62.11082931435495,97.54166666666667,1.0711048868865825,0.03495941587995763,False,0.5094693700978001,False,0.020486111111111094,False,False,0.5238711419903663,0.020486111111111094,True,True,-0.24816012300392534,0.804010518659879,True,False,0.1694038309249202,0.09518678439301177,True,False,8.776935100722406,False,False,opposite_direction
1162,assignment_isolation,plus_one_randomisation,True,ok,62.88465346606197,3.7894474877709063,69.6873197422545,56.114260511074704,32.063928528444066,1.0,0.001,1.0,0.001,,,,,0,0,[],[],False,True,False,True,False,0.007071067811865475,0.007063177653049206,24,24,24,0,0.0,{},0.7806883871336996,0.615,0.0,False,True,False,True,False,False,0.0,69.6873197422545,56.11426051107471,69.6873197422545,94.75,1.102240781215167,0.0008815340976368864,False,0.4897529223238113,False,0.021180555555555536,False,False,0.5531527184201455,0.021180555555555536,True,True,-1.0764766461071003,0.28171414000285355,True,False,0.12702051682162924,0.2558855950504913,True,False,9.18215461393785,False,False,opposite_direction
1163,assignment_isolation,plus_one_randomisation,True,ok,63.78294618907868,3.932492372269391,69.98292559352663,57.51313518535785,32.36258950491925,1.0,0.001,1.0,0.001,,,,,0,0,[],[],False,True,False,True,False,0.007071067811865475,0.0070698521678957535,24,24,24,0,0.0,{},0.8169243986254295,0.7197251773049644,0.0,False,True,False,True,False,False,0.0,69.98292559352663,57.51313518535785,69.98292559352663,97.375,1.1288788513357901,0.027356996428265834,False,0.5068785490402777,False,0.006250000000000089,False,False,0.548890365113749,0.006250000000000089,True,True,1.4739535503058863,0.14049409799460752,True,False,0.26308216390520844,0.07316036250925134,True,False,9.937995390760252,False,False,opposite_direction
1164,assignment_isolation,plus_one_randomisation,True,ok,60.875521017115794,3.7535191331242928,67.81171973349524,54.73353491964579,31.444834093119987,1.0,0.001,1.0,0.001,,,,,0,0,[],[],False,True,False,True,False,0.007071067811865475,0.007082260450563155,24,24,24,0,0.0,{},0.812195038377193,0.7248106060606061,0.0,False,True,False,True,False,False,0.0,67.81171973349524,54.73353491964579,67.81171973349524,96.375,1.0931339974620373,0.008377589683916685,False,0.5061722854766922,False,0.025347222222222188,False,False,0.5425182495911897,0.025347222222222188,True,True,-0.8369961501362971,0.40259473204983043,True,False,0.1059813393297131,0.37529876769220033,True,False,8.908936829216719,False,False,opposite_direction
1165,assignment_isolation,plus_one_randomisation,True,ok,53.52276920886535,3.825576155013527,60.772926632370286,47.453302886878184,31.1392235435369,1.0,0.001,1.0,0.001,,,,,0,0,[],[],False,True,False,True,False,0.007071067811865475,0.0070667472591827655,24,24,24,0,0.0,{},0.7936722950268816,0.6712546816479401,0.0,False,True,False,True,False,False,0.0,60.772926632370286,47.453302886878184,60.772926632370286,96.0,1.0780352435981468,0.009400435803517933,False,0.5045511788459528,False,0.028124999999999956,False,False,0.4920489444797257,0.028124999999999956,True,True,-1.1449466411403568,0.25223126155564624,True,False,0.21893491059289805,0.03854163466964827,True,False,8.722729855899262,False,False,opposite_direction
1166,assignment_isolation,plus_one_randomisation,True,ok,65.26284730162111,3.785593733602225,71.98048343841423,59.15800888131277,31.6340968151642,1.0,0.001,1.0,0.001,,,,,0,0,[],[],False,True,False,True,False,0.007071067811865475,0.007039128693816452,24,24,24,0,0.0,{},0.8049533477283899,0.7166666666666667,0.0,False,True,False,True,False,False,0.0,71.98048343841423,59.158008881312774,71.98048343841423,96.04166666666667,1.0911242126097718,0.0013448669770257415,False,0.5404873392859305,False,0.01215277777777779,False,False,0.5738317189690619,0.01215277777777779,True,True,1.3284638024350217,0.1840249340164849,True,False,0.21090170264691277,0.024173098588241022,True,False,9.522243522641297,False,False,opposite_direction
1167,assignment_isolation,plus_one_randomisation,True,ok,63.64319996915393,3.7958466676661438,69.42526267479093,56.46232008883054,31.331889077911423,1.0,0.001,1.0,0.001,,,,,0,0,[],[],False,True,False,True,False,0.007071067811865475,0.0070900713158736405,24,24,24,0,0.0,{},0.8011479591836734,0.6399224806201551,0.0,False,True,False,True,False,False,0.0,69.42526267479093,56.46232008883053,69.42526267479093,95.45833333333333,1.0852108120526176,0.007287567524593167,False,0.4900383936158568,False,0.022222222222222254,False,False,0.5652363007163796,0.022222222222222254,True,True,-0.4075302326774492,0.6836185940233243,True,False,0.16700803380027396,0.03936204385390054,True,False,10.899872866550439,False,False,opposite_direction
1168,assignment_isolation,plus_one_randomisation,True,ok,55.99581047158974,3.5726711242265035,62.38086074489448,50.03873647462744,31.12370782526699,1.0,0.001,1.0,0.001,,,,,0,0,[],[],False,True,False,True,False,0.007071067811865475,0.007062458670441965,24,24,24,0,0.0,{},0.7914473684210526,0.7159176029962547,0.0,False,True,False,True,False,False,0.0,62.38086074489448,50.038736474627434,62.38086074489448,95.91666666666667,1.0763767099761972,0.019426142290897466,False,0.5742089893107383,False,0.021874999999999978,False,False,0.5125218980664442,0.021874999999999978,True,True,-0.9082833575978261,0.36372853297222085,True,False,0.11180768130891945,0.719360578707024,True,False,8.192380026669227,False,False,opposite_direction
1169,assignment_isolation,plus_one_randomisation,True,ok,62.347586621144416,3.6753605783213814,68.00628365700847,55.196819323295884,31.514085921834234,1.0,0.001,1.0,0.001,,,,,0,0,[],[],False,True,False,True,False,0.007071067811865475,0.0070631068717338175,24,24,24,0,0.0,{},0.8090060763888891,0.7374551971326165,0.0,False,True,False,True,False,False,0.0,68.00628365700847,55.19681932329589,68.00628365700847,96.70833333333333,1.0944664321603668,0.0073776512636041115,False,0.5103573846446343,False,0.015972222222222165,False,False,0.552494091933001,0.015972222222222165,True,True,-1.3422144551145587,0.1795264708800759,True,False,0.18265083704897286,0.028450828705248215,True,False,8.996710634052295,False,False,opposite_direction
1170,assignment_isolation,plus_one_randomisation,True,ok,63.63999764399349,3.968971263423915,69.97494442178832,56.76496335870616,31.44488545734202,1.0,0.001,1.0,0.001,,,,,0,0,[],[],False,True,False,True,False,0.007071067811865475,0.0070729676164460326,24,24,24,0,0.0,{},0.8123253602516276,0.7036516853932585,0.0,False,True,False,True,False,False,0.0,69.97494442178832,56.76496335870616,69.97494442178832,95.83333333333333,1.088629222930385,0.007531737485516755,False,0.5122994501182259,False,0.01736111111111105,False,False,0.5638383413009403,0.01736111111111105,True,True,0.5374846166993458,0.5909329081458243,True,False,0.18197200858259988,0.04711050602385795,True,False,7.618004703643293,False,False,opposite_direction
1171,assignment_isolation,plus_one_randomisation,True,ok,61.39626345200514,3.4612256235787484,67.00759060264467,55.31768793199281,31.204012887946945,1.0,0.001,1.0,0.001,,,,,0,0,[],[],False,True,False,True,False,0.007071067811865475,0.007066667081317893,24,24,24,0,0.0,{},0.79082318025617,0.7537545787545785,0.0,False,True,False,True,False,False,0.0,67.00759060264467,55.317687931992815,67.00759060264467,96.125,1.0809690537359458,0.03591999388711996,False,0.48609886665656793,False,0.014930555555555558,False,False,0.5511901139947053,0.014930555555555558,True,True,-0.34040102575177156,0.7335545463271258,True,False,0.23022439410898837,0.06779393934801449,True,False,9.215541767052843,False,False,opposite_direction
1172,assignment_isolation,plus_one_randomisation,True,ok,61.13212307900391,3.769459962741966,66.88170692332409,54.49685548822763,31.342707807350557,1.0,0.001,1.0,0.001,,,,,0,0,[],[],False,True,False,True,False,0.007071067811865475,0.0070951613499365745,24,24,24,0,0.0,{},0.8142067935796937,0.7036516853932584,0.0,False,True,False,True,False,False,0.0,66.88170692332409,54.49685548822763,66.88170692332409,96.0,1.0894427446806592,0.03248600919343405,False,0.4953701108075073,False,0.032638888888888884,False,False,0.5458590840371305,0.032638888888888884,True,True,-0.9525175244733527,0.3408345826603031,True,False,0.23991268240151348,0.11530598917194687,True,False,9.58481653393428,False,False,opposite_direction
1173,assignment_isolation,plus_one_randomisation,True,ok,54.391120966033135,4.698585282101254,62.28394188569959,46.557528539024204,30.806217455375883,1.0,0.001,1.0,0.001,,,,,0,0,[],[],False,True,False,True,False,0.007071067811865475,0.00707909981413571,24,24,24,0,0.0,{},0.8137890936860008,0.7242424242424241,0.0,False,True,False,True,False,False,0.0,62.28394188569959,46.55752853902421,62.28394188569959,97.58333333333333,1.0771451774897631,0.00904530141861267,False,0.4929186519200986,False,0.018055555555555602,False,False,0.49944749831177354,0.018055555555555602,True,True,0.16832347079704718,0.8663288102632256,True,False,0.1692866995233279,0.18372043916722708,True,False,7.6125126424737655,False,False,opposite_direction
1174,assignment_isolation,plus_one_randomisation,True,ok,65.44429457071296,4.185749393460433,71.71875542524899,57.610424414620084,32.35460401097445,1.0,0.001,1.0,0.001,,,,,0,0,[],[],False,True,False,True,False,0.007071067811865475,0.007020629361614093,24,24,24,0,0.0,{},0.7997838541666666,0.6900362318840577,0.0,False,True,False,True,False,False,0.0,71.71875542524899,57.61042441462009,71.71875542524899,95.45833333333333,1.1096577813893351,0.013753249964836404,False,0.5139458826862011,False,0.015972222222222276,False,False,0.5676969238372115,0.015972222222222276,True,True,0.43774710153925406,0.6615696211805586,True,False,0.08610701537080027,0.2851451253596771,True,False,9.622946703726186,False,False,opposite_direction
1175,assignment_isolation,plus_one_randomisation,True,ok,65.19976865917839,3.555959964954438,71.24323368887883,59.436685055470036,31.282088573577074,1.0,0.001,1.0,0.001,,,,,0,0,[],[],False,True,False,True,False,0.007071067811865475,0.007018216223617248,24,24,24,0,0.0,{},0.8142285223367697,0.6825925925925925,0.0,False,True,False,True,False,False,0.0,71.24323368887883,59.436685055470036,71.24323368887883,98.16666666666667,1.0876133059383963,0.023400209689307935,False,0.518612793254863,False,0.022916666666666696,False,False,0.5748135615821808,0.022916666666666696,True,True,2.23485848608492,0.02542664073100601,True,False,0.31812654956594616,0.003084476206479439,True,False,12.147958167917151,False,False,opposite_direction
1176,assignment_isolation,plus_one_randomisation,True,ok,58.92041186312878,4.796271095225246,66.74227431857013,50.29778682291766,30.613105586288054,1.0,0.001,1.0,0.001,,,,,0,0,[],[],False,True,False,True,False,0.007071067811865475,0.00713005836689855,24,24,24,0,0.0,{},0.8235714993067934,0.7660256410256409,0.0,False,True,False,True,False,False,0.0,66.74227431857013,50.29778682291766,66.74227431857013,97.79166666666667,1.0792483731966087,0.026183674081022366,False,0.5262649987568763,False,0.028472222222222232,False,False,0.5337691518691632,0.028472222222222232,True,True,1.855600139296037,0.06351057383008417,True,False,0.16875338385466945,0.24135256613904385,True,False,9.13797455415961,False,False,opposite_direction
1177,assignment_isolation,plus_one_randomisation,True,ok,60.65394996226713,4.439459777356872,68.20507437367809,52.81821900640921,30.950302299076295,1.0,0.001,1.0,0.001,,,,,0,0,[],[],False,True,False,True,False,0.007071067811865475,0.007089308208386943,24,24,24,0,0.0,{},0.8139030612244897,0.7242673992673995,0.0,False,True,False,True,False,False,0.0,68.20507437367809,52.81821900640921,68.20507437367809,96.625,1.0784090176983598,0.0002839023043329162,False,0.500892984770339,False,0.026388888888888906,False,False,0.5468830135366137,0.026388888888888906,True,True,-0.6678281431203197,0.5042432998094004,True,False,0.23677505193469592,0.005959752657506167,True,False,8.714242431160685,False,False,opposite_direction
1178,assignment_isolation,plus_one_randomisation,True,ok,60.46103228167729,4.721430279534362,68.33195861230772,51.94197539967522,31.63999416970292,1.0,0.001,1.0,0.001,,,,,0,0,[],[],False,True,False,True,False,0.007071067811865475,0.007065299867776869,24,24,24,0,0.0,{},0.8136899214181286,0.6992424242424242,0.0,False,True,False,True,False,False,0.0,68.33195861230772,51.94197539967522,68.33195861230772,95.95833333333333,1.0949098084780662,0.031371131914255446,False,0.5315804233662246,False,0.027083333333333348,False,False,0.5387941206142914,0.027083333333333348,True,True,-0.0005391470832810808,0.9995698228870887,True,False,0.24111359107837058,0.04295197768771102,True,False,7.9401457432788,False,False,opposite_direction
1179,assignment_isolation,plus_one_randomisation,True,ok,58.04861057514316,4.174588102008638,65.06389258789365,51.163719386609,31.400366146530903,1.0,0.001,1.0,0.001,,,,,0,0,[],[],False,True,False,True,False,0.007071067811865475,0.007084836915797916,24,24,24,0,0.0,{},0.7972110427188552,0.701846590909091,0.0,False,True,False,True,False,False,0.0,65.06389258789365,51.16371938660901,65.06389258789365,93.95833333333333,1.0782071974644398,0.014873468166176927,False,0.5011994437434466,False,0.03298611111111116,False,False,0.5276254030914093,0.03298611111111116,True,True,-0.47876085113535527,0.6321087703568724,True,False,0.13505476278953127,0.057112755961588324,True,False,7.374640139264819,False,False,opposite_direction
1180,assignment_isolation,plus_one_randomisation,True,ok,61.95569147118139,4.36052188569815,68.92513275733569,54.284024403945885,31.72541384140003,1.0,0.001,1.0,0.001,,,,,0,0,[],[],False,True,False,True,False,0.007071067811865475,0.007087747937297831,24,24,24,0,0.0,{},0.8181117469016406,0.7178160919540231,0.0,False,True,False,True,False,False,0.0,68.92513275733569,54.284024403945885,68.92513275733569,96.33333333333333,1.1035038649093267,0.028244932766605942,False,0.50262319442951,False,0.021874999999999978,False,False,0.54610460193111,0.021874999999999978,True,True,0.25092868847135236,0.8018692436579553,True,False,0.12441531042107287,0.34246870348997127,True,False,9.843641419741784,False,False,opposite_direction
1181,assignment_isolation,plus_one_randomisation,True,ok,65.78289107972184,3.998367924214155,72.31971188031251,59.181482148803504,31.950539244244467,1.0,0.001,1.0,0.001,,,,,0,0,[],[],False,True,False,True,False,0.007071067811865475,0.007055845372250235,24,24,24,0,0.0,{},0.7965348639455783,0.6714814814814816,0.0,False,True,False,True,False,False,0.0,72.31971188031251,59.181482148803504,72.31971188031251,95.70833333333333,1.102737460879208,0.003123154815139695,False,0.5191071483730261,False,0.018055555555555602,False,False,0.5726774909463817,0.018055555555555602,True,True,1.169217419376446,0.24231604467211365,True,False,0.14991644356982506,0.13747783302847544,True,False,9.098807848882434,False,False,opposite_direction
1182,assignment_isolation,plus_one_randomisation,True,ok,54.243290370850694,3.949020336657178,60.42443033897272,46.75921773506258,31.143444390262125,1.0,0.001,1.0,0.001,,,,,0,0,[],[],False,True,False,True,False,0.007071067811865475,0.007034675651746758,24,24,24,0,0.0,{},0.7952626862856065,0.6435132575757575,0.0,False,True,False,True,False,False,0.0,60.42443033897272,46.75921773506258,60.42443033897272,95.41666666666667,1.0700223415890193,0.006968128401202297,False,0.5319805810845273,False,0.03125,False,False,0.501161717413353,0.03125,True,True,0.1813700234703608,0.8560771464524025,True,False,0.07959276854163244,0.5469611006643933,True,False,8.537467034901399,False,False,opposite_direction
1183,assignment_isolation,plus_one_randomisation,True,ok,55.160377024624246,4.804654395023775,64.08678213216211,47.67194136868823,30.854382496204448,1.0,0.001,1.0,0.001,,,,,0,0,[],[],False,True,False,True,False,0.007071067811865475,0.007089281943107168,24,24,24,0,0.0,{},0.8,0.6707825203252031,0.0,False,True,False,True,False,False,0.0,64.08678213216211,47.67194136868823,64.08678213216211,95.83333333333333,1.0706497238318742,0.027881737040963476,False,0.5207603920159194,False,0.01909722222222232,False,False,0.50826028373505,0.01909722222222232,True,True,-0.53562702433997,0.5922163477818747,True,False,0.10425148838363364,0.12474485013101475,True,False,8.392691968287972,False,False,opposite_direction
1184,assignment_isolation,plus_one_randomisation,True,ok,57.75923394599236,3.593982394155584,63.71622068773709,51.382080249061886,31.169840111493215,1.0,0.001,1.0,0.001,,,,,0,0,[],[],False,True,False,True,False,0.007071067811865475,0.00705803603994366,24,24,24,0,0.0,{},0.8023962745736939,0.7248168498168499,0.0,False,True,False,True,False,False,0.0,63.71622068773709,51.382080249061886,63.71622068773709,96.04166666666667,1.0779988424540947,0.0034228409013046172,False,0.536888568147541,False,0.00694444444444442,False,False,0.5255085534572984,0.00694444444444442,True,True,0.4975062588947821,0.6188320903418032,True,False,0.21615283897538623,0.0413536736980023,True,False,8.385648870609867,False,False,opposite_direction
1185,assignment_isolation,plus_one_randomisation,True,ok,56.809908336005044,4.617224152856279,65.7362856110519,49.45831825546454,30.970194913863054,1.0,0.001,1.0,0.001,,,,,0,0,[],[],False,True,False,True,False,0.007071067811865475,0.0070528142021656975,24,24,24,0,0.0,{},0.8052691997851771,0.7537590579710144,0.0,False,True,False,True,False,False,0.0,65.7362856110519,49.45831825546454,65.7362856110519,97.0,1.0756283818907628,0.01925336204689927,False,0.5242256696847636,False,0.014930555555555558,False,False,0.5191788756920491,0.014930555555555558,True,True,-1.8168806162274436,0.06923539532601428,True,False,0.16110163894382484,0.04477487554708619,True,False,8.002471225764534,False,False,opposite_direction
1186,assignment_isolation,plus_one_randomisation,True,ok,59.444419444843504,4.099433995023317,66.09462451624626,52.80066405835284,30.874246641577322,1.0,0.001,1.0,0.001,,,,,0,0,[],[],False,True,False,True,False,0.007071067811865475,0.007064643601499849,24,24,24,0,0.0,{},0.7978951890034365,0.7416666666666667,0.0,False,True,False,True,False,False,0.0,66.09462451624626,52.800664058352844,66.09462451624626,96.66666666666667,1.0722474017198786,0.007405568032268022,False,0.5094446370754244,False,0.00520833333333337,False,False,0.5405375632384367,0.00520833333333337,True,True,-0.1928705531897762,0.847060347163198,True,False,0.11047578417990543,0.22240717807484578,True,False,8.750754972890366,False,False,opposite_direction
1187,assignment_isolation,plus_one_randomisation,True,ok,60.037337006570624,3.389500968321812,67.33632765518738,54.808318696483255,31.533181477774995,1.0,0.001,1.0,0.001,,,,,0,0,[],[],False,True,False,True,False,0.007071067811865475,0.007011464051545821,24,24,24,0,0.0,{},0.7846897820017182,0.6992982456140353,0.0,False,True,False,True,False,False,0.0,67.33632765518738,54.80831869648326,67.33632765518738,96.75,1.087356595606487,0.009572698748008819,False,0.5243676588520799,False,0.04062500000000002,False,False,0.5387456492457531,0.04062500000000002,True,True,0.07841790787909153,0.9374956289671468,True,False,0.18775620850933916,0.33969459477702424,True,False,8.983500205379098,False,False,opposite_direction
1188,assignment_isolation,plus_one_randomisation,True,ok,69.8333582328784,4.157258933892268,77.03385775278737,62.37919720661553,32.77293847743129,1.0,0.001,1.0,0.001,,,,,0,0,[],[],False,True,False,True,False,0.007071067811865475,0.007010712862097308,24,24,24,0,0.0,{},0.7854901713709678,0.6779693486590039,0.0,False,True,False,True,False,False,0.0,77.03385775278737,62.37919720661554,77.03385775278737,95.41666666666667,1.1221726699370116,0.023175200711966496,False,0.5250793170181818,False,0.04340277777777779,False,False,0.5909832552056925,0.04340277777777779,True,True,1.396196043089986,0.1626554679535499,True,False,0.11998802787379456,0.5471584770633412,True,False,10.681984001823263,False,False,opposite_direction
1189,assignment_isolation,plus_one_randomisation,True,ok,52.258847391053656,4.169414577639184,60.28544930828812,45.87776133285037,30.24191815553911,1.0,0.001,1.0,0.001,,,,,0,0,[],[],False,True,False,True,False,0.007071067811865475,0.007047461214674765,24,24,24,0,0.0,{},0.8136025331185105,0.7020175438596491,0.0,False,True,False,True,False,False,0.0,60.28544930828812,45.877761332850376,60.28544930828812,97.66666666666667,1.0531378345312619,0.03354085739123135,False,0.5085558433025749,False,0.026388888888888906,False,False,0.4918167441235019,0.026388888888888906,True,True,0.32335386842651354,0.7464272621191612,True,False,0.19763749281608456,0.31497395069709533,True,False,7.73818681704262,False,False,opposite_direction
1190,assignment_isolation,plus_one_randomisation,True,ok,62.99311631650661,3.361889650740203,68.98467003245852,57.45151809877999,31.415011934254444,1.0,0.001,1.0,0.001,,,,,0,0,[],[],False,True,False,True,False,0.007071067811865475,0.00705750410361633,24,24,24,0,0.0,{},0.7763592060960481,0.6704022988505747,0.0,False,True,False,True,False,False,0.0,68.98467003245852,57.45151809877999,68.98467003245852,95.5,1.0833282252910077,0.009300034093495817,False,0.495956805835447,False,0.016319444444444442,False,False,0.5615022148461957,0.016319444444444442,True,True,0.3824187786396913,0.7021507636417872,True,False,0.11939410516367542,0.06211644246328134,True,False,9.97373421832648,False,False,opposite_direction
1191,assignment_isolation,plus_one_randomisation,True,ok,59.97230023100721,3.8968668563339888,66.50951816535247,53.28544092273998,31.11847991792334,1.0,0.001,1.0,0.001,,,,,0,0,[],[],False,True,False,True,False,0.007071067811865475,0.00707237754349258,24,24,24,0,0.0,{},0.8082894688238771,0.6416666666666666,0.0,False,True,False,True,False,False,0.0,66.50951816535247,53.28544092273998,66.50951816535247,95.625,1.0760675605767929,0.00969124930523311,False,0.5209453559563635,False,0.01909722222222221,False,False,0.5428648832140776,0.01909722222222221,True,True,-0.07915699443568822,0.9369077506785746,True,False,0.24167262585499438,0.02753237744184742,True,False,9.255222585566152,False,False,opposite_direction
1192,assignment_isolation,plus_one_randomisation,True,ok,58.83100839979079,4.130476434175336,66.72214583122937,52.18793171201996,31.24492237959872,1.0,0.001,1.0,0.001,,,,,0,0,[],[],False,True,False,True,False,0.007071067811865475,0.0070755951880077635,24,24,24,0,0.0,{},0.787313579636949,0.7196078431372549,0.0,False,True,False,True,False,False,0.0,66.72214583122937,52.18793171201995,66.72214583122937,94.66666666666667,1.0755013875151356,0.007580333803610742,False,0.5508812606580512,False,0.013194444444444509,False,False,0.5346325862646774,0.013194444444444509,True,True,-2.9617444751137048,0.003059015353418055,True,False,0.28995213180914364,0.00668286284747847,True,False,6.674927678300216,False,False,opposite_direction
1193,assignment_isolation,plus_one_randomisation,True,ok,55.691773392958986,3.7513741398385494,62.44286628847529,49.38388981477101,30.779614303105106,1.0,0.001,1.0,0.001,,,,,0,0,[],[],False,True,False,True,False,0.007071067811865475,0.00702913761342564,24,24,24,0,0.0,{},0.802005628360215,0.6685648148148148,0.0,False,True,False,True,False,False,0.0,62.442866288475294,49.38388981477101,62.442866288475294,95.625,1.0578423450096301,0.016675098046349677,False,0.508199150664087,False,0.02430555555555558,False,False,0.5177681578956711,0.02430555555555558,True,True,-1.5506618512453465,0.12098274125758862,True,False,0.230899206241188,0.018506886579398432,True,False,7.570236274998009,False,False,opposite_direction
1194,assignment_isolation,plus_one_randomisation,True,ok,64.65169364830491,2.854043195824314,69.38885716461373,59.40354223150223,31.74842393613198,1.0,0.001,1.0,0.001,,,,,0,0,[],[],False,True,False,True,False,0.007071067811865475,0.00702161227923041,24,24,24,0,0.0,{},0.7916413103070177,0.7046759259259259,0.0,False,True,False,True,False,False,0.0,69.38885716461373,59.40354223150223,69.38885716461373,95.875,1.0913943682870129,0.017953179755450497,False,0.5337503088102633,False,0.014236111111111116,False,False,0.56962265544406,0.014236111111111116,True,True,2.8733256738204718,0.004061751700183653,True,False,0.17574620090310977,0.09187579461098701,True,False,10.643445129077437,False,False,opposite_direction
1195,assignment_isolation,plus_one_randomisation,True,ok,58.39139390693753,5.0060121269720135,66.74323496370694,49.88421344843189,31.38302229536943,1.0,0.001,1.0,0.001,,,,,0,0,[],[],False,True,False,True,False,0.007071067811865475,0.00705795084030546,24,24,24,0,0.0,{},0.8289562289562291,0.6837912087912088,0.0,False,True,False,True,False,False,0.0,66.74323496370694,49.88421344843189,66.74323496370694,96.875,1.0900571214615566,0.017000697853447298,False,0.5135008686112755,False,0.01215277777777779,False,False,0.5254035099344911,0.01215277777777779,True,True,-0.2593773008772728,0.7953441418419143,True,False,0.19367180355192778,0.05377697402501365,True,False,9.01736239223157,False,False,opposite_direction
1196,assignment_isolation,plus_one_randomisation,True,ok,58.66027099859887,3.3091622939950383,64.53204355666318,52.97405162437615,31.25453450556309,1.0,0.001,1.0,0.001,,,,,0,0,[],[],False,True,False,True,False,0.007071067811865475,0.006995695435652111,24,24,24,0,0.0,{},0.800745419135396,0.6684865900383141,0.0,False,True,False,True,False,False,0.0,64.53204355666318,52.97405162437615,64.53204355666318,96.20833333333333,1.072309809113517,0.025984917380504912,False,0.49037753099214754,False,0.03437499999999993,False,False,0.5346614723086873,0.03437499999999993,True,True,1.4146068481871916,0.157183799803491,True,False,0.1660653872345045,0.11398251203961736,True,False,9.901762882802007,False,False,opposite_direction
1197,assignment_isolation,plus_one_randomisation,True,ok,58.58711991552417,4.776604256202088,67.2673085939926,50.66893497849584,31.05528097986165,1.0,0.001,1.0,0.001,,,,,0,0,[],[],False,True,False,True,False,0.007071067811865475,0.007088466529781973,24,24,24,0,0.0,{},0.8153875022608066,0.701923076923077,0.0,False,True,False,True,False,False,0.0,67.2673085939926,50.66893497849585,67.2673085939926,97.41666666666667,1.086361567175665,0.006771704301487643,False,0.49150991630090257,False,0.027083333333333348,False,False,0.5283743627130071,0.027083333333333348,True,True,-0.216804515909603,0.8283606924777628,True,False,0.14700029589354074,0.22874715539188087,True,False,10.729036411678267,False,False,opposite_direction
1198,assignment_isolation,plus_one_randomisation,True,ok,56.81787935323348,3.358846940111578,63.38770449979391,51.66563365297594,31.225710891796485,1.0,0.001,1.0,0.001,,,,,0,0,[],[],False,True,False,True,False,0.007071067811865475,0.007079442907945868,24,24,24,0,0.0,{},0.7994472789115646,0.7370786516853932,0.0,False,True,False,True,False,False,0.0,63.387704499793905,51.66563365297594,63.387704499793905,95.41666666666667,1.0796762366927832,0.04283248122256612,False,0.5148672479552805,False,0.03645833333333326,False,False,0.5175871231791632,0.03645833333333326,True,True,0.11170512860745875,0.9110572127439788,True,False,0.23162133698863285,0.15271120066232488,True,False,8.184045808722406,False,False,opposite_direction
1199,assignment_isolation,plus_one_randomisation,True,ok,55.60304621146173,3.4725228126825134,61.437810074273564,49.593941698895435,30.72313612356718,1.0,0.001,1.0,0.001,,,,,0,0,[],[],False,True,False,True,False,0.007071067811865475,0.007093737104707454,24,24,24,0,0.0,{},0.8186437074829931,0.7248168498168499,0.0,False,True,False,True,False,False,0.0,61.437810074273564,49.593941698895435,61.437810074273564,96.54166666666667,1.070700572379335,0.03260630054791711,False,0.5123209746825117,False,0.02673611111111107,False,False,0.5117518019424842,0.02673611111111107,True,True,0.6018231935633497,0.5472918346182948,True,False,0.17292727714047068,0.05092217322773769,True,False,8.245144999589916,False,False,opposite_direction
