scenario,generator,M,P,trials_per_bin,delay_support_ms,n_bins,sigma_resid,beta_min_med,beta_inj,mean_beta_hat,sd_beta_hat,median_ucb,median_lcb,rand_pass_rate,materiality_pass_rate,leak_fire_rate,delivery_fire_rate,retention_imbalance_med,retention_fire_rate,gate_pass_rate,collider_inter_fire_rate,collider_fire_rate,support_rate,null_rate,selection_limited_rate,diagnostic_failure_rate,opposite_direction_rate,inconclusive_rate,base_seed,run_hash
clean_null,forward_only,1000,24,12,0-20,5,1.0,40.541399244694375,0.0,-0.09607204563427657,4.184256274002664,7.0251509826133045,-7.3780196028264236,0.05,0.0,0.001,0.0,0.029861111111111116,0.001,0.003,0.004,0.007,0.0,0.999,0.0,0.001,0.0,0.0,101,0a775ac4f1ead9d3
injected_residual,endpoint_injected,1000,24,12,0-20,5,1.0,44.21527146087281,-60.0,-59.893854960196826,4.921092308310861,-51.740083460731576,-68.31365771139694,1.0,0.935,0.002,0.0,0.030555555555555558,0.002,1.0,0.002,0.005,0.928,0.065,0.005,0.002,0.0,0.0,102,0a775ac4f1ead9d3
leakage,forward_only_with_leak,1000,24,12,0-20,5,1.0,47.392389564746296,0.0,-85.02463528937444,4.322607180967986,-77.96290327357096,-92.12018334060808,1.0,1.0,1.0,0.0,0.03125,0.0,1.0,0.003,0.003,0.0,0.0,0.0,1.0,0.0,0.0,103,0a775ac4f1ead9d3
selection_standard,forward_only_monotone_selection,1000,24,12,0-20,5,1.0,45.204654470802595,0.0,-38.439489141367986,4.35292459806847,-30.161276067128856,-46.851755893256296,1.0,0.002,0.003,0.0,0.16666666666666663,1.0,0.997,1.0,1.0,0.0,0.995,0.002,0.003,0.0,0.0,104,0a775ac4f1ead9d3
collider_selection,forward_only_collider_selection,1000,24,20,0-20,5,1.0,20.580162399092522,0.0,-35.13017240591081,3.7080954520395166,-28.022104042130895,-42.122725039304115,1.0,0.982,0.003,0.0,0.034999999999999976,0.004,0.981,1.0,1.0,0.0,0.018,0.979,0.003,0.0,0.0,105,0a775ac4f1ead9d3
adversarial_null,adversarial_forward_only,1000,24,12,0-20,5,1.0,47.205724478090474,0.0,0.049268836465595524,4.97724395229838,8.344897498178469,-8.519703477521634,0.051,0.0,0.0,0.0,0.03194444444444444,0.0,0.002,0.002,0.004,0.0,1.0,0.0,0.0,0.0,0.0,106,0a775ac4f1ead9d3
opposite_direction,endpoint_injected_positive,1000,24,12,0-20,5,1.0,44.31762985594203,60.0,60.32636320097069,4.678415942029709,68.69972159923341,51.95508538699754,0.0,0.0,0.002,0.0,0.030555555555555558,0.0,1.0,0.005,0.009,0.0,0.045,0.0,0.002,0.953,0.0,107,0a775ac4f1ead9d3
